ev_id,severity_class,invest_type_binary,visual_condition,light_conditions,sky_conditions,person_involved,pilot_hours_bracket,year,month,combined_text,acft_make,acft_model,crew_age_mean,finding_description_agg,occurrence_description_agg,employment_qoq_pct,fuel_cost_qoq_pct,operating_revenue_qoq_pct,load_factor_qoq_pct,employment_bracket,fuel_bracket,revenue_bracket,loadfactor_bracket,_source
20000101001159I,2.0,,Unknown,Daylight,UNK,Unknown,Unknown,2000,1,"(-23) ON SATURDAY, JANUARY 1, 2000, AT 1206 LOCAL, ALLEGHENY AIRLINES D/B/A US AIR EXPRESS, DHC-8-102, N841EX, DIVE

(-23) ON SATURDAY, JANUARY 1, 2000, AT 1206 LOCAL, ALLEGHENY AIRLINES D/B/A US AIR EXPRESS, DHC-8-102, N841EX, DIVERTED INTO BGM DUE TO A POSSIBLE VIBRATION IN THE PROPELLER.  THE AIRCRAFT LANDED ON RUNWAY 28 AND TAXIED TO THE RAMP WITHOUT INCIDENT.  MAINTENANCE INSPECTED THE ENGINE, PROPELLER AND ENGINE MOUNTS WITH NO DEFECTWS FOUND.  DURING THE ENGINE RUN AFTER INSPECTION, THE VIBRATION WAS STILL PRESENT.  AFTER INSPECTING THE REST OF THE AIRCRAFT, THE LEFT OUTBOARD HOPRIZONTAL STAB DEICE BOOT WAS FOUND TO BE PEELING OFF THE TOP OF THE STAB SURFACE.  THE BOOT WOULD FLAP IN THE PROP WASH DURING ENGINE RUNS.  MAINTENANCE REPLACED THE LEADING EDGE AND BOOT ASSEMBLY AND RETURNED THE AIRCRAFT TO SERVICE.  THIS INCIDENT IS CONSIDERED CLOSED.",DHAV,DHC8102,,"OPDEF, Other Than Pi;3010",,0.613386003922689,0.0,0.0,0.0,stable,unknown,unknown,unknown,ASIAS
20000102000169I,2.0,,Unknown,Unknown,UNK,Unknown,Unknown,2000,1,"(-23) ON 1/3/2000, DELTA AIRCRAFT N322DL, FLIGHT #2588, A BOEING 737-200, WAS INB0UND TO KANSAS CITY, AND DECLARED

(-23) ON 1/3/2000, DELTA AIRCRAFT N322DL, FLIGHT #2588, A BOEING 737-200, WAS INB0UND TO KANSAS CITY, AND DECLARED AN EMERGENCY.  WHEN THEY LOWERED THEIR FLAPS, HYDRAULIC QUANTITY DECREASED TO ZERO AND SYSTEM ""A"" LOW PRESSURE LIGHT ILLUMINATED.  THE AIRCRAFT LANDED WITHOUT INCIDENT.  DELTA MAINTENANCE INSPECTED THE AIRCRAFT AND FOUND THAT A HIGH PRESSURE LINE FROM THE LEFT ENGINE DRIVEN PUMP TO THE ENGINE PYLON WAS RUPTURED.  THE PART NUMBER OF THE LINE WAS 65-46858-1103.  THE LINE WAS REPLACED AND THE AIRCRAFT WAS DISPATCHED WITHOUT FURTHER INCIDENT.  THIS INCIDENT, CE2000IAC014, IS CONSIDERED CLOSED WITH THE FILING OF THIS REPORT.  REFERENCE PTRS#:  CE2000B0248.",BOEING,737232,,"OPDEF, Other Than Pi;2910",,0.613386003922689,0.0,0.0,0.0,stable,unknown,unknown,unknown,ASIAS
20000102000949I,2.0,,Unknown,Daylight,UNK,Unknown,Unknown,2000,1,"(-23) ON SUNDAY, JANUARY 2, 2000, AT 1239 LOCAL, A VANGUARD AIRLINES B-737, N209US, FLIGHT 734 PERFORMED AN AIR TUR

(-23) ON SUNDAY, JANUARY 2, 2000, AT 1239 LOCAL, A VANGUARD AIRLINES B-737, N209US, FLIGHT 734 PERFORMED AN AIR TURNBACK DUE TO THE NUMBER ONE OVERHEAT LIGHT ILLUMINATING.  THE AIRCRAFT LANDED ON RUNWAY 23 AT BUF AND TAXIED TO THE GATE WITHOUT INCIDENT.  CONTRACT MAINTENANCE INSPECTED THE NUMBER ONE ENGINE AND FOUND NO DISCREPANCIES.  THE AIRCRAFT HAD PREVIOUSLY DEPARTED AS FLIGHT 938 AT 0824 LOCAL AND RETURNED TO BUF WITH THE SAME PROBLEM.  MAINTENANCE FOUND THE 13TH STAGE BLEED AIR DUCT CRACKED.  THEY REMOVED AND REPLACED THE DUCT PER MM75-10-00.  THE ENGINE WAS RUN WITH NO DEFECTS NOTED AND RETURNED TO SERVICE.  THIS INCIDENT IS CONSIDERED CLOSED.",BOEING,737222,,"OPDEF, Other Than Pi;3610",,0.613386003922689,0.0,0.0,0.0,stable,unknown,unknown,unknown,ASIAS
20000102022139I,2.0,,Unknown,Daylight,UNK,Other,Unknown,2000,1,"(-23)^PRIVACY DATA OMI^ AND HIS BROTHER, ^PRIVACY DATA OMITT^, ARE ALLEGED TO HAVE DISRUPTED A FLIGHT AND INTERFERE

(-23)^PRIVACY DATA OMI^ AND HIS BROTHER, ^PRIVACY DATA OMITT^, ARE ALLEGED TO HAVE DISRUPTED A FLIGHT AND INTERFERED WITH CREW MEMBERS IN THE PERFORMANCE OF THEIR DUTIES BY THEIR IMPROPER AND ALARMING UTTERANCES CONCERNING THE FLIGHT'S SAFETY. AS A RESULT OF THEIR CONDUCT, THE CAPTAIN HAD THEM REMOVED FROM THE FLIGHT.",,,,"Miscellaneous, Other;Cntl Intfr By Passen",,0.613386003922689,0.0,0.0,0.0,stable,unknown,unknown,unknown,ASIAS
20000102026219I,2.0,,Unknown,Daylight,UNK,Unknown,Unknown,2000,1,"(-23)AIRCRAFT WAS IN-FLIGHT FROM MIA TO DCA, IT DIVERTED TO RUD BECAUSE STRONG BURNING SMELL IN COCKPIT.  MAINTENAN

(-23)AIRCRAFT WAS IN-FLIGHT FROM MIA TO DCA, IT DIVERTED TO RUD BECAUSE STRONG BURNING SMELL IN COCKPIT.  MAINTENANCE AT RDU PERFORMED EXTENSIVE TROUBLESHOOTING COULD NOT FIND THE PROBLEM.  ACFT WAS FERRIED TO MIA, TO FURTHER INVESTIGATE.  ON FERRY FLIGHT FOUND ""OBSERVERS AUDIO SELECT PANEL"" OF HAVING THE BURNING SMELL.  CREW PLACARDED COMPONENT, UPON LANDING IN MIA MAINTENANCE CHANGED AUDIO SELECT PANEL.",DOUG,DC982,,"OPDEF, Other Than Pi;2300",,0.613386003922689,0.0,0.0,0.0,stable,unknown,unknown,unknown,ASIAS
20000104000559I,2.0,,Unknown,Daylight,UNK,Unknown,Unknown,2000,1,"(-23) ON JANUARY 4, 2000, VANGUARD AIRLINES, FLIGHT 819, A BOEING 737, WAS ENROUTE FROM MCI TO DFW.  UPON TAXI, THE

(-23) ON JANUARY 4, 2000, VANGUARD AIRLINES, FLIGHT 819, A BOEING 737, WAS ENROUTE FROM MCI TO DFW.  UPON TAXI, THE NUMBER TWO ENGINE EPR INDICATOR FAILED.  NO EMERGENCY WAS DECLARED AND THE PILOT TAXIED THE AIRCRAFT BACK TO THE GATE AT MCI.  VANGUARD MAINTENANCE RESET THE CIRCUIT BREAKER FOR THE NUMBER TWO EPR.  ON ENGINE RUN THE NUMBER TWO EPR INDICATOR WAS NORMAL IN ACCORDANCE WITH THE MAINTENANCE MANUAL REFERANCE 77-11-0.  THE AIRCRAFT WAS RETURNED TO SERVICE AND THE FLIGHT CONTINUED WITH ONLY A DELAY.  WITH THIS REPORT INCIDENT NUMBER, CE2000IA IS CONSIDERED CLOSED.",BOEING,737200A,,Undetermined;7711,,0.613386003922689,0.0,0.0,0.0,stable,unknown,unknown,unknown,ASIAS
20000106002589I,2.0,,VMC,Unknown,UNK,PIC,Unknown,2000,1,"THIS INCIDNET OCCURED DURING A POWER BACK DEPARTURE FROM GATE 33A AT DFW. GUIDEMAN BRIEFED CAPT THAT A TAIL LEFT WO

THIS INCIDNET OCCURED DURING A POWER BACK DEPARTURE FROM GATE 33A AT DFW. GUIDEMAN BRIEFED CAPT THAT A TAIL LEFT WOULD BE DIRECTED, NORMAL FOR THIS GATE.  AFTER A/C CROSSED TURNING POINT A TAIL SOUTH WAS DIRECTED.  EITHER THE TURN WAS LATE OR PILOT DIDN'T START TURN IMMEDIATLY, IT BECAME APPARNET TO THE WING WALKER THAT THE A/C TURN WOULD BRING CLOSE PROXIMI OF A LARGE VACUMM TRUCK THAT WAS CLEANING OUT A SEWER PIPE.  THE WING WALKER RAN BACK TO GET THE ATTENTION OF THE QUIDEMAN TO SIGNAL A STOP, BY THIS TIME THE A/C WAS ENTERING A DOWN SLOPE AREA AND COULD NOT STOP.  A/C CAME IN CONTACT WITH TRUCK WITH TAILCONE.  CAPT FILED ASAP RPT AND RCVD COUNSELING GROM FHIEF PILOT.  GOUND CREW WAS COUNSELED AND RCVD REM TRNG.",DOUG,DC983,,Pilot and Ground Cre;Fail Avd Objs Or Obs,,0.613386003922689,0.0,0.0,0.0,stable,unknown,unknown,unknown,ASIAS
20000111000409I,2.0,,Unknown,Daylight,UNK,Unknown,Unknown,2000,1,"(-23) ON TUESDAY, 1/11/2000 AT 1116 LOCAL, A PIEDMONT AIRLINES (D/B/A USAIR EXPRESS) REPORTED A CAPTAIN'S SIDE WIND

(-23) ON TUESDAY, 1/11/2000 AT 1116 LOCAL, A PIEDMONT AIRLINES (D/B/A USAIR EXPRESS) REPORTED A CAPTAIN'S SIDE WINDOW CRACKED.  THE AIRCRAFT LANDED ON RUNWAY 28 AT ELMIRA CORNING AIRPORT WITHOUT INCIDENT.  CONTRACT MAINTENANCE (ELMIRA CORNING AIR SERVICE) INSPECTED THE WINDOW AND DETERMINED THAT ONLY THE OUTER NON-STRUCTURAL PANE HAD CRACKED.  THE AIRCRAFT WAS FERRIED TO THE MAIN BASE WHERE REPLACEMENT WAS MADE.  THIS INCIDENT IS CONSIDERED CLOSED.",DHAV,DHC8102,,"OPDEF, Other Than Pi;5610",,0.613386003922689,0.0,0.0,0.0,stable,unknown,unknown,unknown,ASIAS
20000111001089I,2.0,,IMC,Daylight,UNK,Unknown,Unknown,2000,1,"(-23) ON 1/11/00 PCAA FLIGHT 3863, DH-8, N839EX, PILOT SHUT DOWN THE #1 ENGINE DUE TO A LOW OIL PRESSURE INDICATION

(-23) ON 1/11/00 PCAA FLIGHT 3863, DH-8, N839EX, PILOT SHUT DOWN THE #1 ENGINE DUE TO A LOW OIL PRESSURE INDICATION.  THE LOW OIL PRESSURE LIGHT DID NOT ILLUMINATE IN FLIGHT HOWEVER DID COME ON AFTER ENGINE SHUT DOWN ON THE GROUND.  THE FLIGHT DEPARTED SYR AND WAS ENROUTE TO LGA WHEN THE AIRCRAFT DIVERTED TO BGM.  DURING THE INSPECTION, MAINTENANCE FOUND A BAD CANNON PLUG ON THE OIL PRESSURE GAUGE.  THE PLUG WAS REPLACED AND THE AIRCRAFT WAS RETURNED TO SERVICE.  (SEE MAINTENANCE LOG PAGE #252347, ITEM #36).",DHAV,DHC8102,,"OPDEF, Other Than Pi;7931",,0.613386003922689,0.0,0.0,0.0,stable,unknown,unknown,unknown,ASIAS
20000112001079I,2.0,,Unknown,Daylight,UNK,Unknown,Unknown,2000,1,"(-23) ON WEDNESDAY, JANUARY 12, 2000, AT 0737 LOCAL, AN ALLEGHENY AIRLINES D/B/A US AIR EXPRESS, DHC-8, N809EX, PER

(-23) ON WEDNESDAY, JANUARY 12, 2000, AT 0737 LOCAL, AN ALLEGHENY AIRLINES D/B/A US AIR EXPRESS, DHC-8, N809EX, PERFORMED AN AIR TURNBACK TO BUF DUE TO AN ELECTOR TRIM PROBLEM. THE AIRCRAFT LANDED ON RUNWAY 23 AND TAXIED TO THE RAMP WITHOUT INCIDENT.  COMPANY MECHANIC, FRANK KLAWITTER, INSPECTED THE ELEVATOR TRIM AND FOUND IT TO BE WORKING SATISFACTORILY.  HE PROCEEDED TO LUBE BOTH TRIM ACTUATORS WITH MIL-21164 GREASE IAW MM 12-20-00 AND 12-30-37, RE-INSTALLED PANELS AND OPERATED ELEVATOR TRIM WITH NO DEFECTS NOTED.  THE AIRCRAFT WAS RETURNED TO SERVICE.  THIS INCIDENT IS CONSIDERED CLOSED.",DHAV,DHC8102,,Undetermined;2731,,0.613386003922689,0.0,0.0,0.0,stable,unknown,unknown,unknown,ASIAS
20000110000939I,2.0,,Unknown,Night,UNK,Other,Unknown,2000,1,"(-23) ON JANUARY 4, 2000, AT APPROXIMATELY 2010 HRS LOCAL TIME THE RIGHT WING OF THIS AIRCRAFT WAS DAMAGED WHEN THE

(-23) ON JANUARY 4, 2000, AT APPROXIMATELY 2010 HRS LOCAL TIME THE RIGHT WING OF THIS AIRCRAFT WAS DAMAGED WHEN THE AIRCRAFT WAS MARSHALLED INTO A STOPPED FUEL TRUCK.  THE AIRCRAFT FIRST STOPPED APPROXIMATELY 10 FEET SHORT OF THE PROPER POSITION.  THE MARSHALL WHO WAS STANDING ON THE CAPT'S SIDE OF THE AIRCRAFT COULD NOT SEE THAT THE FUEL TRUCK REPOSITIONED AFTER THE AIRCRAFT FIRST STOPPED THE DRIVER STATED THAT HE THOUGHT THAT THE AIRCRAFT HAD MADE ITS FINAL STOP.  THIS RAMP HAD BEEN REDESIGNED AND ANY OF THE RAMP PERSONNEL WERE NOT FAMILIAR WITH THE NEW PARKING SPOTS.",EMB,EMB145,,Pilot and Ground Cre;Fail Avd Objs Or Obs,,0.613386003922689,0.0,0.0,0.0,stable,unknown,unknown,unknown,ASIAS
20000125039559I,2.0,,Unknown,Daylight,UNK,Unknown,Unknown,2000,1,"(-23)PILOT ABORTED TAKEOFF DUE TO SMOKE IN THE CABIN AND COCKPIT. PASSENGERS DEPLANED BY BOARDING STAND ON TAXIWAY.

(-23)PILOT ABORTED TAKEOFF DUE TO SMOKE IN THE CABIN AND COCKPIT. PASSENGERS DEPLANED BY BOARDING STAND ON TAXIWAY.  NUMBER ONE ENGINE REPLACED DUE TO METAL ON CENTER CHIP DETECTOR AND PRODUCING SMOKE.",BOEING,7373H4,,"OPDEF, Other Than Pi;7261",,0.613386003922689,0.0,0.0,0.0,stable,unknown,unknown,unknown,ASIAS
20000124003419I,2.0,,Unknown,Daylight,UNK,Other,Unknown,2000,1,"A NOTHWEST AIRLINES (NWA) B-747-400 WAS REPOSITIONING INTO GATE F-14. NWA PROCEDURES ARE TO TAXI AIRCRAFT UNDER ITS

A NOTHWEST AIRLINES (NWA) B-747-400 WAS REPOSITIONING INTO GATE F-14. NWA PROCEDURES ARE TO TAXI AIRCRAFT UNDER ITS OWN POWER TO SPOT 7 THEN TOW WITH TRACTOR INTO GATE.  IN THE PROCESS OF TOWING THE LEFT WING OF THE B-747-400 STRUCK THE RUDDER CAP OF A MESABA SAAB 340.  THE SF-340 HAD ENGINES RUNNING AND WAS READY FOR DEPARTURE.  THIS AIRCRAFT CONTAINED 16 PASSAGERS AND 3 CREW MEMEBERS, NO INJURIES RESULTED TO PERSONNEL AND ONLY MINOR DAMAGE TO BOTH AIRCRAFT.  THERE WERE 3 WING WALKERS, 1 TRACOTR DRIVER, AND 1 PERSON IN COCKPIT RIDING BRAKES INVOLVED IN AIRCRAFT MOVEMENT OPERATION.  THE WEATHER INCLUDED A SNOW/SLUSH COVERED RAMP, MAKING THE USE OF PAVEMENT MARKINGS DIFFICULT.",SAAB,340B,,"Miscellaneous, Other;Fail Avoid Ac None A",,0.613386003922689,0.0,0.0,0.0,stable,unknown,unknown,unknown,ASIAS
20000131000109I,2.0,,Unknown,Daylight,UNK,Other,Unknown,2000,1,"(-23) AIRCRAFT MARSHALLED TO TERMINAL AND STRUCK TERMINAL BLDG. WITH A WING TIP.  AILERON REPLACED.  NDT SHOWS NO S

(-23) AIRCRAFT MARSHALLED TO TERMINAL AND STRUCK TERMINAL BLDG. WITH A WING TIP.  AILERON REPLACED.  NDT SHOWS NO STRUCTURAL DEFORMATION.  AIRCRAFT MARSHALLER IS COMPANY EMPLOYEE AND UTILIZED THE INCORRECT AIRCRAFT CLEARANCE LINE (DELINEATED ON THE TARMAC) FOR THIS MODEL AIRCRAFT.  COMPANY TO PROVIDE REMEDIAL TRAINING TO THE EMPLOYEE.  COMPANY ALSO HAD DRUG AND ALCOHOL TESTS PERFORMED ON THE EMPLOYEE FOLLOWING THE INCIDENT.",AEROSP,ATR72212,,"Miscellaneous, Other;Inadeq Sup-Vision Tr",,0.613386003922689,0.0,0.0,0.0,stable,unknown,unknown,unknown,ASIAS
20000122002569I,2.0,,Unknown,Daylight,UNK,Unknown,5000+,2000,1,"ON JANUARY 22, 2000, AT 1350E, THE B-1900-D, S/N UE-13, REGISTERED AS N132VAND OPERATED BY ""AMWA"" AS FLIGHT #5562.

ON JANUARY 22, 2000, AT 1350E, THE B-1900-D, S/N UE-13, REGISTERED AS N132VAND OPERATED BY ""AMWA"" AS FLIGHT #5562. THE AIRCRAFT LANDED AT ""PIT"" ON RUNWAY 28R AFTER REPORTING A LANDING GEAR PROBLEM.  THE AIRCRAFT LANDED AND TAXIED TO THE RAMP WITHOUT INCIDNET.  MAINTENAMCE INSPECTED THE AIRCRAFT AND IT WAS FERRIED TO ""DUJ"".  AT ""DUJ"" THE LANDING GEAR WAS INSPECTED AND SWUNG.  NO DEFECTS WERE FOUND AND THE AIRCRAFT WAS RETURNED TO SERVICE INA CCORDANCE WITH BMM-32-30-00.  CONDUCTED BY DESK AUDIT AND CLOSED.",BEECH,1900D,,Undetermined;3200,,0.613386003922689,0.0,0.0,0.0,stable,unknown,unknown,unknown,ASIAS
20000123001169I,2.0,,Unknown,Daylight,UNK,Unknown,Unknown,2000,1,"(-23) ON SUNDAY, JANUARY 23, 2000, AT 0713 LOCAL, AN AIR TRAN AIRWAYS DC-9 RETURNED AND LANDED AT BUF ON RUNWAY 23

(-23) ON SUNDAY, JANUARY 23, 2000, AT 0713 LOCAL, AN AIR TRAN AIRWAYS DC-9 RETURNED AND LANDED AT BUF ON RUNWAY 23 DUE TO AN UNSAFE GEAR INDICATION.  THE ARFF RESPONDED AND THE AIRCRAFT TAXIED TO THE GATE WITHOUT FURTHER INCIDENT.  CONTRACT MAINTENANCE, PRIOR AVIATION, INSPECTED THE AIRCRAFT AND PREPARED IT FOR A FERRY FLIGHT TO MCO.  MAINTENANCE THERE FOUND THE NOSE GEAR STRUT TO BE IMPROPERLY SERVICED.  THEY PROPERLY SERVICED THE STRUT AND INSPECTED ALL ACTUATORS AND UP-LOCKS WITH NO DEFECTS FOUND.  THE AIRCRAFT WAS THEN RETURNED TO SERVICE.  THIS INCIDENT IS CONSIDERED CLOSED.",DOUG,DC932,,Improper Maintenance;3222,,0.613386003922689,0.0,0.0,0.0,stable,unknown,unknown,unknown,ASIAS
20000131003209I,2.0,,Unknown,Daylight,UNK,Unknown,Unknown,2000,1,"ON JANUARY 31, 2000 N203ME, A DC-9-32, SRTIAL NUMBER 47673, OPERATED BY MIDWEST EXPRESS AIRLINES, MWEA, WAS BOARDIN

ON JANUARY 31, 2000 N203ME, A DC-9-32, SRTIAL NUMBER 47673, OPERATED BY MIDWEST EXPRESS AIRLINES, MWEA, WAS BOARDING PASSENGERS FOR A SCHEDULED DEPARTURE OF FLIGHT NUMBER 107. MWEA FLIGHT ATTENDANTS EVACUATED THE BOARDED PASSENGERS THROUGH THE MAIN CABIN DOOR AFTER DISCOVERING SMOKE/FIRE IN THE LEFT AFT LAVAORY.  SEE ATTACHED.",DOUG,DC932,,Improper Maintenance;3820,,0.613386003922689,0.0,0.0,0.0,stable,unknown,unknown,unknown,ASIAS
20000118022149I,2.0,,Unknown,Daylight,UNK,CoPilot,5000+,2000,1,"(-23)DURING IOE, NEWLY ASSIGNED FIRST OFFICER TURNED TOWARD INCORRECT VOR. MISTAKE WAS CAUGHT AND CORRECTED BY CAPT

(-23)DURING IOE, NEWLY ASSIGNED FIRST OFFICER TURNED TOWARD INCORRECT VOR. MISTAKE WAS CAUGHT AND CORRECTED BY CAPTAIN (CHECK AIRMAN).  CAPTAIN WAS COUNSELED BY HIS ASST.  CHIEF PILOT ^PRIVACY DATA OMITTED^                                                               SEE PILOT DEVIATION #IGL2520000031 FOR DETAILS.",DOUG,DC9*,,Pilot Induced;Unable Util Navig Fa,,0.613386003922689,0.0,0.0,0.0,stable,unknown,unknown,unknown,ASIAS
20000117001189I,2.0,,Unknown,Night,UNK,Unknown,Unknown,2000,1,"(-23) ON JANUARY 17, 2000, SOUTHEAST AIRLINES DOUGLAS DC-9, N930BB, DEPARTED COLUMBIA AIRPORT (COU), AND MADE AN UN

(-23) ON JANUARY 17, 2000, SOUTHEAST AIRLINES DOUGLAS DC-9, N930BB, DEPARTED COLUMBIA AIRPORT (COU), AND MADE AN UNSCHEDULED LANDING AT SPRINGFIELD/BRANSON REGIONAL AIRPORT (9SGF), DUE TO AN AIR LEAK IN EMERGENCY EXIT OVER LEFT WING.  EMERGENCY EXIT WAS REMOVED AND RESEARTED BY SOUTHEAST MECHANIC, WHO WAS A PASSENGER.  PRESSURIZATION CHECK WAS GOOD AND AIRCRAFT DEPARTED.  INCIDENT CE2000IAC016 IS CONSIDERED CLOSED WITH THIS REPORT.",DOUG,DC932,,"OPDEF, Other Than Pi;5220",,0.613386003922689,0.0,0.0,0.0,stable,unknown,unknown,unknown,ASIAS
20000129002829I,2.0,,Unknown,Unknown,UNK,Unknown,Unknown,2000,1,"ON SATURDAY, JANUARY 29, 2000, UPOM TAKEOFF FROM THE ROCHESTER INTERNATIONAL AIRPORT (ROC), THE RIGHT HAND NOSE LAN

ON SATURDAY, JANUARY 29, 2000, UPOM TAKEOFF FROM THE ROCHESTER INTERNATIONAL AIRPORT (ROC), THE RIGHT HAND NOSE LANDING GEAR TIRE BLEW OUT OF N27314, A CONADAIR REGIOAL JET, OPERATED BY MESA AIRLINES, INC. THE AIRCRAFT RETURNED TO LAND ON RUNWAY 22 WITHOUT INCIDENT.  THE ARFF RESPONDED AND TOWED THE AIRCRAFT TO THE RAMP.  CAMPANY MAINTENANCE CREWS ARRIVED AND CHANGED BOTH NOSE LANDING GEAR TIRES AND FOUND DAMAGE TO THE INBOARD LEFT HAND PORTION OF THE WING FAIRING.  DAMAGE WAS FOUND TO BE WITHIN LIMITS FOR 50 HOURS OF CONTINUED OPERATIONS PER APPLICABLE MAINTENANCE MANUAL, 58-82-053.  THIS INCIDENT IS CONSIDERED CLOSED.",CNDAIR,CL6002B19,,"Miscellaneous, Other;3244",,0.613386003922689,0.0,0.0,0.0,stable,unknown,unknown,unknown,ASIAS
20000121003159I,2.0,,Unknown,Night,UNK,Unknown,Unknown,2000,1,"AMERICAN AIRLINES FLIGHT 159, B-757, ON FLIGHT FROM NEWARK, NJ, TO LOS ANGELES, CA, DIVERTED INTO LINCOLN, NE, DUE

AMERICAN AIRLINES FLIGHT 159, B-757, ON FLIGHT FROM NEWARK, NJ, TO LOS ANGELES, CA, DIVERTED INTO LINCOLN, NE, DUE TO SMOKE IN THE COCKPIT. THE NUMBER TWO ROLLS ROYCE RB211-535 ENGINE SHUT DOWN DUE TO LOSS OF OIL PRESSURE AND QUANTITY.  MAINTENANCE INDICATED THE RADIAL DRIVE STEADY BEARING FAILED.  THIS INCIDENT IS CLOSED WITH THIS REPORT.",BOEING,757223,,"OPDEF, Other Than Pi;7200",,0.613386003922689,0.0,0.0,0.0,stable,unknown,unknown,unknown,ASIAS
20000121002479I,2.0,,Unknown,Daylight,UNK,Unknown,Unknown,2000,1,"ON FRIDAY, JANUARY 21, 2000 AT 1831 LOCAL, A CONTINENTAL EXPRESS, INC., EMB-120, N15713, REPORTED AND UNSAFT NOSE G

ON FRIDAY, JANUARY 21, 2000 AT 1831 LOCAL, A CONTINENTAL EXPRESS, INC., EMB-120, N15713, REPORTED AND UNSAFT NOSE GEAR LIGHT INBOUND TO SYR. THE ARFF RESPONDED AND THE AIRCRAFT TAXIED TO THE RAMP WITHOUT INCIDENT.  CONTRACT MAINTENANCE (EXEC AIR) WAS CONTACTED TO INSTALL THE GEAR PINS AND FERRY THE AIRCRAFT TO CLEVELAND.  COMPANY MAINTENANCE PERSONNEL INSPECTED THE GEAR SYSTEM AND REPLACED THE LANDING GEAR HANDLE, NOSE GEAR DOOR SEQUENCE VALVE AND THE UP LOCK ACTUATOR IAW EMB-120 MAINTENACE MANUAL 32-32-04/14.  THE AIRCRAFT THEN WAS RETURNED TO SERVICE.  THE INCIDENT IS CONSIDERED CLOSED.",EMB,EMB120ER,,"OPDEF, Other Than Pi;3234",,0.613386003922689,0.0,0.0,0.0,stable,unknown,unknown,unknown,ASIAS
20000124003139I,2.0,,IMC,Daylight,UNK,Unknown,5000+,2000,1,"AIRCRAFT DIVERTED TO SACRAMENTO, CA DUE TO LOSS OF ENGINE OIL ON THE RIGHT ENGINE. THE RIGHT ENGINE STARTER HAD FAI

AIRCRAFT DIVERTED TO SACRAMENTO, CA DUE TO LOSS OF ENGINE OIL ON THE RIGHT ENGINE. THE RIGHT ENGINE STARTER HAD FAILED CAUSING THE LOSS OF OIL THRU THE GEARBOX.  THE FAILURE OF THE STARTER LIBERATED A PIECE THROUGH THE ENGINE COWLING FAN DUCT.  THE STARTER WAS REPLACED IN SACRAMENTO AND THE AIRCRAFT WAS FERREID KTO SEATTLE, WA TO REPAIR THE COWLING.",BOEING,737790,,"OPDEF, Other Than Pi;8011",,0.613386003922689,0.0,0.0,0.0,stable,unknown,unknown,unknown,ASIAS
20000124023279I,0.0,,Unknown,Night,UNK,Maintenance,Unknown,2000,1,"(-23)DURING ENGINE RUN-UP BY MAINTENANCE PERSONNEL, AIRCRAFT JUMPED THE CHOCKS AND HEADED FORWARD. THE RIGHT WING S

(-23)DURING ENGINE RUN-UP BY MAINTENANCE PERSONNEL, AIRCRAFT JUMPED THE CHOCKS AND HEADED FORWARD. THE RIGHT WING STRUCK A PICKUP SERVICE TRUCK USED BY THE AIRLINE.  THERE WERE TWO INDIVIDUALS IN THE TRUCK AT THE TIME OF THE COLLISION.  THE TRUCK CAB WAS DESTROYED.  NO INJURIES REPORTED.",EMB,EMB145,,"Miscellaneous, Other;Other, Miscellaneous",,0.613386003922689,0.0,0.0,0.0,stable,unknown,unknown,unknown,ASIAS
20000119001049I,2.0,,VMC,Daylight,UNK,Unknown,Unknown,2000,1,"(-23) ON WEDNESDAY, JANUARY 19, 2000, AT APPROXIMATELY 0916 LOCAL, A UNITED AIRLINES B-727, N729RU, EXPERIENCED A #

(-23) ON WEDNESDAY, JANUARY 19, 2000, AT APPROXIMATELY 0916 LOCAL, A UNITED AIRLINES B-727, N729RU, EXPERIENCED A #3 ENGINE FIRE WARNING AT V1 ON TAKEOFF FROM BUFFALO NIAGARA INTERNATIONAL AIRPORT, BUFFALO, NY.  THE CREW SHUT DOWN THE ENGINE AND THE FIRE WARNING LIGHT WENT OUT.  THE CREW DECLARED AN EMERGENCY AND RETURNED TO BUF WITHOUT FURTHER INCIDENT.  MAINTENANCE REPORTED A BLEED AIR DUCT FAILURE.  THERE WAS NO ACTUAL FIRE AND NO INJURIES REPORTED.  8TH STAGE BLEED AIR DUCT REPLACED AND COWLING BLOWOUT PANEL REPLACED.  THIS INCIDENT IS CONSIDERED CLOSED.",BOEING,727222,,"OPDEF, Other Than Pi;3610",,0.613386003922689,0.0,0.0,0.0,stable,unknown,unknown,unknown,ASIAS
20000124000089I,2.0,,Unknown,Night,UNK,Unknown,5000+,2000,1,"(-23) ON JANUARY 24, 2000, AT 2220E, A B-727-232, S/N 21273, REGISTERED AS N420DA, OPERATED BY ""DALA"" AS FLIGHT #49

(-23) ON JANUARY 24, 2000, AT 2220E, A B-727-232, S/N 21273, REGISTERED AS N420DA, OPERATED BY ""DALA"" AS FLIGHT #495 WAS ENROUTE FROM ""BUF"" TO ""ALT"" WHEN THE R1 COCKPIT WINDOW INNERPANE CRACKED.  THE AIRCRAFT DIVERTED TO 'PIT' AND LANDED ON RUNWAY 32 AND TAXIED TO THE GATE WITHOUT FURTHER INCIDENT.THE WINDOW WAS REPLACED AND THE AIRCRAFT WAS RETURNED TO SERVICE.  CONDUCTED A DESK AUDIT AND CLOSED.",BOEING,727232,,"OPDEF, Other Than Pi;5610",,0.613386003922689,0.0,0.0,0.0,stable,unknown,unknown,unknown,ASIAS
20000215016079I,2.0,,Unknown,Dawn,UNK,Unknown,Unknown,2000,2,"(-23)AIRCRAFT EXPERIENCED ELEVATOR TRIM FREEZING @ FLIGHT LEVEL 230. OUTSIDE AIR TEMP WAS -40C.  WHEN AIRCRAFT DECE

(-23)AIRCRAFT EXPERIENCED ELEVATOR TRIM FREEZING @ FLIGHT LEVEL 230. OUTSIDE AIR TEMP WAS -40C.  WHEN AIRCRAFT DECENDED TRIM BECAME OPERABLE.  SMALL AMOUNTS OF MOISTURE FOUND IN ACTUATORS, COMPARTMENT WAS DRY.  MAINTENANCE REMOVED AND REPLACED BOTH TRIM ACTUATORS.  ACTUATORS SENT TO MANUFACTURER FOR ANALYSIS.",DHAV,DHC8202,,"Miscellaneous, Other;2731",,1.744245837074021,0.0,0.0,0.0,mild_growth,unknown,unknown,unknown,ASIAS
20000217002859I,2.0,,Unknown,Daylight,UNK,Unknown,Unknown,2000,2,"ON THURSDAY, FEBRUARY 17, 2000, AT 1744 LOCAL, AN ATLANTIC COAST AIRLINES, D/B/A UNITED EXPRESS, A BAE JETSTREAM 32

ON THURSDAY, FEBRUARY 17, 2000, AT 1744 LOCAL, AN ATLANTIC COAST AIRLINES, D/B/A UNITED EXPRESS, A BAE JETSTREAM 3201, N477UE, REPORTED AN UNSAFE NOSE GEAR LIGHT INBOUND TO RUNWAY 5 AT BUF. THE AIRCRAFT LANDED AND TAXIED TO THE RAMP WITHOUT INCIDENT.  MAINTENANCE INSPECTED AND REPLACED THE NLG DOWN LOCK MICROSWITCH.  THEY PREFORMED A GEAR SWING AND RETURNED THE AIRCRAFT TO SERVICE.  THIS INCIDENT IS CONSIDERED CLOSED.",BAG,JETSTM3201,,"OPDEF, Other Than Pi;3230",,1.744245837074021,0.0,0.0,0.0,mild_growth,unknown,unknown,unknown,ASIAS
20000206023329I,2.0,,VMC,Daylight,UNK,Unknown,5000+,2000,2,"(-23)SMOKE IN THE CABIN ON 1.5 MILES FINAL TO IND. LANDED AND CLEARED RUNWAY.  SECURED BOTH ENGINES ON TAXIWAY AND

(-23)SMOKE IN THE CABIN ON 1.5 MILES FINAL TO IND. LANDED AND CLEARED RUNWAY.  SECURED BOTH ENGINES ON TAXIWAY AND EVACUATED 8 PAX THROUGH THE MAIN CABIN DOOR.  SMOKE CAUSED BY FAILED PROP DOME SEAL ON RT POR.  PROP DOME SEAL REPLACED AND AIRCRAFT RETURNED TO SERVICE.",BAG,JETSTM3101,,"OPDEF, Other Than Pi;6114",,1.744245837074021,0.0,0.0,0.0,mild_growth,unknown,unknown,unknown,ASIAS
20000225001319I,2.0,,Unknown,Dusk,UNK,PIC,5000+,2000,2,"(-23) WHILE TAXIING TO GATE, A BAGGAGE CART WS BLOWN INTO THE NUMBER 1 PROPELLOR, CAUSING DAMAGE.  PROPELLOR WAS TH

(-23) WHILE TAXIING TO GATE, A BAGGAGE CART WS BLOWN INTO THE NUMBER 1 PROPELLOR, CAUSING DAMAGE.  PROPELLOR WAS THE ONLY DAMAGE TO THE AIRCRAFT.  TWO MINOR INJURIES TO GROUND PERSONNEL.  MINOR INJURIES:  TREATED AND RELEASED.",CESSNA,340A,,"Miscellaneous, Other;Other, Miscellaneous",,1.744245837074021,0.0,0.0,0.0,mild_growth,unknown,unknown,unknown,ASIAS
20000213043989I,2.0,,VMC,Daylight,UNK,Unknown,Unknown,2000,2,"(-23) UNITED FLIGHT 1190 WAS ENROUTE TO DES MOINES, IA FROM DENVER, CO. THE FLIGHT CREW DECLARED AN EMERGENCY DUE T

(-23) UNITED FLIGHT 1190 WAS ENROUTE TO DES MOINES, IA FROM DENVER, CO. THE FLIGHT CREW DECLARED AN EMERGENCY DUE TO A PROBLEM WITH THE AILERONS BEING EXTREMELY STIFF WHEN ATTEMPTING RIGHT TURNS. THE AIRCRAFT MADE AN UNEVENTFUL LANDING AT DES MOINES. UNITED MAINTENANCE PERSONNEL ADJUSTED THE LOST MOTION DEVICE AND RETURNED THE AIRCRAFT TO SERVICE. THIS WAS A REOCCURRING PROBLEM WITH TWO PREVIOUS WRITEUPS IN THE MAINTENANCE LOG. ^PRIVACY DATA OMITTED^",BOEING,727222,,Improper Maintenance;2710,,1.744245837074021,0.0,0.0,0.0,mild_growth,unknown,unknown,unknown,ASIAS
20000225001659I,2.0,,Unknown,Daylight,UNK,Unknown,Unknown,2000,2,"(-23) AMERICAN AIRLINES FLIGHT 1033, N412AA, AN MD-80 WS IN POSITION TO BEGIN TAKEOFF AT SYR ON MONDAY, FEBRUARY 21

(-23) AMERICAN AIRLINES FLIGHT 1033, N412AA, AN MD-80 WS IN POSITION TO BEGIN TAKEOFF AT SYR ON MONDAY, FEBRUARY 21, 2000 WHEN SMOKE WAS DETECTED IN THE MAIN CABIN.  THE 133 PASSENERS WERE DEPLANED THROUGH THE VENTRAL EXIT ONTO THE RUNWAY WITH NO INJURIES.  AARF RESPONDED AND FOUND THE SOURCE OF THE SMOKE TO BE IN THE OVERHEAD BAGGAGE STORAGE BIN AT ROW 21 DEF.  A FIREMAN REMOVED A COVER WITHIN THE BIN AND LOCATED THE OVERHEATED COMPONENT.  CONTRACT MAINTENANCE ARRIVED AND IDENTIFIED THE COMPONENT AS A BATTERY CHARGING MODULE THAT IS A PART OF THE EMERGENCY EXIT LIGHTING SYSTEM.  THE MECHANIC REMOVED THE MODULE AND BATTERY, PULLED THE APPLICABLE CIRCUIT BREAKERS, AND PREPARED THE AIRCRAFT FOR A FERRY FLIGHT TO ORD; ALL IN ACCORDANCE WITH INSTRUCTIONS FROM TULSA MAINTENANCE CONTROL.  THE AREA WAS INSPECTED FOR FIRE AND HEAT DAMAGE AND NONE WAS FOUND.  COMPANY MAINTENANCE REPLACED THE BATTERY AND CHARGER AND RETURNED THE AIRCRAFT TO SERVICE.  THIS INCIDENT IS CONSIDERED CLOSED.",DOUG,DC982,,"OPDEF, Other Than Pi;3350",,1.744245837074021,0.0,0.0,0.0,mild_growth,unknown,unknown,unknown,ASIAS
20000211002929I,2.0,,Unknown,Daylight,UNK,Unknown,Unknown,2000,2,"ON FRIDAY, FEBRUARY 11, 2000 AT 1236 EST, ALLEGHENY AIRLINES FLIGHT 3594, DHC-8, N819EX, LANDED ON RUNWAY 31 AT BUF

ON FRIDAY, FEBRUARY 11, 2000 AT 1236 EST, ALLEGHENY AIRLINES FLIGHT 3594, DHC-8, N819EX, LANDED ON RUNWAY 31 AT BUFFALO NIAGARA INTERNATIONAL AIRPORT DUE TO A GEAR PROBLEM. THE ARFF RESPONDED AND THE AIRCRAFT TAXIED TO THE RAMP WITHOUT INCIDENT.  MAINTENANCE JACKED THE AIRCRAFT,SWUNG THE GEAR AND COULD NOT DUPLICATE THE PROBLEM.  RELAYS 32-61, K5, K6, K7 AND K8 WERE REPLACED AS A PRECAUTION AND THE GEAT SWUNG AGAIN SEVERAL TIMES SUCCESSFULLY.  THE ARICRAFT WAS THEN FERRIED TO BGM FOR REPAIRS TO THE LANDING GEAR LIGHT.  THIS INCIDNET IS CONSIDERED CLOSED.",DHAV,DHC8102,,Undetermined;3200,,1.744245837074021,0.0,0.0,0.0,mild_growth,unknown,unknown,unknown,ASIAS
20000217003499I,2.0,,VMC,Daylight,UNK,Unknown,Unknown,2000,2,"ON FEBRUARY 17, 2000, AT 1214 HOURS (LOCAL TIME) A SAAB-340-B, N114XJ, REGISTERED TO WILMINGTON TRUST COMPANY TRUST

ON FEBRUARY 17, 2000, AT 1214 HOURS (LOCAL TIME) A SAAB-340-B, N114XJ, REGISTERED TO WILMINGTON TRUST COMPANY TRUSTEE, ON APPROACH TO HARRISBURG INTERNATIONAL AIRPORT (MDT) THE CAPTAIN PUT THE LANDING GEAR DOWN AND THE GEAR LIGHT ON THE RIGHT GEAR DID NOT LIGHT. THE CAPTAIN FOLLOWED ALL PROCEDURES IN THE MANUAL AND DONE A FLY-BY OF THE TOWER TO CONFURM THE GEAR WAS DOWN.  THE TOWER SAID ALL GEARS WERE DOWN, BUT THEY COULDN'T TELL IF THEY WERE LOCKED.  THE CAPTAIN FOUND A CIRCUIT BRAKER HAD POPPED.  THE BREAKER WAS RESET.  THE LIGHT ON THE RIGHT GEAR CAME ON AND THE AIRCRAFT LANDED WITHOUT INCIDENT.  THE AIRCRAFT LANDED WITH NO DAMAGE AND THE FLIGHT CREW AND PASSENGERS ESCAPED INJURIES. VISUAL METEORLOGICAL CONDITIONS PREVAILED AT THE TIME AND A FLIGHT PLAN WAS FILED.  AN M&D REPORT WILL FOLLOW.  THIS INCIDENT IS CONSIDERED CLOSED.",CESSNA,340A,,"OPDEF, Other Than Pi;3200",,1.744245837074021,0.0,0.0,0.0,mild_growth,unknown,unknown,unknown,ASIAS
20000214001439I,2.0,,Unknown,Daylight,UNK,Unknown,Unknown,2000,2,"(-23) ON FEBRUARY 14, 2000, AT ABOUT 0810 AMERICAN EAGLE FLIGHT 3101, A SAAB-340, TOOK OFF FROM LOS ANGELES INTERNA

(-23) ON FEBRUARY 14, 2000, AT ABOUT 0810 AMERICAN EAGLE FLIGHT 3101, A SAAB-340, TOOK OFF FROM LOS ANGELES INTERNATIONAL AIRPORT (LAX) TO SAN DIAGO WITH A CREW OF 3 AND 6 PASSENGERS.  DURING CLIMB OUT, THE RIGHT ENGINE OUTBOARD COWLING CAME LOOSE.  THIS WAS OBSERVED BY THE FLIGHT ATTENDANT AND REPORTED TO THE COCKPIT CREW.  THE AIRCRAFT RETURNED TO LAX WHERE IT LANDED WITHOUT INCIDENT.  THE AIRCRAFT WAS INSPECTED AT THE GATE BY SIMA MECHANICS.  THE OUTBOARD FORWARD COWL LATCH WAS FOUND IN THE OPEN POSITION.  THERE WAS NO DAMAGE TO THE LATCH AND IT OPERATED SATISFACTORILY.  THE COWL AFT LATCH WAS FOUND IN THE CLOSED POSITION BUT NOT ENGAGED IN THE PYLON ATTACH FITTING.  THE LATCH ALSO OPERATED SATISFACTORILY AND HAD NO DAMAGE.  DAMAGE TO THE COWL CONSISTED OF BENT AND TORN FRAMES AT THE AFT END OF THE COWL.  THE INBOARD COWL WAS ALSO BENT AT ITS MID POINTON TOP OF THE COWL.  INVESTIGATION INDICATES THE RIGHT COWL HAD NOT BEEN OPENED FOR 10 FLIGHTS PRECEDING THIS INCIDENT AND CAUSE OF THE COWL OPENING HAS NOT BEEN DETERMINED.",SAAB,340B,,Undetermined;7110,,1.744245837074021,0.0,0.0,0.0,mild_growth,unknown,unknown,unknown,ASIAS
20000209019549I,2.0,,Unknown,Daylight,UNK,Unknown,Unknown,2000,2,"(-23)AILERON TRIM WAS OBSERVED BY THE CREW TO BE MOVING LEFT WITHOUT ANY CREW INPUT. CREW PULLED CIRCUIT BEAKER AND

(-23)AILERON TRIM WAS OBSERVED BY THE CREW TO BE MOVING LEFT WITHOUT ANY CREW INPUT. CREW PULLED CIRCUIT BEAKER AND CONTINUED THE FLIGHT WITHOUT FURTHER INCIDENT.  MALFUNCTION WAS INDICATION PROBLEM ONLY.  MAINTENANCE REMOVED AND REPLACED TRIM CONTROLLER, INDICATOR AND ACTUATOR.  TEARDOWN REPORT INDICATES UNIT OUT OF CALIBRATION.  UNIT RECALIBRATED TO ZERO.",DHAV,DHC8202,,"OPDEF, Other Than Pi;2710",,1.744245837074021,0.0,0.0,0.0,mild_growth,unknown,unknown,unknown,ASIAS
20000204001259I,2.0,,VMC,Night,UNK,Unknown,Unknown,2000,2,"(-23) ON APPROACH TO TPA, PILOT REPORTED A LEADING EDGE FLAP TRANSIT LIGHT.  AIRCRAFT LANDED WITHOUT INCIDENT.  MAI

(-23) ON APPROACH TO TPA, PILOT REPORTED A LEADING EDGE FLAP TRANSIT LIGHT.  AIRCRAFT LANDED WITHOUT INCIDENT.  MAINTENANCE TROUBLE SHOT THE AIRCRAFT AND FOUND A #2 ROTORY ACTUATOR PN 276001006 AND ROTORY TRANSMITTER PN 276080009 DEFECTIVE.",BOEING,757232,,"OPDEF, Other Than Pi;2752",,1.744245837074021,0.0,0.0,0.0,mild_growth,unknown,unknown,unknown,ASIAS
20000214002669I,2.0,,IMC,Daylight,UNK,Unknown,Unknown,2000,2,"ON FEB 14, 2000 FLIGHT 3957 DEPARTED THE GATE AT SWF AT APPROXIMATELY 1010 HRS LOCAL TIME AND TAXIING TO THE ACTIVE

ON FEB 14, 2000 FLIGHT 3957 DEPARTED THE GATE AT SWF AT APPROXIMATELY 1010 HRS LOCAL TIME AND TAXIING TO THE ACTIVE RUNWAY WHEN THE FLIGHT ATTENDANT REPORTED SMOKE IN THE CABIN, THE FO CONFIRMED SMOKE WAS COMING FROM THE FLOOR PANEL IN THE VICINITY OF THE LEFT FRONT PASSANGER SEAT. THE CREW STOPPED THE AIRCRAFT SHUTDOWN THE AIRCRAFT WAS EVACUATED THE PASSANGERS.  NO INJURIES WHERE REPORTED.  ARFT RESPONDED AND THE AIRCRAFT WAS SECURED.  THE PASSANGERS.  THE PASSENGERS RETURNED TO THE TERMINAL. COMPANY MAINTENANCE FOUND TWO SHORTED WIRES (#2421-10039C12C-1 AND 2421-10037C12A-1) LOCATED IN A WIRE BUNDLE UNDER THE FLOOR PANEL NEAR THE LEFT FRONT PASSANGER SEAT.  REPAIRS TO THE WIRES WERE PERFORMED AND THE AIRCRAFT WAS RETURNED TO SERVICE AFTER OPS.",DHAV,DHC8102,,"Miscellaneous, Other;2400",,1.744245837074021,0.0,0.0,0.0,mild_growth,unknown,unknown,unknown,ASIAS
20000226001739I,2.0,,VMC,Daylight,UNK,Unknown,Unknown,2000,2,"(-23) ON SATURDAY, FEBRUARY 26, 2000, A BOEING 727, N8891Z, FLIGHT 780, OPERATED BY DELTA AIRLINES, IMMEDIATELY AFT

(-23) ON SATURDAY, FEBRUARY 26, 2000, A BOEING 727, N8891Z, FLIGHT 780, OPERATED BY DELTA AIRLINES, IMMEDIATELY AFTER TAKEOFF FROM SYRACUSE, NEW YORK EXPERIENCED PROBLEMS WITH THE NUMBER ONE ENGINE PUMP LOW PRESSURE LIGHT ILLUMINATING.  HYDRAULIC SYSTEM ""A"" PRESSURE WENT TO ZERO.  A LANDING WAS ACCOMPLISHED WITHOUT INCIDENT.  FIRE AND RESCUE RESPONDED.  THERE WERE NOT INJURIES.  THE AIRCRAFT WAS TOWED TO THE GATE.  THE MECHANICS FOUND THE #2 PUMP LINE BROKEN.  THE MECHANICS REMOVED AND REPLACED THE BROKEN HYDRAULIC LINE.  AN OPERATIONAL CHECK WAS SATISFACTORY AND THE AIRCRAFT WAS RELEASED FOR SERVICE.  THIS INCIDENT IS CONSIDERED CLOSED.",BOEING,727225,,"OPDEF, Other Than Pi;2910",,1.744245837074021,0.0,0.0,0.0,mild_growth,unknown,unknown,unknown,ASIAS
20000218001479I,2.0,,Unknown,Daylight,UNK,Unknown,5000+,2000,2,"(-23) PILOT WAS HOLDING RIGHT AILERON ON T.O. DUE TO CROSSWIND.  AS AIRSPEED INCREASED HE TRIED TO DECREASE AILERON

(-23) PILOT WAS HOLDING RIGHT AILERON ON T.O. DUE TO CROSSWIND.  AS AIRSPEED INCREASED HE TRIED TO DECREASE AILERON DEFLECTION BUT FELT RESISTANCE GOING BACK TO THE LEFT.  TAKEOFF WAS ABORTED.  AIRCRAFT RETURNED TO THE GATE.  PASCO MAINT FOUND THE PROBLEM TO BE ON THE LEFT SPOILER QUADRANT.  A BRACKET WHICH SUPPORTS A MICROSWITCH WAS FOUND TO BE MAKING CONTACT WITH AN ACCESS PANEL.  THE BRACKET WAS INSTALLED UPSIDE DOWN AT SOME POINT IN TIME.  AS THE BRACKET MOVES WITH THE SPOILER QUADRANT, RESISTANCE WAS NOTICED BY THE PILOT WHEN THE BRACKET TOUCHED THE ACCESS PANEL.  PASCO MAINT REPOSITIONED THE BRACKET TO PRECLUDE CONTACT AND THE AIRCRAFT WAS RELEASED FOR SERVICE.",DHAV,DHC8202,,Improper Maintenance;2510,,1.744245837074021,0.0,0.0,0.0,mild_growth,unknown,unknown,unknown,ASIAS
20000207003739I,2.0,,Unknown,Daylight,UNK,Unknown,2000-5000,2000,2,"AT 1258E, ON 2-7-2000, CHAUTAUQUA AIRLINES FLIGHT (CHQA) #4252, A REGISTERED SF-340 ON DESCENT OT PITTSBURGH AIRPOR

AT 1258E, ON 2-7-2000, CHAUTAUQUA AIRLINES FLIGHT (CHQA) #4252, A REGISTERED SF-340 ON DESCENT OT PITTSBURGH AIRPORT, RUNWAY 28R, EXPERIENCED LOW ENGINE OIL PRESSURE. THE AIRCRAFT LANDED WITHOUT INCIDENT.  THE FLIGHT CREW REPOSITIONED THE AIRCRAFT TO (FWA), FT. WORTH, IN.  THE ENGINE WAS REMOVED FOR OIL CONSUMPTION.  THE ENGINE TEARDOWN REPORT WILL BE FORWARDED TO THE AIR CARRIERS, PMI.  PMI IS AWARE OF THIS INCIDENT.",SAAB,SF340A,,"OPDEF, Other Than Pi;7200",,1.744245837074021,0.0,0.0,0.0,mild_growth,unknown,unknown,unknown,ASIAS
20000226001749I,2.0,,Unknown,Daylight,UNK,Unknown,Unknown,2000,2,"(-23) ON SATURDAY, FEBRUARY 26, 2000, AT APPROXIMATELY 1721 EST, COMAIR FLIGHT 5901 EXPERIENCED A CARGO COMPARTMENT

(-23) ON SATURDAY, FEBRUARY 26, 2000, AT APPROXIMATELY 1721 EST, COMAIR FLIGHT 5901 EXPERIENCED A CARGO COMPARTMENT FIRE WARNING.  FLIGHT 5901 WS CRUISING AT FL270 ENROUTE FROM CVG TO ROF AND DIVERTED TO BUFFALO NIAGARA INTERNATIONAL AIRPORT.  THE CREW FIRED BOTH FIRE BOTTLES ACCORDING TO PROCEDURE.  THE AIRCRAFT LANDED WITHOUT FURTHER INCIDENT. PRELIMINARY INVESTIGATION SHOWED NO FIRE. THE AIRCRAFT WAS FERRIED BACK TO CVG WHERE THE CARGO SMOKE DETECTOR WAS REMOVED AND REPLACED ALONG WITH THE FIRE BOTTLES.  THE AIRCRAFT WAS RETURNED TO SERVICE.  THIS INCIDENT IS CONSIDERED CLOSED.",CNDAIR,CL6002B19,,"OPDEF, Other Than Pi;2611",,1.744245837074021,0.0,0.0,0.0,mild_growth,unknown,unknown,unknown,ASIAS
20000226003809I,2.0,,Unknown,Daylight,UNK,Unknown,Unknown,2000,2,"AALA FLIGHT 330, N592AA DEPARTED CYVR FOR KDFW. AFTER TAKEOFF, THE RED NOSE GEAR LIGHT REMAINED ON IN FLIGHT WITH G

AALA FLIGHT 330, N592AA DEPARTED CYVR FOR KDFW. AFTER TAKEOFF, THE RED NOSE GEAR LIGHT REMAINED ON IN FLIGHT WITH GEAR HANDLE UP.  QRH ACCOMPLISHED.  AALA COORDINATED WITH DISPATCH TO DIVERT TO KSEA.  OVERWEIGHT LANDING WAS MADE AT 139800 POUNDS.  AALA MECHANICS INDICATED THAT NOSE GEAR STRUT HAD LEAKED HYDRAULIC FLUID AND DID NOT EXTEND AFTER LIFT OFF TO ACTIVE THE AIR/GROUND SWITCH TO THE AIR MODE.  PILOT'S WRITE UP ON AIRCRAFT LOGBOOK PAGE 5610465.",DOUG,DC983,,"OPDEF, Other Than Pi;3222",,1.744245837074021,0.0,0.0,0.0,mild_growth,unknown,unknown,unknown,ASIAS
20000215002869I,2.0,,VMC,Night,UNK,Unknown,5000+,2000,2,"EN ROUTE, CABIN CREW NOTICED HAZE IN CABIN, CREW DIVERTED TO YKM, PERFORMED PRECAUTIONARY LANGING. MAINTENANCE DETE

EN ROUTE, CABIN CREW NOTICED HAZE IN CABIN, CREW DIVERTED TO YKM, PERFORMED PRECAUTIONARY LANGING. MAINTENANCE DETERMINED NUMBER TWO ACM HAD FAILED.  SELF DISCLOSURE, SUBSEQUENT INVESTIGATION REVEALED FOD INDUCED BY GROUND CREW.",FOKKER,F28MK4000,,"Miscellaneous, Other;2150",,1.744245837074021,0.0,0.0,0.0,mild_growth,unknown,unknown,unknown,ASIAS
20000211002639I,2.0,,Unknown,Dusk,UNK,Unknown,Unknown,2000,2,"(-5) ON 2-11-2000, DELTA AIRLINES FLIGHT 2585, DECLARED AN EMERGENCY AND RETURNED TO KANSAS CITY INTERNATIONAL DUE

(-5) ON 2-11-2000, DELTA AIRLINES FLIGHT 2585, DECLARED AN EMERGENCY AND RETURNED TO KANSAS CITY INTERNATIONAL DUE TO ELECTRICAL SMOKE IN THE COCKPIT. THE PILOT REPORTED ON LOG PAGE 627630, THAT DURING CLIMBOUT, PASSING FLIGHT LEVEL 220, SMOKE FLOWING FROM BEHIND CAPTAINS SIDE AUTOPILOT SCOREBOARD. CAPTAINS SIDE AUDIO BOX INOP. ALL ANNUCIATOR LIGHTS ILLUMINATED AFTER SMOKE. DELTA MAINTENANCE WAS CALLED AND DETERMINED THE ALTITUDE ALERT ANNUCIATOR LIGHT SHORTED INTERNALLY. THE SECTION 6 CIRCUIT BREAKER HAD POPPED DUE TO THE SHORT. IT WAS DETERMINED THAT THE SHORT CIRCUIT WAS CAUSED BY WATER LEAKING INTO THE COCKPIT THROUGH THE L-1 WINDSHIELD. THE WINDSHEILD WAS RETORQUED PER THE MAINTENANCE MANUAL. LEAK CHECKS WERE GOOD MANUFATER PART NUMBER 1-211-120 WAS REPLACED. ALL COCKKPIT LIGHTS, MASTER TEST/DIM LIGHTS, ALTITUDE ALERT LIGHTS OPERATED NORMALLY. THE AUDIO BOX WAS DETERMINED TO BE A SEPERATE PROBLEM AND WAS RECORDED UNDER ITEM 4 OF THE LOG BOOK. THE AIRCRAFT WAS DISPATCHED WITHOUT FURTHER INCIDENT. CE2000IAC021 IS CONSIDERED CLOSED. REF PTRS #2000B0402",BOEING,737247,,Improper Maintenance;5610,,1.744245837074021,0.0,0.0,0.0,mild_growth,unknown,unknown,unknown,ASIAS
20000204001359I,2.0,,VMC,Daylight,UNK,Unknown,Unknown,2000,2,"(-23) JUST AFTER TAKE-OFF FROM TAMPA INTERNATIONAL AIRPORT, THE GEAR WAS RETRACTED AND THE NOSE GEAR WOULD NOT RETR

(-23) JUST AFTER TAKE-OFF FROM TAMPA INTERNATIONAL AIRPORT, THE GEAR WAS RETRACTED AND THE NOSE GEAR WOULD NOT RETRACT, THE AIRCRAFT RETURNED TO TPA.  THE NOSE LANDING GEAR DOWN LATCH ASSEMBLY PN 83221001-001, WAS FOUND IN THE LOCKED POSITION.  MECHANIC INSPECTED THE NOSE GEAR LOCK AND FOUND THE COMPRESSION SPRING PN 83221011-101 TENSION WAS LOW POSSIBLY CAUSING THE DOWN LOCK ASSEMBLY TO ROTATE BACK INTO THE LOCK POSITION.",DHAV,DHC8201,,"OPDEF, Other Than Pi;3230",,1.744245837074021,0.0,0.0,0.0,mild_growth,unknown,unknown,unknown,ASIAS
20000203002599I,2.0,,Unknown,Daylight,UNK,Unknown,5000+,2000,2,"ON FEBRUARY 3, 2000, AT 1022EA, A DO-328, S/N 3059, REGISTERED AS N441JS, OPERATED BY ""VNAA"" (PSA AIRLINES) AS FLIG

ON FEBRUARY 3, 2000, AT 1022EA, A DO-328, S/N 3059, REGISTERED AS N441JS, OPERATED BY ""VNAA"" (PSA AIRLINES) AS FLIGHT 4003 RETURNED TO PITTSBURGH, PA (PIT) SUE TO A DEICING PROBLEM. THE AIRCRAFT LANDED AND TAXIED TO THE GATE WITHOUT INCIDENT.  MAINTANANCE FOUND THE R/ELEVATOR HORN HEATER MAT HAD FAILED.  THE MAT WAS REPLACED I/A/W MM55/12/85 AND OP'S CHECKED.  THE AIRCRAFT WAS RETURNED TO SERVICE.  INVESTIGATION BT DESK AUDIT AND CLOSED.",DORNER,DO328100,,"OPDEF, Other Than Pi;3010",,1.744245837074021,0.0,0.0,0.0,mild_growth,unknown,unknown,unknown,ASIAS
20000208001839I,2.0,,Unknown,Dusk,UNK,Unknown,Unknown,2000,2,"(-23) AIRCRAFT EXPERIENCED AN AUTOFEATHER ON #2 ENGINE SHORTLY AFTER ROTATION.  AIRCRAFT RETURNED TO THE FIELD WITH

(-23) AIRCRAFT EXPERIENCED AN AUTOFEATHER ON #2 ENGINE SHORTLY AFTER ROTATION.  AIRCRAFT RETURNED TO THE FIELD WITHOUT EVENT.  MAINTENANCE DISCOVERED CANNON PLUG TO TORQUE SIGNAL CONDITION UNIT LOOSE ONE TURN.  MAINTENANCE REMOVED AND REPLACED TORQUE SIGNAL CONDITION UNIT, THE TORQUE PROBE AND THE SPIDER HARNESS ASSEMBLY.  CONDUCT FLEET CAMPAIGN TO CHECK FLEET PLUG STATUS.",DHAV,DHC8202,,Improper Maintenance;6122,,1.744245837074021,0.0,0.0,0.0,mild_growth,unknown,unknown,unknown,ASIAS
20000223016089I,2.0,,Unknown,Daylight,UNK,Unknown,Unknown,2000,2,"(-23)ENROUTE @ FLIGHT LEVEL 210 ELEVATOR TRIM FROZEN. TRIM WAS OPERABLE AFTER LANDING.  MAINTENANCE LUBED BOTH SCRE

(-23)ENROUTE @ FLIGHT LEVEL 210 ELEVATOR TRIM FROZEN. TRIM WAS OPERABLE AFTER LANDING.  MAINTENANCE LUBED BOTH SCREW JACK ASSEMBLIES.",DHAV,DHC8202,,"Miscellaneous, Other;2731",,1.744245837074021,0.0,0.0,0.0,mild_growth,unknown,unknown,unknown,ASIAS
20000204002699I,2.0,,Unknown,Daylight,UNK,Unknown,Unknown,2000,2,"ON FEBRUARY 2, 2000, AT 1000EST A BEECHCRAFT BE-1900-D, N833CA, S/N UE-24, REGISTERED TO CHAMPLAIN ENTERPRISES, INC

ON FEBRUARY 2, 2000, AT 1000EST A BEECHCRAFT BE-1900-D, N833CA, S/N UE-24, REGISTERED TO CHAMPLAIN ENTERPRISES, INC. DID PRECAUTIONARY SHUT DOWN ON THE NUMBER ONE ENGINE (LEFT) AFTER A LOW OIL PRESSURE INDICTION. MAINTENANCEPERSONNEL FOUND THAT THE #1 (LEFT) ENGINE OIL LEVEL WAS LOW, ^PRIVACY DATA OMITTED^                                                                          THE ENGINE OIL SCREENS WERE INSPECTED/CLEANED.  THE ENGINE WAS PLACED ON AN OIL CONSUMPTION WATCH, IAW THE OPERTORS CONTINUOUS AIRWORTHINESS MAINTENANCE PROGRAM.  VISUAL METEOROLOGICAL CONDITIONS PREVAILED AT THE TIME AND AN IFR FLIGTH WAS FILED.  THE AIRCRAFT WAS NOT DAMAGED AND THERE WERE NO INJURIES.  THE FLIGTH ORIGINATED AT THE ROCHESTER INTERNATIONAL AIRPORT, ROCHESTER, ON FEBRUARY, 4, 2000.",BEECH,1900D,,"OPDEF, Other Than Pi;7261",,1.744245837074021,0.0,0.0,0.0,mild_growth,unknown,unknown,unknown,ASIAS
20000204002609I,2.0,,Unknown,Daylight,UNK,Unknown,Unknown,2000,2,"(-5) ON FEBRUARY 4, 2000, VANGUARD AIRLINES, FLIGHT 297, A BOEING 737, WAS ENROUTE FROM MCI TO DEN. AFTER TAKE OFF

(-5) ON FEBRUARY 4, 2000, VANGUARD AIRLINES, FLIGHT 297, A BOEING 737, WAS ENROUTE FROM MCI TO DEN. AFTER TAKE OFF THE PILOT REPORTED THAT HE HAD A GEAR PROBLEM AND REQUESTED TO RETURN TO MCI. NO EMERGENCY OR EQUIPMENT REQUESTED AND THE PILOT LANDED AT MCI WITH NO FURTHER INCIDENT. THE PILOT'S LOG PAGE WRITE UP READ THAT THE GEAR LEVER WOULD NOT MOVE UP AFTER TAKE OFF. THE TAKE OFF WARNING DID NOT REMAIN SILENT WITH FLAPS UP. VANGUARD MAINTENANCE REVEALED THAT THE RIGHT HAND MAIN LANDING GEAR TELEFLEX CABLE WAS OUT OF ADJUSTMENT. VANGUARD MAINTENANCE PERFORMED ADJUSTMENTS TO THE TELEFLEX CABLE AND PERFORMED A GEAR SWING. THE MAIN LANDING GEAR OPERATIONALLY CHECKED NORMAL AS PER, MM27-62-51A. THE AIRCRAFT WAS RETURNED TO SERVICE.",BOEING,737222,,"OPDEF, Other Than Pi;3234",,1.744245837074021,0.0,0.0,0.0,mild_growth,unknown,unknown,unknown,ASIAS
20000216003269I,2.0,,IMC,Dusk,UNK,Unknown,5000+,2000,2,"AT TOP OF DESCENT, A VIBRATION WAS FELT AND DETERMINED TO BE FROM NUMBER ONE ENGINE. OVER STATION NUMBER ONE ENGINE

AT TOP OF DESCENT, A VIBRATION WAS FELT AND DETERMINED TO BE FROM NUMBER ONE ENGINE. OVER STATION NUMBER ONE ENGINE OIL QUANTITY WAS NOTED AT ZERO AND LOW OIL PRESSURE LIGHT ILLUMINATED.  SECURED ENGINE WITH EMERGENCY PROCEDURES AND LANDED WITHOUT INCIDENT.",BOEING,737210C,,"OPDEF, Other Than Pi;7200",,1.744245837074021,0.0,0.0,0.0,mild_growth,unknown,unknown,unknown,ASIAS
20000218002999I,2.0,,Unknown,Daylight,UNK,Unknown,Unknown,2000,2,"AIR CARRIER INBOUND TO MCI FROM DENVER REPORTED LIGHTING STRIKE, 20 MILES NE OF MCI. AIR TRAFFIC CONTROL DECLARED A

AIR CARRIER INBOUND TO MCI FROM DENVER REPORTED LIGHTING STRIKE, 20 MILES NE OF MCI. AIR TRAFFIC CONTROL DECLARED AN EMERGENCY.  AIRCRAFT LANDED AT MCI WITHOUT FURTHER INCIDENT.  VANGUARD MECHANICS ACCOMPLISHED LIGHTING STIKE INSPECTION I.A.W 53-30-3.  FOUND VERY MINOR BURNS FROM STATION 178-227.  PLACED ON C/I #P23535 AND RETURNED AIRCRAFT TO SERVICE.  THIS INCIDENT #CE2000ISC024 IS CONSIDERED CLOSED WITH THIS REPORT.",BOEING,737230,,"Miscellaneous, Other;5330",,1.744245837074021,0.0,0.0,0.0,mild_growth,unknown,unknown,unknown,ASIAS
20000407015999I,2.0,,Unknown,Night,UNK,Unknown,Unknown,2000,4,"(-23)INCIDENT REPORT FROM SBA ATCT. SKYWEST AIRLINES 5482/TYPE E120, ON 04/08/2000 @ 5:37 AM SKW 5482, E120 ENROUTE

(-23)INCIDENT REPORT FROM SBA ATCT. SKYWEST AIRLINES 5482/TYPE E120, ON 04/08/2000 @ 5:37 AM SKW 5482, E120 ENROUTE FROM THE NORTH DECLARED AN EMERGENCY DUE TO A PARKING BRAKE INDICATION. LANDED SAFELY AT SANTA BARBARA, CA AIRPORT ON 05/07/2000 AT 2152 PDT.  DAMAGE-NONE. INJURIES-NONE. ALL NINE FAA RESPONSIBILITIES WERE ADDRESSED CONTACTED ^PRIVACY^ AT DISPLATCH ANF VERIFIED DEPARTURE POINT AND OBTAINED THE PIC'S NAME.  ADDITIONALLY, CONTACTED ^PRIVACY DAT^ AT SKYWEST MAINTENANCE CONTROL TO OBTAIN INFORMATION EMERGENCY. N240SW PARKING BRAKE ""ON"" LIGHT ILLUMINATED INFLIGHT.  AIRCRAFT LANDED AT SBA AS SCHEDULED WITHOUT FURTHER INCIDENT. MAINTENANCE PERSONNEL FROM LAX REMOVED AND REPLACED RELAY K0115 AND RETURNED THE AIRCRAFT TO SERVICE.",EMB,EMB120,,"OPDEF, Other Than Pi;3240",,1.2153146936608517,5.555555555555558,10.723118213440275,0.0,mild_growth,strong_growth,strong_growth,unknown,ASIAS
20000403023069I,2.0,,VMC,Daylight,UNK,Unknown,Unknown,2000,4,"(-23)ON 4/3/00 AT 0900 LOCAL TIME ATLANTIC COAST AIRLINES F-7957, A CL-600, N627BR, DEPARTED IND AND DURING CLIMB T

(-23)ON 4/3/00 AT 0900 LOCAL TIME ATLANTIC COAST AIRLINES F-7957, A CL-600, N627BR, DEPARTED IND AND DURING CLIMB THE RIGHT ENGINE OIL PRESSURE WARNING LIGHT ILLUMINATED. THE CREW SHUT DOWN THE RIGHT ENGINE.  ATLANTIC COAST MECHANICS REMOVED AND REPLACED THE O-RING ON THE #2 EDP.  NUMBER 2 ENGINE SERVICE DIFFICULTY REPORT WAS SUBMITTED TO THE FAA BY ATLANTIC COAST AIRLINES.",CNDAIR,CL6002B19,,"OPDEF, Other Than Pi;7261",,1.2153146936608517,5.555555555555558,10.723118213440275,0.0,mild_growth,strong_growth,strong_growth,unknown,ASIAS
20000312001669I,2.0,,Unknown,Daylight,UNK,Unknown,Unknown,2000,3,"(-23) ON SUNDAY, MARCH 12, 2000 AT 1510 LOCAL, A TRANS STATES AIRLINES, D/B/A DELTA CONNECTION, JETSTREAM 4101, N55

(-23) ON SUNDAY, MARCH 12, 2000 AT 1510 LOCAL, A TRANS STATES AIRLINES, D/B/A DELTA CONNECTION, JETSTREAM 4101, N554HK, RETURNED TO LAND ON RUNWAY 4 AT THE GREATER ROCHESTER INTERNATIONAL AIRPORT DUE TO A CAUTION LIGHT INDICATION.  NO ASSISTANCE WAS REQUIRED AND THE AIRCRAFT TAXIED TO THE RAMP WITHOUT INCIDENT.  THE POD DOOR LIGHT HAD ILLUMINATED IN FLIGHT. MAINTRENANCE PERFORMED AN OPS CHECK OF THE DOOR AND INDICATION SYSTEM, WITH NO FAULTS FOUND.  THE AIRCRAFT WAS THEN RETURNED TO SERVICE.  THIS INCIDENT IS CONSIDERED CLOSED.",JETAIR,JETSTM4101,,"OPDEF, Other Than Pi;5270",,-2.908195088855814,0.0,0.0,0.0,mild_decline,unknown,unknown,unknown,ASIAS
20000329023099I,2.0,,Unknown,Dusk,UNK,PIC,Unknown,2000,3,"(-23)AMERICAN EAGLE FLIGTH 4235 (SIMA 4135) WAS HOLDING SHORT OF GATE G-19 WAITING FOR THE GROUND CREW. THE FLIGHT

(-23)AMERICAN EAGLE FLIGTH 4235 (SIMA 4135) WAS HOLDING SHORT OF GATE G-19 WAITING FOR THE GROUND CREW. THE FLIGHT CREWMEMBERS CLAIM ANOTHER AIRCRAFT CLIPPED THE AFT TAILCONE OF HTE AIRCRAFT.  THERE WERE NO WITNESSES TO THIS INCIDENT.  ALL POSSIBLE AIRCRAFT INVOLVED WERE INSPECTED AND NO DAMAGE WAS FOUND TO OTHER AIRCRAFT.  THE OTHER AIRCRAFT COULD NOT BY IDENTIFIED OR LOCATED.  THERE WERE NO INJURIES INVOLVED IN THIS INCIDENT.  THE DAMAGED AIRCRAFT WAS INSPECTED BY A FAA INSPECTOR.  THE DAMAGE WAS CONSISTANT WITH THE PILOT STATMENT, NAMELY ANOTHER AIRCRAFT WING STRUCK THE AFT TAILCONE.  REPAIRS WERE MADE TO THE AIRCRAFT.",EMB,EMB145LR,,"Miscellaneous, Other;Fail Avd Objs Or Obs",,-2.908195088855814,0.0,0.0,0.0,mild_decline,unknown,unknown,unknown,ASIAS
20000308004279I,2.0,,Unknown,Night,UNK,Unknown,Unknown,2000,3,"AS PER PILOT STATMENT, SEE ATTACHMENT, UPON ROTATION LT. INBD. TIRE BLEW, CONTINUED TO DESTINATION, LANDED AND TAXI

AS PER PILOT STATMENT, SEE ATTACHMENT, UPON ROTATION LT. INBD. TIRE BLEW, CONTINUED TO DESTINATION, LANDED AND TAXIED TO RAMP AREA. NO FURTHER INCIDENT INVOLVED, MX. REMOVED AND REPLACED WHEEEL AND TIRE ASSEMBLY, AND TRAILING EDGE FLAP TIP.",DOUG,DC932,,"Miscellaneous, Other;3244",,-2.908195088855814,0.0,0.0,0.0,mild_decline,unknown,unknown,unknown,ASIAS
20000306000869I,2.0,,Unknown,Night,UNK,Unknown,Unknown,2000,3,"DC-9-83, FLIGHT 180, DEPART STL FOR RSW AT APPROXIMATELY 1330 CST. JUST AFTER DEPART THE STL, TOWER REPORTED SMOKE

DC-9-83, FLIGHT 180, DEPART STL FOR RSW AT APPROXIMATELY 1330 CST. JUST AFTER DEPART THE STL, TOWER REPORTED SMOKE FROM THE LEFT MAIN GEAR AND RUBBER WAS ON THE RUNWAY. THE AIRCRAFT DIVERTED TO TPA TO HAVE TWA MECHANICS INSPECT THE AIRCRAFT. WHEN GEAR WAS EXTENDED THE CREW REPORTED A LEFT GEAR UNSAFE LIGHT. THE AIRCRAFT LANDED WITHOUT INCIDENT AND TAXIED TO THE GATE. TWA MAINTENANCE FOUND THE #2 LEFT MAIN TIRE RECAP SEPARATED FROM THE WHEEL TIRE ASSEMBLY. THE RECAP DAMAGED THE LEFT MAIN GEAR PROXIMITY SWITCH, LEFT INBOARD FLAP AND FLAP BUTHAL PANEL.",DOUG,DC983,,"OPDEF, Other Than Pi;3244",,-2.908195088855814,0.0,0.0,0.0,mild_decline,unknown,unknown,unknown,ASIAS
20000321001979I,2.0,,IMC,Night,UNK,Unknown,Unknown,2000,3,"(-23) ON MARCH 21, 2000, AT 2200 EST, A BE-1900, N172GA, OPERATED BY GULF STREAM INTERNATIONAL, DEPARTED TPA ENROUT

(-23) ON MARCH 21, 2000, AT 2200 EST, A BE-1900, N172GA, OPERATED BY GULF STREAM INTERNATIONAL, DEPARTED TPA ENROUTE TO FMY, HAD A RIGHT ENGINE FIRE WARNING LIGHT ON DEPARTURE.  THE RIGHT ENGINE WAS SHUT DOWN AND THE AIRCRAFT LANDED WITHOUT INCIDENT. MAINTENANCE FOUND THE RIGHT OUT BOARD LIP HEAT DUCT FLEX HOSE CLAMP, PN R20KS3, CAME LOOSE AND THE DUCT DISCONNECTED.",BEECH,1900,,Improper Maintenance;3010,,-2.908195088855814,0.0,0.0,0.0,mild_decline,unknown,unknown,unknown,ASIAS
20000319032529I,2.0,,Unknown,Daylight,UNK,Unknown,2000-5000,2000,3,"(-23)ON 3/19/00, A BOEING 727-732, N495DA, WAS NOT ABLE TO RETRACT THE LANDING GEAR AND RETURNED TO LGA. THE AIRCRA

(-23)ON 3/19/00, A BOEING 727-732, N495DA, WAS NOT ABLE TO RETRACT THE LANDING GEAR AND RETURNED TO LGA. THE AIRCRAFT LANDED AND CAME TO REST.  THE CREW THEN REPORTED SMOKE IN THE CABIN.  THE AIRCRAFT WAS THEN EVACUTED BY USING THE EMERGENCY SIDE CHUTES.  ALL 145 PASSENGERS AND CREW MEMBERS EXITED THE AIRCRAFT, BUT 4 INDIVIDUALS RECEIVED MINOR INJURIES AND WERE RELEASED ON THEIR OWN COGNIZANCE.  DURING THE INVESTIGATION, IT WAS FOUND THAT HTE LEFT MAIN LANGING GEAR ACTUATOR SENSOR ARM HAD DISCONNECTED DUE TO A MISSING BOLT.  THE ACTUATOR ASSEMBLY DETERMINES IF THE AIRCRAFT IS ONT HE GROUND OR FLIGHT MODE.  THE AIRCRAFT IN THIE CASE WAS STILL IN THE FLIGHT MODE, AND THE AIR CONDITION PACKS TO RUN WITHOUT HAVING FANS TURNED ON WHICH CAUSED THE SYSTEM TO OVER HEAT AND SMOKE.  NO ADDITIONAL FINDINGS WERE NOTED AND THE AIRCRAFT WAS THEN RELEASED BACK TO SERVICE AFTER BEING INSPECTED AND REPAIRED.",BOEING,727232,,"OPDEF, Other Than Pi;3260",,-2.908195088855814,0.0,0.0,0.0,mild_decline,unknown,unknown,unknown,ASIAS
20000302001769I,2.0,,Unknown,Daylight,UNK,Unknown,Unknown,2000,3,"(-23) UNITED AIRLINES FLIGHT 998 ENROUTE FROM SAN FRANCISCO, CA TO BOSTON, MA DIVERTED TO OMAHA, NE DUE TO AN ELECT

(-23) UNITED AIRLINES FLIGHT 998 ENROUTE FROM SAN FRANCISCO, CA TO BOSTON, MA DIVERTED TO OMAHA, NE DUE TO AN ELECTRICAL BURN SMELL DURING THE FLIGHT.  CONTRACT MAINTENANCE TRACED THE SMELL TO SEAT 10C, VDU WITH DEFECTIVE WIRING TO THE MONITOR ASSEMBLY AND ELECTRONIC BOX.  MAINTENANCE REMOVED ELECTRONIC BOX, SECURED THE WIRING AND DEFERRED THE ITEM IN THE MAINTENANCE RECORDS.",BOEING,767322,,"OPDEF, Other Than Pi;2330",,-2.908195088855814,0.0,0.0,0.0,mild_decline,unknown,unknown,unknown,ASIAS
20000303003399I,2.0,,Unknown,Unknown,UNK,Unknown,Unknown,2000,3,"#2 ENGINE FAILED AFTER TAKEOFF. MAINTENANCE FOUND #2 TURBINE FAILED, ALSO FOUND RT. HORIZONTAL STABILIZER LEADING E

#2 ENGINE FAILED AFTER TAKEOFF. MAINTENANCE FOUND #2 TURBINE FAILED, ALSO FOUND RT. HORIZONTAL STABILIZER LEADING EDGE HAD PUNCTURE. MAINTENANCE R&R ENGINE AND LEADING ADGE.  FAILURE WAS CONTAINED, ALL FAILED PARTS WENT OUT TAILPIPE. CLOSED.",BOEING,7373H4,,"OPDEF, Other Than Pi;7250",,-2.908195088855814,0.0,0.0,0.0,mild_decline,unknown,unknown,unknown,ASIAS
20000323004049I,2.0,,Unknown,Dusk,UNK,Other,Unknown,2000,3,"DURING TAXI-OUT AT CVG WHILE ATTEMPTING TO SECURE THE GALLEY FA^PRIVACY DATA OMI^OPENED A STORAGE COMPARTMENT FROM

DURING TAXI-OUT AT CVG WHILE ATTEMPTING TO SECURE THE GALLEY FA^PRIVACY DATA OMI^OPENED A STORAGE COMPARTMENT FROM WHICH A CONTAINER FOR PLASTIC CUPS FELL OUT, STRIKING HER IN THE FACE (RIGHT ORBITAL EYE AREA). THE AIRCRAFT RETURNED TO THE GATE WHERE IT WAS MET BY PARAMEDICS, WHO THEN TRANSPORTED THE FA TO ST LUKE HOSPITAL.  THE FA WAS ADDITTED AND REMAINED OVERNIGHT FOR OBSERVATION-SHE WAS CONSEQUENT RELEASED THE NEXT DAY-DIAGNOSED WITH A CONTUSION AND RELEASED/RETURNED TO DUTY. THE FLIGHT CONTINUED AS SCHEDULED WITH MINIMUM CABIN CREW (10 FAS).",BOEING,777232,,"Miscellaneous, Other;Other, Miscellaneous",,-2.908195088855814,0.0,0.0,0.0,mild_decline,unknown,unknown,unknown,ASIAS
20000306014779I,2.0,,VMC,Daylight,UNK,Unknown,Unknown,2000,3,"(-23) AIRCRAFT WAS DEPARTING RUNWAY 8 AT IAH AND BLEW A TIRE ON THE LEFT MAIN LANDING GEAR DURING TAKE OFF. AFTER L

(-23) AIRCRAFT WAS DEPARTING RUNWAY 8 AT IAH AND BLEW A TIRE ON THE LEFT MAIN LANDING GEAR DURING TAKE OFF. AFTER LANDING THE OTHER TIRE BLEW OUT.  THERE WAS MINOR DAMAGE TO THE A/C, AND NO EMERGENCY EVACUATION.  INVESTIGATION AS TO WHY THE TIRES BLEW IS NOT COMPLETED.",BOEING,7373TO,,Undetermined;3244,,-2.908195088855814,0.0,0.0,0.0,mild_decline,unknown,unknown,unknown,ASIAS
20000311002329I,2.0,,Unknown,Daylight,UNK,Unknown,5000+,2000,3,"(-23) ON MARCH 11, 2000, AT 0825E, A B-737 REGISTERED AS NO3DJ, AND OPERATING AS P2EA (VANGUARD) FLIGHT 701 WAS ON

(-23) ON MARCH 11, 2000, AT 0825E, A B-737 REGISTERED AS NO3DJ, AND OPERATING AS P2EA (VANGUARD) FLIGHT 701 WAS ON APPROACH TO ""PIT"" WHEN THEY REPORTED A PROBLEM WITH THE NOSE LANDING GEAR.  THE AIRCRAFTLANDED WITHOUT INCIDENT AND WAS TOWED TO THE GATE.  MAINTENANCE FOUND THE ""A"" SYSTEM HYDRAULIC QUANTITY TO BE EMPTY AND A HYDRAULIC RETURN LINE BROKEN.  THEY REPLACED THE LINE WITH A TEMPORARY FLEX LINE AND ENTERED IT AS A WATCH ITEM #W603716.  LINE TO BE REPLACED WITH A PERMANT PART AT A LATER DATE.  AIRCRAFT WAS RETURNED TO SERVICE.  INVESTIGATION BY DESK AUDIT AND CLOSED.",BOEING,737222,,"OPDEF, Other Than Pi;2910",,-2.908195088855814,0.0,0.0,0.0,mild_decline,unknown,unknown,unknown,ASIAS
20000330001789I,2.0,,Unknown,Night,UNK,Unknown,Unknown,2000,3,"(-23) ON 3/30/00, DELTA BOEING MODEL 767, S/N 25987, HAD EXPERIENCED AN UNCOMMANDED 60 DEGREE BANK ROLL TO RIGHT. T

(-23) ON 3/30/00, DELTA BOEING MODEL 767, S/N 25987, HAD EXPERIENCED AN UNCOMMANDED 60 DEGREE BANK ROLL TO RIGHT. THE CREW THEN APPLIED FULL LEFT AILERON, BUT THE AIRCRAFT DID NOT RECOVER UNTIL THE CREW APPLIED THE LEFT RUDDDER.  THE AIRCRAFT THEN RECOVERED AND FLEW NORMALLY AT THAT POINT.  THE AIRCRAFT THEN RETURNED BACK TO THE FIELD AND LANDED WITHOUT AN INCIDENT.  ACCORDING TO DELTA LOGBOOK ENTRY ON PAGES B-794649, 650, 703, 704, 705, 707, AND 708 THE CVR AND FDR WERE REMOVED AND SENT TO ATL. THEY THEN PERFORMED A MAINTENANCE SET-UP TEST ON THE AUTO PILOT/ILS AND INSPECTED THE RUDDER PUSH ROD SYSTEM.  ALL SYSTERMS WERE NORMAL.  THEY THEN REMOVED AND REPLACE THE LEFT, CENTER AND RIGHT FLIGHT CONTROL COMPUTERS.  A MODE CONTROL DISPLAY PANEL BITE TEST WAS PERFORMED.  THE AUTO PILOT MODE CONTROL PANEL WAS ALSO REMOVED AND REPLACED.  A FUNCTIONAL CHECK FLIGHT WAS THEN PERFORMED ON THE GROUND AND IN THE AIR.  ALL FLIGHT CONTROLS OPERATED NORMALLY AT THAT TIME.  THE AIRCRAFT WAS THEN RELEASED BACK TO SERVICE AND FLOWN TO BOEING FOR FURTHER INVESTIGATION.",BOEING,767332,,"OPDEF, Other Than Pi;2211",,-2.908195088855814,0.0,0.0,0.0,mild_decline,unknown,unknown,unknown,ASIAS
20000306004169I,2.0,,Unknown,Daylight,UNK,Unknown,Unknown,2000,3,"(.23) ON MARCH 6, 2000, AT 1810E, A DO-328-100, REGISTERED AS N426JS, OPERATED AS PSA (VNAA) FLIGHT 4087, TWICE ABO

(.23) ON MARCH 6, 2000, AT 1810E, A DO-328-100, REGISTERED AS N426JS, OPERATED AS PSA (VNAA) FLIGHT 4087, TWICE ABORTED TAKEOFF AT ""PIT"" ON RUNWAY 28L AND THEN TAXIED TO THE GATE WITHOUT INCIDENT. THE FIRST TAKEOFF WAS ABORTED DUE TO A ""R/PAC OVER PASS LIGHT"" BLEED AIR PROBLEM.  THE PILOT RAXIED OFF THE ACTIVE AND CALLED MAINTENACE CONTROL.  THE LIGHT WENT OUT AS SOON AS POWER WAS REDUCED AND MAINTENANCE CONTROL CLEARED THE AIRCRAFT TO TAKEOFF.  ON THE SECOND TAKEOFF, THE LIGHT CAME ON AGAIN WHEN POWER WAS APPILED.  THE TAKEOFF WAS AGAIN ABORTED AND THE AIRCRAFT TAXIED TO THE RAMP.  MAITENANCE REPLACED THE BLEED CONTROL VALVE AND OP'S CHECKED THE SYSTEM.  THE AIRCRAFT WAS THEN RETURNED TO SERVICE.  INVESTIGATION BY DESK AUDIT.  NOTE: NO INFORMATION FOR THE FLIGHT CREW WAS GIVEN TO THIS OFFICE BY THE OPERATOR BY DIRECTION OF THE POI, MR. JAMES YARBROUGH @ GL-07.  THREE REQUESTS HAVE BEEN MADE TO THE POI AND NONE WERE REPLIED TO.  ALSO, TWO CALLS WERE MADE TO MR. HARKMA, DOS FOR VNAA WITH NO REPLIES.",DORNER,DO328100,,"OPDEF, Other Than Pi;3610",,-2.908195088855814,0.0,0.0,0.0,mild_decline,unknown,unknown,unknown,ASIAS
20000227015409I,2.0,,Unknown,Daylight,UNK,Other,2000-5000,2000,2,"(-5) DURING PUSHBACK, AIRCRAFT STRUCK JETWAY CAUSING DAMAGE TO THE PITOT TUBE AND AN 8 INCH GASH 4 TO 5 FEET FROM T

(-5) DURING PUSHBACK, AIRCRAFT STRUCK JETWAY CAUSING DAMAGE TO THE PITOT TUBE AND AN 8 INCH GASH 4 TO 5 FEET FROM THE NOSE ON THE LEFT SIDE. NO INJURIES TO THE 369 OCCUPANTS AND CREW.",BOEING,747238B,,"Miscellaneous, Other;Fail Avd Objs Or Obs",,1.744245837074021,0.0,0.0,0.0,mild_growth,unknown,unknown,unknown,ASIAS
20000227020909I,2.0,,Unknown,Night,UNK,Other,Unknown,2000,2,"(-23) ON FEB 27, 2000, AT APPROXIMATELY 1330 PST, SWA FLIGHT 343 WHILE TAXIING TO GATE 5 MADE CONTACT WITH A SERVIC

(-23) ON FEB 27, 2000, AT APPROXIMATELY 1330 PST, SWA FLIGHT 343 WHILE TAXIING TO GATE 5 MADE CONTACT WITH A SERVICE VEHICLE DAMAGING THE #1 SLAT ON THE LEFT SIDE. THE FLIGHT CREW WAS FOLLOWING PROPER DIRECTIONS BY PARKING MARCHALS IN INCLEMENT WEATHER CONDITIONS REQUIRING THE USE OF WIND SHIELD WIPERS. A SERVICE TRUCK WAS OCCUPYING A SMALL AREA BETWEEN GATES 3B AND 5. AT THE TIME OF THE INCIDENT THIS AREA WAS NOT PROPERLY MARKED AS A ""KEEP CLEAR"" ZONE. WITH NO MARKINGS AVAILABLE, THE DRIVER OF THE TRUCK ASSUMED IT WAS A SAFE ZONE. THE SIZE OF THE AREA, THE HEIGHT OF THE TRUCK, AND THE GEOMETRY OF THE AIRCRAFT WING RESULTED IN CONTACT BETWEEN AIRCRAFT AND TRUCK AT THE MOMENT OF PARKING AT GATE5. THE AREA IN QUESTION HAS BEEN PAINTED AND CROSS CHECKED WITH MARKINGS TO DELINEATE A ""KEEP CLEAR"" AREA TO PRECLUDE FUTURE OCCURRENCES.",BOEING,7373Y0,,"Miscellaneous, Other;Inadeq Sup-Vision Tr",,1.744245837074021,0.0,0.0,0.0,mild_growth,unknown,unknown,unknown,ASIAS
20000303021189I,2.0,,IMC,Night,UNK,Unknown,Unknown,2000,3,"(-5) WHILE ON APPROACH TO JOHN WAYNE /ORANGE COUNTY AIRPORT, IN STORMY WEATHER, THE CREW NOTICED A ""TRAILING EDGE""

(-5) WHILE ON APPROACH TO JOHN WAYNE /ORANGE COUNTY AIRPORT, IN STORMY WEATHER, THE CREW NOTICED A ""TRAILING EDGE"" LIGHT CAME ON AT FLAPS 5 DEGREES. DUE TO THE WEATHER AND WORKLOAD, THE CAPTAIN ELECTED TO FLY THE AIRCRAFT AND HANDLE COMMUNICATIONS WHILE THE FIRST OFFICER DEALT WITH THE FLAP PROBLEM. THE F/O RESOLVED THE PROBLEM AND THE AIRCRAFT LANDED WITH NORMAL FLAPS ON A WET RUNWAY. DURING LANDING ROLLOUT A MAIN GEAR TIRE BLEW OUT.",BOEING,757223,,"OPDEF, Other Than Pi;2750",,-2.908195088855814,0.0,0.0,0.0,mild_decline,unknown,unknown,unknown,ASIAS
20000311004259I,2.0,,IMC,Night,UNK,Unknown,Unknown,2000,3,"ON MARCH 11, 2000 AT 2055 EST, A B-727 DEPARTED PIE-IND N786AT, REGISTERED TO AMERICAN TRANS AIR. FORTY FIVE MINUTE

ON MARCH 11, 2000 AT 2055 EST, A B-727 DEPARTED PIE-IND N786AT, REGISTERED TO AMERICAN TRANS AIR. FORTY FIVE MINUTES INTO THE FLIGHT THE CREW REPRTED A COMPLETE ""A"" SYSTEM HYDRAULIC FAILURE.  THE AIRCRAFT DIVERTED TO MCO AN LANDED WITHOUT INCIDENT.  MAINTENANCE FOUND THE RIGHT HAND FLAP POWER DRIVE UNIT LEAKING AT THE MATING SURFACE TO THE FLAP DRIVE UNIT.",BOEING,727214,,"OPDEF, Other Than Pi;2752",,-2.908195088855814,0.0,0.0,0.0,mild_decline,unknown,unknown,unknown,ASIAS
20000321015989I,2.0,,VMC,Night,UNK,Unknown,Unknown,2000,3,"(-23)AIRCRAFT BLEW #2 TIRE ONTAKEOFF FROM IAH AT 155 KTS. AFTER LANDING THE PAX WERE TAKEN BY BUS TO THE TERMINAL.

(-23)AIRCRAFT BLEW #2 TIRE ONTAKEOFF FROM IAH AT 155 KTS. AFTER LANDING THE PAX WERE TAKEN BY BUS TO THE TERMINAL. AIRCRAFT WAS TOWED FORM THE RUNWAY TO A TAXIWAY.  AIRCRAFT DAMAGED BY TIRE, LARGE HOLE IN WING TO BODY FAIRING T/E FLAP, RT GEAR DOOR AND GEAR STRUT, RT UPPER WING PANEL.  INVESTIGATION AS TO WHY THE TIRES BLEW IS NOT COMPLETED.",BOEING,7373TO,,"OPDEF, Other Than Pi;3244",,-2.908195088855814,0.0,0.0,0.0,mild_decline,unknown,unknown,unknown,ASIAS
20000323032269I,2.0,,Unknown,Daylight,UNK,Unknown,5000+,2000,3,"(-23)PILOT REPORTED A/C HYDRAULIC SYSTME ""A"" QUANTITY LOSS APPROXIMATELY 7 MILES BEFORE ARRIVAL POINT (ABE). PILOT

(-23)PILOT REPORTED A/C HYDRAULIC SYSTME ""A"" QUANTITY LOSS APPROXIMATELY 7 MILES BEFORE ARRIVAL POINT (ABE). PILOT (CAPT.) DECLARED AN EMEGENCY, OVERFLEW THE AIRPORT AND LANDED WITH 15 DEGREES OF FLAPS ON RUNWAY 16 AT 1726Z.  AIRCRAFT STOPPED ON THE RUNWAY AND SHUTDOWN.  AIRCRAFT WAS TOWED FROM THE RUNWAY AFTER APPROXIMATELY 3 MINUTES.  MAINTENANCE INSPECTED AND FOUND A BROKEN HYDRAULIC LINE IN NOSE WELL.",BOEING,737232,,"OPDEF, Other Than Pi;2910",,-2.908195088855814,0.0,0.0,0.0,mild_decline,unknown,unknown,unknown,ASIAS
20000311003859I,2.0,,Unknown,Daylight,UNK,Other,5000+,2000,3,"ALASKA FLIGHT 444, RETURNED TO KSEA SHORTLY AFTER DEPARTUREDUE TO DISCOVERY BY A LFIGHT ATTENDANT OF WHAT APPEARED

ALASKA FLIGHT 444, RETURNED TO KSEA SHORTLY AFTER DEPARTUREDUE TO DISCOVERY BY A LFIGHT ATTENDANT OF WHAT APPEARED TO BE EXPLOSIVE DEVICE (MBS) FOUND ON A CHILDS CARRY-ON-BAG IN THE OVERHEAD. THE AIRCRAFT WAS DIRECTED TO AND PARKED IN A REMOTE AREA OF THE KSEA AIRPORT.  DUE TO THE SLOW OPENING OF THE L1 AIRSTAIR AND DEPLANNIG PROCESS, THE CAPTAIN DIRECTED AN EMERGENCY EVACUATION TO EXPITE DEPLANNING.",DOUG,DC983,,"Miscellaneous, Other;Other, Miscellaneous",,-2.908195088855814,0.0,0.0,0.0,mild_decline,unknown,unknown,unknown,ASIAS
20000324027279I,2.0,,Unknown,Daylight,UNK,Other,Unknown,2000,3,"(-23)AN EIR NUMBER 2000GL250065 HAS BEEN FOWARDED TO AGL-6 ALLEGING THAT ^PRIVACY DATA OMITTED^ VIOLATED 121.580 (I

(-23)AN EIR NUMBER 2000GL250065 HAS BEEN FOWARDED TO AGL-6 ALLEGING THAT ^PRIVACY DATA OMITTED^ VIOLATED 121.580 (INTERFERENCE WITH A CREW MEMBER). ^PRIVACY DATA OMITTED^",,,,"Miscellaneous, Other;Cntl Intfr By Passen",,-2.908195088855814,0.0,0.0,0.0,mild_decline,unknown,unknown,unknown,ASIAS
20000307003799I,2.0,,Unknown,Daylight,UNK,Unknown,5000+,2000,3,"NUMBER ONE ENGINE FIRE WARNING ACTIVATED ON LCIMBOUT 2 MINTUES AFTER TAKEOFF. ENGINE FIRE AND SHUTDOWN PROCEDURES W

NUMBER ONE ENGINE FIRE WARNING ACTIVATED ON LCIMBOUT 2 MINTUES AFTER TAKEOFF. ENGINE FIRE AND SHUTDOWN PROCEDURES WERE FOLLOWED.  THE ENGINE FIRE INDICATION ENDED UPON DISCHARGE FO THE FIRST FIRE RETARDANT BOTTLE.  AN EMERGENCY WAS DELCARED AND THE AIRCRAFT REUTRNED TO SPOKANE.  APPROACH AND LANDING WERE UNEVENTFUL.  MAINTENANCE INSPECTED THE ENGINE AND FOUND NO EVIDNECE OF FIRE.  ONE FIRE LOOP AND THE FIRE WARNING AMPLIFIER WERE REPLACED AS PRECAUTIONARY.",FOKKER,F28MK4000,,"OPDEF, Other Than Pi;2612",,-2.908195088855814,0.0,0.0,0.0,mild_decline,unknown,unknown,unknown,ASIAS
20000310004119I,2.0,,Unknown,Daylight,UNK,Unknown,Unknown,2000,3,"DURING A FLIGHT FROM ROCHESTER, NY, TO CLEVELAND, OH, THE LEFT ENGINE OIL PRESSURE INDICATOR STARTED TO FLUCTUATE.

DURING A FLIGHT FROM ROCHESTER, NY, TO CLEVELAND, OH, THE LEFT ENGINE OIL PRESSURE INDICATOR STARTED TO FLUCTUATE. THE PILOT PERFORMED A PRECAUTIONARY ENGINE SHUTDOWN.  THE PILOT REQUESTED A DIVERSION TO ERIE INT'L AIRPORT.  THE AIRCRAFT LANDED AND TAXIED TO THE RAMP WITHOUT INCIDENT.  THE ENGINE WAS TROUBLESHOT, EIGHT QUARTS OF OIL WERE ADDED, ENGINE WAS TEST RUN, AND PLACED ON AN ENGINE WATCH BY THE OPERATOR.  THE AIRCRAFT WAS RETURNED TO SERVICE LATER THAT DAY.  AS OF 3-22-00, THE ENGINE WAS PERFORMING WITHIN LIMITS.  AS OF 3-29-00 AT 9:30 AM EASTERN TIME, ISIS GAVE THE PILOT'S FIRST CLASS MEDICAL DATE AS APRIL 14, 1999.  THE PMI IS AWARE OF THR INCIDENT AND IS MONITORING THE OPERATOR AND THE ENGINE .  A CC:MAIL MESSAGE WAS SENT CONCERNING THE PILOT'S MEDICAL.",AEROSP,ATR42320,,Undetermined;7261,,-2.908195088855814,0.0,0.0,0.0,mild_decline,unknown,unknown,unknown,ASIAS
20000228002959I,2.0,,VMC,Daylight,UNK,Unknown,2000-5000,2000,2,"SMOKE/FUMES IN CABIN, OIL DETECTED ON RIGHT ENGINE, RETURNED TO BNA, SHUTDOWN ENGINE AFTER LANDING. EVACUATED PAX (

SMOKE/FUMES IN CABIN, OIL DETECTED ON RIGHT ENGINE, RETURNED TO BNA, SHUTDOWN ENGINE AFTER LANDING. EVACUATED PAX (3) UTILIZING NORMAL EXIT DOOR ON TAXIWAY.  OIL LEAK CAUSED BY PROP DOME SEAL FAILURE.  REPLACED PROP ASSEMBLY AND AIRCRAFT FERRIED TO IND THE NEXT DAY.",BAG,JETSTM3101,,"OPDEF, Other Than Pi;6120",,1.744245837074021,0.0,0.0,0.0,mild_growth,unknown,unknown,unknown,ASIAS
20000320022929I,2.0,,Unknown,Daylight,UNK,Unknown,Unknown,2000,3,"(-23)AT 2000' ON CLIMBOUT FROM SBN, THE LEFT ENGINE FIRE WARNING LIGHT CAME ON. AFTER FIRE BOTH BOTTLES, THE LIGHT

(-23)AT 2000' ON CLIMBOUT FROM SBN, THE LEFT ENGINE FIRE WARNING LIGHT CAME ON. AFTER FIRE BOTH BOTTLES, THE LIGHT WENT OUT.  PILOT SHUT DOWN LEFT ENGIEN AND RETURNED TO SBN WITH NO PROBLEMS.  MAINTENANCE INSPECTION FOUND THE ENGINE FIRE WARNING INDICATOR LOOP CHAFFING ON A BRACKET ON THE OUTBOARD SIDE OF THE LEFT ENGINE.  SDR REPORT ON FILE WITH COMPANY AND SBN FSDO.",JETAIR,JETSTM4101,,"OPDEF, Other Than Pi;2612",,-2.908195088855814,0.0,0.0,0.0,mild_decline,unknown,unknown,unknown,ASIAS
20000320023319I,2.0,,VMC,Dawn,UNK,Unknown,Unknown,2000,3,"(-23)#1 ENGINE BATA LIGHT ILLUMINATED AT BEGINNING OF THE TAKE-OFF ROLL. TAKE-OFF WAS ABORTED ON RUNWAY 10R.  CHQA

(-23)#1 ENGINE BATA LIGHT ILLUMINATED AT BEGINNING OF THE TAKE-OFF ROLL. TAKE-OFF WAS ABORTED ON RUNWAY 10R.  CHQA MAINTENANCE PERSONNEL NOTED TURBINE BLADE DAMAGE DURING INITIAL INVESTIGATION.  #1 ENGIEN TO BE REMOVED & REPLACED AT CMH.",BAG,JETSTM3101,,"OPDEF, Other Than Pi;7250",,-2.908195088855814,0.0,0.0,0.0,mild_decline,unknown,unknown,unknown,ASIAS
20000409020099I,2.0,,VMC,Daylight,UNK,Unknown,Unknown,2000,4,"(-23)ON APRIL 9, 2000, AT 1320 EST A BOEING B737-232, OPERATED BY DELTA AIRLINES, REPORTED AN ABRUPT 30 DEGREE ROLL

(-23)ON APRIL 9, 2000, AT 1320 EST A BOEING B737-232, OPERATED BY DELTA AIRLINES, REPORTED AN ABRUPT 30 DEGREE ROLL WHILE ON APPROACH TO REGION SOUTHWEST INTERNATIONAL AIRPORT, FT MEYERS, FLORIDA. AT 140 FL, 330 KTS IN DESCEND AND AUTOPILOT ON, WHEN SPEEDBRAKE WAS ENGAGED AIRCRAFT BEGAN TO ROLL FROM LEFT TO RIGHT.  WHEN SPEED BRAKE WAS RETRACTED AND AUTOPILOT DISENGAGED AIRCRAFT RESPONDED NORMALLY FOR LEVEL FLIGHT.  AIRCRAFT LANDED WITHOUT INCIDENT.",BOEING,737232,,"OPDEF, Other Than Pi;2760",,1.2153146936608517,5.555555555555558,10.723118213440275,0.0,mild_growth,strong_growth,strong_growth,unknown,ASIAS
20000402001949I,2.0,,IMC,Night,UNK,Unknown,Unknown,2000,4,"(-23) ON APRIL 2, 2000, AT 2115 EST, A MCDONNELL DOUGLAS, DC-9-82, N93875, OPERATED BY CONTINENTAL AIRLINES, FLIGHT

(-23) ON APRIL 2, 2000, AT 2115 EST, A MCDONNELL DOUGLAS, DC-9-82, N93875, OPERATED BY CONTINENTAL AIRLINES, FLIGHT 1671 FROM TAMPA INTERNATIONAL AIRPORT TO HOUSTON INTERCONTINENTAL AIRPORT, TX, LOST POWER ON THE NUMBER 2 ENGINE ON CLIMBOUT THROUGH 250FL.  THE CAPTAIN REPORTED HEARING A LOUD BANG, LOST EPR AND HAD A RISE IN EGT INDICATION.  ENGINE CONTINUED TO RUN BUT NOT NORMAL.  AIRCRAFT RETURNED TO TAMPA INTERNATIONAL AIRPORT LANDED WITHOUT INCIDENT.  ON FUTURE INSPECTION, THE EXHAUST TURBINE BLADES WERE BADLY DAMAGED AND LARGE PORTION OF TURBINE BLADES MISSING.",DOUG,DC982,,"OPDEF, Other Than Pi;7250",,1.2153146936608517,5.555555555555558,10.723118213440275,0.0,mild_growth,strong_growth,strong_growth,unknown,ASIAS
20000305022919I,2.0,,VMC,Daylight,UNK,Unknown,2000-5000,2000,3,"(-23)AIRCRAFT WAS ON A SCHEDULED FLIGHT FROM STL TO SPI. WHILE ON INITIAL APPROACH INOT SPI, THE RIGHT ENGINE START

(-23)AIRCRAFT WAS ON A SCHEDULED FLIGHT FROM STL TO SPI. WHILE ON INITIAL APPROACH INOT SPI, THE RIGHT ENGINE STARTED TO RUN ERRATIC WITH THE TORQUE FLUCTUATING PLUS/MINUS 50% WITH VERY ERRATIC OIL PRESSURE.  ENGINE THEN LOST OIL PRESSURE COMPLETELY.  ENGINE WAS SHUT DOWN IN FLIGHT, AND A UNEVENTFUL LANDING MADE AT SPI.  ENGINE WAS CHANGED.",JETAIR,JETSTM4101,,"OPDEF, Other Than Pi;7900",,-2.908195088855814,0.0,0.0,0.0,mild_decline,unknown,unknown,unknown,ASIAS
20000323032919I,2.0,,Unknown,Daylight,UNK,Unknown,Unknown,2000,3,"(-23)ON FRIDAY, JUNE 23, 2000 AT 1240 LOCAL, A CL-600, N77331, FLIGHT 5793, OPERATED BY MESA AIRLINES, AFTER TAKEOF

(-23)ON FRIDAY, JUNE 23, 2000 AT 1240 LOCAL, A CL-600, N77331, FLIGHT 5793, OPERATED BY MESA AIRLINES, AFTER TAKEOFF FROM ROCHESTER INTERNATIONAL AIRPORT AND BOUND FOR LGA, EXPERIENCED A LANDING GEAR ""DISAGREEMENT"" LIGHT AND BUFFETING. THE LANDING GEAR WAS RECYCLED  TWICE WITH THE SAME PROBLEM RECURRING EACH TIME.  THE CREW RETURNED TO LAND AT ROC UNEVENTFULLY.  THE AIRCRAFT TAXIED TO THE TERMINAL AND THE PASSENGERS WERE DEPLANED.  THE LOCAL FBO WAS UNABLE TO JACK THE AIRCRAFT HIGH ENOUGH TO SWING THE GEAR.  THE GEAR WAS SUBSEQUENTLY ""PINNED"" DOWN AND THE AIRCRAFT WAS FERRIED TO COMPANY MAINTENANCE IN PHL.  THIS INCIDENT IS CONSIDERED CLOSED.",CNDAIR,CL6002B19,,"OPDEF, Other Than Pi;3200",,-2.908195088855814,0.0,0.0,0.0,mild_decline,unknown,unknown,unknown,ASIAS
20000412023249I,2.0,,VMC,Unknown,UNK,Unknown,Unknown,2000,4,"(-23)AMERICAN TRANS AIR FLIGHT TZ425 DEPARTED INDIANAPOLIS ENROUTE TO ST. PETERSBURG AND RETURNED TO INDIANAPOLIS S

(-23)AMERICAN TRANS AIR FLIGHT TZ425 DEPARTED INDIANAPOLIS ENROUTE TO ST. PETERSBURG AND RETURNED TO INDIANAPOLIS SHORTLY AFTER TAKOE-OFF AFTER THE FLIGTH CREW SHUT DOWN THE #3 ENGINE AS A PRECAUTION DUE TO A START VALVE OPEN ILUMINATING AND SHORTLY THERE AFTER THE FIRE WARNING LIGHT ILUMINATING. THE BLEED AIR WAS ISOLATED AND THE LIGTHS WENT OUT.  THE AIRCRAFT DUMPED FUEL APPROXIMATELY 30 MILES EAST OF INDIANAPOLIS AT 400 FT.  THE AIRCRAFT LANDED AT THE INDIANAPOLIS AIRPORT ON RUNWAY 23L WITHOUT INCIDENT.  EMERGENCY EQUIPMENT WAS CALLED AND WAS STANDING BY AT THE RUNWAY.",BOEING,7272B7,,2150,,1.2153146936608517,5.555555555555558,10.723118213440275,0.0,mild_growth,strong_growth,strong_growth,unknown,ASIAS
20000314021179I,2.0,,VMC,Daylight,UNK,Unknown,Unknown,2000,3,"(-5) AT APPROXIMATELY 1345 LOCAL, A RIGHT NOSE GEAR TIRE DEPARTED AMERICAN AIRLINES FLIGHT 2245 WHILE OVER SOUTHGAT

(-5) AT APPROXIMATELY 1345 LOCAL, A RIGHT NOSE GEAR TIRE DEPARTED AMERICAN AIRLINES FLIGHT 2245 WHILE OVER SOUTHGATE, CA. THE TIRE IMPACTED THE GROUND AND CAME TO REST IN A VACANT CHURCH PARKING LOT. SOUTHGATE POLICE SECURED THE AREA. NTSB WAS NOTIFIED BY AWP-6. INSPECTORS ARN/CAP RESPONDED TO LAX, AND GIL/FRA RESPONDED TO SOUTHGATE.",BOEING,757223,,"OPDEF, Other Than Pi;3246",,-2.908195088855814,0.0,0.0,0.0,mild_decline,unknown,unknown,unknown,ASIAS
20000331023059I,2.0,,VMC,Night,UNK,Unknown,Unknown,2000,3,"(-23)ON 3/31/00 AT 2050 LOCAL TIME ATLANTIC COAST AIRLINES FLIGHT 7807, A CL-600 REGIONAL JET ENROUTE FROM CHICAGO

(-23)ON 3/31/00 AT 2050 LOCAL TIME ATLANTIC COAST AIRLINES FLIGHT 7807, A CL-600 REGIONAL JET ENROUTE FROM CHICAGO O'HARE (ORD) TO MOBILE, AL (MOB) DIVERTED TO INDIANAPOLIS DUE TO A LOSS OF HYDRAULIC PRESSURE AND FLUID QUANTITY IN THE #2 SYSTEM. ATLANTIC COAST MECHANICS FORM DULLES REMOVED AND REPLACED 1 EA. BROKEN HYDRAULIC SERVICING LINE, PN 601R75286-57 AND 1 EA. WORN HYDRAULIC SERVICING ADAPTER PN AE99147E.  THE #2 SYSTEM HYDRAULIC SERVICING ADAPTER RETAINING NUT, PN AN924-4 LOOSENED CAUSING THE ABOVE INCIDENT.  ^PRIVACY DATA OMITTED^",CNDAIR,CL6002B19,,"OPDEF, Other Than Pi;2910",,-2.908195088855814,0.0,0.0,0.0,mild_decline,unknown,unknown,unknown,ASIAS
20000513024429I,2.0,,Unknown,Daylight,UNK,Other,Unknown,2000,5,"(-23) A/C DEPARTED AND COULD NOT RETRACT THE GEAR. RETURNED TO FWA WHERE THE NOSE GEAR PIN WAS FOUND TO BE STILL IN

(-23) A/C DEPARTED AND COULD NOT RETRACT THE GEAR. RETURNED TO FWA WHERE THE NOSE GEAR PIN WAS FOUND TO BE STILL INSTALLED.",CNDAIR,CL6002B19,,"Miscellaneous, Other;Fail Follow Approved",,1.0257923255435841,-2.6666666666666727,10.723118213440275,0.0,mild_growth,mild_decline,strong_growth,unknown,ASIAS
20000428017639I,2.0,,Unknown,Daylight,UNK,PIC,Unknown,2000,4,"(-23)ON 4-28-00 AT APPROXIAMTELY 1950, AMERICAN AIRLINES FLIGHT 1317 INGESTED A BIRD UPON ROTATION FOR TAKE-OFF. TH

(-23)ON 4-28-00 AT APPROXIAMTELY 1950, AMERICAN AIRLINES FLIGHT 1317 INGESTED A BIRD UPON ROTATION FOR TAKE-OFF. THE BIRD WAS IDENTIFIED AS A BLUE GOOSE.  IT CAUSED A SEVERE ENGINE FAILURE OF THE #1 ENGINE.  THE AICRAFT WAS TAXIED TO THE GATE AND PASSENGERS WERE ACCOMODATED ON ANOTHER FLIGHT.  AMERICAN MECHANICS WERE FLOWN IN AND CHANGED THE #1 ENGINE.  THE AIRCRAFT WAS THEN ABLE TO DEPART ON A REVISED SCHEDULE.  INCIDENT #CE052000IAC044 IS CONSIDERED CLOSED WITH THE FILING OF THIS REPORT.",BOEING,727227,,"Miscellaneous, Other;Struck Birds In Flig",,1.2153146936608517,5.555555555555558,10.723118213440275,0.0,mild_growth,strong_growth,strong_growth,unknown,ASIAS
20000519032579I,2.0,,VMC,Daylight,UNK,Unknown,5000+,2000,5,"(-23)ENROUTE FROM COLUMBUS, OH TO ATLANTIC CITY, NJ, @ 27000' CRUISE ALTITUDE, THE F/O SMELLED A BURING ODOR. THE C

(-23)ENROUTE FROM COLUMBUS, OH TO ATLANTIC CITY, NJ, @ 27000' CRUISE ALTITUDE, THE F/O SMELLED A BURING ODOR. THE CAP'T STATED HE NOTICED A FAINT WISP OF SMOKE RISING FROM THE F/O'S LOWER PANEL AREA.  THEY ELECTED TO LAND AT MDT AND DURING DESCENT THE SMOKE AND SMELL DISSAPATED.  THE LANDING WAS UNEVENTFUL AND THE PASSENGERS WERE DEPLANED USING THE AIRCRAFT AIRSTAIRS.",BOEING,7372H4,,Undetermined;3310,,1.0257923255435841,-2.6666666666666727,10.723118213440275,0.0,mild_growth,mild_decline,strong_growth,unknown,ASIAS
20000511032929I,2.0,,Unknown,Daylight,UNK,PIC,Unknown,2000,5,"(-23)ON APRIL 11, 2000, A BOEING 737, N778U, OPERATED BY US AIRWAYS INC., EXPERIENCED A BIRD STRIKE ON THE LEFT WIN

(-23)ON APRIL 11, 2000, A BOEING 737, N778U, OPERATED BY US AIRWAYS INC., EXPERIENCED A BIRD STRIKE ON THE LEFT WING WHEN DEPARTING RUNWAY 28 AT SYRACUSE INTERNATIONAL AIRPORT. THE AIRCRAFT RETURNED AND LANDED ON RUNWAY 28 AT 0855E AND TAXIED TO THE RAMP WITHOUT INCIDENT.  MAINTENANCE PERSONNEL INSPECTED THE AIRCRAFT AND NOTED THAT NUMBER ONE ENGINE HAD FAN BLADES DAMAGED DUE TO A BIRD STRIKE.  THE ENGINE WAS REMOVED AND REPLACED.  THE AIRCRAFT WAS THEN RETURNED TO SERVICE.  VISUAL METEOROLOGICAL CONDITIONS PREVAILED AT THE TIME AND AN IFR FLIGHT PLAN WAS FILED.  THE AIRCRAFT WAS NOT DAMAGED AND THERE WERE NO INJURIES.  THE FLIGHT ORIGINATED AT SYRACUSE AIRPORT, SYRACUSE, NY ON MAY 11, 2000.",BOEING,7374B7,,"Miscellaneous, Other;Struck Birds In Flig",,1.0257923255435841,-2.6666666666666727,10.723118213440275,0.0,mild_growth,mild_decline,strong_growth,unknown,ASIAS
20000426023149I,2.0,,Unknown,Daylight,UNK,Unknown,Unknown,2000,4,"(-23)MAINT LOG REPORTED ELEVATOR CONTROL STIFF, WITH SLIGHT VIBRATION IN FLIGHT. MAINT INSP. FOUND RH ELEVATOR JAMM

(-23)MAINT LOG REPORTED ELEVATOR CONTROL STIFF, WITH SLIGHT VIBRATION IN FLIGHT. MAINT INSP. FOUND RH ELEVATOR JAMMED IN NOSE UP POSITION.  FURTHER INVESTIGATION REVEALED ELEVATOR HYDRAULIC BOOST CYLINDER ATTACH ROD END P/N 4918153-1 SPEARATED FROM ELEV. FITTING DUE LOSS OF NUT THAT WAS NOT SECURED BY COTTER PIN.  ACFT WAS RTN TO SERV AFT HEAVY MAINT FR REPAIR STA.  2/2000 AND OPER. 349 HR. AND 839 CYC. THE ACFT FLIGHT CONTROL WAS OPERATED FROMT HE CAPT SIDE AND F/O SIDE ELEV WAS JAMMED.  ^PRIVACY DATA OM^  REPORT CLOSED.",DOUG,DC951,,Improper Maintenance;2730,,1.2153146936608517,5.555555555555558,10.723118213440275,0.0,mild_growth,strong_growth,strong_growth,unknown,ASIAS
20000414039669I,2.0,,Unknown,Daylight,UNK,Unknown,Unknown,2000,4,"(-23)ON APRIL 14, 2001, A MD-80, S/N 49583, REGISTERED AS AND OPERATING AS DALA FLIGHT 2155, WAS ENROUTE FROM ""YYZ""

(-23)ON APRIL 14, 2001, A MD-80, S/N 49583, REGISTERED AS AND OPERATING AS DALA FLIGHT 2155, WAS ENROUTE FROM ""YYZ"" TO ""ALT"" AND DIVERTED TO ""PIT"" AFTER DECLARING AN EMERGENCY DUE TO THE RIGHT ""OIL STRAINER CLOG"" LIGHT COMING ON INTERMITTENTLY. THE ENGINE WAS SHUT DOWN.  THE AIRCRAFT LANDED AND TAXIED TO THE GATE WITHOUT INCIDENT.  MAINTENANCE REMOVED AND INSPECTED OIL FILTER.  NO DEFECT WAS NOTED, AND A NEW OIL FILTER WAS INSTALLED AS ENGINE PER M.M.  THE ENGINE OIL WAS ALSO DRAINED AND REPLACED.  THE MON FAIL INDICATION WAS CLEARED, AND THE ENGINE WAS TEST RUN AND LEAK CHECKED--ALL NORMAL.  THE ""FDR"" WAS REMOVED AS PER M.M.C. AND REPLACED WITH A SERVICEABLE UNIT PER M.M. THE AIRCRAFT WAS RETURNED TO  SERVICE.  INVESTIGATION BY DESK AUDIT AND CLOSED.",DOUG,MD88,,"OPDEF, Other Than Pi;7261",,1.2153146936608517,5.555555555555558,10.723118213440275,0.0,mild_growth,strong_growth,strong_growth,unknown,ASIAS
20000513016369I,2.0,,Unknown,Daylight,UNK,Unknown,500-2000,2000,5,"(-23)ON MAY 13, 2000 AT 1727E, A DC-9, S/N 47046 REGISTERED AS N602NW, DIVERT AND LANDED AT 'PIT' AND TAXIED TO THE

(-23)ON MAY 13, 2000 AT 1727E, A DC-9, S/N 47046 REGISTERED AS N602NW, DIVERT AND LANDED AT 'PIT' AND TAXIED TO THE GATE WITHOUT INCIDENT. THE AIRCRAFT WAS ENROUTE FROM 'MSP' TO 'PHL'.  MAINTENANCE FOUND THE LEFT PACK DUCT OFF DUE TO A CRACKED BRACKET.  THE PACK WAS MADE INOPERATIVE AND DEFERRED PER THE MEL.  INVESTIGATION BY DESK AUDIT AND CLOSED.",DOUG,DC932,,"OPDEF, Other Than Pi;2120",,1.0257923255435841,-2.6666666666666727,10.723118213440275,0.0,mild_growth,mild_decline,strong_growth,unknown,ASIAS
20000518016719I,2.0,,Unknown,Night,UNK,Unknown,Unknown,2000,5,"(-23)ON 5-18-00 CONTINENTAL FLIGHT 672 WOULD NOT PRESSURIZE SHORTLY AFTER TAKEOFF. THE CAPTAIN MADE AN EMERGANCY OV

(-23)ON 5-18-00 CONTINENTAL FLIGHT 672 WOULD NOT PRESSURIZE SHORTLY AFTER TAKEOFF. THE CAPTAIN MADE AN EMERGANCY OVERWEIGHT LANDING AT KANSAS CITY INERNATIONAL.  CONTINENTAL MAINTENANCE WAS CALLED AND NOTICED THE L-1 DOOR WAS NOT CLOSED WHEN THE IARCRAFT PULLED TO THE GATE.  THE MECHANIC PROCEEDED TO INSPECT THE DOOR.  THE DOOR WAS DETERMINED TO BE IN AN AIRWORTHY AND NORMAL CONDITION AND THE AIRCRAFT WAS RELEASED FOR SERVICE.  PRIOR TO THE RELEASE BY THE MECHAMIC AM OVERWEIGHT LANDING INSPECTION WAS PERFORMED.  THE AIRCRAFT HAS SHOWN NO FURTHER FAULTS WITH THIS DOOR.  INCIDENT #CE2000IAC047 IS CONSIDERED CLOSED WITH THE FILING OF THE REPORT.",BOEING,7373TO,,"Miscellaneous, Other;5210",,1.0257923255435841,-2.6666666666666727,10.723118213440275,0.0,mild_growth,mild_decline,strong_growth,unknown,ASIAS
20000425020119I,2.0,,Unknown,Daylight,UNK,Unknown,Unknown,2000,4,"(-23)ON APRIL 24, 2000, AMERICAN EAGLE SAAB 340E, DEPARTED SPRINGFIELD/BRANSON REGIONAL AIRPORT (SGF) AND RETURNED

(-23)ON APRIL 24, 2000, AMERICAN EAGLE SAAB 340E, DEPARTED SPRINGFIELD/BRANSON REGIONAL AIRPORT (SGF) AND RETURNED TO SGF DUE TO AN ILLUMINATED CARGO BAY FIRE INDICATOR. FIRE BOTTLE WAS DISCHARGED.  SGF MAINTENANCE FOUND NO FIRE OR SMOKE DAMAGE.  THEY WERE UNABLE TO DUPLICATE THE DISCREPENCY.  FIRE BOTTLE WAS REPLACED AND AIRCRAFT RETURNED TO SERVICE.  INCIDENT #CE05000IAC0342 IS CONSIDERED CLOSED WITH THIS REPORT.",SAAB,340B,,"OPDEF, Other Than Pi;2612",,1.2153146936608517,5.555555555555558,10.723118213440275,0.0,mild_growth,strong_growth,strong_growth,unknown,ASIAS
20000512016789I,0.0,,VMC,Daylight,UNK,Maintenance,Unknown,2000,5,"(-23)AIRCRAFT (727-200) N466FE TAXIED TO THE AIRPORT RUN-UP AREA TO THE RALEIGHT-DURHAM AIRPORT. THE MECHANIC AT TH

(-23)AIRCRAFT (727-200) N466FE TAXIED TO THE AIRPORT RUN-UP AREA TO THE RALEIGHT-DURHAM AIRPORT. THE MECHANIC AT THE CONTROLS WAS ^PRIVACY DATA OMITTED^     TAXIED ONTO THE RUN-UP PAD AND POINTED THE AIRCRAFT EXHAUST EAST, IT SHOULD HAVE BEEN PIONTED WEST.  ALL ENGINES WERE RUN-UP TO 1.8 EPR.  SEVERAL AIRCRAFT BEHIND THE 727 WERE DAMAGED DUE TO TH HIGH POWER RUN AND THE STRONG EXHAUST.",BOEING,727225,,"Miscellaneous, Other;Unauthorized Action",,1.0257923255435841,-2.6666666666666727,10.723118213440275,0.0,mild_growth,mild_decline,strong_growth,unknown,ASIAS
20000524033249I,2.0,,VMC,Daylight,UNK,Unknown,Unknown,2000,5,"(-23)ON MAY 24, 2000 AT 1430 EST, A MCDONALD DOUGLAS DC-9-83, N939AS, OPERATED BY TWA HAD AN UNSAFE LEFT MAIN LANDI

(-23)ON MAY 24, 2000 AT 1430 EST, A MCDONALD DOUGLAS DC-9-83, N939AS, OPERATED BY TWA HAD AN UNSAFE LEFT MAIN LANDING GEAR INDICATION AFTER TAKE OFF FROM REGION SOUTHWEST AIRPORT, FT. MEYERS, FL., ON A FLIGHT TO ST. LOUIS, MO. THE PILOT REPORTED THE LEFT MAIN LANDING GEAR AND GEAR DOOR LIGHT DID NOT GO OUT AND HAD AN UNSAFE LANDING GEAR RED LIGHT ILLUMINATED.  THE PILOT CYCLED THE LANDING GEAR THREE TIMES AND LIGHTS WOULD NOT GO OUT.  ABOVE 250 KTS THE PILOT REPORTED AIRCRAFT VIBRATION.  FLIGHT WAS DIERTED TO TAMPA INTERNATIONAL AIRPORT AND LANDED WITHOUT INCIDENT. SUBSEQUENT INVESTIGATION FOUND THE MAIN LANDING GEAR SHOCK STRUT GLAND NUT PN 80183 WHICH HOLDS TEH INNER CYLINDER, WORKED LOOSE AND THUS ALLOWED THE SEALS AND FLUID TO BE FORCED OUT OF THE MAIN LANDING GEAR SHOCK STRUT.",DOUG,DC983,,"OPDEF, Other Than Pi;3213",,1.0257923255435841,-2.6666666666666727,10.723118213440275,0.0,mild_growth,mild_decline,strong_growth,unknown,ASIAS
20000423016269I,2.0,,Unknown,Daylight,UNK,Unknown,Unknown,2000,4,"(-23)SOUTHWEST 1127 RETURNED TO BURBANK WITH A PRESSURE LEAK AT THE LEFT FWD DOOR (L1). THE CREW DETERMINED THAT TH

(-23)SOUTHWEST 1127 RETURNED TO BURBANK WITH A PRESSURE LEAK AT THE LEFT FWD DOOR (L1). THE CREW DETERMINED THAT THE L1 DOOR WAS NOT FULLY LOCKED AND CAUSED THE PRESSURE LEAK.  THE DOOR WARNING LIGHT DID NOT ILLUMINATE.  CONTRACT MAINTENANCE AT BURBANK REPAIRED THE DOOR WARNING SYSTEM AND RETURNED THE AIRCRAFT TO SERVICE.",BOEING,737500,,"Miscellaneous, Other;5210",,1.2153146936608517,5.555555555555558,10.723118213440275,0.0,mild_growth,strong_growth,strong_growth,unknown,ASIAS
20000502019559I,2.0,,Unknown,Daylight,UNK,Unknown,5000+,2000,5,"(-23)WHILE ENROUTE FROM PORTSMOUTH, MA TO PITTSBURGH, PA OVER ALBANY, PA, THE #3 STARTER VALVE LIGHT ILLUMINATED. T

(-23)WHILE ENROUTE FROM PORTSMOUTH, MA TO PITTSBURGH, PA OVER ALBANY, PA, THE #3 STARTER VALVE LIGHT ILLUMINATED. THE POWER REDUCED AND THE LIGHT WENT OUT.  AFTER A SHORT TIME THE LIGHT ILLUMINATED AGAIN.  THE PILOT SHUT DOWN #3 ENGINE, AND DECLARED AN EMERGENCY AND CONTINUED TO PIT.  THE AIRCRAFT LANDED AT PIT ON RUNWAY 32 AND TAXIED TO THE RAMP WITH OUT INCIDENT.  PAN-AMERICAN MAINTENANCE PERSONNEL TROUBLE SHOOT THE SYSTEM AND REPLACED THE #3 STARTER VALVE AND THE STARTER.  THE AIRCRAFT WAS RETURNED TO SERIVCE THE NEST DAY.",BOEING,7272J0,,"OPDEF, Other Than Pi;8012",,1.0257923255435841,-2.6666666666666727,10.723118213440275,0.0,mild_growth,mild_decline,strong_growth,unknown,ASIAS
20000522016939I,2.0,,Unknown,Daylight,UNK,Unknown,Unknown,2000,5,"(-23)ON MAY 22, 2000, AT APPROXIMATELY 1843 CDT, DELTA AIRLINES FLIGHT 1545, A DOUGLAS MD-88, N995DL, LEFT KANSAS C

(-23)ON MAY 22, 2000, AT APPROXIMATELY 1843 CDT, DELTA AIRLINES FLIGHT 1545, A DOUGLAS MD-88, N995DL, LEFT KANSAS CITY INTERNATIONAL AIRPORT, KANSAS CITY, MISSOURI (MCI), AND RETURNED TO MCI DUE TO ENGINE DURING CLIMB. ENGINE IS SCHEDULED FOR REPLACEMENR MAY 23, 2000, BY DELTA MAINTENANCE AT MCI.  WITH THSI REPORT, INCIDENT CE2000IAC049 IS CONSIDERED CLOSED.",DOUG,MD88,,Undetermined;7200,,1.0257923255435841,-2.6666666666666727,10.723118213440275,0.0,mild_growth,mild_decline,strong_growth,unknown,ASIAS
20000421023289I,2.0,,VMC,Daylight,UNK,Unknown,5000+,2000,4,"(-23)PILOTS REPORTED DURING LANDING PHASE AIRCRAFT MADE AN UNCOMMANDED YAW. MAINTENANCE REPLACED THE D295 CONNECTOR

(-23)PILOTS REPORTED DURING LANDING PHASE AIRCRAFT MADE AN UNCOMMANDED YAW. MAINTENANCE REPLACED THE D295 CONNECTOR.  THIS IS THE AIRFRAME SIDE CONNECTOR FOR THE YAW DAMPER COUPLER.  MAINTENANCE REPORTED THAT THIS CONNECTOR SHOWED SIGNS OF INTERNAL SHORTING DUE TO CONTAMINANTS CAUSED BY ALIQUID SPILL.  THE INCIDENT IS RELATED TO PREVIOUS OCCURENCE ON THIS AIRCRAFT ON APRIL 13, 2000.",BOEING,737230,,Design Of Aircraft;2210,,1.2153146936608517,5.555555555555558,10.723118213440275,0.0,mild_growth,strong_growth,strong_growth,unknown,ASIAS
20000510016379I,2.0,,VMC,Daylight,UNK,Unknown,Unknown,2000,5,"(-23)ON MAY 10, 2000, AT 1737E, A BOEING 737, S/N 19955, REGISTERED AS N603DJ AND OPERATING AS VAGUARD AIRLINES (P2

(-23)ON MAY 10, 2000, AT 1737E, A BOEING 737, S/N 19955, REGISTERED AS N603DJ AND OPERATING AS VAGUARD AIRLINES (P2EA) FLIGHT 732, WAS ON APPROACH TO LANDING AT PITTSBURGH, PA (PIT). THE CREW NOTED AN OIL PRESSURE WARNING ON THE NO. 1 ENGINE JUST PRIOR TO TOUCHDOWN.  THE CREW MADE A NORMAL LANDING AND SHUT DOWN THE ENGINE WHILE TAXING TO THE GATE.  MAINTENANCE FOUND THE LP-5 FITTING STRIPPED AND MORE THAN ONE (1) GALLON OF OIL IN THE ENGINE.  THE ACCESSORY CASE WAS CHANGED, AND THE AIRCRAFT WAS RETURNED TO SERVICE.  INVESTIGATION BY DESK AUDIT AND CLOSED.",BOEING,737222,,"OPDEF, Other Than Pi;7260",,1.0257923255435841,-2.6666666666666727,10.723118213440275,0.0,mild_growth,mild_decline,strong_growth,unknown,ASIAS
20000519019789I,2.0,,VMC,Daylight,UNK,Unknown,2000-5000,2000,5,"(-23) ENROUTE FROM IND TO YYZ, THE PILOT DECLARED AN EMERGENCY 20 MILES WEST OF MANSFIELD, OH., DUE TO FIRE WARNING

(-23) ENROUTE FROM IND TO YYZ, THE PILOT DECLARED AN EMERGENCY 20 MILES WEST OF MANSFIELD, OH., DUE TO FIRE WARNING IN RIGHT ENGINE. THE EXTINGUISHER WAS ACTIVATED AND THE AIRCRAFT DIVERTED TO CAK. THE AIRCRAFT LANDED AT CAK ON RUNWAY 01, STOPPED ON THE RUNWAY AND EVACUATED 23 PERSONS, NO REPORTED DAMAGE.",CESSNA,340A,,"OPDEF, Other Than Pi;7200",,1.0257923255435841,-2.6666666666666727,10.723118213440275,0.0,mild_growth,mild_decline,strong_growth,unknown,ASIAS
20000510018109I,2.0,,VMC,Daylight,UNK,Unknown,Unknown,2000,5,"(-23)MESABA AIRLINES LFIGHT 2792, SF-340, RETURNED TO LINCOLN MUNICIPAL AIRPORT, LINCOLN, NE, DUE TO A GEAR UNSAFE

(-23)MESABA AIRLINES LFIGHT 2792, SF-340, RETURNED TO LINCOLN MUNICIPAL AIRPORT, LINCOLN, NE, DUE TO A GEAR UNSAFE LIGHT. THE IARCRAFT WAS FERREIED TO MINNEAPOLIS, MN, IN A GEAR DOWN CONDITION.  COMPANY MECHANICS FOUND THE UPLOCK LIMIT SWITHC OUT OA ADJUSTMENT.  AFTER ADJUSTMENT THE AIRCRAFT WAS RETURNED TO SERIVCE.",CESSNA,340A,,"OPDEF, Other Than Pi;3230",,1.0257923255435841,-2.6666666666666727,10.723118213440275,0.0,mild_growth,mild_decline,strong_growth,unknown,ASIAS
20000506033059I,2.0,,Unknown,Daylight,UNK,Unknown,Unknown,2000,5,"(-23)ON MONDAY, MAY 6, 2000, AT 1320 EDT, A DOUGLAS DC-9, N840T, FLIGHT 559, OPERATED BY AIR TRANS AIRWAYS, AFTER D

(-23)ON MONDAY, MAY 6, 2000, AT 1320 EDT, A DOUGLAS DC-9, N840T, FLIGHT 559, OPERATED BY AIR TRANS AIRWAYS, AFTER DEPARTURE FROM BUFFALO NIAGARA INTERNATIONAL AIRPORT, RETURNED AND LANDED ON RUNWAY 23, WITH A REPORTED FUEL LEAK.  THERE WERE NO INJURIES.  THE MECHANIC FOUND AN OVER WING REFUELING CAP WAS MISSING.  THE FUEL CAP WAS REPLACED AND THE AIRCRAFT WAS RELEASED FOR SERVICE.  AN OPERATIONAL CHECK WAS SATISFACTORY AND THE AIRCRAFT WAS RETURNED TO SERVICE.  THIS INCIDENT IS CONSIDERED CLOSED.",DOUG,DC932,,"Miscellaneous, Other;2810",,1.0257923255435841,-2.6666666666666727,10.723118213440275,0.0,mild_growth,mild_decline,strong_growth,unknown,ASIAS
20000528017089I,2.0,,Unknown,Daylight,UNK,Unknown,Unknown,2000,5,"(-23)AIRCRAFT N954U ENROUTE ABQ TO STL EXPERIENCED A CRACKED F/O OUTER WINDSHIELD. DIVERTED TO ICT AS A PRECAUTION.

(-23)AIRCRAFT N954U ENROUTE ABQ TO STL EXPERIENCED A CRACKED F/O OUTER WINDSHIELD. DIVERTED TO ICT AS A PRECAUTION.  MAINTENANCE MANUAL STATES THAT YOU CAN FLY WITH OUTER EINDSHIELD CRACKED.  MAINTENANCE CONTROL HAD MECHANIC FORM EXECUTIVE AIRCRAFT LOOK AT WINDSHIELD.  MEL'D PER THE MEL, PLACARDED AND CONTINUED FLIGHT.  ON ARRIVAL AT STL, MAINTENANCE REMOVED AND REPLACED F/O OUTER WINDSHIELD AND HEATER CONTROL.  AIRCRAFT RETURNED TO SERIVCE.",DOUG,DC982,,Undetermined;5610,,1.0257923255435841,-2.6666666666666727,10.723118213440275,0.0,mild_growth,mild_decline,strong_growth,unknown,ASIAS
20000523023219I,2.0,,VMC,Daylight,UNK,Other,Unknown,2000,5,"(-23)BAGGAGE CART HIT THE AIRCRAFT, CAUSING DAMAGE TO THE SKIN. AIRCRAFT PULLED OUT OF SERVICE AND REPAIR TEAM FROM

(-23)BAGGAGE CART HIT THE AIRCRAFT, CAUSING DAMAGE TO THE SKIN. AIRCRAFT PULLED OUT OF SERVICE AND REPAIR TEAM FROM AALA ARRIVED TO ACCOMPLISH PERMANENT REPAIR.",BOEING,727227,,"Miscellaneous, Other;Fail Avd Objs Or Obs",,1.0257923255435841,-2.6666666666666727,10.723118213440275,0.0,mild_growth,mild_decline,strong_growth,unknown,ASIAS
20000502033179I,2.0,,Unknown,Night,UNK,Unknown,Unknown,2000,5,"(-23)ON TUESDAY, MAY 2, 2000, DURING DESCENT INTO BUFFALO NIAGARA INTERNATIONAL AIRPORT, THE CREW NOTICED THE ODOR

(-23)ON TUESDAY, MAY 2, 2000, DURING DESCENT INTO BUFFALO NIAGARA INTERNATIONAL AIRPORT, THE CREW NOTICED THE ODOR OF ELECTRICAL SMOKE IN TH COCKPIT. THEY DECLARED AN EMERGENCY, BRIEFED THE FLIGHT ATTENDANTS AND LANDED WITHOUT INCIDENT.  FLIGHT 1840 THEN TAXIED TO THE GATE AND DEPLANNED THE PASSENGERS.  CONTRACT MAINTENANCE WAS SUMMONED AND FOUND A BURNED WIRE RUNNING BETWEEN THE OVERHEAD LIGHT AND THE RHEOSTAT CONTROLLING THE MAP LIGHT.  MAINTENANCE PULLED AND COLLARED THE C/B AND REMOVED THE BURNED WIRE.  THE LIGHT WAS PUT ON MEL-33-1, PLACARD #683317.  THIS INCIDENT IS CONSIDERED CLOSED.",DOUG,DC931,,"OPDEF, Other Than Pi;3310",,1.0257923255435841,-2.6666666666666727,10.723118213440275,0.0,mild_growth,mild_decline,strong_growth,unknown,ASIAS
20000430016579I,2.0,,VMC,Night,UNK,PIC,Unknown,2000,4,"(-23)FLIGHT WAS IN CRUISE AT A FL IN LOW 30'S, APPROX. 40 NM E OF LBL, WHEN IT ENCOUNTERED SEVERE TURBULENCE. IMMED

(-23)FLIGHT WAS IN CRUISE AT A FL IN LOW 30'S, APPROX. 40 NM E OF LBL, WHEN IT ENCOUNTERED SEVERE TURBULENCE. IMMEDIATE LOSS OF 4,000 FEET.  NEAREST THUNDERSTORM CELL WAS APPROX. 30 MILES AWAY.  FLIGHT WAS DIVERTED DUE TO UNRESOLVED ECAM MESSAGES (DOORS, FLT CONTROLS, ELAC 2 PITCH FAULT) AND POSSIBLE INJURIES.  AIRCRAFT WAS NOT DAMAGED.",AIRBUS,A320231,,"Miscellaneous, Other;Windshear",,1.2153146936608517,5.555555555555558,10.723118213440275,0.0,mild_growth,strong_growth,strong_growth,unknown,ASIAS
20000505019699I,2.0,,Unknown,Daylight,UNK,Unknown,Unknown,2000,5,"(-23) WHILE IT WAS NOT OFFICIALLY REPORTED, THE CLE FSDO LEARNED THAT ON MAY 05, 2000, AT APPROXIMATELY 1800 EDT, N

(-23) WHILE IT WAS NOT OFFICIALLY REPORTED, THE CLE FSDO LEARNED THAT ON MAY 05, 2000, AT APPROXIMATELY 1800 EDT, N160GA, AEROSTAR 601, SERIAL NUMBER 61-0021, OPERATED BY GRAND AIRE EXPRESS, INC. AIR CARRIER GXPA543E, ON A 14 CFR PART 91 FLIGHT DEPARTED TOLEDO EXPRESS AIRPORT, (TOL), SWANTON, OH 43558. UPON REACHING A CRUISE ALTITUDE OF 8000' THE RIGHT SIDE EMERGENCY EXIT WINDOW SEPARATED FROM THE AIRPLANE AND WAS LOST. THE AIRCRAFT RETURNED TO TOL AND LANDED WITHOUT FURTHER INCIDENT. COMPANY MANAGEMENT PERSONNEL WERE ON BOARD, ENROUTE TO LOUISVILLE, KY., A COMPANY SUB-BASE OF OPERATIONS. OTHER COMPANY PERSONNEL STATED THAT THE AIRPLANE WAS USED EARLIER IN THE DEPARTURE DAY FOR A TRAINING EXHIBIT FOR A NEW HIRE CLASS OF PILOTS.^PRIVACY DATA OMITTED^ NEITHER THE CERTIFICATE HOLDER OR COMPANY OWNER, PILOT IN COMMAND, WILL PROVIDE THE AIRMAN INFORMATION FOR BLOCK 31.",PIPER,PA60601,,"Miscellaneous, Other;5220",,1.0257923255435841,-2.6666666666666727,10.723118213440275,0.0,mild_growth,mild_decline,strong_growth,unknown,ASIAS
20000615021879I,2.0,,Unknown,Daylight,UNK,Unknown,Unknown,2000,6,"(-23) ON JUNE 15, 2000, AT APPROXIMATELY 1518 CDT, AIR MIDWEST FLIGHT 1625, A BEECHCRAFT 1900D, N62ZV, DEPARTED KAN

(-23) ON JUNE 15, 2000, AT APPROXIMATELY 1518 CDT, AIR MIDWEST FLIGHT 1625, A BEECHCRAFT 1900D, N62ZV, DEPARTED KANSAS CITY INTERNATIONAL AIRPORT, KANSAS CITY, MO (MCI). FLIGHT RETURNED TO MCI DUE TO RIGHT TORQUE GAUGE INDICATING BAD WITH CIRCUIT BREAKER POPPED. AIR MIDWEST MAINTENANCE REPLACED BAD RIGHT TORQUE TRANSMITTER AND FLIGHT WAS DISPATCHED. INCIDENT #CE05000IAC057 IS CONSIDERED CLOSED WITH THIS REPORT.",BEECH,1900D,,"OPDEF, Other Than Pi;7712",,4.052628093957411,-7.792207792207795,10.723118213440275,0.0,mild_growth,strong_decline,strong_growth,unknown,ASIAS
20000628028119I,2.0,,VMC,Night,UNK,Unknown,2000-5000,2000,6,"(-23)SMOKE IN CABIN AFTER TAKEOFF. DECLARED EMERGENCY, RETURN LANDED RWY27L (ORD) AND EVACUTED AIRCRAFT ON RUNWAY.

(-23)SMOKE IN CABIN AFTER TAKEOFF. DECLARED EMERGENCY, RETURN LANDED RWY27L (ORD) AND EVACUTED AIRCRAFT ON RUNWAY.  PASSENGERS WERE TAKEN TO TERMINAL BY BUS.  ONE PASSENGER HAD SWOLLEN ANKLE AND WAS TAKEN TO HOSPITAL TREATED AND RELEASED.",EMB,EMB145LR,,Undetermined,,4.052628093957411,-7.792207792207795,10.723118213440275,0.0,mild_growth,strong_decline,strong_growth,unknown,ASIAS
20000615034889I,2.0,,VMC,Daylight,UNK,Unknown,500-2000,2000,6,"(-23) ON JUNE 15, 2000, A U.S. REGISTERED BAE JETSTREAM 3101, N834JS, OPERATED BY CHAUTAUQUA AIRLINES ABORTED TAKEO

(-23) ON JUNE 15, 2000, A U.S. REGISTERED BAE JETSTREAM 3101, N834JS, OPERATED BY CHAUTAUQUA AIRLINES ABORTED TAKEOFF AT PITTSBURGH INTERNATIONAL AIRPORT. THE #1 ENGINE COULD NOT PRODUCE ENOUGH TORQUE (10% SHORT OF REQUIRED TORQUE) FOR TAKEOFF. THE AIRCRAFT WAS FERRIED TO INDIANAPOLIS AND THE ENGINE WAS CHANGED DUE TO A BAD HOT SECTION. THE AIRCRAFT HAD NO FURTHER INCIDENTS.",BAG,JETSTM3101,,"OPDEF, Other Than Pi;7250",,4.052628093957411,-7.792207792207795,10.723118213440275,0.0,mild_growth,strong_decline,strong_growth,unknown,ASIAS
20000621022119I,2.0,,Unknown,Night,UNK,Unknown,Unknown,2000,6,"(-23) ON JUNE 21, 2000, VANGUARD AIRLINES, FLIGHT 590, WAS SCHEDULED TO ENROUTE FROM MCI TO MDW. AT START OF TAKE O

(-23) ON JUNE 21, 2000, VANGUARD AIRLINES, FLIGHT 590, WAS SCHEDULED TO ENROUTE FROM MCI TO MDW. AT START OF TAKE OFF, NUMBER ONE ENGINE WOULD NOT SPOOL-UP AND THE FUEL FLOW FLUCTUATED BETWEEN 1000 TO 1500 PPH. NO EMERGENCY OR EQUIPMENT REQUESTED AND THE PILOT RETURNED THE AIRCRAFT TO MCI'S GATE, WITH NO FURTHER INCIDENT. VANGUARD MAINTENANCE PERFORMED TROUBLE SHOOTING PROCEDURES AND FOUND THAT THE NUMBER ONE ENGINE FUEL CONTROL WAS MALFUNCTIONING. VANGUARD MAINTENANCE REMOVED AND REPLACED THE FUEL CONTROL IN ACCORDANCE WITH, MM 73-21-1. VANGUARD MAINTENANCE ACCOMPLISHED AN ENGINE TRIM RUN AS PER VANGUARD WORK CARD J2901. THE OPERATIONAL CHECK OF NUMBER ONE ENGINE, CHECKED GOOD AND THE AIRCRAFT WAS RETURNED TO SERVICE. WITH THIS REPORT, INCIDENT NUMBER CE052000IAC060, IS CONSIDERED CLOSED.",BOEING,737244,,"OPDEF, Other Than Pi;7321",,4.052628093957411,-7.792207792207795,10.723118213440275,0.0,mild_growth,strong_decline,strong_growth,unknown,ASIAS
20000530033329I,2.0,,VMC,Dusk,UNK,Unknown,Unknown,2000,5,"(-23)PRESSURIZATION DIFFICULTIES CAUSED THE RJ-145 AIRCRAFT TO DECLARE AN EMERGENCY AS THEY REACHED 17,000 FEET MSL

(-23)PRESSURIZATION DIFFICULTIES CAUSED THE RJ-145 AIRCRAFT TO DECLARE AN EMERGENCY AS THEY REACHED 17,000 FEET MSL AND RETURN TO MIDLAND AIRPORT. THERE WERE NO INJURIES OR DAMAGE DURING THE LANDING AND THEY RETURNED TO THE GATE WHERE THERE WAS NO NEED TO EVACUATE THE AIRPLANE.  THERE WAS A 2.5 HOUR DELAY WHILE MAINTENANCE REPAIRED THE MAIN HATCH GAP SEAL WHICH HAD A CUT IN IT.  THE FLIGHT WAS RELEASED FOR A 1030 PM DEPARTURE.  LBB FSDO ISW 1320000021.",EMB,EMB145ER,,"OPDEF, Other Than Pi;5210",,1.0257923255435841,-2.6666666666666727,10.723118213440275,0.0,mild_growth,mild_decline,strong_growth,unknown,ASIAS
20000603033099I,2.0,,Unknown,Daylight,UNK,Unknown,Unknown,2000,6,"(-23)ON SATURDAY, JUNE 3, 2000 AT APPROXIMATELY 1500 LOCAL ON A FLIGHT FROM DULLES INTERNATIONAL AIRPORT TO ROCHEST

(-23)ON SATURDAY, JUNE 3, 2000 AT APPROXIMATELY 1500 LOCAL ON A FLIGHT FROM DULLES INTERNATIONAL AIRPORT TO ROCHESTER INTERNATIONAL ARPORT. USAIRWAYS EXPRESS (COMMUTAIR) FLIGHT 4195 WAS NOT ABLE TO EXTEND THE LANDING GEAR THROUGH NORMAL OR EMERGENCY PROCEDURES. THE CREW NOTIFIED AIR TRAFFIC CONTROL OF THEIR SITUATION AND ELECTED TO LAND THE BE-1900 WITH THE PROPS FEATHERED AND THE GEAR UP ON RUNWAY 4 AT ROCHESTER.  CFR RESPONDED AND AN EVACUATION OF THE PASSENGERS WERE CONDUCTED ON THE ON THE RUNWAY THROUGH EMERGENCY EXITS.  DAMAGE TO THE AIRCRAFT WAS MINOR AND THERE WERE NO INJURIES.  MAINTENANCE FOUND AND REPLACED A DEFECTIVE ""SERVICE VALVE"" IN THE LANDING GEAR SYSTEM.  THE AIRCRAFT WILL BE FERRIED TO PLATTSBURGH, NY (PLB) FOR FINAL REPAIRS. ^PRIVACY DATA OMITTED^",BEECH,1900D,,"OPDEF, Other Than Pi;3200",,4.052628093957411,-7.792207792207795,10.723118213440275,0.0,mild_growth,strong_decline,strong_growth,unknown,ASIAS
20000605032459I,2.0,,Unknown,Unknown,UNK,PIC,Unknown,2000,6,"(-23)ON JUNE 5, 2000, N442JS, DORNIER 328, OPERATED BY PSA (VNVAA), DECLARED AN EMERGENCY AND LANDE3D AT BINGHAMTON

(-23)ON JUNE 5, 2000, N442JS, DORNIER 328, OPERATED BY PSA (VNVAA), DECLARED AN EMERGENCY AND LANDE3D AT BINGHAMTON AIRPORT (KBGM). THE FLIGHT WAS ENROUTE FROM WASHINGTON, DC, (KDCA) TO BURLINGTON, VT, (KBTV).  THE CREW NOTED A CAS MESSAGE ""EMERGENCY PARKING BRAKE ACCUMULATOR LOW PRESSURE.  THE FLIGHT MAUAL CALLS FOR LANDING AT THE ""NEAREST SUITABLE AIRPORT"".  THE CREW DIVERTED TO BINGHAMTON, NY AND LANDED WITHOUT FURTHER INCIDENT.  MAINTENANCE INFORMATION: A MAINTENANCE TECHNICIAN EXAMINED THE SYSTEM IAW THE DORNIER MAINTENANCE MANUAL IN CLOSE COORDINATION WITH PSA MAINTENACE CONTROL.  NO DISCREPANCY WAS NOTED.  AIRCRFT WAS AUTHORIZED FOR RETURN TO SERVICE.  THE FLIGHT WAS RELEASED TO BURLINGTON, VT.  IT DEPARTED WITH ZERO PASSENGERS.  THIS INCIDENT IS CONSIDERED CLOSED.",DORNER,DO328100,,Undetermined;Undetermined,,4.052628093957411,-7.792207792207795,10.723118213440275,0.0,mild_growth,strong_decline,strong_growth,unknown,ASIAS
20000605033039I,2.0,,VMC,Daylight,UNK,Unknown,Unknown,2000,6,"(-23)DELTA AIRLINES FLIGHT 427 DIVERTED INTO OMAHA, NE, DUE TO PROBLEMS WITH THE AIR CONDITIONER PACKS RESULTING IN

(-23)DELTA AIRLINES FLIGHT 427 DIVERTED INTO OMAHA, NE, DUE TO PROBLEMS WITH THE AIR CONDITIONER PACKS RESULTING IN CABIN TEMPERATURE OVERHEAT. CONTRACT MAINTENANCE FOUND THE ZONE TEMPERTURE CONTROL VALVE STICKING OPEN.THE VALVE WAS CYCLED MANUALLY TO CLOSE IT AND DEFFERED. THAT NIGHT COMPANY CHANGED THE ZONE TEMPERTURE CONTROL VALVE AND THE CONTROL PANEL.",BOEING,727247,,"OPDEF, Other Than Pi;2160",,4.052628093957411,-7.792207792207795,10.723118213440275,0.0,mild_growth,strong_decline,strong_growth,unknown,ASIAS
20000702033299I,2.0,,Unknown,Daylight,UNK,Other,Unknown,2000,7,"(-23)PASSENGERS FIGHTING ON BOARD AIRCRAFT WERE TAKEN INTO FBI CUSTODY AND WILL BE PROSECUTED BY THE U.S. ATTORNEY

(-23)PASSENGERS FIGHTING ON BOARD AIRCRAFT WERE TAKEN INTO FBI CUSTODY AND WILL BE PROSECUTED BY THE U.S. ATTORNEY GENERAL'S OFFICE.",,,,"Miscellaneous, Other;Unsafe Acts By Third",,0.8702829741151552,1.3157894736842035,1.844993534866024,0.0,stable,mild_growth,mild_growth,unknown,ASIAS
20000602032239I,2.0,,VMC,Night,UNK,Unknown,Unknown,2000,6,"(-23)ON JUNE 2, 2000 AT 2330EST, A B-737-2B7 OPERATED BY US AIRWAYS AIRLINES REPORTED PROBLEMS DURING APPROACH TO T

(-23)ON JUNE 2, 2000 AT 2330EST, A B-737-2B7 OPERATED BY US AIRWAYS AIRLINES REPORTED PROBLEMS DURING APPROACH TO TAMPA INTERNATIONAL AIRPORT,FL. SUBSEQUENT INVESTIGATION REVEALED THE NUMBER 6 FLAPS JACKSCREW UNIVERSAL JOINT DISCONNECTED FROM THE TRANSMISSION.  THE SELF LOCKING NUT, PN BACN10JC7 AND BOLT PN 6576605-1 WHICH HOLDS THE JACKSCREW UNIVERSAL JOINT ON THE TRANSMISSION WORKED LOOSE AND DISCONNECTED AND JAMMED THE FLAP CAUSING MINOR DAMAGE TO THE INBOARD EDGE OF THE FLAP.  CLOSER EXAMINATION OF TE SELF LOCKING NUT, IT WAS FOUND NO LOCKING FEATHER, THE NUT COULD BE SCREWED COMPLETELY ON THE BOLT WITHOUT ANY RESISTANTS.",BOEING,7372B7,,"OPDEF, Other Than Pi;2752",,4.052628093957411,-7.792207792207795,10.723118213440275,0.0,mild_growth,strong_decline,strong_growth,unknown,ASIAS
20000621033199I,2.0,,Unknown,Daylight,UNK,Unknown,Unknown,2000,6,"(-23)ON JUNE, 21, 2000, VANGUARD AIRLINES, FLIGHT 303, AIRCRAFT 912MP WAS SCHEDULED TO ENROUTE FROM MCI TO DEN. ON

(-23)ON JUNE, 21, 2000, VANGUARD AIRLINES, FLIGHT 303, AIRCRAFT 912MP WAS SCHEDULED TO ENROUTE FROM MCI TO DEN. ON INITIAL CLIMB OUT, CABIN PRESSURE, AUTO FAIL, ILLUMINATED. THE CREW SWITCHED TO STANDBY AND RECEIVED A 1,000 FEET PER MINUTE CLIMB IN THE CABIN NO MATTER WHERE THE RATE KNOB WAS POSITIONED.  WHILE CLIMBING THROUGH 12,000 FEET THE CABIN WENT FROM PLUS 1000 FEET TO NEGATIVE 4000 FEET.  THE PILOT SWITCHED TO MANUAL AND THE CABIN PRESSURIZED NORMALLY.  NO EMERGENCY OR EQUIPMENT REQUESTED AND THE PILOT RETURNED THE AIRCRAFT TO MCI'S GATE, WITH NO FURTHER INCIDENT. VANGUARD MAINTENANCE PERFORMED TROUBLE SHOOTING PROCEDURES AND REPLACED THE CABIN OUT FLOW VALVE ALONG WITH THE CABIN PRESSURE CONTROLLER AS PRECAUTIONARY, PER MM21-31-0.  THIS DESCREPANCY IS A REPEAT FROM JUNE 19, 2000, AT DFW.  VANGUARD AIRLINES PERFORMED AN EVALUATION FLIGHT TO OPERATIONALLY CHECK THE PRESSURIZATION CONTROL SYSTEM, ON A SPECIAL FLIGHT PERMIT.  THE PRESSURIZATION EVALUATION FLIGHT CHECKED GOOD.  INCIDENT NUMBER CE052000IAC061, IS CONSIDERED CLOSED.",BOEING,737247,,"OPDEF, Other Than Pi;2130",,4.052628093957411,-7.792207792207795,10.723118213440275,0.0,mild_growth,strong_decline,strong_growth,unknown,ASIAS
20000608033109I,2.0,,Unknown,Daylight,UNK,Unknown,Unknown,2000,6,"(-23)ON THURSDAY, JUNE 8, 2000, AT 1550 LOCAL, A COMMUTAIR (D/B/A USAIR EXPRESS), FLIGHT 4688, A BE-1900D, N855CA,

(-23)ON THURSDAY, JUNE 8, 2000, AT 1550 LOCAL, A COMMUTAIR (D/B/A USAIR EXPRESS), FLIGHT 4688, A BE-1900D, N855CA, DIVERTED TO ELM ENROUTE FROM ITH TO BGM DUE TO A CARGO DOOR ENUNCIATOR ILLUMIATING IN FLIGHT. MAINTENANCE INSPECTED AND FOUND THE CARGO DOOR INDICATING SWITCH STICKING.  THE SWITCH WAS CLEANED AND LUBRICATED AND THE AIRCRAFT RETURNED TO SERVICE. THIS INCIDENT IS CONSIDERED CLOSED.",BEECH,1900D,,"OPDEF, Other Than Pi;5270",,4.052628093957411,-7.792207792207795,10.723118213440275,0.0,mild_growth,strong_decline,strong_growth,unknown,ASIAS
20000622035559I,2.0,,Unknown,Daylight,UNK,Other,Unknown,2000,6,"(-23) AMERICA WEST AIRLINES FLIGHT 2701 DEPARTED KJFK ENROUTE TO KPHX AND DIVERTED TO DISCHARGE AN DISRUPTIVE PASSE

(-23) AMERICA WEST AIRLINES FLIGHT 2701 DEPARTED KJFK ENROUTE TO KPHX AND DIVERTED TO DISCHARGE AN DISRUPTIVE PASSENGER. THE PASSENGER WAS SPEAKING LOUDLY AND BELLIGERENTLY TO HIS SEAT MATE. HE ALSO WAS RUDE AND DISRESPECTFUL TO THE CABIN ATTENDANTS.THERE WAS NO PHYSICAL VIOLENCE OR INTERFERENCE WITH FLIGHT CREW DUTIES INVOLVED. THE PASSENGER WILL BE CITED FOR DISORDERLY CONDUCT BY WICHITA PD.",,,,"Miscellaneous, Other;Other, Miscellaneous",,4.052628093957411,-7.792207792207795,10.723118213440275,0.0,mild_growth,strong_decline,strong_growth,unknown,ASIAS
20000613033269I,2.0,,VMC,Daylight,UNK,Other,Unknown,2000,6,"(-23)TWA N974TW WAS PARKED AT THE GATE AT BWI. THE BOARDING PROGRESS.  THERE WERE APPROX 100 PASSENGERS ON BOARD WH

(-23)TWA N974TW WAS PARKED AT THE GATE AT BWI. THE BOARDING PROGRESS.  THERE WERE APPROX 100 PASSENGERS ON BOARD WHEN THE AIRCRAFT WAS STRUCK BY A CATERING  TRUCK.  THE DAMAGE TO THE AIRCRAFT WAS AT THE R-1 DOOR, BELOW THE SILL AND ABOUT 14 INCHES BEHIND THE  SILL.  THE AIRCRAFT WAS FERRIED TO JFK WHERE REPAIRS WERE MADE AND THE AIRCRAFT WAS RETURNED TO SERVICE.",DOUG,DC983,,"Miscellaneous, Other;Fail Avd Objs Or Obs",,4.052628093957411,-7.792207792207795,10.723118213440275,0.0,mild_growth,strong_decline,strong_growth,unknown,ASIAS
20000617021739I,2.0,,Unknown,Daylight,UNK,Unknown,Unknown,2000,6,"(-23) ON JUNE 17, 2000, AT APPROXIMATELY 0726 CDT, DELTA AIRLINES EXPRESS FLIGHT 2589, A BOEING 737-247, N382DL, DE

(-23) ON JUNE 17, 2000, AT APPROXIMATELY 0726 CDT, DELTA AIRLINES EXPRESS FLIGHT 2589, A BOEING 737-247, N382DL, DEPARTED KANSAS CITY INTERNATIONAL AIRPORT, KANSAS CITY, MO (MCI). DURING CLIMB, AN ODOR WAS DETECTED AND FLIGHT RETURNED TO MCI. DELTA MAINTENANCE REPLACED BOTH COLSER BAGS AND RAN PACKS WITH NO SMELL. ODOR WAS AGAIN DETECTED ON FLIGHT TO ORLANDO, FLORIDA (MCO). DELTA MAINTENANCE FOUND AFT COFFEE MAKER PADS EXTREMELY DIRTY AND CLEANED SAME WITH NO FURTHER SQUAWKS.",BOEING,737247,,"OPDEF, Other Than Pi;2170",,4.052628093957411,-7.792207792207795,10.723118213440275,0.0,mild_growth,strong_decline,strong_growth,unknown,ASIAS
20000529032729I,2.0,,Unknown,Daylight,UNK,Unknown,Unknown,2000,5,"(-23)ON MAY 29, 2000, AT 1830 (LOCAL), FSDO-21 WAS NOTIFIED BY ASO-6 ^PRIVAC^ THAT AMERICAN AIRLINES FLIGHT 1704, A

(-23)ON MAY 29, 2000, AT 1830 (LOCAL), FSDO-21 WAS NOTIFIED BY ASO-6 ^PRIVAC^ THAT AMERICAN AIRLINES FLIGHT 1704, A B-757-223 AIRCRAFT REPORTED SMOKE IN THE COCKPIT. AIRCRAFT RETURNED TO SAN JUAN, P.R. AND LANDED WITHOUT INCIDENT.  AMERICAN AIRLINES MAINTENANCNE PERSONNEL IN SAN JUAN, REPLACED RIGHT RECIRCULATING FAN, FILTERS AND PERFORMED AIR-CONDITIONING SYSTEM CONTAMINATION PROCEDURES.  MM OPERATIONAL CHECKS PERFORMED WITH NO FURTHER BURNING SMELL OR SMOKE NOTED.  AIRCRAFT WAS RELEASED FOR SERVICE.",BOEING,757223,,"OPDEF, Other Than Pi;2121",,1.0257923255435841,-2.6666666666666727,10.723118213440275,0.0,mild_growth,mild_decline,strong_growth,unknown,ASIAS
20000531032109I,2.0,,VMC,Daylight,UNK,Unknown,Unknown,2000,5,"(-23)ON MAY 31, 2000, AT 1500 EST, A BE-1900-C, N1515GA, OPERATED GULF STREAM INTERNATIONAL, WAS INBOUND TO TPA, LA

(-23)ON MAY 31, 2000, AT 1500 EST, A BE-1900-C, N1515GA, OPERATED GULF STREAM INTERNATIONAL, WAS INBOUND TO TPA, LANDING GEAR WAS SELECTED BUT WOULD NOT EXTEND. SEVERAL ATTEMPTS WERE MADE TO EXTEND THE GEAR WITH NO SUCCESS.  THE LANDING GEAR WAS MANUUALLY EXTENDED DOWN AND LOCKED AND A VISUAL CHECK OF THE GEAR WAS ACCOMPLISHED PRIOR TO LANDING.  AIRCRAFT LANDED WITHOUT FURTHER INCIDENT.  SUBSEQUENT INVESTIGATION FOUND THE LANDING GEAR CONTROL HANDLE WAS SHORTED INTERNALLY.  LANDING GEAR CONTROL HANDLE REMOVED AND REPLACED, SYSTEM OPERATIONAL CHECK COMPLETED AND TEST FLIGHT PERFORMED.",BEECH,1900C,,"OPDEF, Other Than Pi;3234",,1.0257923255435841,-2.6666666666666727,10.723118213440275,0.0,mild_growth,mild_decline,strong_growth,unknown,ASIAS
20000625032189I,0.0,,VMC,Daylight,UNK,Other,Unknown,2000,6,"(-23)NORTHWEST AIRLINES DC-10 BOEING PUSHED BACK FOR REPOSITIONING OFF OF GATE B-52 STRUCK A CONTINENTAL AIRLINES D

(-23)NORTHWEST AIRLINES DC-10 BOEING PUSHED BACK FOR REPOSITIONING OFF OF GATE B-52 STRUCK A CONTINENTAL AIRLINES DC-10 PARKED AT GATE B-51. INVESTIGATION REVELED NORTHWEST AIRLINES MECHANIC/TUG OPERATOR FAILED TO FOLLOW PROPER PROCEDURES DURING PUSHBACK.  IN ADDITION, CONTINENTAL AIRLINES AIRCRAFT WAS FOUND TO BE IMPROPERLY PARKED AT GATE B-51.                           ^PRIVACY DATA OMITTED^",DOUG,DC1030,,"Miscellaneous, Other;Improper Maintenance",,4.052628093957411,-7.792207792207795,10.723118213440275,0.0,mild_growth,strong_decline,strong_growth,unknown,ASIAS
20000611032939I,2.0,,Unknown,Daylight,UNK,PIC,Unknown,2000,6,"(-23)SUN. JUNE 11, 2000, ALASKA AIRLINES FLIGHT 236 WAS ON THE APPROACH TO LAX EXECUTING THE SADDE SAX ARRIVAL. THE

(-23)SUN. JUNE 11, 2000, ALASKA AIRLINES FLIGHT 236 WAS ON THE APPROACH TO LAX EXECUTING THE SADDE SAX ARRIVAL. THE CONTROLLER ADVISED ASAA 236 TO USE CAUTION FOR WAKE TURBULANCE, AS THEY WERE 5 MILES IN TRAIL OF A B-747-400.  AT 11,000 FT., ASAA ENCOUNTERED  THE WAKE TURBULANCE.  TWO FLIGHT ATTENDANTS AND ONE PASSENGER WERE EXAMINED AND TREATED BY PARAMEDICS AFTER LANDING.  ONE OF THE TWO FLIGHT ATTENDANTS WAS TAKEN TO A HOSPITAL FOR X-RAYS AND SUBSEQUENTLY RELEASED WITH NO BROKEN BONES BEING DISCOVERED.  THE PILOT IN COMMAND FILED A PILOT IRREGULARITY REPORT AS REQUIRED BY THE ASAA FOM.  THE PILOT IN COMMAND DETERMINES IF A TURBULENCE INSPECTION IS REQUIRED  (GMM,  CHAPTER 05-51-31), AND DID NOT REQUEST ONE UPON GATE ARRIVAL.",BOEING,7374Q8,,"Miscellaneous, Other;Inadeq Space Ac/Wke",,4.052628093957411,-7.792207792207795,10.723118213440275,0.0,mild_growth,strong_decline,strong_growth,unknown,ASIAS
20000529017059I,2.0,,Unknown,Dawn,UNK,Unknown,Unknown,2000,5,"(-23)ON MAY 30, 2000, AT APPROXIMATELY 0616 CDT, NORTHWEST AIRLINES FLIGHT 1030, A DOUGLAS DC-9-30, N9343, ATTEMPTE

(-23)ON MAY 30, 2000, AT APPROXIMATELY 0616 CDT, NORTHWEST AIRLINES FLIGHT 1030, A DOUGLAS DC-9-30, N9343, ATTEMPTED TAKE OFF AT KANSAS CITY, MO, (MCI). TAKE OFF WAS ABORTED AND RETURNED TO GATE DUE TO MAX AIRSPEED WARNING ILLUMINATED AT 100 KNOTS ACCOMPANIED BY CLACKER.  OVERSPEED WARNING SYSTEM WAS DEFFERED PER MEL 34-5.  AIRCRAFT WAS RETURNED TO SERVICE.  INCIDENT #CE5000IAC050 IS CONSIDERED CLOSED WITH THIS REPORT.",DOUG,DC931,,"OPDEF, Other Than Pi;3414",,1.0257923255435841,-2.6666666666666727,10.723118213440275,0.0,mild_growth,mild_decline,strong_growth,unknown,ASIAS
20000627033729I,2.0,,VMC,Daylight,UNK,Unknown,Unknown,2000,6,"(-23)ATL-YYZ, DIVERTED TO TYS WITH SMOKE IN THE FORWARD GALLEY. SMOKE & FUMES IN FORWARD OVEN CAUSED BY EITHER PLAS

(-23)ATL-YYZ, DIVERTED TO TYS WITH SMOKE IN THE FORWARD GALLEY. SMOKE & FUMES IN FORWARD OVEN CAUSED BY EITHER PLASTIC OR FOOD ON HEATING ELEMENT.  EXTINGUISHED BY FIRE EXTINGUISHER BY FLIGHT ATTENDANT.  INSPECTION IN TYS BY AVIATION TECH SERVICES MAINTENANCE PERSONNEL AND PLACARDED PER MEL.  OVERWEIGHT LANDING INSPECTION ACCOMPLISHED AND AIRCRAFT DEPARTED.",DOUG,MD88,,"Miscellaneous, Other;2530",,4.052628093957411,-7.792207792207795,10.723118213440275,0.0,mild_growth,strong_decline,strong_growth,unknown,ASIAS
20000608032099I,2.0,,Unknown,Daylight,UNK,Unknown,Unknown,2000,6,"(-23)ON THURSDAY, JUNE 8, 2000, AT 1755 LOCAL, A CONTINENTAL EXPRESS ATR-42-320, N14821, FLIGHT 3621, FLIGHT 3631,

(-23)ON THURSDAY, JUNE 8, 2000, AT 1755 LOCAL, A CONTINENTAL EXPRESS ATR-42-320, N14821, FLIGHT 3621, FLIGHT 3631, RETURNED TO ROCHESTER INTERNATIONAL AIRPORT, ROCHESTER, NY WITH THE NUMBER OE ENGINE SHUT DOWN FOR A TORQUE FLUCTUATION. MAINTENANCE DEFERRED THE NUMBER ONE ENGINE ECU AND RELEASED THE AIRCRAFT TO SERVICE.  MAINTENANCE LATER REPLACED THE T8 SENSORS AS A FINAL FIX.  THIS INCIDENT IS CONSIDERED CLOSED.",AEROSP,ATR42320,,"OPDEF, Other Than Pi;7321",,4.052628093957411,-7.792207792207795,10.723118213440275,0.0,mild_growth,strong_decline,strong_growth,unknown,ASIAS
20000619032359I,2.0,,Unknown,Daylight,UNK,Unknown,Unknown,2000,6,"(-23)ON JUNE 19, 2000, AT APPROXIMATELY 1304 CDT, AMERICAN AIRLINES FLIGHT 507, A DC-9-80, N406AA, LANDED AT KANSAS

(-23)ON JUNE 19, 2000, AT APPROXIMATELY 1304 CDT, AMERICAN AIRLINES FLIGHT 507, A DC-9-80, N406AA, LANDED AT KANSAS CITY INTERNATIONAL AIRPORT, KANSAS CITY, MO (MCI), AFTER DECLARING AN EMERGENCY DUE TO HOT BRAKE INDICATION. PRIOR TO LANDING, LIGHT EXTINGUISHED WITH TEMPERATURE READING NORMAL.  AIRCRAFT LANDED WITHOUT INCIDENT AND BRAKE WAS CHECKED BY CONTRACT MAINTENANCE, WHICH FOUND EVERYTHING NORMAL.  WITH THIS REPORT, INCIDENT #CE05000IAC062 IS CONSIDERED CLOSED.",DOUG,DC982,,Undetermined;2613,,4.052628093957411,-7.792207792207795,10.723118213440275,0.0,mild_growth,strong_decline,strong_growth,unknown,ASIAS
20000614033509I,4.0,,Unknown,Dusk,UNK,Unknown,Unknown,2000,6,"(-23)AMERICAN FLIGHT 537 INBOUND TO ABQ, REPORTED UNSAFE LANDING GEAR INDICATION ON APPROACH TO RUNWAY 8. DECLARED

(-23)AMERICAN FLIGHT 537 INBOUND TO ABQ, REPORTED UNSAFE LANDING GEAR INDICATION ON APPROACH TO RUNWAY 8. DECLARED EMERGENCY, MADE GO-AROUND, VERIFIED GEAR DOWN AND LOCKED, LANDED WITHOUT INCIDENT ON RUNWAY 3.  EMERGENCY EQUIPMENT CALLED OUT.  CONTRACT MAINTENANCE CALLED OUT, FOUND TO BE INDICATION PROBLEM DUE TO INOPERATIVE BULBS IN INDICATION MODULE.",DOUG,DC982,,"OPDEF, Other Than Pi;3310",,4.052628093957411,-7.792207792207795,10.723118213440275,0.0,mild_growth,strong_decline,strong_growth,unknown,ASIAS
20000608032139I,2.0,,Unknown,Daylight,UNK,Unknown,Unknown,2000,6,"(-23)PN THURSDAY, JUNE 8, 2000 AT 1742 LOCAL, A CONTINENTAL EXPRESS EMB-120, N15725, FLIGHT 3111, RETURNED TO BUF A

(-23)PN THURSDAY, JUNE 8, 2000 AT 1742 LOCAL, A CONTINENTAL EXPRESS EMB-120, N15725, FLIGHT 3111, RETURNED TO BUF AFTER TAKEOFF DUE TO A #2 ENGINE OIL PRESSURE DROP. MAINTENANCE INSPECTED AND FOUND THE OIL LEVEL LOW.  OIL WAS ADDED TO THE #2 ENGINE.  IT WAS INSPECTED FOR LEAKS; NONE FOUND, AND THE AIRCRAFT WAS PLACED ON OIL WATCH.  THIS INCIDENT IS CONSIDERED CLOSED.",EMB,EMB120ER,,"Miscellaneous, Other;7910",,4.052628093957411,-7.792207792207795,10.723118213440275,0.0,mild_growth,strong_decline,strong_growth,unknown,ASIAS
20000608035879I,2.0,,Unknown,Daylight,UNK,Unknown,Unknown,2000,6,"(-23)ON JUNE 8, 2000, AT APPROXIMATELY 1413 CDT, SOUTHWEST AIRLINES FLIGHT 1542, A BOEING 737, N605SW, WHILE ENROUT

(-23)ON JUNE 8, 2000, AT APPROXIMATELY 1413 CDT, SOUTHWEST AIRLINES FLIGHT 1542, A BOEING 737, N605SW, WHILE ENROUTE FROM DFW TO STL, INFORMED R31 THAT THEY HAD LOST CABIN PRESSURIZATION AND NEEDED TO START A EMERGENCY DESCENT. DURING THE DECENT, CREW ACTIVATED ALTERNATE POSITION SWITCH AND SYSTEM RESET WITH NO FURTHER PROBLEMS.  WITH THIS REPORT, INCIDENT CE2000IACE074 IS CONSIDERED CLOSED.",BOEING,7373H4,,"OPDEF, Other Than Pi;2130",,4.052628093957411,-7.792207792207795,10.723118213440275,0.0,mild_growth,strong_decline,strong_growth,unknown,ASIAS
20000624032709I,2.0,,Unknown,Daylight,UNK,Unknown,Unknown,2000,6,"(-23)ON JUNE 24, 2000, AT APPROXIMATELY 1807 CDT, AIR MIDWEST FLIGHT 5727, A BE-1900, N64YV, LANDED AT KANSAS CITY

(-23)ON JUNE 24, 2000, AT APPROXIMATELY 1807 CDT, AIR MIDWEST FLIGHT 5727, A BE-1900, N64YV, LANDED AT KANSAS CITY INTERNATIONAL AIRPORT, KANSAS CITY, MO (MCI). AFTER DECLARING AN EMERGENCY DUE TO LANDING GEAR REQUIRING MANUAL EXTENSION.  AIRCRAFT MADE ROUTINE LANDING.  AIR MIDWEST MAINTENANCE FOUND CIRCUIT BREAKER POPPED, BUT UNABLE TO DUPLICATE PROBLEM.  AIRCRAFT WAS OPERATIONAL FLIGHT TESTED AND FOUND SATISFACTORY.  WITH THE REPORT INCIDENT #CE05000IAC063 IS CONSIDERED CLOSED.",BEECH,1900D,,"OPDEF, Other Than Pi;3230",,4.052628093957411,-7.792207792207795,10.723118213440275,0.0,mild_growth,strong_decline,strong_growth,unknown,ASIAS
20000615032389I,2.0,,Unknown,Dawn,UNK,Unknown,Unknown,2000,6,"(-23)ON THURSDAY, JUNE 15, 2000 AT 0656 EDT, A BOEING B-737, N412US, FLIGHT 1804, OPERATED BY USAIRWAYS, INC. RETUR

(-23)ON THURSDAY, JUNE 15, 2000 AT 0656 EDT, A BOEING B-737, N412US, FLIGHT 1804, OPERATED BY USAIRWAYS, INC. RETURNED AND LANDED ON RUNWAY 23 AT BUFFALO NIAGARA INTERNATIONAL AIRPORT, AUFFALO, NY AFTER EXPERIENCING AIRCRAFT VIBRATIONS.  FIRE AND RESCUE RESPONDED.  THE AIRCRAFT TAXIED TO THE GATE WITHOUT INCIDENT.  THERE WERE ON INJURIES.  US AIRWAYS MECHANICS FOUND AND REPLACED THE LEFT ELEVATOR TRIM TAB ASSEMBLY WORN BOLT AND BUSHING.  A FUNCTIONAL CHECK WAS PERFORMED SATISFACTORILY AND THE AIRCRAFT WAS RETURNED TO SERVICE.  THIS INCIDENT IS CONSIDERED CLOSED.",BOEING,737401,,"OPDEF, Other Than Pi;5552",,4.052628093957411,-7.792207792207795,10.723118213440275,0.0,mild_growth,strong_decline,strong_growth,unknown,ASIAS
20000610021789I,2.0,,VMC,Daylight,UNK,Unknown,Unknown,2000,6,"(-23) DURING THE CLIMBOUT, STICK SHAKER WENT OFF AT 210 KNOTS. ON FLAP RETRACTION, SHAKER CONTINUED WITH AIRSPEED I

(-23) DURING THE CLIMBOUT, STICK SHAKER WENT OFF AT 210 KNOTS. ON FLAP RETRACTION, SHAKER CONTINUED WITH AIRSPEED IN LIMITS. AIRCRAFT RETURNED TO KANSAS CITY WITHOUT INCIDENT. REPLACED STALL WARNING MODULE, PER MM27-32 AND OPERATIONAL CHECK WAS GOOD. NO REPEAT ON THE FOLLOWING FLIGHTS. WITH THIS REPORT, INCIDENT #CE2000IAC053 IS CONSIDERED CLOSED.",BOEING,737205,,"OPDEF, Other Than Pi;3418",,4.052628093957411,-7.792207792207795,10.723118213440275,0.0,mild_growth,strong_decline,strong_growth,unknown,ASIAS
20000607021119I,2.0,,Unknown,Daylight,UNK,Unknown,2000-5000,2000,6,"(-23) ON APPROACH TO VENANGO REGIONAL AIRPORT (FKL) FRANKLIN, PA, (AN UNCONTROLLED AIRPORT) THE PILOT SELECTED GEAR

(-23) ON APPROACH TO VENANGO REGIONAL AIRPORT (FKL) FRANKLIN, PA, (AN UNCONTROLLED AIRPORT) THE PILOT SELECTED GEAR DOWN AND THE RIGHT MAIN GEAR DOWN LOCK INDICATOR LIGHT DID NOT ILLUMINATE. THE PILOT ELECTED NOT TOLAND AT (FKL) AND DEVIATE TO PITTSBURGH INTERNATIONAL AIRPORT (PIT). ON APPROACH TO LAND ON RUNWAY 28R AT PIT, THE RIGHT MAIN GEAR DOWN LOCK LIGHT STILL DID NOT ILLUMINATE. THE AIRCRAFT LANDED AND TAXIED TO THE RAMP WITHOUT INCIDENT. MAINTENANCE PERSONNEL TROUBLESHOOT THE AIRCRAFT AND FOUND THE RIGHT MAIN GEAR DOWN LOCK INDICATOR SWITCH HAD STUCK IN THE GEAR UP POSITION (INDICATION SYSTEM ONLY). THE SWITCH WAS REPLACED AND THE AIRCRAFT WAS RETURNED TO SERVICE LATER THAT MORNING.",BEECH,1900D,,"OPDEF, Other Than Pi;3230",,4.052628093957411,-7.792207792207795,10.723118213440275,0.0,mild_growth,strong_decline,strong_growth,unknown,ASIAS
20000624032129I,2.0,,VMC,Daylight,UNK,Unknown,Unknown,2000,6,"(-23)ON JUNE 24, 2000, AT 1115 EST, A BEECH 1900-C, N1568W OPERATED BY GULF STREAM INTERNATIONAL AIRLINES, TAMPA, F

(-23)ON JUNE 24, 2000, AT 1115 EST, A BEECH 1900-C, N1568W OPERATED BY GULF STREAM INTERNATIONAL AIRLINES, TAMPA, FLORIDA, ON TAKE OFF THE NUMBER TWO ENGINE COMPRESSOR STALLED, ITT WENT TO 820 DEGREES AND THE TORGUE REDUCED TO 1700 POUNDS. AIRCRAFT RETURNED TO TAMPA INTERNATIONAL AIRPORT AND LANDED WITHOUT INCIDENT.  SUBSEQUENT INVESTIGATION FOUND FRAGMENTS OF NUMBER 2 ENGINE COMPRESSOR TURBINE STATOR MISSING AND COMPRESSOR TURBINE BLADES BADLY ERODED.",BEECH,1900C,,"OPDEF, Other Than Pi;7250",,4.052628093957411,-7.792207792207795,10.723118213440275,0.0,mild_growth,strong_decline,strong_growth,unknown,ASIAS
20000616033429I,2.0,,Unknown,Daylight,UNK,Unknown,Unknown,2000,6,"(-23)DALA F1214/16 JUNE, 2000 DEPARTED ABQ FOR CVG AND REPORTED AN OIL LEAK ON LEFT ENGINE SHORTLY AFTER DEPARTURE.

(-23)DALA F1214/16 JUNE, 2000 DEPARTED ABQ FOR CVG AND REPORTED AN OIL LEAK ON LEFT ENGINE SHORTLY AFTER DEPARTURE. FLIGHT RETURNED TO ABQ AND LANDED WITHOUT INCIDENT.  EMERGENCY WAS DECLARED BY THE CAPTAIN AND EQUIPMENT WAS STANDING BY.  THE CREW STATED THERE WAS NO LOW OIL PRESSURE LIGHT ON FOR THE ENGINE AND ENGINE WAS NOT SHUT DOWN.  ASI MAINTENANCE INSPECTED LEFT ENGINE NO EVIDENCE OF OIL LEAK.  SERVICED LEFT ENGINE WITH 8 QTS OF OIL, PERFORMED ENGINE RUN AND MEL APPLIED FOR LEFT ENGINE OIL QTY PER 79-01-01A.",BOEING,737832,,"OPDEF, Other Than Pi;7930",,4.052628093957411,-7.792207792207795,10.723118213440275,0.0,mild_growth,strong_decline,strong_growth,unknown,ASIAS
20000726021559I,2.0,,Unknown,Night,UNK,Unknown,Unknown,2000,7,"(-23)DELTA AIRLINES FLIGHT 9686 DEPARTED FROM ALT TO BWI, ACFT DIVERTED TO RDU AT 2149, BECAUSE IF NO. 1 ENGINES ST

(-23)DELTA AIRLINES FLIGHT 9686 DEPARTED FROM ALT TO BWI, ACFT DIVERTED TO RDU AT 2149, BECAUSE IF NO. 1 ENGINES STALL. DELTA DISPATCHED THEIR OWN TECHNICIAN'S (CREW THOUGHT THEY INGESTED A BIRD) FROM ALT, THE TECHNICIAN'S TROUBLESHOT THE SYSTEM AND FOUND THE THRUST REVERSER MANAGEMENT SYSTEM FAULTY.  THIS IS A REPEAT DISCREPANCY, A MEL WAS ISSUED AND THE AIRCRAFT FLEW REVENUE ON 7/27/00 AT 0920.",BOEING,757232,,"OPDEF, Other Than Pi;7830",,0.8702829741151552,1.3157894736842035,1.844993534866024,0.0,stable,mild_growth,mild_growth,unknown,ASIAS
20000731035049I,2.0,,Unknown,Daylight,UNK,Unknown,Unknown,2000,7,"(-23)USAIR EXPRESS (MESA AIRLINES), FLIGHT 5805, N17175, A CRJ, PHL-MKE, WAS INVOLVED IN A GROUND STOP THAT RESULTE

(-23)USAIR EXPRESS (MESA AIRLINES), FLIGHT 5805, N17175, A CRJ, PHL-MKE, WAS INVOLVED IN A GROUND STOP THAT RESULTED IN AN ALMOST 2 HOUR TAXI FROM THE USAIR EXPRESS RAMP TO RUNWAY 9R. WHILE ON TAXIWAY SIERRA AND NUMBER 2 FOR TAKEOFF, THE CARGO SMOKE INDICATION AND ICAS ALERT ILLUMINATED. THE FLIGHT CREW INITIAED THE APPROPRIATE CHECKLIST AND AS REQUIRED AT THE APPROPRIATE POINT IN THE CHECKLIST,THE PIC INITIATED AN EVACUATION.  ALL 49 PASSENGERS AND 3 CREWMEMBERS EVACUATED THE AIRPLANE IN APPROXIMATELY THREE MINUTES, THROUGH THE MAIN CABIN DOOR ONLY.  NO ONE WAS INJURED.  AT NO TIME DURING THE EMERGENCY DID ANY MEMBER OF THE CREW SEE OR SMELL SMOKE.  THE FLIGHT ATTENDANT DID TELL THE PIC AFTER THE EVACUATION, THAT A ""FEW"" PASSENGERS HAD THOUGHT THEY HAD SMELLED SMOKE.  CFR RESOPNED AND THE PASSENGERS WERE BUSED BACK TO THE TERMINAL.",CNDAIR,CL6002B19,,"OPDEF, Other Than Pi;2611",,0.8702829741151552,1.3157894736842035,1.844993534866024,0.0,stable,mild_growth,mild_growth,unknown,ASIAS
20000804035779I,2.0,,Unknown,Daylight,UNK,Unknown,Unknown,2000,8,"(-23) ON AUGUST 4, 2000, AT APPROXIMATELY 1921 CDT, AMERICAN AIRLINES FLIGHT 2006, A DC-9-80, N274AA, LANDED AT KAN

(-23) ON AUGUST 4, 2000, AT APPROXIMATELY 1921 CDT, AMERICAN AIRLINES FLIGHT 2006, A DC-9-80, N274AA, LANDED AT KANSAS CITY INTERNATIONAL AIRPORT, KANSAS CITY, MISSOURI (MCI), AFTER DECLARING AN EMERGENCY DUE TO FUEL VENTING FROM THE LEFT WING. THE AIRCRAFT LANDED WITHOUT INCIDENT. AMERICAN AIRLINES MAINTENANCE RETOURQUED THE LEFT HAND AFT FUEL BOOST PUMP ACCESS PLATE MOUNT SCREW, LEAK CHECKED OK AND RETURNED AIRCRAFT TO SERVICE. WITH THIS REPORT, INCIDENT #CE2000LAC073 IS CONSIDERED CLOSED.",DOUG,DC982,,"OPDEF, Other Than Pi;2822",,0.6151749462904865,9.589041095890426,1.844993534866024,0.0,stable,strong_growth,mild_growth,unknown,ASIAS
20000718026019I,2.0,,Unknown,Daylight,UNK,Unknown,Unknown,2000,7,"(-23) ON JULY 18, 2000 AT 1015 LOCAL CONTINENTAL EXPRESS (C2XA), JET LINK 3215, DEPARTED BUFFALO, NY (BUF) ENROUTE

(-23) ON JULY 18, 2000 AT 1015 LOCAL CONTINENTAL EXPRESS (C2XA), JET LINK 3215, DEPARTED BUFFALO, NY (BUF) ENROUTE TO NEWARK, NJ (EWR). THE CREW NOTED SMOKE IN COCKPIT, RETURNED BUF WITHOUT FURTHER INCIDENT. NO INJURIES WERE REPORTED. MAINTENANCE FOUND AN AVIONICS COOLING FAN (EXTRACTION FAN) HAD ""FAULTED"" AND WAS THE SOURCE OF THE SMOKE. THE FAN WAS ""MELD"" AND THE A/C RETURNED TO SERVICE. THIS INCIDENT IS CONSIDERED CLOSED.",AEROSP,ATR42320,,"OPDEF, Other Than Pi;2121",,0.8702829741151552,1.3157894736842035,1.844993534866024,0.0,stable,mild_growth,mild_growth,unknown,ASIAS
20000712036029I,2.0,,VMC,Night,UNK,Unknown,Unknown,2000,7,"(-23)N808AW, A-319, BEING OPERATED AS AMERICAN WEST AIRLINES FLIGHT 784, WAS ENROUTE FROM PHOENIX, AZ, TO COLUMBUS,

(-23)N808AW, A-319, BEING OPERATED AS AMERICAN WEST AIRLINES FLIGHT 784, WAS ENROUTE FROM PHOENIX, AZ, TO COLUMBUS, OH, WHEN THE PILOT DIVERTED TO OMAHA, NE, DUE TO A PARTIAL HYDRAULIC FAILURE.  CONTRACT MAINTENANCE FOUND THE NUMBER 2 (LEFT) ENGINE HYDRAULIC PRESSURE SWITCH LEAKING.  MAINTENANCE REPLACED THE ""O"" RING TO THE PRESSURE SWITCH.",AIRBUS,A319132,,"OPDEF, Other Than Pi;2930",,0.8702829741151552,1.3157894736842035,1.844993534866024,0.0,stable,mild_growth,mild_growth,unknown,ASIAS
20000713035689I,2.0,,VMC,Daylight,UNK,Unknown,Unknown,2000,7,"(-23) THE EVENING OF JULY 12, 2000, MAINTENANCE PERSONNEL LUBED THE BLED VALVES ON THE NUMBER TWO ENGINE AND PERFOR

(-23) THE EVENING OF JULY 12, 2000, MAINTENANCE PERSONNEL LUBED THE BLED VALVES ON THE NUMBER TWO ENGINE AND PERFORMED A CLEARING RUN. N233TM DEPARTED ELKO AS FLIGHT 311 ON JULY 13, 2000, TO REPOSITION AT RENO/TAHOE INTERNATIONAL. ON CLIMB OUT THE CABIN CREW NOTICED THE SMELL OF SMOKE FOLLOWED BY THE ALARM SOUNDING AND VISIBLE SMOKE IN THE CABIN. THE AIRCRAFT RETURNED TO ELKO AND LANDED WITHOUT INCIDENT.",BOEING,737282,,"Miscellaneous, Other;7532",,0.8702829741151552,1.3157894736842035,1.844993534866024,0.0,stable,mild_growth,mild_growth,unknown,ASIAS
20000801036019I,2.0,,Unknown,Daylight,UNK,Unknown,Unknown,2000,8,"(-23)ON AUGUST 1, 2000, AT APPROXIMATELY 1417 CDT, NORTHWEST AIRLINES FLIGHT 0212, A DOUGLAS DC9-50, N785NC, LEFT K

(-23)ON AUGUST 1, 2000, AT APPROXIMATELY 1417 CDT, NORTHWEST AIRLINES FLIGHT 0212, A DOUGLAS DC9-50, N785NC, LEFT KANSAS CITY INTERNATIONAL AIRPORT, KANSAS CITY, MO, (MCI) AND BLEW A LEFT MAIN TIRE ON TAKEOFF. THE FLIGHT CONTINUED ON TO MINNEAPOLIS/ST. PAUL, MN (MSP) WHERE #1 AND #2 WHEEL ASSEMBLIES WERE REPLACED.  WITH THIS REPORT, INCIDENT #CE2000IAC072 IS CONSIDERED CLOSED.",DOUG,DC951,,"OPDEF, Other Than Pi;3244",,0.6151749462904865,9.589041095890426,1.844993534866024,0.0,stable,strong_growth,mild_growth,unknown,ASIAS
20000718035939I,2.0,,IMC,Daylight,UNK,Unknown,Unknown,2000,7,"(-23) N590XJ, SAAB 340A, BEING OPERATED AS NORTHWEST AIRLINK FLIGHT 3223, DEPARTED LINCOLN, NE, ENROUTE TO MINNEAPO

(-23) N590XJ, SAAB 340A, BEING OPERATED AS NORTHWEST AIRLINK FLIGHT 3223, DEPARTED LINCOLN, NE, ENROUTE TO MINNEAPOLIS, MN. THE CREW DECLARED AN EMERGENCY 15 MINUTES AFTER DEPARTURE DUE TO A TAILPIPE TEMPERATURE OVERHEAT INDICATION. CONTRACT MAINTENANCE INSPECTED THE ENGINE AND CLEANED THE CANNON PLUG TO THE TEMPERATURE OVERHEAT INDICATOR AND RETURNED THE AIRCRAFT TO SERVICE.",SAAB,SF340A,,"OPDEF, Other Than Pi;7722",,0.8702829741151552,1.3157894736842035,1.844993534866024,0.0,stable,mild_growth,mild_growth,unknown,ASIAS
20000721035139I,2.0,,Unknown,Daylight,UNK,Unknown,5000+,2000,7,"(-23)ON JULY 21, 2000, AT 1000E, A SF-340, S/N 340-043, REGISTERED AS N43CQ OPERATED BY CHQA FLIGHT #4356. AIRCRAFT

(-23)ON JULY 21, 2000, AT 1000E, A SF-340, S/N 340-043, REGISTERED AS N43CQ OPERATED BY CHQA FLIGHT #4356. AIRCRAFT RETURNED TO PIT DUE TO THE LEFT ENGINE BEING OVER TEMPERATURE AND A TORQUE DROP.  MAINTENANCE FOUND THAT THE LEFT ENGINE HP BLEED CLAMP WAS NOT INSTALLED ON THE HP BLEED LINE.  THE CLAMP WAS FOUND IN THE COWLING WITH THE NUT MISSING AND DAMAGED THREADS.  THE NUT WAS FOUND UNDER THE PROPELLER SHAFT WITH THE THREADS STRIPPED.",CESSNA,340A,,Improper Maintenance;3610,,0.8702829741151552,1.3157894736842035,1.844993534866024,0.0,stable,mild_growth,mild_growth,unknown,ASIAS
20000730026039I,2.0,,Unknown,Daylight,UNK,Unknown,Unknown,2000,7,"(-23) ON SUNDAY, JULY 30, 2000, AT 1650 EDT, A BA JETSTREAM 4101, S/N 41017, N324UE, FLIGHT NUMBER 7356, OPERATED B

(-23) ON SUNDAY, JULY 30, 2000, AT 1650 EDT, A BA JETSTREAM 4101, S/N 41017, N324UE, FLIGHT NUMBER 7356, OPERATED BY ATLANTIC COAST AIRLINES, ON A FLIGHT FROM DULLES INTERNATIONAL AIRPORT, WASHINGTON, DC TO SYRACUSE, NY, DIVERTED TO BINGHAMTON AIRPORT WITH LEFT ENGINE OIL PRESSURE FLUCTUATION AND THE ENGINE OIL LIGHT ILLUMINATED. A LEFT ENGINE SHUT-DOWN WAS ACCOMPLISHED WITHOUT FURTHER INCIDENT. THE ARFF, RESPONDED AND THE A/C TAXIED TO THE RAMP WITHOUT INCIDENT. MAINTENANCE PERSONNEL INSPECTED, REMOVED, AND REPLACED THE LEFT ENGINE OIL PRESSURE TRANSDUCER, REMOVED AND REPLACED THE LOWER AFT HAND VERTICAL ENGINE MOUNT BOLT. OPS. CHECK AND LEAK CHECK WAS SATISFACTORY. THE A/C WAS RETURNED TO SERVICE. VISUAL METEOROLOGICAL CONDITIONS PREVAILED AT THE TIME AND AN IFR FLIGHT WAS FILED. THE A/C WAS NOT DAMAGED AND THERE WERE NO INJURIES. THE FLIGHT ORIGINATED AT THE DULLES INTERNATIONAL AIRPORT, WASHINGTON, DC, ON JULY 30, 2000.",JETAIR,JETSTM4101,,"OPDEF, Other Than Pi;7931",,0.8702829741151552,1.3157894736842035,1.844993534866024,0.0,stable,mild_growth,mild_growth,unknown,ASIAS
20000727037529I,2.0,,VMC,Daylight,UNK,Unknown,5000+,2000,7,"(-23) NWA FLIGHT 545 WAS CLEARED TO FL280 AND LEVELED OFF AT THAT ALTITUDE. THE CABIN PRESSUE CONTINUED TO INCREASE

(-23) NWA FLIGHT 545 WAS CLEARED TO FL280 AND LEVELED OFF AT THAT ALTITUDE. THE CABIN PRESSUE CONTINUED TO INCREASE WITH THE OUTFLOW VALVE FULLY CLOSED AND THE CAPTIAN REQUESTED A DESCENT TO FL180. HE WAS CLEARED TO FL270, BUT THE CABIN PRESSURE CONTINUED TO INCREASE. THE CAPTAIN DECLARED AN EMERGENCY DUE TO THE PRESSURIZATION PROBLEM. ATC CLEARED HIM TO FL240 WHERE THE CABIN PRESSURE SLOWLY RETURNED TO NORMAL.",DOUG,DC9*,,"OPDEF, Other Than Pi;2130",,0.8702829741151552,1.3157894736842035,1.844993534866024,0.0,stable,mild_growth,mild_growth,unknown,ASIAS
20000713034299I,2.0,,Unknown,Night,UNK,PIC,Unknown,2000,7,"(-23)ON THURSDAY, JULY 13, 2000 AT 0023 LOCAL, DURING LANDING ROLLOUT AFTER A FLIGHT FROM JFK TO SYR, A SF-340, N27

(-23)ON THURSDAY, JULY 13, 2000 AT 0023 LOCAL, DURING LANDING ROLLOUT AFTER A FLIGHT FROM JFK TO SYR, A SF-340, N273AE, STRUCK A DEER WITH THE RIGHT HAND PROPELLER. TWO PROPELLER BLADES WERE DAMAGED.  COMPANY MAINTENANCE ARRIVED FROM ALBANY AND DISASSEMBLED THE PROPELLER AND HUB FOR INSPECTION AND REPAIR.  THE RIGHT HAND LANDING LIGHT LENS WAS ALSO CRACKED BY IMPACT WITH THE BEAST.  ALL MAINTENANCE RECORDED ON LP1209144.  TOW PROPELLER BLADES AND THE HUB WERE REPLACED.  THIS INCIDENT IS CONSIDERED CLOSED.",SAAB,340B,,"Miscellaneous, Other;Struck Animal",,0.8702829741151552,1.3157894736842035,1.844993534866024,0.0,stable,mild_growth,mild_growth,unknown,ASIAS
20000725027869I,2.0,,Unknown,Daylight,UNK,Unknown,Unknown,2000,7,"(-23)A NORTHWEST AIRLINES, INC. (NWA) BOEING B-757 AIRCRAFT N528US DURING FLIGHT #1224 ON JULY 17, 2000 FROM DENVER

(-23)A NORTHWEST AIRLINES, INC. (NWA) BOEING B-757 AIRCRAFT N528US DURING FLIGHT #1224 ON JULY 17, 2000 FROM DENVER, CO TO DETROIT, MI, EXPERIENCED DEPRESSURIZATION AT APPROXIMATELY 36,000 FEET. THE CREW PERFORMED A RAPID DECSENT AND INITIATED A MANUAL OXYGEN MASK DROP, SUBSEQUENTLY AND TO DENVER WITHOUT FURTHER INCIDENT.  UPON LANDING AT THE DENVER AIRPORT, THE PILOT INITIATED A LOG PAGE DOCUMENTING NUMBEROUS OXYGEN GENERATORS THAT DID NOT FUNCTION PROPERLY.  APPARENTLY, ELEVEN OXYGEN GENERATORS HAD NOT ACTIVATE DURING THIS IN-FLIGHT PINS WERE INCORRECTLY INSTALLED IN THE GENERATOR FIRING MECHANISMS.",BOEING,757251,,"OPDEF, Other Than Pi;2100",,0.8702829741151552,1.3157894736842035,1.844993534866024,0.0,stable,mild_growth,mild_growth,unknown,ASIAS
20000726035009I,2.0,,VMC,Night,UNK,Unknown,Unknown,2000,7,"(-23)LOG ITEM STATED #2 ENGINE FAILED ON TAKEOFF. AIRCRAFT RETURNED AND LANDED SAFELY.  MAINTENANCE CHECKED INLET A

(-23)LOG ITEM STATED #2 ENGINE FAILED ON TAKEOFF. AIRCRAFT RETURNED AND LANDED SAFELY.  MAINTENANCE CHECKED INLET AND EXHAUST AND FOUND NO DAMAGE BOROSCOPE OF COMPRESSOR.  FOUND DAMAGE TO 11, 12 AND 13TH STAGES CONSISTING OF TORN BALDES AND MISSING BLADE MATERIAL.  ENGINE WAS REPLACED.  FAILURE WAS CONTAINED.",DOUG,DC1030,,"OPDEF, Other Than Pi;7230",,0.8702829741151552,1.3157894736842035,1.844993534866024,0.0,stable,mild_growth,mild_growth,unknown,ASIAS
20000725020549I,2.0,,VMC,Daylight,UNK,Unknown,Unknown,2000,7,"(-23) (POTENTIAL FLIGHT CONTROL PROBLEM)ON 07/25/2000, RENO, NV, 1919 SKW 3651 DECLARED AN EMERGENCY WHILE ON A 10

(-23) (POTENTIAL FLIGHT CONTROL PROBLEM)ON 07/25/2000, RENO, NV, 1919 SKW 3651 DECLARED AN EMERGENCY WHILE ON A 10 MILE FINAL FOR RUNWAY 16R. THE PILOT REPORTED THAT WHEN THE AUTO-PILOT WAS DISENGAGED HE FOUND THE LEFT AILERON HARD TO MOVE.  THE AIRCRAFT LANDED ON RUNWAY 16R WITHOUT INCIDENT.  THE EMERGENCY WAS TERMINATED AT 1922.  ON THE GROUND AT THE GATE, THE FLIGHT CREW PULLED ALL OF THE AUTO-PILOT CIRCUIT BREAKERS WHICH FREED UP THE MOVEMENT OF THE AILERON.  A CONTACT MAINTENANCE MECHANIC INSPECTED THE CONTROLS FOR MOVEMENT, WHICH CHECKED OUT NORMAL (AUTO-PILOT OFF).  THE AIRCRAFT WAS FERRIED TO SLC FOR MAINTENANCE.  SKYWEST MECHANICS REPLACED THE A/P TRANSFER BOX AND THE LEFT AILERON SERVO.  THE AIRCRAFT WAS TEST FLOWN: ALL SYSTEMS OPERATED NORMALLY AND THE AIRCRAFT WAS RETURNED TO SERVICE.",EMB,EMB120,,"OPDEF, Other Than Pi;2213",,0.8702829741151552,1.3157894736842035,1.844993534866024,0.0,stable,mild_growth,mild_growth,unknown,ASIAS
20000727031939I,2.0,,Unknown,Daylight,UNK,PIC,Unknown,2000,7,"(-23)FLIGHT CREW DECLARED AN EMERGENCY AND LANDED AT FORT WAYNE, IN (KFWA) DUE TO SMOKE IN THE CARGO AREA. AIRCRAFT

(-23)FLIGHT CREW DECLARED AN EMERGENCY AND LANDED AT FORT WAYNE, IN (KFWA) DUE TO SMOKE IN THE CARGO AREA. AIRCRAFT LANDED WITHOUT INCIDENT, CARGO HOLD WAS INSPECTION AND NO SIGN OF SMOKE WAS EVIDENT.  MAINTENANCE PERSONNEL IN FWA CLEANED CANNON PLUG PINS AND OBTAINED ONE TIME SPECIAL FLIGHT PERMIT FROM KFWA TO KDTW.",CESSNA,340A,,"OPDEF, Other Than Pi;Undetermined",,0.8702829741151552,1.3157894736842035,1.844993534866024,0.0,stable,mild_growth,mild_growth,unknown,ASIAS
20000725034999I,2.0,,VMC,Daylight,UNK,Unknown,2000-5000,2000,7,"(-23)ON TAKE OFF THE LEFT NOSE WHEEL CAME OFF AND STUCK THE #4 BRAKE LINE AT FITTING. AIRCRAT LANDED WITHOUT INCIDE

(-23)ON TAKE OFF THE LEFT NOSE WHEEL CAME OFF AND STUCK THE #4 BRAKE LINE AT FITTING. AIRCRAT LANDED WITHOUT INCIDENT.  DURING COURSE OF INVESTIGATION, DETERMINED BEARING TO HAVE FAILED.  SPECIFIC CAUSE OF BEARING FALIURE HAS NOT BEEN DETERMINED.",SAAB,SF340A,,Undetermined;3246,,0.8702829741151552,1.3157894736842035,1.844993534866024,0.0,stable,mild_growth,mild_growth,unknown,ASIAS
20000725021729I,2.0,,Unknown,Daylight,UNK,Unknown,5000+,2000,7,"(-23)50 MILES WEST OF FLL, DESCENDING THROUGH 11K LOST THE RT HYD SYS INDICATIONS WERE RT HYD PRESS LOW LIGHT ON &

(-23)50 MILES WEST OF FLL, DESCENDING THROUGH 11K LOST THE RT HYD SYS INDICATIONS WERE RT HYD PRESS LOW LIGHT ON & QUANITY & PRESS GAGES AT ZERO. PROCEDURES FOLLOWED FOR HYD PRESS LOW LIGHT ON & SINGLE HYD SYS FAILURE.  LANDING GEAR EXTENDED NORMAL & GEAR DOORS CLOSED NORMAL.  EMERGENCY DECLARED WITH MIAMI APPROACH & AN UNEVENTFUL APPROACH & LANDING TO 9L FOLLOWED.  NORMAL PROCEDURES FOLLOWED, APU STARTED AND WHEN TAXING TO TERMINAL PROCEDED, FLT. ATTENDENTS NOTICED ODOR IN CABIN AND L2 ATTENDENT NOTICED SLIGHT MIST.  DUE TO LOSS OF HYDRAULICS, SKYDROL WAS PRESENT NEAR APU WHEN STARTED CAUSED MIST/ODOR.  PAX WERE DEPLANED AND BUSED TO TERMINAL, MX, R&R RUDDER HYDRAULIC POWER-SHUTOFF VALVE.",DOUG,DC932,,"OPDEF, Other Than Pi;2910",,0.8702829741151552,1.3157894736842035,1.844993534866024,0.0,stable,mild_growth,mild_growth,unknown,ASIAS
20000723036049I,2.0,,Unknown,Daylight,UNK,Unknown,5000+,2000,7,"(-23)ON JULY 23, 2000, AT 0730E, A DC-9, S/N 47327, REGISTERED AS N8978E, AND OPERATING AS ""NWAA"" FLIGHT #1451 DIVE

(-23)ON JULY 23, 2000, AT 0730E, A DC-9, S/N 47327, REGISTERED AS N8978E, AND OPERATING AS ""NWAA"" FLIGHT #1451 DIVERTED TO AND LANDED AT ""PIT"". THE AIRCRAFT WAS ENROUTE FROM NORFOLK TO DETROIT AFTER THE FLIGHT FLEW SHUT DOWN THE ENGINE.  THE AIRCRAFT WAS IN CRUISE AT 29,000 FEET AND THE ""RIGHT FUEL HEAT ON"" LIGHT CAME ON UN-COMMAND.  THE RIGHT OIL TEMP WAS IN THE YELLOW BAND (140-150 DEGEES F).  THE CHECKLIST WAS RUN AND THE HEAT VALVE OPEN INDICATIONS CONTINUED.  THE ENIGINE WAS SECURED AND THE AIRCRAFT LANDED AND TAXIED TO THE GATE WITHOUT INCIDENT. MAINTENANCE FOUND THE HEAT VALVE FAILED AND REPLACED THE VALVE AND THE AIRCRAFT WAS RETURNED TO SEVICE.  INVESTIGATION BY DESK AUDIT AND CLOSED.",DOUG,DC931,,"OPDEF, Other Than Pi;7312",,0.8702829741151552,1.3157894736842035,1.844993534866024,0.0,stable,mild_growth,mild_growth,unknown,ASIAS
20000722035119I,2.0,,Unknown,Daylight,UNK,Unknown,5000+,2000,7,"(-23)ON JULY 22, 2000, AT 1101, A B727 S/N 22539, REGISTERED AS N367PA AND OPERATING AS PANAM (RIVA) FLIGHT 163, AB

(-23)ON JULY 22, 2000, AT 1101, A B727 S/N 22539, REGISTERED AS N367PA AND OPERATING AS PANAM (RIVA) FLIGHT 163, ABORTED DEPARTURE ON RUNWAY 28L AT ""PIT"". THE TAKEOFF WAS ABORTED AFTER AN ENGINE FIRE WARNING INDICATION WAS RECEIVED.  THE AIRCRAFT TAXIED TO THE RAMP WITHOUT INCIDENT.  MAINTENANCE AT PIT INSPECTED THE AIRCRAFT, PERFORMED ENGINE RUNS, AND NO DEFECT WAS FOUND.  THE AIRCRAFT WAS THEN RETURNED TO SERVICE.  NOTE:AS PER MAINTENANCE CONTROL, APPROXIMATELY FOUR (4) FLIGHTS LATER AT PORTSMITH, THIS HAPPENED AGAIN.  MANTENANCE FOUND THE BLEED AIR CLAMP AT THE START VALVE LOOSE.  THE CLAM WAS RETORQED, THE LEAK WAS CHECKED, AND THE AIRCRAFT WAS RETURNED TO SERVICE.  INVESTIGATION BY DESK AUDIT AND CLOSED.",BOEING,727221,,"OPDEF, Other Than Pi;8010",,0.8702829741151552,1.3157894736842035,1.844993534866024,0.0,stable,mild_growth,mild_growth,unknown,ASIAS
20000710035149I,2.0,,Unknown,Night,UNK,Unknown,2000-5000,2000,7,"(-23)ON JULY 7, 2000, AT 2128A DO-328-100, S/N 3058 REGISTERED AS N440JS AND BEING OPERATED AS VNAA FLIGHT #4046, L

(-23)ON JULY 7, 2000, AT 2128A DO-328-100, S/N 3058 REGISTERED AS N440JS AND BEING OPERATED AS VNAA FLIGHT #4046, LANDED ON RUNWAY 28R AFTER REPORTING A SMELL OF SMOKE IN THE COCKPIT. THE AIRCRAFT LANDED AND TAXIED TO THE GATE WITHOUT INCIDENT.  MAINTENANCE FOUND THE RIGHT ECU PACK FAILED AND WAS REPLACED AT PIT.  OPS CHECKED AND RETURNED TO SERVICE.  INVESTIGATION BY DESK AUDIT AND CLOSED.",DORNER,DO328100,,"OPDEF, Other Than Pi;7321",,0.8702829741151552,1.3157894736842035,1.844993534866024,0.0,stable,mild_growth,mild_growth,unknown,ASIAS
20000804028459I,2.0,,Unknown,Daylight,UNK,Unknown,Unknown,2000,8,"(-23)ON 8/4/00, AN US AIRWAYS (USAA) DOUGLAS DC-9-30 AIRCRAFT, OPERATING UNDER FLIGHT 662, DEPARTED INDIANPOLIS (IN

(-23)ON 8/4/00, AN US AIRWAYS (USAA) DOUGLAS DC-9-30 AIRCRAFT, OPERATING UNDER FLIGHT 662, DEPARTED INDIANPOLIS (IND) EN ROUTE TO WASHINGON, DC (DCA) WHEN SHORTLY AFTER TAKE OFF THE PILOT DECLARED AN EMERGENCY AT0740 CST AND RETURNED, DUE TO A CHEMICAL FUMES ODOR IN THE MAIN CABIN. THE AIRCRAFT LANDED AT END RUNWAY 23L AT 0713 CST, CLEARED THE RUNWAY, STOPPED ON THE TAXIWAY AND SHUTDOWN THE ENGINES.  THE AIRPORT FIRE DEPARTMENT PERSONNEL BOARDED THE AIRCRAFT TO CHECK FOR HAZARDOUS MATERIALS, A SHORT TIME LATER THE PARAMEDICAS BOARDED THE AIRCRAFT TO TREAT A PASSENGER.  A SUPER GLUE TYPE ADHESIVE USED BY THE COMPANY MANTENANCE PERSONNEL TO REPAIR THE OVERHEAD PLASTIC PANEL AND DID NOT SET UP PROPERLY DRIPPED ON A PASSENGER, WHO WAS TAKEN TO THE METHODIST HOSPITAL FOR TREATMENT.  THE REMAINING PASSNEGERS WERE DEPLANED NORMALLY AND BUSED TO THE TERMINAL AT 0731 CST (NO OTHER REPORTED INJURIES).  THE AIRCRAFT WAS TOWED TO THE GATE AT 0741 CST.  MAINTENANCE PERSONNEL REMOVED AND CLEANED THE GLUE MATERIAL FROM THE OVERHEAD PASSENGER SERVICE UNIT (PSU), ALSO THE AIR CONDITIONING PACK WATER SEPARATOR BAGS WERE REPLACED AS A PRECAUTIONARY.  BOTH AIR CONDITIONING PACKS WERE RUN FULL HOT AND  FULL COLD FOR APPROXIMATELY 30 MINUTES NO SMELL NOTED. THE OVERWEIGHT INSPECTION WAS COMPLETED AND THE AIRCRAFT WAS RELEASED TO SERVICE.",DOUG,DC931,,Undetermined;2520,,0.6151749462904865,9.589041095890426,1.844993534866024,0.0,stable,strong_growth,mild_growth,unknown,ASIAS
20000711035649I,2.0,,Unknown,Daylight,UNK,Unknown,Unknown,2000,7,"(-23) ON JULY 11, 2000, AT 0959 (LCL), VANGUARD AIRLINES, FLIGHT 584, AIRCRAFT N120NJ, WAS SCHEDULED TO ENROUTE FRO

(-23) ON JULY 11, 2000, AT 0959 (LCL), VANGUARD AIRLINES, FLIGHT 584, AIRCRAFT N120NJ, WAS SCHEDULED TO ENROUTE FROM MCI TO MDW. THE CAPTAIN REPORTED THAT NUMBER ONE ENGINE SETTING WAS STUCK AT 90% WITH NO THROTTLE CONTROL. AN EMERGENCY WAS DECLARED AND THE AIRCRAFT CIRCLED BACK TO MCI. THE PILOT WAS ABLE TO LAND THE AIRCRAFT AT MCI WITH THE AFFECTED ENGINE SHUT DOWN ON APPROACH, WITH NO FURTHER INCIDENT. VANGUARD MAINTENANCE PERFORMED TROUBLE SHOOTING PROCEDURES AND UPON OPEN UP OF THE ENGINE COWLING DISCOVERED THE BOLT AND RELATED HARDWARE TO THE TELEFLEX CABLE (THROTTLE CABLE) LYING IN THE BOTTOM OF THE COWLING. AIRCRAFT N120NJ HAS BEEN RETURNED TO SERVICE. VANGUARDS DIRECTOR OF QUALITY ASSURANCE RELAYED THAT PRIOR MAINTENANCE WAS PERFORMED IN THE SAME AREA AND THAT AN INTERNAL INVESTIGATION BY THE AIRLINE WAS UNDERWAY. ^PRIVACY DATA OMITTED^ WITH THIS REPORT,^PRIVACY DATA OMITTED^          IS CONSIDERED CLOSED.",BOEING,737200A,,Improper Maintenance;7603,,0.8702829741151552,1.3157894736842035,1.844993534866024,0.0,stable,mild_growth,mild_growth,unknown,ASIAS
20000726036039I,2.0,,Unknown,Daylight,UNK,Unknown,Unknown,2000,7,"(-23)ON WEDNESDAY, JULY 26, 2000, U.S. AIRWAYS FLIGHT 1802, AN F-100, N855US, WAS ENROUTE FROM PITTSBURG, PA (PIT)

(-23)ON WEDNESDAY, JULY 26, 2000, U.S. AIRWAYS FLIGHT 1802, AN F-100, N855US, WAS ENROUTE FROM PITTSBURG, PA (PIT) TO NEW YORK, NY (LGA) WHEN THE CREW NOTED A LOSS OF HYDRAULIC FLUID ON THE #1 SYSTEM. THE CREW DIVERTED TO SYRACUSE,NY (SYR) (THE NEAREST SUITABLE FILED), AND LANDED WITHOUT FURTHER INCIDENT OR ANY INJURIES.  THE AIRCRAFT WAS TOWED FROM THE RUNWAY.  MAINTENANCE REMOVED AND REPLACED THE #1 HYDRAULIC PUMP, FILTER AND RELIEF VALVE IAW GMM.  THE AIRCRAFT WAS RETURNED TO SERVICE.  THIS INCIDENT IS CONSIDERED CLOSED.",FOKKER,F28MK0100,,"OPDEF, Other Than Pi;2913",,0.8702829741151552,1.3157894736842035,1.844993534866024,0.0,stable,mild_growth,mild_growth,unknown,ASIAS
20000803025469I,2.0,,VMC,Daylight,UNK,Unknown,Unknown,2000,8,"(-23)ON AUGUST 3, 2000, AT 1030 EST, BE-1900-C, N151GA OPERATED BY GULF STREAM INTERNATIONAL, THE NOSE LANDING GEAR

(-23)ON AUGUST 3, 2000, AT 1030 EST, BE-1900-C, N151GA OPERATED BY GULF STREAM INTERNATIONAL, THE NOSE LANDING GEAR WOULD NOT RETRACT AND NOSE LANDING GEAR INDICATED UNSAFE. THE LANDING GEAR HANDLE WAS CYCLED WITH NO SUCCESS.  THE LANDING GEAR WAS EXTENDED MANUALLY BY PUMPING THE LANDING GEAR DOWN AND LOCKED.  THE AIRCRAFT LANDED WITHOUT INCIDENT.  MAINTENANCE FOUND THE LANDING GEAR UP LOCK SWITCH PN114-361044-1 DEFECTIVE.  PART WAS REMOVED AND REPLACED AND OPERATION CHECK GOOD.",BEECH,1900C,,"OPDEF, Other Than Pi;3230",,0.6151749462904865,9.589041095890426,1.844993534866024,0.0,stable,strong_growth,mild_growth,unknown,ASIAS
20000727035829I,2.0,,Unknown,Dusk,UNK,Unknown,Unknown,2000,7,"(-23)ON THURSDAY, JULY 27, 2000, AT 2015 LOCAL, AN ATLANIC COAST AIRLINES D/B/A UNTIED EXPRESS, BAE JETSTREAM 3201,

(-23)ON THURSDAY, JULY 27, 2000, AT 2015 LOCAL, AN ATLANIC COAST AIRLINES D/B/A UNTIED EXPRESS, BAE JETSTREAM 3201, N484UE, FLIGHT 7586, REPORTED TO SYR TOWER THAT THEY HAD A COMPLETE HYDRAULIC FAILURE. THE LANDING GEAR AND FLAPS WERE EXTENDED MANUALLY AND THE AIRCRAFT LANDED ON RUNWAY 10 AT SYR WITHOUT INCIDENT.  MAITNENANCE INSPECTED THE AIRCRAFT AND FOUND THE PRESSURE LINE GOING TO THE NUMBER 2 HYDRAULIC PUMP HAD CHAFED THROUGH.  THE LINE WAS REPLACED AS WELL AS BOTH HYDRAULIC PUMPS.  A GEAR SWING WAS ACCOMPLISHED AN THE AIRCRAFT WAS RETURNED TO SERVICE.  THIS INCIDENT IS CONSIDERED CLOSED.",BAG,JETSTM3201,,"OPDEF, Other Than Pi;2910",,0.8702829741151552,1.3157894736842035,1.844993534866024,0.0,stable,mild_growth,mild_growth,unknown,ASIAS
20000724036009I,2.0,,Unknown,Daylight,UNK,Unknown,Unknown,2000,7,"(-23)ON MONDAY , JULY 24, 2000, DURING SCHEDULE FLIGHT #165 FROM BOS TO MDY, AT APPROXIMATELY 1930 EDT, AM AMERICAN

(-23)ON MONDAY , JULY 24, 2000, DURING SCHEDULE FLIGHT #165 FROM BOS TO MDY, AT APPROXIMATELY 1930 EDT, AM AMERICAN TRANS AIR B-727-200, N767AT, DIVERTED INTO SYRACUSE HANCOCK INTERNATIONAL AIRPORT (SYR) AND EXECUTED A NON-EMERGENCY LANDING. THE COMPANYT DISPATCHED ANOTHER AIRCRAFT TO SYR WITH MECHANICS AND GROUND AGENTS.  THE 164 PASSENGERS AND THEIR BAGGAGE FROM THE ORIGINATING FLIGHT WERE BOARDED ON THE NEWLY ARRIVED AIRCRAFT AND CONTINUE TO THEIR DESTINATION OF MDY.  THE MECHANICS ACCOMPLISHED REPAIRS TO FIVE LOOSE RIVETS THAT WERE LOCATED ON THE LEFT WING UPPER LEADING EDGE IN THE AREA OF #1 LEADING EDGE FLAPS.  N767AT WAS REPAIRED BY THE REMOVAL AND REPLACEMENT OF THE FIVE LOOSE RIVETS AND DEPARTED SYR AT 0230 ON JULY 25, 2000.  THIS INCIDENT IS CONSIDERED CLOSED.",BOEING,727227,,"OPDEF, Other Than Pi;5730",,0.8702829741151552,1.3157894736842035,1.844993534866024,0.0,stable,mild_growth,mild_growth,unknown,ASIAS
20000801027139I,2.0,,Unknown,Daylight,UNK,Unknown,5000+,2000,8,"(-23)ON AUGUST 2, 2000, AT 1931Z, REGISTERED AT N643DL AND OPERATED AS DELTA (DALA) FLIGHT #1776, DIVERTED INTO ""PI

(-23)ON AUGUST 2, 2000, AT 1931Z, REGISTERED AT N643DL AND OPERATED AS DELTA (DALA) FLIGHT #1776, DIVERTED INTO ""PIT"" ENROUTE FROM ""SLC"" TO ""BOS"" DUE TO AN OXYGEN INDICATION OF ""O"" PSI. THE AIRCRAFT LANDED AND TAXIED TO THE GATE WITHOUT INCIDENT.  UPON LANDING, THE CREW REPORTED THAT THE OXYGEN PRESSURE JUMPED TO 1600 PSI.  THE INDICATION WAS DEFERRED PER MEL 35-11-02 AND RETURNED TO SERVICE.  INVESTIGATION BY DESK AUDIT AND CLOSED.",BOEING,757232,,"OPDEF, Other Than Pi;3510",,0.6151749462904865,9.589041095890426,1.844993534866024,0.0,stable,strong_growth,mild_growth,unknown,ASIAS
20000818039339I,2.0,,Unknown,Daylight,UNK,Other,Unknown,2000,8,"(-23)AN^PRIVACY DATA OMIT^HAS BEEN FORWARDED TO AGL-7 ALLEGING ^PRIVACY DATA OMITTED^ VIOLATED FAR 121-580 (INTERFE

(-23)AN^PRIVACY DATA OMIT^HAS BEEN FORWARDED TO AGL-7 ALLEGING ^PRIVACY DATA OMITTED^ VIOLATED FAR 121-580 (INTERFERENCE WITH CREW MEMBERS), FAR 121.317F & FAR 121.317K (FAILURE TO WEAR SAFETY BELT & FAILURE TO COMPLY WITH INSTRUCTIONS REGARDING THE SAFETY/SEAT BELT). ^PRIVACY DATA OMITTED^",,,,"Miscellaneous, Other;Cntl Intfr By Passen",,0.6151749462904865,9.589041095890426,1.844993534866024,0.0,stable,strong_growth,mild_growth,unknown,ASIAS
20000824039539I,2.0,,Unknown,Daylight,UNK,Unknown,Unknown,2000,8,"(-23)PIC REPORTED FLIGHT CONTROL PROBLEMS. RETURNED TO SJU.  LANDED WITHOUT INCIDENT.  MAINTENANCE PERSONNEL REPLAC

(-23)PIC REPORTED FLIGHT CONTROL PROBLEMS. RETURNED TO SJU.  LANDED WITHOUT INCIDENT.  MAINTENANCE PERSONNEL REPLACED ELEVATOR FELL COMPUTER.  A/C WAS RELEASED.  REVIEW OF THE AIRCRAFT PREVIOUS LOGS RECORDS SHOWS THAT THE DISCREPANCIES WAS REPORTED TWO DAYS EALIER.  ON 8/22, HOWEVER WAS ON 8/24 THAT THE FELL COMPUTER WAS REPLACED.",BOEING,727,,"OPDEF, Other Than Pi;2730",,0.6151749462904865,9.589041095890426,1.844993534866024,0.0,stable,strong_growth,mild_growth,unknown,ASIAS
20000828026689I,2.0,,Unknown,Daylight,UNK,Unknown,Unknown,2000,8,"(-23)ON AUGUST 28, 2000, AT APPROXIMATELY 1428 CDT, VANGUARD AIRLINES FLIGHT 303, A BOEING 737-200, N126NJ, DEPARTE

(-23)ON AUGUST 28, 2000, AT APPROXIMATELY 1428 CDT, VANGUARD AIRLINES FLIGHT 303, A BOEING 737-200, N126NJ, DEPARTED KANSAS CITY INTERNATIONAL AIRPORT, KANSAS CITY, MISSOURI (MCI). DURING CLIMB, HIGH OIL WAS DETECTED WHICH CONTINUED DURING CRUISE AND FLIGHT RETURNED TO MCI WITH #1 ENGINE SHUT DOWN.  LANDING WAS UNEVENTFUL.  OIL TEMPERTURE BULB WAS FOUND DEFECTIVE AND REPLACED.  AIRCRAFT WAS RETURNED TO SERVICE.  INCIDENT # CE2000IAC080 IS CONSIDERED CLOSED WITH THIS REPORT.",BOEING,7372B7,,"OPDEF, Other Than Pi;7933",,0.6151749462904865,9.589041095890426,1.844993534866024,0.0,stable,strong_growth,mild_growth,unknown,ASIAS
20000902023629I,2.0,,Unknown,Daylight,UNK,Unknown,Unknown,2000,9,"(-23)ON SATURDAY, SEPTEMBER 2, 2000, AT 1402 LOCAL, A CONTINENTAL EXPRESS ATR 42, N34817, FLIGHT 3653, RETURNED TO

(-23)ON SATURDAY, SEPTEMBER 2, 2000, AT 1402 LOCAL, A CONTINENTAL EXPRESS ATR 42, N34817, FLIGHT 3653, RETURNED TO LAND AT SYR DUE TO SMOKE IN THE COCKPIT. THE AIRCRAFT WAS FERRIED TO A MAINTENANCE BASE IN BURLINGTON, VT FOR TROUBLESHOOTING.  MAINTENANCE INSPECTED AND FOUND OIL ENTERING THE BLEED SYSTEM FROM THE NUMBER ONE ENGINE.  THE ENGINE WAS BEING REPLACED AS OF 9/7/00.  THIS INCIDENT IS CONSIDERED CLOSED.",AEROSP,ATR42320,,"OPDEF, Other Than Pi;7261",,0.8829140360449905,22.535211267605646,1.844993534866024,0.0,stable,strong_growth,mild_growth,unknown,ASIAS
20000823026069I,2.0,,VMC,Daylight,UNK,Unknown,2000-5000,2000,8,"(-23)SEE ATTACHMENT

(-23)SEE ATTACHMENT",BAG,JETSTM3201,,"Miscellaneous, Other;2100",,0.6151749462904865,9.589041095890426,1.844993534866024,0.0,stable,strong_growth,mild_growth,unknown,ASIAS
20000826024089I,2.0,,Unknown,Night,UNK,Unknown,Unknown,2000,8,"(-23)ON SATURDAY, AUGUST 26, 2000, AT 2332 LOCAL, A SIMMONS AIRLINES (D/B/A AMERICAN EAGLE), SAAB 340B, N138AE, FLI

(-23)ON SATURDAY, AUGUST 26, 2000, AT 2332 LOCAL, A SIMMONS AIRLINES (D/B/A AMERICAN EAGLE), SAAB 340B, N138AE, FLIGHT 5073, REPORTED A LANDING GEAR PROBLEM INBOUND TO BUFFALO NIAGRA INTERNATIONAL AIRPORT (BUF). AFTER LANDING, MAINTENANCE PINNED THE GEAR AND THE AIRCRAFT TAXIED TO THE RAMP WITHOUT INCIDENT.  THE AIRCRAFT WAS FERRIED TO A MAINTENANCE BASE IN ALBANY, NY.  THE AIRCRAFT WAS INSPECTED AND THE LANDING GEAR CONTROL BOX REPLACED, P/N D494-12-001.  THE GEAR WAS SWUNG AND THE AIRCRAFT WAS RETURNED TO SERVICE.  THIS INCIDENT IS CONSIDERED CLOSED.",SAAB,340B,,"OPDEF, Other Than Pi;3234",,0.6151749462904865,9.589041095890426,1.844993534866024,0.0,stable,strong_growth,mild_growth,unknown,ASIAS
20000827027289I,2.0,,VMC,Daylight,UNK,PIC,Unknown,2000,8,"(-23)ON TAKE OFF, NUMBER 3 ENGINE SUSTAINED BIRD STRIKE. AFT EXHAUST COWLING AND BULLET SEPARATED FROM THE AIRCRAFT

(-23)ON TAKE OFF, NUMBER 3 ENGINE SUSTAINED BIRD STRIKE. AFT EXHAUST COWLING AND BULLET SEPARATED FROM THE AIRCRAFT.  BULLET LANDED ON AIRPORT PROPERTY (SAND DUNES), EXHAUST LANDED ON DOCKWEILER STATE BEACH.  NO INJURIES OR DAMAGE TO PERSONS OR PROPERTY ON THE GROUND. AIRCRAFT DUMPED FUEL AND LANDED WITHOUT INCIDENT.",BOEING,747300,,"Miscellaneous, Other;Struck Birds In Flig",,0.6151749462904865,9.589041095890426,1.844993534866024,0.0,stable,strong_growth,mild_growth,unknown,ASIAS
20000815025039I,2.0,,Unknown,Daylight,UNK,Unknown,Unknown,2000,8,"(-23)ON 8-15-00, OZARK AIR LINES 733 WAS PREPARING TO DEPART CHICAGO MIDWAY FOR COLUMBIA MISSOURI. THE FLIGHT WAS C

(-23)ON 8-15-00, OZARK AIR LINES 733 WAS PREPARING TO DEPART CHICAGO MIDWAY FOR COLUMBIA MISSOURI. THE FLIGHT WAS CONCELLED DUE TO THE ENGINES WOULD NOT START.  THE CREW MADE SEVERAL ATTEMPTS AND MANAGED TO GET THE ENGINES STARTED.  A FERRY FLIGHT WAS MADE TO OZARK'S MAINTENANCE BASE IN COLUMBIA.  MAINTENANCE PROCEEDED TO CHANGE THE HYRDO-MECHANICAL UNIT (HMU IE: FUEL CONTROL), ON BOTH ENGINES.  THROUGH EXTENSIVE TROUBLESHOOTING IT HAS BEEN DETERMINED THAT THE FUEL FROM OZARK AIRLINES'S FUEL FACILITY WAS CAUSING THE PROBLEM.  FURTHER INVESTIGATION IS BEING DONE TO ISOLATE AND IDENTIFY THE CONTAMINATION.  TEAR DOWN REPORTS FROM THE HMU MAUFACTURER LUCAS HAVE BEEN REQUESTED.  FUEL SAMPLES ARE BEING ANALYZED BY PRATT & WHITNEY, LUCAS, VALLEY  OIL, AND THE MISSOURI DEPARTMENT OF AGRICULTURE.  THESE REPORTS AS WITH THIS INVESTIGATION WILL BE RECORDED ON PTRS REF #CE052000B1175.  INCIDENT CE052000IAC077 IS CONSIDERED CLOSED WITH THIS REPORT.",DORNER,DO328300,,"Miscellaneous, Other;7310",,0.6151749462904865,9.589041095890426,1.844993534866024,0.0,stable,strong_growth,mild_growth,unknown,ASIAS
20000907025449I,2.0,,Unknown,Daylight,UNK,Unknown,Unknown,2000,9,"(-23)DURING CLIMB TO 10,000 FLIGHT CREW HEARD A ""BUMP...NOTHING OUT OF THE ORDINARY"". CONTINUED FLIGHT TO DTW.  ""DE

(-23)DURING CLIMB TO 10,000 FLIGHT CREW HEARD A ""BUMP...NOTHING OUT OF THE ORDINARY"". CONTINUED FLIGHT TO DTW.  ""DESCENT, APPROACH AND LANDING...NORMAL"".  ATCS REPORTED TAILCONE APPEARED TO HAVE STRUCK RUNWAY.  AIRCRAFT TAXIED TO THE GATE WITHOUT INCIDENT.  MAINTENANCE CREW FOUND TAILCONE ASSEMBLY HAD BROKEN FROM THE ATTACH LUGS AND WAS RESTING ON INBOARD ELEVATORS.  UPPER TAILCONE DOORS WERE ALSO FOUND OPEN. ^PRIVACY DATA OMITTED^                                                                            THIS INCIDENT REPORT IS CONSIDERED CLOSED.",DOUG,DC1040,,Improper Maintenance;5350,,0.8829140360449905,22.535211267605646,1.844993534866024,0.0,stable,strong_growth,mild_growth,unknown,ASIAS
20000908027509I,2.0,,VMC,Daylight,UNK,Unknown,Unknown,2000,9,"(-23)AFTER TAKE-OFF, A PORTION OF THE #3 ENGINE NOSE COWL ACOSTIC LINER SEPARATED AND ENTERED ENGINE INTAKE. ATC DE

(-23)AFTER TAKE-OFF, A PORTION OF THE #3 ENGINE NOSE COWL ACOSTIC LINER SEPARATED AND ENTERED ENGINE INTAKE. ATC DECLARED AN EMERGENCY.  AIRCRAFT RETURNED TO AIRPORT WITHOUT ENGINE SHUTDOWN.  FLAMES WERE WITNESSED COMING FROM REAR OF #3 ENGINE.  AIRCRAFT LANDED WITHOUT INCIDENT.",BOEING,727251,,"Miscellaneous, Other;7110",,0.8829140360449905,22.535211267605646,1.844993534866024,0.0,stable,strong_growth,mild_growth,unknown,ASIAS
20000905023919I,2.0,,Unknown,Daylight,UNK,Unknown,Unknown,2000,9,"(-23)AIRCRAFT ABORTED TAKE-OFF ON RWY 4L DUE TO LOSS OF POWER ON NO. 2 ENGINE. THE ENGINE SUSTAINED AN UNCONTAINED

(-23)AIRCRAFT ABORTED TAKE-OFF ON RWY 4L DUE TO LOSS OF POWER ON NO. 2 ENGINE. THE ENGINE SUSTAINED AN UNCONTAINED FAILURE OF THE 2ND STAGE LPT NOZZLE ASSEMBLY  WHEREBY ALL 16 NOZZLE SEGMENTS EXITED THE LEFT SIDE OF THE LPT CASE.  THE PERFORATION OF THE CASE EXTENED FROM 0900 TO 200 O'CLOCK POSITIONS (AFT LOOKING FWD).  THE LPT CASE ALSO HAD A 360 DEGREE SEPARATION IN PLANE WITH THE 2ND STAGE LPT NOZZLE SEGMENTS AT THEIR L/E LOCATION.  NO SECONDARY DAMAGE TO THE A/C AIRFRAME AND/OR FLIGHT CONTROLS WERE NOTED EXCEPT FOR THE VERTICAL FIN FAIRING DIRECTLY ABOVE THE NO. 2 ENGINE.  ALL MAJOR PORTIONS OF THE UNCONTAINED FAILURE WERE RECOVERED FROM THE RUNWAY.  NO. 2 ENGINE S/N 455276 STATUS: TSN 83701 CSN 15374, TSLSV 11562 CSLSV 1647.  ASSESSMENT OF THE FAILURE INDICATED THAT THE 8 NOZZLE LOCKS THAT SECURE THE NOZZLE SEGMENTS TO THE LPT CASE FAILED, ALLOWING THE NOZZLE ASSEMBLY TO ROTATE WITHIN THE LPT CASE AND EVENTUALLY BREACHING THE CASE AND EXPELLING THE NOZZLE SEGMENTS.  THIS INCIDENT IS CLOSED BUT OVERALL INVESTIGATION CONTINUES.",DOUG,DC1030,,Undetermined;7250,,0.8829140360449905,22.535211267605646,1.844993534866024,0.0,stable,strong_growth,mild_growth,unknown,ASIAS
20000812027329I,2.0,,Unknown,Night,UNK,Unknown,Unknown,2000,8,"(-23)ON AUGUST 12, 2000, CONTINENTAL AILINES FLIGHT 120 DEPARTED THE ANCHORAGE INTERNATIONAL AIRPORT WITH A DESTINA

(-23)ON AUGUST 12, 2000, CONTINENTAL AILINES FLIGHT 120 DEPARTED THE ANCHORAGE INTERNATIONAL AIRPORT WITH A DESTINATION PLANNED FOR THE SEATTLE/TACOMA INTERNATIONAL AIRPORT. THE AIRCRAFT WAS BEING OPERATED WITH THE #2 INTEGERAL DRIVE A/C GENERATOR (1DG) INOPERATIVE AS PER MEL 24-00-1R THE USE OF THE APU DRIVEN A.C. GENERATOR WAS REQUIRED.  DURING THE FLIGHT THE #1 IDG FAILED, THE APU ENGINE EXPERIENCED AN AUTO SHUT DOWN AND THE HYDRAULIC MOTORED A.C. GENERATOR (HMG) FAILED TO COME ON LINE.  THE AIRCRAFT EXPERIENCED A TOTAL LOSS OF A.C. ELECTRICAL GENERATED POWER.  THE PILOT NOTIFIED ATC OF THE EMERGENCY ELECTED TO LAND THE AIRCRAFT AT THE KETCHIKAN INTERNATIONAL AIRPORT.  DURING THE DECENT FOR FL 370 TO FL 220, 13 MINUTES ELAPSED, THE PILOT WAS ABLE TO RESTART THE APU AND A.C. ELECTRICAL POWER WAS RESTORED FROM THE APU DRIVEN GENERATOR.  THE AIRCRAFT WAS LANDED AT THE KETCHIKAN INTERNATIONAL AIRPORT WITHOUT FURTHER INCIDENT.",BOEING,757224,,Improper Maintenance;2421,,0.6151749462904865,9.589041095890426,1.844993534866024,0.0,stable,strong_growth,mild_growth,unknown,ASIAS
20000808041609A,2.0,,Unknown,Daylight,UNK,Unknown,5000+,2000,8,"(-23) INFLIGHT FIRE IN COCKPIT CAUSED BY SHORTED/ARCING COMPONENTS IN ELECTRICAL POWER CONTROL PANEL.

(-23) INFLIGHT FIRE IN COCKPIT CAUSED BY SHORTED/ARCING COMPONENTS IN ELECTRICAL POWER CONTROL PANEL.",DOUG,DC932,,Improper Maintenance;2140,,0.6151749462904865,9.589041095890426,1.844993534866024,0.0,stable,strong_growth,mild_growth,unknown,ASIAS
20000808026119I,2.0,,VMC,Night,UNK,Unknown,Unknown,2000,8,"(-23)ON 8/8/00,HALA FLIGHT 106 REPORTED THE RUDDER TRAVEL UNRESTRICTED LIGHT WAS ON ABOVE 177 KTS. FLIGHT RETURNED

(-23)ON 8/8/00,HALA FLIGHT 106 REPORTED THE RUDDER TRAVEL UNRESTRICTED LIGHT WAS ON ABOVE 177 KTS. FLIGHT RETURNED TO HNL WITHOUT INCIDENT. MAIN. PERFORMED RUDDER LIMITER TEST I/A/W M/M 27-20-6 AND FOUND NORMAL. A/C WAS TEST FLOWN AND FOUND NORMAL ON THE FIRST TEST RUN. HOWEVER, ON THE SECOND TEST, THE LIGHT REMAINED ON. FLIGHT RETURNED WITHOUT INCIDENT. MAINT. PERFORMED RUDDER LIMITER TEST AND FOUND A WIRE CLIP SHORTING IN THE ANNUNCIATOR PANEL. THE SHORT WAS CLEARED AND A/C RETURNED TO REVENUE SERVICE. AS OF 8/17/00, THERE HAS BEEN NO REPEAT OF THIS INCIDENT. REPORT CLOSED.",DOUG,DC951,,"OPDEF, Other Than Pi;3310",,0.6151749462904865,9.589041095890426,1.844993534866024,0.0,stable,strong_growth,mild_growth,unknown,ASIAS
20000815025009I,2.0,,Unknown,Daylight,UNK,Unknown,Unknown,2000,8,"(-23)ON 8-15-2000, OZARK AIR LINES FLIGHT 250 WAS PREPARING TO DEPART JOPLIN, MISSOURI FOR DALLAS, TEXAS. THE FLIGH

(-23)ON 8-15-2000, OZARK AIR LINES FLIGHT 250 WAS PREPARING TO DEPART JOPLIN, MISSOURI FOR DALLAS, TEXAS. THE FLIGHT WAS CANCELLED DUE TO THE LEFT ENGINE WOULD NOT START.  MAINTENANCE WAS SENT TO JOPLIN WITH A HYDRO-MECHANICAL UNIT (HMU IE: FUEL CONTROL), AND PROCEEDED TO CHANGE THE PART.  THE AIRCRAFT WAS THEN FERRIED BACK TO OZARK'S MAINTENANCE BASE FOR FURTHER TROUBLESHOOTING.  THROUGH EXTENSIVE TROUBLESHOOTING IT HAS BEEN DETERMINED THAT THE FUEL FROM OZARK AIR LINES' FUEL FACILITY WAS CAUSING THE PROBLEM.  FURTHER INVESTIGATION IS BEING DONE TO ISOLATE AND IDENTIFY THE CONTAMINATION.  TEAR DOWN REPORTS FROM THE HMU MAUFACTURER LUCAS HAVE BEEN REQUESTED.  FUEL SAMPLES ARE BEING ANALYZED BY PRATT & WHITNEY, LUCAS, VALLEY OIL, AND THE MISSOURI DEPART OF AGRICULTURE.  THESE REPORTS  AS WITH  THIS INVESTIGATION WILL BE RECORDED ON PTRS REF #CE052000B1176.  THIS INCIDENT #CE2000IAC076 IS CONSIDERED CLOSED WITH THIS REPORT.",DORNER,DO328300,,"Miscellaneous, Other;7310",,0.6151749462904865,9.589041095890426,1.844993534866024,0.0,stable,strong_growth,mild_growth,unknown,ASIAS
20000902028359I,2.0,,Unknown,Night,UNK,Unknown,5000+,2000,9,"(-23)ON SEPTEMBER 2, 2000, AT 2135E, A DC-9-81, REGISTERED AS N805NK, AND BEING OPERATED AS SPRINT AIRLINES (GTIA)

(-23)ON SEPTEMBER 2, 2000, AT 2135E, A DC-9-81, REGISTERED AS N805NK, AND BEING OPERATED AS SPRINT AIRLINES (GTIA) FLIGHT 1851, LANDED AT ""PIT"" WITH THE NUMBER 2 ENGINE AT REDUCED POWER DUE TO A LOW OIL QUANTITY INDICATION. THE PILOT LOG BOOK ENTRY STATED THAT THE OIL QTY SHOWED ""0"" QTS.  AND, AT THAT TIME, HE REDUCED POWER ON THE ENGINE AND CONTINUED TO ""PIT"" WITHOUT ANY OTHER PROBLEMS.  MAINTENANCE FOUND A BAD ELBOW ON THE #4 BEARING GREATHER AND REPLACED THE BAD PART.  THE ENGINE WAS LEAK CHECKED AND RETURNED TO SERVICE.  INVESTIGATION BY DESK AUDIT AND CLOSED.",DOUG,DC981,,"OPDEF, Other Than Pi;7261",,0.8829140360449905,22.535211267605646,1.844993534866024,0.0,stable,strong_growth,mild_growth,unknown,ASIAS
20000916027389I,2.0,,Unknown,Daylight,UNK,Unknown,Unknown,2000,9,"(-23)NOSE GEAR WOULD NOT EXTEND AND COLLAPSED ON HANDING (GEAR-UP) LANDING - MINOR DAMAGE 12 PASSENGERS ON BOARD NO

(-23)NOSE GEAR WOULD NOT EXTEND AND COLLAPSED ON HANDING (GEAR-UP) LANDING - MINOR DAMAGE 12 PASSENGERS ON BOARD NO INJURIES. DURING ACFT RECOVERY, R/H MAIN HANDING GEAR COLLAPSED.  MINOR DAMAGE.  FURTHER INVESTIGATION BY PMI FLL FSDO #17 REQUIRED.",BEECH,1900,,Undetermined;3200,,0.8829140360449905,22.535211267605646,1.844993534866024,0.0,stable,strong_growth,mild_growth,unknown,ASIAS
20001016022549I,2.0,,Unknown,Daylight,UNK,PIC,Unknown,2000,10,"(-23) AT 800 FT AGL ON A 3 MILE FINAL TO RUNWAY 34L AT SLC INTERNATIONAL AIRPORT THE A/C STRUCK THREE SEA GULLS IN

(-23) AT 800 FT AGL ON A 3 MILE FINAL TO RUNWAY 34L AT SLC INTERNATIONAL AIRPORT THE A/C STRUCK THREE SEA GULLS IN LANDING LIGHT AREA ON THE RIGHT SIDE OF THE A/C. THE A/C LANDED WITHOUT ANY PROBLEM, HOWEVER THERE WAS APPROX. $28,000 WORTH OF DAMAGE. A FORM 5200-7 WAS COMPLETED AND SENT. BIRD STRIKE INSPECTION COMPLETED. REMOVED AND REPLACED RIGHT WING CENTER LEADING EDGE SKIN IAW SRM 51-42-06.",CNDAIR,CL6002B19,,"Miscellaneous, Other;Struck Birds In Flig",,0.651817254681708,16.883116883116877,-4.4447633710824945,0.0,stable,strong_growth,mild_decline,unknown,ASIAS
20000919037729I,2.0,,VMC,Daylight,UNK,Unknown,Unknown,2000,9,"(-23)ON TUESDAY, SEPTEMBER 19, 2000 AT 1730 LOCAL, AN ALLEGHENY AIRLINES D/B/A USAIR EXPRESS, FLIGHT 3860, N845EX,

(-23)ON TUESDAY, SEPTEMBER 19, 2000 AT 1730 LOCAL, AN ALLEGHENY AIRLINES D/B/A USAIR EXPRESS, FLIGHT 3860, N845EX, A DHC-8-102 REPORTED TO THE BINGHAMTON ATCT THAT THE CAPTAIN WAS HAVING PROBLEMS WIHT HIS FLIGHT INSTRUMENTS. THE AIRCRAFT LANDED AT BGM ON RUNWAY 34 AND TAXIED TO THE RAMP WITHOUT INCIDENT. MAINTENANCE INSPECTED AND FOUND THE NUMBER 1 STRAP DOWN AHRS FAILED. THE AHRS UNIT WAS REPLACED AND THE AIRCRAFT WAS RETURNED TO SERVICE. THIS INCIDENT IS CONSIDERED CLOSED.",DHAV,DHC8102,,"OPDEF, Other Than Pi;3425",,0.8829140360449905,22.535211267605646,1.844993534866024,0.0,stable,strong_growth,mild_growth,unknown,ASIAS
20000922038479I,2.0,,VMC,Night,UNK,PIC,Unknown,2000,9,"(-23) ON SEPT 22, 2000 AT APPROX. 2111 HRS FLIGHT 5811 WAS LANDING ON RUNWAY 27 WHEN IT STRUCK A DEER WITH ITS RIGH

(-23) ON SEPT 22, 2000 AT APPROX. 2111 HRS FLIGHT 5811 WAS LANDING ON RUNWAY 27 WHEN IT STRUCK A DEER WITH ITS RIGHT INBOARD FLAP. THE AIRCRAFT LANDED AND TAXIED TO THE RAMP WITHOUT INCIDENT. MAINTENANCE R&R THE FLAP AND PERFORMED A DAMAGE INSPECTION. AIRCRAFT WAS RETURNED TO SERVICE. LOGPAGE 261875.",CNDAIR,CL6002B19,,"Miscellaneous, Other;Struck Animal",,0.8829140360449905,22.535211267605646,1.844993534866024,0.0,stable,strong_growth,mild_growth,unknown,ASIAS
20000913028559I,2.0,,VMC,Daylight,UNK,Unknown,Unknown,2000,9,"(-23)ON WEDNESDAY, SEPTEMBER 13, N166YV, A BE-1900-D, OPERATED BY AIR MIDWEST AS FLIGHT 5731, RETURNED TO THE LINCO

(-23)ON WEDNESDAY, SEPTEMBER 13, N166YV, A BE-1900-D, OPERATED BY AIR MIDWEST AS FLIGHT 5731, RETURNED TO THE LINCOLN MUNICIPAL AIRPORT, LINCOLN, NE, AFTER DEPARTURE DUE TO THE FLAP SYSTEM NOT RETRACTING FROM THE SEVENTEEN DEGREE POSITION TO FLAPS UP. THE LANDING AND ROLLOUT WERE UNEVENTFUL AND THE FLAPS WERE ELECTRICALLY RETRACTED AND DEFERRED PER THE MINIMUM EQUIPMENT LIST.  MAINTENANCE INVESTIGATION REVEALED AN INTERMITTENT TERMINAL LUG ON THE LUG ON THE FLAP DRIVE MOTOR.  THIS TERMINAL LUG WAS REMOVED AND REPLACED, OPERATIONALLY CHECKED PER THE BE-1900-D MAINTENANCE MANUAL, CHAPTER 27-50-00, AND THE AIRCRAFT RETURNED TO SERVICE.  A SERVICE DIFFICULTY REPORT WILL BE FILED WITH THE CHDO, CE-07.  THIS INCIDENT IS CLOSED WITH THIS REPORT.",BEECH,1900D,,"OPDEF, Other Than Pi;2750",,0.8829140360449905,22.535211267605646,1.844993534866024,0.0,stable,strong_growth,mild_growth,unknown,ASIAS
20000914027239I,2.0,,Unknown,Daylight,UNK,Unknown,Unknown,2000,9,"(-23)ON THURSDAY, SEPTEMBER 14, 2000, AT 2003 LOCAL, A DC-9-30, N8926E, OPERATED BY NORTHWEST AIRLINES, AFTER LANDI

(-23)ON THURSDAY, SEPTEMBER 14, 2000, AT 2003 LOCAL, A DC-9-30, N8926E, OPERATED BY NORTHWEST AIRLINES, AFTER LANDING ON RUNWAY 23 AT BUFFALO NIAGRA INTERNATIONAL AIRPORT (BUF), THE #1 AND 2 MAIN LANDING GEAR TIRES BLEW ON THE WET RUNWAY. AFTER DEPLANING THE PASSENGERS TO BUSES, THE AIRCRAFT WAS TOWED OFF THE RUNWAY. MECHANICS CAME FROM DETROIT AND CHANGED BOTH TIRES, #1 AND 2 BRAKES, AND THE ANTI-SKID CONTROL BOX.  THE AIRCRAFT WAS TAXI CHECKED ON THE TAXIWAY AND FOUND TO BE OKAY.  THIS INCIDENT IS CONSIDERED CLOSED.",DOUG,DC931,,"OPDEF, Other Than Pi;3241",,0.8829140360449905,22.535211267605646,1.844993534866024,0.0,stable,strong_growth,mild_growth,unknown,ASIAS
20000913023799I,2.0,,Unknown,Daylight,UNK,Unknown,Unknown,2000,9,"(-23)ON WEDNESDAY, SEPTMEBER 13, 2000 AT 1140 LOCAL, A DELTA AIRLINES 727-200, N538DA, FLIGHT 780 REPORTED TO THE R

(-23)ON WEDNESDAY, SEPTMEBER 13, 2000 AT 1140 LOCAL, A DELTA AIRLINES 727-200, N538DA, FLIGHT 780 REPORTED TO THE ROC TOWER THAT THE STABILIZER HAD JAMMED ON A 3 NOSE-UP SELECTION. THE AIRCRAFT LANDED AND TAXIED TO THE RAMP WITHOUT INCIDENT.  CONTRACT  MAINTENANCE, PIEDMONT/HAWTHORNE, WAS CONTACTED TO INSPECT THE AIRCRAFT.  THE TECHNICIAN FOUND THAT THE HORIZONTAL STAB TRIM WOULD WORK IN THE NOSE DOWN DIRECTION, BUT BIND IN THE NOSE UP DIRECTION.  COMPANY MAINTENANCE ARRIVED LATER IN THE DAY AND REPLACED THE STAB TRIM BRAKE.  THE AIRCRAFT WAS THEN RELEASED TO SERIVCE.  THIS INCIDENT IS CONSIDERED CLOSED.",BOEING,727232,,"OPDEF, Other Than Pi;2742",,0.8829140360449905,22.535211267605646,1.844993534866024,0.0,stable,strong_growth,mild_growth,unknown,ASIAS
20000923038229I,2.0,,VMC,Daylight,UNK,Unknown,Unknown,2000,9,"(-23) ON SATURDAY, SEPTEMBER 23, 2000 AT 1447 LOCAL, A BOEING 737 AIRCRAFT OPERATED BY UNITED AIRLINED UNDER 14 CFR

(-23) ON SATURDAY, SEPTEMBER 23, 2000 AT 1447 LOCAL, A BOEING 737 AIRCRAFT OPERATED BY UNITED AIRLINED UNDER 14 CFR PART 121 AS FLIGHT 1882, REPORTED A LANDING GEAR PROBLEM WHILE INBOUND TO THE ROCHESTER INTERNATIONAL AIRPORT (ROC). THE AIRCRAFT LANDED AND TAXIED TO THE RAMP WITHOUT INCIDENT. MAINTENANCE RECORDS FOR THE AIRCRAFT, OBTAINED FROM PIEDMONT HAWTHORNE, INDICATED THAT THE RIGHT MAIN LANDING GEAR TRANSIT LIGHT WAS ILLUMINATED, ALTHOUGH THE GEAR WAS IN THE ""UP"" AND LOCKED POSITION. AN INSPECTION OF THE RIGHT MAIN LANDING GEAR DETECTOR AND UPLOCK ASSEMBLY BY PIEDMONT HAWTHORNE AT THE ROCHESTER INTERNATIONAL AIRPORT DID NOT REVEAL ANY IRREGULARITIES. THE AIRCRAFT WAS RETURNED TO SERVICE. THIS INCIDENT IS CONSIDERED CLOSED.",BOEING,737322,,"OPDEF, Other Than Pi;3200",,0.8829140360449905,22.535211267605646,1.844993534866024,0.0,stable,strong_growth,mild_growth,unknown,ASIAS
20000928037759I,2.0,,VMC,Daylight,UNK,Unknown,Unknown,2000,9,"(-23) ON THURSDAY, SEPTEMBER 28, 2000 AT 1019 LOCAL TIME, A BEECHCRAFT MODEL 1900 D AIRCRAFT, OPERATED BY CHAMPLAIN

(-23) ON THURSDAY, SEPTEMBER 28, 2000 AT 1019 LOCAL TIME, A BEECHCRAFT MODEL 1900 D AIRCRAFT, OPERATED BY CHAMPLAIN ENTERPRISES, INC., D/B/A COMMUTAIR, UNDER 14 CFR PART 121, AS FLIGHT NUMBER 4551, DEPARTED THE TOMPKINS COUNTY AIRPORT (ITH) IN ITHACA, NY, FROM RUNWAY 32. AFTER TAKEOFF, THE LANDING GEAR FAILED TO RETRACT. THE CREW RETURNED TO THE AIRPORT AND LANDED WITHOUT INCIDENT. THE AIRCRAFT WAS LATER FERRIED TO THE COMMUTAIR MAINTENANCE BASE IN PLATTSBURG, NY. THIS INCIDENT IS CONSIDERED CLOSED.",BEECH,1900D,,Undetermined;3200,,0.8829140360449905,22.535211267605646,1.844993534866024,0.0,stable,strong_growth,mild_growth,unknown,ASIAS
20001014037489I,2.0,,Unknown,Night,UNK,Unknown,Unknown,2000,10,"(-23) ON SATURDAY, OCTOBER 14, 2000, DURING CLIMB OUT FROM BUFFALO NIAGARA INTERNATIONAL AIRPORT (BUF), A B-727-225

(-23) ON SATURDAY, OCTOBER 14, 2000, DURING CLIMB OUT FROM BUFFALO NIAGARA INTERNATIONAL AIRPORT (BUF), A B-727-225, OPERATED BY DELTA AIRLINES AS FLIGHT 875, EXPERIENCED THE NUMBER 2 ENGINE START VALVE ""OPEN"" LIGHT ILLUMINATING. THE CREW RETARDED POWER TO ""IDLE"" PER THE CHECKLIST. THE VALVE LIGHT EXTINGUISHED PER THE CHECKLIST AND THE NUMBER 2 ENGINE WAS SHUT DOWN. THERE WERE NO ABNORMAL INDICATIONS PRIOR TO SHUTDOWN. THE AIRCRAFT RETURNED TO BUF, LANDED AND TAXIED TO THE RAMP AND DEPLANED THE PASSENGERS WITHOUT FURTHER INCIDENT. COMPANY MAINTENANCE ARRIVED AND CHANGED THE START VALVE AND PRESSURE SWITCH. THEY RAN THE ENGINE, CHECKED THE ""CHIP"" DETECTOR AND STRAINER AND FOUND THEM TO BE OK. THEY REPLACED THE FILTER AND PERFORMED A WINDMILL CHECK AND THEN A HIGH POWER RUN. THE START VALVE OPERATED NORMALLY. THE AIRCRAFT WAS RETURNED TO SERVICE. THIS INCIDENT IS CONSIDERED CLOSED.",BOEING,727225,,"OPDEF, Other Than Pi;8010",,0.651817254681708,16.883116883116877,-4.4447633710824945,0.0,stable,strong_growth,mild_decline,unknown,ASIAS
20001003037769I,2.0,,VMC,Daylight,UNK,Unknown,Unknown,2000,10,"(-23) DURING CRUISE FLIGHT, AT 11000', THE RIGHT ENGINE SUSTAINED A LOSS OF POWER. PRIOR TO THIS THERE WAS A LOUD B

(-23) DURING CRUISE FLIGHT, AT 11000', THE RIGHT ENGINE SUSTAINED A LOSS OF POWER. PRIOR TO THIS THERE WAS A LOUD BANG FOLLOWED BY FLAMES. THE FLIGHT CREW INITIATED ENGINE SECURING PROCEDURES AND CONDUCTED APPROPRIATE CHECK LISTS. AN EMERGENCY WAS DECLARED AND THE AIRCRAFT LANDED IN ALB WITHOUT FURTHER INCIDENT OR INJURIES.",BEECH,1900D,,"OPDEF, Other Than Pi;7250",,0.651817254681708,16.883116883116877,-4.4447633710824945,0.0,stable,strong_growth,mild_decline,unknown,ASIAS
20001008038049I,2.0,,VMC,Night,UNK,Other,Unknown,2000,10,"(-23) AT 2245 LOCAL, A BELTLOADER, OPERATED BY WORLD WIDE SERVICES, STRUCK THE NUMBER ONE ENGINE OF A DELTA B737 AI

(-23) AT 2245 LOCAL, A BELTLOADER, OPERATED BY WORLD WIDE SERVICES, STRUCK THE NUMBER ONE ENGINE OF A DELTA B737 AIRCRAFT, FLIGHT 2166, JUST AFTER IT PARKED. THERE WERE 39 PASSENGERS ON BOARD, BUT NO INJURIES, THE ENGINE SUFFERED  MINOR DAMAGE. THE BELTLOADER WAS RUNNING AND IN GEAR, HOWEVER, THERE WAS NO DRIVER.",BOEING,737832,,"Miscellaneous, Other;Unsafe Acts By Third",,0.651817254681708,16.883116883116877,-4.4447633710824945,0.0,stable,strong_growth,mild_decline,unknown,ASIAS
20000929024469I,2.0,,Unknown,Daylight,UNK,Other,Unknown,2000,9,"(-23)A CLEVELAND POLICE REPORT (#00-44 REVEALS ^PRIVACY DATA OMITTED^ SMOKED IN THE AIRCRAFT LAVATORY. ^PRIVACY DAT

(-23)A CLEVELAND POLICE REPORT (#00-44 REVEALS ^PRIVACY DATA OMITTED^ SMOKED IN THE AIRCRAFT LAVATORY. ^PRIVACY DATA OMITTED^",,,,"Miscellaneous, Other;Unauthorized Action",,0.8829140360449905,22.535211267605646,1.844993534866024,0.0,stable,strong_growth,mild_growth,unknown,ASIAS
20001005037749I,2.0,,VMC,Daylight,UNK,Unknown,Unknown,2000,10,"(-23) ON THURSDAY, OCTOBER 5, 2000, AT 0855 LOCAL, A CHAMPLAIN ENTERPRISES, D/B/A USAIR EXPRESS, BEECH 1900D, N847C

(-23) ON THURSDAY, OCTOBER 5, 2000, AT 0855 LOCAL, A CHAMPLAIN ENTERPRISES, D/B/A USAIR EXPRESS, BEECH 1900D, N847CA, FLIGHT 4481,RETURNED TO AND AT SYR DUE TO THE RIGHT PROPELLER RPM DROPPING 200 TO 300 RPM DURING CLIMB AT APPROX. 300 FEET. THE ARFF RESPONDED AND THE AIRCRAFT LANDED ON RUNWAY 15 WITHOUT INCIDENT. MAINTENANCE WAS UNABLE TO DUPLICATE THE PROBLEM DURING THE GROUND RUN. THEY REPLACED THE RIGHT PROPELLER LOW PITCH SOLENOID AS A PRECAUTION. GROUND AND FLIGHT TESTS WERE SATISFACTORY. THE AIRCRAFT WAS THEN RETURNED TO SERVICE. THIS INCIDENT IS CONSIDERED CLOSED.",BEECH,1900D,,"OPDEF, Other Than Pi;6120",,0.651817254681708,16.883116883116877,-4.4447633710824945,0.0,stable,strong_growth,mild_decline,unknown,ASIAS
20001011026529I,2.0,,VMC,Daylight,UNK,Unknown,Unknown,2000,10,"(-23)UNITED AITLINES FLIGHT 178, AN AIRBUS A-320-232, ON A FLIGHT FROM LOS ANGELES, CA, TO BOSTON, MA, DIVERTED INT

(-23)UNITED AITLINES FLIGHT 178, AN AIRBUS A-320-232, ON A FLIGHT FROM LOS ANGELES, CA, TO BOSTON, MA, DIVERTED INTO OMAHA, NE, AFTER THE NUMBER TWO ENGINE FAILED AT FLIGHT LEVEL 370. THE CREW NOTICED A THRUST LOSS, A YAW, AND RECEIVED A NUMBER TWO ENGINE FAIL ECAM MESSAGE.  ALL READINGS WERE IN THE GREEN EXCEPT THE OIL PSI WHICH WAS AT ZERO.  CONTRACT MAINTENANCE FOUND A HOLE IN THE CRANKCASE AT THE SIX O'CLOCK POSITION.  COMPANY MECHANICS CHANGED THE ENGINE. THE ENGINE WAS SHIPPED TO THE FACTORY IN FRANCE FOR TEARDOWN.",AIRBUS,A320232,,"OPDEF, Other Than Pi;7200",,0.651817254681708,16.883116883116877,-4.4447633710824945,0.0,stable,strong_growth,mild_decline,unknown,ASIAS
20000917038079I,2.0,,Unknown,Daylight,UNK,Unknown,Unknown,2000,9,"(-23) ON SUNDAY SEPTEMBER 17, 2000 AT 2005 LOCAL, A MESABA AIRLINES SAAB 340B, D/B/A NORTHWEST AIRLINK, FLIGHT 2962

(-23) ON SUNDAY SEPTEMBER 17, 2000 AT 2005 LOCAL, A MESABA AIRLINES SAAB 340B, D/B/A NORTHWEST AIRLINK, FLIGHT 2962, N433XJ, PERFORMED AN AIR TURN BACK DUE TO THE LOSS OF THE NUMBER 1 DC GENERATOR. CONTRACT MAINTENANCE, PIEDMONT HAWTHORNE, RESET THE GENERATOR AND ASSISTED THE CREW IN RUNNING THE AIRCRAFT. THE GENERATOR FUNCTIONED NORMALLY AND THE AIRCRAFT WAS RETURNED TO SERVICE. THIS INCIDENT IS CONSIDERED CLOSED.",SAAB,340B,,"OPDEF, Other Than Pi;2421",,0.8829140360449905,22.535211267605646,1.844993534866024,0.0,stable,strong_growth,mild_growth,unknown,ASIAS
20001002038489I,2.0,,Unknown,Daylight,UNK,PIC,Unknown,2000,10,"(-23) ON MONDAY, OCTOBER 2, 2000 AT 1207 LOCAL TIME, A SAAB 340A AIRCRAFT, OPERATED BY MESABA AVIATION, INC D/B/A N

(-23) ON MONDAY, OCTOBER 2, 2000 AT 1207 LOCAL TIME, A SAAB 340A AIRCRAFT, OPERATED BY MESABA AVIATION, INC D/B/A NORTHWEST AIRLINK (MALA), UNDER 14 CFR PART 121 AS FLIGHT NUMBER 3024 DEPARTED ELMIRA-CORNING REGIONAL AIRPORT, HORSEHEADS, NY. SHORTLY AFTER TAKEOFF, THE AIRCRAFT RETURNED FOR LANDING ON RUNWAY 24 WITH THE NUMBER 2 ENGINE SHUT DOWN. THE AIRCRAFT TAXIED TO THE GATE WITHOUT INCIDENT. ACCORDING TO THE ASSISTANT CHIEF PILOT OF MESABA AVIATION, INC. THE CREW FAILED TO FOLLOW THE AFTER TAKEOFF CHECKLIST PROCEDURES THAT INCLUDE THE CONSTANT TORQUE ON TAKEOFF (CTOT) SYSTEM. AS A RESULT, WHEN THE CREW REDUCED POWER IN THE CLIMB THE NUMBER 2 ENGINE SHUT DOWN AND AUTOFEATHERED. INSPECTOR JOHN VERGINZ OF THE MINNEAPOLIS FLIGHT STANDARDS DISTRICT OFFICE (FSDO), THE CERTIFICATE HOLDING DISTRICT OFFICE (CHDO), FOR MESABA AVIATION, INC WAS MADE AWARE OF THE INCIDENT ON OCTOBER 3, 2000. THIS INCIDENT IS CONSIDERED CLOSED.",SAAB,SF340A,,Pilot Induced;Fail Follow Approved,,0.651817254681708,16.883116883116877,-4.4447633710824945,0.0,stable,strong_growth,mild_decline,unknown,ASIAS
20001005041749A,0.0,,Unknown,Daylight,UNK,PIC,5000+,2000,10,"(-23) EVERTS AIR FUEL LANDED WITHOUT INCIDENT AT PORT ALSWORTH AT 1430 AST N A C-46, N1822M. IN THE PROCESS OF TURN

(-23) EVERTS AIR FUEL LANDED WITHOUT INCIDENT AT PORT ALSWORTH AT 1430 AST N A C-46, N1822M. IN THE PROCESS OF TURNING AROUND AFTER LANDING, THE RIGHT WING TIP STRUCK SOME HIGH BRUSH ALONG THE EDGE OF THE RUNWAY AND DAMAGED THE WING TIP AND AILERON.",CURTIS,C46FCURTIS,,Pilot Induced;Fail Avd Objs Or Obs,,0.651817254681708,16.883116883116877,-4.4447633710824945,0.0,stable,strong_growth,mild_decline,unknown,ASIAS
20001013038239I,2.0,,VMC,Daylight,UNK,Unknown,Unknown,2000,10,"(-23) ON FRIDAY OCT 13, 2000 FLIGHT 7285 WAS DEPARTING SWF AND WAS GIVEN A CLEARANCE TO BACK TAXI ON RUNWAY 27, AS

(-23) ON FRIDAY OCT 13, 2000 FLIGHT 7285 WAS DEPARTING SWF AND WAS GIVEN A CLEARANCE TO BACK TAXI ON RUNWAY 27, AS THE AIRCRAFT MADE A 180 TURN AT THE END OF THE RUNWAY THE NOSE GEAR WOULD NOT RETURN TO CENTER CAUSING THE AIRCRAFT TO ONLY TURN IN A CIRCLE. PASSENGERS WERE DEPLANED ON THE RUNWAY AND BUSSED TO THE TERMINAL. CONTRACT MAINTENANCE REMOVED THE AIRCRAFT FROM THE RUNWAY AND COMPANY MAINTENANCE FOUND MOISTURE AND ICE IN THE STEERING RACK. THE RACK WAS CLEANED AND RESEALED. THE AIRCRAFT WAS RETURNED TO SERVICE.",JETAIR,JETSTM4101,,"OPDEF, Other Than Pi;3250",,0.651817254681708,16.883116883116877,-4.4447633710824945,0.0,stable,strong_growth,mild_decline,unknown,ASIAS
20001012024519I,2.0,,VMC,Dawn,UNK,Other,Unknown,2000,10,"(-23)SEE ATTACHED FORM FAA 8020-23

(-23)SEE ATTACHED FORM FAA 8020-23",CNDAIR,CL6002B19,,"Miscellaneous, Other;Fail Avd Objs Or Obs",,0.651817254681708,16.883116883116877,-4.4447633710824945,0.0,stable,strong_growth,mild_decline,unknown,ASIAS
20001216038199I,2.0,,Unknown,Daylight,UNK,Unknown,Unknown,2000,12,"(-23) ON SATURDAY, DECEMBER 16, 2000 AT 1442 LOCAL AN AMERICAN EAGLE SAAB 340B, FLIGHT 4883, N284AE, RETURNED TO LA

(-23) ON SATURDAY, DECEMBER 16, 2000 AT 1442 LOCAL AN AMERICAN EAGLE SAAB 340B, FLIGHT 4883, N284AE, RETURNED TO LAND AT ROC DUE TO A REPORTED LEFT TAILPIPE HOT LIGHT. THE AIRCRAFT LANDED ON RUNWAY 22 AT ROC AND TAXIED TO THE RAMP WITHOUT INCIDENT. COMPANY MAINTENANCE PERSONNEL REMOVED THE TAILPIPE COWL ASSEMBLY AND INSPECTED THE DETECTORS AND HARNESS. A BROKEN TERMINAL WAS FOUND AND REPLACED IAW MM26-11-00. AN OPERATIONAL CHECK WAS PERFORMED AND THE AIRCRAFT RETURNED TO SERVICE. THIS INCIDENT IS CONSIDERED CLOSED.",SAAB,340B,,"OPDEF, Other Than Pi;2613",,1.1473658498613704,4.597701149425282,-4.4447633710824945,0.0,mild_growth,mild_growth,mild_decline,unknown,ASIAS
20001207037849I,2.0,,Unknown,Daylight,UNK,Unknown,5000+,2000,12,"(-23) ON 12/07/00 AMERICAN EAGLES AIRLINES FLIGHT 4537 HAD A LOW OIL PRESSURE WARNING ON THE NUMBER 1 ENGINE WHILE

(-23) ON 12/07/00 AMERICAN EAGLES AIRLINES FLIGHT 4537 HAD A LOW OIL PRESSURE WARNING ON THE NUMBER 1 ENGINE WHILE AT FL12 THIRTY MILES OUT FROM RICHMOND INTERNATIONAL AIRPORT. THE FLIGHT CREW FOLLOWED QUICK REFERENCE HANDBOOK PROCEDURES AND PERFORMED A PRECAUTIONARY OF THE NUMBER 1 ENGINE AND LANDED UNEVENTFULLY ON RUNWAY 34 AND TAXIED TO THE RAMP. AMERICAN EAGLE AIRLINESMAINTENANCE PERSONNEL DETERMINED THAT THE ENGINE STARTER FAILED. THE STARTED DRIVE SHAFT SHEARED AND DAMAGED THE ACCESSORY OIL SEAL ALLOWING THE ENGINE OIL TO BE PUMPED OUT OF THE ENGINE. THE STARTED AND OIL SEAL WERE REPLACED.",EMB,EMB135LR,,"OPDEF, Other Than Pi;8011",,1.1473658498613704,4.597701149425282,-4.4447633710824945,0.0,mild_growth,mild_growth,mild_decline,unknown,ASIAS
20001116039439I,2.0,,Unknown,Night,UNK,Unknown,5000+,2000,11,"(-23) INM0300102-EMERGENCY DECLARED DURING LANDING AT COS. BOTH GENERATORS FAILED. UNABLE TO RESET. A/C LANDED ON B

(-23) INM0300102-EMERGENCY DECLARED DURING LANDING AT COS. BOTH GENERATORS FAILED. UNABLE TO RESET. A/C LANDED ON BATTERY POWER. APU START NOT ATTEMPTED. AFTER LANDING FIRE MARSHALLS CONDUCTED EXTERIOR CHECK AT REQUEST OF CPT. NOTHING FOUND. AFTER LANDING AND DURING CHECK CABIN CREW (3) REPORTED SMOKE IN CABIN. EMERGENCY EVAC CONSIDERED BUT NOT CONDUCTED. SMOKE DISIPATED AND CPT ELECTED TO TAXI TO THE GATE. PASSENGERS DEPLANED WITHOUT INCIDENT. BOTH CPT AND F/O STATEMENTS DO NOT INDICATE ANY SMOKE WAS REPORTED BY CABIN CREW. DENVER MTC INSPECTED A/C AND PERFORMED MAINTENANCE. SHIP NO. 206, LOG NO. C841089, CONTROL NO. 841089001.",BOEING,737347,,"OPDEF, Other Than Pi;2420",,1.0351032079733757,11.250000000000004,-4.4447633710824945,0.0,mild_growth,strong_growth,mild_decline,unknown,ASIAS
20001130021209I,2.0,,IMC,Daylight,UNK,Unknown,Unknown,2000,11,"(-23) ON NOVEMBER 30, 2000, AT 1800 EST, A BOEING B-757-223, N638AA, OPERATED BY AMERICAN AIRLINES, FLIGHT 1818, FR

(-23) ON NOVEMBER 30, 2000, AT 1800 EST, A BOEING B-757-223, N638AA, OPERATED BY AMERICAN AIRLINES, FLIGHT 1818, FROM MIAMI INTERNATIONAL AIRPORT TO LAS VEGAS, NV., REPORTED SEVERE LEFT ENGINE VIBRATION. THE ENGINE WAS SHUTDOWN AND THE FLIGHT WAS DIVERTED TO TAMPA INTERNATIONAL AIRPORT AND LANDED WITHOUT INCIDENT. AFTER BEING AT LG350 FOR APPROX. 15 MINUTES AT MACH 815, THE LEFT ENGINE VIBRATION SCALE WENT YELLOW BAND, OVER 4.5. THE ENGINE WAS SHUT DOWN PER CHECKLIST.",BOEING,757223,,"OPDEF, Other Than Pi;7200",,1.0351032079733757,11.250000000000004,-4.4447633710824945,0.0,mild_growth,strong_growth,mild_decline,unknown,ASIAS
20001106026609I,2.0,,Unknown,Daylight,UNK,Unknown,Unknown,2000,11,"(-23) COMAIR FLIGHT 882 DEPARTED OMAHA, NE., ENROUTE TO CINCINNATI, OH. AFTER DEPARTURE WHEN THE CREW RETRACTED THE

(-23) COMAIR FLIGHT 882 DEPARTED OMAHA, NE., ENROUTE TO CINCINNATI, OH. AFTER DEPARTURE WHEN THE CREW RETRACTED THE FLAPS THEY RECEIVED A YELLOW CAUTION LIGHT AND DISPLAY INDICATING THE FLAPS WERE STUCK AT 8 DEGREES. THE A/C RETURNED TO OMAHA. CONTRACT MAINTENANCE VERIFIED THE FLAPS WERE AT 8 DEGREES, RESET THE CIRCUIT BREAKERS, CYCLED THE FLAPS, AND RETURNED THE A/C TO SERVICE PER AIRWORTHINESS DIRECTIVE (AD) 98-20-01.",CNDAIR,CL6002B19,,"OPDEF, Other Than Pi;2752",,1.0351032079733757,11.250000000000004,-4.4447633710824945,0.0,mild_growth,strong_growth,mild_decline,unknown,ASIAS
20001211038369I,2.0,,Unknown,Dusk,UNK,Unknown,Unknown,2000,12,"(-23) ON MONDAY DECEMBER 12, 2000 A CONTINENTAL EXPRESS ATR 42, N14819, FLIGHT 3117, REPORTED AN ELECTRICAL PROBLEM

(-23) ON MONDAY DECEMBER 12, 2000 A CONTINENTAL EXPRESS ATR 42, N14819, FLIGHT 3117, REPORTED AN ELECTRICAL PROBLEM AFTER TAKE OFF. THE AIRCRAFT RETURNED AND LANDED ON RUNWAY 4 IN ROCHESTER WITH NO FURTHER DIFFICULTIES. CONTRACT MAINTENANCE (PIEDMONT HAWTHORNE) HAD THE FLIGHT CREW RUN THE ENGINE AND CHECK THE GENERATOR IAW MAINTENANCE MANUAL 24-32-61. NO FUALT WAS FOUND AND THE AIRCRAFT WAS RETURNED TO SERVICE. THIS INCIDENT IS CONSIDERED CLOSED.",AEROSP,ATR42320,,Undetermined,,1.1473658498613704,4.597701149425282,-4.4447633710824945,0.0,mild_growth,mild_growth,mild_decline,unknown,ASIAS
20001123038389I,2.0,,Unknown,Daylight,UNK,Unknown,Unknown,2000,11,"(-23) ON THURSDAY, NOVEMBER 23, 2000, CHAUTAUQUA AIRLINES FLIGHT 4409 DEPARTED ROC AND THE LANDING GEAR FAILED TO R

(-23) ON THURSDAY, NOVEMBER 23, 2000, CHAUTAUQUA AIRLINES FLIGHT 4409 DEPARTED ROC AND THE LANDING GEAR FAILED TO RETRACT. THE FLIGHT RETURNED TO ROC AND LANDED WITHOUT INCIDENT. CONTRACT MAINTENANCE FOUND NOTHING APPARENT AND THE AIRCRAFT WAS FERRIED TO IND FOR COMPANY MAINTENANCE WHERE A BAD 'WEIGHT ON WHEEL' SWITCH WAS FOUND. THE SWITCH WAS CHANGED AND THE AIRCRAFT WAS RETURNED TO SERVICE. THIS INCIDENT IS CONSIDERED CLOSED.",SAAB,SF340A,,"OPDEF, Other Than Pi;3260",,1.0351032079733757,11.250000000000004,-4.4447633710824945,0.0,mild_growth,strong_growth,mild_decline,unknown,ASIAS
20001201021159I,2.0,,VMC,Daylight,UNK,Unknown,5000+,2000,12,"(-23)MEMO ATTACHED

(-23)MEMO ATTACHED",BOEING,727232,,"OPDEF, Other Than Pi;7200",,1.1473658498613704,4.597701149425282,-4.4447633710824945,0.0,mild_growth,mild_growth,mild_decline,unknown,ASIAS
20001212036569I,2.0,,Unknown,Daylight,UNK,Unknown,Unknown,2000,12,"(-23) ATLANTIC SOUTHEAST AIRLINES FLIGHT 4424 RETURNED AFTER DEPARTURE FROM OMAHA, NE. DUE TO A CARGO DOOR LIGHT IL

(-23) ATLANTIC SOUTHEAST AIRLINES FLIGHT 4424 RETURNED AFTER DEPARTURE FROM OMAHA, NE. DUE TO A CARGO DOOR LIGHT ILLUMINATION. THE AIRCRAFT LANDED WITHOUT INCIDENT. PERSONNEL OPENED AND SHUT THE CARGO DOOR. THE DOOR LIGHT DID NOT ILLUMINATE. THE AIRCRAFT DEPARTED FOR ATLANTA, GA.",CNDAIR,CL6002B19,,Pilot and Ground Cre;5230,,1.1473658498613704,4.597701149425282,-4.4447633710824945,0.0,mild_growth,mild_growth,mild_decline,unknown,ASIAS
20001212037859I,2.0,,Unknown,Daylight,UNK,Unknown,Unknown,2000,12,"(-23)WHILE TAXIING OUT FOR DEPARTURE, AT 1628 LT, THE COCKPIT AND CABIN FILLED UP WITH SMOKE. THE CAPTAIN STOPPED O

(-23)WHILE TAXIING OUT FOR DEPARTURE, AT 1628 LT, THE COCKPIT AND CABIN FILLED UP WITH SMOKE. THE CAPTAIN STOPPED ON TAXIWAY ""C"", SHUT DOWN THE ENGINES AND ALL ELECTRICAL POWER, AND ORDERED AN EVACUATION THROUGH THE MAIN CABIN DOOR AND ASSOCIATED AIRSTAIRS.  ONE PASSENGER REQUIRED OXYGEN, BUT WAS SOON RELEASED.  THERE WERE NO OTHER INJURIES.  THERE WAS NO FIRE, AND THE SMOKE STOPPED AS SOON AS THE AIRCRAFT WAS SHUT DOWN.  LOCAL CONTRACT MAINTENANCE (PIEDMONT/HAWTHORNE AVIATION) DETERMINED THAT THE SMOKE HAD BEEN CAUSED BY OIL CONTAMINATED APU BLEED AIR DUCTS.  THE APU WAS DEFEERED INOPERATIVE, IN ACCORDANCE WITH THE MEL.  A THOROUGH RUN OF BOTH ENGINES, WITH THE BLEEDS EXERCISED FULL RANGE, PRODUCED NO ADDITIONAL SMOKE, FUMES OR SMELLS.  THE AIRCRAFT LEFT THE NEXT MORNING, ON A REVENUE FLIGHT, WITH NO FURTHER PROBLEMS BEING REPORTED.  AS REPORTED BY THE DFW CMO, COMPANY MAINTENANCE PERSONNEL DETERMINED THAT THE SOURCE OF THE SMOKE WAS DEICING FLUID CONTAMINATION OF THE APU BLEED AIR SYSTEM, PROBABLY CAUSED BY THE SPRAYING OF DEICING FLUID DIRECTLY INTO THE APU INTAKE.",EMB,EMB135LR,,"OPDEF, Other Than Pi;4950",,1.1473658498613704,4.597701149425282,-4.4447633710824945,0.0,mild_growth,mild_growth,mild_decline,unknown,ASIAS
20001211039379I,2.0,,VMC,Daylight,UNK,PIC,Unknown,2000,12,"(-23) SEE ATTACHED NARRATIVE

(-23) SEE ATTACHED NARRATIVE",BOEING,7272J4,,"Miscellaneous, Other;Unsuitable Terrain S",,1.1473658498613704,4.597701149425282,-4.4447633710824945,0.0,mild_growth,mild_growth,mild_decline,unknown,ASIAS
20001102024409I,2.0,,VMC,Daylight,UNK,Unknown,Unknown,2000,11,"(-23) ON 11/02/2000 CONAIR FLIGHT 784 DECLARED AN EMERGENCY ENROUTE FROM DSM TO CVG. THE FLIGHT DIVERTED TO IND AND

(-23) ON 11/02/2000 CONAIR FLIGHT 784 DECLARED AN EMERGENCY ENROUTE FROM DSM TO CVG. THE FLIGHT DIVERTED TO IND AND LANDED WITHOUT INCIDENT. THE #1 HYDRAULIC SYSTEM PSF DROPPED TO ZERO. THE A/C WAS INSPECTED AND FERRIED TO CVG. MAINTENANCE REPORTED THAT THE HYDRAULIC PRESSURE TRANSDUCER CANNON PLUG WIRE WAS FOUND BROKEN. AN MRR WAS SUBMITTED BY THE CARRIER TO THE CHDO. THIS INCIDENT IS CLOSED.",CNDAIR,CL6002B19,,"OPDEF, Other Than Pi;2932",,1.0351032079733757,11.250000000000004,-4.4447633710824945,0.0,mild_growth,strong_growth,mild_decline,unknown,ASIAS
20001117022579I,2.0,,Unknown,Night,UNK,PIC,Unknown,2000,11,"(-23)AIRCRAFT ENROUTE FROM CVG-TUS DIVERTED TO ICT DUE TO A FUEL TRANSFER PROBLEM. NO EMERGENCY WAS DECLARED.  AIRC

(-23)AIRCRAFT ENROUTE FROM CVG-TUS DIVERTED TO ICT DUE TO A FUEL TRANSFER PROBLEM. NO EMERGENCY WAS DECLARED.  AIRCRAFT LANDED WITHOUT INCIDENT.  VIA RADIO PATCH WITH MAINTENANCE COORDINATOR, DETERMINED THAT THE CREW HAD FAILED TO INITIATE A FUEL TRANSFER.  CONTRACT MAINTENANCE PERFORMED OVERWEIGHT INSPECTION AND RETURNED TO SERVICE.  CONTINUED FLIGHT.",BOEING,727247,,"Miscellaneous, Other;Other, Miscellaneous",,1.0351032079733757,11.250000000000004,-4.4447633710824945,0.0,mild_growth,strong_growth,mild_decline,unknown,ASIAS
20001210021379I,2.0,,Unknown,Daylight,UNK,Unknown,Unknown,2000,12,"(-23)ON DECEMBER 10, 2000, AT APPROX. 2130 CDT, VANGUARD AIRLINES FLIGHT VGD625, A BOEING 737, N122NJ, LEFT KANSAS

(-23)ON DECEMBER 10, 2000, AT APPROX. 2130 CDT, VANGUARD AIRLINES FLIGHT VGD625, A BOEING 737, N122NJ, LEFT KANSAS CITY INTERNATIONAL AIRPORT, KANSAS CITY, MO. (MCI), AND RETURNED TO MCI DUE TO LOW FUEL FLOW INDICATION ON #2 FUEL QUANTITY GAUGE ON DEFERRAL. DEFECTIVE FUEL FLOW INDICATOR WAS REPLACED AND 1/C RETURNED TO SERVICE. WITH THIS REPORT, INCIDENT #CE05001IAC015 IS CONSIDERED CLOSED.",BOEING,737230,,"OPDEF, Other Than Pi;7331",,1.1473658498613704,4.597701149425282,-4.4447633710824945,0.0,mild_growth,mild_growth,mild_decline,unknown,ASIAS
20001211040529I,2.0,,Unknown,Night,UNK,Unknown,5000+,2000,12,"(-23) WHILE AT 14,000"" LEVEL CRUISE, THE FLIGHT HEARD A LOUD POP FROM THE LEFT ENGINE. THE LEFT ENGINE TORQUE BEGAN

(-23) WHILE AT 14,000"" LEVEL CRUISE, THE FLIGHT HEARD A LOUD POP FROM THE LEFT ENGINE. THE LEFT ENGINE TORQUE BEGAN TO DROP TOWARD ZERO.  THE PROPELLER DID NOT FEATHER SO MANUAL FEATHERING PROCEDURES WERE ATTEMPTED BUT WAS UNSUCCESSFUL.  THE LEFT ENGINE WAS SHUT DOWN BY THE CREW AND AN EMERGENCY LANDING WAS ACCOMPLISHED.  AN INSPECTION OF THE LEFT ENGINE BY MAINTENANCE PERSONNEL REVEALED THAT THE ENGINE EXPERIENCED A GEAR BOX FAILURE.",SAAB,340B,,"OPDEF, Other Than Pi;7210",,1.1473658498613704,4.597701149425282,-4.4447633710824945,0.0,mild_growth,mild_growth,mild_decline,unknown,ASIAS
20001029038249I,2.0,,Unknown,Daylight,UNK,Unknown,Unknown,2000,10,"(-23) ON SUNDAY, OCTOBER 29, 2000 AT 1129 LOCAL, AN AMERICAN EAGLE AIRLINES, FLIGHT 4864, N349SB, A SAAB 340B, BLEW

(-23) ON SUNDAY, OCTOBER 29, 2000 AT 1129 LOCAL, AN AMERICAN EAGLE AIRLINES, FLIGHT 4864, N349SB, A SAAB 340B, BLEW A TIRE ON THE RIGHT MAIN GEAR UPON LANDING ON RUNWAY 28 IN SYRACUSE, NY. NO ARFF EQUIPMENT WAS NEEDED AND THE AIRCRAFT TAXIED TO THE RAMP WITHOUT INCIDENT. CONTRACT MAINTENANCE REPLACED BOTH RIGHT MAIN  TIRES AND THE AIRCRAFT WAS RETURNED TO SERVICE. THIS INCIDENT IS CONSIDERED CLOSED.",SAAB,340B,,"Miscellaneous, Other;3244",,0.651817254681708,16.883116883116877,-4.4447633710824945,0.0,stable,strong_growth,mild_decline,unknown,ASIAS
20001129041599A,2.0,,Unknown,Daylight,UNK,Unknown,5000+,2000,11,"(-23) INFLIGHT FIRE UNDER CABIN FLOOR CAUSED BY SHORTED/ARCED WIRING.

(-23) INFLIGHT FIRE UNDER CABIN FLOOR CAUSED BY SHORTED/ARCED WIRING.",DOUG,DC932,,Improper Maintenance;2540,,1.0351032079733757,11.250000000000004,-4.4447633710824945,0.0,mild_growth,strong_growth,mild_decline,unknown,ASIAS
20001216037709I,2.0,,Unknown,Daylight,UNK,Unknown,Unknown,2000,12,"(-23) ON SATURDAY DECEMBER 16, 2000 AT 08:23 HOURS LOCAL TIME, A DEHAVILLAND DASH 8 SERIES 100 AIRCRAFT, BEARING RE

(-23) ON SATURDAY DECEMBER 16, 2000 AT 08:23 HOURS LOCAL TIME, A DEHAVILLAND DASH 8 SERIES 100 AIRCRAFT, BEARING REGISTRATION NUMBER N841EX, SERIAL NUMBER 249, OPERATING AS ALLEGHENY AIRLINES FLIGHT 3795 UNDER 14 CFR PART 121, DEPARTED THE PHILADELPHIA INTERNATIONAL AIRPORT (PHL) ENROUTE TO THE ROCHESTER INTERNATIONAL AIRPORT (ROC). ACCORDING TO THE MANAGER OF MAINTENANCE BASE PRODUCTION AT BINGHAMTON FOR ALLEGHENY AIRLINES, THE CREW OF FLIGHT 3685 REPORTED THE TORQUE ON THE NUMBER 2 ENGINE DROPPED TO 7.1 PERCENT DURING CRUISE FLIGHT. ALL OTHER ENGINE INDICATIONS WERE NORMAL. THE CREW PERFORMED A PRECAUTIONARY SHUTDOWN OF THE NUMBER 2 ENGINE AND DIVERTED TO THE BROOME COUNTY AIRPORT (BGM) IN JOHSON CITY, NY. ALLEGHENY AIRLINES MAINTENANCE PERSONNEL REMOVED AND REPLACED THE NUMBER 2 ENGINE TORQUE GAUGE AND THE NUMBER 2 ENGINE TSCU. A SERVICE DIFFICULTY REPORT (SDR) WAS SUBMITTED. THE AIRCRAFT WAS RETURNED TO SERVICE. THIS INCIDENT IS CONSIDERED CLOSED.",DHAV,DHC8102,,"OPDEF, Other Than Pi;7712",,1.1473658498613704,4.597701149425282,-4.4447633710824945,0.0,mild_growth,mild_growth,mild_decline,unknown,ASIAS
20001214036439I,2.0,,Unknown,Dawn,UNK,Unknown,Unknown,2000,12,"(-23) AIR MIDWEST FLIGHT 5686 ABORTED THE TAKEOFF ROLL DUE TO A FLAT NOSE TIRE. THE AIR CARRIER SUSPECTS THE EXTREM

(-23) AIR MIDWEST FLIGHT 5686 ABORTED THE TAKEOFF ROLL DUE TO A FLAT NOSE TIRE. THE AIR CARRIER SUSPECTS THE EXTREMELY COLD WEATHER WAS A FACTORY IN THE TIRE GOING FLAT. THE NOSE WHEEL WAS REPLACED.",BEECH,1900D,,"OPDEF, Other Than Pi;3244",,1.1473658498613704,4.597701149425282,-4.4447633710824945,0.0,mild_growth,mild_growth,mild_decline,unknown,ASIAS
20001217038469I,2.0,,Unknown,Daylight,UNK,Unknown,Unknown,2000,12,"(-23) ON DECEMBER 17, 2000, AT APPROX. 07:30 LOCAL TIME, A DEHAVILLAND DASH 8 SERIES 200 AIRCRAFT BEARING REGISTRAT

(-23) ON DECEMBER 17, 2000, AT APPROX. 07:30 LOCAL TIME, A DEHAVILLAND DASH 8 SERIES 200 AIRCRAFT BEARING REGISTRATION NUMBER N989HA, SERIAL NUMBER 427, OPERATING UNDER 14 CFR PART 121 BY PIEDMONT AIRLINES AS FLIGHT 3301, DEPARTED THE ALBANY COUNTY AIRPORT (ALB) IN ALBANY, NY ENROUTE TO THE BALTIMORE-WASHINGTON INTERNATIONAL AIRPORT (BWI) ACCORDING TO THE MANAGER OF MAINTENANCE CONTROL AT PIEDMONT AIRLINES, THE FLIGHT CREW OF FLIGHT 3301 REPORTED A LOSS OF AIRSPEED INDICATION ON THE CAPTAINS AIRSPEED INDICATOR AT AN ALTITUDE OF 23,000 FEET. THIS WAS FOLLOWED BY A FLUNCTUATION OF 40 TO 60 KNOTS AIRSPEED INDICATION ON THE FIRST OFFICERS SIDE. THE CREW ELECTED TO MAKE A PRECAUTIONARY LANDING AT THE BROOME COUNTY AIRPORT (BGM) IN JOHNSON CITY, NY. LOCAL MECHANICS FROM ALLEGHENY AIRLINES INSPECTED THE AIRCRAFT AND DETERMINED IT SAFE TO FERRY FROM BGM TO BWI. AT BWI THE AIRCRAFT WAS MET BY MECHANICS FROM PIEDMONT AIRLINES WHO REMOVED AND REPLACED BOTH PITOT PROBES AND THE ELECTRICAL CONNECTIONS FOR THE RIGHT PITOT PROBE. A LEAK CHECK WAS PERFORMED AND THE AIRCRAFT WAS RETURNED TO SERVICE. THIS INCIDENT IS CLOSED.",DHAV,DHC8201,,"OPDEF, Other Than Pi;3411",,1.1473658498613704,4.597701149425282,-4.4447633710824945,0.0,mild_growth,mild_growth,mild_decline,unknown,ASIAS
20001130043999I,2.0,,Unknown,Daylight,UNK,Unknown,Unknown,2000,11,"(-23) DURING PUSH BACK PIC ABORTED INITIAL START ON THE #2 ENGINE. ATTEMPTED RESTART OF THE #2 ENGINE WHEN GROUND C

(-23) DURING PUSH BACK PIC ABORTED INITIAL START ON THE #2 ENGINE. ATTEMPTED RESTART OF THE #2 ENGINE WHEN GROUND CREW NOTICED EXCESSIVE SMOKE FROM THE ENGINE. GROUND CREW SIGNALED TO PIC TO SHUT DOWN, FIRE DEPARTMENT CALLED AND THE PASSENGERS WERE DEPLANED BY NORMAL PROCEDURES. CONTRACT MAINTENANCE WAS CALLED (PIEDMONT HAWTHORNE AVIATION) THE MECHANIC INSPECTED THE ENGINE AND AREA FOR DISCREPANCY, NONE FOUND AND THE AIRCRAFT WAS RETURNED TO SERVICE. AIRCRAFT DEPARTED AT 2220 LOCAL TIME WITH PASSENGERS. PASSENGER INJURY SUMMARY NOT KNOWN BY ASI.",CNDAIR,CL6002B19,,Undetermined;7400,,1.0351032079733757,11.250000000000004,-4.4447633710824945,0.0,mild_growth,strong_growth,mild_decline,unknown,ASIAS
20001123037949I,2.0,,Unknown,Daylight,UNK,Unknown,Unknown,2000,11,"(-23)ON THURSDAY, NOVEMBER 23, 2000 AT 1148 LOCAL, A MIDWAY AIRLINES CL600, N571ML, FLIGHT 42, REPORTED INBOUND TO

(-23)ON THURSDAY, NOVEMBER 23, 2000 AT 1148 LOCAL, A MIDWAY AIRLINES CL600, N571ML, FLIGHT 42, REPORTED INBOUND TO BUF THAT THEY RECEIVED A FLAPS FAIL MESSAGE ON EICAS. THE AIRCRAFT LANDED AND TAXIED TO THE RAMP WITHOUT INCIDENT.  MAINTENANCE REPLACED THE RIGHT FLAP  OUTBOUND ACTUATOR IAW CRJ AMM 27-53-05 AND RETURNED THE AIRCRAFT TO SERVICE.  THIS INCIDENT IS CONSIDERED CLOSED.",CNDAIR,CL6002B19,,"OPDEF, Other Than Pi;2752",,1.0351032079733757,11.250000000000004,-4.4447633710824945,0.0,mild_growth,strong_growth,mild_decline,unknown,ASIAS
20001128036459I,2.0,,VMC,Daylight,UNK,Unknown,Unknown,2000,11,"(-23) AIR MIDWEST FLIGHT 669 WAS 30 SOUTH OF OMAHA, NE. WHEN THE RIGHT ENGINE LOST OIL PRESSURE AND THE CREW SHUT T

(-23) AIR MIDWEST FLIGHT 669 WAS 30 SOUTH OF OMAHA, NE. WHEN THE RIGHT ENGINE LOST OIL PRESSURE AND THE CREW SHUT THE ENGINE DOWN. COMPANY MECHANICS CHANGED THE ENGINE. THE ENGINE WAS SENT FOR TEARDOWN.",BEECH,1900D,,"OPDEF, Other Than Pi;7200",,1.0351032079733757,11.250000000000004,-4.4447633710824945,0.0,mild_growth,strong_growth,mild_decline,unknown,ASIAS
20001122021539I,2.0,,Unknown,Daylight,UNK,Unknown,5000+,2000,11,"(-23) ON NOVEMBER 22, 2000, A B-727, S/N 21107, REGISTERED AS N364PA, AND OPERATED AS ""RIVA"" FLIGHT #63, LANDED AT

(-23) ON NOVEMBER 22, 2000, A B-727, S/N 21107, REGISTERED AS N364PA, AND OPERATED AS ""RIVA"" FLIGHT #63, LANDED AT ""PIT"" AFTER REPORTING AN ANTI-SKID PROBLEM WHILE INBOUND TO LANDING. THE A/C LANDED AT ""PIT"" AND TAXIED TO THE GATE WITHOUT INCIDENT. MAINTENANCE INSPECTED THE A/C AND FOUND THE #2 TIRE WORN TO LIMITS. THE TIRE WAS REPLACED AND THE ANTI-SKID SYSTEM DEFERRED AS PER MEL 32-5. INVESTIGATION BY DESK AUDIT AND CLOSED.",BOEING,7272J0,,"OPDEF, Other Than Pi;3244",,1.0351032079733757,11.250000000000004,-4.4447633710824945,0.0,mild_growth,strong_growth,mild_decline,unknown,ASIAS
20001210026599I,2.0,,Unknown,Dusk,UNK,PIC,Unknown,2000,12,"(-23) ON DECEMBER 10, 2000, AT APPROX. 2335 CDT, SOUTHWEST AIRLINES FLIGHT 738, A BOEING 737, N645SW, LEFT THE GATE

(-23) ON DECEMBER 10, 2000, AT APPROX. 2335 CDT, SOUTHWEST AIRLINES FLIGHT 738, A BOEING 737, N645SW, LEFT THE GATE AT KANSAS CITY INTERNATIONAL AIRPORT (MCI). AT APPROX 2145 CDT, THE PILOT RADIOED THAT HE HAD THE RIGHT MAIN OFF THE TAXIWAY. THE PASSENGERS WERE DEPLANED. PLANE WAS REMOVED AND CHECKED BY SOUTHWEST MECHANIC, WHO RETURNED THE A/C TO SERVICE. WITH THIS REPORT, INCIDENT #CE05001IAC016 IS CONSIDERED CLOSED.",BOEING,7373H4,,"Miscellaneous, Other;Unsuitable Terrain S",,1.1473658498613704,4.597701149425282,-4.4447633710824945,0.0,mild_growth,mild_growth,mild_decline,unknown,ASIAS
20001219037719I,2.0,,IMC,Daylight,UNK,Unknown,Unknown,2000,12,"(-23) ON DECEMBER 19, 2000, AT 07:28 LOCAL TIME, A DEHAVILLAND DASH 8 SERIES 102 AIRCRAFT, BEARING REGISTRATION NUM

(-23) ON DECEMBER 19, 2000, AT 07:28 LOCAL TIME, A DEHAVILLAND DASH 8 SERIES 102 AIRCRAFT, BEARING REGISTRATION NUMBER N843EX, SERIAL NUMBER 335, OPERATING AS ALLEGHENY AIRLINES AS FLIGHT 3899 UNDER 14 CFR PART 121, DEPARTED THE BROOME COUNTY AIRPORT (BGM) IN JOHSNON CITY, NY ENROUTE TO ALLENTOWN, PA. ACORDING TO THE FLIGHT CREW, DURING CLIMB OUT IN LEVEL FLIGHT, THE FIRST OFFICER'S ATTITUDE DIRECTIONAL INDICATOR (ADI) INDICATED AN 8-DEGREE BANK TO THE RIGHT. THIS CONDITION WAS FOLLOWED BY A SERIES OF MESSAGES APPEARING ON THE 802 PANEL INCLUDING HSI MISMATCH, AHRS DATA INVALID, ADI PITCH MISMATCH AND YD DISENGAGED. THE CREW RETUNED TO THE BGM AIRPORT AND THE AIRCRAFT WAS TAKEN TO THE ALLEGHENY AIRLINES MAINTENANCE HANGAR. MAINTENANCE PERSONNEL REMOVED AND REPLACED THE #2 AHRS AND @2 ADI. THE AIRCRAFT WAS RETURNED TO SERVICE. THIS INCIDENT IS CONSIDERED CLOSED.",DHAV,DHC8102,,"OPDEF, Other Than Pi;3425",,1.1473658498613704,4.597701149425282,-4.4447633710824945,0.0,mild_growth,mild_growth,mild_decline,unknown,ASIAS
20001203022489I,2.0,,VMC,Daylight,UNK,Unknown,Unknown,2000,12,"(-23) PILOT REPORTED AT 7000 TO 8000 FEET PRESSURE CONTROLLER FAILED IN THE AUTO MODE INBOUND TO MANCHESTER, NH AND

(-23) PILOT REPORTED AT 7000 TO 8000 FEET PRESSURE CONTROLLER FAILED IN THE AUTO MODE INBOUND TO MANCHESTER, NH AND THE A/C HAD LOST PRESSURIZATION. PILOT MADE A RAPID DESCENT AND ABORTED LANDING. PERFORMED A GO-AROUND AND A/C LANDED ON RUNWAY 35 WITHOUT FURTHER INCIDENT. PILOT DID NOT REPORT AN EMERGENCY. FIVE PASSENGERS WITH INJURIES, TWO REFUSED TREATMENT AND THREE PASSENGERS WERE TRANSPORTED TO A LOCAL HOSPITAL WIHT EAR RELATED PROBLEMS, TREATED AND RELEASED. PILOT AND CO-PILOT INFORMATION NOT AVAILABLE AT TIME INCIDENT OR REPORT. A/C TOTAL AND CYCLES NOT AVAILABLE AT THIS TIME.",BOEING,737300,,"OPDEF, Other Than Pi;2130",,1.1473658498613704,4.597701149425282,-4.4447633710824945,0.0,mild_growth,mild_growth,mild_decline,unknown,ASIAS
20001125037889I,2.0,,Unknown,Daylight,UNK,Unknown,Unknown,2000,11,"(-23)11-25-00 INBOUND CREW REPORTED SMOKE IN THE CABIN AFTER TAKE OFF LASTED APPROXIMATELY 15 MINUTES BEFORE DISSAP

(-23)11-25-00 INBOUND CREW REPORTED SMOKE IN THE CABIN AFTER TAKE OFF LASTED APPROXIMATELY 15 MINUTES BEFORE DISSAPATING. MX REMOVED AND REPLACED THE NO.#2 AIRCYCLE MACHINE PER MM, OPS CHECKED GOOD, LEAK CHECKED GOOD. NO SMOKE NOTED IN THE CABIN.  RETURNED THE AIRCRAFT TO SERVICE 11-26-00.",DOUG,DC982,,"OPDEF, Other Than Pi;2150",,1.0351032079733757,11.250000000000004,-4.4447633710824945,0.0,mild_growth,strong_growth,mild_decline,unknown,ASIAS
20001208024379I,2.0,,VMC,Daylight,UNK,Unknown,Unknown,2000,12,"(-23) ATTACHED NARRATIVE

(-23) ATTACHED NARRATIVE",DOUG,MD9030,,Undetermined;3240,,1.1473658498613704,4.597701149425282,-4.4447633710824945,0.0,mild_growth,mild_growth,mild_decline,unknown,ASIAS
20001221037539I,2.0,,Unknown,Daylight,UNK,Unknown,Unknown,2000,12,"(-23) ON DECEMBER 21, 2000, AT 1932 EST, A MCDONNELL DOUGLAS DC-9-31, S/N 47144, N916RW, OPERATED BY NORTHWEST AIRL

(-23) ON DECEMBER 21, 2000, AT 1932 EST, A MCDONNELL DOUGLAS DC-9-31, S/N 47144, N916RW, OPERATED BY NORTHWEST AIRLINES INC., EXPEREINCED A LANDING DOOR PROBLEM. THE AIRCRAFT LANDED AT THE SYRACUSE INTERNATIONAL AIRPORT (SYR) ON RUNWAY 28. THE ARFF RESPONDED AND THE AIRCRAFT TAXIED TO THE RAMP WITHOUT INCIDENT. MAINTENANCE PERSONNEL INSPECTED THE AIRCRAFT AND NOTED MINOR DAMAGE TO THE RIGHT SIDE MAIN LANDING GEAR DOOR. THE RIGHT MAIN LANDING GEAR DAMAGE WAS DEFERRED IN ACCORDANCE WITH NORTHWEST AIRLINES ENGINEERING AUTHORIZATION NUMBER 99-177583. THE AIRCRAFT WAS RETURNED TO SERVICE FOR ONE REVENUE FLIGHT FROM SYRACUSE INTERNATIONAL AIRPORT. VISUAL METEOROLICAL CONDITIONS PREVAILED AT THE TIME AND AN IFR FLIGHT PLAN WAS FILED. THE AIRCRAFT RECEIVED MINOR DAMAGE AND THERE WERE NO INJURIES. THE FLIGHT ORIGINATED AT DETROIT METROPOLITAN WAYNE COUNTY (DTW), DETROIT, MICHIGAN ON DECEMBER 21, 2000 AT APPROX. 1730 EDT. THIS INCIDENT IS CLOSED.",DOUG,DC931,,Undetermined;5280,,1.1473658498613704,4.597701149425282,-4.4447633710824945,0.0,mild_growth,mild_growth,mild_decline,unknown,ASIAS
20001203037799I,2.0,,VMC,Daylight,UNK,Unknown,Unknown,2000,12,"(-23) WHILE ON A FLIGHT FROM JFK TO SFO THE CABIN CREW OF UA 7 DISCOVERED A FIRE IN AN OVEN IN THE MIDGALLEY. THE F

(-23) WHILE ON A FLIGHT FROM JFK TO SFO THE CABIN CREW OF UA 7 DISCOVERED A FIRE IN AN OVEN IN THE MIDGALLEY. THE FIRE WAS EXTINGUISHED AND THE FLIGHT DIVERTED INTO PHL. PASSENGERS WERE DEPLANED AND THE CAUSE WAS DETERMINED TO BE A PIECE OF PAPER LEFT IN AN OVEN BY CATERING IN JFK. THE OVEN AND ASSOCIATED WIRING WAS CHECKED AND CLEARED FOR OPERATION BY UA MAINTENANCE IN PHL. THE FLIGHT CONTINUED ON TO SFO WITHOUT FURTHER INCIDENT. THIS REPORT CLOSED THE INCIDENT WITHOUT FURTHER ACTION.",BOEING,767322,,"Miscellaneous, Other;2530",,1.1473658498613704,4.597701149425282,-4.4447633710824945,0.0,mild_growth,mild_growth,mild_decline,unknown,ASIAS
20001118021549I,2.0,,Unknown,Daylight,UNK,Unknown,Unknown,2000,11,"(-23) MESA AIRLINES' FLIGHT 6130 ENROUTE FROM DSM TO PHX EXPERIENCED A PAX ENTRANCE DOOR WARNING MESSAGE AT FL310.

(-23) MESA AIRLINES' FLIGHT 6130 ENROUTE FROM DSM TO PHX EXPERIENCED A PAX ENTRANCE DOOR WARNING MESSAGE AT FL310. AS A PRECAUTION, AN EMERGENCY WAS DECLARED AND DIVERTED TO ICT. EXECUTIVE AIRCRAFT CORPORATION MECHANICS VERIFIED THAT THE DOOR WAS CLOSING PROPERLY. COMPLIED WITH MEL PROCEDURES AND CONTINUED THE FLIGHT. A/C WAS SENT TO MAINTENANCE FACILITY AND ALL DOOR SWITCHES WERE ADJUSTED. OPERATIONALLY CHECKS GOOD. A/C RETURNED TO SERVICE.",CNDAIR,CL6002B19,,"OPDEF, Other Than Pi;5270",,1.0351032079733757,11.250000000000004,-4.4447633710824945,0.0,mild_growth,strong_growth,mild_decline,unknown,ASIAS
20001121038159I,2.0,,Unknown,Daylight,UNK,Unknown,Unknown,2000,11,"(-23) ON TUESDAY, NOVEMBER 21, 2000, AFTER DEPARTING ROC BOUND FOR DTW, A MESABA AIRCRAFT, N524XJ, OPERATING AS NWA

(-23) ON TUESDAY, NOVEMBER 21, 2000, AFTER DEPARTING ROC BOUND FOR DTW, A MESABA AIRCRAFT, N524XJ, OPERATING AS NWAA FLIGHT 3625, CLIMBED THROUGH 7000' WHEN THE CAPTAIN NOTICED VIBRATION INDICATIONS FROM THE NUMBER THREE ENGINE. THE VIBRATIONS PEAKED AS THEN TWO 'STALLS' WERE FELT FROM THE ENGINE. A PASSENGER IN THE REAR LATER REPORTED FLASHES FROM THE TAIL PIPE. THE CAPTAIN SHUT OFF THE ENGINE AND FIRED THE FIRE BOTTLE EVEN THOUGH NO FIRE WARNING INDICATIONS WERE DISPLAYED. THE AIRCRAFT RETURNED TO ROC AND LANDED UNEVENTFULLY. MAINTENANCE ARRIVED TO PREPARE THE AIRCRAFT FOR A FERRY FLIGHT. THIS INCIDENT IS CONSIDERED CLOSED.",BAC,AVRO146RJ85A,,"OPDEF, Other Than Pi;7200",,1.0351032079733757,11.250000000000004,-4.4447633710824945,0.0,mild_growth,strong_growth,mild_decline,unknown,ASIAS
20001218022559I,2.0,,Unknown,Daylight,UNK,Unknown,5000+,2000,12,"(-23) ON 12/18/00 AT 14:35 E DURING TAXI FOR DEPARTURE AT PIT ON TAXIWAY F, THE CREW OF PSA FLIGHT 4085 A DORNIER D

(-23) ON 12/18/00 AT 14:35 E DURING TAXI FOR DEPARTURE AT PIT ON TAXIWAY F, THE CREW OF PSA FLIGHT 4085 A DORNIER D328 N460PS EVACUATED CREW AND PASSENGERS DUE TO SMOKE IN AFT CABIN. AIRPORT EMERGENCY PERSONAL RESPONDED AND NO FIRE WAS FOUND. THE PASSENGERS WERE BUSSED BACK TO THE TERMINAL AND THE A/C WAS TAXIED TO THE RAMP WITHOUT INCIDENT. PSA MAINTENANCE PERSONEL TROUBLESHOT THE A/C AND DISCOVERED TWO DISCREPANCIES. THE AFT CABIN RECIRCULATION FAN MOTOR HAD FAILED AND THE CHECK VALVE FOR THE AIR FLOW SYSTEM WAS STUCKIN THE CLOSED POSITION. IT WAS PSA MAINTENANCE CONTROL OPINION THAT THE CHECK VALVE BEING STUCK CLOSED CAUSED THE MOTOR TO OVER HEAT AND FAIL. THE PARTS TO REPAIR THE A/C WERE FLOWN IN ON A LATER FLIGHT AND THE A/C WAS RETURNED TO SERVICE AFTER 24:00 E ON 12/19/00. PSA MAINTENANCE RELIABILITY WILL SUBMIT A SDR REPORT.",DORNER,DO328100,,"OPDEF, Other Than Pi;2120",,1.1473658498613704,4.597701149425282,-4.4447633710824945,0.0,mild_growth,mild_growth,mild_decline,unknown,ASIAS
20001029021399I,2.0,,Unknown,Daylight,UNK,Unknown,5000+,2000,10,"(-23) ON OCTOBER 29, 2000, AT 2250 HOURS UTC, CONTINENTAL EXPRESS FLIGHT #4290 DIVERTED TO ERIE, PA. WITH A NUMBER

(-23) ON OCTOBER 29, 2000, AT 2250 HOURS UTC, CONTINENTAL EXPRESS FLIGHT #4290 DIVERTED TO ERIE, PA. WITH A NUMBER ONE BLEED AIR LEAK. FLIGHT #4290 WAS ENROUTE FROM CLEVELAND TO NEW YORK. MAINTENANCE FOUND A LOOSE BLEED AIR LINE, TIGHTENED IT AND A/C WAS FERRIED TO CLEVELAND FOR FURTHER INSPECTIONS. NEW BLEED AIR DUCT WAS INSTALLED. THIS INCIDENT WAS INVESTIGATED BY DESK AUDIT AND IS CLOSED.",EMB,EMB135ER,,"OPDEF, Other Than Pi;3610",,0.651817254681708,16.883116883116877,-4.4447633710824945,0.0,stable,strong_growth,mild_decline,unknown,ASIAS
20001111026549I,2.0,,VMC,Daylight,UNK,PIC,Unknown,2000,11,"(-23)FLIGHT CREW REPORTED BIRD STRIKE ON APPROACH TO SALT LAKE INT'L ON 11/11/00. RIGHT OUTBOARD AFT FLAP DAMAGED.

(-23)FLIGHT CREW REPORTED BIRD STRIKE ON APPROACH TO SALT LAKE INT'L ON 11/11/00. RIGHT OUTBOARD AFT FLAP DAMAGED.",BOEING,727232,,"Miscellaneous, Other;Struck Birds In Flig",,1.0351032079733757,11.250000000000004,-4.4447633710824945,0.0,mild_growth,strong_growth,mild_decline,unknown,ASIAS
20001211025069I,2.0,,Unknown,Daylight,UNK,PIC,Unknown,2000,12,"(-23)ON DECEMBER 11, 2000, AT APPROXIMATELY 1324 CDT, SOUTHWEST AIRLINES FLIGHT 510, A BOEING 737-700, N714CB, FROM

(-23)ON DECEMBER 11, 2000, AT APPROXIMATELY 1324 CDT, SOUTHWEST AIRLINES FLIGHT 510, A BOEING 737-700, N714CB, FROM MDW, SLID OFF THE TAXIWAY AT THE INTERSECTION OF KILO AND FOXTROT. NOSE WHEEL WAS OFF THE RUNWAY.  PASSENGERS WERE REOMOVED AND BUSSED TO TERMINAL.  AIRCRAFT WAS TOWED TO TRANS WORLD AIRLINES HANGER TO CHANGE A FOD DAMAGED ENGINE AND A HARD LANDING INSPECTION WAS ACCOMPLISHED BY SOUTHWEST MECHANICS.  AFTER REPAIR, AIRCRAFT WAS FERRIED TO DALLAS, TEXAS FOR THRUST REVERSER REPAIR.  WITH THIS REPORT, INCIDENT #CE0501IAC017 IS CONSIDERED CLOSED.",BOEING,7377H4,,"Miscellaneous, Other;Selected Unsuitable",,1.1473658498613704,4.597701149425282,-4.4447633710824945,0.0,mild_growth,mild_growth,mild_decline,unknown,ASIAS
20010115002309I,2.0,,Unknown,Daylight,UNK,Unknown,Unknown,2001,1,"(-23) DELTA AIRLINES, FLIGHT 2859, DEPARTED MCI AT 0715. AT 0716, DELTA FLIGHT 2589 DECLARED AN EMERGENCY AND ADVIS

(-23) DELTA AIRLINES, FLIGHT 2859, DEPARTED MCI AT 0715. AT 0716, DELTA FLIGHT 2589 DECLARED AN EMERGENCY AND ADVISED THE TOWER THEY NEEDED TO RETURN DUE TO SMOKE IN THE CABIN. THE AIRCRAFT LANDED AT 0719, STOPPED ON THE RUNWAY AND THE PASSENGERS AND CREW WERE EVACUATED. IT WAS LATER DETERMINED THAT SMOKE WAS CAUSED BY THE AIR-CONDITIONING SYSTEM AND THERE WAS NO FIRE. MAINTENANCE FOUND LEFT PACK MIX CHAMBER DUCT BLOWN AND DISTRIBUTION DUCT DAMAGED. MAINTENANCE REPLACED BOTH DUCTS AND LEAK CHECKED OK PER M/M 21-00. THE AIRCRAFT WAS DISPATCHED WITHOUT FURTHER INCIDENT. INCIDENT #CE02001IAC021 IS CONSIDERED CLOSED WITH THIS REPORT.",BOEING,737232,,"OPDEF, Other Than Pi;2120",,0.22681216108335622,-4.444444444444451,-4.403835469185335,0.0,stable,mild_decline,mild_decline,unknown,ASIAS
20010224002639I,2.0,,Unknown,Daylight,UNK,Unknown,Unknown,2001,2,"(-23) WHILE CRUISING AT 29,000 FT, ENROUTE TO PHILADELPHIA, SMOKE WAS SEEN AND SMOKE SMELL WAS EVIDENT COMING FROM

(-23) WHILE CRUISING AT 29,000 FT, ENROUTE TO PHILADELPHIA, SMOKE WAS SEEN AND SMOKE SMELL WAS EVIDENT COMING FROM ROW 23 OVERHEAD VENTS. CAPTAIN DIVERTED TO ORF. LOCAL COMPANY MAINTENANCE FOUND A SEIZED FORWARD CARGO BAY RECIRCULATION FAN, BUT NO EVIDENCE OF FIRE. FAN DEFERRED PER MEL 21-31-B, CONTROL #2469C06. AIRCRAFT RETURNED TO SERVICE.",BOEING,7374B7,,"OPDEF, Other Than Pi;2121",,0.05213597914561774,-4.49438202247191,-4.403835469185335,0.0,stable,mild_decline,mild_decline,unknown,ASIAS
20001224023969I,2.0,,IMC,Night,UNK,Unknown,Unknown,2000,12,"(-23) ON DECEMBER 24, 2000 AT 2225 EST, A MC DONNELL DOUGLAS DC-9-82 A/C, N14890, OPERATED BY CONTINENTAL AIRLINES,

(-23) ON DECEMBER 24, 2000 AT 2225 EST, A MC DONNELL DOUGLAS DC-9-82 A/C, N14890, OPERATED BY CONTINENTAL AIRLINES, FLIGHT 1663, FROM TAMPA INTERNATIONAL AIRPORT, FL TO HOUSTON INTERNATIONAL AIRPORT, TX. LOST POWER ON THE NUMBER 2 ENGINE. CAPTAIN FOLLOWED CHECKLIST AND SHUT DOWN THE NUMBER 2 ENGINE. A/C LANDED WITHOUT INCIDENT. SUBSEQUENT INVESTIGATION REVEALED THE EXHAUST TURBINE BLADES SEVERELY DAMAGED. ALSO FOUND NUMEROUS NICKS ON THE ENGINE INTAKE COMPRESSOR BLADES. THE ENGINE WAS REMOVED FOR AN ENGINE TEAR DOWN INSPECTION.",DOUG,DC982,,"OPDEF, Other Than Pi;7230",,1.1473658498613704,4.597701149425282,-4.4447633710824945,0.0,mild_growth,mild_growth,mild_decline,unknown,ASIAS
20010120001799I,2.0,,Unknown,Daylight,UNK,Unknown,Unknown,2001,1,"(-23) ON JANUARY 20, 2001, AT 1400E,A FMB-135, S/N 145192, REGISTERED AS N14505 AND BEING OPERATED AS C2XA FLIGHT 3

(-23) ON JANUARY 20, 2001, AT 1400E,A FMB-135, S/N 145192, REGISTERED AS N14505 AND BEING OPERATED AS C2XA FLIGHT 3657, DIVERTED TO ""PIT"" DUE TO CRACKED CO-PILOT WINDSHIELD. THE A/C LANDED AND TAXIED TO THE GATE WITHOUT INCIDENT. MAINTENANCE REPLACED THE WINDSHIELD, AND THE A/C WAS RETURNED TO SERVICE. INVESTIGATION WAS DONE BY DESK AUDIT AND CLOSED.",EMB,EMB135ER,,"OPDEF, Other Than Pi;5610",,0.22681216108335622,-4.444444444444451,-4.403835469185335,0.0,stable,mild_decline,mild_decline,unknown,ASIAS
20010224002699I,2.0,,Unknown,Night,UNK,Unknown,Unknown,2001,2,"(-23) AT 0032E A/C LANDED & WHILE TAXIING TO RAMP PILOT REPORTED SMOKE IN A/C. CRF RESPONDED AND PAX EVACUATED. MAI

(-23) AT 0032E A/C LANDED & WHILE TAXIING TO RAMP PILOT REPORTED SMOKE IN A/C. CRF RESPONDED AND PAX EVACUATED. MAINT. DISCOVERED THAT THE RUDDER S/O VALVE ""O RING"" DEVELOPED A LEAK, THE SKYDROL PUDDLED AT LOWER FUSELAGE. THE CREW STARTED THE APU WHILE TAXIING & THE HYDRAULIC FLUID ENTERED THE AIR CONDITIONING SYSTEM CAUSING THE SMOKE IN THE CABIN. MAINTENANCE DISCOVERED THAT AN ""O RING"" IN THE RUDDER S/O VALVE DEVELOPED A LEAK. MAINTENANCE REPLACED THE O RING, PERFORMED A LEAK & OPS CHECK. PER SIC 21-92-12 MAINTENANCE PERFORMED A DUCT BURNOFF AND INSPECTED THE TAIL CONE FOR DAMAGE. LOG PAGE 5358772. A/C RETURNED TO SERVICE. NTSB NOTIFIED.FAA FORM 8020.23 ON FILE.",DOUG,DC982,,"OPDEF, Other Than Pi;2720",,0.05213597914561774,-4.49438202247191,-4.403835469185335,0.0,stable,mild_decline,mild_decline,unknown,ASIAS
20010118002729I,2.0,,Unknown,Daylight,UNK,Unknown,5000+,2001,1,"(-23) AMERICAN EAGLE FLIGHT 4020 ON CLIMB OUT FROM GSO ENROUTE TO ORD MADE AN EMERGENCY LANDING IN CRW DUE TO A STR

(-23) AMERICAN EAGLE FLIGHT 4020 ON CLIMB OUT FROM GSO ENROUTE TO ORD MADE AN EMERGENCY LANDING IN CRW DUE TO A STRONG ELECTRICAL SMELL AND SMOKE IN THE COCKPIT/CABIN. THE AIRCRAFT LANDED WITHOUT INCIDENT, HOWEVER THE CAPTAIN IN THE INTEREST OF SAFETY ASSISTED THE CABIN ATTENDANT IN CONDUCTING AN EMERGENCY EXIT THROUGH THE FORWARD CABIN DOOR. COMPANY MAINTENANCE PERSONNEL DETERMINED THE ORIGIN OF THE PROBLEM WAS AN ELECTRICAL RELAY LOCATED IN A PANEL BEHIND THE COPILOT CLOSE TO THE FLOOR WHICH POWERED THE PILOT/STATIC HEAT. IT WAS REPORTED THE RELAY WAS FOUND COMPROMISED BY WATER INGRESS. AMERICAN EAGLE MAINTENANCE LOG PAGE NUMBER 1150572 ITEM NO. 2 STATES ""PITOT STATIC HEAT RELAY XK0059 HAS BROKEN ANCHORING STUD ON SOCKET S500-9140 P/N RELAY MS27743-18.",EMB,EMB145LR,,"OPDEF, Other Than Pi;3030",,0.22681216108335622,-4.444444444444451,-4.403835469185335,0.0,stable,mild_decline,mild_decline,unknown,ASIAS
20010211002929I,2.0,,VMC,Daylight,UNK,Other,Unknown,2001,2,"(-23)CALA FLT 24 FROM SFO TO EWR DECLARED A MEDICAL EMERGENCY AND LANDED ON RUNWAY 4L AT 1620E AFTER REPORTING AN I

(-23)CALA FLT 24 FROM SFO TO EWR DECLARED A MEDICAL EMERGENCY AND LANDED ON RUNWAY 4L AT 1620E AFTER REPORTING AN INCAPACITATED FLIGHT ATTENDENT. THE AIRCRAFT TAXIED TO THE GATE WITHOUT FURTHER INCIDENT.  THE FLIGHT ATTENDENT WAS TAKEN TO THE HOSPITAL WHERE SHE WAS EXAMINED AND RELEASED TO A LOCAL HOTEL AND THEN RETURNED TO HER HOME BASE IN IAH THE NEXT DAY.",,,,"Miscellaneous, Other;Other, Miscellaneous",,0.05213597914561774,-4.49438202247191,-4.403835469185335,0.0,stable,mild_decline,mild_decline,unknown,ASIAS
20010106000029I,2.0,,Unknown,Daylight,UNK,Unknown,5000+,2001,1,"(-23) ON CLIMBOUT ENROUTE TO PSP, HAD A CARGO SMOKE INDICATION. FOLLOWED PROCEDURES PER AFM 1-AOM 1 MEMORY ITEMS EP

(-23) ON CLIMBOUT ENROUTE TO PSP, HAD A CARGO SMOKE INDICATION. FOLLOWED PROCEDURES PER AFM 1-AOM 1 MEMORY ITEMS EPC THEN CHECKLIST. DECLARED AN EMERGENCY AND RETURNED TO LAX. FLIGHT ATTENDANTS WERE INFORMED AND PASSENGERS WERE EVACUATED. NO INJURIES OR DAMAGE TO A/C SUSTAINED. FIRE CREWS INSPECTED THE A/C FOR EVIDENCE OF FIRE. NONE FOUND. A/C WAS TAKEN TO MAINTENANCE HANGAR AND C1 AND C2 CARGO SMOKE DETECTORS AND FIRE BOTTLE WERE REPLACED.",SAAB,340B,,"OPDEF, Other Than Pi;2611",,0.22681216108335622,-4.444444444444451,-4.403835469185335,0.0,stable,mild_decline,mild_decline,unknown,ASIAS
20010122002789I,2.0,,Unknown,Daylight,UNK,Unknown,Unknown,2001,1,"(-23) ON MONDAY, JANUARY 22, 2001 AT 0943 LOCAL TIME, THE CREW OF A B-757-251 AIRCRAFT, N530US, OPERATED BY NORTHWE

(-23) ON MONDAY, JANUARY 22, 2001 AT 0943 LOCAL TIME, THE CREW OF A B-757-251 AIRCRAFT, N530US, OPERATED BY NORTHWEST AIRLINES, INC., NOTICED THE BEGINNING OF A SLOW DIMINISHMENT OF OIL QUANTITY IN THE NUMBER TWO POWER PLANT FOLLOWING TAKEOFF. AFTER LEVELINGOFF AT FL39, THE QUANTITY CONTINUED TO DECLINE, BUT THE PRESSURE REMAINED STABLE. FINALLY, THE PRESSURE LOW LIGHT ILLUMINATED AND THE CREW SHUT DOWN THE NUMBER TOW POWERPLANT. AN EMERGENCY LANDING WAS ACCOMPLISHED UNEVENTFULLY AT THE SYRACUSE HANCOCK INTERNATIONAL AIRPORT. CONTRACT MAINTENANCE INVESTIGATED AND FOUND THE ""O"" RING MISSING ON THE NUMBER TWO POWERPLANT MAIN OIL FILTER. THE AIRCRAFT WAS JUST OUT OF AN ""A"" CHECK AT BOSTON THE PREVIOUS SHIFT. THIS MATTER IS STILL UNDER INVESTIGATION BY THE ROCHESTER FSDO. THIS INCIDENT IS CONSIDERED CLOSED.",BOEING,757251,,Improper Maintenance;7261,,0.22681216108335622,-4.444444444444451,-4.403835469185335,0.0,stable,mild_decline,mild_decline,unknown,ASIAS
20010106002679I,2.0,,Unknown,Daylight,UNK,Unknown,Unknown,2001,1,"(-23) ON SATURDAY JANUARY 6, 2001 AT 1320 LOCAL, A MIDWAY AIRLINES CL-600, N572ML, FLIGHT 421, RETURNED TO LAND ON

(-23) ON SATURDAY JANUARY 6, 2001 AT 1320 LOCAL, A MIDWAY AIRLINES CL-600, N572ML, FLIGHT 421, RETURNED TO LAND ON RUNWAY 22 AT ROCHESTER INTERNATIONAL AIRPORT DUE TO A REPORTED LANDING GEAR PROBLEM SHORTLY AFTER TAKE OFF. MAINTENANCE FOUND THE MAIN LANDING GEAR CONTROL PANEL FAILED INTERNALLY, P/N 717901-5. THE PANEL WAS REPLACED AND THE AIRCRAFT WAS RETURNED TO SERVICE. THIS INCIDENT IS CONSIDERED CLOSED.",CNDAIR,CL6002B19,,"OPDEF, Other Than Pi;3260",,0.22681216108335622,-4.444444444444451,-4.403835469185335,0.0,stable,mild_decline,mild_decline,unknown,ASIAS
20001229037789I,2.0,,Unknown,Daylight,UNK,Unknown,5000+,2000,12,"(-23) PILOT REPORTED THAT ""GOING THROUGH 1000 FT AGL, AIRCRAFT PITCHED UP TO APPROX. 25 DEGREES NOSE UP. AIRSPEED S

(-23) PILOT REPORTED THAT ""GOING THROUGH 1000 FT AGL, AIRCRAFT PITCHED UP TO APPROX. 25 DEGREES NOSE UP. AIRSPEED STARTED BLEEDING OFF. DISCONNECTED AUTOPILOT. AFTER A PERIOD OF TIME, GOT STAB TRIM 1 AND 2"" CAUTION LIGHTS. AIRCRAFT WAS IMMEDIATELY RETUNED TO THE AIRFIELD AND COMPLETED AN UNEVENTFUL PRECAUTIONARY LANDING. NO INJURIES INVOLVED. NO VISIBLE DAMAGE TO EQUIPMENT NOTED. POST INCIDENT MAINTENANCE ACTION INCLUDED : REPLACEMENT OF THE TRIMSTABILIZER RVDT AS INDICATED BY AVIONICS FAULT TESTING PROCEDURE. ALSO CHANGED/REPLACED THE FAC, #1 FCC, AND #2 FCC AS A PRECAUTIONARY MEASURE. AIRCRAFT RETURNED TO SERVICE PER US AIRWAYS MAINTENANCE PROCEDURAL GUIDANCE. CLOSED, NO FURTHER ACTION REQUIRED.",FOKKER,F28MK0100,,Pilot Induced;3418,,1.1473658498613704,4.597701149425282,-4.4447633710824945,0.0,mild_growth,mild_growth,mild_decline,unknown,ASIAS
20010130001829I,2.0,,Unknown,Daylight,UNK,Unknown,5000+,2001,1,"(-23)DURING APPROACH INTO PIT, THE CREW ELECTED TO EXECUTE A MISSED APPROACH DUE TO A COMPUTER INDICATOR STEER PROB

(-23)DURING APPROACH INTO PIT, THE CREW ELECTED TO EXECUTE A MISSED APPROACH DUE TO A COMPUTER INDICATOR STEER PROBLEM. THE A/C LANDED ON RUNWAY 28 AND TAXI TO THE RAMP WITHOUT INCIDENT. MAINTENANCE PERSONAL TROUBLESHOT THE SYSTEM AND NO DISCREPANCIES WERE FOUND. THIS INFORMATION WAS RECEIVED FROM ATC, AND COMAIR, INC.PMI/POI.",CNDAIR,CL6002B19,,"OPDEF, Other Than Pi;3140",,0.22681216108335622,-4.444444444444451,-4.403835469185335,0.0,stable,mild_decline,mild_decline,unknown,ASIAS
20010210002709I,2.0,,Unknown,Dusk,UNK,Unknown,Unknown,2001,2,"(-23) ON SATURDAY, FEBRUARY 10, 2001 AT 2009 EST, A USAIRWAYS B-737, N585US, FLIGHT 638, LANDED ON RUNWAY 23 AT THE

(-23) ON SATURDAY, FEBRUARY 10, 2001 AT 2009 EST, A USAIRWAYS B-737, N585US, FLIGHT 638, LANDED ON RUNWAY 23 AT THE BUFFALO NIAGRA INTERNATIONAL AIRPORT AFTER REPORTING A LEADING EDGE FLAP PROBLEM. THE REPORTED DISCREPANCY WAS ""LE FLAP TRANSIT LIGHT REMAINED ON WHEN FLAPS 10 SELECTED GET AMBER LE FLAP TRANSIT LIGHT. DID QRH PROCEDURES. GET ALL GREEN LIGHTS ON OVERHEAD PANEL. WENT BACK TO FLAP 5. LANDED BUF FLAPS 5. NO CB OUT."" MAINTENANCE REMOVE D AND REPLACED THE FLAP INDICATOR P/N 0022701. IAW MAINTENANCE MANUAL 27-52 AND RESET THE FLAP LOAD LIMITER. THE GROUND CHECK WAS OKAY AND THE AIRCRAFT WAS RETURNED TO SERVICE. THIS INCIDENT IS CONSIDERED CLOSED.",BOEING,737301,,"OPDEF, Other Than Pi;2751",,0.05213597914561774,-4.49438202247191,-4.403835469185335,0.0,stable,mild_decline,mild_decline,unknown,ASIAS
20010224002649I,2.0,,Unknown,Daylight,UNK,Unknown,Unknown,2001,2,"(-23)RETURNED TO LAND AFTER TAKEOFF, SMOKE SMELL IN REAR CABIN. LOG PAGE #F210671, DISC. #18: ""ACRID SMOKE SMELL IN

(-23)RETURNED TO LAND AFTER TAKEOFF, SMOKE SMELL IN REAR CABIN. LOG PAGE #F210671, DISC. #18: ""ACRID SMOKE SMELL IN AFT CABIN. NO SMOKE VISIBLE."" CORRECTIVE ACTION: ""INSPECTED AFT CABIN AREA FOR EVIDENCE OF SMOKE OR BURNING MATERIAL-NONE FOUND. POWERED UP AIRCRAFT SYSTEMS, INCLUDING THE LEFT AND RIGHT PACKS AND AFT COFFEE MAKER. VISUALLY INSPECTED ALL AFT AREA FOR EVIDENCE OF SMOKE OR ELECTRICAL SPARKING, NONE FOUND. ALL SYSTEMS CHECK ""OK"". SAME PAGE, DISC. #19: ""LANDING 101,000 #S, MINIMUM RATE OF DESCENT."" CORRECTIVE ACTION: ""PERFORMED VISUAL INSPECTION OF FUSELAGE, MAIN AND NOSE LANDING GEAR, TO INCLUDE TIRE RIMS AND BRAKE ASSYS, WING AND PYLON AREAS FOR EVIDENCE OF BUCKLING, WRINKLES AND DISTORTION-NONE FOUND. CHECK TIRE PRESSURES, AND STRUTS FOR LEAKS-NONE FOUND. PERFORMED INSPECTION IAW DC-9 MM 5-51-0."" AIRCRAFT RETURNED TO SERVICE AND REPOSITIONED TO ATL THE FOLLOWING MORNING. CONTRACT MECHANIC RAN ALL SYSTEMS (AIR CONDITIONING/HEATING, ELECTRICAL, GALLEY, LIGHTS) AND ENGINES FOR A COMBINED TOTAL OF 3 HOURS, AND WAS UNABLE TO DUPLICATE THE SMELL. HE THOROUGHLY INSPECTED THE LAVATORY TRASH CONTAINERS-NO BURNT MATERIALS WERE FOUND. SUSPECTED BURNT SPILLED COFFEE, BUT WAS      UNABLE TO CONFIRM.",DOUG,DC932,,Undetermined,,0.05213597914561774,-4.49438202247191,-4.403835469185335,0.0,stable,mild_decline,mild_decline,unknown,ASIAS
20010211012449I,2.0,,Unknown,Daylight,UNK,Unknown,Unknown,2001,2,"(-23)THIS FAR 121 FLIGHT WAS TO BE OPERATED AS UNITED EXPRESS (AIR WISCONSIN) 5626. DURING START OF HTE #2 ENGINE (

(-23)THIS FAR 121 FLIGHT WAS TO BE OPERATED AS UNITED EXPRESS (AIR WISCONSIN) 5626. DURING START OF HTE #2 ENGINE (INBOARD ON THE LEFT WING) A TORCHING EFFECT OCCURRED FROM THE TAILPIPE, WHICH PASSENGERS AND FLIGHT ATTENDANTS TOOK TO BE A SERIOUS ENGINE FIRE.  THE PILOTS HAD NO COCKPIT INDICATION OF A FIRE.  NEVERTHELESS, AN EVACUATION WAS ORDERED FROM THE RIGHT SIDE OF THE AIRCRAFT, WHICH WAS ACCOMPLISHED WITHOUT INJURIES OF FURTHER INCIDENT.  THE PILOTS SHUT DOWN THE #1 AND #2 ENGINES, AND SUPERVISED THE EVACUATION.  NO EVIDENCE OF FIRE OUTSIDE OF THE TAILPIPE WAS FOUND.  THE ENGINE WAS REMOVED AND TORN DOWN, BUT THE EXACT CAUSE OF THE TORCHING REMAINS UNDETERMINED.",BAG,BAE146200A,,"OPDEF, Other Than Pi;7200",,0.05213597914561774,-4.49438202247191,-4.403835469185335,0.0,stable,mild_decline,mild_decline,unknown,ASIAS
20010208002569I,0.0,,Unknown,Daylight,UNK,Other,Unknown,2001,2,"(-23)WORLD WIDE SERVICES WHILE TOWING, AIRCRAFT TO GATE 20, TERMINAL A STRUCK A PARKED BUS WITH THE LEFT WING TIP.

(-23)WORLD WIDE SERVICES WHILE TOWING, AIRCRAFT TO GATE 20, TERMINAL A STRUCK A PARKED BUS WITH THE LEFT WING TIP. THE LEFT WING TIP HAD TO BE REPLACED.",DOUG,DC983,,"Miscellaneous, Other;Fail Avd Objs Or Obs",,0.05213597914561774,-4.49438202247191,-4.403835469185335,0.0,stable,mild_decline,mild_decline,unknown,ASIAS
20010202002549I,2.0,,Unknown,Daylight,UNK,Unknown,Unknown,2001,2,"(-23) ON FRIDAY, FEBRUARY 2, 2001 AT 1743 LOCAL, A CONTINENTAL EXPRESS ATR 42, N93840, FLIGHT 3185, RETURNED AND LA

(-23) ON FRIDAY, FEBRUARY 2, 2001 AT 1743 LOCAL, A CONTINENTAL EXPRESS ATR 42, N93840, FLIGHT 3185, RETURNED AND LANDED ON RUNWAY 28 AT THE SYRACUSE INTERNATIONAL AIRPORT DUE TO A NOSE GEAR PROBLEM. THE AIRCRAFT LANDED AND TAXIED TO THE RAMP WITHOUT FURTHER INCIDENT. COMPANY MAINTENANCE CAME UP FROM EWR AND INSPECTED THE NOSE GEAR. THEY FOUND THE NOSE GEAR AND SENSORS PACKED WITH ICE. THEY REMOVED THE ICE AND PERFORMED A GEAR SWING, WITH NO FURTHER DEFECTS NOTED. THIS INCIDENT IS CONSIDERED CLOSED.",AEROSP,ATR42320,,"Miscellaneous, Other;3260",,0.05213597914561774,-4.49438202247191,-4.403835469185335,0.0,stable,mild_decline,mild_decline,unknown,ASIAS
20010129000859I,2.0,,Unknown,Daylight,UNK,Unknown,Unknown,2001,1,"(-23) NOISE HEARD AT ROTATION, NOTIFIED ENROUTE BY YAKIMA (YKM) TOWER METAL HAD SEPARATED FROM AIRCRAFT (A/C). ON D

(-23) NOISE HEARD AT ROTATION, NOTIFIED ENROUTE BY YAKIMA (YKM) TOWER METAL HAD SEPARATED FROM AIRCRAFT (A/C). ON DESCENT IN SEATTLE/TACOMA (SEA) SECOND NOISE HEARD. UPON ARRIVAL AT SEATTLE/TACOMA (SEA) THE A/C WAS INSPECTED BU HORIZON MAINTENANCE AND FOUND THE TWO UPPER WING CENTER FUSELAGE PANELS WERE MISSING. ONE PANEL WAS FOUND ABOUT ONE MILE FROM YAKIMA (YKM) AIRPORT. THE SECOND PANEL WAS FOUND IN A RESIDENTIAL YARD IN BELLVUE WASHINGTON. THERE WAS NO DAMAGE OR INJURIES AS RESULT OF THE 2FT X 3FT FALLING PANELS.^PRIVACY DATA OMITTED^",DHAV,DHC8202,,Improper Maintenance;5350,,0.22681216108335622,-4.444444444444451,-4.403835469185335,0.0,stable,mild_decline,mild_decline,unknown,ASIAS
20010113005139I,2.0,,Unknown,Daylight,UNK,Other,Unknown,2001,1,"(-23)^PRIVACY DATA OMITT^ ALLEGDLY THREATENED AND INTIMIDATED CREWMEMBERS IN THE PERFORMANCE OF THEIR DUTIES THUS V

(-23)^PRIVACY DATA OMITT^ ALLEGDLY THREATENED AND INTIMIDATED CREWMEMBERS IN THE PERFORMANCE OF THEIR DUTIES THUS VIOLATING FAR 121-580. ^PRIVACY DATA OMI^",BOEING,737,,"Miscellaneous, Other;Cntl Intfr By Passen",,0.22681216108335622,-4.444444444444451,-4.403835469185335,0.0,stable,mild_decline,mild_decline,unknown,ASIAS
20010118005069I,2.0,,Unknown,Daylight,UNK,Unknown,Unknown,2001,1,"(-23) PILOT REPORTED THAT DURING CRUISE @35,000', FROM ST. LOUIS TO PHOENIX, THE A/C YAWED SHARPLY TO THE LEFT. PIL

(-23) PILOT REPORTED THAT DURING CRUISE @35,000', FROM ST. LOUIS TO PHOENIX, THE A/C YAWED SHARPLY TO THE LEFT. PILOT NOTED RAPID FLUCTUATIONS IN THE LEFT ENGINES INSTRUMENTS ALONG WITH A PERCEPTIBLE DROP IN EGT. FURTHER, THERE WAS AN ELECTRICAL SMELL AND SLIGHT SMOKE IN THE COCKPIT. THE DISRUPTION LASTED FOR APPROX. 10 SECONDS AFTER WHICH THE LEFT ENGINE FULLY RECOVERED. AN EMERGENCY WAS DECLARED AND THE A/C LANDED WIHTOUT INCIDENT. PILOT STATED THAT WHIL COMPLETING THE CHECKLIST AND IN PREPARATION FOR LANDING NO ENGINE ABNORMALITIES WERE NOTED AND A NORMAL LANDING WAS MADE. DISCUSSIONS WITH SWAA PPM (MAINTENANCE) INDICATE CORROSION IN THE CANNON PLUG OF THE FUEL SPAR VALVE IN THE LEFT WHEEL WELL IS KNOWN TO BE A CASUAL FACTOR IN RELATED OCCURRENCES AND IS CURRENTLY ADDRESSED IN A BOEING SERVICE LETTER. N635SW FERRIED TO DFW FOR MAINTENANCE.",BOEING,7373H4,,"OPDEF, Other Than Pi;2400",,0.22681216108335622,-4.444444444444451,-4.403835469185335,0.0,stable,mild_decline,mild_decline,unknown,ASIAS
20010122001059I,2.0,,VMC,Night,UNK,Unknown,Unknown,2001,1,"(-23)ON SUNDAY JANUARY 21 AT APPROX. 1305 PST A DELTA AIRLINES MD-11 A/C, U.S. REGISTRATION NUMBER N809DE, DEPARTIN

(-23)ON SUNDAY JANUARY 21 AT APPROX. 1305 PST A DELTA AIRLINES MD-11 A/C, U.S. REGISTRATION NUMBER N809DE, DEPARTING FROM PDX (PORTLAND OREGON) EN ROUTE TO NARITA, JAPAN AS FLIGHT 51/21, ABORTED TAKE OFF ON RUNWAY 10R DUE TO AN ABRUPT POWER LOSS ON NUMBER THREE ENGINE, FOLLOWED BY INTENSE VIBRATIONS AND ACUTE YAWING OF THE A/C. THIS INCLUDED REDUCED BRAKING ACTION ON THE RIGHT MAIN LANDING GEAR. THE A/C WAS STOPPED ON THE RUNWAY WITHIN APPROX. THE LAST THOUSAND FEET. IT WAS THEN TAXIED ONTO AN ADJACENT TAXIWAY AND THE APSSENGERS WERE DEPLANED BY NORMAL MEANS. NO EMERGENCY WAS DECLARED AND NO EMERGENCY PROCEDURES WERE IMPLEMENTED. THERE WERE NO INJURIES TO THE PASSENGERS OR CREW. THE FLIGHT CREW REPORTED THAT THEY HAD SEEN A BIRD PASS IN FRON TOF THE A/C IN THE VICINITY AND APPROX. ALTITUDE OF THE RIGHT HAND ENGINE BEFORE THE ENGINE POWER LOSS OCCURRED. AN APPRO ENTRY WAS MADE IN THE A/.C MAINTENANCE LOG.",DOUG,MD11,,Undetermined;7230,,0.22681216108335622,-4.444444444444451,-4.403835469185335,0.0,stable,mild_decline,mild_decline,unknown,ASIAS
20010110001049I,2.0,,IMC,Daylight,UNK,Unknown,Unknown,2001,1,"(-23)DURING A CAT II APPROACH, UPON TOUCHDOWN, THE CREW NOTICED SEVERAL EICAS WARNING MESSAGES HORN, HEARD SEVERAL

(-23)DURING A CAT II APPROACH, UPON TOUCHDOWN, THE CREW NOTICED SEVERAL EICAS WARNING MESSAGES HORN, HEARD SEVERAL CIRCUIT BREAKERS POPPING, AND SMELLED BURNING WIRES IN THE FORWARD PART OF THE AIRCRAFT. THE AIRCRAFT LANDED ON THE RUNWAY IN EXCESS OF 27 FEET TO THE LEFT CENTERLINE.  THE AIRCRAFT TAXIED TO THE GATE, PARKED, AND EXPEDITED DEPLANING THE PASSENGERS DUE TO THE BURNING SMELL.  INSPECTION BY DELTA MAINTENANCE PERSONNEL REVEALED A LARGE WIRE BUNDLE DESIGNATED W451 WAS BURNED IN THE MAIN ELECTRONICS BAY IN THE AREA OF THE P50 AND P51 RACKS.  IT WAS DETERMINED THAT A 2 GA T/R WIRE HAD CHAFTED AGAINST THE RIGHT AFT CORNER OF THE NOSE GEAR BOX AND SHORTED CAUSING THE FIRE WHICH DAMAGED THE WIRE BUNDLE MENTIONED AND ALSO DAMAGED THE AIRCRAFT STRUCTURE ABOVE THE WIRE BUNDLE.",BOEING,767232,,"OPDEF, Other Than Pi;2433",,0.22681216108335622,-4.444444444444451,-4.403835469185335,0.0,stable,mild_decline,mild_decline,unknown,ASIAS
20001223028029I,2.0,,Unknown,Daylight,UNK,Unknown,Unknown,2000,12,"(-23) DURING CRUISE FLIGHT THE NUMBER 1 ENGINE LOST POWER, THE ENGINE RPM ROLLED BACK TO 40%. THE CREW DIVERTED TO

(-23) DURING CRUISE FLIGHT THE NUMBER 1 ENGINE LOST POWER, THE ENGINE RPM ROLLED BACK TO 40%. THE CREW DIVERTED TO SPRINGFIELD, MO. WHERE IT WAS DETERMINED THE P3 LINE, AN INTERNAL ENGINE PRESSURE SENSE LINE, WAS FOUND CRACKED. THE CRACKED LINES GAVE ERRONEOUS INFORMATION TO THE FUEL CONTROL CAUSING THE FUEL CONTROL TO OPERATE THE ENGINE AT 40%. THE LINE WAS REPLACED AND THE FLIGHT CONTINUED WITHOUT FURTHER INCIDENT.",BEECH,1900D,,"OPDEF, Other Than Pi;7320",,1.1473658498613704,4.597701149425282,-4.4447633710824945,0.0,mild_growth,mild_growth,mild_decline,unknown,ASIAS
20001228038189I,2.0,,Unknown,Daylight,UNK,Unknown,Unknown,2000,12,"(-23) ON DEC 28, 2000 AT APPROX 1630 HRS LOCAL TIME FLIGHT 1577 DEAPRTED ALBANY TO GREENBORO NC ON A CLIMB OUT THE

(-23) ON DEC 28, 2000 AT APPROX 1630 HRS LOCAL TIME FLIGHT 1577 DEAPRTED ALBANY TO GREENBORO NC ON A CLIMB OUT THE CAPTAIN REPORTED A UNCOMMANDED TURN TO THE RIGHT. THE CREW DECLARED AN EMERGENCY AND ASKED FOR THE NEAREST AIRPORT. THE FLIGHT LANDED ON RUNWAY 27 AT SWF AT APPROX. 1646 HRS. THE AIRCRAFT WAS TOWED FROM THE RUNWAY. THE CREW REPORTED ON LOGPAGE C746450 A RUDDER SPLIT. MAINTENANCE FOUND A LOWER RUDDER YAW DAMPER COUPLER WOULD NOT TEST AS PER M/M 22-11-131-4. THE COUPLER WAS REPLACED AND AIRCRAFT WAS RETURNED TO SERVICE. NTSB NOTIFIED NO NUMBER ISSUED. PTRS EA25 200103366.",BOEING,727247,,"OPDEF, Other Than Pi;2210",,1.1473658498613704,4.597701149425282,-4.4447633710824945,0.0,mild_growth,mild_growth,mild_decline,unknown,ASIAS
20010304005769I,2.0,,Unknown,Daylight,UNK,PIC,Unknown,2001,3,"(-23) HORIZON AIR FLIGHT 2017 A/C N366PH INCURRED A BIRDSTRIKE ON TAKEOFF FROM PORTLAND, OREGON. A/C RETURNED TO FI

(-23) HORIZON AIR FLIGHT 2017 A/C N366PH INCURRED A BIRDSTRIKE ON TAKEOFF FROM PORTLAND, OREGON. A/C RETURNED TO FIELD WITHOUT INCIDENT. MAINTENANCE AT PDX DID A BIRDSTRIKE INSPECTION IAW DHC-8 MAINTENANCE MANUAL. MAINTENACE REMOVED AND REPLACED ENGINE AND SPINNER ASSEMBLY, AND RETURNED THE A/C TO SERVICE. ENGINE INSPECTED OFF WING, NO VISIBLE DAMAGE NOTED. HOWEVER BORESCOPE INDICATED THAT A SIGNIFICANT AMOUNT OF BIRD DEBRIS PASSED THROUGH ENGINE. HORIZON AIR ELECTED TO SEND ENGINE TO ATLANTA TURBINES FOR DETAILED INSPECTION. THIS REPORT IS CLOSED.",DHAV,DHC8202,,"Miscellaneous, Other;Struck Birds In Flig",,-0.03383546939084159,-10.989010989010984,-4.403835469185335,0.0,stable,strong_decline,mild_decline,unknown,ASIAS
20010405012039I,2.0,,Unknown,Daylight,UNK,Unknown,Unknown,2001,4,"(-23)ON APRIL 04, 2001 VANGUARD AIRLINES FLIGHT 150, AIRCRAFT N16802, WAS SCHEDULES TO ENROUTE FROM MCI TO LGA. ON

(-23)ON APRIL 04, 2001 VANGUARD AIRLINES FLIGHT 150, AIRCRAFT N16802, WAS SCHEDULES TO ENROUTE FROM MCI TO LGA. ON INITAL CLIMB OUT AFTER HYGRAULIC PUMP SWITCHES SET TO LOW, THE LEFT ENGINE HYDRAULIC PRESSURE WENT TO ZERO.  NO EMERGENCY OR EQUIPMENT REQUESTED AND THE PILOT RETURNED THE AIRCRAFT TO MCI WITH NO FURTHER INCIDENT.  VANGUARD MAINTENANCE FOUND THE LEFT ENGINE HYRAULIC PUMP SHAFT SHEARED, AND REPLACED PUMP.  SYSTEM PASSED OPERATIONAL TEST AND THE AIRCRAFT WAS RETURNED TO SERVICE.  WITH THIS REPORT, INCIDENT NUMBER CE05200IAC0033 IS CONSIDERED CLOSED.",DOUG,DC982,,"OPDEF, Other Than Pi;2913",,1.0659623296931153,-9.302325581395344,2.2165790317166145,0.0,mild_growth,strong_decline,mild_growth,unknown,ASIAS
20010307006869I,2.0,,Unknown,Daylight,UNK,Unknown,2000-5000,2001,3,"(-23) BIG SKY AIRLINES FLIGHT #2550 DEPARTED GREAT FALLS, MONTANA. FORTY MILES NORTH OF MISSOULA, MONTANA, THE AIRC

(-23) BIG SKY AIRLINES FLIGHT #2550 DEPARTED GREAT FALLS, MONTANA. FORTY MILES NORTH OF MISSOULA, MONTANA, THE AIRCRAFT LOW OIL PRESSURE LIGHT FOR THE RIGHT ENGINE ILLUMINATED. CREW MONITORED ENGINE AND DIVERTED TO MSO AIRPORT. THE A/C LANDED WITHOUT FURTHER INCIDENT. MAINTENANCE TROUBLESHOOTING REVEALED THE ENGINE SCAVENGE PUMP FAILED.",SWRNGN,SA227AC,,"OPDEF, Other Than Pi;7261",,-0.03383546939084159,-10.989010989010984,-4.403835469185335,0.0,stable,strong_decline,mild_decline,unknown,ASIAS
20010328005499I,2.0,,Unknown,Daylight,UNK,Unknown,5000+,2001,3,"(-23) ON MARCH 28, 2001, AT APPROX. 1040 AM, UNITED AIRLINES FLIGHT 100 ENROUTE TO MCO, RETURNED TO LAX DUE TO PRES

(-23) ON MARCH 28, 2001, AT APPROX. 1040 AM, UNITED AIRLINES FLIGHT 100 ENROUTE TO MCO, RETURNED TO LAX DUE TO PRESSURIZATION PROBLEMS. A/C LANDED WITH O2 MASKS DEPLOYED AND PASSENGER INJURIES WHICH CONSISTED OF NOSE BLEEDS AND EAR PROBLEMS. CREW REPORTED THEY HAD NO ECAM INDICATION AND THAT THE PRESS PAGE INDICAIONS APPEARED FROZEN. UPON INSPECTION AT THE GATE, MAINTENANCE FOUND THE PRESSURE PORT DUST CAP INSTALLED ON BOTH PRESSURIZATION CONTROLLERS. THE CONTROLLERS WERE REPLACED DURING THE OVERNIGHT WORK PERFORMED AT LAX OER JOB CARD 403750, A/C CABIN PRESSURE CONTROLLER UPGRADE.^PRIVACY DATA OMITTED^",AIRBUS,A320232,,Improper Maintenance;2131,,-0.03383546939084159,-10.989010989010984,-4.403835469185335,0.0,stable,strong_decline,mild_decline,unknown,ASIAS
20010415012689I,2.0,,Unknown,Daylight,UNK,Unknown,5000+,2001,4,"(-23) ON 04/15/01, AT 2343Z 1843C, AMERICAN EAGLE FLIGHT 4139 FROM CHICAGO O'HARE (ORD) TO RICHMOND INTERNATIONAL (

(-23) ON 04/15/01, AT 2343Z 1843C, AMERICAN EAGLE FLIGHT 4139 FROM CHICAGO O'HARE (ORD) TO RICHMOND INTERNATIONAL (RIC) RETURNED AFTER TAKE OFF DUE TO AN INOPERATIVE PITCH TRIM ON THE CAPTAIN'S AND FIRST OFFICER'S YOKE. THE AIRCRAFT, AND EMBRAER MODEL EMB-135-LR, SERIAL NUMBER 145301, REGISTRATION NUMBER N724AE, WITH 33 PASSENGERS AND THREE CREWMEMBERS LANDED AT CHICAGO O'HARE AIRPORT WITHOUT PERSONNEL INJURIES OR AIRCRAFT DAMAGED.  AS REPORTED ON LOGBOOK PAGE 1159650, THE HORIZONTAL STABILIZER CONTROL UNIT (HSCU) WAS REMOVED AND REPLACED.  OPERATIONAL CHECK PERFORMED IN ACCORDANCE WITH EMB 135 MM 27-40-01 AND FOUND SATISFACTORY.  ON 04/16/01 AIRCRAFT WAS RELEASED FOR FUNCTIONAL CHECK FLIGHT (FCF). FCF WAS SATISFACTORY.  AIRCRAFT AUTHORIZED FOR RETURN TO SERVICE.",EMB,EMB135LR,,"OPDEF, Other Than Pi;2740",,1.0659623296931153,-9.302325581395344,2.2165790317166145,0.0,mild_growth,strong_decline,mild_growth,unknown,ASIAS
20010406005969I,2.0,,Unknown,Daylight,UNK,Unknown,2000-5000,2001,4,"(-23) ON 4/6/01 AT 8:45 AM AT PITTSBURGH INTERNATIONAL AIRPORT CHAUTAUQUA FLIGHT #4215 A SAAB-FAIRCHILD 340-A N95CQ

(-23) ON 4/6/01 AT 8:45 AM AT PITTSBURGH INTERNATIONAL AIRPORT CHAUTAUQUA FLIGHT #4215 A SAAB-FAIRCHILD 340-A N95CQ ABORTED A TAKEOFF ON RUNWAY 28R. ATC REPORTED THE CREW DID NOT REQUEST ASSISTANCE OR GIVE ANY REASON AS TO WHY TAKE OFF WAS ABORTED. THE A/C TAXIED BACK TO THE RAMP WITHOUT FURTHER INCIDENT. CHAUTAUQUA MAINTENANCE PERSONNEL WERE INFORMED THAT THE LEFT TAIL PIPE HAD GIVEN A OVERHEAT INDICATION. THE SYSTEM WAS TROUBLE SHOT. THE CANNON PLUG FOR THE PROBE WAS CLEANED AND THE SYSTEM TESTED NORMAL. THE A/C WAS RETUNED TO SERVICE.",CESSNA,340A,,"OPDEF, Other Than Pi;2613",,1.0659623296931153,-9.302325581395344,2.2165790317166145,0.0,mild_growth,strong_decline,mild_growth,unknown,ASIAS
20010304005789I,2.0,,Unknown,Daylight,UNK,Unknown,Unknown,2001,3,"(-23) ON MARCH 4, 2001, AT 1050E. A CL-600, S/N 7450, REGISTERED AS N416CA, AND BEING OPERATED BY COMA AS FLIGHT 54

(-23) ON MARCH 4, 2001, AT 1050E. A CL-600, S/N 7450, REGISTERED AS N416CA, AND BEING OPERATED BY COMA AS FLIGHT 5474 LANDED AT ""PIT"" AFTER REPORTING A PROBLEM WITH THE AILERON TRIM. THE A/C LANDED AND TAXIED TO THE GATE WITHOUT PROBLEM. MAINTENANCE FOUND THE AILERON TRIM ACTUATOR CIRCUIT BREAKER POPPED. TROUBLESHOOTING FOUND A BAD SECTOR. THE A/C WAS FERRIED TO A MAINTENANCE BASE FOR REPLACEMENT OF THE ACTUATOR. THE A/C WAS RETURNED TO SERVICE AFTER THE ACTUATOR REPLACEMENT AT THE LOUISVILLE FACILITY. INVESTIGATION BY DESK AUDIT AND CLOSED.",CNDAIR,CL6002B19,,"OPDEF, Other Than Pi;2711",,-0.03383546939084159,-10.989010989010984,-4.403835469185335,0.0,stable,strong_decline,mild_decline,unknown,ASIAS
20010407005849I,2.0,,Unknown,Daylight,UNK,Unknown,Unknown,2001,4,"(-23) ON APRIL 7, 2001, AT 1209 E/1609Z, AMTA FLIGHT #594, A B-727, N783AT, S/N 2200, DIVERTED TO PIT DUE TO A FIRE

(-23) ON APRIL 7, 2001, AT 1209 E/1609Z, AMTA FLIGHT #594, A B-727, N783AT, S/N 2200, DIVERTED TO PIT DUE TO A FIRE WARNING LIGHT. DURING CRUISE AT FL310, NOTED CARGO FIRE LIGHT ON CA GLARE SHIELD (NO FIRE WARNING BELL SOUNDED). CHECKED THE CARGO DETECTIONS/ SUPPRESSION PANEL AT THE F/E POSITION AND NOTED THAT BOTH FWD AND AFT LIGHT ON THE PANEL WERE ILLUMINATED. INITIATED CARGO FIRE IN-FLIGHT CHECKLIST AND DECLARED AN EMERGENCY. LANDED AT PIT. FIRE DEPT. FOUND NO EVIDENCE OF FIRE, SMOKE OR FUMES. DURING TROUBLE SHOOTING, MAINTENANCE FOUND THE PUSH TO TEST LIGHT ON EYEBROW PANEL ACTING AS A GROUND CAUSING THE FIRE CONTROL PANEL TO BE IN THE TEST MODE. REPLACED MASTER CAUTION CARGO WARNING PUSH TO TEST LIGHT LENS AND PERFORMED ADJ/TEST PER MM-26-26-00. MAIN. REPLACED THE FIRE EXTINGUISHER BOTTLES AND RETURNED A/C TO SERVICE. INVESTIGATION BY DESK AUDIT CLOSED.",BOEING,727227,,"OPDEF, Other Than Pi;2612",,1.0659623296931153,-9.302325581395344,2.2165790317166145,0.0,mild_growth,strong_decline,mild_growth,unknown,ASIAS
20010405006179I,2.0,,VMC,Daylight,UNK,Unknown,5000+,2001,4,"(-23) LIGHT 4622 INBOUND TO BOSTON FROM ISLIP NY. FIRST OFFICER REPORTED HE OBSERVED A SMALL QUANTITY OF SMOKE COMI

(-23) LIGHT 4622 INBOUND TO BOSTON FROM ISLIP NY. FIRST OFFICER REPORTED HE OBSERVED A SMALL QUANTITY OF SMOKE COMING FROM THE GLARE SHIELD IN FRONT OF HIM. BOTH CAPTAIN AND FIRST OFFICER SMELLED THE SMOKE. BOTH FOLLOWED PROCEDURE AND DECLARED EMERGENCY EMERGENCY. A/C ALNDED AND TAXIED IN WITHOUT FURTHER INCIDENT. AMERICAN EAGLE MAINTENANCE INVESTIGATING THE SOURCE OF THE SMELL. NO VISIBLE INDICATION OF ANY PROBLEM.",SAAB,340B,,Undetermined,,1.0659623296931153,-9.302325581395344,2.2165790317166145,0.0,mild_growth,strong_decline,mild_growth,unknown,ASIAS
20010320003679I,0.0,,Unknown,Night,UNK,Unknown,5000+,2001,3,"(-23) ON MARCH 2, 2001 AT 2144 HOURS MST SOUTHWEST AIRLINES FLIGHT 838 DEPARTED PHOENIX SKY HARBOR INTERNATIONAL AI

(-23) ON MARCH 2, 2001 AT 2144 HOURS MST SOUTHWEST AIRLINES FLIGHT 838 DEPARTED PHOENIX SKY HARBOR INTERNATIONAL AIRPORT ON RUNWAY ENROUTE TO SAN ANTONIO, TX. AFTER DEPARTURE THE A/C BEGAN FILLING WITH SMOKE AND THE FLIGHT CREW DECLARED AN EMERGENCY AND RETURNED TO PHOENIX AND LANDED ON RUNWAY 25R AT 1949 HOURS. VISUAL METEOROLOGICAL CONDITIONS (VMC) PREVAILED. AN EMERGENCY EVACUATION WAS ACCOMPLISHED AT TAXI WAY ECHO AND SIERRA WITH NO INJURIES TO THE PASSENGERS OR CREW MEMEBERS. A BORESCOPE INSPECTION WAS CONDUCTED ON BOTH ENGINES AND THE NUMBER TWO (2) ENGINE WAS FOUND TO BE LEAKING OIL INTO THE COMPRESSOR SECTION WHICH WAS PASSED INTO THE 9TH STAGE BLEED AIR DUCT AND INTO THE AIR CYCLING MACHINE CAUSING THE CABIN/COCKPIT TO FILL WITH SMOKE. THE ENGINE WAS REMOVED AND REPLACED.",BOEING,7373H4,,"OPDEF, Other Than Pi;7800",,-0.03383546939084159,-10.989010989010984,-4.403835469185335,0.0,stable,strong_decline,mild_decline,unknown,ASIAS
20010330009209I,2.0,,IMC,Daylight,UNK,Other,Unknown,2001,3,"(-23)AIRCRAFT WAS PARKED IN HOLDING GATE 18R FOR INDEFINITE WEATHER DELAY. AIRCRAFT WAS GETTING VERY WARM.  APU AND

(-23)AIRCRAFT WAS PARKED IN HOLDING GATE 18R FOR INDEFINITE WEATHER DELAY. AIRCRAFT WAS GETTING VERY WARM.  APU AND #1 HP BLEED VALVE INOPERATIVE.  FLIGHT ATTENDANT ASKED CAPTAIN IF THEY COULD OPEN REAR (1-2) DOOR TO GET SOME RELIEF.  FLIGHT ATTENDANT ^PRIVACY DATA OMITTED^      OPENDED DOOR AND FORGOT TO DISARM THE DOOR.  CAUSING SLIDE TO DEPLOY.  AIRCRAFT TAXIED BACK TO GATE.",AIRBUS,A320*,,"Miscellaneous, Other;Fail Follow Approved",,-0.03383546939084159,-10.989010989010984,-4.403835469185335,0.0,stable,strong_decline,mild_decline,unknown,ASIAS
20010322028269I,2.0,,Unknown,Unknown,UNK,Unknown,Unknown,2001,3,"(-23) ON THURSDAY, MARCH 22, 2001 AT 2015 LOCAL, AN AMERICAN AIRLINES B-737-800, AT FLIGHT LEVEL 370, EXPERIENCED T

(-23) ON THURSDAY, MARCH 22, 2001 AT 2015 LOCAL, AN AMERICAN AIRLINES B-737-800, AT FLIGHT LEVEL 370, EXPERIENCED THREE LOUD STALLS FROM THE RIGHT HAND ENGINE. THE AUTO THROTTLE WAS DISCONNECTED AND THE ENGINE RAN OKAY FOR 10 MINUTES AND THEN STALLED TWICE MORE. THE AIRCRAFT DIVERTED FROM ITS PLANNED DESTINATION OF JFK AND LANDED AT BUF. THE RIGHT HAND ENGINE OPERATED NORMALLY DURING DESCENT AND LANDING. AALA MAINTENANCE ARRIVED AND REPLACED THE RIGHT HAND ENGINE. THE AIRCRAFT WAS FERRIED TO ORD AND LATER RETURNED TO SERVICE. THIS INCIDENT IS CONSIDERED CLOSED.",BOEING,737823,,"OPDEF, Other Than Pi;7200",,-0.03383546939084159,-10.989010989010984,-4.403835469185335,0.0,stable,strong_decline,mild_decline,unknown,ASIAS
20010313026759I,2.0,,Unknown,Night,UNK,Other,Unknown,2001,3,"(-23)^PRIVACY DATA OMITTED^HAS BEEN FORWARDED TO AGL-230 ALLEGING MR. LAVELLE ^PRIVACY DATA OMI^VIOLATED FAR 121.58

(-23)^PRIVACY DATA OMITTED^HAS BEEN FORWARDED TO AGL-230 ALLEGING MR. LAVELLE ^PRIVACY DATA OMI^VIOLATED FAR 121.580 (2 INSTANCES) AND FAR 121.306.^PRIVACY DATA OMITTED^",,,,"Miscellaneous, Other;Cntl Intfr By Passen",,-0.03383546939084159,-10.989010989010984,-4.403835469185335,0.0,stable,strong_decline,mild_decline,unknown,ASIAS
20010308005839I,2.0,,Unknown,Daylight,UNK,Unknown,Unknown,2001,3,"(-23) ON MARCH 8, 2001, AT 1330E, A MD-88, S/N 53172, REGISTERED AS N969DL AND OPERATED AS DALA FLIGHT 1923, RETURN

(-23) ON MARCH 8, 2001, AT 1330E, A MD-88, S/N 53172, REGISTERED AS N969DL AND OPERATED AS DALA FLIGHT 1923, RETURNED TO ""PT"" AFTER REPORTING A PROBLEM WITH THE #2 ENIGNE. THE A/C LANDED AND TAXIED TO THE GATE WITHOUT INCIDENT. MAINTENANCE FOUND THE #2 START VALVE LIGHT HAD COME ON AND THAT THIS WAS AN INDICATION PROBLEM ONLY. THE DISCREPANCY WAS DEFERRED PER THE MEL AND THE A/C WAS RETURNED TO SERVICE. INVESTIGATION BY DESK AUDIT AND CLOSED.",DOUG,MD88,,"OPDEF, Other Than Pi;3150",,-0.03383546939084159,-10.989010989010984,-4.403835469185335,0.0,stable,strong_decline,mild_decline,unknown,ASIAS
20010417038039I,2.0,,Unknown,Daylight,UNK,Other,Unknown,2001,4,"(-23) ^PRIVACY DATA OMITTED^

(-23) ^PRIVACY DATA OMITTED^",,,,"Miscellaneous, Other;Cntl Intfr By Passen",,1.0659623296931153,-9.302325581395344,2.2165790317166145,0.0,mild_growth,strong_decline,mild_growth,unknown,ASIAS
20010525010379I,2.0,,Unknown,Daylight,UNK,Unknown,5000+,2001,5,"(-23)ON 5/25/01 AT 1310E ALLEGHENY AIRLINES FLIGHT 3605 A BOEING (DEHAV) DHC-8 N821EX RETURNED TO LAND AT PITTSBURG

(-23)ON 5/25/01 AT 1310E ALLEGHENY AIRLINES FLIGHT 3605 A BOEING (DEHAV) DHC-8 N821EX RETURNED TO LAND AT PITTSBURGH INTERNATIONAL AIRPORT RUNWAY 10L JUST AFTER TAKE OFF. THE AIRCRAFT LANDED AND TAXI TO THE RAMP WITHOUT FURTHER INCIDENT. THE CREW REPORTED THAT THE STICK SHAKER ACTIVATED AND WOULD NOT STOP.  MAINTENANCE PERSONAL TROUBLESHOT THE SYSTEM, RECALIBRATED THE STALL/LIFT SYSTEM, TESTED AND RETURNED THE AIRCRAFT TO SERVICE LATER THAT DAY.  SUBMISSION OF THIS REPORT CLOSES THIS INCIDENT.",DHAV,DHC8102,,"OPDEF, Other Than Pi;3418",,1.1321702788353205,-4.70588235294117,2.2165790317166145,0.0,mild_growth,mild_decline,mild_growth,unknown,ASIAS
20010508009469I,2.0,,Unknown,Daylight,UNK,Unknown,Unknown,2001,5,"(-23)BIG SKY AIRLINES (BSAA) FH. 2503 DEPARTED BILLINGS, MONTANA, OR 05/08/2001. DURING CLIMB, AIRCRAFT N704C FAILE

(-23)BIG SKY AIRLINES (BSAA) FH. 2503 DEPARTED BILLINGS, MONTANA, OR 05/08/2001. DURING CLIMB, AIRCRAFT N704C FAILED TO PROPERLY PRESSURIZE.  THE AIRCRAFT RETURNED TO BILLINGS, MONTANA, AND LANDED WITHOUT FURTHER INCIDENT.  MAINTENANCE TROUBLE SHOOTING REVEALED AN ELECTRICAL WIRE INTERFERED WITH THE PROPER SEATING OF THE CABIN PRESSURIZATION OUTFLOW VALVE.  THE WIRE WAS REPOSITIONED.  THE PRESSURIZATION SYSTEM FUNCTIONED NORMALLY.",SWRNGN,SA227AC,,"Miscellaneous, Other;2133",,1.1321702788353205,-4.70588235294117,2.2165790317166145,0.0,mild_growth,mild_decline,mild_growth,unknown,ASIAS
20010429006989I,2.0,,VMC,Unknown,UNK,Unknown,Unknown,2001,4,"(-23)ON 4-29-01, CHQA FLIGHT 4423, HAD A LEFT FIRE WARNING LIGHT ILLUMINATE ON FINAL APPROACH TO RUNWAY 32 AT PIT.

(-23)ON 4-29-01, CHQA FLIGHT 4423, HAD A LEFT FIRE WARNING LIGHT ILLUMINATE ON FINAL APPROACH TO RUNWAY 32 AT PIT. THE LEFT ENGINE WAS SHUT DOWN, AND AN EMERGENCY LANDING WAS MADE AS PER AFM.  FURTHER INVESTIGATION REVEALED THAT THE LEFT ENGINE FIRE LOOP WAS BADLY CHAFED AND CAUSED A FALSE FIRE WARNING.  THIS FIRE LOOP WAS REPLACED, AND THE AIRCRAFT WAS RETURNED TO SERVICE.  THERE WERE NO INJURIES TO THE PASSENGERS OR CREW.  SUBMISSION OF THIS REPORT CLOSES THIS INCIDENT.",SAAB,SF340A,,"OPDEF, Other Than Pi;2612",,1.0659623296931153,-9.302325581395344,2.2165790317166145,0.0,mild_growth,strong_decline,mild_growth,unknown,ASIAS
20010526008749I,2.0,,Unknown,Daylight,UNK,Unknown,Unknown,2001,5,"(-23)TOWER REPORTED ALERT 2 LANDING ON RUNWAY 20 RIGHT. THE PILOT GAVE THE ORDER TO EVACUATE THE AIRCRAFT.  THE PAS

(-23)TOWER REPORTED ALERT 2 LANDING ON RUNWAY 20 RIGHT. THE PILOT GAVE THE ORDER TO EVACUATE THE AIRCRAFT.  THE PASSENGERS BEGAN TO EXIT THE AIRCRAFT USING ALL EMERGENCY SLIDES.  ALL WERE OPERABLE.  THE THE AIRCRAFT WAS SEARCHED BY ARFF PERSONNEL FOR  THE SOURCE OF THE SOME AND ODOR.  THEY WERE UNABLE TO LOCATE ANY FIRE OR SMOKE.  AN ODOR OR BURNING WIRE WAS NOTICED INSIDE THE COCKPIT.  AFTER THE EVACUATION, SEVERAL PASSENGERS REPORTED MINOR INJURIES AND WERE TRANSPORTED TO SUMMIT HOSPITAL VIA MEDCOM.  SEE ATTACHED POLICE REPORT.",BOEING,757232,,"OPDEF, Other Than Pi;3040",,1.1321702788353205,-4.70588235294117,2.2165790317166145,0.0,mild_growth,mild_decline,mild_growth,unknown,ASIAS
20010602012659I,2.0,,Unknown,Daylight,UNK,Unknown,Unknown,2001,6,"(-23) ON JUNE 2, 2001, AT 1203E, A B-757, S/N27104, REGISTERED AS N684DA, AND OPERATING AS DALA FLIGHT 1584 WAS GOI

(-23) ON JUNE 2, 2001, AT 1203E, A B-757, S/N27104, REGISTERED AS N684DA, AND OPERATING AS DALA FLIGHT 1584 WAS GOING FROM ""CVG"" TO ""BWI"" AT CRUISE WHEN SMOKE WAS NOTED FROM THE F/C GALLEY. THE STRONG SMOKE ODOR AND LIGHT SMOKE WAS FROM THE F/C GALLEY OVEN. C/B WAS PULLED AND THE AIRCRAFT DIVERTED TO ""PIT"".  AT ""PIT"", MAINTENANCE COLLARED THE C/B AND DISCONNECTED THE OVEN WIRES.  THE OVEN WAS MEL'D PER 25-200-01, AND THE AIRCRAFT WAS RETURNED TOSERVICE. INVESTIGATION BY DESK AUDIT AND CLOSED.",BOEING,757232,,"Miscellaneous, Other;2530",,0.24940535604307534,0.0,2.2165790317166145,0.0,stable,unknown,mild_growth,unknown,ASIAS
20010422009379I,2.0,,Unknown,Night,UNK,PIC,Unknown,2001,4,"(-23)SMOKE IN CABIN DEPLANED PAX ON RUNWAY. BUSSED TO TERMINAL.  TAXIED TO RAMP.  LATER FERRIED TO HOME MAINTENANCE

(-23)SMOKE IN CABIN DEPLANED PAX ON RUNWAY. BUSSED TO TERMINAL.  TAXIED TO RAMP.  LATER FERRIED TO HOME MAINTENANCE FACILITY.  NO FURTHER ACTION.",CNDAIR,CL6002B19,,Undetermined;Undetermined,,1.0659623296931153,-9.302325581395344,2.2165790317166145,0.0,mild_growth,strong_decline,mild_growth,unknown,ASIAS
20010427007009I,2.0,,VMC,Daylight,UNK,Unknown,Unknown,2001,4,"(-23)ON 4-27-01, CHQA FLIGHT 4258, A SF-340-A, N148CQ, DEPARTED RUNWAY 28R AT PIT AND RETURNED TO LAND WITH A LANDI

(-23)ON 4-27-01, CHQA FLIGHT 4258, A SF-340-A, N148CQ, DEPARTED RUNWAY 28R AT PIT AND RETURNED TO LAND WITH A LANDING GEAR PROBLEM AT APPROXIMATELY 0830 LOCAL TIME. UPON LANDING, THE LEFT NOSE TIRE DEPARTED THE AIRPLANE AND SMASHED INTO A TAXIWAY SIGN.  FURTHER INVESTIGATION REVEALED THAT THE LEFT NOSE TIRE BEARING FAILED WHICH CAUSED FAILURE OF GEAR RETRACTION AND WHEEL SEPARATION UPON LANDING.  THE PASSENGERS AND CREW WERE NOT INJURED.  SUBMISSION OF THIS REPORT CLOSES THIS INCIDENT.",SAAB,SF340A,,"OPDEF, Other Than Pi;3246",,1.0659623296931153,-9.302325581395344,2.2165790317166145,0.0,mild_growth,strong_decline,mild_growth,unknown,ASIAS
20010523008789I,0.0,,Unknown,Unknown,UNK,Other,Unknown,2001,5,"(-23)SOMETIME DURING THE NIGHT, AN UNMANNED, UNCONTROLLED US AIRWAYS LAVATORY TRUCK ROLLED ACROSS TAXIWAYS ""G"" AND

(-23)SOMETIME DURING THE NIGHT, AN UNMANNED, UNCONTROLLED US AIRWAYS LAVATORY TRUCK ROLLED ACROSS TAXIWAYS ""G"" AND ""H"" AND STRUCK A PARKED SOUTHWEST AIRLINES B737 IN THE #2 ENGINE COWLING.  AIRCRAFT WAS TAKEN OUT OF SERVICE UNTIL COWLING REPLACEMENT WAS ACCOMPLISHED LATER THAT DAY.",BOEING,7377H4,,"Miscellaneous, Other;Defic, Co Maintain E",,1.1321702788353205,-4.70588235294117,2.2165790317166145,0.0,mild_growth,mild_decline,mild_growth,unknown,ASIAS
20010503008389I,2.0,,VMC,Unknown,UNK,Unknown,Unknown,2001,5,"(-23)ON SHORT FINAL WHEN GEAR WAS SELECTED DOWN THE #2 HYDRAULICS CONTENTS BEGAN TO FALL AND HYDRAULIC CAUTION LIGH

(-23)ON SHORT FINAL WHEN GEAR WAS SELECTED DOWN THE #2 HYDRAULICS CONTENTS BEGAN TO FALL AND HYDRAULIC CAUTION LIGHTS AND #2 HYDRAULIC ISO VALVE LIGHT ILLUMINATED. THE FLIGHT WENT AROUND, EMERGENCY PROCEDURES FOLLOWED, THE FLIGHT THEN LANDED AND TAXIED TO THE GATE.TWO HYDRAULIC LINES BEHIND #2 ENGIEN DEBRIS SHIELD WERE REMOVED AND REPLACED, LEAK CHECKED AND OPS CHECKED GOO I/A/W 32-10-00.  THIS INCIDENT IS CLOSED.",DHAV,DHC8102,,"OPDEF, Other Than Pi;2910",,1.1321702788353205,-4.70588235294117,2.2165790317166145,0.0,mild_growth,mild_decline,mild_growth,unknown,ASIAS
20010421012009I,2.0,,Unknown,Daylight,UNK,Unknown,Unknown,2001,4,"(-23)ON APRIL 21, 2001 VANGUARD AIRLINES FLIGHT 150, AIRCRAFT N131NJ, WAS SCHEDULED TO ENROUTE FORM MCI TO LGA. ON

(-23)ON APRIL 21, 2001 VANGUARD AIRLINES FLIGHT 150, AIRCRAFT N131NJ, WAS SCHEDULED TO ENROUTE FORM MCI TO LGA. ON INITAL CLIMB OUT, THE FORWARD CARGO WARNING ANNUNCIATOR ILLUMINATED, AND THE AIRCRAFT WOULD NOT PRESSURIZE.  NO EMERGENCY OR EQUIPMENT REQUESTED AND THE PILOT RETURNED THE AIRCRAFT TO MCI WITH NO FURTHER INCIDENT.  VANGUARD MAINTENANCE DICOVERED TWO SEPERATE DISCREPANCIES AND DEFERRED THE CARGO DOOR WARNING SYSTEM.  THE SECOND DISCREPANCY WAS THE MAIN FLOW VALVE LEVER IN MANUAL.  REPOSITIONED THE MAIN FLOW VALVE TO AUTO, AND PRESSURIZATION SYSTEM OPERATIONALLY TESTED NORMAL.  WITH THIS REPORT, INCIDENT NUMBER CE05200IAC0034 IS CONSIDERED CLOSED.",DOUG,DC983,,Improper Maintenance,,1.0659623296931153,-9.302325581395344,2.2165790317166145,0.0,mild_growth,strong_decline,mild_growth,unknown,ASIAS
20010517014939I,2.0,,Unknown,Daylight,UNK,Unknown,Unknown,2001,5,"(-23) ON MAY 17, 2001 AT 1949 EDT, N827EX, A DEHAVILLAND, DHC-8-102, S/N 390, OPERATED BY ALLEGHENY AIRLINES, LANDE

(-23) ON MAY 17, 2001 AT 1949 EDT, N827EX, A DEHAVILLAND, DHC-8-102, S/N 390, OPERATED BY ALLEGHENY AIRLINES, LANDED ON RUNWAY 16 AT EDWIN A. LINK/BROOME COUNTY AIRPORT, BINGHAMTON, NY (BGM) AFTER REPORTING A BLOWN LEFT MAIN TIRE ON TAKE-OFF FROM PITTSBURGH INTERNATIONAL AIRPORT, PITTSBURGH, PA. THE PILOT LANDED THE AIRCRAFT AND SHUT DOWN THE ENGINES ON THE RUNWAY.  THE AIRPORT TEMPORARILY CLOSED UNTIL AFTER THE PASSENGERS WERE DEPLANED (WITHOUT INJURY), THE BAGGAGE WAS REMOVED, THE ENGINES WERE RESTARTED AND THE PILOT TAXIED TO THE RAMP WITH NO FURTHER INCIDENT.  MAINTENANCE PERSONNEL REMOVED AND REPLACE THE INBOARD AND OUTBOARD LEFT MAIN WHEEL AND TIRE ASSEMBLIES, PERFORMED A SPECIAL INSPECTION FOR TIRE BURST AND EXCESSIVE BREAKING, AND RETURNED THE AIRCRAFT TO SERVICE.  THIS INCIDENT IS CONSIDERED CLOSED.",DHAV,DHC8102,,"OPDEF, Other Than Pi;3244",,1.1321702788353205,-4.70588235294117,2.2165790317166145,0.0,mild_growth,mild_decline,mild_growth,unknown,ASIAS
20010519011549I,2.0,,Unknown,Daylight,UNK,Other,2000-5000,2001,5,"(-23)AIRCRAFT WAS BEING PUSHED BACK FROM THE GATE, WHEN IT STRUCK THE CATERING TRUCK. MINOR DAMAGE TO THE AIRCRAFT,

(-23)AIRCRAFT WAS BEING PUSHED BACK FROM THE GATE, WHEN IT STRUCK THE CATERING TRUCK. MINOR DAMAGE TO THE AIRCRAFT, NO DAMAGE TO THE CATERING TRUCK.",DORNER,DO328100,,"Miscellaneous, Other;Fail Avd Objs Or Obs",,1.1321702788353205,-4.70588235294117,2.2165790317166145,0.0,mild_growth,mild_decline,mild_growth,unknown,ASIAS
20010602018459I,2.0,,Unknown,Daylight,UNK,Unknown,Unknown,2001,6,"(-23) NUMBER 4 BRAKE ASSEMBLY OVERHEATED AND CAUGHT FIRE DUE TO FAILURE OF FILTER FITTING P/N 20011-4-10W. FILTER A

(-23) NUMBER 4 BRAKE ASSEMBLY OVERHEATED AND CAUGHT FIRE DUE TO FAILURE OF FILTER FITTING P/N 20011-4-10W. FILTER ASSEMBLY BECAME DISLODGED AND BLOCKED THE ASSEMBLY NOT ALLOWING THE BRAKE TO RELEASE.  SDR SUBMITTED BY OPERATOR AND SAFETY RECOMMENDATION TO BE ACCOMPLISHED BY FSDO.",DHAV,DHC8102,,"OPDEF, Other Than Pi;3240",,0.24940535604307534,0.0,2.2165790317166145,0.0,stable,unknown,mild_growth,unknown,ASIAS
20010424016169I,2.0,,VMC,Daylight,UNK,Unknown,5000+,2001,4,"(-23) ON MAY 4, 2001, CAPTAIN FUSCO WAS GIVEN A SIMULATOR EVALUATION BY HIS COMPANY, ON CROSSWIND LANDINGS. THIS EV

(-23) ON MAY 4, 2001, CAPTAIN FUSCO WAS GIVEN A SIMULATOR EVALUATION BY HIS COMPANY, ON CROSSWIND LANDINGS. THIS EVALUATION WAS OBSERVED BY THE FAA AND THE RESULTS WERE SATISFACTORY.",DOUG,MD88,,Pilot Induced,,1.0659623296931153,-9.302325581395344,2.2165790317166145,0.0,mild_growth,strong_decline,mild_growth,unknown,ASIAS
20010427007099I,2.0,,Unknown,Daylight,UNK,Unknown,Unknown,2001,4,"(-23)ON APRIL 27, 2001, A DO-328-100, S/N 3028, REGISTERED AS N457PS AND BEING OPERATED AS VNAA FLIGHT 4022, HAD A

(-23)ON APRIL 27, 2001, A DO-328-100, S/N 3028, REGISTERED AS N457PS AND BEING OPERATED AS VNAA FLIGHT 4022, HAD A TIRE BLOW OUT ON TAKE OFF FROM ""PIT"". THE TAKE OFF CONTINUED, AND THE AIRCRAFT WENT TO HOLDING FOR APPROXIMATELY 45 MINUTES DUE TO A HIGH GROSS WEIGHT.  AFTER HOLDING TO BELOW LANDING WEIGHT, THE AIRCRAFT RETURNED TO ""PIT"" AND LANDED WITHOUT INCIDENT.  THE PASSENGERS WERE DEPLANNED ON THE RUNWAY DUE TO THE TIRE DAMAGE, AND THE AIRCRAFT WAS TOWED TO THE RAMP.  THE LEFT HAND MAIN INBOARD TIRE WAS CHANGED PER MM32-00-00.  IN ADDITION,A HYDRAULIC LEAK WAS FOUND IN THE MAIN WHEEL WELL DUE TO A LOOSE B  NUT THAT WAS RE-TORQUED AND LEAK CHECKED GOOD.  INVESTIGATION BY DESK AUDIT AND CLOSED.",DORNER,DO328100,,"OPDEF, Other Than Pi;3244",,1.0659623296931153,-9.302325581395344,2.2165790317166145,0.0,mild_growth,strong_decline,mild_growth,unknown,ASIAS
20010419018089I,2.0,,Unknown,Daylight,UNK,Unknown,Unknown,2001,4,"(-23) FLIGHT CREW DEPARTED FROM FLL UPON REACHING FL29,000 CABIN STARTED TO DEPRESSURIZE. CABIN REACHED FL11,000 FT

(-23) FLIGHT CREW DEPARTED FROM FLL UPON REACHING FL29,000 CABIN STARTED TO DEPRESSURIZE. CABIN REACHED FL11,000 FT. (02 MASKS DID NOT DROP).  AIRCRAFT RETURNED TO FLL.  ON ARRIVAL MAINTENANCE FOUND OUTFLOW VALVES CLOSED AND 1 AND 2 MODE ON STATUS PAGE.  RESET BOTH CABIN CONTROLLERS AND BITE CHECK CARRIED OUT NO FAULT FOUND, ALL DOOR SEALS INSPECTED AND PRESSURE CHECKED CARRIED OUT, SYSTEM FOUND SERVICEAGLE IAW AMM 21-31-02 AND 21-31-00 P501.  AIRCRAFT RETURNED TO SERVICE.",BOEING,75728A,,"OPDEF, Other Than Pi;2133",,1.0659623296931153,-9.302325581395344,2.2165790317166145,0.0,mild_growth,strong_decline,mild_growth,unknown,ASIAS
20010428007059I,2.0,,VMC,Daylight,UNK,Unknown,Unknown,2001,4,"(-23)ON APRIL 28, 2001, A DO-328-300, S/N 3108, REGISTERED AS N351SK, AND OPERATING AS S2YA FLIGHT 2213, DIVERTED T

(-23)ON APRIL 28, 2001, A DO-328-300, S/N 3108, REGISTERED AS N351SK, AND OPERATING AS S2YA FLIGHT 2213, DIVERTED TO ""PIT"" AFTER THE PILOT NOTED A DOOR OPEN WARNING. THE AIRCRAFT LANDED AND TAXIED TO THE GATE WITHOUT INCIDENT.  THE PILOT NOTED THE DOOR WARNING JUST AFTER LEVELING OFF AT 31,000 FEET.  THE QUICK REFERANCE HANDBOOK WAS FOLLOWED AND HE DIVERTED TO ""PIT"".  AT APPROXIAMTELY 3,000 FT., THE WARNING MESSAGE WENT OUT.  AFTER LANDING, MAINTENANCE WAS CALLED, PSA MX CHECKED AIRCRAFT WAS RETURNED TO SERVICE AND FLOWN TO MILWAUKEE WITHOUT PASSENGERS.  THIS INCIDENT IS CLOSED.",DORNER,DO328300,,Undetermined;5270,,1.0659623296931153,-9.302325581395344,2.2165790317166145,0.0,mild_growth,strong_decline,mild_growth,unknown,ASIAS
20010513012979I,2.0,,Unknown,Night,UNK,Unknown,Unknown,2001,5,"(-23)ON MAY 13, 2001 AT APPROXIMATELY 2200 HOURS, A FRONTIER AIRLINES B737-2Y5, FLIGHT 546, ENROUTE FROM DEN TO MDW

(-23)ON MAY 13, 2001 AT APPROXIMATELY 2200 HOURS, A FRONTIER AIRLINES B737-2Y5, FLIGHT 546, ENROUTE FROM DEN TO MDW, DECLARED AN EMERGENCY AND DIVERTED TO MCI, DUE TO THE SHUTDOWN OF THE #1 ENGINE. EMERGENCY FIRE AND RESCUE WERE ON STANDYBY.  DURING CRUISE, THE #1 ENGINE OIL FILTER BYPASS LIGHT ILLUMINATED AND WOULD NOT EXTINGUISH.  THE CREW FOLLOWED DIRECTIONS IN THE QRH AND PERFORMED AN ENGINE SHUTDOWN, AND DECLARED AN EMERGENCY.  THE AIRCRAFT LANDED WITHOUT INCIDENT.  CONTRACT MAINTENANCE PERSONNEL AT MCI PERFORMED AN ENGINE SHUTDOWN, AND DECLARED AN EMERGENCY,  THE AIRCRAFT LANDED WITHOUT INCIDENT.  CONTRACT MAINTENANCE PERSONNEL AT MCI PERFORMED TROUBLESHOOTING PROCEDURES AND DISCOVERED THE #1 ENGINE OIL FILTER WAS CLOGGED.  AFTER REPLACING THE FILTER, MAINTENANCE PERSONNEL PERFORMED A BREATHER PRESSURE TEST, WHICH CHECKED GOOD.  THE AIRCRAFT WAS RETURNED TO SERVICE.  THIS REPORT, INCIDENT NUMBER CE2001IAC0039 IS CONSIDERED CLOSED.",BOEING,7372Y5,,"OPDEF, Other Than Pi;7261",,1.1321702788353205,-4.70588235294117,2.2165790317166145,0.0,mild_growth,mild_decline,mild_growth,unknown,ASIAS
20010607012519I,2.0,,Unknown,Daylight,UNK,Unknown,Unknown,2001,6,"(-23) ON JUNE 7, 2001, VANGUARD AIRLINES FLIGHT 408, AIRCRAFT N5WM A B-737-297, WAS SCHEDULED TO ENROUTE FROM MCI T

(-23) ON JUNE 7, 2001, VANGUARD AIRLINES FLIGHT 408, AIRCRAFT N5WM A B-737-297, WAS SCHEDULED TO ENROUTE FROM MCI TO LAS. AFTER TAKE OFF THE CREW HAD INDICATION THAT THE ""A"" SYSTEM HYDRAULICS HAD FAILED.  AN EMERGENCY WAS DECLARED AND THE PILOT RETURNED THE AIRCRAFT TO MCI WITH NO FURTHER INCIDENT.  VANGUARD MAINTENANCE INSPECTED THE ""A"" SYSTEM AND FOUND A LEAK IN THE FORWARD LEFT HAND MAIN WHEEL WELL.  VANGUARD MAINTENANCE REMOVED AND REPLACED A HYDRAULIC LINE IN THE ""A"" SYSTEM, LOCATED IN THE LEFT MAIN WHEEL WELL, IN ACCORDANCE WITH BOEING MAINTENANCE MANUAL 20-00.  THE SYSTEM PASSED OPERATIONAL TEST AND THE ARICRAFT WAS RETURNED TO SERVICE.  WITH THIS REPORT, INCIDENT NUMBER CE05200IAC0044 IS CONSIDERED CLOSED.",BOEING,737297,,"OPDEF, Other Than Pi;2910",,0.24940535604307534,0.0,2.2165790317166145,0.0,stable,unknown,mild_growth,unknown,ASIAS
20010616012409I,2.0,,Unknown,Daylight,UNK,Unknown,Unknown,2001,6,"(-23) ON JUNE 16, 2001, AT 1635E, A D0-328, S/N 3018, REGISTERED AS N422JS AND OPERATING AS VNAA FLIGHT #4071, ABOR

(-23) ON JUNE 16, 2001, AT 1635E, A D0-328, S/N 3018, REGISTERED AS N422JS AND OPERATING AS VNAA FLIGHT #4071, ABORTED TAKEOFF WHEN THE LEFT INBOARD TIRE BLEW ON THE TAKE OFF ROLL. AT 100KTS, AND ABOUT THE 4000 FT. MARKER THE CREW REPORTED THAT THE AIRCRAFT ""SHOOK VERY BADLY"".  THE TAKEOFF WAS ABORTED AND THE AIRCRAFT TAXIED OFF THE RUNWAY AND STOPPED ON TAXIWAY E2.  ARRF WAS CALLED TO THE AIRCRAFT TO CHECK THE AIRCRAFT.  THE PASSENGERS WERE BUSED TO THE RAMP AND MAINTENANCE REPLACED THE TIRE AND TOWED THE AIRCRAFT TO THE RAMP.  MINOR DAMAGE TO THE WHEEL WELL AND GEAR DOOR TO BE EVALUATED AND REPAIR PROGRAM TO BE DETERMINED.  INVESTIGATION BY DESK AUDIT AND CLOSED.",DORNER,DO328100,,"OPDEF, Other Than Pi;3244",,0.24940535604307534,0.0,2.2165790317166145,0.0,stable,unknown,mild_growth,unknown,ASIAS
20010711020119I,2.0,,VMC,Unknown,UNK,Unknown,Unknown,2001,7,"(-23) AIRCRAFT WAS AT FL350 APPROX 20 MINUTES, WHEN THE CABIN WARNING SOUNDED, CABIN ALTITUDE WAS AT 11,000 FEET AN

(-23) AIRCRAFT WAS AT FL350 APPROX 20 MINUTES, WHEN THE CABIN WARNING SOUNDED, CABIN ALTITUDE WAS AT 11,000 FEET AND CLIMBING. CREW INITIATED DESCENT. CABIN ALTITUDE CONTINUED TO CLIMB TO APPROXIMATELY 20,000 FEET. PASSENGER OXYGEN DEPLOYED.  CREW NOTICED RIGHT PRESSURIZATION PACK DUCT PRESSURE SHOWED ZERO PRESSURE.  AIRCRAFT UNABLE TO HOLD CABIN PRESSURE ON ONE PACK AND THERE WAS A LOUD PRESSURIZATION SQUEAL DURING DESCENT AT THE FORWARD ENTRY DOOR.  SWA FOUND RIGHT ENGINE PRSOV VALVE INOP. AIRCRAFT WAS MAINTENANCE FERRIED TO PHX WHERE THE RIGHT ENGINE PRSOV VALVE WAS REPLACED, TWO BLEED LINES WERE REPLACED AND THE OUTFLOW VALVE WAS REPLACED.  FORWARD ENTRY DOOR SEAL WAS RESEATED.  AIRCRAFT WAS OPS CHECKED AND RETURNED TO SERVICE. CLOSED.",BOEING,7373Y0,,"OPDEF, Other Than Pi;2133",,-1.18716887635415,0.0,-10.617044927479268,0.0,mild_decline,unknown,strong_decline,unknown,ASIAS
20010630018229I,2.0,,Unknown,Daylight,UNK,Unknown,Unknown,2001,6,"(-23) ON SATURDAY, JUNE 30, 2001, NORTHWEST AIRLINES, FLIGHT 1144, A DC-9-41, N763NW, DEPARTED SYRACUSE HANCOCK INT

(-23) ON SATURDAY, JUNE 30, 2001, NORTHWEST AIRLINES, FLIGHT 1144, A DC-9-41, N763NW, DEPARTED SYRACUSE HANCOCK INTERNATIONAL AIRPORT (SYR), SYRACUSE, NEW YORK. PAGE 3891916 OF THE LOG STATES: ""CLIMBING OUT OF SYR L CSD OIL PRESSURE ANNUNCIATOR ILLUMINATED. TRIED TO DISCONNECT: DID NOT WORK.  RESET CB THEN TRIED AGAIN; DID NOT WORK. WHILE IN PRECAUTIONARY ENGINE SHUTDOWN CHECK LIST CSD DID DISCONNECT WITH N1 ON LEFT ENGINE DECREASING 20%. SHUTDOWN ENGINE."" MAINTENANCE OPENED THE LEFT HAND COWL AND INSPECTED THE ENGINE AND FOUND POPPED CSD CLOG FILTER INDICATOR.  CSD AND GENERATOR CHANGED.  OPS CHECKED OKAY.  THE AIRCRAFT WAS RETURNED TO SERVICE.  THIS INCIDENT IS CONSIDERED CLOSED.",DOUG,DC941,,"OPDEF, Other Than Pi;2410",,0.24940535604307534,0.0,2.2165790317166145,0.0,stable,unknown,mild_growth,unknown,ASIAS
20010710016049I,2.0,,VMC,Daylight,UNK,Unknown,Unknown,2001,7,"(-23) ON JULY 10, 2001, AT 1450 EST, TRANS WORLD EXPRESS AIRLINES FLIGHT #5291, AN EMB 145, ABORTED TAKE-OFF ON RUN

(-23) ON JULY 10, 2001, AT 1450 EST, TRANS WORLD EXPRESS AIRLINES FLIGHT #5291, AN EMB 145, ABORTED TAKE-OFF ON RUNWAY 28R DUE TO A FAULTY NAVIGATIONAL LIGHT. NO ASSISTANCE WAS REQUESTED AND THE AIRCRAFT TAXIED TO THE RAMP WITHOUT INCIDENT.  DEFERRED PER RADIO COMMUNICATIONS.  OPENED DMI #42647 AS PER MEL #33-43-00-2 CAT C. FLIGHT CONTINUED TO DESTINATION AFTER DEFERRAL. COPY OF LOG PAGE #678564 ENCLOSED.  THIS INCIDENT IS CLOSED.",EMB,EMB145,,"OPDEF, Other Than Pi;3340",,-1.18716887635415,0.0,-10.617044927479268,0.0,mild_decline,unknown,strong_decline,unknown,ASIAS
20010619013379I,2.0,,Unknown,Night,UNK,Unknown,Unknown,2001,6,"(-23) ON JUNE 19, 2001, AT APPROXIMATELY 1827 CDT, NORTHWEST AIRLINES FLIGHT 1524, A DC-9, N760NW, DEPARTED KANSAS

(-23) ON JUNE 19, 2001, AT APPROXIMATELY 1827 CDT, NORTHWEST AIRLINES FLIGHT 1524, A DC-9, N760NW, DEPARTED KANSAS CITY INTERNATIONAL AIRPORT, KANSAS CITY, MISSOURI, (MCI). DURING CLIMB, NOSE GEAR UNSAFE LIGHT CAME ON AND AIRCRAFT DID NOT PRESSURIZE.  FLIGHT RETURNED TO MCI.  NOSE GEARSTRUT WAS FOUND LOW.  LEAKING SCRADER VALVE WAS REPLACED AND STRUT SERVICED.  GEAR WAS SWUNG AND THE AIRCRAFT RETURNED TO SERVICE.  INCIDENT #CE2001IAC0048 IS CONSIDERED CLOSED WITH THIS REPORT.",DOUG,DC941,,"OPDEF, Other Than Pi;3222",,0.24940535604307534,0.0,2.2165790317166145,0.0,stable,unknown,mild_growth,unknown,ASIAS
20010621017489I,2.0,,Unknown,Daylight,UNK,Unknown,5000+,2001,6,"(-23) SHORTLY AFTER TAKEOFF THE FLIGHT CREW NOTICED AN ODOR IN THE COCKPIT. THE FLIGHT ATTENDANTS (F/AS) CONFIRMED

(-23) SHORTLY AFTER TAKEOFF THE FLIGHT CREW NOTICED AN ODOR IN THE COCKPIT. THE FLIGHT ATTENDANTS (F/AS) CONFIRMED THIS BY ALERTING THE COCKPIT. SEVERAL PASSENGERS ALSO REPORTED THIS TO THE F/AS. F/AS ALSO REPORTED THAT THE SIDE WALLS AND CEILING SEEMED WARMER THAN USUAL.  THE CAPTAIN REPORTED THIS TO ATC AND ASKED TO RETURN TO LGA.  THE F/A THEN REPORTED THAT THE FLOOR IN THE SAME AREA WAS HOT.  THE CAPTAIN THEN DECLARED AN EMERGENCY.  THE AIRCRAFT LANDED AT LG.  THE FIRE CHIEF REPORTED THAT THERE WAS NO INDICATION OF FIRE AROUND THE AIRCRAFT.  THE FLIGHT ATTENDANTS THEN REPORTED A HAZE OR SMOKE IN THE REAR CABIN OF THE AIRCRAFT. THE CAPTAIN ELECTED TO DEPLANE THE PASSENGERS.  EVERYONE EXITED THE AIRCRAFT THROUGH THE ""R1"" DOOR WHICH WAS PROVIDED BY THE PORT AUTHORITY. THE AIRCRAFT WAS TAXIED TO THE GATE.  DELTA MECHANICS FOUND NO DISCREPANCIES.  THE AIRCRAFT WAS TEST FLOWN, SIGNED OFF, AND WAS RETURNED TO SERVICE.",BOEING,737832,,Undetermined,,0.24940535604307534,0.0,2.2165790317166145,0.0,stable,unknown,mild_growth,unknown,ASIAS
20010710018409I,2.0,,Unknown,Daylight,UNK,Unknown,Unknown,2001,7,"(-23) FLIGHT EIGHTY-ONE ENROUTE ST. LOUIS, MO, TO ANCHORAGE, AK, DIVERTED INTO OMAHA, NE, WITH THE NUMBER TWO ENGIN

(-23) FLIGHT EIGHTY-ONE ENROUTE ST. LOUIS, MO, TO ANCHORAGE, AK, DIVERTED INTO OMAHA, NE, WITH THE NUMBER TWO ENGINE SHUT DOWN DUE TO LOSS OF OIL PRESSURE. COMPANY MECHANICS REPLACED THE RIGHT ENGINE DEOILER GARLOCK SEA.",BOEING,7572Q8,,"OPDEF, Other Than Pi;7261",,-1.18716887635415,0.0,-10.617044927479268,0.0,mild_decline,unknown,strong_decline,unknown,ASIAS
20010630038029I,2.0,,Unknown,Unknown,UNK,Other,Unknown,2001,6,"(-23) ^PRIVACY DATA OMITTED^

(-23) ^PRIVACY DATA OMITTED^",,,,"Miscellaneous, Other;Cntl Intfr By Passen",,0.24940535604307534,0.0,2.2165790317166145,0.0,stable,unknown,mild_growth,unknown,ASIAS
20010612012729I,2.0,,IMC,Unknown,UNK,Unknown,5000+,2001,6,"(-23) WHILE CONDUCTING A MISSED APPROACH THE NUMBER ONE ENGINE NOSE CONE CAME OFF IN FLIGHT DUE TO MOUNTING FAILURE

(-23) WHILE CONDUCTING A MISSED APPROACH THE NUMBER ONE ENGINE NOSE CONE CAME OFF IN FLIGHT DUE TO MOUNTING FAILURE.",BOEING,7372Q8C,,"OPDEF, Other Than Pi;7220",,0.24940535604307534,0.0,2.2165790317166145,0.0,stable,unknown,mild_growth,unknown,ASIAS
20010603012439I,2.0,,Unknown,Daylight,UNK,Unknown,Unknown,2001,6,"(-23)ON JUNE 3, 2001, AT 1335E, A DO-328-100, REGISTERED AS N442JS AND OPERATING AS VNAA FLIGHT #4021 LANDED AT ""PI

(-23)ON JUNE 3, 2001, AT 1335E, A DO-328-100, REGISTERED AS N442JS AND OPERATING AS VNAA FLIGHT #4021 LANDED AT ""PIT"" AFTER REPORTING A NOSE LANDING GEAR UNSAFE INDICATION. THE CREW NOTED THAT THE NOSE DOWN AND LOCKED LIGHT DID NOT LIGHT AFTER LANDING GEAR EXTENTSION.  THE ""QRH"" WAS FOLLOWED AND IT WAS FOUND TO BE A LAMP PROBLEM.  THE AIRCRAFT LANDED AND TAXIED TO THE GATE WITHOUT INCIDENT.  MAINTENANCE RE-LAMPED THE INDICATOR AND THE AIRCRAFT WAS RETURNED TO SERVICE.  INVESTIGATION BE DESK AUDIT AND CLOSED.",DORNER,DO328100,,"OPDEF, Other Than Pi;3260",,0.24940535604307534,0.0,2.2165790317166145,0.0,stable,unknown,mild_growth,unknown,ASIAS
20010612016089I,2.0,,Unknown,Daylight,UNK,Unknown,Unknown,2001,6,"(-23) TWA FLIGHT 581 FROM SAINT LOUIS TO DENVER, DURING DESCENT, THE RIGHT ENGINE THRUST REVERSER UNLOCK LIGHT CAME

(-23) TWA FLIGHT 581 FROM SAINT LOUIS TO DENVER, DURING DESCENT, THE RIGHT ENGINE THRUST REVERSER UNLOCK LIGHT CAME ON AND WENT OFF WHEN ENGINE WAS SET TO IDLE. WHEN THE ENGINE WAS RETURNED TO NORMAL POWER SETTING THE THRUST REVERSER APPEARED TO DEPLOY AND THE BLUE REVERSER OPERATING LIGHT CAME ON.  THE CREW COULD NOT STOW THE REVERSER, SO THEY SHUT DOWN THE RIGHT ENGINE AND LANDED AT DENVER WITHOUT ANY FURTHER PROBLEMS.  TWO FLEW A MAINTENANCE CREW TO DENVER TO TROUBLE SHOOT AND REPAIR THE AIRCRAFT.  THEY REPLACED THE THRUST REVERSER P/N 80886, THRUST REVERSER CONTROL UNIT P/B 82432, AND LATCH CABLE P/N 2291072.  PRESENTLY, NO DEFECTS HAVE BEEN FOUND ON ANY OF THE PARTS AT THIS TIME.  THE CONTROL UNIT, P/N 82432, WAS SENT TO THE MANUFACTURER FOR FURTHER TESTING AND TWA PERSONNEL REPLACED ALL OF THE WIRING AND CONNECTORS ON THE THRUST REVERSER ASSEMBLY.  TWA MAINTENANCE WILL NOTIFY THE FAA WITH AN M&D REPORT IF ANY DEFECTS ARE FOUND ON THE CONTROLLER OR ANY OTHER COMPONENT.  THE AIRCRAFT HAS BEEN OPERATING NORMALLY WITHOUT ANY FURTHER PROBLEMS TO THE THRUST REVERSER SYSTEM AS OF THIS DATE JULY 3, 2001.",DOUG,DC982,,Undetermined;7830,,0.24940535604307534,0.0,2.2165790317166145,0.0,stable,unknown,mild_growth,unknown,ASIAS
20010707021829I,2.0,,Unknown,Daylight,UNK,Unknown,Unknown,2001,7,"(-23) ON SATURDAY, JULY 7, 2001 AT 8:04 AM EDT, A DC-9-82, N413AA, OPERATED BY AMERICAN AIRLINES AS FLIGHT #307, DE

(-23) ON SATURDAY, JULY 7, 2001 AT 8:04 AM EDT, A DC-9-82, N413AA, OPERATED BY AMERICAN AIRLINES AS FLIGHT #307, DEPARTED LGA BOUND FOR ORD. AT THE END OF THE CLIMBOUT, THE CO-PILOT NOTICED THE BATTERY CHARGER LIGHT ILLUMINATED. THE FLIGHT ATTENDANT REPORTED NUMEROUS CABIN LIGHTING INOPERATIVE. THE CO-PILOT RAN THE CHECKLIST. HE WAS UNABLE TO RECTIFY THE SITUATION. DISPATCH AND TULSA MAINTENANCE WERE CONTACTED. THEY WERE UNABLE TO RECTIFY IT ALSO. AT THIS TIME, BUFFALO WAS 88 NAUTICAL MILES AHEAD AND THE DECISION WAS MADE TO LAND THERE BEFORE GETTING INTO WEATHER. BUFFALO FBO, PRIOR AVIATION, WORKING AT THE DIRECTION OF MAINTENANCE CONTROL, REMOVED AND REPLACED THE BATTERY CHARGER AND LEFT AND RIGHT BATTERY. AN OPERATIONAL CHECK WAS NORMAL AND THE AIRCRAFT WAS RETURNED TO SERVICE. THIS INCIDENT IS CONSIDERED CLOSED.",DOUG,DC982,,"OPDEF, Other Than Pi;2432",,-1.18716887635415,0.0,-10.617044927479268,0.0,mild_decline,unknown,strong_decline,unknown,ASIAS
20010711015779I,2.0,,Unknown,Daylight,UNK,Unknown,Unknown,2001,7,"(-23) FLAPS FAILED TO EXTEND DURING APPROACH. THE FLAPS STOPPED EXTENDING AT APPROXIMATELY 2.2 DEGREES. POST LANDIN

(-23) FLAPS FAILED TO EXTEND DURING APPROACH. THE FLAPS STOPPED EXTENDING AT APPROXIMATELY 2.2 DEGREES. POST LANDING EXAMINATION REVEALED THAT # 3 FLAP TRANSMISSION FAILED (OUTBOARD LEFT HAND INBOARD FLAP).",BOEING,7373H4,,"OPDEF, Other Than Pi;2750",,-1.18716887635415,0.0,-10.617044927479268,0.0,mild_decline,unknown,strong_decline,unknown,ASIAS
20010611010319I,2.0,,VMC,Night,UNK,Unknown,Unknown,2001,6,"(-23)ON JUNE 11, 2001, A DO-328-100, S/N 3048, REGISTERED AS N457PS AND OPERATED AS VNAA FLIGHT #4076 DEPARTED PIT

(-23)ON JUNE 11, 2001, A DO-328-100, S/N 3048, REGISTERED AS N457PS AND OPERATED AS VNAA FLIGHT #4076 DEPARTED PIT WHEN THE CREW RECEIVED A CARGO FIRERED WARNING PANEL ALERT. THEY THEN STOPPED THE CLIMB, WENT THROUGH THE EMERGENCY PROCEDURES AND RETURNED TO PIT LANDING ON RUWAY 10L.  ONCE ARRIVING AT PIT SAFELY, THE CREW EVACUATED THE AIRCRAFT ON THE RUNWAY WHILE THE EMERGENCY VEHCLES WERE STANDING BY.  THERE WERE NO INJURIES DURING THE EVENT AND THE CAPTAIN REPORTED AN ORDERLY EVACUATION.  A FAULTY SMOKE DETECTOR WAS FOUND TO BE THE PROBLEM AND WILL BE REPLACED.  INVESTIGATION BY DESK AUDIT AND CLOSED.",DORNER,DO328100,,"OPDEF, Other Than Pi;2611",,0.24940535604307534,0.0,2.2165790317166145,0.0,stable,unknown,mild_growth,unknown,ASIAS
20010614018359I,2.0,,Unknown,Daylight,UNK,Unknown,Unknown,2001,6,"(-23) AIRCRAFT INBOUND TO LINCOLN, NE, FROM MINNEAPOLIS, MN. THE LEFT ENGINE OIL PRESSURE WENT TO ZERO.  THE FLIGHT

(-23) AIRCRAFT INBOUND TO LINCOLN, NE, FROM MINNEAPOLIS, MN. THE LEFT ENGINE OIL PRESSURE WENT TO ZERO.  THE FLIGHT CREW SHUT DOWN THE ENGINE AND LANDED WITHOUT INCIDENT.  CONTRACT MAINTENANCE RE-SECURED THE PRESSURE TRANSMITTER CANNON PLUG AND APPROVED THE AIRCRAFT FOR RETURN TO SERVICE.",CESSNA,340A,,"OPDEF, Other Than Pi;7931",,0.24940535604307534,0.0,2.2165790317166145,0.0,stable,unknown,mild_growth,unknown,ASIAS
20010711015979I,2.0,,VMC,Daylight,UNK,Unknown,Unknown,2001,7,"(-23) AIRCRAFT N161YV, FLIGHT #5567 ABORTED TAKE OFF RUNWAY 28R PIT, DUE TO RIGHT BLEED AIR AND RIGHT ENVIRONMENTAL

(-23) AIRCRAFT N161YV, FLIGHT #5567 ABORTED TAKE OFF RUNWAY 28R PIT, DUE TO RIGHT BLEED AIR AND RIGHT ENVIRONMENTAL FAIL ADVISORY LIGHTS ILLUMINATING. MIS REPORT ISSUED.  CREW WROTE UP DISCREPANCY.  MAINTENANCE DEFERRED RIGHT ENVIR. SYSTEM I/A/W MMEL.  INFORMATION PROVIDED BY ROY MAINT CONTROL SUPERVISOR @ ^PRIVACY DATA^ AIR MIDWEST.  AIRCRAFT RETURNED TO SERVICE. PILOT ACTIONS OR LACK OF ACTIONS DID NOT CONTRIBUTE TO THIS INCIDENT.",BEECH,1900D,,"OPDEF, Other Than Pi;2100",,-1.18716887635415,0.0,-10.617044927479268,0.0,mild_decline,unknown,strong_decline,unknown,ASIAS
20010704018429I,2.0,,Unknown,Daylight,UNK,Unknown,Unknown,2001,7,"(-23) AIRCRAFT ABORTED TAKEOFF DUE TO A LOUD BANG WAS HEARD BY THE CREW AND THE FORWARD CARGO DOOR OPEN LIGHT ILLUM

(-23) AIRCRAFT ABORTED TAKEOFF DUE TO A LOUD BANG WAS HEARD BY THE CREW AND THE FORWARD CARGO DOOR OPEN LIGHT ILLUMINATED. THE AIRCRAFT TAXIED  BACK TO THE RAMP UNEVENTFUL. DURING A WALK AROUND INSPECTION, THEY FOUND THE RIGHT ENGINE HAD A TURBINE FAILURE.  A CLOSER INSPECTION OF THE AFT SECTION OF THE TURBINE REVEALED THE 4TH STAGE HAD COMPLETELY DISINTEGRATED BUT REMAINED SELF CONTAINED IN THE AFT SECTION OF THE ENGINE.  THE TURBINE BLADES HAD BECOME COMPLETELY SEPARATED FROM THE RING.  METAL WAS REPORTED OUT ON THE RUNWAY HOWEVER NO METAL PIERCED THROUGH THE SIDE OF THE COWL.  ALL PASSENGERS AND CREW WERE ABLE TO EXIT THE AIRCRAFT THROUGH NORMAL MEANS AND NO INJURIES WERE REPORTED.",BOEING,737282,,"OPDEF, Other Than Pi;7250",,-1.18716887635415,0.0,-10.617044927479268,0.0,mild_decline,unknown,strong_decline,unknown,ASIAS
20010702018369I,2.0,,Unknown,Daylight,UNK,Unknown,Unknown,2001,7,"(-23) SWAA FLIGHT 1594 WAS ENROUTE LAS VEGAS, NV, TO OMAHA, NE, AT FL370 WHEN THE AIRCRAFT LOST PRESSURIZATION. THE

(-23) SWAA FLIGHT 1594 WAS ENROUTE LAS VEGAS, NV, TO OMAHA, NE, AT FL370 WHEN THE AIRCRAFT LOST PRESSURIZATION. THE CREW BEGAN AN EMERGENCY DESCENT AND LEVELED OFF AT FL250 WHEN THE PRESSURIZATION STABILIZED.  THE FLIGHT LANDED AT OMAHA, NE.  CONTRACT MAINTENANCE DEFERRED THE WRITE-UP PER MEL 21-14, SPECIAL PROVISIONS 1 AND 21.  COMPANY MAINTENANCE LATER REMOVED AND REPLACED THE CABIN PRESSURE CONTROLLER, AND THE CABIN PRESSURE CONTROL PANEL.",BOEING,737500,,"OPDEF, Other Than Pi;2131",,-1.18716887635415,0.0,-10.617044927479268,0.0,mild_decline,unknown,strong_decline,unknown,ASIAS
20010615012969I,2.0,,Unknown,Daylight,UNK,Unknown,Unknown,2001,6,"(-23)ON JUNE 15, 2001, TRANS MERIDIAN AIRLINES, FLIGHT TRZ2366, AIRCRAFT 910PG A B-727, WAS SCHEDULED TO ENROUTE FR

(-23)ON JUNE 15, 2001, TRANS MERIDIAN AIRLINES, FLIGHT TRZ2366, AIRCRAFT 910PG A B-727, WAS SCHEDULED TO ENROUTE FROM ZIH TO ORD. DURING CRUISE, THE CREW HAD A LOW OIL QUANTITY INDICATION FOR NUMBER ONE ENGINE.  NO EMERGENCY WAS DECLARED AND THE PILOT DIVERTED THE AIRCRAFT TO MCI WITH NO FURTHER INCIDENT.  TRANS WORLD AIRLINES (TWA) MAINTENANCE INSPECTED THE NUMBER ONE ENGINE AND FOUND NO EXTERNAL LEAKAGE AND THAT THE ENGINE HAD EXCESSIVE OIL CONSUMPTION.  TWA MAINTENANCE SERVICED THE OIL QUANTITY, PERFORMED AN OPERATIONAL TEST AND THE AIRCRAFT WAS RETURNED TO SERVICE.  WITH THIS REPORT, INCIDENT NUMBER CE052001IAC0047 IS CONSIDERED CLOSED.",BOEING,737200,,"OPDEF, Other Than Pi;7200",,0.24940535604307534,0.0,2.2165790317166145,0.0,stable,unknown,mild_growth,unknown,ASIAS
20010623021259I,2.0,,VMC,Daylight,UNK,Unknown,500-2000,2001,6,"(-23) ON LANDING APPROACH, APPROXIMATELY 6 MILES OUT, THE AIRCRAFT STARTED SHAKING VIOLENTLY. AFTER A COUPLE SECOND

(-23) ON LANDING APPROACH, APPROXIMATELY 6 MILES OUT, THE AIRCRAFT STARTED SHAKING VIOLENTLY. AFTER A COUPLE SECONDS, THE RIGHT HAND TORQUE GAUGE STARTED TO FLUCTUATE BETWEEN 60% AND 20% TORQUE. SHUT DOWN THE RIGHT ENGINE AND THE VIOLENT SHAKING STOPPED. LANDED WITHOUT INCIDENT, HOWEVER, ONCE ON THE GROUND NOTED THE #4 PROPELLER BLADE HAD FAILED TO FEATHER.",SAAB,340B,,"OPDEF, Other Than Pi;6120",,0.24940535604307534,0.0,2.2165790317166145,0.0,stable,unknown,mild_growth,unknown,ASIAS
20010710018289I,2.0,,Unknown,Daylight,UNK,Unknown,Unknown,2001,7,"(-23) ON JULY 10, 2001, VANGUARD AIRLINES FLIGHT 105, AIRCRAFT N131NJ A DC-9-83, WAS SCHEDULED TO ENROUTE FROM MCI

(-23) ON JULY 10, 2001, VANGUARD AIRLINES FLIGHT 105, AIRCRAFT N131NJ A DC-9-83, WAS SCHEDULED TO ENROUTE FROM MCI TO LAX. AFTER TAKE OFF THE CREW HEARD A LOUD NOISE IN THE COCKPIT.  THE PILOT DECLARED AN ALERT ONE, NO EMERGENCY WAS DECLARED AND THE PILOT RETURNED THE AIRCRAFT TO MCI WITH NO FURTHER INCIDENT.  VANGUARD MAINTENANCE INSPECTED THE NOSE OF THE AIRCRAFT AT THE NOSE WHEEL WELL AND FOUND THAT THE RIGHT NOSE LANDING GEAR DOOR HAD COME UNLATCHED. VANGUARD MAINTENANCE RE-LATCHED THE NOSE WHEEL WELL DOOR AND INSPECTED IT FOR SECURITY WITH NO FURTHER DEFECTS FOUND.  THE AIRCRAFT WAS DETERMINED SAFE AND RETURNED TO SERVICE. WITH THIS REPORT, INCIDENT NUMBER CE05200IAC0053 IS CONSIDERED CLOSED.",DOUG,DC983,,"OPDEF, Other Than Pi;5280",,-1.18716887635415,0.0,-10.617044927479268,0.0,mild_decline,unknown,strong_decline,unknown,ASIAS
20010614011969I,2.0,,VMC,Daylight,UNK,Unknown,Unknown,2001,6,"(-23)FLT 457 WAS ENROUTE FROM ST. LOUIS, MO. TO DENVER CO. WHEN THE AFT BAGGAGE SMOKE DETECTOR ILLUMINATED. CAPT ^P

(-23)FLT 457 WAS ENROUTE FROM ST. LOUIS, MO. TO DENVER CO. WHEN THE AFT BAGGAGE SMOKE DETECTOR ILLUMINATED. CAPT ^PRIVACY^ DECLAIRED AN EMERGENCY AND WAS DIRECTED FROM KANSAS CITY CENTER TO LAND TO SALINA, KS. THE LANDING WAS UNEVENTFUL AND THE PASSENGERS DEPARTED THE AIRCRAFT.  THE BAGGAGE AREA WAS UNLOADED AND CHECKED FOR HOT SPOTS WITH AN IMAGING CAMERA.  THERE WAS NONE FOUND.  THE BAGGAGE AREA WAS STACKED TO THE CELING AND MAY HAVE SMOTHERED THE DETECTOR.  THE CAPTAIN ELECTED TO MEL THE DETECTOR, LOADED BAGGAGE AND PASSENGERS AND CONTINUED HIS FLIGHT WITH NO FURTHER INCIDENTS.",DOUG,DC983,,"OPDEF, Other Than Pi;2611",,0.24940535604307534,0.0,2.2165790317166145,0.0,stable,unknown,mild_growth,unknown,ASIAS
20010707030149I,2.0,,Unknown,Unknown,UNK,Other,Unknown,2001,7,"(-23) ^PRIVACY DATA OMITTED^

(-23) ^PRIVACY DATA OMITTED^",BOEING,737,,"Miscellaneous, Other;Cntl Intfr By Passen",,-1.18716887635415,0.0,-10.617044927479268,0.0,mild_decline,unknown,strong_decline,unknown,ASIAS
20010706016349I,2.0,,Unknown,Daylight,UNK,Unknown,Unknown,2001,7,"(-23) ON JULY 15, 2001 AT 0006Z, FLIGHT 5278, A EMB-145, N801HK, REGISTERED TO TRANS STATES AIRLINE. DURING CLIMB,

(-23) ON JULY 15, 2001 AT 0006Z, FLIGHT 5278, A EMB-145, N801HK, REGISTERED TO TRANS STATES AIRLINE. DURING CLIMB, SMOKE ENTERED COCKPIT AND CABIN AREA.  THE PILOT TOOK STANDARD PROCEDURE.  THE AIRCRAFT RETURNED TO GRR AND CREW DECLARED AN EMERGENCY. THE AIRCRAFT WAS EVACUATED ON TAXIWAY, USED NORMAL CABIN ENTRANCE.",EMB,EMB145,,"OPDEF, Other Than Pi;4920",,-1.18716887635415,0.0,-10.617044927479268,0.0,mild_decline,unknown,strong_decline,unknown,ASIAS
20010618013209I,2.0,,VMC,Daylight,UNK,Unknown,Unknown,2001,6,"(-23)DELTA FLT 2120, B-757 DENCVG RETURNED TO DEN AT APPROX 1359MDT AFTER A #2 ENGINE FAILURE IN CLIMB AT FL170. IN

(-23)DELTA FLT 2120, B-757 DENCVG RETURNED TO DEN AT APPROX 1359MDT AFTER A #2 ENGINE FAILURE IN CLIMB AT FL170. INVESTIGATION SHOWED A CONTAINED FAILURE OF THE LAST THREE STAGES OF THE TURBINE.  CREW INDICATION WAS A HIGH EGT AND FIRE WARNING AT THE TIME OF THE FAILURE.  BOTH FIRE BOTTLES WERE DISCHARGED, ALTHOUGH INVESTIGATION SHOWED NO INDICATION OF ANY FIRE.  THE AIRCRAFT LANDED DEN WITHOUT FURTHER INCIDENT AND CONDUCTED A NORMAL PAX DEPLANE AT THE GATE.",BOEING,757232,,"OPDEF, Other Than Pi;7250",,0.24940535604307534,0.0,2.2165790317166145,0.0,stable,unknown,mild_growth,unknown,ASIAS
20010710020849I,2.0,,Unknown,Daylight,UNK,Unknown,2000-5000,2001,7,"(-23) PILOT INITIATED PRECAUTIONARY ENGINE SHUT DOWN DUE TO FLUCTUATING PROPELLER GEARBOX OIL PRESSURE INDICATIONS.

(-23) PILOT INITIATED PRECAUTIONARY ENGINE SHUT DOWN DUE TO FLUCTUATING PROPELLER GEARBOX OIL PRESSURE INDICATIONS. AIRCRAFT DIVERTED TO EVANSVILLE, INDIANA (EVV) WITHOUT FURTHER INCIDENT.",SAAB,SF340A,,"OPDEF, Other Than Pi;6140",,-1.18716887635415,0.0,-10.617044927479268,0.0,mild_decline,unknown,strong_decline,unknown,ASIAS
20010616012819I,2.0,,VMC,Daylight,UNK,Unknown,Unknown,2001,6,"(-23) ON JUNE 16, 2001, AT 1055E, AN EMB-145-ER, S/N 145157, REGISTERED AS N808HK AND OPERATING AS RAIA FLIGHT #527

(-23) ON JUNE 16, 2001, AT 1055E, AN EMB-145-ER, S/N 145157, REGISTERED AS N808HK AND OPERATING AS RAIA FLIGHT #5277, ABORTED TAKEOFF WHEN A #2 AHRS FAIL MESSAGE OCCURRED AT 80KTS. THE TAKE-OFF WAS ABORTED, AND THE AIRCRAFT RETURNED TO THE RAMP WITHOUT A NEED FOR ANY EQUIPMENT.  ALL PASSENGERS WERE TRANSFERRED, AND THE AHRS INDICATOR WAS REPAIRED, AND THE AIRCRAFT WAS RETURNED TO SERVICE AT 19:30E.  INVESTIGATION BY DESK AUDIT AND CLOSED.",EMB,EMB145ER,,"OPDEF, Other Than Pi;3425",,0.24940535604307534,0.0,2.2165790317166145,0.0,stable,unknown,mild_growth,unknown,ASIAS
20010622018239I,2.0,,Unknown,Daylight,UNK,Unknown,Unknown,2001,6,"(-23) ON FRIDAY, JUNE 22, 2001, NORTHWEST AIRLINES, FLIGHT 275, DEPARTED ALB FOR DTW AND THE LEFT HAND ENGINE OIL Q

(-23) ON FRIDAY, JUNE 22, 2001, NORTHWEST AIRLINES, FLIGHT 275, DEPARTED ALB FOR DTW AND THE LEFT HAND ENGINE OIL QUANTITY WAS NOTICED TO BE DECREASING. THE PRESSURE AND TEMPERATURE REMAINED NORMAL. THE CREW ELECTED TO LAND IN BUF BEFORE SHUT-DOWN OF THE ENGINE BECAME NECESSARY.  MAINTENANCE FOUND A STUD AND NUT MISSING FROM THE ENGINE GEARBOX.  A STUD WAS INSTALLED AND ALL STUDE RE-TORQUED.  THE ENGINE WAS RUN AND LEAK-CHECKED.  MAINTENANCE ALSO CHANGED THE OIL FILTER AND CHECKED THE MAGNETIC PLUG.  ALL CHECKS WERE SATISFACTORY AND THE AIRCRAFT WAS RETURNED TO SERVICE. THIS INCIDENT IS CONSIDERED CLOSED.",DOUG,DC951,,"OPDEF, Other Than Pi;7260",,0.24940535604307534,0.0,2.2165790317166145,0.0,stable,unknown,mild_growth,unknown,ASIAS
20010607017429I,2.0,,VMC,Daylight,UNK,Unknown,Unknown,2001,6,"(-23) ON THURSDAY JUNE 7, 2001, AT 11:02 AM LOCAL TIME, AN ATR-42-320 AIRCRAFT, BEARING REGISTRATION NUMBER N15816,

(-23) ON THURSDAY JUNE 7, 2001, AT 11:02 AM LOCAL TIME, AN ATR-42-320 AIRCRAFT, BEARING REGISTRATION NUMBER N15816, OPERATING UNDER 14 CFR PART 121 AS CONTINENTAL EXPRESS AIRLINES, INC FLIGHT 3184 FROM CLEVELAND TO SYRACUSE, LANDED ON RUNWAY 28 AT THE SYRACUSE INTERNATIONAL AIRPORT IN SYRACUSE, NY. ACCORDING TO THE FLIGHT CREW, DURING CRUISE FLIGHT THE GREEN SYSTEM HYDRAULIC LOW LEVEL LIGHT ILLUMINATED.  THE AIRCRAFT LANDED WITHOUT INCIDENT AND TAXIIED TO THE RAMP WITHOUT ASSISTANCE. THERE WERE NO INJURIES AND THE AIRCRAFT DID NOT SUSTAIN ANY DAMAGE.  CONTRACT MAINTENANCE PERSONNEL DISCOVERED FLUID LEAKING FROM THE HYDRAULIC LINE AT THE POWER BRAKE VALVE.  MAINTENANCE PERSONNEL REMOVED AND REPLACED THE HYDAULIC FITTING AND LINE ON THE BRAKE METERING VALVE.  A SATISFACTORY LEAK CHECK WAS PERFORMED AND THE AIRCRAFT WAS RETURNED TO SERVICE.  THE FAA PRINCIPAL MAINTENANCE INSPECTOR WAS NOTIFIED.  THIS INCIDENT IS CLOSED.",AEROSP,ATR42320,,"OPDEF, Other Than Pi;2910",,0.24940535604307534,0.0,2.2165790317166145,0.0,stable,unknown,mild_growth,unknown,ASIAS
20010802020089I,2.0,,Unknown,Unknown,UNK,Other,Unknown,2001,8,"(-23) FLIGHT 530, A B-737-5H4 FROM ABQ-LAX WAS TAXIING TO GATE 6 AFTER LANDING AT LAX. AS THE AIRCRAFT APPROACHED T

(-23) FLIGHT 530, A B-737-5H4 FROM ABQ-LAX WAS TAXIING TO GATE 6 AFTER LANDING AT LAX. AS THE AIRCRAFT APPROACHED THE BLOCK-IN MARKS FOR GATE 6, THE MARSHALING GROUND HANDLER LOST SIGHT OF THE LEFT WING WHILE CONCENTRATING ON THE POSITION OF THE NOSE TIRES AS THEY APPROACHED THE MARK.  THE LEFT WING TIP STRUCK A SKY CHEF CATERING TRUCK THAT WAS POSITIONED APPROXIMATELY 2 FEET INSIDE THE SAFETY ZONE FOR GATE 6.  THE CATERING TRUCK WAS AWAITING ANOTHER AIRCRAFT INBOUND TO GATE 8. SOUTHWEST MARSHALLERS ATTEMPTED TO GET THE ATTENTION OF THE NOSE MARSHALLER TO STOP MOTION OF THE AIRCRAFT BUT WERE OBSCURED FROM HIS VIEW BY THE POSITION OF THE JETBRIDGE.  THE WING TIP POSITION LIGHT LENS, STROBE LIGHT ASSEMBLY, POSITION LIGHT ASSEMBLY AND OUTER RIB SUSTAINED.",BOEING,7375H4,,"Miscellaneous, Other;Unsafe Acts By Third",,-2.021059715637319,-4.938271604938271,-10.617044927479268,0.0,mild_decline,mild_decline,strong_decline,unknown,ASIAS
20010807019349I,2.0,,Unknown,Daylight,UNK,Unknown,Unknown,2001,8,"(-23) ON AUGUST 7, 2001 AIR MIDWEST FLIGHT #5503, TAIL NUMBER N165YV WAS ON APPROACH TO RUNWAY 28R AT PIT WHEN THE

(-23) ON AUGUST 7, 2001 AIR MIDWEST FLIGHT #5503, TAIL NUMBER N165YV WAS ON APPROACH TO RUNWAY 28R AT PIT WHEN THE CREW NOTED THAT THE RIGHT ENGINE OIL PRESSURE WAS LOW (50 PSI AND DROPPING). THE CREW THEN SECURED THE RIGHT ENGINE AS PER THE QRH IN-FLIGHT. THE AIRCRAFT LANDED AND ARFF RESPONDED, THE PASSENGERS WERE DE-PLANED AND BUSED TO THE RAMP.  THE AIRCRAFT WAS THEN TOWED TO THE RAMP WITHOUT FURTHER INCIDENT.  IT WAS FOUND THAT THE POWER SECTION OF THE ENGINE NEARLY SEIZED.  FURTHER INVESTIGATION REVEALED THAT THE ENGINE WAS ONLY TWO (2) QUARTS LOW ON OIL.  AN SDR WAS INITIATED BY THE OPERATOR  AND FORWARDED TO THE CHDO.",BEECH,1900D,,"OPDEF, Other Than Pi;7261",,-2.021059715637319,-4.938271604938271,-10.617044927479268,0.0,mild_decline,mild_decline,strong_decline,unknown,ASIAS
20010721016569I,2.0,,Unknown,Daylight,UNK,Unknown,Unknown,2001,7,"(-23) ON 21 JULY 2001, A PSA AIRLINES AIRCRAFT, FLIGHT #4082, ABORTED TAKEOFF ON RUNWAY 28 DUE TO A R/H ECU FAILURE

(-23) ON 21 JULY 2001, A PSA AIRLINES AIRCRAFT, FLIGHT #4082, ABORTED TAKEOFF ON RUNWAY 28 DUE TO A R/H ECU FAILURE. NO ASSISTANCE WAS REQUIRED, AND THE AIRCRAFT TAXIED TO THE RAMP WITHOUT FURTHER INCIDENT.",DORNER,DO328100,,"OPDEF, Other Than Pi;7532",,-1.18716887635415,0.0,-10.617044927479268,0.0,mild_decline,unknown,strong_decline,unknown,ASIAS
20010815022019I,2.0,,VMC,Daylight,UNK,Unknown,Unknown,2001,8,"(-23) #1 HYDRAULIC SYSTEM OVERHEAT, HAD TO SHUT SYSTEM OFF PER CHECK LIST, AND ALLOW TO COOL. RE-INSTATED SYSTEM AN

(-23) #1 HYDRAULIC SYSTEM OVERHEAT, HAD TO SHUT SYSTEM OFF PER CHECK LIST, AND ALLOW TO COOL. RE-INSTATED SYSTEM AND LANDED WITHOUT INCIDENT. INVESTIGATION BY DESK AUDIT AND CLOSED.",EMB,EMB145,,"OPDEF, Other Than Pi;2900",,-2.021059715637319,-4.938271604938271,-10.617044927479268,0.0,mild_decline,mild_decline,strong_decline,unknown,ASIAS
20010729020969I,2.0,,Unknown,Daylight,UNK,Unknown,Unknown,2001,7,"(-23) ON JULY 29, 2001, FLIGHT 872, MD80, N822NK, SPIRIT AIRLINE, DEPARTED DTW TO LAX, AT CLIMB THE PILOT REPORTED

(-23) ON JULY 29, 2001, FLIGHT 872, MD80, N822NK, SPIRIT AIRLINE, DEPARTED DTW TO LAX, AT CLIMB THE PILOT REPORTED AN EMERGENCY. THE PILOT REPORTED TO ATC, THAT RIGHT ENGINE WAS SHUDDERING AND OIL QUANTITY READ (ZERO), SMOKE ENTERED THE COCKPIT AND THE CABIN. THE PILOT SHUT DOWN THE RIGHT ENGINE AND WAS DIVERTED TO GRR. THE AIRCRAFT LANDED WITHOUT INCIDENT. EMERGENCY EQUIPMENT WERE STANDING BY.",DOUG,MD83,,"OPDEF, Other Than Pi;7230",,-1.18716887635415,0.0,-10.617044927479268,0.0,mild_decline,unknown,strong_decline,unknown,ASIAS
20010801028219I,2.0,,IMC,Daylight,UNK,Unknown,Unknown,2001,8,"(-23) ON AUGUST 1, 2001, AT 20:17 LOCAL TIME, A BOEING 727 AIRCRAFT, BEARING REGISTRATION NUMBER N805EA SERIAL NUMB

(-23) ON AUGUST 1, 2001, AT 20:17 LOCAL TIME, A BOEING 727 AIRCRAFT, BEARING REGISTRATION NUMBER N805EA SERIAL NUMBER 22436, OPERATING AS DELTA AIRLINES FLIGHT 2042 UNDER 14 CFR PART 121, LANDED AT THE BUFFALO INTERNATIONAL AIRPORT. ACCORDING TO DELTA MAINTENANCE PERSONNEL, DURING THE LANDING ROLLOUT SUDDENLY AND WITHOUT WARNING THE ANTI-SKID SYSTEM FAILED. TWO MAIN TIRES SUBSEQUENTLY FAILED BEFORE THE AIRCRAFT CAME TO REST. ADDITIONALLY, ONE HYDRAULIC BRAKE LINE AND A HYDRAULIC BRACKET ON THE RIGHT MAIN LANDING GEAR WERE DAMAGED. THERE WERE NO INJURIES, THE PASSENGERS WERE DEPLANED AND TRANSPORTED TO THE TERMINAL BY BUS. DELTA MAINTENANCE PERSONNEL REPLACED BOTH MAIN TIRES, A HYDRAULIC BRAKE LINE AND A BRACKET. IN ADDITION, THE ANTI-SKID SYSTEM WAS DEFERRED AND THE AIRCRAFT WAS RETURNED TO SERVICE. A SERVICE DIFFICULTY REPORT (SDR) WAS SUBMITTED. THIS INCIDENT IS CONSIDERED CLOSED.",BOEING,727225,,"OPDEF, Other Than Pi;3241",,-2.021059715637319,-4.938271604938271,-10.617044927479268,0.0,mild_decline,mild_decline,strong_decline,unknown,ASIAS
20010810021089I,2.0,,VMC,Daylight,UNK,Unknown,Unknown,2001,8,"(-23) #2 ENGINE INFLIGHT SHUTDOWN DUE TO VIBRATION AND SMOKE ENTERING CABIN. LANDING WAS UNEVENTFUL.

(-23) #2 ENGINE INFLIGHT SHUTDOWN DUE TO VIBRATION AND SMOKE ENTERING CABIN. LANDING WAS UNEVENTFUL.",BOEING,717200,,"OPDEF, Other Than Pi;7230",,-2.021059715637319,-4.938271604938271,-10.617044927479268,0.0,mild_decline,mild_decline,strong_decline,unknown,ASIAS
20010713018489I,2.0,,Unknown,Daylight,UNK,Unknown,Unknown,2001,7,"(-23) ON JULY 13, 2001, DELTA FLT 749 WHILE AT 50 MILES EAST OF OKC AT FL390, A FLIGHT ATTENDANT REPORTED TO THE FL

(-23) ON JULY 13, 2001, DELTA FLT 749 WHILE AT 50 MILES EAST OF OKC AT FL390, A FLIGHT ATTENDANT REPORTED TO THE FLIGHT CREW THAT A PASSENGER HAD OBSERVED A LOOSE PANEL ON THE AIRCRAFT'S RIGHT ENGINE PYLON. THE FLIGHT CREW CONFIRMED THAT THE PANEL WAS LOOSE AND CLOSE TO DEPARTING THE AIRCRAFT. THE FLIGHT CREW INFORMED PANEL WAS LOOSE AND CLOSE TO DEPARTING THE AIRCRAFT. THE FLIGHT CREW INFORMED FLIGHT CONTROL ABOUT THEIR DECISION TO DIVERT TO DALLAS FORT WORTH (DFW), TEXAS. AT APPROXIMATELY 5-10 NM NORTH OF DECATUR, TEXAS A LARGE THUMP WAS FELT/HEARD AS THE PANEL LEFT THE AIRCRAFT. THE AIRCRAFT CONTINUED AND LANDED AT DFW WITHOUT INCIDENT. MAINTENANCE INSPECTED AND FOUND THE RIGHT ENGINE PYLON PANEL MISSING ALONG WITH DAMAGE TO THE #7 AND #8 SLATS. OTHER DAMAGE WAS FOUND ON THE INBOARD AND OUTBOARD SIDE OF THE RIGHT ENGINE PYLON CAUSED BY THE PANEL DEPARTING THE AIRCRAFT. THE AIRCRAFT WAS TAKEN TO THE DFW DELTA REPAIR STATION FOR REPAIR. THIS INCIDENT WAS COORDINATED WITH THE LOCAL NTSB OFFICE. INVESTIGATION CONTINUES AS AIRCRAFT LOGBOOK SHOWS AIRCRAFT HAD UNDER GONE AN A CHECK PRIOR TO THIS FLIGHT. THIS INCIDENT IS CLOSED.",BOEING,767332,,"Miscellaneous, Other;7110",,-1.18716887635415,0.0,-10.617044927479268,0.0,mild_decline,unknown,strong_decline,unknown,ASIAS
20010720020959I,2.0,,VMC,Night,UNK,Unknown,5000+,2001,7,"(-23) ON APPROACH TO LANDING ON 226, TURNING TO INTERCEPT THE ILS, AT 3000' MSL AND 6 MILES OUT, THE CAPTAIN INCREA

(-23) ON APPROACH TO LANDING ON 226, TURNING TO INTERCEPT THE ILS, AT 3000' MSL AND 6 MILES OUT, THE CAPTAIN INCREASED THE POWER AFTER CONFIGURING THE AIRCRAFT FOR LANDING. AT THAT TIME A LOUD BANG WAS HEARD AND THRUST WAS LOST ON THE RIGHT ENGINE. NO PRIOR COCKPIT WARNING WAS INDICATED. AN EMERGENCY WAS DECLARED AND A 28 DEGREE FLAP LANDING WAS MADE WITHOUT FURTHER INCIDENT.",DOUG,DC982,,"OPDEF, Other Than Pi;7250",,-1.18716887635415,0.0,-10.617044927479268,0.0,mild_decline,unknown,strong_decline,unknown,ASIAS
20010805018629I,2.0,,Unknown,Night,UNK,Other,Unknown,2001,8,"(-23) DELTA FLT. 229 FROM MCO TO SLC EXPERIENCED MODERATE TURBULANCE AT FL390, 85 NM E. OF GJT. SEAT BELT SIGN WAS

(-23) DELTA FLT. 229 FROM MCO TO SLC EXPERIENCED MODERATE TURBULANCE AT FL390, 85 NM E. OF GJT. SEAT BELT SIGN WAS ON. FLIGHT ATTENDANT WAS INJURED (SPRAINED ANKLE) ATTEMPTING TO STOP SERVICE CART FROM ROLLING.  THERE WERE NO OTHER INJURIES.",BOEING,757232,,"Miscellaneous, Other;Other, Miscellaneous",,-2.021059715637319,-4.938271604938271,-10.617044927479268,0.0,mild_decline,mild_decline,strong_decline,unknown,ASIAS
20010810023149I,2.0,,Unknown,Daylight,UNK,Unknown,Unknown,2001,8,"(-23) ON AUGUST 10, 2001, AT 1400 EDT, CHAUTAUQUA AIRLINES, FLIGHT 4403M A SAAB 340-A, N360CA, HAD A RETURN TO FIEL

(-23) ON AUGUST 10, 2001, AT 1400 EDT, CHAUTAUQUA AIRLINES, FLIGHT 4403M A SAAB 340-A, N360CA, HAD A RETURN TO FIELD FOR A HYDRAULIC SYSTEM FAIL. THE AIRCRAFT BECAME DISABLED ON RUNWAY 28L, ARFF RESPONDED, THE GEAR WAS PINNE D, AND THE AIRCRAFT WAS TOWED TO THE RAMP WITHOUT INCIDENT OR IMPACT. SUBMISSION OF THIS FORM CLOSES THIS INCIDENT.",CESSNA,340A,,"OPDEF, Other Than Pi;2910",,-2.021059715637319,-4.938271604938271,-10.617044927479268,0.0,mild_decline,mild_decline,strong_decline,unknown,ASIAS
20010814028031I,2.0,,Unknown,Night,UNK,PIC,Unknown,2001,8,"(-23) ON 08/14/2001, @2215L, DALA B737-800, FLT #446 STRUCK CALA B737-800, FLT #368, IN THE UNDERSIDE OF THE TAIL J

(-23) ON 08/14/2001, @2215L, DALA B737-800, FLT #446 STRUCK CALA B737-800, FLT #368, IN THE UNDERSIDE OF THE TAIL JUST FWD OF THE AUX. POWER UNIT EXHUST DUCT W/IT'S LEFT WING TIP. DALA HAD CLEARED RNWY 4L ON THE HIGH-SPEED TURNOFF LIMA TAXIWAY & WAS CLEARED, BY EWR TOWER, TO TAXI ON LIMA TO INTERCEPT PAPA TAXIWAY TO WHISKEY TAXIWAY. CALA WAS BEHIND A CALA MD-80 A/C HOLDING ON YANKEE TAXIWAY WAITING TO CROSS RNWY 4R. MEASUREMENTS TAKEN OF THIS SITUATION SHOWED THAT DALA A/C WOULD HAVE CLEARED CALA A/C TAIL BY 50 FT IF EVERY FOOT OF YANKEE TAXIWAY WAS UTILIZED BY THE TWO CALA A/C'S. A/C DO NOT USE EVERY FOOT OF SPACE, DUE TO FLT DECK VISIBILITY RESTRICTIONS. THIS CAUSED THE TWO A/C TO LOSE SEPARATION, SO EVEN THOUGH THE DALA A/C WAS ON THE CENTERLINE OF LIMA TAXIWAY, THE SEPARATION WAS LOST. CONTRIBUTING FACTORS WERE NIGHT VISIBILITY, & A/C WING TIP POSITION RELATIVE TO FLT DECK.",BOEING,737832,,Pilot Induced;Fail Avoid Ac None A,,-2.021059715637319,-4.938271604938271,-10.617044927479268,0.0,mild_decline,mild_decline,strong_decline,unknown,ASIAS
20010713016059I,2.0,,VMC,Daylight,UNK,Unknown,Unknown,2001,7,"(-23) ON JULY 13, 2001, AT 0842 EST, ALLEGHENY AIRLINES FLIGHT #3923, A DH8 LANDED ON RUNWAY 28L, DUE TO A GEAR PRO

(-23) ON JULY 13, 2001, AT 0842 EST, ALLEGHENY AIRLINES FLIGHT #3923, A DH8 LANDED ON RUNWAY 28L, DUE TO A GEAR PROBLEM. THE ARFF RESPONDED AND THE AIRCRAFT TAXIED TO THE RAMP WITHOUT INCIDENT.  ACTUAL DISCREPANCY READ AS FOLLOWS: LANDING GEAR FAILED PERFORMED ALTERNATE EXTENSION (NOTE: GEAR DID NOT COME DOWN. INTRANSIT LIGHT ILLUMINATED).  CORRECTIVE ACTION:  TROUBLESHOT SYSTEM, REMOVED AND REPLACED LANDING GEAR SELECTOR VALVE AND OPS CHECKED GOOD IN ACCORDANCE WITH DH8 MAINTENANCE MANUAL CHAPTER 32-30-41.  THIS INCIDENT IS CLOSED.",DHAV,DHC8102,,Design Of Aircraft;3234,,-1.18716887635415,0.0,-10.617044927479268,0.0,mild_decline,unknown,strong_decline,unknown,ASIAS
20010724022989I,2.0,,Unknown,Daylight,UNK,Unknown,Unknown,2001,7,"(-23) MIDWEST EXPRESS FLIGHT 521, WAS ENROUTE FROM MILWAUKEE, WI. TO DENVER, CO. AT FLIGHT LEVEL 370 WHEN THE LEFT

(-23) MIDWEST EXPRESS FLIGHT 521, WAS ENROUTE FROM MILWAUKEE, WI. TO DENVER, CO. AT FLIGHT LEVEL 370 WHEN THE LEFT ENGINE POWER LEVER STUCK. THE CREW SHUT DOWN THE ENGINE AND DIVERTED INTO OMAHA, NE. COMPANY MAINTENANCE FOUND THAT THE POWER LEVER CONNECTION TO THE FUEL CONTROL WAS LOOSE. THE ENGINE WAS CHANGED DUE TO OVERTEMP. THE AIRLINE FILED A SELF DISCLOSURE STATING THAT MAINTENANCE HAD WORKED ON THE RIGGING IN THE PAST AND APPARENTLY HAD NOT SAFETIED THE POWER LEVER CONNECTION. THE CHDO IS CONDUCTING THE INVESTIGATION.",DOUG,DC981,,Improper Maintenance;7603,,-1.18716887635415,0.0,-10.617044927479268,0.0,mild_decline,unknown,strong_decline,unknown,ASIAS
20010814028249I,2.0,,Unknown,Daylight,UNK,Unknown,Unknown,2001,8,"(-23) ON TUESDAY, AUGUST 14, 2001, A DHC-8, N818EX, SHOWS THE FOLLOWING LOGBOOK ENTRY: DURING CLIMB #1 OIL PRESSURE

(-23) ON TUESDAY, AUGUST 14, 2001, A DHC-8, N818EX, SHOWS THE FOLLOWING LOGBOOK ENTRY: DURING CLIMB #1 OIL PRESSURE ROSE TO 90 AND STABILIZED. OIL PRESSURE DROPPED TO NORMAL RANGE AT FLIGHT IDLE. R&R #1 ENGINE OIL PRESSURE AND TEMP. GAUGE. RAN AIRCRAFT ON GROUND OPS CHECK GOOD. AIRCRAFT DEPARTED AGAIN. LOGBOOK PAGES STATE: DURING CLIMB #1 OIL PRESSURE ROSE TO 90PSI AND STABILIZED. OIL PRESSURE DROPPED TO NORMAL AT FLIGHT IDLE. R/R #1 ENGINE OIL PRESSURE TRANSDUCER, IAW PW MM 7 2-01-50, OPS LEAK CHECK OK. AIRCRAFT THEN WAS RETURNED TO SERVICE. THIS INCIDENT IS CONSIDERED CLOSED.",DHAV,DHC8102,,"OPDEF, Other Than Pi;7931",,-2.021059715637319,-4.938271604938271,-10.617044927479268,0.0,mild_decline,mild_decline,strong_decline,unknown,ASIAS
20010731019949I,2.0,,Unknown,Daylight,UNK,Other,Unknown,2001,7,"(-23) 07/31/01: THIS OFFICE RECEIVED A CALL FROM AN OFFICER FROM THE HOUSTON POLICE DEPARTMENT (HPD) REGARDING A GR

(-23) 07/31/01: THIS OFFICE RECEIVED A CALL FROM AN OFFICER FROM THE HOUSTON POLICE DEPARTMENT (HPD) REGARDING A GROUND INCIDENT (HPD #103010301-K) INVOLVING A C2XA AIRCRAFT. A PAX VAN HIT ACFT WING.  THE POLICE OFFICER WAS UNSURE IF NTSB SHOULD BE CONTACTED. INITIAL INVESTIGATIONS REVEALED ACFT CHOCKED AND WITH GROUND POWER, AND 34 PAX/3 CREW ON BOARD AT TIME OF OCCURRENCE.  GREG BOUSIE (ASI/COA CMO) WENT ON-SITE (IAH) TO ASSESS DAMAGE.  INVESTIGATIONS REVEALED SUBSTANTIAL DAMAGE TO THE RIGHT WING TIP AND AILERON AREA.  THIS OFFICE CONTACTED NTSB WITH PRELIMINARY FINDINGS.  08/02/01: NTSB (ALEX LIMISHA, 817-652-7812) NOTIFIED THIS OFFICE THAT ALTHOUGH OCCURRENCE MEETS ACCIDENT DEFINITION, WILL BE DOWNGRADED TO INCIDENT.",EMB,EMB145,,"Miscellaneous, Other;Fail Avd Objs Or Obs",,-1.18716887635415,0.0,-10.617044927479268,0.0,mild_decline,unknown,strong_decline,unknown,ASIAS
20010805020379I,2.0,,Unknown,Unknown,UNK,Unknown,Unknown,2001,8,"(-23) DURING CLIMB, CAUSE UNKNOWN, OIL PRESSURE FLICKERING IN THE NORMAL RANGE, QUANTITY HALF GALLON, OIL TEMPERATU

(-23) DURING CLIMB, CAUSE UNKNOWN, OIL PRESSURE FLICKERING IN THE NORMAL RANGE, QUANTITY HALF GALLON, OIL TEMPERATURE IN THE YELLOW BAND DECISION TO DIVERT TO FLL INITIATED. PRIOR TO LANDING, #2 ENGINE FIRE. LATER FOUND TO BE AROUND GEARBOX, STARTER MOTOR, AND ENGINE OIL RESERVOIR AND OIL COOLER AREA.  LEVELED OFF FL200 ENGINE FAILURE AND SHUTDOWN ACCOMPLISHED.  EMERGENCY DECLARED WITH HAVANA THEN MIAMI, PHONE PATCHED TO COMPANY IN WHICH DECISION TO PROCEED TO KFLL ACCOMPLISHED. AIRCREW ON HOLD TO BURN FUEL, F/O SET COURSE DIRECT TO FLL, LANDED ON THE NUMBERS, 150 KTS, LAND WT. 110,000 LBS., AUTO SPEEDRAKES ARMED BUT DEPLOYED MANUALLY AT TOUCHDOWN, IMMEDIATE REVERSE THRUST 1.8 EPR ON OPERATING ENGINE, HEAVY BRAKING.  AFTER PARK BRAKE SET, EVACUATION DRILL CARRIED OUT IN ORDERLY FASHION THRU DOORS L1, R1, AND L2.",BOEING,7372H4,,"OPDEF, Other Than Pi;7260",,-2.021059715637319,-4.938271604938271,-10.617044927479268,0.0,mild_decline,mild_decline,strong_decline,unknown,ASIAS
20010813022579I,2.0,,VMC,Daylight,UNK,Unknown,Unknown,2001,8,"(-23) DURING CRUISE FLIGHT, THE AFT CARGO FIRE DETECTOR WARNING SOUNDED. THE FIRE BOTTLE WAS DISCHARGED AND AN UNSC

(-23) DURING CRUISE FLIGHT, THE AFT CARGO FIRE DETECTOR WARNING SOUNDED. THE FIRE BOTTLE WAS DISCHARGED AND AN UNSCHEDULED LANDING WAS MADE AT PITTSBURGH INTERNATIONAL AIRPORT. UPON INVESTIGATION AT PIT, NO INDICATION OF FIRE WAS FOUND. THE AFT CARGO FIRE DETECTION SYSTEM WAS PLACARDED INOPERATIVE PER THE MEL AND THE FLIGHT WAS CONTINUED TO STL. THE AFT CARGO FIRE PROTECTION CEU CONNECTOR WAS FOUND CONTAMINATED AND WAS REPLACED AT CHECK-C 6-8-01 AT STL. INVESTIGATION WAS CONDUCTED BY DESK AUDIT AND CLOSED.",DOUG,DC983,,"OPDEF, Other Than Pi;2612",,-2.021059715637319,-4.938271604938271,-10.617044927479268,0.0,mild_decline,mild_decline,strong_decline,unknown,ASIAS
20010803021989I,2.0,,Unknown,Daylight,UNK,Unknown,2000-5000,2001,8,"(-23) BOTH LEFT MLG TIRES BLEW OUT ON LANDING, DAMAGE TO STRUT, STRUT DOOR, FLAP INBD LFT AND #1 ENGINE.

(-23) BOTH LEFT MLG TIRES BLEW OUT ON LANDING, DAMAGE TO STRUT, STRUT DOOR, FLAP INBD LFT AND #1 ENGINE.",BOEING,727222,,Undetermined;3244,,-2.021059715637319,-4.938271604938271,-10.617044927479268,0.0,mild_decline,mild_decline,strong_decline,unknown,ASIAS
20010917025239I,2.0,,Unknown,Night,UNK,Maintenance,Unknown,2001,9,"(-23) UNITED FLIGHT 128, ENROUTE FROM LAX TO ORD DIVERTED TO CEDAR CITY, UT. (CDC) DUE TO REPORTED SMOKE INT HE COC

(-23) UNITED FLIGHT 128, ENROUTE FROM LAX TO ORD DIVERTED TO CEDAR CITY, UT. (CDC) DUE TO REPORTED SMOKE INT HE COCKPIT AND THE CABIN. THE AIRCRAFT LANDED WITHOUT INCIDENT. THE PASSENGERS WERE PUT ON ANOTHER UNITED AIRCRAFT AND THE FLIGHT CONTINUED TO ORD. THERE WERE NO INJURIES OR EVACUATION. UNITED MAINTENANCE PERSONNEL FOUND THE RIGHT HYDRAULIC SYSTEM OVER SERVICED, ALLOWING FUMES FROM THE HYDRAULIC SYSTEM TO ENTER THE AIRCRAFT THROUGH THE AIRCONDITIONING SYSTEM.",BOEING,757222,,Improper Maintenance;Improperly Serviced,,-4.065560573621918,-2.4691358024691357,-10.617044927479268,0.0,mild_decline,mild_decline,strong_decline,unknown,ASIAS
20010928028719I,2.0,,VMC,Unknown,UNK,Unknown,2000-5000,2001,9,"(-23) N182YV 09/28/01 FLIGHT 693 LIT/BNA - ON APPROACH INTO BNA CREW SELECTED GEAR DOWN. THE LANDING GEAR DID NOT E

(-23) N182YV 09/28/01 FLIGHT 693 LIT/BNA - ON APPROACH INTO BNA CREW SELECTED GEAR DOWN. THE LANDING GEAR DID NOT EXTEND. THE LANDING GEAR POWER PACK FAILED TO OPERATE. CREW PERFORMED ABNORMAL CHECKLIST. GEAR WAS HAND PUMPED DOWN AND EMERGENCY DECLARED. THE AIRCRAFT LANDED WITHOUT FURTHER INCIDENT. MAINTENANCE PERFORMED GEAR SWING FUNCTIONAL CHECK 4 TIMES. MAINTENANCE WAS UNABLE TO DUPLICATE THE OCCURANCE. AIRCRAFT RETURNED TO SERVICE.",BEECH,1900D,,Undetermined;3200,,-4.065560573621918,-2.4691358024691357,-10.617044927479268,0.0,mild_decline,mild_decline,strong_decline,unknown,ASIAS
20010824021039I,2.0,,Unknown,Daylight,UNK,Unknown,Unknown,2001,8,"(-23) ON AUGUST 24, 2001, AT 1028 EST., AIR MIDWEST FLIGHT #5537 LANDED ON RUNWAY 28L AFTER REPORTING AN UNSAFE GEA

(-23) ON AUGUST 24, 2001, AT 1028 EST., AIR MIDWEST FLIGHT #5537 LANDED ON RUNWAY 28L AFTER REPORTING AN UNSAFE GEAR PROBLEM. DURING APPROACH THE LANDING GEAR INDICATION SYSTEM CIRCUIT BREAKER POPPED AND WOULD NOT RESET. THE ARFF RESPONDED AND THE AIRCRAFT TAXIED TO THE RAMP WITHOUT INCIDENT.",BEECH,1900D,,"OPDEF, Other Than Pi;3260",,-2.021059715637319,-4.938271604938271,-10.617044927479268,0.0,mild_decline,mild_decline,strong_decline,unknown,ASIAS
20010911039179A,2.0,,VMC,Daylight,UNK,Other,Unknown,2001,9,"(-23) THE AIRCRAFT WAS ENROUTE FROM NEWARK, NJ TO SAN FRANCISCO, CA. WAS HIJACKED AND CRASHED IN SHANKSVILLE, PA. T

(-23) THE AIRCRAFT WAS ENROUTE FROM NEWARK, NJ TO SAN FRANCISCO, CA. WAS HIJACKED AND CRASHED IN SHANKSVILLE, PA. THE A/C WAS DESTROYED AND ALL 45 SOULS ON BOARD WERE FATALLY INJURED.",BOEING,757222,,"Miscellaneous, Other;Other, Miscellaneous",,-4.065560573621918,-2.4691358024691357,-10.617044927479268,0.0,mild_decline,mild_decline,strong_decline,unknown,ASIAS
20010925025709I,2.0,,Unknown,Daylight,UNK,Unknown,Unknown,2001,9,"(-23) ON SEPTEMBER 25, 2001, AT 1256 CDT, AMERICA WEST FLT. 807 A B757, N908AW, ENROUTE FROM BWI TO PHX DIVERTED TO

(-23) ON SEPTEMBER 25, 2001, AT 1256 CDT, AMERICA WEST FLT. 807 A B757, N908AW, ENROUTE FROM BWI TO PHX DIVERTED TO KANSAS CITY INTERNATIONAL AIRPORT, KANSAS CITY MO. (MCI) REPORTING TO A.T.C A LOSS OF POWER TO NUMBER TWO ENGINE. NO EMERGENCY WAS DECLARED AND A/C LANDED W/O INCIDENT. MAINTENANCE CONCLUDED THAT THE NUMBER TWO ENGINE, P1 AIR LINE FAILED. THE LINE WAS REPLACED, WITH MINIMUM RATED THRUST EPR TESTS PERFORMED, NO ADDITIONAL PROBLEMS. LOG ENTRIES INDICATED THE MALFUNCTION AND CORRECTIVE ACTIONS TAKEN. A/C WAS RETURNED TO SERVICE. INCIDENT #CE2001IAC0069 IS CONSIDERED CLOSED.",BOEING,7572G7,,"OPDEF, Other Than Pi;7711",,-4.065560573621918,-2.4691358024691357,-10.617044927479268,0.0,mild_decline,mild_decline,strong_decline,unknown,ASIAS
20010824025279I,2.0,,VMC,Daylight,UNK,Unknown,Unknown,2001,8,"(-23) ON 08/24/01, N830AS, A CL-600-2B19 ABORTED TAKE-OFF FROM PITTSBURGH INTERNATIONAL AIRPORT AFTER RECEIVING MAS

(-23) ON 08/24/01, N830AS, A CL-600-2B19 ABORTED TAKE-OFF FROM PITTSBURGH INTERNATIONAL AIRPORT AFTER RECEIVING MASTER CAUTION WARNING AND CHIMES (BRAKE OVER HEAT AND AURAL MESSAGE). THE AIRCRAFT TAXIED BACK TO THE RAMP WITH OUT FURTHER INCIDENT. MAINTENANCE FOUND THAT THE LEFT HAND INBOARD AND OUTBOARD TIRES WERE FLAT. BOTH TIRES AND WHEEL ASSEMBLIES WERE REPLACED, AND THE AIRCRAFT WAS RETURNED TO SERVICE. THIS INCIDENT IS CLOSED.",CNDAIR,CL6002B19,,"OPDEF, Other Than Pi;3244",,-2.021059715637319,-4.938271604938271,-10.617044927479268,0.0,mild_decline,mild_decline,strong_decline,unknown,ASIAS
20010818024319I,2.0,,Unknown,Unknown,UNK,Unknown,5000+,2001,8,"(-23) DEPARTED RUNWAY 31 AT DSM WITH THUNDERSTORMS IN THE VICINITY. AFTER TAKE OFF (FLAPS 8), WE COMMENCED A LEFT T

(-23) DEPARTED RUNWAY 31 AT DSM WITH THUNDERSTORMS IN THE VICINITY. AFTER TAKE OFF (FLAPS 8), WE COMMENCED A LEFT TURN TO AVOID THE STORMS. AT ACCELERATION ALTITUDE, THE FLAPS WERE SELECTED TO (0) DEG. AND WE IMMEDIATELY RECEIVED A FLAPS FAIL AND THE ASSOCIATED CAUTIONS. THE FLAPS WERE STUCK @ 8 DEG. WE FOLLOWED THE CFM PROCEDURES, CALLED DISPATCH AND OPS, LEVELED AT 10,000 FT. WE TOLD DSM APP THAT WE WOULD BE RETURNING TO DSM. THERE WAS A BREAK IN THE THUNDERSTORMS AND EVEN WITH AN OVER WEIGHT LANDING IT WAS DECIDED TO RETURN. LANDING WAS SMOOTH AND UNEVENTFUL.",CNDAIR,CL6002B19,,"OPDEF, Other Than Pi;5753",,-2.021059715637319,-4.938271604938271,-10.617044927479268,0.0,mild_decline,mild_decline,strong_decline,unknown,ASIAS
20010826025599I,2.0,,Unknown,Daylight,UNK,Unknown,Unknown,2001,8,"(-23) ON AUGUST 26, 2001, A DELTA AIRLINES B737-300, FLIGHT NUMBER 1802, DEPARTED SLC FOR MCI, WHEN, ON TAKEOFF ROL

(-23) ON AUGUST 26, 2001, A DELTA AIRLINES B737-300, FLIGHT NUMBER 1802, DEPARTED SLC FOR MCI, WHEN, ON TAKEOFF ROLL, THE CREW REPORTED HEARING A NOISE AND RECORDED THAT THEY SUSPECTED A BLOWN TIRE/TREAD SEPARATION. DESPITE THEIR SUSPICION THE CREW CONTINUED TO MCI, WHERE, ACCORDING TO THE REPORT FROM THE REGIONAL OPERATIONS CENTER, AN EMERGENCY WAS DECLARED AND EMERGENCY EQUIPMENT WAS ON STANDBY. THE AIRCRAFT LANDED WITHOUT INCIDENT. UPON INSPECTION OF THE AIRCRAFT, MAINTENANCE PERSONNEL DISCOVERED THE #1 TIRE RECAP HAD SEPARATED FROM THE WHEEL ASSEMBLY. FURTHER INSPECTION FOUND DAMAGE TO THE LEFT MAIN GEAR DOOR, SIGNIFICANT ENOUGH TO HAVE CAUSED THE LOWER (INNER) GEAR DOOR TO DETACH AND LAND ON THE RUNWAY WHILE THE AIRCRAFT LANDED AT MCI. FURTHER DAMAGE WAS DISCOVERED TO THE LEFT INBOARD FORE FLAP, AND TRAILING EDGE FLAP, BOTH OF WHICH REQUIRED REPLACEMENT. IN ADDITION, THERE WAS OTHER MINOR DAMAGE TO ACCESS PANELS, AND SEAL RETAINERS IN LMLG AREA. WITH THIS REPORT INCIDENT NUMBER CE2001IAC0060 IS CONSIDERED CLOSED.",BOEING,737347,,"OPDEF, Other Than Pi;3244",,-2.021059715637319,-4.938271604938271,-10.617044927479268,0.0,mild_decline,mild_decline,strong_decline,unknown,ASIAS
20010917024429I,2.0,,Unknown,Daylight,UNK,PIC,Unknown,2001,9,"(-23) FIRST OFFICER HEBB WAS MEDICALLY CLEARED TO FLY BY AMR MEDICAL ABOUT TWO WEEKS PREVIOUSLY FROM BEING ON MEDIC

(-23) FIRST OFFICER HEBB WAS MEDICALLY CLEARED TO FLY BY AMR MEDICAL ABOUT TWO WEEKS PREVIOUSLY FROM BEING ON MEDICAL LEAVE. FIRST OFFICER HEBB FELT CHEST PAINS DURING FLIGHT FROM DFW TO GSP. FLIGHT RETURNED TO DFW. FIRST OFFICER WAS ABLE TO COMPLETE HIS DUTIES AND WALK TO AMBULANCE. FLIGHT CONTINUED WITH A NEW FIRST OFFICER.",EMB,EMB145LR,,"Miscellaneous, Other;Pilot Incap Excludes",,-4.065560573621918,-2.4691358024691357,-10.617044927479268,0.0,mild_decline,mild_decline,strong_decline,unknown,ASIAS
20010928028069I,2.0,,Unknown,Daylight,UNK,PIC,Unknown,2001,9,"(-23) ON SEPTEMBER 28, 2001, ABOUT 1030 EST, A DOUGLAS DC-9-82, N448AA, FLIGHT 1271, OPERATED BY AMERICAN AIRLINES

(-23) ON SEPTEMBER 28, 2001, ABOUT 1030 EST, A DOUGLAS DC-9-82, N448AA, FLIGHT 1271, OPERATED BY AMERICAN AIRLINES INC, DURING POWERBACK ON THE RAMP, RAN THE RIGHT MAIN WHEELS OFF THE RAMP AND INTO THE MUD BECAUSE THE CAPTAIN DID NOT KEEP THE GROUND GUIDE IN SIGHT. THE FLIGHT CREW ADDED FORWARD THRUST AND THE AIRCRAFT CAME OUT OF THE MUD. THE AIRCRAFT TAXIED TO THE GATE WITHOUT FURTHER INCIDENT. THERE WERE NO INJURIES. THE COMPANY SENT MECHANICS FROM LAGUARDIA AIRPORT TO CHANGE THE BRAKE ASSEMBLIES AND WHEELS AS A PRECAUTIONARY MEASURE. AN OPERATIONAL CHECK WAS SATISFACTORY AND THE AIRCRAFT RETURNED TO SERVICE. THIS INCIDENT IS CONSIDERED CLOSED.",DOUG,DC982,,Pilot Induced;Fail Follow Approved,,-4.065560573621918,-2.4691358024691357,-10.617044927479268,0.0,mild_decline,mild_decline,strong_decline,unknown,ASIAS
20010906028239I,2.0,,Unknown,Daylight,UNK,Unknown,Unknown,2001,9,"(-23) ALLEGHENY ASST CHIEF PILOT STATES: THE FLIGHT CREW WAS BEING PUSHED BACK FROM ""F"" TERMINAL GATE. THE #2 ENGIN

(-23) ALLEGHENY ASST CHIEF PILOT STATES: THE FLIGHT CREW WAS BEING PUSHED BACK FROM ""F"" TERMINAL GATE. THE #2 ENGINE WAS STARTED AT THE GATE AND THE PUSHBACK COMMENCED THE FIRST OFFICER TURNED ON THE #2 BLEED TO KEEP THE AIRCRFT COOL DURING THE PUSHBACK. THE #2 BLEED AIR CONTROL CIRCUIT BREAKER POPPED. THE CREW RESET CIRCUIT BREAKER AND IT POPPED AGAIN. THE CREW THEN RETURNED TO THE GATE TO WRITE UP THE MAINTENANCE DISCREPANCY. UPON SINGLE ENGINE TAXIING BACK INTO THE GATE WITH THE #2 ENG RUNNING THE #1 STANDBY HYDRAULIC PUMP CIRCUIT BREAKER POPPED LEAVING THE #1 HYDRAULIC SYSTEM UNPRESSURIZED. THE EMERGENCY BRAKE HAD BE USED TO BRING THE AIRCRAFT TO A STOP. THE CAPTAIN DID NOT HAVE MUCH DISTANCE TO DEAL WITH, WHICH REQUIRED HIM TO BRING THE AIRCRAFT TO A RATHER ABRUPT STOP TO AVOID HITTING THE TERMINAL. THE FLIGHT ATTENDANT WAS UP PERFORMING HER DUTIES AND RECEIVED A MINOR INJURY WHEN SHE FELL. A PASSENGER SEATED WITH HIS SEATBELT FASTENED CLAIMED TO HAVE INJURED HIS NECK.",DHAV,DHC8102,,"OPDEF, Other Than Pi;2923",,-4.065560573621918,-2.4691358024691357,-10.617044927479268,0.0,mild_decline,mild_decline,strong_decline,unknown,ASIAS
20010917032549I,2.0,,VMC,Daylight,UNK,Unknown,Unknown,2001,9,"(-23) AIR MIDWEST AIRLINES FLIGHT 5665 DEPARTED OMAHA, NE, ENROUTE TO KANSAS CITY INTERNATIONAL AIRPORT. ON TAKEOFF

(-23) AIR MIDWEST AIRLINES FLIGHT 5665 DEPARTED OMAHA, NE, ENROUTE TO KANSAS CITY INTERNATIONAL AIRPORT. ON TAKEOFF THE LEFT FIRE T HANDLE ILLUMINATED. THE AIRCRAFT RETURNED TO OMAHA AND LANDED WITHOUT INCIDENT. THE AIRCRAFT WAS FERRIED TO KANSAS CITY. COMPANY MAINTENANCE FOUND A SHORT IN THE AFT (LEFT) FIRE LOOP WARNING SYSTEM, AND REPLACED IT.",BEECH,1900D,,"OPDEF, Other Than Pi;2612",,-4.065560573621918,-2.4691358024691357,-10.617044927479268,0.0,mild_decline,mild_decline,strong_decline,unknown,ASIAS
20010908025559I,2.0,,Unknown,Daylight,UNK,Unknown,Unknown,2001,9,"(-23) ON SEPTEMBER 8, 2001, AT APPROXIMATELY 1857 CDT, US AIR FLIGHT USA93, AIRBUS A321-211, N167US, LANDED AT KANS

(-23) ON SEPTEMBER 8, 2001, AT APPROXIMATELY 1857 CDT, US AIR FLIGHT USA93, AIRBUS A321-211, N167US, LANDED AT KANSAS CITY INTERNATIONAL AIRPORT, KANSAS CITY, MISSOURI, (MCI). THE FLIGHT WAS ENROUTE FROM PIT TO SAN AND DIVERTED TO MCI DUE TO NUMBER 2 ENGINE PROBLEM. AIRCRAFT LANDED WITHOUT ANY PROBLEMS AND TAXIED TO GATE. ENGINE WAS CHANGED AND AIRCRAFT RETURNED TO SERVICE. WITH THIS REPORT, INCIDENT #CE2001IAC0064 IS CONSIDERED CLOSED.",AIRBUS,A321211,,"OPDEF, Other Than Pi;7200",,-4.065560573621918,-2.4691358024691357,-10.617044927479268,0.0,mild_decline,mild_decline,strong_decline,unknown,ASIAS
20010902024999I,2.0,,IMC,Unknown,UNK,Unknown,Unknown,2001,9,"(-23) PILOT MADE AN EMERGENCY LANDING DUE TO A FUEL LEAK ON #1 ENGINE. THE PILOT NARRATIVE IN THE AIRCRAFT DISCREPA

(-23) PILOT MADE AN EMERGENCY LANDING DUE TO A FUEL LEAK ON #1 ENGINE. THE PILOT NARRATIVE IN THE AIRCRAFT DISCREPANCY LOG REPORTED A RAPIDLY DEVELOPING FUEL IMBALANCE OF 3000 LBS AT CRUISE ALTITUDE IN THE LEFT WING FUEL TANK. ENGINE FUEL CONSUMPTION WAS APPROXIMATELY EQUAL FOR BOTH ENGINES. THE CREW SUSPECTED A FUEL LEAK AT THE ENGINE AND ACTIVATED THE FIRE SWITCH TO CONTROL THE FUEL LOSS FROM THE TANK. FUEL STOPPED LEAKING SHORTLY AFTER SHUTDOWN. MAINTENANCE REMOVED AND REPLACED THE FUEL TUBE (HARD LINE) FROM THE FUEL HEATER TO THE ENGINE DRIVEN FUEL PUMP. THIS LINE WAS SPIRAL CRACKED 360 DEGREES IN THE TUBE WALL STARTING IN A WELDED AREA IN THE THICKER COLLAR AREA APPROXIMATELY 2 INCHES ABOVE THE ENGINE FUEL PUMP CONNECTION POINT.",AIRBUS,A319131,,"OPDEF, Other Than Pi;7310",,-4.065560573621918,-2.4691358024691357,-10.617044927479268,0.0,mild_decline,mild_decline,strong_decline,unknown,ASIAS
20010824030159I,2.0,,Unknown,Daylight,UNK,Other,Unknown,2001,8,"(-23) ^PRIVACY DATA OMITTED^

(-23) ^PRIVACY DATA OMITTED^",BOEING,737,,"Miscellaneous, Other;Cntl Intfr By Passen",,-2.021059715637319,-4.938271604938271,-10.617044927479268,0.0,mild_decline,mild_decline,strong_decline,unknown,ASIAS
20010828027239I,2.0,,VMC,Daylight,UNK,Unknown,Unknown,2001,8,"(-23) ON AUGUST 28, 2001, AT 1515 PDT, A HORIZON AIR FLIGHT 2185 EXPERIENCED A ""STIFFNESS"" IN THE ROLL CONTROL OF T

(-23) ON AUGUST 28, 2001, AT 1515 PDT, A HORIZON AIR FLIGHT 2185 EXPERIENCED A ""STIFFNESS"" IN THE ROLL CONTROL OF THE AIRCRAFT SHORTLY AFTER DEPARTING KLAMATH FALLS, OREGON AND CONTINUED TO THEIR PLANNED DESTINATION OF PORTLAND, OREGON. ENROUTE TO PORTLAND THE CREW REVIEWED THE ROLL CONTROL JAM CHECKLIST IN CASE THE CONTROLS DID JAM. THE CREW THEN DECIDED TO PULL THE ROLL DISCONNECT HANDLE AND DETERMINED THAT THE RIGHT CONTROL WHEEL WAS THE STIFF CONTROL. THEY THEN RE-ENGAGED THE ROLL CONTROL DISCONNECT HANDLE. THE FLIGHT LANDED WITHOUT FURTHER INCIDENT AT PORTLAND AT 1615 PDT. THERE WERE NO INJURIES TO THE CREW OR PASSENGERS. OTHER: A LETTER IS BEING PREPARED TO SEND TO HORIZON ASKING THEM TO RE-EVALUATE THE ADEQUACY OF THEIR MANUAL PROCEDURES AS RELATES TO THE FOLLOWING: ENROUTE EMERGENCY NOTIFICATION (FLIGHT CREW TO COMPANY), AND INTERNAL COMPANY EMERGENCY NOTIFICATION (DEPARTMENT TO DEPARTMENT).",DHAV,DHC8102,,"OPDEF, Other Than Pi;2710",,-2.021059715637319,-4.938271604938271,-10.617044927479268,0.0,mild_decline,mild_decline,strong_decline,unknown,ASIAS
20010924025609I,2.0,,VMC,Daylight,UNK,Unknown,Unknown,2001,9,"(-23) ON SEPTEMBER 24, 2001 AT APPROX. 1557 CDT AN AMERICAN AIRLINES DC9-82 REPORTED TO A.T.C. THAT IT HAD A PROBLE

(-23) ON SEPTEMBER 24, 2001 AT APPROX. 1557 CDT AN AMERICAN AIRLINES DC9-82 REPORTED TO A.T.C. THAT IT HAD A PROBLEM WITH INTERMITTENT HYDRAULICS. AIRCRAFT LANDED W/0 INCIDENT WITH EMERGENCY EQUIPMENT STANDING BY. MAINTENANCE CONCLUDED THAT A ""B"" NUT WAS LEAKING AT THE LEFT HAND THRUST REVERSER CONTROL VALVE. THE ""B"" NUT WAS RETORQUED, THE HYDRAULIC SYSTEM SERVICED AND THE AFFECTED SYSTEM WAS OPERATED AND FOUND OK. ENTRIES IN THE LOG BOOK INDICATED THE MALFUNCTION AND CORRECTIVE ACTIONS. AIRCRAFT RETURNED TO SERVICE. INCIDENT #CE2001IAC0068 IS CONSIDERED CLOSED.",DOUG,DC982,,"OPDEF, Other Than Pi;2910",,-4.065560573621918,-2.4691358024691357,-10.617044927479268,0.0,mild_decline,mild_decline,strong_decline,unknown,ASIAS
20011120032909I,2.0,,Unknown,Daylight,UNK,PIC,Unknown,2001,11,"(-23) ON 11/20/01, USAIR, FLIGHT 2415 AN AIRBUSE A-319, EXPERIENCED A BIRDSTRIKE ON ROTATION (LARGE HAWK). SUBSEQUE

(-23) ON 11/20/01, USAIR, FLIGHT 2415 AN AIRBUSE A-319, EXPERIENCED A BIRDSTRIKE ON ROTATION (LARGE HAWK). SUBSEQUENT NUMBER 2 ENGINE VIBRATION WAS REPORTED. RETURNED TO FIELD. DID NOT SHUT DOWN ENGINE AS IT CONTINUED TO PRODUCE POWER. TOTAL AIR TIME ABOUT 10 MINUTES. USAIR DISPATCHED MAINTENANCE PERSONNEL TO KANSAS CITY. MAINTENANCE PERFORMED A BIRDSTRIKE INSPECTION PER 72-00-00-200-006. FOUND EXCESSIVE DAMAGE TO BLADES AT POSITIONS 11,12,13. REMOVED AND REPLACED FAN BLADES PER 72-21-00-300-028. INCIDENT CE2001IAC0073 CONSIDERED CLOSED WITH THE FILING OF THIS REPORT.",AIRBUS,A319112,,"Miscellaneous, Other;Struck Birds In Flig",,-9.680405359176724,-11.688311688311682,-15.95682123316049,0.0,strong_decline,strong_decline,strong_decline,unknown,ASIAS
20011126032799I,2.0,,Unknown,Unknown,UNK,Unknown,Unknown,2001,11,"(-23) AT FLIGHT LEVEL 310, ENROUTE FROM HOUSTON (IAH) TO ELKO (EKO), THE HYDRAULIC QUANTITY GAGE DROPPED FROM 2 GAL

(-23) AT FLIGHT LEVEL 310, ENROUTE FROM HOUSTON (IAH) TO ELKO (EKO), THE HYDRAULIC QUANTITY GAGE DROPPED FROM 2 GALLONS TO 1 GALLON INDICATED. THE HYDRAULIC ""A"" SYSTEM PUMPS WERE TURNED OFF. QUANTITY CONTINUED TO DROP TO ZERO AND WITHIN 5 MINUTES THE ""B"" SYSTEM FAILED. BOTH ""A"" AND ""B"" SYSTEM PRESSURE GAGES WERE OBSERVED DROPPING TO ZERO SIMULTANEOUSLY. AN EMERGENCY WAS DECLARED AND THE AIRCRAFT DIVERTED INTO SALT LAKE CITY (SLC). MAINTENANCE FOUND A HOLE CHAFFED THROUGH A HYDRAULIC HARD LINE NEAR THE #1 ENGINE. BOTH HYDAULIC PUMPS WERE CHANGED DUE TO AN OPEN CIRCUIT ON THE #1 PUMP SOLENOID WHICH ALLOWED THE PUMPS TO RUN DRY. ALSO, THE PRESSURE REGULATOR IN THE HYDRAULIC RESERVOIR WAS REPLACED WHICH ALLOWED THE ""B"" SYSTEM TO DEPLETE.",BOEING,737214,,"OPDEF, Other Than Pi;2910",,-9.680405359176724,-11.688311688311682,-15.95682123316049,0.0,strong_decline,strong_decline,strong_decline,unknown,ASIAS
20011107031709I,2.0,,VMC,Daylight,UNK,PIC,Unknown,2001,11,"(-23) AIRCRAFT HIT POCKET OF TURB, PX WITHOUT SEAT BELT HIT HEAD ON OERHEAD COMPARTMENT, NO INJURY. FLIGHT ATTENDAN

(-23) AIRCRAFT HIT POCKET OF TURB, PX WITHOUT SEAT BELT HIT HEAD ON OERHEAD COMPARTMENT, NO INJURY. FLIGHT ATTENDANT ROBERT SCHEGBER WHILE ASKING PAX TO PUT SEAT BELT ON HIT HIS HEAD AND FELL TO FLOOR. AIRCRAFT LANDED WITHOUT INCIDENT. FLIGHT ATTENDANT TAKEN TO HOSPITAL AND RELEASED. NO INJURY.",DHAV,DHC8102,,"Miscellaneous, Other;Windshear",,-9.680405359176724,-11.688311688311682,-15.95682123316049,0.0,strong_decline,strong_decline,strong_decline,unknown,ASIAS
20011124031229I,2.0,,Unknown,Unknown,UNK,Unknown,Unknown,2001,11,"(-23) AT 2040E ON 11/24/01, A DO328, FLIGHT 4071, UPON LANDING ROLLOUT STRUCK A TAXI LIGHT AT APPROXIMATELY 5 KNOTS

(-23) AT 2040E ON 11/24/01, A DO328, FLIGHT 4071, UPON LANDING ROLLOUT STRUCK A TAXI LIGHT AT APPROXIMATELY 5 KNOTS. AIRCRAFT SUSTAINED NO DAMAGE. A/C WOULD NOT TURN LEFT. DISCREPANCY WRITTEN UP. SUBMISSION OF THIS REPORT CLOSES THE INCIDENT.",DORNER,DO328100,,"OPDEF, Other Than Pi;3250",,-9.680405359176724,-11.688311688311682,-15.95682123316049,0.0,strong_decline,strong_decline,strong_decline,unknown,ASIAS
20011019037219I,2.0,,Unknown,Night,UNK,PIC,Unknown,2001,10,"(-23) NO NARRATIVE.

(-23) NO NARRATIVE.",AIRBUS,A300B4605R,,"Miscellaneous, Other;Pilot Incap Excludes",,-6.737781618945493,-7.692307692307699,-15.95682123316049,0.0,strong_decline,strong_decline,strong_decline,unknown,ASIAS
20011008028439I,2.0,,Unknown,Daylight,UNK,Unknown,Unknown,2001,10,"(-23) ON MONDAY, OCTOBER 8, 2001, N354US, A B-737-301 OPERATED BY USAIRWAYS, INC., AFTER TAKEOFF AND DURING FLAP RE

(-23) ON MONDAY, OCTOBER 8, 2001, N354US, A B-737-301 OPERATED BY USAIRWAYS, INC., AFTER TAKEOFF AND DURING FLAP RETRACTION, THE FLAPS SPLIT AND AN ASSEMETRY TRIP RESULTED. THE AIRCRAFT RETURNED TO BUFFALO NIAGARA INTERNATIONAL AIRPORT AND LANDED UNEVENTFULLY. MAINTENANCE CHANGED A FLAP POSITION INDICATOR AND CLEANED THE CANNON PLUG. THE GROUND CHECK WAS OKAY AND THE AIRCRAFT WAS RETURNED TO SERVICE. THIS INCIDENT IS CONSIDERED CLOSED.",BOEING,737301,,"OPDEF, Other Than Pi;2751",,-6.737781618945493,-7.692307692307699,-15.95682123316049,0.0,strong_decline,strong_decline,strong_decline,unknown,ASIAS
20011026029069I,2.0,,Unknown,Daylight,UNK,Unknown,Unknown,2001,10,"(-23) ON 26 OCT 01, AIRCRAFT N426JS ABORTED TAKEOFF FROM RUNWAY 28R AT PIT. WHILE EXECUTING TAKE OFF ROLL, THE CREW

(-23) ON 26 OCT 01, AIRCRAFT N426JS ABORTED TAKEOFF FROM RUNWAY 28R AT PIT. WHILE EXECUTING TAKE OFF ROLL, THE CREW OF FLIGHT 4052 RECEIVED LEFT HAND SHAKER, PUSHER AND AOA CAS MESSAGES. THE CREW ABORTED TAKE OFF, PULLED ONTO THE TAXIWAY AND RADIOED MAINTENANCE CONTROL. BECAUSE THE MESSAGES HAD CLEARED, MAINTENANCE RECOMMENDED A SECOND ATTEMPT. SUBSEQUENT TAKE OFF PROVED SATISFACTORY.",DORNER,DO328100,,"OPDEF, Other Than Pi;3418",,-6.737781618945493,-7.692307692307699,-15.95682123316049,0.0,strong_decline,strong_decline,strong_decline,unknown,ASIAS
20011024028779I,2.0,,VMC,Daylight,UNK,Unknown,Unknown,2001,10,"(-23) FLIGHT 780 DEPARTED FAIRBANKS BOUND FOR BARTER ISLAND. THE CREW REPORTS THAT JUST AS THEY WERE LEVELING OFF A

(-23) FLIGHT 780 DEPARTED FAIRBANKS BOUND FOR BARTER ISLAND. THE CREW REPORTS THAT JUST AS THEY WERE LEVELING OFF AT FLIGHT LEVEL 250 THERE WAS A LOUD CRACK AND THE WINDSHIELD ON THE PILOTS SIDE CRACKED. THEY INITIATED AN EMERGENCY DESCENT PROCEDURE. THEY FOLLOWED THE APPROPRIATE CHECKLISTS AND PROCEDURES AND RETURNED TO FAIRBANKS WITHOUT FURTHER INCIDENT.",BEECH,1900C,,"OPDEF, Other Than Pi;5610",,-6.737781618945493,-7.692307692307699,-15.95682123316049,0.0,strong_decline,strong_decline,strong_decline,unknown,ASIAS
20011106031219I,2.0,,Unknown,Unknown,UNK,PIC,5000+,2001,11,"(-23) ON TAKEOFF THE AIRCRAFT STRUCK A DEER.

(-23) ON TAKEOFF THE AIRCRAFT STRUCK A DEER.",DHAV,DHC8202,,"Miscellaneous, Other;Struck Animal",,-9.680405359176724,-11.688311688311682,-15.95682123316049,0.0,strong_decline,strong_decline,strong_decline,unknown,ASIAS
20011108033369I,2.0,,Unknown,Daylight,UNK,Unknown,Unknown,2001,11,"(-23) SHUTDOWN OF #2 ENGINE IN FLIGHT. AIRCRAFT ENROUTE SFO TO ORD IN CRUISE AT FLIGHT LEVEL 370 WHEN CREW HEARD TH

(-23) SHUTDOWN OF #2 ENGINE IN FLIGHT. AIRCRAFT ENROUTE SFO TO ORD IN CRUISE AT FLIGHT LEVEL 370 WHEN CREW HEARD THREE LOUD BANGS. AFTER THIRD BANG POWER WAS REDUCED TO IDLE BUT EXHAUST GAS TEMPERATURE CLIMBED TO FIVE HUNDRED AND SEVENTY DEGREES. THE ENGINE WAS SECURED AND THE AIRCRAFT DIVERTED TO SLC. MAINTENANCE REPLACED A DAMAGED DELTA P SWITCH AND FAULTY ENGINE FUEL PRESSURE STATOR VANE ACTUATOR (SVA). FOLLOWING COMPONENT REPLACEMENTS AND TESTS, THE AIRCRAFT WAS RETURNED TO SERVICE.",BOEING,777222,,"OPDEF, Other Than Pi;7520",,-9.680405359176724,-11.688311688311682,-15.95682123316049,0.0,strong_decline,strong_decline,strong_decline,unknown,ASIAS
20011018029479I,2.0,,VMC,Unknown,UNK,Other,Unknown,2001,10,"(-23) AMERICAN EAGLE FLIGHT 4726, SF-340-340B, WHILE PARKED AT GATE 24 BOSTON, AT TERMINAL B, AT 0653 EDT, ON 10/18

(-23) AMERICAN EAGLE FLIGHT 4726, SF-340-340B, WHILE PARKED AT GATE 24 BOSTON, AT TERMINAL B, AT 0653 EDT, ON 10/18/01, WAS HIT BY A SMALL AMERICAN EALGE PASSENGER BUS (METRO TRANS). THE BUSSES ARE OWNED BY AMERICAN EAGLE, BUT DRIVEN BY ARGENBRIGHT SECURITY COMPANY BUS DRIVERS. THE LEFT NAVIGATION CLEAR LENS COVER ON THE LEFT WING TIP WAS SHATTERED. THE BUSSES RIGHT OUTSIDE REARVIEW MIRROR APPARENTLY HIT THE LEFT NAVIGATION CLEAR LENS COVER. THERE WAS MINIMAL DAMAGE TO THE ACTUAL WING TIP. FIFTEEN PASSENGERS WERE DEPLANED, NO INJURIES REPORTED. THE AIRCRAFT WAS SCHEDULED TO DEPART FOR WHITE PLAINS BY. AT 0700 EDT. BOSTON AMERICAN EAGLE MAINTENANCE REPLACED THE LEFT WING TIP AND LENS ASSEMBLY.",SAAB,340B,,"Miscellaneous, Other;Fail Avd Objs Or Obs",,-6.737781618945493,-7.692307692307699,-15.95682123316049,0.0,strong_decline,strong_decline,strong_decline,unknown,ASIAS
20011114030829I,2.0,,Unknown,Night,UNK,Unknown,Unknown,2001,11,"(-23) ON NOVEMBER 15, 2001, AFTER TAKE-OFF AIRCRAFT N805HK, TRANS-STATES AIRLINES FLIGHT #5268, GOT A #2 (RIGHT) EN

(-23) ON NOVEMBER 15, 2001, AFTER TAKE-OFF AIRCRAFT N805HK, TRANS-STATES AIRLINES FLIGHT #5268, GOT A #2 (RIGHT) ENGINE LOW OIL PRESSURE INDICATION. THE CAPTAIN ELECTED TO SHUT DOWN THE #2 ENGINE AND RETURN TO PIT. THE CREW DECLARED AN EMERGENCY AND LANDED ON RUNWAY 28R. ARFF RESPONDED AND THE AIRCRAFT TAXIED TO THE RAMP WITHOUT FURTHER INCIDENT.",EMB,EMB145,,"OPDEF, Other Than Pi;7923",,-9.680405359176724,-11.688311688311682,-15.95682123316049,0.0,strong_decline,strong_decline,strong_decline,unknown,ASIAS
20011124038419I,2.0,,VMC,Unknown,UNK,Unknown,Unknown,2001,11,"(-23) LINCOLN AIR TRAFFIC CONTROL TOWER REPORTED THAT AIR WISCONSIN AIRLINES FLIGHT 5746, DENVER, CO TO LINCOLN, NE

(-23) LINCOLN AIR TRAFFIC CONTROL TOWER REPORTED THAT AIR WISCONSIN AIRLINES FLIGHT 5746, DENVER, CO TO LINCOLN, NE, REPORTED A BAD GEAR INDICATOR LIGHT. THE TOWER GAVE VECTORS TO THE AIRCRAFT AND THE AIRCRAFT LANDED WITHOUT INCIDENT. NO INFORMATION COULD BE FOUND WITH THE AIRLINE NOR CONTRACT MAINTENANCE ABOUT THIS INCIDENT.",DORNER,DO328100,,Undetermined;3200,,-9.680405359176724,-11.688311688311682,-15.95682123316049,0.0,strong_decline,strong_decline,strong_decline,unknown,ASIAS
20011011027249I,2.0,,VMC,Daylight,UNK,Unknown,5000+,2001,10,"(-23) NO NARRATIVE.

(-23) NO NARRATIVE.",FOKKER,F28MK0100,,"OPDEF, Other Than Pi;2100",,-6.737781618945493,-7.692307692307699,-15.95682123316049,0.0,strong_decline,strong_decline,strong_decline,unknown,ASIAS
20011118035939I,2.0,,VMC,Daylight,UNK,Unknown,2000-5000,2001,11,"(-23) UAL FLIGHT 1671 ABORTED TAKE OFF 5 SECONDS FROM V1 DUE TO SMOKE FROM THE RIGHT ENGINE (SEEN BY ATC). THIS ACT

(-23) UAL FLIGHT 1671 ABORTED TAKE OFF 5 SECONDS FROM V1 DUE TO SMOKE FROM THE RIGHT ENGINE (SEEN BY ATC). THIS ACTION CAUSED 2 TIRES TO BLOW. THE PASSENGERS WERE DEPLANED OUT OF 1L VIA AIRSTAIRS ON TAXIWAY MIKE. NO INJURIES WERE REPORTED.",AIRBUS,A320232,,"OPDEF, Other Than Pi;7200",,-9.680405359176724,-11.688311688311682,-15.95682123316049,0.0,strong_decline,strong_decline,strong_decline,unknown,ASIAS
20011128032709I,2.0,,VMC,Daylight,UNK,Unknown,Unknown,2001,11,"(-23) ON NOVEMBER 28, 2001, MIDWEST EXPRESS AIRLINES, N216ME REPORTED TO ATC THAT IT HAD A GEAR PROBLEM ON TAKEOFF

(-23) ON NOVEMBER 28, 2001, MIDWEST EXPRESS AIRLINES, N216ME REPORTED TO ATC THAT IT HAD A GEAR PROBLEM ON TAKEOFF FROM MSY. THE AIRCRAFT LOG ENTRY INDICATED THAT AN AMBER GEAR DOOR OPEN LIGHT REMAINED ON AFTER THE GEAR WAS RETRACTED. THE UPLOCK WAS CHECKED AND FOUND TO BE OK AND THE A/C PROCEEDED TO MCI. THE FLIGHT CREW ACCOMPLISHED A ""GO AROUND"" AT MCI AND ACCOMPLISHED AN EMERGENCY GEAR EXTENSION PER THE QUICK REFERENCE HANDBOOK (QRH). THE A/C LANDED WITHOUT INCIDENT. THE LOG ENTRY INDICATES THE LANDING PROXIMITY BOX MALFUNCTIONED. IT WAS REPLACED PER MM 32-60=01, OPS CHECKED OKAY AND A/C WAS RETURNED TO SERVICE. INCIDENT NUMBER CE20021AAC0018 IS CONSIDERED CLOSED.",DOUG,DC932,,"OPDEF, Other Than Pi;3260",,-9.680405359176724,-11.688311688311682,-15.95682123316049,0.0,strong_decline,strong_decline,strong_decline,unknown,ASIAS
20020203000509I,2.0,,Unknown,Daylight,UNK,Unknown,Unknown,2002,2,"(-23) ON FEB 3, 2002, PSA AIRLINES FLIGHT #4194 RETURNED TO PIT WITH THE LEFT ENGINE SHUT DOWN. ARFF RESPONDED AND

(-23) ON FEB 3, 2002, PSA AIRLINES FLIGHT #4194 RETURNED TO PIT WITH THE LEFT ENGINE SHUT DOWN. ARFF RESPONDED AND THE AIRCRAFT LANDED ON RUNWAY 28R AND TAXIED TO THE RAMP WITHOUT FURTHER INCIDENT. THE LEFT ENGINE WAS SHUT DOWN DUE TO AN ENGINE SURGE THAT CAUSED THE AIRCRAFT TO YAW, THIS WAS IN CONJUNCTION WITH TORQUE FLUCTUATIONS OF 14-157% INDICATED. MAINTENANCE DETERMINED THAT THE ROOT CAUSE WAS A TORQUE SIGNAL CONDITIONER PUTTING OUT ERRONEOUS INDICATIONS. THE TORQUE SIGNAL CONDITIONER WAS REPLACED, POWER ASSURANCE RUNS WERE PERFORMED, AND THE AIRCRAFT REPOSITIONED TO ANOTHER MAINTENANCE BASE FOR A PROPELLER CHANGE. THIS INCIDENT WAS INVESTIGATED BY DESK AUDIT AND CLOSED.",DORNER,DO328100,,"OPDEF, Other Than Pi;7712",,-3.5631425880871093,-8.823529411764708,5.037890155073077,0.0,mild_decline,strong_decline,strong_growth,unknown,ASIAS
20011206032679I,2.0,,VMC,Daylight,UNK,Unknown,2000-5000,2001,12,"(-23) DURING CLIMB, PILOT REDUCED POWER FROM TAKE OFF SETTING TO NORMAL CLIMB SETTING. NUMBER TWO ENGINE TORQUE PRE

(-23) DURING CLIMB, PILOT REDUCED POWER FROM TAKE OFF SETTING TO NORMAL CLIMB SETTING. NUMBER TWO ENGINE TORQUE PRESSURE WOULD NOT REDUCE BELOW 36 PSI. PILOT SHUT DOWN NUMBER TWO ENGINE AND RETURNED TO BETHEL.",DHAV,DHC6300,,"OPDEF, Other Than Pi;7321",,-7.967263116490586,-25.316455696202546,-15.95682123316049,0.0,strong_decline,strong_decline,strong_decline,unknown,ASIAS
20020118018929I,2.0,,Unknown,Unknown,UNK,Other,Unknown,2002,1,"(-23) FLIGHT C0116 TAXIED OUT FOR TAKE OFF, BUT HAD TO RETURN TO GATE DUE TO A PASSENGER CREATING A PROBLEM BY NOT

(-23) FLIGHT C0116 TAXIED OUT FOR TAKE OFF, BUT HAD TO RETURN TO GATE DUE TO A PASSENGER CREATING A PROBLEM BY NOT FOLLOWING THE CABIN CREW REQUESTS. A VIOLATION OF FAR 121.580.",BOEING,737724,,"Miscellaneous, Other;Fail Follow Approved",,-6.5891650244403355,-15.277777777777779,5.037890155073077,0.0,strong_decline,strong_decline,strong_growth,unknown,ASIAS
20011209032619I,2.0,,Unknown,Daylight,UNK,Unknown,Unknown,2001,12,"(-23) ON DECEMBER 09, 2001, AT APPROXIMATELY 1655 CDT, AIR MIDWEST AIRLINES FLIGHT 5642, A BE 1900, N131YV, DEPARTE

(-23) ON DECEMBER 09, 2001, AT APPROXIMATELY 1655 CDT, AIR MIDWEST AIRLINES FLIGHT 5642, A BE 1900, N131YV, DEPARTED KANSAS CITY INTERNATIONAL AIRPORT, (MCI), AND RETURNED TO MCI DUE TO RIGHT ENGINE SHOWING HIGH TEMPERATURE INDICATION. PILOT DID NOT DECLARE EMERGENCY AND LANDED WITHOUT INCIDENT. FAULTY TEMPERATURE INDICATOR WAS REPLACED AND A/C RETURNED TO SERVICE. WITH THIS REPORT, INCIDENT #CE2002IAC022 IS CONSIDERED CLOSED.",BEECH,1900D,,"OPDEF, Other Than Pi;7722",,-7.967263116490586,-25.316455696202546,-15.95682123316049,0.0,strong_decline,strong_decline,strong_decline,unknown,ASIAS
20020110000609I,2.0,,Unknown,Unknown,UNK,PIC,Unknown,2002,1,"(-23)ON 01/10/02 BIG SKY AIRLINES FLIGHT 1318 EXPERIENCED BIRD INJESTION ON LEFT ENGINE WHILE ON APPROACH INTO JONE

(-23)ON 01/10/02 BIG SKY AIRLINES FLIGHT 1318 EXPERIENCED BIRD INJESTION ON LEFT ENGINE WHILE ON APPROACH INTO JONESBORO, AR. THE ENGINE EGT FLUCTUATED AND THE ENGINE EXPERIENCED TORQUE DECAY.  CREW SHUT ENGINE DOWN AND LANDED WITHOUT FURTHER INCIDENT.  MAINTENANCE REPLACED ENGINE.  LOCAL INCIDENT NUMBER INM0520020008.",SWRNGN,SA227AC,,"Miscellaneous, Other;Struck Birds In Flig",,-6.5891650244403355,-15.277777777777779,5.037890155073077,0.0,strong_decline,strong_decline,strong_growth,unknown,ASIAS
20020131001039I,2.0,,VMC,Daylight,UNK,Unknown,2000-5000,2002,1,"(-23) ON CLIMB OUT, AIRCRAFT N265SK, EMB-145-145, S/N 145226, WENT INTO AN UNCONTROLLABLE VERTICAL CLIMB. AIRCRAFT

(-23) ON CLIMB OUT, AIRCRAFT N265SK, EMB-145-145, S/N 145226, WENT INTO AN UNCONTROLLABLE VERTICAL CLIMB. AIRCRAFT PITCHED UP TO 6300 FT. WITH RUN-AWAY TRIM. FIRST OFFICER WAS FINALLY ABLE TO REGAIN CONTROL. CAPTAINS SIDE TRIM NOT WORKING.^PRIVACY DATA OMITTED^",EMB,EMB145,,"OPDEF, Other Than Pi;2731",,-6.5891650244403355,-15.277777777777779,5.037890155073077,0.0,strong_decline,strong_decline,strong_growth,unknown,ASIAS
20020203008999I,2.0,,VMC,Unknown,UNK,Unknown,Unknown,2002,2,"(-23) N762NW DC9-41, BEING OPERATED AS NORTHWEST AIRLINE FLIGHT 1817, FROM MEMPHIS, TN, TO OMAHA, NE DECLARED AN EM

(-23) N762NW DC9-41, BEING OPERATED AS NORTHWEST AIRLINE FLIGHT 1817, FROM MEMPHIS, TN, TO OMAHA, NE DECLARED AN EMERGENCY INBOUND TO OMAHA DUE TO A SLAT CONFIGURATION PROBLEM. THE CREW RECEIVED SLAT DISAGREEMENT LIGHTS AND THE AIRCRAFT ROLLED TO THE LEFT. THE AIRCRAFT LANDED WITHOUT INCIDENT. CONTRACT MAINTENANCE LUBRICATED THE TELESCOPING ANTI-ICE DUCTS (T DUCTS). THE AIRCRAFT CONTINUED TO MINNEAPOLIS. THE PROBLEM RECURRED ON APPROACH TO MINNEAPOLIS. THE AIRCRAFT WENT INTO MAINTENANCE TO CHECK THE RIGGING AND RESOLVE THE PROBLEM.",DOUG,DC941,,"OPDEF, Other Than Pi;2780",,-3.5631425880871093,-8.823529411764708,5.037890155073077,0.0,mild_decline,strong_decline,strong_growth,unknown,ASIAS
20020116008569I,2.0,,VMC,Daylight,UNK,Unknown,Unknown,2002,1,"(-23) AIR WISCONSIN FLIGHT 5743 ENROUTE LINCOLN, NE TO DENVER, CO RETURNED TO THE LINCOLN AIRPORT AFTER THE CREW RE

(-23) AIR WISCONSIN FLIGHT 5743 ENROUTE LINCOLN, NE TO DENVER, CO RETURNED TO THE LINCOLN AIRPORT AFTER THE CREW REPORTED A MINOR HYDRAULIC PROBLEM. THE AIRCRAFT LANDED SAFELY. CONTRACT MAINTENANCE INSPECTED THE AIRCRAFT FOR FLUID LEAKS, NONE WERE NOTED. SUSPECTING A WARNING LIGHT ELECTRICAL PROBLEM, THE AIRCRAFT WAS FERRIED TO A COMPANY MAINTENANCE BASE.",DORNER,DO328100,,"OPDEF, Other Than Pi;2930",,-6.5891650244403355,-15.277777777777779,5.037890155073077,0.0,strong_decline,strong_decline,strong_growth,unknown,ASIAS
20011227034219I,2.0,,VMC,Daylight,UNK,Unknown,Unknown,2001,12,"(-23) ON THURSDAY DECEMBER 27, 2001 AT 1142 LOCAL, EWR ATCT REPORTED TO CONTINENTAL AIRLINES, B777, N78005 THAT FUE

(-23) ON THURSDAY DECEMBER 27, 2001 AT 1142 LOCAL, EWR ATCT REPORTED TO CONTINENTAL AIRLINES, B777, N78005 THAT FUEL WAS COMING FROM THE LEFT WING DURING TAKE OFF AND CLIMB OUT. THE CONTINENTAL FLIGHT CREW CONFIRMED THAT THEY WERE LOSING FUEL AND ELECTED TO DECLARE AN EMERGENCY AND RETURN TO EWR. TEH FOLLOWING QUANTITIES WERE REPORTED BY THE FLIGHT CREW: TAKE OFF FUEL: 232000 LBS, LANDING FUEL: 72000 LBS, AMOUNT DUMPED: 14000+LBS, DUMP RATE: 11000 LB PER MINUTE, ALTITUDE: 7000FT. THE FLIGHT CREW JETTISONED APPROXIMATELY 140,000+POUNDS OF FUEL NORTH AND WEST OF THE SPARTA, NJ VOR. THE AIRCRAFT LANDED SAFELY AND TAXIED TO THE GATE UNDER ITS OWN POWER. CONTINENTAL MAINTENANCE REMOVED AND REPLACED THE LEFT SURGE TANK FLOAT VALVE AND THE LEFT OUTBOARD REFUEL VALVE FOR PRECAUTIONARY MEASURES. THE AIRCRAFT WAS THEN RETURNED TO SERVICE.",BOEING,777224,,"OPDEF, Other Than Pi;2810",,-7.967263116490586,-25.316455696202546,-15.95682123316049,0.0,strong_decline,strong_decline,strong_decline,unknown,ASIAS
20011228038119I,2.0,,Unknown,Daylight,UNK,PIC,Unknown,2001,12,"(-23) SEE ATTACHED NARRATIVE.

(-23) SEE ATTACHED NARRATIVE.",BOEING,737522,,Pilot Induced;Improper Oper Flt Cn,,-7.967263116490586,-25.316455696202546,-15.95682123316049,0.0,strong_decline,strong_decline,strong_decline,unknown,ASIAS
20011203034239I,2.0,,VMC,Daylight,UNK,Unknown,Unknown,2001,12,"(-23) INCIDENT REPORT HAR FDSO-13 (IEA1320020006) REPORTED BY OPERATIONS CENTER EASTERN REGION (CRUZ) ALLEGHENY (PC

(-23) INCIDENT REPORT HAR FDSO-13 (IEA1320020006) REPORTED BY OPERATIONS CENTER EASTERN REGION (CRUZ) ALLEGHENY (PCAA) FLIGHT 3900 DIVERTED INTO HARRISBURG, (KMDT) DUE TO SMOKE COMING FROM RADAR UNIT. LANDED ON RUNWAY 31 AT 1815 HOURS GMT (1315L). NO ASSISTANCE REQUIRED. TAXIED TO RAMP - NO PROBLEMS.",DHAV,DHC8102,,"OPDEF, Other Than Pi;3400",,-7.967263116490586,-25.316455696202546,-15.95682123316049,0.0,strong_decline,strong_decline,strong_decline,unknown,ASIAS
20020111000149I,2.0,,Unknown,Daylight,UNK,Unknown,Unknown,2002,1,"(-23) ON JANUARY 11, 2002, AIR MIDWEST FLIGHT #5545 A BE-1900-D WAS AT FL230 WHEN THE WINDSCREEN CRACKED. THE CREW

(-23) ON JANUARY 11, 2002, AIR MIDWEST FLIGHT #5545 A BE-1900-D WAS AT FL230 WHEN THE WINDSCREEN CRACKED. THE CREW IMMEDIATELY DECLARED AN EMERGENCY AND DESCENDED TO LOWER ALTITUDE. THE AIRCRAFT DIVERTED TO BFD AND LANDED WITHOUT FURTHER INCIDENT. A MAINTENANCE CREW WAS DISPATCHED AND THE WINDSCREEN REPLACED. THE AIRCRAFT WAS THEN RETURNED TO SERVICE. LOG PAGE #81660 DATED JANUARY 11, 2002. THIS INCIDENT WAS INVESTIGATED BY DESK AUDIT AND CLOSED.",BEECH,1900D,,"OPDEF, Other Than Pi;5610",,-6.5891650244403355,-15.277777777777779,5.037890155073077,0.0,strong_decline,strong_decline,strong_growth,unknown,ASIAS
20011212038429I,2.0,,VMC,Unknown,UNK,Unknown,Unknown,2001,12,"(-23) AIR WISCONSIN FLIGHT 1755 DIVERTED INTO OMAHA, NE BECAUSE OF AN EGRESS HATCH WARNING. CONTRACT MAINTENANCE FO

(-23) AIR WISCONSIN FLIGHT 1755 DIVERTED INTO OMAHA, NE BECAUSE OF AN EGRESS HATCH WARNING. CONTRACT MAINTENANCE FOUND THAT THE LEFT HAND EMERGENCY EXIT WARNING LIGHT HAD INDICATED AN UNSECURE EXIT. MAINTENANCE RIGGED THE PROXIMITY SWITCH AND APPROVED THE AIRCRAFT FOR RETURN TO SERVICE.",DORNER,DO328100,,"OPDEF, Other Than Pi;5270",,-7.967263116490586,-25.316455696202546,-15.95682123316049,0.0,strong_decline,strong_decline,strong_decline,unknown,ASIAS
20011218033849I,2.0,,IMC,Unknown,UNK,Other,Unknown,2001,12,"(-23) AT THE GATE WHILE AIRCRAFT WAS BEING BOARDED, GROUND PERSONNEL WAS PULLING CABIN HEATER AWAY FROM AIRCRAFT. T

(-23) AT THE GATE WHILE AIRCRAFT WAS BEING BOARDED, GROUND PERSONNEL WAS PULLING CABIN HEATER AWAY FROM AIRCRAFT. TUG STRUCK RIGHT SIDE OF AIRCRAFT APPROX 2.5 FT FORWARD OF SERVICE DOOR, MIDDLE OF FUSELAGE. FUSELAGE SKIN WAS TORN OPEN APPROX 6 INCHES, WITH ADDITIONAL SKIN CREASE OF APPROX 12 INCHES.",EMB,EMB145LR,,"Miscellaneous, Other;Fail Avd Objs Or Obs",,-7.967263116490586,-25.316455696202546,-15.95682123316049,0.0,strong_decline,strong_decline,strong_decline,unknown,ASIAS
20011214034289I,2.0,,IMC,Daylight,UNK,Unknown,5000+,2001,12,"(-23) AFTER TAKEOFF THERE WAS A HEADING MISMATCH. CREW RETURNED TO MDT WITH NO FURTHER INCIDENT. THERE WAS NO FIRE

(-23) AFTER TAKEOFF THERE WAS A HEADING MISMATCH. CREW RETURNED TO MDT WITH NO FURTHER INCIDENT. THERE WAS NO FIRE OR INJURIES RESULTING FROM THIS INCIDENT. THE AHRS COMPUTER WAS REPLACED AND THE AIRCRAFT WAS RETURNED TO SERVICE. THIS INCIDENT IS CONSIDERED CLOSED.",DHAV,DHC8102,,"OPDEF, Other Than Pi;3425",,-7.967263116490586,-25.316455696202546,-15.95682123316049,0.0,strong_decline,strong_decline,strong_decline,unknown,ASIAS
20011209038459I,2.0,,Unknown,Unknown,UNK,Other,5000+,2001,12,"(-23) ON DECEMBER 9, 2001 SOUTHWEST AIRLINES FLIGHT 2645, ENROUTE FROM TULSA TO KANSAS CITY INTERNATIONAL AIRPORT (

(-23) ON DECEMBER 9, 2001 SOUTHWEST AIRLINES FLIGHT 2645, ENROUTE FROM TULSA TO KANSAS CITY INTERNATIONAL AIRPORT (MCI), EXPERIENCED UNEXPECTED MODERATED TURBULENCE WHILE CLIMBING TO THEIR CRUISE ALTITUDE OF FL240. CABIN ATTENDANT ERIKA MAYES WAS TAKING DRINK ORDERS FROM THE PASSENGERS WHEN THE TURBULENCE CAUSED HER TO BE THROWN TO THE FLOOR AT WHICH TIME SHE SUFFERED A BACK INJURY. AFTER LANDING AT MCI MS. MAYES WAS TAKEN OFF THE FOLLOWING FLIGHT DUE TO THIS INJURY WHICH WAS LATER DIAGNOSED AS AN ACUTE CERVICAL STRAIN. INCIDENT NUMBER ^PRIVACY DATA ^ IS CONSIDERED CLOSED WITH THE FILING OF THIS REPORT - REF. ^PRIVACY DATA OMITTED^",BOEING,7373H4,,"Miscellaneous, Other;Other, Miscellaneous",,-7.967263116490586,-25.316455696202546,-15.95682123316049,0.0,strong_decline,strong_decline,strong_decline,unknown,ASIAS
20020107002819I,2.0,,IMC,Daylight,UNK,Unknown,Unknown,2002,1,"(-23) ON FLIGHT 2331 FROM LEWISTON IDAHO TO SEATTLE WASHINGTON CREW NOTED NOISE AND VIBRATION ON APPROACH TO SEATAC

(-23) ON FLIGHT 2331 FROM LEWISTON IDAHO TO SEATTLE WASHINGTON CREW NOTED NOISE AND VIBRATION ON APPROACH TO SEATAC. ON POSTFLIGHT INSPECTION CREW NOTED THAT NUMBER #1 LEFT HORIZONTAL STABILIZER DE-ICE BOOT WAS MISSING FROM AIRCRAFT. MAINTENANCE REMOVED AND REPLACED LEADING EDGE ASSEMBLY. BOOT ASSEMBLY TIME SINCE INSTALLED ON LEADING EDGE WAS 4300 HOURS. DE-ICE BOOTS INSPECTION AND MAINTENANCE PROGRAM UNDER REVIEW BY CARRIER AND FSDO.",DHAV,DHC8202,,"OPDEF, Other Than Pi;3010",,-6.5891650244403355,-15.277777777777779,5.037890155073077,0.0,strong_decline,strong_decline,strong_growth,unknown,ASIAS
20020201001559I,2.0,,IMC,Daylight,UNK,Unknown,Unknown,2002,2,"(-23) ON FRIDAY, FEBRUARY 01, 2002, AT 0720 EST, AN EMBRAER EMB-145, N277SK, FLIGHT 4906, OPERATED BY CHAUTAUQUA AI

(-23) ON FRIDAY, FEBRUARY 01, 2002, AT 0720 EST, AN EMBRAER EMB-145, N277SK, FLIGHT 4906, OPERATED BY CHAUTAUQUA AIRLINES, AFTER DEPARTURE FROM THE BUFFALO NIAGARA INTERNATIONAL AIRPORT ENROUT TO BOSTON, MA, REPORTED BEING UNABLE TO RETRACT THE LANDING GEAR. THE AIRCRAFT RETURNED TO BUF, A LANDING WAS ACCOMPLISHED AND THE AIRCRAFT TAXIED TO THE RAMP WITHOUT INCIDENT. FIRE AND RESCUE RESPONDED. THERE WERE NO INJURIES. THE MECHANIC FOUND THE LANDING GEAR WHEEL WELLS PACKED WITH SNOW AND ICE. THE MECHANICS CLEANED THE LANDING GEAR WHEEL WELLS. AN OPERATIONAL CHECK WAS SATISFACTORY AND THE AIRCRAFT RETURNED TO SERVICE. THIS INCIDENT IS CONSIDERED CLOSED.",EMB,EMB145,,"Miscellaneous, Other;3200",,-3.5631425880871093,-8.823529411764708,5.037890155073077,0.0,mild_decline,strong_decline,strong_growth,unknown,ASIAS
20011231034859I,2.0,,IMC,Night,UNK,Unknown,Unknown,2001,12,"(-23) ON DECEMBER 31, 2001, SOUTHWEST AIRLINES, FLT 109, N782SA, REPORTED TO ATC THAT IT HAD NO THROTTLE RESPONSE O

(-23) ON DECEMBER 31, 2001, SOUTHWEST AIRLINES, FLT 109, N782SA, REPORTED TO ATC THAT IT HAD NO THROTTLE RESPONSE ON THE NUMBER ONE ENGINE AND SHUT DOWN THE ENGINE, AND DECLARED AN EMERGENCY. THE A/C LANDED W/O INCIDENT. LOG ENTRY INDICATES MAINTENANCE ACCOMPLISHED POWER ASSURANCE RUNS, ACCELERATION CHECKS, EEC BIT CHECKS, ALL CHECKED GOOD. A/C WAS RETURNED TO SERVICE. ADDITIONALLY PHX. MAINTENANCE REPLACED THE NUMBER ONE ENGINE HMU PER THE M/M, OPS CHECKED OK. A/C WAS RETURNED TO SERVICE. INCIDENT NUMBER CE2002IAC0025 IS CONSIDERED CLOSED.",BOEING,7377H4,,"OPDEF, Other Than Pi;7320",,-7.967263116490586,-25.316455696202546,-15.95682123316049,0.0,strong_decline,strong_decline,strong_decline,unknown,ASIAS
20011214035289I,2.0,,IMC,Unknown,UNK,Unknown,Unknown,2001,12,"(-23) DELTA AIRLINES FLT 218 SLC-DFW. AT 500 FT AGL A CLAMP ON THE NUMBER 2 ENGINE BLEED AIR DUCT FAILED ALLOWING P

(-23) DELTA AIRLINES FLT 218 SLC-DFW. AT 500 FT AGL A CLAMP ON THE NUMBER 2 ENGINE BLEED AIR DUCT FAILED ALLOWING PRESSURIZED HOT AIR INTO THE AFT CARGO BAY. SIMULATANEOUSLY THE AFT CARGO FIRE LIGHT ILLUMINATED AND SMOKE OCCURED IN THE COCKPIT AND AFT CABIN. THE AIRCREW DISCHARGED BOTH FIRE BOTTLES WITHOUT EFFECT AS THE LIGHT REMAINED ILLUMINATED. THE AIRCREW DECLARED AN EMERGENCY AND EXECUTED AN EMERGENCY RETURN TO SLC. THE AIRCRAFT MADE A FULL STOP AND SHUTDOWN ON THE RUNWAY. EVACUATION WAS ACCOMPLISHED VIA THE L1 CHUTE. NO INJURIES TO THE AIRCREW AND PASSENGERS. NO FIRE. THIS IS A FINAL REPORT. REPORT WILL BE AMENDED AS NECESSARY PENDING EVALUATION OF THE CLAMP BY THE NTSB.",BOEING,727247,,"OPDEF, Other Than Pi;3610",,-7.967263116490586,-25.316455696202546,-15.95682123316049,0.0,strong_decline,strong_decline,strong_decline,unknown,ASIAS
20020107000089I,2.0,,Unknown,Daylight,UNK,Unknown,Unknown,2002,1,"(-23) DURING DEPARTURE AND CLIMB OUT OF CVG, DELTA FLT. 9221 HAD A LEFT AIR CONDITIONING PACK TEMPERATURE HIGH INDI

(-23) DURING DEPARTURE AND CLIMB OUT OF CVG, DELTA FLT. 9221 HAD A LEFT AIR CONDITIONING PACK TEMPERATURE HIGH INDICATION AND THE CREW SHUT THE LEFT PACK OFF. THEN THE RIGHT AIR CONDITIONING PACK SHUT DOWN DUE TO A BLOWN DUCT. PASSENGER OXYGEN MASKS WERE DEPLOYED WHEN CABIN EXCEEDED 14,000 FT. AIRCRAFT DIVERTED TO SDF AND PASSENERS WERE DEPLANED ON THE RUNWAY USING THE AFT AIRSTAIRS. AIRCRAFT WAS FERRIED BACK TO CVG AS FLIGHT 9935 FOR MAINTENANCE. TROUBLESHOOTING DISCLOSED THAT THE LEFT AND RIGHT AUG. VALVE ""DOWN STREAM"" SENSE LINES WERE CAPPED OFF. ALSO DISCOVERED, RIGHT DUCT AT ACM DISCHARGE DISCONNECTED. TALKS WITH DELTA PERSONNEL VERIFIED THAT MAINTENANCE WAS PERFORMED IN AFFECTED AREAS THE NIGHT BEFORE SCHEDULED FLT 9221.",DOUG,MD88,,Improper Maintenance;3610,,-6.5891650244403355,-15.277777777777779,5.037890155073077,0.0,strong_decline,strong_decline,strong_growth,unknown,ASIAS
20011224032609I,2.0,,VMC,Unknown,UNK,Unknown,Unknown,2001,12,"(-23) ON 12/24/01, AT 07:24 LOCAL TIME AIR MIDWEST FLIGHT (AMWA) FLIGHT #5455 ENROUTE FROM SHENANDOAH VALLEY REGION

(-23) ON 12/24/01, AT 07:24 LOCAL TIME AIR MIDWEST FLIGHT (AMWA) FLIGHT #5455 ENROUTE FROM SHENANDOAH VALLEY REGIONAL AIRPORT (SHD), TO PITTSBURGH INTERNATIONAL AIRPORT (PIT). THE FLIGHT CREW WAS UNABLE TO EXTEND THE LANDING GEAR BY NORMAL EXTENSION METHODS, THE EMERGENCY EXTENSION PROCEDURES WERE USED, LANDING GEAR EXTENDED, AND AIRCRAFT LANDED WITHOUT INCIDENT. SEVEN PASSENGERS WERE DEPLANED ON RUNWAY 28R AND TRANSPORTED TO THE TERMINAL BY SHUTTLE BUS. THERE WERE NO INJURIES TO PASSENGERS OR CREW. IT WAS DETERMINED THAT A HYDRAULIC POWER PACK AND RELAY AHD FAILED, THIS ITEM WAS REMOVED AND REPLACED AS PER MARK FORSYTHE, AMWA MAINT LOCATED IN DUBOIS PA (DUJ), OPS CHECK GOOD, AIRCRAFT WAS RETURNED TO SERVICE. SUBMISSION OF THIS REPORT CLOSES THIS INCIDENT.",BEECH,1900D,,"OPDEF, Other Than Pi;2913",,-7.967263116490586,-25.316455696202546,-15.95682123316049,0.0,strong_decline,strong_decline,strong_decline,unknown,ASIAS
20011225038369I,2.0,,VMC,Daylight,UNK,Unknown,Unknown,2001,12,"(-23) AMERICA WEST FLIGHT 513 INBOUND TO OMAHA DECLARED AN EMERGENCY DUE TO A FLAP PROBLEM. AIRCRAFT LANDED WITHOUT

(-23) AMERICA WEST FLIGHT 513 INBOUND TO OMAHA DECLARED AN EMERGENCY DUE TO A FLAP PROBLEM. AIRCRAFT LANDED WITHOUT INCIDENT. CONTRACT MAINTENANCE CHANGED THE FLAP TRANSMITTER.",BOEING,7373G7,,"OPDEF, Other Than Pi;2751",,-7.967263116490586,-25.316455696202546,-15.95682123316049,0.0,strong_decline,strong_decline,strong_decline,unknown,ASIAS
20020103005889I,2.0,,Unknown,Night,UNK,Other,Unknown,2002,1,"(-23) THE PASSENGER MR. ROBERT STOCKBURGER MD, WAS ASKED TO TAKE HIS SEAT PRIOR TO THE AIRCRAFT MOVING, THEN AGAIN

(-23) THE PASSENGER MR. ROBERT STOCKBURGER MD, WAS ASKED TO TAKE HIS SEAT PRIOR TO THE AIRCRAFT MOVING, THEN AGAIN AFTER THE AIRCRAFT STARTED TO TAXI. AFTER DEPARTURE THE PASSENGER GOT OUT OF HIS SEAT AGAIN AND WAS TOLD TO BE SEATED. THE PASSENGER WENT TO HIS SEAT, PICKED UP A BOOK AND WENT TO THE LAV AND LOCKED HIMSELF IN FOR SEVERAL MINUTES. HIS WIFE PERSUADED HIM TO COME OUT. THE FLIGHT ATTENDANTS BECAME CONCERNED AND REQUESTED THE CAPTAIN LAND AND DEPLANE THE PASSENGER. THE BOEING 757 LANDED IN EL PASO, TX.",BOEING,757223,,"Miscellaneous, Other;Cntl Intfr By Passen",,-6.5891650244403355,-15.277777777777779,5.037890155073077,0.0,strong_decline,strong_decline,strong_growth,unknown,ASIAS
20011225037499I,2.0,,Unknown,Daylight,UNK,Other,Unknown,2001,12,"(-23) CONTINENTAL FLIGHT 627 WAS DIVERTED TO EIP DUE TO DISTURBANCE BETWEEN PAX AND FLIGHT ATTENDANT.

(-23) CONTINENTAL FLIGHT 627 WAS DIVERTED TO EIP DUE TO DISTURBANCE BETWEEN PAX AND FLIGHT ATTENDANT.",BOEING,757*,,"Miscellaneous, Other;Other, Miscellaneous",,-7.967263116490586,-25.316455696202546,-15.95682123316049,0.0,strong_decline,strong_decline,strong_decline,unknown,ASIAS
20020115000479I,2.0,,Unknown,Daylight,UNK,Unknown,Unknown,2002,1,"(-23) ON TUESDAY JANUARY 15, 2002 AT 1610E A CONTINENTAL AIRLINES INC, B737-524, N17644 FLIGHT 860 LANDED ON RUNWAY

(-23) ON TUESDAY JANUARY 15, 2002 AT 1610E A CONTINENTAL AIRLINES INC, B737-524, N17644 FLIGHT 860 LANDED ON RUNWAY 22 IN EWR AFTER REPORTING A NBR 2 ENGINE IN FLIGHT SHUT DOWN. THE ARFF RESPONDED AND THE AIRCRAFT TAXIED TO THE RAMP WITHOUT FURTHER INCIDENT. THE FLIGHT CREW RECORDED IN THE AIRCRAFT LOGBOOK THAT THE NBR 2 ENG STAYED AT 90% POWER AND WOULD NOT INCREASE OR DECREASE WITH THROTTLE LEVER MOVEMENT. THEY ELECTED TO SHUT DOWN THE POWER AND WOULD NOT INCREASE OR DECREASE WITH THROTTLE LEVER MOVEMENT. THEY ELECTED TO SHUT DOWN THE ENGINE BEFORE LANDING. CONTINENTAL AIRLINES MAINTENANCE INVESTIGATED THE PROBLEM AND FOUND THE NBR 2 ENGINE THROTTLE CABLE HAD SNAPPED IN THE SECOND QUADRANT. THE SECOND QUADRANT IS LOCATED BETWEEN THE CARGO COMPARTMENT AND THE ENGINE PYLON. IT ROUTES THE CABLES ALONG THE LEADING EDGE OF THE WING. THE CABLE WAS REPLACED AND THE AIRCRAFT WAS RETURNED TO SERVICE. THE BROKEN CABLE WAS FORWARDED TO CALA ENGINEERING.",BOEING,737524,,"OPDEF, Other Than Pi;7603",,-6.5891650244403355,-15.277777777777779,5.037890155073077,0.0,strong_decline,strong_decline,strong_growth,unknown,ASIAS
20011215038449I,2.0,,VMC,Daylight,UNK,Unknown,Unknown,2001,12,"(-23) AMERICAN AIRLINES FLIGHT 781 ENROUTE FROM DALLAS, TX TO OMAHA, NE, CLIMBING THRU FL240 THE TAIL COMPARTMENT T

(-23) AMERICAN AIRLINES FLIGHT 781 ENROUTE FROM DALLAS, TX TO OMAHA, NE, CLIMBING THRU FL240 THE TAIL COMPARTMENT TEMPERATURE WARNING LIGHT ILLUMINATED CLIMBING THRU FL240. THE CREW TURNED OFF THE LEFT AIRCONDITIONING PACK AND BEGAN A SLOW DESCENT. THE SYSTEM WAS UNABLE TO MAINTAIN CABIN PRESSURE ON THE RIGHT PACK ABOVE 17,000. THE AIRCRAFT LANDED WITHOUT INCIDENT. CONTRACT MAINTENANCE FOUND THE RIGHT AIRCONDITIONING PACK BAD AND DEFERRED IT PER MEL 21-1A.",DOUG,DC982,,"OPDEF, Other Than Pi;2150",,-7.967263116490586,-25.316455696202546,-15.95682123316049,0.0,strong_decline,strong_decline,strong_decline,unknown,ASIAS
20011215035889I,2.0,,Unknown,Daylight,UNK,Unknown,Unknown,2001,12,"(-23) LEFT SIDE POWER DISTRIBUTION UNIT FAILED AND WAS REPLACED BY FORT WAYNE MAINTENANCE.^PRIVACY DATA OMITTED^

(-23) LEFT SIDE POWER DISTRIBUTION UNIT FAILED AND WAS REPLACED BY FORT WAYNE MAINTENANCE.^PRIVACY DATA OMITTED^",SAAB,SF340A,,"OPDEF, Other Than Pi;2450",,-7.967263116490586,-25.316455696202546,-15.95682123316049,0.0,strong_decline,strong_decline,strong_decline,unknown,ASIAS
20020330017849I,2.0,,Unknown,Daylight,UNK,Unknown,Unknown,2002,3,"(-23) ON SATURDAY, MARCH 30, 2002, AT 1036 EST, AN EMB-145, N13929, DIVERTED INTO SYRACUSE, NY (SYR) FOR #1 ENGINE

(-23) ON SATURDAY, MARCH 30, 2002, AT 1036 EST, AN EMB-145, N13929, DIVERTED INTO SYRACUSE, NY (SYR) FOR #1 ENGINE SHUTDOWN DUE TO A BLEED AIR LEAK. THE ARFF RESPONDED AND THE AIRCRAFT TAXIED TO THE RAMP WITHOUT INCIDENT. MAINTENANCE TIGHTENED A CLAMP AT THE STABILIZER ANTI-ICE VALVE I.A.W. EMB-145 AMM 30-12-00. LEAK CHECK GOOD I.A.W. 30-00-00. THIS INCIDENT IS CONSIDERED CLOSED.",EMB,EMB145ER,,"OPDEF, Other Than Pi;3010",,-2.642924732730789,5.084745762711873,5.037890155073077,0.0,mild_decline,strong_growth,strong_growth,unknown,ASIAS
20020320004609I,2.0,,Unknown,Unknown,UNK,Unknown,Unknown,2002,3,"(-23) ON WEDNESDAY, MARCH 20, 2002, NORTHWEST AIRLINES FLIGHT 366 DEPARTED DTW AND WAS CLIMBING THROUGH FL 33 WHEN

(-23) ON WEDNESDAY, MARCH 20, 2002, NORTHWEST AIRLINES FLIGHT 366 DEPARTED DTW AND WAS CLIMBING THROUGH FL 33 WHEN THE LEFTHAND ENGINE EXPERIENCED A COMPRESSOR STALL. POWER WAS REDUCED TO 2.0 EPR AND THE CREW ELECTED TO DIVERT TO BUF. THE ENGINE WAS NOT SHUT DOWN AND THE LANDING AND DISEMBARKATION OF THE PASSENGERS AT THE TERMINAL WAS ACCOMPLISHED UNREMARKABLY. NORTHWEST AIRLINES MECHANICS FROM ATL ARRIVED, REPLACED THE P & D VALVE AND THE ENGINE BLEED VALVE. A LARGE PIECE OF CARDBOARD TAG WAS FOUND IN THE INLET OF THE ENGINE. A TEST RUN SHOWED NO IMPROVEMENT AND THE DECISION WAS THEN MADE TO CHANGE THE ENGINE. THE LOGBOOK HISTORY SHOWS A COMPRESSOR STALL UPON RPLA EARLIER IN THE MONTH. THIS INCIDENT IS CONSIDERED CLOSED.",DOUG,DC931,,"OPDEF, Other Than Pi;7230",,-2.642924732730789,5.084745762711873,5.037890155073077,0.0,mild_decline,strong_growth,strong_growth,unknown,ASIAS
20020311003679I,2.0,,Unknown,Unknown,UNK,Other,Unknown,2002,3,"(-23) A FOOD & BEVERAGE (FAB) CART RAN INTO THE TAIL CONE OF N353PH DURING PUSH-BACK GROUND OPERATIONS AT SEA-TAC I

(-23) A FOOD & BEVERAGE (FAB) CART RAN INTO THE TAIL CONE OF N353PH DURING PUSH-BACK GROUND OPERATIONS AT SEA-TAC INTL. AIRPORT. THE AIRCRAFT SUSTAINED MINOR DAMAGE AND WAS TAKEN OUT OF SERVICE FOR MAINTENANCE & INSPECTION. SEE AIRCRAFT MAINTENANCE LOG B69590. BASED ON A STATEMENT PROVIDED BY THE OPERATOR OF THE FAB CART, SHE BECAME HURRIED AND ACCIDENTALLY RAN INTO THE AIRCRAFT.^PRIVACY DATA OMITTED^",DHAV,DHC8202,,"Miscellaneous, Other;Fail Avoid Ac None A",,-2.642924732730789,5.084745762711873,5.037890155073077,0.0,mild_decline,strong_growth,strong_growth,unknown,ASIAS
20020301008319I,2.0,,VMC,Daylight,UNK,Unknown,Unknown,2002,3,"(-23) VANGUARD FLIGHT 400 REPORTED SHAKING IN THE AIRCRAFT. RETURNED TO MCI TO CHECK OUT PROBLEM AND LANDED WITHOUT

(-23) VANGUARD FLIGHT 400 REPORTED SHAKING IN THE AIRCRAFT. RETURNED TO MCI TO CHECK OUT PROBLEM AND LANDED WITHOUT INCIDENT AT 1630Z. FLIGHT ATTENDANT REPORTED VIBRATION FELT IN HER FEET IN AFT GALLEY AREA, AND REPORTED INFORMATION TO THE CAPT. VANGUARD PERFORMED INSPECTION OF THE AIRCRAFT IAW SERVICE LETTER 737-SL-00-002-D. INSPECTION FINDINGS. 1. LEFT ELEVATOR TRIM TAB HINGE WORN. REMOVED AND REPLACED HINGE ASSY. 2. LEFT AFT LAV SERVICE DOOR PROTRUDING INTO SLIP STREAM. REMOVED AND REPLACED DOOR ASSY. THIS REPORT,^PRIVACY DATA OMITTED^ IS CONSIDERED CLOSED.",BOEING,737230,,"OPDEF, Other Than Pi;5520",,-2.642924732730789,5.084745762711873,5.037890155073077,0.0,mild_decline,strong_growth,strong_growth,unknown,ASIAS
20020312009109I,2.0,,VMC,Unknown,UNK,Unknown,Unknown,2002,3,"(-23) N8580A, CL600, BEING OPERATED BY EXPRESS AIRLINES I, INC, DBA AS NORTHWEST AIRLINE FLIGHT 5686, DEPARTED OMAH

(-23) N8580A, CL600, BEING OPERATED BY EXPRESS AIRLINES I, INC, DBA AS NORTHWEST AIRLINE FLIGHT 5686, DEPARTED OMAHA, NE ENROUTE TO DETROIT, MI. DURING CLIMB THE PILOT DECLARED AN EMERGENCY AND RETURNED TO OMAHA DUE TO TRIM PROBLEMS. THE AIRCRAFT LANDED SAFELY. THE CREW TOLD COMPANY PERSONNEL THAT THE STABILATOR TRIM INOPERATIVE WARNING HAD ACTIVATED AND THEY RETURNED. FOLLOWING COMPANY PROCEDURES THE CREW PERFORMED THE CHECKLIST FOR STABILATOR TRIM INOP, INCLUDING SHUT DOWN AND START-UP OF THE AIRCRAFT SYSTEMS. THERE WERE NO DISCREPANCIES. THE CREW DEPARTED. ENROUTE THE CREW EXPERIENCED THE SAME PROBLEM, THEY LANDED SAFELY AT THEIR DESTINATION. AT DETROIT COMPANY MECHANICS REPLACED THE TRIM ACTUATOR AND MOTOR CONTROL UNIT.",CNDAIR,CL6002B19,,"OPDEF, Other Than Pi;2742",,-2.642924732730789,5.084745762711873,5.037890155073077,0.0,mild_decline,strong_growth,strong_growth,unknown,ASIAS
20020328005769I,2.0,,Unknown,Daylight,UNK,Unknown,Unknown,2002,3,"(-23) RECEIVED PRELIMINARY INCIDENT REPORT FROM ROC. EVA FLT 32 INBOUND TO SEATTLE REPORTED A NOSE GEAR STEERING PR

(-23) RECEIVED PRELIMINARY INCIDENT REPORT FROM ROC. EVA FLT 32 INBOUND TO SEATTLE REPORTED A NOSE GEAR STEERING PROBLEM AFTER LANDING ON RUNWAY 16R. THE AIRCRAFT VEERED TO THE RIGHT, STOPPED AND HAD TO BE TOWED TO THE GATE.  RECEIVED COPIES OF THE LOG PAGES SHOWING THE AIRCRAFT HAVING A BODY GEAR STEERING EICAS MESSAGE.  DELTA AIRLINES CONTRACT MAINTENANCE VERIFIED NOSE WHEEL STEERING OPERATED NORMAL AND DEACTIVATED BODY GEAR STEERING SYSTEM PER MEL PROCEDURES.",BOEING,74745E,,"OPDEF, Other Than Pi;3250",,-2.642924732730789,5.084745762711873,5.037890155073077,0.0,mild_decline,strong_growth,strong_growth,unknown,ASIAS
20020321004349I,2.0,,Unknown,Unknown,UNK,Unknown,Unknown,2002,3,"(-23) ON MARCH 21, 2992, N810EX, FLIGHT #4485 A SHUTTLE AMERICA DHC-8-102 SHURT DOWN THE NUMBER ONE ENGINE DUE TO T

(-23) ON MARCH 21, 2992, N810EX, FLIGHT #4485 A SHUTTLE AMERICA DHC-8-102 SHURT DOWN THE NUMBER ONE ENGINE DUE TO THE FACT THAT THE OIL PRESSURE DROPPED BELOW 40 PSI AND THE APPROPRIATE WARNING LIGHTS ILLUMINATED. THE AIRCRAFT LANDED ON RUNWAY 20, ARFF RESPONDED AND THE AIRCRAFT TAXIED TO THE RAMP WITHOUT FURTHER INCIDENT. THE AIRCRAFT WAS SERVICED WITH SIX QUARTS OF OIL AND GROUND RAN AND THE OIL COOLER FOR THE NUMBER ONE WAS FOUND TO BE LEAKING. THE OIL COOLER WAS REPLACED AND THE AIRCRAFT RETURNED TO SERVICE. OIL COOLDER P/N 879005, S/N 880409, TIME ON PART 2087 HOURS/2220 CYCLES. THIS INCIDENT WAS INVESTIGATED BY DESK AUDIT AND IS CONSIDERED CLOSED.",DHAV,DHC8102,,"OPDEF, Other Than Pi;7921",,-2.642924732730789,5.084745762711873,5.037890155073077,0.0,mild_decline,strong_growth,strong_growth,unknown,ASIAS
20020320006969I,2.0,,VMC,Daylight,UNK,Unknown,Unknown,2002,3,"(-23)^PRIVACY DATA OMITTED^ AFTER TAKEOFF AND CLIMB, THE AIRCRAFT EXPERIENCED A PRESSURIZATION ""BUMP"" AND ONE OF TH

(-23)^PRIVACY DATA OMITTED^ AFTER TAKEOFF AND CLIMB, THE AIRCRAFT EXPERIENCED A PRESSURIZATION ""BUMP"" AND ONE OF THE CABIN ATTENDANTS INFORMED THE CREW OF A SOUND COMING FROM THE EMPENNAGE AREA. THE CREW DECLARED AN EMERGENCY AND RETURNED TO BMI WHERE AN UNEVENTFUL LANDING WAS MADE. ATL MAINTENANCE WAS DISPATCHED TO BMI WHERE THEY FOUND A SEAL BLOWN OUT ON THE DISTRIBUTION DUCT FOR THE RIGHT PACK AND A HOSE THAT HAD BECOME DISCONNECTED FROM A DUCT ON THE LEFT PACK. MAINTENANCE RESECURED THE HOSE ON THE LEFT PACK DUCT AND PLACE THE RIGHT PACK ON MEL. THE AIRCRAFT WAS LATER DISPATCHED ON A REPOSITION FLIGHT TO ATL WHERE REPAIRS WERE MADE TO THE RIGHT PACK. THIS INCIDENT IS CLOSED WITH THIS REPORT.",DOUG,DC932,,"OPDEF, Other Than Pi;2120",,-2.642924732730789,5.084745762711873,5.037890155073077,0.0,mild_decline,strong_growth,strong_growth,unknown,ASIAS
20020222001829I,2.0,,Unknown,Daylight,UNK,Unknown,Unknown,2002,2,"(-23) ON FEBRUARY 22, 2002, AT 1427E PIEDMONT AIRLINES FLIGHT 3310 RETURNED TO PIT AFTER REPORTING A GEAR RETRACTIO

(-23) ON FEBRUARY 22, 2002, AT 1427E PIEDMONT AIRLINES FLIGHT 3310 RETURNED TO PIT AFTER REPORTING A GEAR RETRACTION PROBLEM. THE DHC-8 LANDED ON RUNWAY 32, ARFF RESPONDED AND THE AIRCRAFT TAXIED TO THE RAMP WITHOUT FURTHER INCIDENT. THE CREW REPORTED THAT THE RIGHT MAIN GEAR AND NOSE GEAR DID NOT INDICATE UP AND LOCKED AND THE GEAR DOOR REMAINED UP. UPON INSPECTION IT WAS FOUND THE ROD END BROKEN OFF OF THE RIGHT MAIN GEAR RETRACTION ACTUATOR. MAINTENANCE REPLACED RETRACTION ACTUATOR. A SDR HAS BEEN INITIATED. THIS INCIDENT INVESTIGATION IS CONSIDERED CLOSED.",DHAV,DHC8102,,"OPDEF, Other Than Pi;3233",,-3.5631425880871093,-8.823529411764708,5.037890155073077,0.0,mild_decline,strong_decline,strong_growth,unknown,ASIAS
20020317004069A,2.0,,IMC,Unknown,UNK,Other,Unknown,2002,3,"(-23) AN EVA AIRLINES MD-11 WAS WESTBOUND ON TAXIWAY KILO FOR RAMP PARKING AT ROMEO 8 WHEN THE RIGHT WINGLET STRUCK

(-23) AN EVA AIRLINES MD-11 WAS WESTBOUND ON TAXIWAY KILO FOR RAMP PARKING AT ROMEO 8 WHEN THE RIGHT WINGLET STRUCK THE RUDDER OF AN ALASKA AIRLINES MD-80 ON PUSHBACK FROM GATE B7. (-23 AMENDMENT) THIS IS AN AMENDMENT TO AN ACCIDENT THAT OCCURRED MARCH 17, 2002 BETWEEN AN ALASKA AIRLINES MD-80 AND AN EVA AIRLINES MD-11 AT TED STEVENS ANCHORAGE INTERNATIONAL AIRPORT.",DOUG,DC982,,"Miscellaneous, Other;Fail Avoid Ac None A",,-2.642924732730789,5.084745762711873,5.037890155073077,0.0,mild_decline,strong_growth,strong_growth,unknown,ASIAS
20020323009979I,2.0,,Unknown,Daylight,UNK,Unknown,Unknown,2002,3,"(-23) ON MARCH 23, 2002 US AIRWAYS FLIGHT 386 A B737 ABORTED TAKEOFF DUE TO AN APU CAUTION LIGHT. AIRCRAFT RETURNED

(-23) ON MARCH 23, 2002 US AIRWAYS FLIGHT 386 A B737 ABORTED TAKEOFF DUE TO AN APU CAUTION LIGHT. AIRCRAFT RETURNED TO THE TERMINAL. LOG ENTRY INDICATED AT TAKEOFF ROLL THE APU DET. IN-OP LIGHT ILLUMINATED, TAKEOFF REJECTED. THE APU FIRE DETECTION SYSTEM WAS PLACARDED PER MEL 26-8 AND THE AIRCRAFT WAS RETURNED TO SERVICE. INCIDENT ^PRIVACY DATA OMITT^ IS CONSIDERED CLOSED.",BOEING,737301,,"OPDEF, Other Than Pi;2610",,-2.642924732730789,5.084745762711873,5.037890155073077,0.0,mild_decline,strong_growth,strong_growth,unknown,ASIAS
20020329013099I,2.0,,VMC,Unknown,UNK,Unknown,Unknown,2002,3,"(-23) AMERICA WEST FLIGHT 332 DEPARTED OMAHA, NE, ENROUTE TO PHOENIX, AZ. THE AIRCRAFT ENCOUNTERED TURBULENCE DURIN

(-23) AMERICA WEST FLIGHT 332 DEPARTED OMAHA, NE, ENROUTE TO PHOENIX, AZ. THE AIRCRAFT ENCOUNTERED TURBULENCE DURING CLIMB AND THE CREW RECEIVED A NUMBER TWO ENGINE OVERTEMP WARNINGS. THE CREW RETURNED TO OMAHA AND LANDED WITHOUT INCIDENT. MAINTENANCE REMOVED AND REPLACED THE EGT CORE HARNESS.",BOEING,7373B7,,"OPDEF, Other Than Pi;7722",,-2.642924732730789,5.084745762711873,5.037890155073077,0.0,mild_decline,strong_growth,strong_growth,unknown,ASIAS
20020331019109I,2.0,,IMC,Daylight,UNK,Unknown,Unknown,2002,3,"(-23) DURING CRUISE FLIGHT AT 35,000 FEET AFTER DEPARTING NASSAU, BAHAMAS, ENROUTE TO LAGUARDIA, NEW YORK, THE CAPT

(-23) DURING CRUISE FLIGHT AT 35,000 FEET AFTER DEPARTING NASSAU, BAHAMAS, ENROUTE TO LAGUARDIA, NEW YORK, THE CAPTAIN OBSERVED THE COCKPIT PRESSURIZATION LIGHT COME ON. THE CAPTAIN DIVERTED TO THE RICHMOND INT'L AIRPORT (RIC), VIRGINIA, AND LANDED ON RUNWAY 34. THE ARFF RESPONDED, AND THE AIRCRAFT TAXIED TO THE RAMP WITHOUT INCIDENT. FURTHER INVESTIGATION REVEALED THAT THE FORWARD CARGO DOOR SEAL HAD FAILED. ALSO OBSERVED WERE SEVERAL OXYGEN MASKS THAT DID NOT DEPLOY PROPERLY.",BOEING,7373B7,,"OPDEF, Other Than Pi;5230",,-2.642924732730789,5.084745762711873,5.037890155073077,0.0,mild_decline,strong_growth,strong_growth,unknown,ASIAS
20020311009369I,2.0,,Unknown,Daylight,UNK,PIC,Unknown,2002,3,"(-23) ON MARCH 11, 2002, FLIGHT 559 WAS ENROUTE FROM ORD TO IAH WHEN THE FO BECAME ILL AND INCAPACITATED. THE FO WA

(-23) ON MARCH 11, 2002, FLIGHT 559 WAS ENROUTE FROM ORD TO IAH WHEN THE FO BECAME ILL AND INCAPACITATED. THE FO WAS MOVED TO FIRST CLASS SECTION. THE CAPTAIN CHECKED THE PASSENGER LIST OF NON-REVS, BUT NOSE WERE COCKPIT CREWMEMBERS. THE CAPTAIN REQUESTED THE NUMBER ONE FLIGHT ATTENDANT TO OCCUPY THE FO SEAT. THE FLIGHT CONTINUED TO IT'S ORIGINAL DESTINATION (IAH) AND LANDED WITHOUT INCIDENT. THE FO WAS TRANSPORTED TO THE HOSPITAL. THE FO WAS RELEASED THE SAME DAY. THE FO RECEIVED CLEARANCE FROM AN AMERICAN AIRLINES MEDICAL DOCTOR AND RESUMED HER FLIGHT SCHEDULED ON MARCH 18, 2002.",DOUG,DC982,,"Miscellaneous, Other;Pilot Incap Excludes",,-2.642924732730789,5.084745762711873,5.037890155073077,0.0,mild_decline,strong_growth,strong_growth,unknown,ASIAS
20020212002619I,2.0,,Unknown,Daylight,UNK,Unknown,Unknown,2002,2,"(-23) ON TUESDAY, FEBRUARY 12, 2002, DELTA FLIGHT #873, A B-727-225, N8887Z, DEPARTED THE BUFFALO NIAGARA INTERNATI

(-23) ON TUESDAY, FEBRUARY 12, 2002, DELTA FLIGHT #873, A B-727-225, N8887Z, DEPARTED THE BUFFALO NIAGARA INTERNATIONAL AIRPORT AND EXPERIENCED A FORWARD CARGO HOLD ""FIRE WARNING"" LIGHT. THE CREW RETURNED TO BUF AND LANDED ON RUNWAY 23 AT 1308 LOCAL. FIRE AND RESCUE RESPONDED AND FOUND NO FIRE. THE AIRCRAFT TAXIED TO THE TERMINAL AND DEPLANED THE PASSENGERS. THE LOCAL FBO, PRIOR AVIATION, WAS SUMMONED AND INSPECTED THE CARGO HOLDS AND FOUND NO EVIDENCE OF FIRE, SMOKE OR ANY OVERHEATING. AT THIS POINT, DELTA MAINTENANCE CONTROL DISPATCHED MECHANICS FROM CIN WHO PERFORMED FURTHER INSPECTIONS ON DUCT LEAKAGE, FRAYED WIRES, ETC. NO DISCREPANCIES WERE FOUND. A NUMBER OF RELATED COMPONENTS WERE CHANGED. THE AIRCRAFT OPERATIONAL CHECK WAS OKAY AFTER EXTENSIVE GROUND TESTS. THIS IS A REPEAT ITEM GOING BACK TO FEBRUARY 6, 2002. THIS INCIDENT IS CONSIDERED CLOSED.",BOEING,727225,,Undetermined;2612,,-3.5631425880871093,-8.823529411764708,5.037890155073077,0.0,mild_decline,strong_decline,strong_growth,unknown,ASIAS
20020307008449I,2.0,,VMC,Daylight,UNK,Unknown,Unknown,2002,3,"(-23) N274SK OPERATED BY CHAUTAUQUA AIRLINES AS AMERICAN AIRLINES FLIGHT 5787 DEPARTED LINCOLN, NE ENROUTE TO ST. L

(-23) N274SK OPERATED BY CHAUTAUQUA AIRLINES AS AMERICAN AIRLINES FLIGHT 5787 DEPARTED LINCOLN, NE ENROUTE TO ST. LOUIS, MO, AND RETURNED TO LINCOLN DUE TO A SMOKE ALARM IN THE BAGGAGE COMPARTMENT. THE AIRCRAFT HAD DEPARTED 15 MINUTES EARLIER WHEN THE CAPTAIN RECEIVED A LEFT ENGINE BLEED AIR WARNING LIGHT THEN AN IMMEDIATE FIRE WARNING LIGHT IN THE CARGO COMPARTMENT. THE AIRCRAFT RETURNED TO LINCOLN AND LANDED WITHOUT INCIDENT. CONTRACT MAINTENANCE FOUND THE HALON FIRE EXTINGUISHER SYSTEM ACTIVATED. INVESTIGATION REVEALED THAT THE BLEED AIR LINE FROM THE LEFT ENGINE TO A T FITTING BEHIND THE FIRE SUPRESSOR LINER IN THE BAGGAGE COMPARTMENT WAS MISALIGNED ALLOWING HOT BLEED AIR FROM THE LEFT ENGINE TO ESCAPE.",EMB,EMB145LR,,"OPDEF, Other Than Pi;3610",,-2.642924732730789,5.084745762711873,5.037890155073077,0.0,mild_decline,strong_growth,strong_growth,unknown,ASIAS
20020211001029I,2.0,,Unknown,Daylight,UNK,Unknown,Unknown,2002,2,"(-23) AT 0920 EST ON 02/11/2002, FLIGHT 4258 RETURNED TO THE FIELD IN PIT DUE TO AN ILLUMINATION OF AN AVIONICS SMO

(-23) AT 0920 EST ON 02/11/2002, FLIGHT 4258 RETURNED TO THE FIELD IN PIT DUE TO AN ILLUMINATION OF AN AVIONICS SMOKE LIGHT. THERE WAS NO EVIDENCE OF SMOKE IN THE COCKPIT OR CABIN, AND NO EMERGENCY WAS DECLARED. CHQA MAINTENANCE PERSONNEL REMOVED AND REPLACED THE AVIONICS SMOKE DETECTOR IAW SAAB AMM 26-13-05. OPERATIONALLY CHECKED GOOD. CHQA DIRECTOR OF MAINTENANCE STATED THEY WILL SUBMIT AN SDR FOR THE PART. SUBMISSIN OF THIS REPORT CLOSES THIS INCIDENT.",SAAB,SF340A,,"OPDEF, Other Than Pi;2611",,-3.5631425880871093,-8.823529411764708,5.037890155073077,0.0,mild_decline,strong_decline,strong_growth,unknown,ASIAS
20020309002979I,2.0,,Unknown,Daylight,UNK,Unknown,Unknown,2002,3,"(-23) ON MARCH 9, 2002, PSA FLIGHT #4173 RETURNED TO PIT DUE TO AN ICE PROTECTION DISCREPANCY (ELEVATOR HORN HEAT,

(-23) ON MARCH 9, 2002, PSA FLIGHT #4173 RETURNED TO PIT DUE TO AN ICE PROTECTION DISCREPANCY (ELEVATOR HORN HEAT, WEATHER CONDITIONS DICTATED NOT TO CONTINUE). THE AIRCRAFT LANDED ON RUNWAY 28L AND TAXIED TO THE RAMP WITHOUT FURTHER INCIDENT. MAINTENANCE REPLACED THE #2 DAU (DATA ACQUISITION UNIT) AND RETURNED THE AIRCRAFT TO SERVICE. THIS INCIDENT WAS INVESTIGATED BY DESK AUDIT AND IS CONSIDERED CLOSED.",DORNER,DO328100,,"OPDEF, Other Than Pi;3140",,-2.642924732730789,5.084745762711873,5.037890155073077,0.0,mild_decline,strong_growth,strong_growth,unknown,ASIAS
20020323009069I,2.0,,Unknown,Unknown,UNK,PIC,Unknown,2002,3,"(-23) ON MARCH 23, 2002, AT APPROXIMATELY 1442 CDT, AMERICA WEST AIRLINES FLIGHT 671, A AIRBUS 319, N832AW TOOK OFF

(-23) ON MARCH 23, 2002, AT APPROXIMATELY 1442 CDT, AMERICA WEST AIRLINES FLIGHT 671, A AIRBUS 319, N832AW TOOK OFF FROM KANSAS CITY, MISSOURI, (MCI) TO PHOENIX, ARIZONA, (PHX). BETWEEN SEVEN TO TEN MILES WEST OF MCI, AIRCRAFT STRUCK A BIRD, WHICH CAUSED A RETURN TO MCI. AIRCRAFT LANDED WITHOUT INCIDENT AND TAXIED TO GATE. AFTER INSPECTION BY AMERICA WEST MECHANICS, RADOME WAS REPLACED AND AIRCRAFT FERRIED TO PHX FOR FURTHER REPAIR. PASSENGER LOAD OF 124 WAS RECEIVED FROM AMERICA WEST BUT IS UNOFFICIAL DUE TO MISSING PAPERWORK. SELF DISCLOSURE HAS BEEN MADE TO FAA BY AMERICA WEST. INCIDENT^PRIVACY DATA O^ IS CONSIDERED CLOSED WITH THIS REPORT.",AIRBUS,A319132,,"Miscellaneous, Other;Struck Birds In Flig",,-2.642924732730789,5.084745762711873,5.037890155073077,0.0,mild_decline,strong_growth,strong_growth,unknown,ASIAS
20020305006769I,2.0,,Unknown,Daylight,UNK,Unknown,Unknown,2002,3,"(-23) ON MARCH 5, 2002 THE O'HARE (FSDO) FLIGHTS STANDARDS DISTRICT OFFICE RECEIVED A NOTICE BY FAX FROM THE GREAT

(-23) ON MARCH 5, 2002 THE O'HARE (FSDO) FLIGHTS STANDARDS DISTRICT OFFICE RECEIVED A NOTICE BY FAX FROM THE GREAT LAKES REGION OPERATIONS CENTER. THE NOTICE WAS THAT ON MARCH 5, 2002 AT 2300Z, UNITED AIRLINES FLIGHT 1854, A B-757 REGISTRATION NUMBER N537UA, WAS TAXIING IN ON TAXIWAY ""B"" WHEN THE (ATCT) AIR TRAFFIC CONTROL TOWER WAS NOTIFIED THAT SMOKE WAS COMING FROM THE NOSE GEAR OF AIRCRAFT N537UA. FIRE TRUCKS WERE DISPATCHED AND WERE SAID TO HAVE EXTINGUISHED A FIRE. AT 2303Z THE PILOT OF THE AIRCRAFT INITIATED AN EMERGENCY EVACUATION AND ALL 8 EMERGENCY EXIT CHUTES WERE DEPLOYED. 176 PASSENGER PLUS 7 CREWMEMBERS EVACUATED. THERE WERE NO REPORTED INJURIES AND THEY WERE BUSSED TO TERMINAL GATE C-9.",BOEING,757222,,"OPDEF, Other Than Pi;3222",,-2.642924732730789,5.084745762711873,5.037890155073077,0.0,mild_decline,strong_growth,strong_growth,unknown,ASIAS
20020212004289I,2.0,,Unknown,Unknown,UNK,Unknown,Unknown,2002,2,"(-23) DURING DESCENT TO RDM, SMOKE ENTERED CABIN WITH LAV SMOKE ALARM SOUNDING. FLIGHT INITIATED SMOKE EVACUATION P

(-23) DURING DESCENT TO RDM, SMOKE ENTERED CABIN WITH LAV SMOKE ALARM SOUNDING. FLIGHT INITIATED SMOKE EVACUATION PROCEDURES AND NOTIFED CFR@RDM. AIRCRAFT LANDED AT RDM WITHOUT FURTHER INCIDENT. SMOKE WAS DISSIPATED AT LANDING. MAINTENANCE PERFORMED BORESCOPE ON #1 AND #2 ENGINES. NO EVIDENCE OF OIL LEAKAGE. MAINTENANCE REMOVED #1 ENGINE DUE TO PREVIOUS HISTORY OF OIL ENTERING INTO P3 BLEED AIR SYSTEM. ENGINE SENT TO ATLANTIC TURBINES FOR FURTHER TROUBLESHOOTING.",DHAV,DHC8202,,"OPDEF, Other Than Pi;7261",,-3.5631425880871093,-8.823529411764708,5.037890155073077,0.0,mild_decline,strong_decline,strong_growth,unknown,ASIAS
20020213001009I,2.0,,VMC,Daylight,UNK,Unknown,Unknown,2002,2,"(-23) ON 02/13/02, UNITED AIRLINE FLIGHT 297, A B-757-222, DIVERTED TO PIT DUE TO A FAILURE OF THE LEFT GENERATOR.

(-23) ON 02/13/02, UNITED AIRLINE FLIGHT 297, A B-757-222, DIVERTED TO PIT DUE TO A FAILURE OF THE LEFT GENERATOR. CFR RESPONDED AND THE AIRCRAFT TAXIED TO THE RAMP WITH NO FURTHER INCIDENTS. THEY DIVERTED BECAUSE THE APU HAD BEEN PLACED ON DEFERRED MAINTENANCE. MAINTENANCE CREWS AT PITTSBURGH CONTACTED SFOLM AND CHECKED OPERATION OF THE APU AND DETERMINED IT WAS OPERATIONAL AND CHECKED O.K. AND THEN THEY CLEARED THE DEFERRAL (REF DF58). MAINTENANCE THEN PLACED THE LEFT GENERATOR ON DEFERRED MAINTENANCE. THE FLIGHT WAS THEN CONTINUED TO SAN FRANCISCO. THIS CLOSES THIS INCIDENT.",BOEING,757222,,"OPDEF, Other Than Pi;2421",,-3.5631425880871093,-8.823529411764708,5.037890155073077,0.0,mild_decline,strong_decline,strong_growth,unknown,ASIAS
20020304004529I,2.0,,VMC,Unknown,UNK,Unknown,Unknown,2002,3,"(-23) ON 03/04/02, AT 15:18 EST, ENROUTE FROM ST. LOUIS (STL) TO NORFOLK, VA (ORF), THE CAPTAIN ON FLIGHT 2780 OBSE

(-23) ON 03/04/02, AT 15:18 EST, ENROUTE FROM ST. LOUIS (STL) TO NORFOLK, VA (ORF), THE CAPTAIN ON FLIGHT 2780 OBSERVED A LOW HYDRAULIC FLUID WARNING LIGHT AFTER PASSING THE ROANOKE, VIRGINIA AIRPORT (ROA). THE CAPTAIN DECLARED AN EMERGENCY TO ATC AND PROCEEDED TO ORF. THE CREW LOWERED THE LANDING GEAR AND MADE AN UNEVENTFUL LANDING. THE AIRCRAFT WAS THEN TOWED TO THE RAMP FOR FURTHER INVESTIGATION BY MAINTENANCE PERSONNEL. FURTHER INVESTIGATION REVEALED THAT A HYDRAULIC HARD LINE HAD A SPLIT NEAR THE ""B"" NUT CONNECTION LOCATED AT THE RIGHT ENGINE PYLON BULKHEAD.",BOEING,717200,,"OPDEF, Other Than Pi;2910",,-2.642924732730789,5.084745762711873,5.037890155073077,0.0,mild_decline,strong_growth,strong_growth,unknown,ASIAS
20020212004599I,2.0,,VMC,Unknown,UNK,Unknown,Unknown,2002,2,"(-23) ON TUESDAY, FEBRUARY 12, 2002, AT 0635 EST, A DHC-8, N811AW, DISCOVERED A PROBLEM WITH RIGHT TORQUE SYSTEM (I

(-23) ON TUESDAY, FEBRUARY 12, 2002, AT 0635 EST, A DHC-8, N811AW, DISCOVERED A PROBLEM WITH RIGHT TORQUE SYSTEM (INDICATION ERRATIC) DURING TAKEOFF IN SYRACUSE, NY (SYR). IN FLIGHT, #2 TORQUE GAUGE DROPPED TO 23% ON BOTH DIGITAL AND ANALOG. ALL OTHER INDICATIONS WERE NORMAL. FLIGHT THEN RETURNED TO SYR WITHOUT FURTHER INCIDENT. MAINTENANCE CLEANED AND RE-SECURED #2 TSU AND ECU CANNON PLUGS AND REPLACED #2 TORQUE INDICATOR. CREW RAN AIRCRAFT WITH NO DEFECTS NOTED AND OPERATIONS CHECK WAS GOOD. THIS INCIDENT IS CONSIDERED CLOSED.",DHAV,DHC8102,,"OPDEF, Other Than Pi;7712",,-3.5631425880871093,-8.823529411764708,5.037890155073077,0.0,mild_decline,strong_decline,strong_growth,unknown,ASIAS
20020205002699I,2.0,,IMC,Unknown,UNK,Unknown,Unknown,2002,2,"(-23) THE AIRCRAFT WAS CLIMBING TO 17000 FT WHEN THE RIGHT ENGINE OIL PRESSURE WARNING CAME ON. THE PILOT DECLARED

(-23) THE AIRCRAFT WAS CLIMBING TO 17000 FT WHEN THE RIGHT ENGINE OIL PRESSURE WARNING CAME ON. THE PILOT DECLARED AN EMERGENCY AND REQUESTED TO RETURN TO CHAMPAIGN, IL. THE AIRCRAFT LANDED WITHOUT INCIDENT. AN INVESTIGATION BY MAINTENANCE PERSONNEL FOUND THE RIGHT OIL PRESSURE TRANSDUCER HAD FAILED. COMPANY MECHANICS REPLACED THE TRANSDUCER AND APPROVED THE AIRCRAFT FOR RETURN TO SERVICE.",SAAB,340B,,"OPDEF, Other Than Pi;7931",,-3.5631425880871093,-8.823529411764708,5.037890155073077,0.0,mild_decline,strong_decline,strong_growth,unknown,ASIAS
20020212002879I,2.0,,IMC,Daylight,UNK,Unknown,Unknown,2002,2,"(-23) SOUTHWEST AIRLINES N627SW, FLIGHT #1374, DIVERTED TO BILLINGS, MONTANA, FROM THE INTENDED FLIGHT ROUTE FROM S

(-23) SOUTHWEST AIRLINES N627SW, FLIGHT #1374, DIVERTED TO BILLINGS, MONTANA, FROM THE INTENDED FLIGHT ROUTE FROM SEATTLE, WASHINGTON, TO KANSAS CITY, MISSOURI. THE SWAA CREW REPORTED A CRACKED WINDSHIELD. THE AIRCRAFT LANDED WITHOUT FURTHER INCIDENT.",BOEING,7373H4,,"OPDEF, Other Than Pi;5610",,-3.5631425880871093,-8.823529411764708,5.037890155073077,0.0,mild_decline,strong_decline,strong_growth,unknown,ASIAS
20020226004549I,2.0,,Unknown,Unknown,UNK,Unknown,Unknown,2002,2,"(-23) ON TUESDAY, FEBRUARY 26, 2002, A B-737, N365UA, OPERATED BY UNITED AIRLINES WAS BOUND FROM EWR TO ORD, OPERAT

(-23) ON TUESDAY, FEBRUARY 26, 2002, A B-737, N365UA, OPERATED BY UNITED AIRLINES WAS BOUND FROM EWR TO ORD, OPERATING AT FL 240 UNDER AN MEL WITH AN INOPERATIVE LEFT HAND AIR CONDITIONING/PRESSURIZATION SYSTEM. THE CABIN BEGAN DESCENDING, THE ALTITUDE WARNING HORN SOUNDED, SO THE CREW DESCENDED AND LANDED AT BUF WITHOUT INCIDENT. THE PASSENGERS WERE TRANSFERRED TO AN ALTERNATE AIRCRAFT AND THE ORIGINAL AIRCRAFT WAS FERRIED TO EWR. THE ITEM WAS ENTERED ON LOG PAGES 329718 AND 329719. THIS INCIDENT IS CONSIDERED CLOSED.",BOEING,737322,,"OPDEF, Other Than Pi;2130",,-3.5631425880871093,-8.823529411764708,5.037890155073077,0.0,mild_decline,strong_decline,strong_growth,unknown,ASIAS
20020313004659I,2.0,,Unknown,Unknown,UNK,Other,Unknown,2002,3,"(-23) ON DELTA FLIGHT 2468 FROM ORLANDO TO NEWARK, PASSENGER EILEEN YORKE SUFFERED A FATAL HEART ATTACK. NO ONE WAS

(-23) ON DELTA FLIGHT 2468 FROM ORLANDO TO NEWARK, PASSENGER EILEEN YORKE SUFFERED A FATAL HEART ATTACK. NO ONE WAS AWARE OF HER SITUATION UNTIL THEY ARRIVED AT NEWARK AND TRIED TO WAKE HER UP.",BOEING,737,,"Miscellaneous, Other;Other, Miscellaneous",,-2.642924732730789,5.084745762711873,5.037890155073077,0.0,mild_decline,strong_growth,strong_growth,unknown,ASIAS
20020312004279I,2.0,,Unknown,Daylight,UNK,Unknown,Unknown,2002,3,"(-23) DURING TAXI #2 ENGINE FIRE WARNING SYSTEM ACTIVATED. FLIGHT CREW PERFORMED ENGINE FIRE CHECKLIST AND CALLED F

(-23) DURING TAXI #2 ENGINE FIRE WARNING SYSTEM ACTIVATED. FLIGHT CREW PERFORMED ENGINE FIRE CHECKLIST AND CALLED FOR CFR. ENGINE FIRE WARNING CEASED AT CONCLUSION OF CHECKLIST. INVESTIGATION REVEALED TAIL PIPE ASSEMBLY UNATTACHED AT ENGINE REAR CASE, ALLOWING EXHAUST GASES TO ENTER FORWARD COWL AREA.",DHAV,DHC8202,,Improper Maintenance;7810,,-2.642924732730789,5.084745762711873,5.037890155073077,0.0,mild_decline,strong_growth,strong_growth,unknown,ASIAS
20020309006829I,2.0,,IMC,Night,UNK,Other,Unknown,2002,3,"(-23) AFTER LANDING, DURING THE TAXI, THE AIRCRAFT'S NOSE WHEEL DEPARTED THE PREPARED SURFACE. THE RIGHT MAIN WHEEL

(-23) AFTER LANDING, DURING THE TAXI, THE AIRCRAFT'S NOSE WHEEL DEPARTED THE PREPARED SURFACE. THE RIGHT MAIN WHEELS DEPARTED THE PREPARED SURFACE WHILE ATTEMPTING TO TAXI BACK ONTO THE PREPARED SURFACE. THE AIRCRAFT WAS STOPPED, OFF LOADED AND TOWED ONTO THE PREPARED SURFACE WITHOUT FURTHER INCIDENT.",EMB,EMB145LR,,"Miscellaneous, Other;Other, Miscellaneous",,-2.642924732730789,5.084745762711873,5.037890155073077,0.0,mild_decline,strong_growth,strong_growth,unknown,ASIAS
20020319004649I,2.0,,Unknown,Unknown,UNK,Unknown,Unknown,2002,3,"(-23) AFTER AIRCRAFT ARRIVED AT THE GATE FLIGHT ATTENDENT ATTEMPTED TO OPEN PASSENGER DOOR BUT COULD NOT. AFTER SEV

(-23) AFTER AIRCRAFT ARRIVED AT THE GATE FLIGHT ATTENDENT ATTEMPTED TO OPEN PASSENGER DOOR BUT COULD NOT. AFTER SEVERAL ATTEMPTS BY THE CREW FROM THE OUTSIDE IT WAS DECIDED TO EXIT THE PASSENGERS THROUGH THE REAR EMERGENCY EXIT AND THE AFT CARGO COMPARTMENT. THIS WAS ACCOMPLISHED ONCE THE BAGGAGE WAS REMOVED FROM THE EXIT IN THE BAGGAGE COMPARTMENT. AFTER A COUPLE OF ATTEMPTS MAINTENANCE WAS ABLE TO RELEASE AND OPEN THE DOOR. THE INVESTIGATION REVEALED THAT THE RIGHT HAND CAM BLOCK P/N 14152018-159 MAY HAVE BEEN WORN BEYOND LIMITS CAUSING THE DOOR LATCH NOT TO WORK PROPERLY. THE INVESTIGATION CONTINUES.",JETAIR,JETSTM4101,,Improper Maintenance;5210,,-2.642924732730789,5.084745762711873,5.037890155073077,0.0,mild_decline,strong_growth,strong_growth,unknown,ASIAS
20020327005059I,2.0,,VMC,Unknown,UNK,PIC,Unknown,2002,3,"(-23) AMERICAN EAGLE FLIGHT 4510, BOS TO EWR, RECEIVED TAXI CLEARANCE AND SIGNALED THE RAMP AGENT THAT THEY WERE RE

(-23) AMERICAN EAGLE FLIGHT 4510, BOS TO EWR, RECEIVED TAXI CLEARANCE AND SIGNALED THE RAMP AGENT THAT THEY WERE READY TO GO. THE RAMP AGENT GAVE THE CAPTAIN AN IMMEDIATE LEFT HAND TURN OUT OF THE CHOCKS. THE AIRCRAFT ROLLED FORWARD ABOUT 10 FEET AND STRUCK A PORTABLE AIR STAIR. THE AIRCRAFT WAS STOPPED, DE-BOARDED, AND TAKEN OUT OF SERVICE. THE DAMAGE WAS LIMITED TO A MINOR DENT IN THE RIGHT WING LEADING EDGE. MAINTENANCE PERFORMED A VISUAL AND NDI INSPECTION IAW THE SRM AND PLACED THE LEADING EDGE ON AN OPEN LOG ITEM, REPAIR OR REPLACE NLT 400 FLIGHT CYCLES. FACTORS RELATED TO THIS INCIDENT INCLUDE: THE PILOT DIDN'T TURN AS DIRECTED BY THE RAMP AGENT. ALSO THE RAMP AGENT SAW THE AIRCRAFT MOVING FORWARD, NOT TURNING LEFT AND HE DIDN'T STOP THE AIRCRAFT. THE SAFETY MANAGER FOR AMERICAN EAGLE HAS SCHEDULED REFRESHER TRAINING FOR THE RAMP AGENTS AND PILOTS.^PRIVACY DATA OMITTED^",EMB,EMB135LR,,Pilot and Ground Cre;Fail Follow Approved,,-2.642924732730789,5.084745762711873,5.037890155073077,0.0,mild_decline,strong_growth,strong_growth,unknown,ASIAS
20020416007199I,2.0,,VMC,Unknown,UNK,Other,Unknown,2002,4,"(-23) DALA FLIGHT 1274 DIVERTED TO PITTSBURGH PA. BECAUSE THERE WAS CONFUSION BY (ASI) AIRCRAFT SERVICE INTERNATION

(-23) DALA FLIGHT 1274 DIVERTED TO PITTSBURGH PA. BECAUSE THERE WAS CONFUSION BY (ASI) AIRCRAFT SERVICE INTERNATIONAL, WHO FUELED THE AIRCRAFT IN CVG.AS PART OF THE PROCEDURE FOR INOPERATIVE FUEL INDICATOR, THE FUEL TANK OF THE INOPERATIVE FUEL INDICATOR HAS TO BE DIPPED TO VERIFY THE QUANTITY PRIOR TO FLIGHT. APPARENTLY ASI IN CVG, DIPPED THE WRONG FUEL TANK, CAUSING THE DALA MAINTENENCE TO DIVERT THE FLIGHT TO PITTSBURGH SO THE PROPER FUEL TANK COULD BE DIPPED FOR SAFETY REASONS. NO FURTHER DEFECTS WERE FOUND WITH THIS FUEL SYSTEM, AND THE AIRCRAFT WAS RETURNED TO SERVICE AFTER MAINTENANCE DIPPED THE PROPER FUEL TANK IN PIT. SUBMISSION OF THIS REPORT CLOSES THIS INCIDENT.",BOEING,757232,,"Miscellaneous, Other;Fail Follow Approved",,-0.5912621195721224,13.114754098360649,9.999351205677453,0.0,stable,strong_growth,strong_growth,unknown,ASIAS
20020406011689I,2.0,,Unknown,Night,UNK,Unknown,Unknown,2002,4,"(-23) 04/06/02: ON DEPARTURE FROM SAW, MESABA N430XJ FLIGHT #3247, THE CREW REPORTED THE LEFT ENGINE MADE POPPING S

(-23) 04/06/02: ON DEPARTURE FROM SAW, MESABA N430XJ FLIGHT #3247, THE CREW REPORTED THE LEFT ENGINE MADE POPPING SOUNDS AND FLAMES WERE NOTED FROM EXHAUST. CREW PERFORMED ENGINE SHUTDOWN PROCEDURES & ALERTED CRASH, FIRE & RESCUE. THE AIRCRAFT LANDED WITHOUT INCIDENT AND THE PAX DEPLANED AT THE TERMINAL SAFELY. MESABA AIRLINES MAINTENANCE PERSONNEL WERE DISPATCHED TO THE SCENE AND THE FLIGHT DATA RECORDER WAS DOWNLOADED. IT WAS DETERMINED THE LEFT ENGINE HAD ""OVERTEMPED"" DURING CLIMBOUT. ON-SITE MESABA MAINTENANCE PERSONNEL SUBSEQUENTLY REPLACED THE LEFT ENGINE AND THE AIRCRAFT WAS APPROVED FOR RETURN TO SERVICE MONDAY 04/08/02. 04/26/02: DISCUSSED SPECIFIC ENGINE OVERTEMP CONDITION WITH MESABA POWERPLANT ENGINEER, IT WAS DETERMINED THAT THE ENGINE EXPERIENCED A DE-ACCELLERATION STALL RESULTING IN THE OVERTEMP CONDITION LEADING TO THE SUBSEQUENT FAILURE.",SAAB,340B,,"OPDEF, Other Than Pi;7200",,-0.5912621195721224,13.114754098360649,9.999351205677453,0.0,stable,strong_growth,strong_growth,unknown,ASIAS
20020520010009I,2.0,,Unknown,Daylight,UNK,Unknown,Unknown,2002,5,"(-23) ON MAY 20, 2002, AT APPROXIMATELY 1620 CDT, UNITED AIRLINES FLIGHT 1597, A B-737, N318UA, DECLARED AN EMERGEN

(-23) ON MAY 20, 2002, AT APPROXIMATELY 1620 CDT, UNITED AIRLINES FLIGHT 1597, A B-737, N318UA, DECLARED AN EMERGENCY ON DESCENT FROM CHICAGO TO KANSAS CITY INTERNATIONAL AIRPORT, KANSAS CITY, MO. DUE TO AN ILLUMINATED FIRE DETECTION LIGHT ON CARGO PANEL. BOTH FIRE BOTTLES WERE DISCHARGED AND LANDING MADE WITHOUT INCIDENT. CARGO BINS WERE INSPECTED AND NO EVIDENCE OF FIRE. CARGO BINS WERE DEFERRED WITH MEL 2623V. AIRCRAFT WAS REPAIRED IN CHICAGO BY REPLACING DEFECTIVE FIRE DETECTION PANEL. WITH THIS REPORT, INCIDENT ^PRIVACY DATA O^ IS CONSIDERED CLOSED.",BOEING,737322,,"OPDEF, Other Than Pi;2612",,0.9473789592847393,12.903225806451601,9.999351205677453,0.0,stable,strong_growth,strong_growth,unknown,ASIAS
20020502019059I,2.0,,Unknown,Unknown,UNK,Unknown,2000-5000,2002,5,"(-23) PILOT STATED WHILE ON DESCENT FROM GSO TO LGA HE NOTICED A STRONG ODOR OF SMOKE. AN EMERGENCY WAS DECLARED, A

(-23) PILOT STATED WHILE ON DESCENT FROM GSO TO LGA HE NOTICED A STRONG ODOR OF SMOKE. AN EMERGENCY WAS DECLARED, AIRCRAFT LANDED AT ATLANTIC CITY INTERNATIONAL AIRPORT FIRE RESCUE RESPONDED. AIRCRAFT CLEARED ACTIVE RUNWAY AND WAS SHUT DOWN. ALL 33 PAX AND 3 CREW MEMBERS EGRESSED AIRCRAFT THROUGH THE NORMAL PASSENGER ENTRANCE. THE AIRCRAFT WAS TOWED TO MIDLANTIC JET (FBO). ATLANTIC COAST AIRLINES DISPATCHED TWO MAINTENANCE PEOPLE TO WORK ON AIRCRAFT. PER REQUEST OF THE NTSB BEFORE POWER WAS APPLIED TO THE AIRCRAFT MAINTENANCE PULLED THE COCKPIT AND FLIGHT DATA RECORDERS FOR EXAMINATION BY NTSB. MAINTENANCE PERFORMED A LIGHTNING STRIKE INSPECTION, PARTIAL AIRFRAME STRUCTURAL INSPECTION, VISUAL INSPECTION FOR OVERHEATED WIRES AND CHAFFING, ALL SYSTEMS WERE CHECKED WITH POWER ON, BOTH ENGINES WERE RUN AND ALL SYSTEMS WERE OPERATIONAL CHECKED. NO DISCREPANCIES WERE NOTED DURING THESE CHECKS. THE AIRCRAFT WAS FERRIED TO HOME BASE. ATLANTIC COAST AIRLINES PMI BARRY BARBINI 1-703-661-8160X267 WAS CONTACTED IN REFERENCE TO THIS INCIDENT.",DORNER,DO328300,,Undetermined,,0.9473789592847393,12.903225806451601,9.999351205677453,0.0,stable,strong_growth,strong_growth,unknown,ASIAS
20020415017769I,2.0,,VMC,Unknown,UNK,Other,Unknown,2002,4,"(-23) LOWRY STEWART GRIFFIN, WHILE MALE, ^PRIVACY DATA O^, WAS ASSIGNED SEAT 1A ON DALA FLIGHT 686 FROM ATL TO ORF.

(-23) LOWRY STEWART GRIFFIN, WHILE MALE, ^PRIVACY DATA O^, WAS ASSIGNED SEAT 1A ON DALA FLIGHT 686 FROM ATL TO ORF. AS THE AIRCRAFT APPROACHED ORF, MR. GRIFFIN REFUSED TO REMAIN IN HIS SEAT WITH HIS SEAT BELT FASTENED, FAILED TO COMPLY WITH CREWMEMBER INSTRUCTIONS, AND INTERFERED WITH CREWMEMBERS IN THE PERFORMANCE IN THEIR DUTIES. MR. GRIFFIN WAS RESTRAINED BY A VIRGINIA BEACH POLICE DETECTIVE AND A TSA EMPLOYEE. NORFOLK INTERNATIONAL AIRPORT POLICE ARRESTED MR. GRIFFIN UPON ARRIVAL. ^PRIVACY DATA OMITTED^ FBI HAS WARRANT FOR MR. GRIFFIN'S ARREST FOR INTERFERING WITH CREWMEMBERS. INVESTIGATION WILL ALSO DETERMINE IF MR. GRIFFIN WAS INTOXICATED WHEN HE BOARDED AND/OR WAS SERVED ALCOHOLIC BEVERAGES ON BOARD WHEN HE WAS INTOXICATED FOR POSSIBLE ACTION AGAINST CARRIER.",BOEING,757*,,"Miscellaneous, Other;Fail Follow Approved",,-0.5912621195721224,13.114754098360649,9.999351205677453,0.0,stable,strong_growth,strong_growth,unknown,ASIAS
20020405009039I,2.0,,VMC,Unknown,UNK,Unknown,Unknown,2002,4,"(-23) ON APRIL 5, 2002, MIDWEST EXPRESS AIRLINES, N803ME, FLT 82, REPORTED TO ATC THAT IT HAD A GEAR PROBLEM ON TAK

(-23) ON APRIL 5, 2002, MIDWEST EXPRESS AIRLINES, N803ME, FLT 82, REPORTED TO ATC THAT IT HAD A GEAR PROBLEM ON TAKE OFF FROM MCI. AN EMERGENCY WAS DECLARED A/C LANDED WITHOUT INCIDENT. THE A/C LOG ENTRY INDICATED THAT THE LEFT MAIN GEAR INDICATED ""UNSAFE"" AFTER GEAR RETRACTED WITH NO GEAR DOOR OPEN LIGHT LUMINATED. CREW PERFORMED QRH. A/C LANDED UNEVENTFUL. MAINTENANCE CONCLUDED THE A/C REQUIRED A LH MLG UPLOCK SWITCH CHANGE, AND THE A/C WAS MAINTENANCE FERRIED TO MKE FOR CORRECTIONS. MKE MAINTENANCE REPLACED THE LH MLG UP-LOCK SWITCH AND CONNECTOR PER THE MD-80 WDM 32-61-00 AND THE STANDARD WIRING PRACTICES MANUAL, OPS CHECKED OKAY. A/C WAS RETURNED TO SERVICE. INCIDENT^PRIVACY DATA OMITTED^ IS CONSIDERED CLOSED.",DOUG,DC981,,"OPDEF, Other Than Pi;3260",,-0.5912621195721224,13.114754098360649,9.999351205677453,0.0,stable,strong_growth,strong_growth,unknown,ASIAS
20020406013109I,2.0,,Unknown,Unknown,UNK,PIC,Unknown,2002,4,"(-23) N403WN, B737-7H4M BEING OPERATED BY SOUTHWEST AIRLINES AS FLIGHT 2528 FROM OMAHA, NE., TO CHICAGO, IL., RETUR

(-23) N403WN, B737-7H4M BEING OPERATED BY SOUTHWEST AIRLINES AS FLIGHT 2528 FROM OMAHA, NE., TO CHICAGO, IL., RETURNED TO OMAHA, NE, AFTER DEPARTURE DUE TO REPORTED SMOKE IN THE AIRCRAFT. CREW REPORTED TO CONTRACT MAINTENANCE THAT IMMEDIATELY AFTER RAISING THE LANDING GEAR, A FLIGHT ATTENDANT REPORTED SMOKE IN THE LAST 5 ROWS THAT SMELLED ELECTRICAL. BY THE TIME THE AIRCRAFT HAD RETURNED TO THE GATE THE SMOKE HAD DISSIPATED. CONTRACT MAINTENANCE INSPECTED THE CABIN CEILING/SIDEWALL LIGHTNING FOR BURNT BALLAST OR BROKEN BULBS, CIRCUIT BREAKER PANELS, CHECKED OPERATION OF ELECTRICAL FANS, EXTERIOR AIRCRAFT FOR FOD DAMAGE, AND RAN THE ENGINE TO TAKEOFF POWER WITH BOTH PACKS OPERATING. THEY COULD NOT DUPLICATE THE SMOKE. AIRCRAFT APPROVED FOR RETURN TO SERVICE.",BOEING,7377H4,,"OPDEF, Other Than Pi;Other, Miscellaneous",,-0.5912621195721224,13.114754098360649,9.999351205677453,0.0,stable,strong_growth,strong_growth,unknown,ASIAS
20020513007919I,2.0,,IMC,Unknown,UNK,Unknown,Unknown,2002,5,"(-23) ON 05/13/02, AT APPROXIMATELY 12:10 LOCAL TIME, FLIGHT #4814 A DO-328-100 OF VNAA AIRLINES (PSA), REPORTED TO

(-23) ON 05/13/02, AT APPROXIMATELY 12:10 LOCAL TIME, FLIGHT #4814 A DO-328-100 OF VNAA AIRLINES (PSA), REPORTED TO PITTSBURGH APPROACH CONTROL THAT THEY WERE HAVING PROBLEMS WITH THEIR HYDRAULIC SYSTEM. AN EMERGENCY LANDING WAS MADE ON RUNWAY 28L AT PIT, APPROXIMATELY 12:47 LOCAL TIME WITHOUT INCIDENT. PILOT TIMOTHY LEVAN STATED THAT PROXY (A) AND (B) PRESSURE, MAIN PUMP, AND STANDBY SYSTEM FAIL LIGHTS ILLUMINATED, HIS QRH MANUAL THEN DIRECTED HIM TO FOLLOW EMERGENCY PROCEDURES. FURTHER INVESTIGATION REVEALED THAT A CANNON PLUG FULL OF WATER WAS GIVING PILOT FALSE INDICATIONS. THIS AS PER BRAD MCAULEY OF THE PSA MAINTENANCE FACILITY IN PITTSBURGH. SUBMISSION OF THIS REPORT CLOSES THIS INCIDENT.",DORNER,DO328100,,"OPDEF, Other Than Pi;2930",,0.9473789592847393,12.903225806451601,9.999351205677453,0.0,stable,strong_growth,strong_growth,unknown,ASIAS
20020517019549I,2.0,,VMC,Unknown,UNK,Unknown,Unknown,2002,5,"(-23) AT 2136 05/16/02 A B-767-39H OWNED AND OPERATED BY AIR2000 (A U.K. AIRLINE) UNDER FAR 129 OPERATING REQUIREME

(-23) AT 2136 05/16/02 A B-767-39H OWNED AND OPERATED BY AIR2000 (A U.K. AIRLINE) UNDER FAR 129 OPERATING REQUIREMENTS, HAD THE #5 POSITION TIRE RECAP COME OFF THE CASING, ON TAKE OFF OUT OF THE SANFORD INTERNATIONAL AIRPORT. PASSENGERS REPORTED ""SEEING A PIECE OF THE WING COME OFF"" ON CLIMB OUT. THE FIRST OFFICER DID CHECK THE LEFT WING IMMEDIATELY AFTER NOTIFICATION AND SAW THE #5 AND 6 SPEED BRAKE/SPOILER PANELS WERE DAMAGED AND A PORTION FO THE PANELS WERE IN FACT MISSING FROM BEING SHATTERED BY TIRE FRAGMENTS IMPACT. THE CREW DECLARED AN EMERGENCY, DUMPED FUEL AND RETURNED OVER WEIGHT UNEVENTFULLY TO SANFORD. I ARRIVE ON SCENE TO INVESTIGATE AND DID SEE THE DAMAGED PANELS AS WESS AS THE INBOARD FLAP SEGMENT DENTED IN TWO PLACES, EVIDENCE OF TIRE IMPACT ON THE INBOARD FLAP TORQUE TUBE, AND THE SUPPORT BULKHEAD FOR THE INBOARD SPOILERS. THE PANELS WERE REPLACED, ALL IMPACTED AREAS WERE ""NDT""ED WITH NO NEGATIVE REPORTS, AND THE OPERATOR HAD RECEIVED RELIEF FOR THE FLAP DENTS FROM BOEING (TO BE REPLACED WITHIN 90 DAYS PROVIDED NO FURTHER DAMAGE IS ASSESSED ON THE REQUIRED 7 DAY REINSPECTION REQUIREMENT, PLACED ON THE OPERATOR BY BOEING). THE AIRCRAFT WAS RETURNED TO SERVICE WITH NO FURTHER PROBLEMS.",BOEING,767,,"Miscellaneous, Other;3244",,0.9473789592847393,12.903225806451601,9.999351205677453,0.0,stable,strong_growth,strong_growth,unknown,ASIAS
20020408005899I,2.0,,Unknown,Daylight,UNK,Unknown,Unknown,2002,4,"(-23) EAGLE FLIGHT 3609, AN SF-34 ENROUTE TO BTR FROM HOUSTON HOBBY ENCOUNTERED SEVERE TURBULENCE AT 11,000 FEET IN

(-23) EAGLE FLIGHT 3609, AN SF-34 ENROUTE TO BTR FROM HOUSTON HOBBY ENCOUNTERED SEVERE TURBULENCE AT 11,000 FEET IN THE VICINITY OF LFT RESULTING IN THE INJURY OF ONE PASSENGER, A MINOR, BRITTANY RACHAEL. PASSENGER EXAMINED BY COMPETENT MEDICAL RESPONSE UPON ARRIVAL AND RELEASED TO PARENTS.",,,,"Miscellaneous, Other",,-0.5912621195721224,13.114754098360649,9.999351205677453,0.0,stable,strong_growth,strong_growth,unknown,ASIAS
20020430012059I,2.0,,VMC,Unknown,UNK,Unknown,5000+,2002,4,"(-23) ON APRIL 30, 2002, AT 0947 CST, A SAAB SF-340B OPERATED BY MESABA AVIATION, INC, (MALA) REPORTED THE RIGHT EN

(-23) ON APRIL 30, 2002, AT 0947 CST, A SAAB SF-340B OPERATED BY MESABA AVIATION, INC, (MALA) REPORTED THE RIGHT ENGINE BEGAN AN UNCOMMANDED AUTO-COARSEN WHILE ON A 3-MILE FINAL INTO DAYTON INTERNATIONAL AIRPORT, DAYTON, OH. VFR CONDITIONS PREVAILED, AND AN IFR FLIGHT PLAN WAS FILED. THE FLIGHT CREW SHUT DOWN THE ENGINE AND CONTINUED THE APPROACH AND LANDING WITHOUT INCIDENT. THERE WERE NO REPORTED INJURIES TO CREW OR PASSENGERS, AND THERE WAS NO DAMAGE TO THE AIRCRAFT. THE PILOT HOLDS AN ATP CERTIFICATE. THE FLIGHT ORIGINATED AT DTW AT 0910 CST, WITH DAY AS THE DESTINATION.",SAAB,340B,,"OPDEF, Other Than Pi;6120",,-0.5912621195721224,13.114754098360649,9.999351205677453,0.0,stable,strong_growth,strong_growth,unknown,ASIAS
20020509018059I,2.0,,VMC,Unknown,UNK,Unknown,Unknown,2002,5,"(-23) ON 05/09/2002 AT 2300EDT FLIGHT 5283 DIVERTED AND LANDED ON RUNWAY 16 DUE TO AN INFLIGHT MESSAGE ON THE EICAS

(-23) ON 05/09/2002 AT 2300EDT FLIGHT 5283 DIVERTED AND LANDED ON RUNWAY 16 DUE TO AN INFLIGHT MESSAGE ON THE EICAS STATING ""RUDDER SYSTEM 1 AND 2 INOP."" THE AIRCRAFT LANDED AND TAXIED TO THE RAMP WITHOUT INCIDENT. INVESTIGATION REVEALED THAT A PRESSURE SWITCH HAD FAILED ON THE RUDDER POWER CONTROL UNIT (PCU). MAINTENANCE PERSONNEL CHANGED BOTH PRESSURE SWITCHES AND THE RUDDER SYSTEM WORKED NORMALLY. NO LOSS OF HYDRAULIC OR FULL RUDDER CONTROL WAS EXPERIENCED DURING FLIGHT. END OF STATEMENT.",EMB,EMB145,,"OPDEF, Other Than Pi;2720",,0.9473789592847393,12.903225806451601,9.999351205677453,0.0,stable,strong_growth,strong_growth,unknown,ASIAS
20020424007009I,2.0,,VMC,Daylight,UNK,PIC,Unknown,2002,4,"(-23) ON 04-24-02 DELTA AIRLINES FLIGHT 1172 ON LANDING AT SALT LAKE CITY RUNWAY 34L STRUCK A BIRD. THERE WAS MINOR

(-23) ON 04-24-02 DELTA AIRLINES FLIGHT 1172 ON LANDING AT SALT LAKE CITY RUNWAY 34L STRUCK A BIRD. THERE WAS MINOR DAMAGE TO THE NOSE GEAR PLASTIC SLEEVE WHICH COVERS THE SWIVEL FITTING FOR THE NOSE WHEEL STEERING DEACTIVATION VALVE. DELTA MAINTENANCE REMOVED SWIVEL FITTINGS FOR ACCESS, REPLACED PLASTIC SLEEVE, AND REINSTALLED SWIVEL FITTINGS AND CLAMPS. LEAK CHECKED OK. AIRPLANE RETURNED TO SERVICE.",BOEING,7373B7,,"Miscellaneous, Other;Struck Birds In Flig",,-0.5912621195721224,13.114754098360649,9.999351205677453,0.0,stable,strong_growth,strong_growth,unknown,ASIAS
20020516008179I,2.0,,VMC,Unknown,UNK,Unknown,Unknown,2002,5,"(-23) AIR CARRIER INCIDENT, PITTSBURGH AIRPORT, PA 05/16/02 AT 1855E, AIR MIDWEST FLIGHT 5575, A B1900-D, LANDED ON

(-23) AIR CARRIER INCIDENT, PITTSBURGH AIRPORT, PA 05/16/02 AT 1855E, AIR MIDWEST FLIGHT 5575, A B1900-D, LANDED ON RUNWAY 28R AFTER REPORTING AN UNSAFE NOSE GEAR INDICATION. THE ARFF RESPONDED AND THE AIRCRAFT TAXIED TO THE RAMP WITHOUT INCIDENT. FURTHER INVESTIGATION REVEALED THAT THE HYDRAULIC POWER PACK FOR THE LANDING GEAR FAILED, THIS ITEM WAS REMOVED AND REPLACED AS PER DALE MCANLIS AMWA MAINTENANCE PIT. SUBMISSION OF THIS REPORT CLOSES THIS INCIDENT.",BEECH,1900D,,"OPDEF, Other Than Pi;2913",,0.9473789592847393,12.903225806451601,9.999351205677453,0.0,stable,strong_growth,strong_growth,unknown,ASIAS
20020416036609I,2.0,,Unknown,Unknown,UNK,Other,Unknown,2002,4,"(-23) ^PRIVACY DATA OMITTED^ BE FINED FOR VIOLATING FAR'S 121.317(G) & (H)--SMOKING WHILE THE ""NO SMOKING"" SIGNS WE

(-23) ^PRIVACY DATA OMITTED^ BE FINED FOR VIOLATING FAR'S 121.317(G) & (H)--SMOKING WHILE THE ""NO SMOKING"" SIGNS WERE LIGHTED AND WHERE THE ""NO SMOKING"" PLACARDS WERE POSTED. ^PRIVACY DATA OMITTED^",,,,"Miscellaneous, Other;Unauthorized Action",,-0.5912621195721224,13.114754098360649,9.999351205677453,0.0,stable,strong_growth,strong_growth,unknown,ASIAS
20020415006799I,2.0,,VMC,Daylight,UNK,Unknown,Unknown,2002,4,"(-23) RIGHT SIDE WINDSHIELD SHATTERED IN FLIGHT. ATTACHED SERVICE DIFFICULTY REPORT QUERY SHOWS 224 INCIDENTS OF TH

(-23) RIGHT SIDE WINDSHIELD SHATTERED IN FLIGHT. ATTACHED SERVICE DIFFICULTY REPORT QUERY SHOWS 224 INCIDENTS OF THIS SINCE 1993.",CNDAIR,CL6002B19,,Undetermined;5610,,-0.5912621195721224,13.114754098360649,9.999351205677453,0.0,stable,strong_growth,strong_growth,unknown,ASIAS
20020521009789I,2.0,,VMC,Daylight,UNK,Unknown,Unknown,2002,5,"(-23) AMERICAN EAGLE FLIGHT 4836, A SF340B, LANDED ON RUNWAY 28L AT 1548E WITH THE NUMBER ONE ENGINE SHUT DOWN FOR

(-23) AMERICAN EAGLE FLIGHT 4836, A SF340B, LANDED ON RUNWAY 28L AT 1548E WITH THE NUMBER ONE ENGINE SHUT DOWN FOR UNKNOWN REASONS. INVESTIGATION OF FLIGHT 4836 OF SIMA AIRLINES REVEALED THAT THE NUMBER ONE ENGINE WAS SHUT DOWN DUE TO LOSS OF OIL PRESSURE. IT WAS DETERMINED BY ZACK WYANT, QUALITY CONTROL MAINTENANCE AT SIMA, THAT THE BB AXIX SEAL FAILED ON THE NUMBER ONE ENGINE RESULTING IN THE LOSS OF OIL. A NEW ENGINE WILL BE INSTALLED AS A RESULT OF THIS FAILURE. SUBMISSION OF THIS REPORT CLOSES THIS INCIDENT.",SAAB,340B,,"OPDEF, Other Than Pi;7261",,0.9473789592847393,12.903225806451601,9.999351205677453,0.0,stable,strong_growth,strong_growth,unknown,ASIAS
20020508014559I,2.0,,Unknown,Unknown,UNK,Other,Unknown,2002,5,"(-23) AIRCRAFT WAS ENROUTE FROM PIT INTO GSO, ON APPROACH INTO GSO WHEN THE FLIGHT CREW SELECTED THE GEAR DOWN FOR

(-23) AIRCRAFT WAS ENROUTE FROM PIT INTO GSO, ON APPROACH INTO GSO WHEN THE FLIGHT CREW SELECTED THE GEAR DOWN FOR LANDING, UPON SELECTING GEAR DOWN THE FLIGHT CREW RECEIVED AN UNSAFE GEAR INDICATION ON THE NOSE GEAR. THE FLIGHT CREW PERFORMED THEIR ABNORMAL PROCEDURES CHECKLIST AND DECLARED AN EMERGENCY LANDING INTO GSO. THE AIRCRAFT STOPPED ON THE RUNWAY, AND DEPLANED THEIR PASSENGERS ON THE RUNWAY VIA STAIRS. UPON DEPLANING THE FLIGHT CREW INSPECTED THE NOSE WHEEL WELL AND NOTED THAT AN INK PEN WAS LODGED IN THE DOWN LOCK PIN HOLE. THE FLIGHT CREW ALSO STATED THAT PRIOR TO DEPARTURE OUT OF PIT A RAMP/GROUND CREW TRAINING CLASS WAS BEING CONDUCTED ON THEIR AIRCRAFT. THE AIRCRAFT REMAINED ON THE RUNWAY AT GSO UNTIL MAINTENANCE PERSONNEL COULD SECURE THE NOSE GEAR ENOUGH TO ALLOW THE MOVEMENT OFF THE RUNWAY.",EMB,EMB145LR,,"Miscellaneous, Other;Other, Miscellaneous",,0.9473789592847393,12.903225806451601,9.999351205677453,0.0,stable,strong_growth,strong_growth,unknown,ASIAS
20020416019069I,2.0,,VMC,Daylight,UNK,Unknown,Unknown,2002,4,"(-23) FLT 4151 WAS ENROUTE FROM ELMRIA ""ELM"" TO PHILADELPHIA ""PHL"", AND WAS 4 MIN OUT OF ELM, WHEN HYD PRIORITY VAL

(-23) FLT 4151 WAS ENROUTE FROM ELMRIA ""ELM"" TO PHILADELPHIA ""PHL"", AND WAS 4 MIN OUT OF ELM, WHEN HYD PRIORITY VALVE CLOSED ""CAS"", AT THIS POINT CREW REF: TO F/M AND ELECTED TO CONTINUE TO PHL. ADDITIONAL WARNING OF HYD QUANTITY LOW, MAIN SYSTEM PRESSURE WENT HIGH, THEN STANDBY SYSTEM FAILED CAUSED THE CREW TO DECLARE AN EMERGENCY AND LAND AT ABE AIRPORT. DURING THE APPROACH TO ABE, MAIN HYD QUANTITY ""CAS"" LOW, REQUIRED CREW TO PUMP LANDING GEAR DOWN AND MADE A ZERO FLAP LANDING. A/C LANDED SAFELY ON RUNWAY 24, WITHOUT INJURIES TO 11 PAX OR 3 CREW.",DORNER,DO328100,,"OPDEF, Other Than Pi;2910",,-0.5912621195721224,13.114754098360649,9.999351205677453,0.0,stable,strong_growth,strong_growth,unknown,ASIAS
20020410009959I,0.0,,Unknown,Daylight,UNK,Other,Unknown,2002,4,"(-23) AT APPROXIMATELY 0820, ON 04/10/02, AMERICAN AIRLINES B-767, N39365, WHICH WAS PARKED OVERNIGHT NORTH OF THE

(-23) AT APPROXIMATELY 0820, ON 04/10/02, AMERICAN AIRLINES B-767, N39365, WHICH WAS PARKED OVERNIGHT NORTH OF THE AALA MAINTENANCE HANGAR, BEGAN TO ROLL FORWARD, BROKE THRU THE SECURITY FENCE, AND CAME TO REST ON WORLD WAY WEST ROAD. THE #1 ENGINE NOSE COWL AND O/B FAN COWL WERE SLIGHTLY DAMAGED. THE FUSELAGE, TOP FORWARD AREA, HAD MINOR DAMAGE. THREE TOP ANTENNAS WERE DAMAGED, AND THE NOSE GEAR, UPPER STRUT, WAS SCRATCHED. INVESTIGATION REVEALED THAT THE CHOCKS WERE NOT INSTALLED, AS REQUIRED BY AALA'S GROUND HANDLING PROCEDURES. ^PRIVACY DATA OMITTED^",BOEING,767323,,"Miscellaneous, Other;Inadeq Sup-Vision Tr",,-0.5912621195721224,13.114754098360649,9.999351205677453,0.0,stable,strong_growth,strong_growth,unknown,ASIAS
20020531011229I,2.0,,Unknown,Unknown,UNK,Unknown,Unknown,2002,5,"(-23) ON MAY 31, 2002 AT 2021 HR. A BOEING 737-800 OPERATED BY AMERICAN AIRLINES HAD AN INDICATED #2 ENGINE FIRE AN

(-23) ON MAY 31, 2002 AT 2021 HR. A BOEING 737-800 OPERATED BY AMERICAN AIRLINES HAD AN INDICATED #2 ENGINE FIRE AND EMERGENCY LANDING AT THE NEW ORLEANS, LA. AIRPORT. NO VISIBLE DAMAGE WAS SUSTAINED TO THE AIRCRAFT AND NO NOTABLE DAMAGE WAS OBSERVED ON THE #2 ENGINE. 46 PAX WERE EVACUATED BY SLIDES ON THE LEFT SIDE OF THE AIRCRAFT WITH ONLY ONE MINOR INJURY MENTIONED. NONE OF THE CREW WERE INJURED DURING THE EVACUATION. THE CAPTAIN WAS LISTED AS: RH DECKER, EMPLOYEE #052505. THE FIRST OFFICER WAS LISTED AS: CM PERDU, EMPLOYEE #354475. A CREW REPORT HAS BEEN REQUESTED. THE FLIGHT ORIGINATED AT MIAMI, FL. (MIA) ON MAY 31, 2002 AND WAS ENROUTE TO NEW ORLEANS, LA. (MSY).",BOEING,737823,,"OPDEF, Other Than Pi;7200",,0.9473789592847393,12.903225806451601,9.999351205677453,0.0,stable,strong_growth,strong_growth,unknown,ASIAS
20020524009999I,2.0,,Unknown,Daylight,UNK,Unknown,Unknown,2002,5,"(-23) ON MAY 25, 2002 DELTA AIRLINES FLIGHT 1482 A MD-90 REPORTED TO A.T.C. IT WAS STRUCK BY LIGHTNING ON DESCENT,

(-23) ON MAY 25, 2002 DELTA AIRLINES FLIGHT 1482 A MD-90 REPORTED TO A.T.C. IT WAS STRUCK BY LIGHTNING ON DESCENT, THE AIRCRAFT LANDED WITHOUT INCIDENT. MAINTENANCE INSPECTED THE FUSELAGE AND THE DAMAGE WAS DEFERRED WITH CORRECTIONS TO BE ACCOMPLISHED AT DFW PER THE SRM 53-30-02. THE AIRCRAFT WAS RETURNED TO SERVICE.^PRIVACY DATA OMITTED^",DOUG,MD9030,,"Miscellaneous, Other;5300",,0.9473789592847393,12.903225806451601,9.999351205677453,0.0,stable,strong_growth,strong_growth,unknown,ASIAS
20020612020799I,2.0,,Unknown,Unknown,UNK,Other,5000+,2002,6,"(-23) AIRCRAT WAS TAXIING TO GATE E11 AT KMSP AIRPORT. GATE WAS UNFAMILIAR TO GROUND CREW UTILIZING THE BOEING-737-

(-23) AIRCRAT WAS TAXIING TO GATE E11 AT KMSP AIRPORT. GATE WAS UNFAMILIAR TO GROUND CREW UTILIZING THE BOEING-737-800 SERIES AIRCRAFT. AIRCRAFT LEFT WING LEADING EDGE WING SLAT CONTACTED A GROUND SERVICE VEHICLE SERVICING AN AIRCRAFT AT ADJACENT GATE (E13). GROUND MARSHALLS OBSERVED IMPEDING PROBLEM TOO LATER. MARSHALLS DID CALL FOR STOP, BUT TOO LATE. AIRCRAFT WAS PUSHED BACK WITH TUG FOLLOWING STOP AND POSITIONED AT GATE. CONTRACT MAINTENANCE WAS NOTIFIED AND MAINTENANCE PERFORMED. AIRCRAFT APPROVED FOR RETURN TO SERVICE.",BOEING,737832,,Pilot and Ground Cre;Inadeq Sup-Vision Tr,,1.5469499224445515,9.677419354838722,9.999351205677453,0.0,mild_growth,strong_growth,strong_growth,unknown,ASIAS
20020611020489I,2.0,,Unknown,Unknown,UNK,Other,Unknown,2002,6,"(-23) PASSENGER IBANEZ WAS VERBALLY ABUSIVE AND ASSAULTED FLIGHT ATTENDANT WHEN SHE THREW A BAG OF PRETZELS AND HIT

(-23) PASSENGER IBANEZ WAS VERBALLY ABUSIVE AND ASSAULTED FLIGHT ATTENDANT WHEN SHE THREW A BAG OF PRETZELS AND HIT A FLIGHT ATTENDANT IN THE FACE. PASSENGER IBANEZ INTIMIDATED FLIGHT ATTENDANTS AND PASSENGERS WITH HER LANGUAGE AND ACTIONS. PASSENGER IBANEZ FOLLOWED FLIGHT ATTENDANTS TO THE FRONT OF THE AIRCRAFT AND WAS ARGUING WITH FLIGHT ATTENDANTS IN A LOUD ENOUGH VOICE SHE COULD BE HEARD IN THE COCKPIT. AT THIS TIME THE CAPTAIN DECLARED AN EMERGENCY AND THE FLIGHT DIVERTED TO CLE.",,,,"Miscellaneous, Other;Cntl Intfr By Passen",,1.5469499224445515,9.677419354838722,9.999351205677453,0.0,mild_growth,strong_growth,strong_growth,unknown,ASIAS
20020613020499I,2.0,,Unknown,Daylight,UNK,Other,Unknown,2002,6,"(-23) AN ^PRIVACY DATA OMITTED WAS FORWARDED TO AGL-230 RECOMMENDING MR. HAGERTY ^PRIVACY DATA OM^ BE FINED FOR VIO

(-23) AN ^PRIVACY DATA OMITTED WAS FORWARDED TO AGL-230 RECOMMENDING MR. HAGERTY ^PRIVACY DATA OM^ BE FINED FOR VIOLATING FAR'S 121.317 (G) & (H), AND FAR 121.580 (INTERFERENCE WITH CREW MEMBERS) ^PRIVACY DATA OMITTED^",,,,"Miscellaneous, Other;Cntl Intfr By Passen",,1.5469499224445515,9.677419354838722,9.999351205677453,0.0,mild_growth,strong_growth,strong_growth,unknown,ASIAS
20020620021159I,2.0,,VMC,Daylight,UNK,Unknown,Unknown,2002,6,"(-23) DURING TAKEOFF FROM KFWA, THE FLIGHT CREW HEARD A FEW KLUNKS ORIGINATING FROM THE NOSE GEAR AREA. THE NOSE LA

(-23) DURING TAKEOFF FROM KFWA, THE FLIGHT CREW HEARD A FEW KLUNKS ORIGINATING FROM THE NOSE GEAR AREA. THE NOSE LANDING GEAR WOULD NOT RETRACT. FLIGHT CREW RETURNED FOR LANDING WITHOUT NOSE WHEEL STEERING AS SCISSORS PIN CAME OUT DURING ROTATION. STEERING WAS NOT AVAILABLE DURING LANDING BUT CREW DID A GOOD JOB OF MAINTAINING DIRECTIONAL CONTROL. A/C WAS TOWED FROM RUNWAY TO PASSENGER TERMINAL. MAINTENANCE PERSONNEL WERE DETERMINING WHETHER PIN WAS INSTALLED INCORRECTLY BY GROUND CREW OR ACTUALLY FAILED.",CNDAIR,CL6002C10,,"OPDEF, Other Than Pi;3230",,1.5469499224445515,9.677419354838722,9.999351205677453,0.0,mild_growth,strong_growth,strong_growth,unknown,ASIAS
20020604019629I,2.0,,Unknown,Daylight,UNK,Unknown,5000+,2002,6,"(-23) ON LANDING THE AIRCRAFT BLEW 4 MAIN LANDING GEAR TIRES ON RUNWAY 17 AT ORLANDO AIRPORT. PRECAUTIONARY MEASURE

(-23) ON LANDING THE AIRCRAFT BLEW 4 MAIN LANDING GEAR TIRES ON RUNWAY 17 AT ORLANDO AIRPORT. PRECAUTIONARY MEASURE PASSENGERS DEPLANED ON RUNWAY VIA ENTRANCE DOOR STAIRS AND BUSED TO THE TERMINAL. NO INJURIES REPORTED. THIS INSPECTOR INTERVIEWED COMAIR MAINTENANCE AND THEY DETERMINED AFTER TAKE OFF, WHEN THE LANDING GEAR LEVER IS MOVED TO UP, HYDRAULIC FLUID FROM THE LANDING GEAR RETRACTION LINE ACTS ON THE ANTI SKID BRAKE VALVE APPLYING THE BRAKES. THIS STOPS THE MAIN LANDING GEAR WHEELS SPINNING PRIOR TO THE UP AND LOCKED POSITION. COMAIR MAINTENANCE BELIEVES THIS ANTI SKID BRAKE VALVE FAILED BY FAILURE TO RELEASE BRAKES PRIOR TO LANDING.",EMB,EMB120RT,,"OPDEF, Other Than Pi;3241",,1.5469499224445515,9.677419354838722,9.999351205677453,0.0,mild_growth,strong_growth,strong_growth,unknown,ASIAS
20020620036109I,2.0,,Unknown,Unknown,UNK,Unknown,Unknown,2002,6,"(-23) AMERICAN AIRLINES, FLIGHT #2069, REGISTRATION N1460, F-28 FOKKER, FLIGHT PLAN CVG-DFW, DIVERTED INTO MEM, DEC

(-23) AMERICAN AIRLINES, FLIGHT #2069, REGISTRATION N1460, F-28 FOKKER, FLIGHT PLAN CVG-DFW, DIVERTED INTO MEM, DECLARING AN EMERGENCY. THE NUMBER ONE ENGINE HAD A LOSS OF FUEL AND ODORS WERE IN THE CABIN. AIRCRAFT LANDED RUNWAY 18L AND AN EMERGENCY EVACUATION WAS PERFORMED. ALL FOUR OVER-WING HATCHES AND THE TWO FORWARD DOORS WERE UTILIZED. THE ESCAPE SLIDES ON THE FORWARD DOORS WERE ACTIVATED. NO SERIOUS INJURIES TO THE 68 PEOPLE ONBOARD. ONE FEMALE PASSENGER SUSTAINED LEG BURNS/ABRASIONS FROM NYLON/SLIDE CONTACT. IT IS NOT KNOW AS TO TIME TAKEN TO CONDUCT EXIT, NOR WHICH EXITS WERE CONSIDERED PRIMARY. CONTRACT MAINTENANCE AT MEM (GLOBE) DISCOVERED THE BOSS LINE TO THE FUEL GOVERNOR LOOSE, BOTH RETAINING BOLTS WERE FINGER LOOSE AND NOT SAFETIED. THIS APPEARS TO BE THE CAUSE OF THE LEAK AT THIS TIME.",FOKKER,F28MK0100,,"OPDEF, Other Than Pi;7310",,1.5469499224445515,9.677419354838722,9.999351205677453,0.0,mild_growth,strong_growth,strong_growth,unknown,ASIAS
20020616021189I,2.0,,VMC,Unknown,UNK,Unknown,2000-5000,2002,6,"(-23) ^PRIVACY DATA ^ DURING CRUISE FLIGHT, APPROXIMATELY 130 MILES SOUTH WEST OF THE DESTINATION AIRPORT, SOUTH BE

(-23) ^PRIVACY DATA ^ DURING CRUISE FLIGHT, APPROXIMATELY 130 MILES SOUTH WEST OF THE DESTINATION AIRPORT, SOUTH BEND, IN., THE NUMBER 1 ENGINE LOST OIL PRESSURE. THE CHECKLIST REQUIRED THE ENGINE TO BE SHUT DOWN. THE CREW DECLARED AN EMERGENCY AND CHANGED THE DESTINATION TO PEORIA, IL (PIA). EMERGENCY EQUIPMENT WAS REQUESTED. THE AIRCRAFT LANDED WITHOUT INCIDENT. INSPECTION OF THE AIRCRAFT REVEALED THAT THE STARTER GARLOCK SEAL ON THE #1 ENGINE IS LEAKING. THE SEAL PART NUMBER 3118547-01 WAS REPLACED AND THE ENGINE SERVICED. THIS INCIDENT IS CLOSED WITH THIS REPORT.",AEROSP,ATR72202,,"OPDEF, Other Than Pi;7261",,1.5469499224445515,9.677419354838722,9.999351205677453,0.0,mild_growth,strong_growth,strong_growth,unknown,ASIAS
20020622019259I,2.0,,Unknown,Daylight,UNK,Unknown,Unknown,2002,6,"(-23) ON SATURDAY, JUNE 22, 2002, DURING A FLIGHT FROM HPN TO DTW, THE NUMBER ONE ENGINE OIL TEMPERATURE MOVED INTO

(-23) ON SATURDAY, JUNE 22, 2002, DURING A FLIGHT FROM HPN TO DTW, THE NUMBER ONE ENGINE OIL TEMPERATURE MOVED INTO THE YELLOW RANGE FOR MORE THAN 15 MINUTES ON A DC-9-31, N962N, OPERATING AS NORTHWEST AIRLINES FLIGHT 1155. THE CREW ELECTED TO DIVERT INTO BUF AS A PRECAUTIONARY MEASURE. AN UNEVENTFUAL LANDING WAS ACCOMPLISHED WITHOUT SHUTTING DOWN THE #1 ENGINE. MAINTENANCE REMOVED, INSPECTED AND REPLACED THE OIL FILTER. THEY DRAINED AND SERVICED THE OIL TO FULL. THEY REMOVED AND REPLACED THE FUEL/OIL COOLER, INSPECTED THE OFF UNIT FOR DEBRIS AND FOUND NONE. THE ENGINE WAS RUN AT POWER, LEAK CHECKED AND RETURNED TO SERVICE. THIS INCIDENT IS CONSIDERED CLOSED.",DOUG,DC931,,"OPDEF, Other Than Pi;7900",,1.5469499224445515,9.677419354838722,9.999351205677453,0.0,mild_growth,strong_growth,strong_growth,unknown,ASIAS
20020624021139I,2.0,,Unknown,Night,UNK,Unknown,Unknown,2002,6,"(-23) ON JUNE 24, 2002, AT 1450Z, NORTHWEST AIRLINE, DC-9-51, N676MC, EXPERIENCED A RUBBER SMELL IN CABIN AND COCKP

(-23) ON JUNE 24, 2002, AT 1450Z, NORTHWEST AIRLINE, DC-9-51, N676MC, EXPERIENCED A RUBBER SMELL IN CABIN AND COCKPIT AND WAS VERY STRONG WITH EXCESSIVE HEAT IN OVERHEAD. WHILE DESCENDING AT ABOUT 1,000 FT. THE SMELL DISSIPATED. THE PILOT DECLARED EMERGENCY, AND EMERGENCY EQUIPMENT WERE STANDING BY. THE AIRCRAFT LANDED WITHOUT INCIDENT. PASSENGERS DEPLANED AT THE JET WAY, TERMINAL.",DOUG,DC951,,"OPDEF, Other Than Pi;2170",,1.5469499224445515,9.677419354838722,9.999351205677453,0.0,mild_growth,strong_growth,strong_growth,unknown,ASIAS
20020529019299I,2.0,,Unknown,Daylight,UNK,Unknown,Unknown,2002,5,"(-23) ON WEDNESDAY, MAY 29, 2002, THE CREW OF DHC-8, N980HA, REPORTED A RIGHT GEAR UNSAFE AND NOSE YELLOW DOOR LIGH

(-23) ON WEDNESDAY, MAY 29, 2002, THE CREW OF DHC-8, N980HA, REPORTED A RIGHT GEAR UNSAFE AND NOSE YELLOW DOOR LIGHT ILLUMINATED ON CLIMBOUT. BOTH GEAR CONFIRMED RETRACTED AND RIGHT MAIN DOORS OPEN. CHATTERING HYDRAULIC NOISE FROM THE NOSE GEAR. THE AIRCRAFT RETURNED TO BGM AND LANDED UNEVENTFULLY. NO ASSISTANCE WAS REQUIRED AND THE AIRCRAFT TAXIED TO THE RAMP WITHOUT INCIDENT. MAINTENANCE FOUND THE OUTBOARD BUSHING (P/N NAS75-12-017) MISSING FROM THE RIGHT MAIN LANDING GEAR RETRACTION ACTUATOR FITTING AND DISCOVERED THAT THE FITTING WAS CRACKED. THEY REMOVED AND REPLACED THE RIGHT MAIN GEAR RETRACTION ACTUATOR FITTING I/A/W DEHAVILLAND DASH 8 MAINTENANCE MANUAL 32-30-11 AND PIEDMONT TASK CARD 32-30-181. CYCLED THE GEAR AND OPERATION CHECKED GOOD. THIS INCIDENT IS CONSIDERED CLOSED.",DHAV,DHC8102,,"OPDEF, Other Than Pi;3230",,0.9473789592847393,12.903225806451601,9.999351205677453,0.0,stable,strong_growth,strong_growth,unknown,ASIAS
20020621021699I,2.0,,Unknown,Daylight,UNK,Unknown,Unknown,2002,6,"(-23) ON JUNE 21, 2002, AT 1518Z, AMERICAN AIRLINE, N499AA, EXPERIENCED A BURNING SMELL THROUGHOUT CABIN ON TAKE OF

(-23) ON JUNE 21, 2002, AT 1518Z, AMERICAN AIRLINE, N499AA, EXPERIENCED A BURNING SMELL THROUGHOUT CABIN ON TAKE OFF ROLL, TURNED OFF RECIRCULATING FAN, SMELL DISSIPATED. RE-OCCURRED 1 1/2 HRS LATER INTO THE FLIGHT. THE SMELL GREW STRONGER THROUGHOUT CABIN, UNTIL AFTER LANDING AT GRR. THE PILOT DECLARED INFLIGHT EMERGENCY, AND EMERGENCY EQUIPMENT WERE STANDING BY. THE AIRCRAFT LANDED WITHOUT INCIDENT. PASSENGERS DEPLANED THROUGH THE AFT REAR STAIRS.",DOUG,DC982,,"OPDEF, Other Than Pi;2100",,1.5469499224445515,9.677419354838722,9.999351205677453,0.0,mild_growth,strong_growth,strong_growth,unknown,ASIAS
20020625013809I,2.0,,Unknown,Daylight,UNK,Unknown,5000+,2002,6,"(-23) DURING LANDING AT BNA, RUNWAY 20L AT 1915 LOCAL, B-737-7H4 BLEW #3 MAIN LANDING GEAR TIRE. TWO FLIGHT CREW/TH

(-23) DURING LANDING AT BNA, RUNWAY 20L AT 1915 LOCAL, B-737-7H4 BLEW #3 MAIN LANDING GEAR TIRE. TWO FLIGHT CREW/THREE CABIN CREWMEMBERS AND ONE HUNDRED THIRTY SEVEN PASSENGERS WERE ON BOARD. THERE WERE NO INJURIES. EMERGENCY EVACUATION WAS NOT INITIATED. DAMAGE TO THE AIRCRAFT WAS LIMITED TO NUMBER #3 MAIN LANDING GEAR TIRE, #7 SPOILER AND TRIANGLE PANEL FORWARD OF RIGHT MAIN LANDING GEAR. NOTE: THE PILOT INFORMATION ON THIS FORM IS INCOMPLETE. THIS INFORMATION WAS REQUESTED FROM SOUTHWEST AIRLINES ON JULY 3, 2002.",BOEING,7377H4,,"OPDEF, Other Than Pi;3244",,1.5469499224445515,9.677419354838722,9.999351205677453,0.0,mild_growth,strong_growth,strong_growth,unknown,ASIAS
20020623036409I,2.0,,Unknown,Daylight,UNK,Unknown,Unknown,2002,6,"(-23) ON JUNE 23, 2002 TRANS STATES AIRLINES FLIGHT 5266 RETURNED TO PIT DUE TO A #1 HYDRAULIC SYSTEM OVERHEAT 15 M

(-23) ON JUNE 23, 2002 TRANS STATES AIRLINES FLIGHT 5266 RETURNED TO PIT DUE TO A #1 HYDRAULIC SYSTEM OVERHEAT 15 MINUTES INTO THE FLIGHT FOLLOWED BY THE FAILURE OF THE #1 HYDRAULIC SYSTEM. #1 HYDRAULIC SYSTEM PRESSURE RECOVERED DURING GEAR EXTENSION. THE AIRCRAFT LANDED ON RUNWAY 28C, ARFF RESPONDED, AND THE AIRCRAFT TAXIED TO THE RAMP WITHOUT FURTHER INCIDENT. MAINTENANCE REPLACED THE #1 SYSTEM ELECTRICAL HYDRAULIC PUMP. CHDO OPENED AN SDR ON THE INCIDENT. THIS INCIDENT WAS INVESTIGATED BY DESK AUDIT AND IS CONSIDERED CLOSED.",EMB,EMB145,,"OPDEF, Other Than Pi;2913",,1.5469499224445515,9.677419354838722,9.999351205677453,0.0,mild_growth,strong_growth,strong_growth,unknown,ASIAS
20020526009989I,2.0,,Unknown,Daylight,UNK,Unknown,Unknown,2002,5,"(-23) ON MAY 26, 2002 NORTHWEST AIRLINES FLIGHT 1577 A DC9 REPORTED TO A.T.C. LOSS OF OIL IN THE RIGHT ENGINE. AN E

(-23) ON MAY 26, 2002 NORTHWEST AIRLINES FLIGHT 1577 A DC9 REPORTED TO A.T.C. LOSS OF OIL IN THE RIGHT ENGINE. AN EMERGENCY WAS DECLARED AND THE AIRCRAFT LANDED WITHOUT INCIDENT. MAINTENANCE CONCLUDED THAT A FAILURE OF THE INTERNAL WORKINGS OF THE ENGINE CAUSED THE OIL LOSS. THE RIGHT ENGINE WAS REPLACED PER THE DC9 MAINTENANCE MANUAL. THE AIRCRAFT WAS RETURNED TO SERVICE.INCIDENT ^PRIVACY DATA OMITTED^ IS CONSIDERED CLOSED.",DOUG,DC951,,"OPDEF, Other Than Pi;7200",,0.9473789592847393,12.903225806451601,9.999351205677453,0.0,stable,strong_growth,strong_growth,unknown,ASIAS
20020526010019I,2.0,,Unknown,Daylight,UNK,Other,Unknown,2002,5,"(-23) ON MAY 26, 2002 NORTHWEST AIRLINES FLIGHT 222 A DC9 REPORTED TO A.T.C. IT HAS A PRESSURIZATION AND WAS RETURN

(-23) ON MAY 26, 2002 NORTHWEST AIRLINES FLIGHT 222 A DC9 REPORTED TO A.T.C. IT HAS A PRESSURIZATION AND WAS RETURNING TO MCI. THE AIRCRAFT LANDED WITHOUT INCIDENT. UPON ITS ARRIVAL TO THE TERMINAL THE AFT CARGO DOOR WAS FOUND OPEN WITH NO DOOR WARNING INDICATED IN THE COCKPIT. MAINTENANCE INSPECTED THE AFT CARGO DOOR WITH NO DISCREPANCIES NOTED. THE AFT CARGO DOOR INDICATOR LIGHT WAS PLACARDED IN-OP PER MEL PROCEDURES. THE AIRCRAFT WAS RETURNED TO SERVICE. INCIDENT ^PRIVACY DATA OMITTED^ IS CONSIDERED CLOSED.",DOUG,DC951,,"Miscellaneous, Other;Inadeq Sup-Vision Tr",,0.9473789592847393,12.903225806451601,9.999351205677453,0.0,stable,strong_growth,strong_growth,unknown,ASIAS
20020524029389I,2.0,,Unknown,Unknown,UNK,Other,Unknown,2002,5,"(-23) PASSENGER ^PRIVACY DATA OMITTED^ USED A PERSONAL CD PLAYER ON BOARD THE AIRCRAFT, WHICH USE WAS PROHIBITED BY

(-23) PASSENGER ^PRIVACY DATA OMITTED^ USED A PERSONAL CD PLAYER ON BOARD THE AIRCRAFT, WHICH USE WAS PROHIBITED BY CONTINENTAL AIRLINES. ^PRIVACY DATA OMITTED^                 INTERFERED WITH CREWMEMBERS IN THE PERFORMANCE OF THEIR DUTIES.",,,,"Miscellaneous, Other;Unauthorized Action",,0.9473789592847393,12.903225806451601,9.999351205677453,0.0,stable,strong_growth,strong_growth,unknown,ASIAS
20020607014659I,2.0,,IMC,Unknown,UNK,Other,Unknown,2002,6,"(-23) PILOT CIRCUMNAVIGATING THUNDERSTORMS, EXPECTED TURBULENCE, TURNED ON SEAT BELT SIGN, MADE ANNOUNCEMENT. PAX'S

(-23) PILOT CIRCUMNAVIGATING THUNDERSTORMS, EXPECTED TURBULENCE, TURNED ON SEAT BELT SIGN, MADE ANNOUNCEMENT. PAX'S NOT BELTED WERE INJURED, INJURIES MINOR.",DOUG,DC982,,"Miscellaneous, Other;Fail Follow Approved",,1.5469499224445515,9.677419354838722,9.999351205677453,0.0,mild_growth,strong_growth,strong_growth,unknown,ASIAS
20020607012949I,2.0,,Unknown,Daylight,UNK,Unknown,5000+,2002,6,"(-23) AIRCRAFT HAD JUST DEPARTED BNA AND WAS CLIMBING THROUGH 11,000 FEET WHEN IT EXPERIENCED SEVERE INFLIGHT VIBRA

(-23) AIRCRAFT HAD JUST DEPARTED BNA AND WAS CLIMBING THROUGH 11,000 FEET WHEN IT EXPERIENCED SEVERE INFLIGHT VIBRATION. THE PIC DECLARED AN EMERGENCY. THE AIRCRAFT RETURNED TO BNA WHERE IT LANDED WITHOUT INCIDENT. TWO FLIGHT CREW/THREE CABIN CREWMEMBERS AND ONE HUNDRED TWENTY FOUR PASSENGERS WERE ON BOARD. THERE WERE NO INJURIES. EMERGENCY EVACUATION WAS NOT INITIATED. DAMAGE TO THE AIRCRAFT WAS LIMITED TO THE LEFT ELEVATOR TRIM TAB AND THE LEFT ELEVATOR INBOARD HINGE. AN INVESTIGATION FOUND THAT THE LEFT ELEVATOR TRIM TAB BOLT WAS MISSING FROM THE TRIM TAB INBOARD ATTACH POINT.",BOEING,7373H4,,"OPDEF, Other Than Pi;5523",,1.5469499224445515,9.677419354838722,9.999351205677453,0.0,mild_growth,strong_growth,strong_growth,unknown,ASIAS
20020522013409I,2.0,,Unknown,Night,UNK,Other,Unknown,2002,5,"(-23) DURING DESCENT INTO (LAS), PASSENGER WAS SMOKING IN RIGHT HAND AFT LAVATORY. TO HIDE THE FACT THAT HE WAS SMO

(-23) DURING DESCENT INTO (LAS), PASSENGER WAS SMOKING IN RIGHT HAND AFT LAVATORY. TO HIDE THE FACT THAT HE WAS SMOKING HE IGNITED THE AIR FRESHENER IN THE RIGHT HAND AFT LAVATORY. THE FIRE WAS EXTINGUISHED BY ONE THE FLIGHT ATTENDANTS. AN EMERGENCY WAS DECLARED BY THE CAPTAIN. THE AIRCRAFT LANDED WITHOUT FURTHER INCIDENT. INDIVIDUAL WAS DETAINED BY LOCAL POLICE WHO TURNED HIM OVER TO THE FBI.",BOEING,757223,,"Miscellaneous, Other;Unauthorized Action",,0.9473789592847393,12.903225806451601,9.999351205677453,0.0,stable,strong_growth,strong_growth,unknown,ASIAS
20020713025289I,2.0,,Unknown,Daylight,UNK,Unknown,Unknown,2002,7,"(-23) AIRCRAFT EXPERIENCED ROLL CONTROL BINDING IN FLIGHT. PILOT RETURNED TO FIELD WITHOUT INCIDENT. MAINTENANCE TR

(-23) AIRCRAFT EXPERIENCED ROLL CONTROL BINDING IN FLIGHT. PILOT RETURNED TO FIELD WITHOUT INCIDENT. MAINTENANCE TROUBLESHOT SYSTEM AND DISCOVERED SAFETY WIRE PIGTAIL RUBBING ON AILERON SERVO MOTOR CABLE GUARD ASSEMBLY. MAINTENANCE CUT PIGTAIL SHORTER AND STOWED INTO RECESS THAT IS PROVIDED. SYSTEM OPS CHECK GOOD. OPERATOR REVIEWED PROCEDURE IN MAINTENANCE MANUAL AND FOUND PROCEDURES DEFICIENT. OPERATOR ADDED SUPPLEMENTAL PROCEDURE TO MAINTENANCE MANUAL TO PREVENT SUCH A RECURRENCE.",DHAV,DHC8202,,Improper Maintenance;2710,,1.8487118002454839,2.898550724637694,-0.004876492678651534,0.0,mild_growth,mild_growth,stable,unknown,ASIAS
20020708017969I,2.0,,Unknown,Daylight,UNK,Unknown,Unknown,2002,7,"(-23) AFTER THE GEAR WAS SELECTED UP THE RH GEAR DOOR AMBER LIGHT ILLUMINATED. THE BUF FAA TOWER DISPATCHED THE CFR

(-23) AFTER THE GEAR WAS SELECTED UP THE RH GEAR DOOR AMBER LIGHT ILLUMINATED. THE BUF FAA TOWER DISPATCHED THE CFR VEHICLES HOWEVER THE CREW DID NOT DECLARE AN EMERGENCY. THE AIRCRAFT RETURNED TO BUF AND LANDED ON RUNWAY 23 AND TAXIED TO THE RAMP WITHOUT INCIDENT. THE FLIGHT WAS CANCELED AND THE AIRCRAFT WAS FERRIED TO MDT FOR OVERNIGHT MAINTENANCE. MAINTENANCE REPLACED THE RH FWD DOOR ACTUATOR AND ADJUSTED THE LINKAGE IAW MM 32-10-21. MAINTENANCE PERFORMED A GEAR SWING AND GEAR OPS CHECKED GOOD. THIS INCIDENT IS CONSIDERED CLOSED.",DHAV,DHC8102,,"OPDEF, Other Than Pi;3232",,1.8487118002454839,2.898550724637694,-0.004876492678651534,0.0,mild_growth,mild_growth,stable,unknown,ASIAS
20020708027349I,2.0,,Unknown,Unknown,UNK,Other,Unknown,2002,7,"(-23) MALE PASSENGER WAS QUESTIONING A CABIN CREW MEMBER ABOUT HIS TICKET AND STOOD UP NEXT TO HIS SEAT. PASSENGER

(-23) MALE PASSENGER WAS QUESTIONING A CABIN CREW MEMBER ABOUT HIS TICKET AND STOOD UP NEXT TO HIS SEAT. PASSENGER WAS REMOVED FROM THE AIRCRAFT PRIOR TO TAXIING FROM THE GATE.",BOEING,737322,,"Miscellaneous, Other;Fail Follow Approved",,1.8487118002454839,2.898550724637694,-0.004876492678651534,0.0,mild_growth,mild_growth,stable,unknown,ASIAS
20020715028039I,2.0,,Unknown,Night,UNK,Unknown,Unknown,2002,7,"(-23) N941N, DC9-32, BEING OPERATED BY NORTHWEST AIRLINES AS FLIGHT 1526 DEPARTED OMAHA, NE, ENROUTE TO MINNEAPOLIS

(-23) N941N, DC9-32, BEING OPERATED BY NORTHWEST AIRLINES AS FLIGHT 1526 DEPARTED OMAHA, NE, ENROUTE TO MINNEAPOLIS, MN. DURING CLIMB THE CREW REPORTED SMOKE IN THE CABIN. AFTER DISCUSSION WITH COMPANY MAINTENANCE ABOUT THE SMOKE AND THE LAV DETECTOR ALARM, THEY REDUCED POWER, AND THE CABIN AIR CLEARED. THE FLIGHT CONTINUED ON TO MINNEAPOLIS. THE AIRCRAFT IS IN THE HANGAR AT MINNEAPOLIS FOR TROUBLESHOOTING.",DOUG,DC932,,"OPDEF, Other Than Pi",,1.8487118002454839,2.898550724637694,-0.004876492678651534,0.0,mild_growth,mild_growth,stable,unknown,ASIAS
20020630016339I,2.0,,VMC,Daylight,UNK,Unknown,Unknown,2002,6,"(-23) ON JUNE 30, 2002 ALLEGHENY AIRLINES FLIGHT #3731 ABORTED TAKE-OFF ON RUNWAY 28R DUE TO #1 ENGINE LOW OIL PRES

(-23) ON JUNE 30, 2002 ALLEGHENY AIRLINES FLIGHT #3731 ABORTED TAKE-OFF ON RUNWAY 28R DUE TO #1 ENGINE LOW OIL PRESSURE ANNUNCIATOR ILLUMINATING. THE PILOT REQUESTED NO ASSISTANCE AND THE AIRCRAFT TAXIED TO THE RAMP WITHOUT FURTHER INCIDENT. MAINTENANCE REPLACED THE OIL COOLER FOR THE #1 ENGINE AND THE AIRCRAFT RETURNED TO SERVICE. THE ENGINE DID NOT RUN FOR AN EXTENDED PERIOD OF TIME WITH LOW OIL PRESSURE. TIME ON OIL COOLER WAS TSO 3396.48 HRS AND 3696 CYCLES. THIS INCIDENT INVESTIGATED BY DESK AUDIT AND IS CONSIDERED CLOSED.",DHAV,DHC8102,,"OPDEF, Other Than Pi;7921",,1.5469499224445515,9.677419354838722,9.999351205677453,0.0,mild_growth,strong_growth,strong_growth,unknown,ASIAS
20020702027359I,2.0,,Unknown,Unknown,UNK,Other,Unknown,2002,7,"(-23) MALE PASSENGER ADMITTED TO SMOKING IN THE AFT LAVATORY DURING A FLIGHT FROM PHOENIX, ARIZONA TO OMAHA, NEBRAS

(-23) MALE PASSENGER ADMITTED TO SMOKING IN THE AFT LAVATORY DURING A FLIGHT FROM PHOENIX, ARIZONA TO OMAHA, NEBRASKA.",BOEING,7373S3,,"Miscellaneous, Other;Fail Follow Approved",,1.8487118002454839,2.898550724637694,-0.004876492678651534,0.0,mild_growth,mild_growth,stable,unknown,ASIAS
20020716015519I,2.0,,VMC,Unknown,UNK,Unknown,Unknown,2002,7,"(-23) AIR CARRIER INCIDENT, PITTSBURGH AIRPORT, PA 7/16/02 AT 2041E, VANGUARD AIRLINES FLIGHT 313, AN MD80, LANDED

(-23) AIR CARRIER INCIDENT, PITTSBURGH AIRPORT, PA 7/16/02 AT 2041E, VANGUARD AIRLINES FLIGHT 313, AN MD80, LANDED ON RUNWAY 32 AFTER REPORTING A SHUT DOWN OF THE RIGHT ENGINE FOR UNKNOWN REASONS. THE ARFF RESPONDED AND THE AIRCRAFT TAXIED TO THE RAMP WITHOUT INCIDENT. THE ALLEGHENY FSDO WAS NOTIFIED BY CC:MAIL. (CRUZ/ROO) FURTHER INVESTIGATION REVEALED THAT THE RIGHT ENGINE TIE SHAFT TO GEAR BOX FAILED. THIS CAUSED THE LOSS OF POWER AND SHUT DOWN OF THE RIGHT ENGINE. THIS INFORMATION WAS PROVIDED BY JEFF HUTCHINSON PMI FOR P2EA AIRLINES. SUBMISSION OF THIS REPORT CLOSES THIS INCIDENT.",DOUG,DC982,,"OPDEF, Other Than Pi;7230",,1.8487118002454839,2.898550724637694,-0.004876492678651534,0.0,mild_growth,mild_growth,stable,unknown,ASIAS
20020807024969I,2.0,,VMC,Daylight,UNK,Unknown,Unknown,2002,8,"(-23) ON 08/07/2002 RYAN INTERNATIONAL FLIGHT #9201, N54SW A B737-200, SHUT DOWN #1 (LEFT) ENGINE AND DECLARED AN E

(-23) ON 08/07/2002 RYAN INTERNATIONAL FLIGHT #9201, N54SW A B737-200, SHUT DOWN #1 (LEFT) ENGINE AND DECLARED AN EMERGENCY DIVERTING THE AIRCRAFT TO PIT. THE AIRCRAFT LANDED ON RUNWAY 28L, ARFF RESPONDED AND TAXIED TO THE RAMP WITHOUT FURTHER INCIDENT. THE #1 ENGINE WAS SHUT DOWN DUE TO HIGH ENGINE OIL TEMPERATURE WHICH EXCEEDED LIMITATIONS. MAINTENANCE EMPLOYED BY RYAN INSPECTED THE ENGINE AND FOUND A SIGNIFICANT AMOUNT OF CARBON IN THE OIL FILTER. THE ENGINE WAS SUBSEQUENTLY REPLACED AND THE AIRCRAFT DISPATCHED. THE OPERATOR HAS SUBMITTED A PRELIMINARY SDR. CONTACTED THE CHDO FOR ENGINE TEAR DOWN REPORT, AS OF THIS DATE NO REPORT HAS BEEN RECEIVED. ENGINE SERIAL NUMBER REMOVED: 707351. THIS INCIDENT INVESTIGATION WAS PERFORMED ON SCENE AND BY DESK AUDIT AND IS CONSIDERED CLOSED.",BOEING,7372H4,,"OPDEF, Other Than Pi;7261",,0.5742917475313414,4.285714285714293,-0.004876492678651534,0.0,stable,mild_growth,stable,unknown,ASIAS
20020709029359I,2.0,,Unknown,Daylight,UNK,Other,Unknown,2002,7,"(-23) ^PRIVACY DATA OMITTED^

(-23) ^PRIVACY DATA OMITTED^",,,,"Miscellaneous, Other;Unauthorized Action",,1.8487118002454839,2.898550724637694,-0.004876492678651534,0.0,mild_growth,mild_growth,stable,unknown,ASIAS
20020702019429I,2.0,,Unknown,Daylight,UNK,Unknown,Unknown,2002,7,"(-23) ON JULY 2, 2002 AT 0830 PDT UNITED 876 MORIOKA, JAPAN-SEA, LANDED WITHOUT INCIDENT. AFTER TAXIING TO GATE S-1

(-23) ON JULY 2, 2002 AT 0830 PDT UNITED 876 MORIOKA, JAPAN-SEA, LANDED WITHOUT INCIDENT. AFTER TAXIING TO GATE S-10, THE GROUND CREW CALLED FIRE EQUIPMENT DUE TO A BRAKE FIRE. ONE OF THE GROUND CREW ATTEMPTED TO PUT THE FIRE OUT WITH AN EXTINGUISHER BEFORE THE FIRE EQUIPMENT ARRIVED. CHEMICALS FROM THE HAND EXTINGUISHER BLEW INTO THE GROUND CREW MEMBERS FACE AND INTO THE RIGHT ENGINE. THE INJURED PERSON WAS TAKEN TO A LOCAL HOSPITAL. THE BRAKE ASSEMBLY'S ON THE RT MLG WERE REMOVED AND REPLACED. SIX WHEEL AND TIRES WERE REPLACED. THE RIGHT ENGINE WAS INSPECTED VISUALLY AND WITH A BOROSCOPE FINDING NO CONTAMINATION.",BOEING,777222,,"OPDEF, Other Than Pi;3240",,1.8487118002454839,2.898550724637694,-0.004876492678651534,0.0,mild_growth,mild_growth,stable,unknown,ASIAS
20020707020479I,2.0,,Unknown,Daylight,UNK,Other,Unknown,2002,7,"(-23) PASSENGER FLORES APPEARED TO BE INTOXICATED AND FAILED TO FOLLOW FLIGHT ATTENDANTS INSTRUCTIONS BY LEAVING HI

(-23) PASSENGER FLORES APPEARED TO BE INTOXICATED AND FAILED TO FOLLOW FLIGHT ATTENDANTS INSTRUCTIONS BY LEAVING HIS SEAT ON 2 OCCASIONS WHILE THE FASTEN SEAT BELT SIGN WAS LIGHTED.",,,,"Miscellaneous, Other;Cntl Intfr By Passen",,1.8487118002454839,2.898550724637694,-0.004876492678651534,0.0,mild_growth,mild_growth,stable,unknown,ASIAS
20020805022109I,2.0,,VMC,Unknown,UNK,Unknown,Unknown,2002,8,"(-23) AIRCRAFT WAS ENROUTE FROM IAH>ANC, CALA #1507, B-757-224, N26123, ETOPS QUALIFIED, & @ CRUISE ALTITIDE, PILOT

(-23) AIRCRAFT WAS ENROUTE FROM IAH>ANC, CALA #1507, B-757-224, N26123, ETOPS QUALIFIED, & @ CRUISE ALTITIDE, PILOTS NOTICED A FUEL CONFIGURATION LIGHT ILLUMINATED, RT WING FUEL QTY. 2000# MORE THAN LEFT WING FUEL TANK QTY. PILOT REPORTED, USING COMPANY PROVIDED CHECK LIST, INSTEAD OF SHUTTING DOWN RT. ENG., (PER ETOPS AIRCRAFT CHECK LIST, SUSPECT A FUEL LEAK) ELECTED TO LAND THE AIRCRAFT @ JUNEAU, ALASKA. AFTER AIRCRAFT WAS LANDED & PARKED, CONTRACTED MECHANICS, UNDER GUIDANCE FROM COMPANY MX CONTROL, INSPECTED & TESTED SYSTEMS, DID NOT FIND A FUEL LEAK & DETERMINED THE FUEL QTY SYS OPERATED NORMALLY. THE AIRCRAFT WAS RELEASED VIA ELECTRONIC MSG FROM COMPANY MX CONTROL USING MEL-28-22-2-1, ONE FUEL BOOST PUMP DEACTIVATED.",BOEING,757224,,"OPDEF, Other Than Pi;2822",,0.5742917475313414,4.285714285714293,-0.004876492678651534,0.0,stable,mild_growth,stable,unknown,ASIAS
20020814026129I,2.0,,Unknown,Daylight,UNK,Other,5000+,2002,8,"(-23) WHILE AIRCRAFT TAXIING TO GATE 10 THE GUIDEMAN GUIDED THE AIRCRAFT WITH ONLY ONE WING WALKER ON THE RIGHT SID

(-23) WHILE AIRCRAFT TAXIING TO GATE 10 THE GUIDEMAN GUIDED THE AIRCRAFT WITH ONLY ONE WING WALKER ON THE RIGHT SIDE OF THE AIRCRAFT AND THE LEFT WING WALKER WAS NOT IN HIS REQUIRED POSITION. THE LEFT WING STRUCK THE AIRCRAFT CONTAINER LOADER THAT WAS PARKED IN THE AREA. PRECAUTIONARY MEASURE PASSENGERS DEPLANED ON RAMP VIA REAR ENTRANCE DOOR STAIRS AND WALKED TO THE TERMINAL.",DOUG,DC982,,"Miscellaneous, Other;Unsafe Acts By Third",,0.5742917475313414,4.285714285714293,-0.004876492678651534,0.0,stable,mild_growth,stable,unknown,ASIAS
20020912027199I,2.0,,VMC,Daylight,UNK,Unknown,Unknown,2002,9,"(-23) AMERICAN AIRLINE FLIGHT 1718, F-28-MK0100, WAS BEING PUSHED BACK FROM THE GATE AT OMAHA, NE, WHEN THE NUMBER

(-23) AMERICAN AIRLINE FLIGHT 1718, F-28-MK0100, WAS BEING PUSHED BACK FROM THE GATE AT OMAHA, NE, WHEN THE NUMBER ONE ENGINE STARTER FAILED DURING ATEMPT TO START THE ENGINE. CONTRACT MAINTENANCE DETERMINED THAT THE STARTER HAD BURNED INTERNALLY GENERATING A LOT OF SMOKE. THERE WAS NO DAMAGE TO THE AIRCRAFT.",FOKKER,F28MK0100,,"OPDEF, Other Than Pi;8011",,-0.7227844721928944,13.235294117647056,-0.004876492678651534,0.0,stable,strong_growth,stable,unknown,ASIAS
20020901027049I,2.0,,Unknown,Unknown,UNK,Unknown,Unknown,2002,9,"(-23) AFTER DEPARTURE FROM AUCKLAND NEW ZEALAND THE RIGHT INBOARD FORE FLAP ATTACH POINT P/N 65B39025-29 FAILED. TH

(-23) AFTER DEPARTURE FROM AUCKLAND NEW ZEALAND THE RIGHT INBOARD FORE FLAP ATTACH POINT P/N 65B39025-29 FAILED. THE BROKEN (HALF ROUND) ATTACH PIECE WAS RECOVERED FROM THE CANOE BY MAINTENANCE PERSONNEL. SUBSEQUENT VIBRATION AND FLUTTER CAUSED THE FLAP TO BREAK INTO THREE PIECES OF WHICH THE TWO THIRDS ON THE INBOARD SIDE DEPARTED THE AIRCRAFT. THE FLIGHT CREW WAS UNAWARE OF THE INCIDENT AND CONTINUED THE FLIGHT TO LAX. LATER THAT DAY TRANSPORTATION AUTHORITIES IN NEW ZEALAND RECOVERED THE TWO PIECES OF THE FLAP FROM THE BAY UNDER THE DEPARTURE END OF THE AIRPORT IN AUCKLAND. THE AIRPLANE LANDED WITHOUT INCIDENT AT LAX. POST FLIGHT INSPECTION REVEALED THAT TWO THIRDS OF THE FORE FLAP WERE MISSING. SECONDARY DAMAGE WAS SUSTAINED TO THE MID FLAP, THE FUSELAGE, AND THE OUTER FLAP WELL WIND RIB ALONG WITH OTHER RELATED SYSTEMS. PREVIOUS SDR REPORTS REVEAL SDR #P5CA9800739, DATED JULY 8, 1997 SHOWING THE SAME FAILURE FOR A BOEING 747-400. SDR SUBMITTED ^PRIVACY DATA OMITTED^",BOEING,747,,"OPDEF, Other Than Pi;5753",,-0.7227844721928944,13.235294117647056,-0.004876492678651534,0.0,stable,strong_growth,stable,unknown,ASIAS
20020810021029I,2.0,,VMC,Daylight,UNK,Other,Unknown,2002,8,"(-23) DELTA FLT 1081 AIRCRAFT RUBBED LEFT WINGTIP AGAINST THE RIGHT WINGTIP OF COMAIR FLT 5049 PARKED ON THE ADJACE

(-23) DELTA FLT 1081 AIRCRAFT RUBBED LEFT WINGTIP AGAINST THE RIGHT WINGTIP OF COMAIR FLT 5049 PARKED ON THE ADJACENT GATE WHILE TAXING INTO GATE B-9 AT SOUTHWEST REGIONAL AIRPORT.",DOUG,MD88,,"Miscellaneous, Other;Fail Avoid Ac None A",,0.5742917475313414,4.285714285714293,-0.004876492678651534,0.0,stable,mild_growth,stable,unknown,ASIAS
20020819036779I,2.0,,VMC,Daylight,UNK,Unknown,Unknown,2002,8,"(-23) AIRCRAFT RETURNED TO FWA SHORTLY AFTER TAKEOFF BECAUSE OF HOT TAILPIPE INDICATION. MERCURY AIR CENTER MAINTEN

(-23) AIRCRAFT RETURNED TO FWA SHORTLY AFTER TAKEOFF BECAUSE OF HOT TAILPIPE INDICATION. MERCURY AIR CENTER MAINTENANCE PERSONNEL INSPECTED A/C AND RETURNED A/C TO SERVICE.",SAAB,SF340A,,"OPDEF, Other Than Pi;2613",,0.5742917475313414,4.285714285714293,-0.004876492678651534,0.0,stable,mild_growth,stable,unknown,ASIAS
20020822036899I,2.0,,VMC,Unknown,UNK,Unknown,Unknown,2002,8,"(-23) FLIGHT CREW ABORTED THE TAKEOFF TWICE. AS PER COMPANY PROCEDURES AIRCRAFT WAS RETURNED TO THE GATE. MAINTENAN

(-23) FLIGHT CREW ABORTED THE TAKEOFF TWICE. AS PER COMPANY PROCEDURES AIRCRAFT WAS RETURNED TO THE GATE. MAINTENANCE ADJUSTED A THROTTLE MICRO SWITCH. AIRCRAFT WAS RETURNED TO SERVICE. REGION COMM CENTER WAS NOTIFIED BY THE TOWER OF THIS OCCURRENCE.",JETAIR,JETSTM4101,,"OPDEF, Other Than Pi;7603",,0.5742917475313414,4.285714285714293,-0.004876492678651534,0.0,stable,mild_growth,stable,unknown,ASIAS
20020906026229I,2.0,,Unknown,Unknown,UNK,Unknown,5000+,2002,9,"(-23) FLIGHT CREW REPORTED FIRE ON NO.2 ENGINE AT GATE 10 RAMP AT ORLANDO AIRPORT. PRECAUTIONARY MEASURE PASSENGERS

(-23) FLIGHT CREW REPORTED FIRE ON NO.2 ENGINE AT GATE 10 RAMP AT ORLANDO AIRPORT. PRECAUTIONARY MEASURE PASSENGERS DEPLANED ON RAMP VIA ENTRANCE DOOR STAIRS THEN WALKED TO TERMINAL. ONE INJURY REPORTED. THIS INSPECTOR INTERVIEWED AMERICAN EAGLE MAINTENANCE AND THEY DETERMINED THE PILOT DISENGAGED THE PROPELLER BRAKE BY ELECTRICAL SWITCH THAT SIGNALS THE MULTI FUNCTION COMPUTER TO DISENGAGE THE PROPELLER BRAKE. WHEN THE PILOT INCREASED ENGINE POWER THE PROPELLER STARTED TO ROTATE AND AFTER SEVERAL MINUTES THE PROPELLER BRAKE WAS SO HOT THE BRAKE STARTED A FIRE. DISASSEMBLY OF THE PROPELLER BRAKE INDICATED THE BRAKE WAS ON AND THE PROPELLER BRAKE REDUCTION GEAR WAS SHEARED OFF. AMERICAN EAGLE MAINTENANCE BELIEVES THE MULTIFUNCTION COMPUTER FAILED BY FAILURE TO RELEASE PROPELLER BRAKE.",AEROSP,ATR72212A,,"OPDEF, Other Than Pi;3140",,-0.7227844721928944,13.235294117647056,-0.004876492678651534,0.0,stable,strong_growth,stable,unknown,ASIAS
20020917025469I,2.0,,VMC,Unknown,UNK,Unknown,Unknown,2002,9,"(-23) AIRCRAFT LANDED RUNWAY 35L AT DENVER. PASSENGERS AND CREW EVACUATED AIRCRAFT ON TAXIWAY M6 AFTER PILOT REPORT

(-23) AIRCRAFT LANDED RUNWAY 35L AT DENVER. PASSENGERS AND CREW EVACUATED AIRCRAFT ON TAXIWAY M6 AFTER PILOT REPORTED SMOKE IN COCKPIT. MAINTENANCE DETERMINED ACM FAILED CAUSING SMOKE OR OIL MIST.",FRCHLD,SA227DC,,"OPDEF, Other Than Pi;2150",,-0.7227844721928944,13.235294117647056,-0.004876492678651534,0.0,stable,strong_growth,stable,unknown,ASIAS
20020913037099I,2.0,,VMC,Daylight,UNK,Unknown,Unknown,2002,9,"(-23) ON SEPTEMBER 13, A DHC-8-102, N839EX, A LOUD VIBRATION WAS DISCOVERED WHILE IN LEVEL CRUISE AT 12,000 FT. THE

(-23) ON SEPTEMBER 13, A DHC-8-102, N839EX, A LOUD VIBRATION WAS DISCOVERED WHILE IN LEVEL CRUISE AT 12,000 FT. THE CREW DESCRIBED A GRINDING SOUND. INSTRUMENTS APPEARED NORMAL AND THE VIBRATION CONSTANT WITH DIFFERNT POWER SETTINGS. THE CREW ELECTED TO DIVERT TO BGM WHERE A NORMAL LANDING WAS MADE. MAINTENANCE INSPECTED FORWARD PRESSURE PANELS 121AL & BL AND 122 AR & BR, AND FOUND SEVERAL LOOSE SCREWS AND ONE MISSING SCREW. THEY INSTALLED THE MISSING SCREW AND RE-TORQUED ALL THE SCREWS AND THE MISSING LAV PLUG WAS REINSTALLED. MAINTENANCE INSPECTED THE ENGINE MOUNTS AND ACCESSORIES, PROPS, FLIGHT CONTROLS, WINGS, AND TAIL. NO DEFECTS WERE FOUND. ALL WORK WAS DONE I/A/W STANDARD MAINTENANCE PRACTICES. THIS INCIDENT IS CONSIDERED CLOSED.",DHAV,DHC8102,,Improper Maintenance;5320,,-0.7227844721928944,13.235294117647056,-0.004876492678651534,0.0,stable,strong_growth,stable,unknown,ASIAS
20020906029369I,2.0,,Unknown,Unknown,UNK,Other,Unknown,2002,9,"(-23) PASSENGER ^PRIVACY DATA OMITTED^ WAS CAUGHT SMOKING IN THE AFT LAVATORY ON AMERICAN AIRLINES FLIGHT #510 FROM

(-23) PASSENGER ^PRIVACY DATA OMITTED^ WAS CAUGHT SMOKING IN THE AFT LAVATORY ON AMERICAN AIRLINES FLIGHT #510 FROM MIA-CLE ON SEPTEMBER 3, 2002. ^PRIVACY DATA OMITTED^",,,,"Miscellaneous, Other;Unauthorized Action",,-0.7227844721928944,13.235294117647056,-0.004876492678651534,0.0,stable,strong_growth,stable,unknown,ASIAS
20020812023139I,2.0,,Unknown,Daylight,UNK,Unknown,Unknown,2002,8,"(-23) AIRCRAFT WAS ON RAMP AREA AWAITING A GATE WHEN THE F/O SMELLED SMOKE. AIRCRAFT DID NOT RESPOND TO NOSE WHEEL

(-23) AIRCRAFT WAS ON RAMP AREA AWAITING A GATE WHEN THE F/O SMELLED SMOKE. AIRCRAFT DID NOT RESPOND TO NOSE WHEEL STEERING NOR RUDDER PEDAL STEERING. THE RIGHT PACK FAILED AND THE STICK SHAKER WAS ACTIVATED. AIRCRAFT WAS SHUT DOWN AND THE CREW AND 4 PAX DEPLANED ON THE RAMP. THIS WAS NOT AN EVACUATION. PROBLEM: THE RIGHT LANDING GEAR PROXIMITY SENSOR MALFUNCTIONED CAUSING BOTH A/C PACK FANS TO BECOME INOPERATIVE. CORRECTIVE ACTION: REPLACED RIGHT MAIN LANDING GEAR SENSOR AND HARNESS. AIRCRAFT WAS RETURNED TO SERVICE. THIS INCIDENT IS CLOSED.",EMB,EMB120,,"OPDEF, Other Than Pi;3260",,0.5742917475313414,4.285714285714293,-0.004876492678651534,0.0,stable,mild_growth,stable,unknown,ASIAS
20020905037089I,2.0,,Unknown,Unknown,UNK,Unknown,Unknown,2002,9,"(-23) THE AIRCRAFT WAS ENROUTE FROM ROC TO LGA BUT DIVERTED TO SYR AFTER THE CREW REPORTED THAT THE #2 HYDRAULIC IS

(-23) THE AIRCRAFT WAS ENROUTE FROM ROC TO LGA BUT DIVERTED TO SYR AFTER THE CREW REPORTED THAT THE #2 HYDRAULIC ISOLATION VALVE CAUTION LIGHT ILLUMINATED. ARFF RESPONDED AND THE AIRCRAFT TAXIED TO THE RAMP WITHOUT INCIDENT. MAINTENANCE REPLACED A HYDRAULIC LINE IN THE NOSE GEAR AREA THEN SERVICED THE #2 HYDRAULIC SYSTEM. AN OPERATIONAL CHECK OF THE SYSTEM WAS MADE AND NO LEAKS WERE FOUND. THE AIRCRAFT WAS THEN RETURNED TO SERVICE. THIS INCIDENT IS CONSIDERED CLOSED.",DHAV,DHC8102,,"OPDEF, Other Than Pi;2910",,-0.7227844721928944,13.235294117647056,-0.004876492678651534,0.0,stable,strong_growth,stable,unknown,ASIAS
20020901028769I,2.0,,Unknown,Unknown,UNK,Unknown,5000+,2002,9,"(-23) ON SEPTEMBER 1, 2002, AIRCRAFT N178DN A BOEING 767-300, TOOK OFF ON FLIGHT 1990/600 HEADING TO ATL. DURING CL

(-23) ON SEPTEMBER 1, 2002, AIRCRAFT N178DN A BOEING 767-300, TOOK OFF ON FLIGHT 1990/600 HEADING TO ATL. DURING CLIMB AFTER THE FLAPS WERE MOVED TO THE FULLY UP POSITION, THE LEADING EDGE ASYMMETRY EICAS MESSAGE AND WARNING LIGHTS WERE DISPLAYED. THE AIRCRAFT RETURNED TO LAX LANDING SAFELY WITH 166 PASSENGERS ON BOARD. UPON RETURNING TO THE GATE, THE AIRCRAFT WAS INSPECTED AND THE LEFT ENGINE CORE COWLS WERE FOUND TO HAVE OPENED CAUSING HEAVY DAMAGE TO THE COWLING. IN ADDITION, THE LEFT COWLING STRUCK THE #5 LEADING SLAT. THE RIGHT COWLING STRUCK THE LOWER WING SURFACE CAUSING DAMAGE. ALSO DAMAGE WAS FOUND TO THE EXHAUST NOZZLE, INBOARD TRAILING EDGE FLAP, 2 SMALL CLOSURE PANELS, AND A FITTING WHERE THE CORE COWL MOUNTS TO THE PYLON.",BOEING,767332,,Improper Maintenance;7110,,-0.7227844721928944,13.235294117647056,-0.004876492678651534,0.0,stable,strong_growth,stable,unknown,ASIAS
20021009028129I,2.0,,Unknown,Unknown,UNK,Unknown,5000+,2002,10,"(-23) FAILURE OF LOWER RUDDER YAW DAMPER ACTUATOR CAUSED LOWER RUDDER HARD OVER TO LEFT DURING CRUISE FLIGHT. INITI

(-23) FAILURE OF LOWER RUDDER YAW DAMPER ACTUATOR CAUSED LOWER RUDDER HARD OVER TO LEFT DURING CRUISE FLIGHT. INITIALLY 17.1 DEGREES LEFT, WENT TO 32.4 DEGREES LEFT WHEN AIRCRAFT SLOWED DOWN ON FINAL.",BOEING,747451,,"OPDEF, Other Than Pi;2720",,-0.4282337926664992,15.492957746478876,-2.7926854404848878,0.0,stable,strong_growth,mild_decline,unknown,ASIAS
20021007026669I,2.0,,VMC,Unknown,UNK,PIC,Unknown,2002,10,"(-23) DELTA FLIGHT #1440 WAS HIT BY A LARGE BIRD OR BIRDS (SUSPECT GEESE) AT FLIGHT LEVEL 6400' ON APPROACH TO SALT

(-23) DELTA FLIGHT #1440 WAS HIT BY A LARGE BIRD OR BIRDS (SUSPECT GEESE) AT FLIGHT LEVEL 6400' ON APPROACH TO SALT LAKE CITY. AFTER FLIGHT CREW NOTICED A 6"" BY 4"" HOLE IN LEFT LEADING EDGE SLAT. THE LEFT LEADING EDGE HORIZONTAL STABILIZER HAD A LARGE DENT. DELTA MAINTENANCE CREW PERFORMED BIRD STRIKE INSPECTION ON AIRCRAFT. LEFT LEADING EDGE COVER OF HORIZONTAL STABILIZER WAS REMOVED FOR REPAIR. LEFT LEADING EDGE WING SLAT REPLACED. LEFT ENGINE WAS INSPECTED AND BORESCOPED, INSPECTION RESULTED IN ENGINE BEING OK. AIRCRAFT RETURNED TO SERVICE.",DOUG,MD9030,,"Miscellaneous, Other;Struck Birds In Flig",,-0.4282337926664992,15.492957746478876,-2.7926854404848878,0.0,stable,strong_growth,mild_decline,unknown,ASIAS
20021025032469I,2.0,,VMC,Daylight,UNK,Unknown,Unknown,2002,10,"(-23) ON FRIDAY, OCTOBER 25, 2002, AN MD-80 WAS BEING OPERATED BY AMERICAN AIRLINES AS FLIGHT 2034 BOUND FROM CHICA

(-23) ON FRIDAY, OCTOBER 25, 2002, AN MD-80 WAS BEING OPERATED BY AMERICAN AIRLINES AS FLIGHT 2034 BOUND FROM CHICAGO TO BOSTON. AS THE AIRCRAFT APPROACHED BUFFALO, NY AT FLIGHT LEVEL 330, THE CABIN BEGAN TO CLIMB RAPIDLY. CREW INITIATED EMERGENCY DESCENT, DECLARED EMERGENCY WITH CLEVELAND CENTER, LANDED AT BUFFALO WITHOUT FURTHER INCIDENT. SEVERAL PASSENGERS COMPLAINED OF EAR PROBLEMS. ONE PASSENGER WHO WAS PREGNANT WAS TRANSPORTED TO CHILDREN'S HOSPITAL AT BUFFALO NY THEN RELEASED. ONE FLIGHT ATTENDANT WAS TRANSPORTED TO ST. JOSEPH'S HOSPITAL AT CHEEKTOWAGA NY AND LATER RELEASED. 14 PASSENGERS SIGNED OFF AS NOT REQUIRING MEDICAL ATTENTION. PASSENGERS WERE PUT ABOARD ANOTHER FLIGHT TO BOSTON. AIRCRAFT WAS FERRIED TO LAGUARDIA FOR EXAMINATION, AND LATER TO TULSA FOR FURTHER EXAM. THIS INCIDENT IS CONSIDERED CLOSED.",DOUG,DC982,,"OPDEF, Other Than Pi;2100",,-0.4282337926664992,15.492957746478876,-2.7926854404848878,0.0,stable,strong_growth,mild_decline,unknown,ASIAS
20021019030019I,2.0,,Unknown,Daylight,UNK,Unknown,Unknown,2002,10,"(-23) ON OCTOBER 19, 2002 AT 0858 CENTRAL DAYLIGHT TIME A BEECHCRAFT 1900D REPORTED SHEET METAL PEELING OFF THE RIG

(-23) ON OCTOBER 19, 2002 AT 0858 CENTRAL DAYLIGHT TIME A BEECHCRAFT 1900D REPORTED SHEET METAL PEELING OFF THE RIGHT ENGINE. THE AIRCRAFT MADE AN UNEVENTFUL LANDING AT LITTLE ROCK ADAMS FIELD. THE AIRPLANE WAS REGISTERED TO MESA AIRLINES INC. OF PHOENIX ARIZONA. THE FLIGHT CREW OF 2 AND 14 PASSENGERS WERE NOT INJURED DURING THE INCIDENT. SUBSEQUENT INVESTIGATION AND MAINTENANCE REVEALED THAT A LIGHTNING STRIKE BLEW OFF A RIVET HEAD AND PUT A HOLE IN THE LEADING EDGE OF THE PANEL, CAUSING THE PANEL TO LIFT UP INTO THE AIR STREAM FURTHER DAMAGING THE PANEL. A NEW PANEL WAS INSTALLED AND THE AIRCRAFT WAS APPROVED FOR RETURN TO SERVICE.",BEECH,1900D,,"Miscellaneous, Other;7110",,-0.4282337926664992,15.492957746478876,-2.7926854404848878,0.0,stable,strong_growth,mild_decline,unknown,ASIAS
20021021036579I,2.0,,VMC,Unknown,UNK,Unknown,2000-5000,2002,10,"(-23) ON OCTOBER 21, 2002 DURING THE CLIMB OUT, ABOUT 15 MINUTES AFTER DEPARTURE, WHILE ON A REVENUE FLIGHT FROM BL

(-23) ON OCTOBER 21, 2002 DURING THE CLIMB OUT, ABOUT 15 MINUTES AFTER DEPARTURE, WHILE ON A REVENUE FLIGHT FROM BLOOMINGTON, IL TO ST. LOUIS, MO, THE ""ELECTRICAL SMOKE"" WARNING LIGHT ILLUMINATED ALONG WITH THE ""MASTER CAUTION"" LIGHT. THE PIC DID NOT DECLARE AN EMERGENCY BUT ELECTED TO RETURN TO THE POINT OF DEPARTURE. THE ""ELECTRICAL SMOKE"" CHECKLIST WAS COMPLETED AND THE AIRCRAFT MADE AN UNEVENTFUL LANDING. THE WARNING LIGHT EXTINGUISHED ON FINAL APPROACH. ALL PASSENGERS AND CREW WERE DEPLANED AT THE TERMINAL WITHOUT INCIDENT.",AEROSP,ATR72202,,Undetermined,,-0.4282337926664992,15.492957746478876,-2.7926854404848878,0.0,stable,strong_growth,mild_decline,unknown,ASIAS
20021003029609I,2.0,,Unknown,Daylight,UNK,Unknown,Unknown,2002,10,"(-23) DURING CRUISE FROM PWM TO ORD, THE CREW REPORTED A 14TH STAGE BLEED FAIL ANNUNCIATOR THAT DID NOT EXTINGUISH

(-23) DURING CRUISE FROM PWM TO ORD, THE CREW REPORTED A 14TH STAGE BLEED FAIL ANNUNCIATOR THAT DID NOT EXTINGUISH AFTER THE QRH PROCEDURES WERE COMPLIED WITH. THE ENGINE WAS SHUT DOWN AND THE FLIGHT WAS DIVERTED TO SYR AND LANDED WITHOUT INCIDENT. MAINTENANCE FOUND THE PYLON OVERHEAT WARNING LOOP RESTING ON THE BLEED AIR DUCT. THEY REPOSITIONED THE LOOP. AN OPERATIONAL CHECK WAS SATISFACTORY AND THE AIRCRAFT WAS RETURNED TO SERVICE. THIS INCIDENT IS CONSIDERED CLOSED.",CNDAIR,CL6002B19,,Improper Maintenance;2613,,-0.4282337926664992,15.492957746478876,-2.7926854404848878,0.0,stable,strong_growth,mild_decline,unknown,ASIAS
20021016029789I,2.0,,Unknown,Daylight,UNK,Unknown,Unknown,2002,10,"(-23) AIRCRAFT RETURNED TO ALB DUE TO BURNING SMELL IN THE COCKPIT. FOLLOWING UNEVENTFUL LANDING, MAINTENANCE INSPE

(-23) AIRCRAFT RETURNED TO ALB DUE TO BURNING SMELL IN THE COCKPIT. FOLLOWING UNEVENTFUL LANDING, MAINTENANCE INSPECTED AND FOUND AN OVERHEATED FLAP DRIVE MOTOR TO BE THE CAUSE OF THE SMELL. THE AIRCRAFT SYSTEM WAS ISOLATED AND THE AIRCRAFT WAS REPOSITIONED TO PLB FOR REPAIRS.",BEECH,1900D,,"OPDEF, Other Than Pi;2752",,-0.4282337926664992,15.492957746478876,-2.7926854404848878,0.0,stable,strong_growth,mild_decline,unknown,ASIAS
20021031030029I,2.0,,VMC,Unknown,UNK,Unknown,Unknown,2002,10,"(-23) WHILE IN CLIMB OUT FROM CASPER, WY AIRPORT, THE RIGHT ENGINE OIL PRESSURE CAUTION LIGHT CAME ON. THE FLIGHT C

(-23) WHILE IN CLIMB OUT FROM CASPER, WY AIRPORT, THE RIGHT ENGINE OIL PRESSURE CAUTION LIGHT CAME ON. THE FLIGHT CREW CHECKED THE RIGHT OIL PRESSURE GAUGE AND NOTICED IT WAS ALSO GOING DOWN IN PRESSURE. THE RIGHT ENGINE WAS FEATHERED AND SHUT DOWN. FLIGHT CREW RETURNED AND MADE AN EMERGENCY LANDING AT CASPER AIRPORT WITHOUT FURTHER PROBLEMS. NO EMERGENCY EVACUATION WAS INITIATED.",SWRNGN,SA227AC,,"OPDEF, Other Than Pi;7261",,-0.4282337926664992,15.492957746478876,-2.7926854404848878,0.0,stable,strong_growth,mild_decline,unknown,ASIAS
20021006026189I,2.0,,Unknown,Daylight,UNK,PIC,Unknown,2002,10,"(-23) ON 10/06/02 SKY WEST FLIGHT 3956 INBOUND TO SLC AT 15900 MSL TO RUNWAY 34R EXPERIENCED MULTIPLE BIRD STRIKES.

(-23) ON 10/06/02 SKY WEST FLIGHT 3956 INBOUND TO SLC AT 15900 MSL TO RUNWAY 34R EXPERIENCED MULTIPLE BIRD STRIKES. AFTER LANDING AT SLC MAINTENANCE FOUND THERE WAS DAMAGE TO THE RADOME, LEFT WING LEADING EDGE ROOT FAIRING, THE LEFT ENGINE INLET, AND A SLIGHT CREASE CAUSED WHEN ONE OF THE BIRDS STRUCK THE NOSE JUST BELOW THE PILOTS WINDSHIELD AND BECAME LODGED UNDER THE WINDSHIELD WIPER. BORESCOPE INSPECTION OF THE LEFT ENGINE FOUND THERE WAS NO DAMAGE TO THE ENGINE. ALL OTHER AFFECTED PARTS IS IN THE PROCESS OF BEING REMOVED AND REPLACED. THE CREASE ON THE NOSE WILL BE EVALUATED TO DETERMINE ACCEPTABILITY FOR CONTINUED SERVICE.",CNDAIR,CL6002B19,,"Miscellaneous, Other;Struck Birds In Flig",,-0.4282337926664992,15.492957746478876,-2.7926854404848878,0.0,stable,strong_growth,mild_decline,unknown,ASIAS
20020929035209I,2.0,,Unknown,Daylight,UNK,Other,Unknown,2002,9,"(-23) AMERICAN TRANS AIR - FLIGHT 8028 (LAS-CLE), 7337 W. WASHINGTON ST., INDIANAPOLIS, IN 46251. EVIDENCE INDICATE

(-23) AMERICAN TRANS AIR - FLIGHT 8028 (LAS-CLE), 7337 W. WASHINGTON ST., INDIANAPOLIS, IN 46251. EVIDENCE INDICATES THAT AIRLINE PERSONNEL BOARDED PASSENGER,^PRIVACY DATA^ WHO APPEARED TO BE INTOXICATED AT THE TIME OF BOARDING AND WAS SERVED ALCOHOL DURING THE FLIGHT.^PRIVACY ^ CAUSED A DISTURBANCEWHICH ATA DID NOT REPORTED TO THE ADMINISTRATOR WITHIN FIVE DAYS AFTER THE INCIDENT.",,,,"Miscellaneous, Other;Cntl Intfr By Passen",,-0.7227844721928944,13.235294117647056,-0.004876492678651534,0.0,stable,strong_growth,stable,unknown,ASIAS
20020922026359I,2.0,,VMC,Unknown,UNK,Unknown,5000+,2002,9,"(-23) PINNACLE AIRLINES, DBA NORTHWEST AIRLINK, FLAGSHIP FLIGHT 5963 BLOCKED OUT AT 0628 EDT KTYS AND DEPARTED AT 0

(-23) PINNACLE AIRLINES, DBA NORTHWEST AIRLINK, FLAGSHIP FLIGHT 5963 BLOCKED OUT AT 0628 EDT KTYS AND DEPARTED AT 0639. AFTER DEPARTURE A PANEL WS FOUND BY THE TAXIWAY AND IT WAS UNKNOWN ORIGIN. THE AIRLINE WAS CALLED IT WAS DETERMINED THAT MAYBE IT WAS FROM FLIGHT 5963. THE FLIGHT WAS NOTIFIED BY ACARS 18 MINUTES AFTER DEPARTURE THAT A PANEL MAY HAVE COME OFF. THE CREW HAD NOT NOTICED ANY UNUSUAL FLIGHT CHARACTERISTICS AND LANDED AT KMEM AT 0746 CDT AND WAS UNAWARE THE LEFT ENGINE COWLING HAD DEPARTED THE AIRCRAFT APPROXIMATELY 7 MILES FROM KMEM ON FINAL APPROACH TO RUNWAY 27.",CNDAIR,CL6002B19,,Improper Maintenance;7110,,-0.7227844721928944,13.235294117647056,-0.004876492678651534,0.0,stable,strong_growth,stable,unknown,ASIAS
20021023029109I,2.0,,VMC,Daylight,UNK,Other,Unknown,2002,10,"(-23) DURING PASSENGER BOARDING OF FLIGHT 7775, EWR-IAD OPERATING AS UNITED EXPRESS, MOTHER OF LAP CHILD LEFT CHILD

(-23) DURING PASSENGER BOARDING OF FLIGHT 7775, EWR-IAD OPERATING AS UNITED EXPRESS, MOTHER OF LAP CHILD LEFT CHILD UNATTENDED IN A SEAT WHILE SHE STOWED CARRY ON BAGGAGE. CHILD FELL FACE FIRST FROM SEAT INTO AISLE OF AIRCRAFT INCURRING MINOR NOSE INJURY. PORT AUTHORITY NYNJ POLICE AND PARAMEDICS RESPONDED. CHILD WAS TREATED AND RELEASED BY PARAMEDICS. MOTHER AND CHILD CONTINUED ON TO IAD WITHOUT INCIDENT.",JETAIR,JETSTM4101,,"Miscellaneous, Other;Unsafe Acts By Third",,-0.4282337926664992,15.492957746478876,-2.7926854404848878,0.0,stable,strong_growth,mild_decline,unknown,ASIAS
20021108031539I,2.0,,IMC,Unknown,UNK,Other,Unknown,2002,11,"(-23) AALA FLIGHT #1383 ON 11/08/02 ENCOUNTERED UNREPORTED SEVERE TURBULENCE ON DESCENT THROUGH FLIGHT LEVEL 260, N

(-23) AALA FLIGHT #1383 ON 11/08/02 ENCOUNTERED UNREPORTED SEVERE TURBULENCE ON DESCENT THROUGH FLIGHT LEVEL 260, NEAR MERCED, CALIFORNIA, THAT WAS NOT INDICATED ON RADAR. THE AFT GALLEY FLIGHT ATTENDANT WAS THROWN AGAINST THE AFT DOOR FRACTURING HER NOSE AND THEN AGAINST AN OPEN DRAWER CAUSING A LACERATION ON HER SCALP. THE SEAT BELT SIGNS WERE ON AND THE FLIGHT ATTENDANTS WERE SECURING THE GALLIES.",BOEING,737800*,,"Miscellaneous, Other;Other, Miscellaneous",,-0.5763220971510052,6.849315068493156,-2.7926854404848878,0.0,stable,strong_growth,mild_decline,unknown,ASIAS
20021104031099I,2.0,,Unknown,Daylight,UNK,Unknown,5000+,2002,11,"(-23) ALASKA FLT 515 BUR/SEA DECLARED EMEG. & DIVERTED TO EUG DUE TO SMOKE/ELEC. SMELL IN CABIN, A/C LANDED W/O INC

(-23) ALASKA FLT 515 BUR/SEA DECLARED EMEG. & DIVERTED TO EUG DUE TO SMOKE/ELEC. SMELL IN CABIN, A/C LANDED W/O INCIDENT @1202 PST. MX LATER DISCOVERED CABIN OVERHEAD/SIDEWALL LIGHT BALLAST OVERHEATED. MX R&R'D BALLAST OPS CHECKED GOOD, A/C FERRIED TO SEA. FOLLOW-UP WITH CMU PMI TO DETERMINE IF FURTHER ACTION NEEDED, TO INSPECT FOR POSSIBLE FAULTY BALLAST IN THE REMAINING A/C.",DOUG,MD83,,"OPDEF, Other Than Pi;3320",,-0.5763220971510052,6.849315068493156,-2.7926854404848878,0.0,stable,strong_growth,mild_decline,unknown,ASIAS
20021106036249A,2.0,,Unknown,Daylight,UNK,Other,5000+,2002,11,"(-23) AIRCRAFT ENCOUNTERED MODERATE TURBULENCE APPROXIMATELY 30 MILES NORTHWEST OF ORLANDO INT'L AIRPORT WHILE DESC

(-23) AIRCRAFT ENCOUNTERED MODERATE TURBULENCE APPROXIMATELY 30 MILES NORTHWEST OF ORLANDO INT'L AIRPORT WHILE DESCENDING FROM 11,000' TO 7,000'. FLIGHT ATTENDANT DEBORAH SEARELY FELL IN THE CABIN AND FRACTURED A BONE IN HER RIGHT FOOT, AS VERIFIED BY AMERICAN AIRLINES MANAGER AT ORLANDO, FL ON DECEMBER 03, 2002 BY PHONE AT 8:30 AM. THE NTSB IN ATLANTA GA BUTCH WILSON WAS NOTIFIED.",DOUG,DC982,,"Miscellaneous, Other;Other, Miscellaneous",,-0.5763220971510052,6.849315068493156,-2.7926854404848878,0.0,stable,strong_growth,mild_decline,unknown,ASIAS
20021017028349I,2.0,,VMC,Unknown,UNK,Unknown,5000+,2002,10,"(-23) DURING CRUISE APPROXIMATELY 2140 LOCAL TIME A FLIGHT ATTENDANT NOTIFIED THE FLIGHT CREW OF NAUSEATING ODORS I

(-23) DURING CRUISE APPROXIMATELY 2140 LOCAL TIME A FLIGHT ATTENDANT NOTIFIED THE FLIGHT CREW OF NAUSEATING ODORS IN THE CABIN, THE FLIGHT ENGINEER CONFIRMED THE ODOR AND NOTIFIED THE CAPTAIN. THE CAPTAIN DECLARED AN EMERGENCY, THE FLIGHT CREW DONNED OXYGEN MASKS AND DIVERTED TO MEMPHIS. AFTER CLEARING THE RUNWAY THE CABIN DOORS WERE OPENED TO VENTILATE THE CABIN. TEN PASSENGERS AND 4 FLIGHT ATTENDANTS WERE CHECKED BY THE EMERGENCY MEDICAL TECHNICIANS AND RELEASED. THE AIRCRAFT WAS INSPECTED, NO LEAKS OR ANY FAULTS FOUND THE COALESCER BAGS WERE REPLACED AS PRECAUTIONARY.",LKHEED,10113851,,Undetermined,,-0.4282337926664992,15.492957746478876,-2.7926854404848878,0.0,stable,strong_growth,mild_decline,unknown,ASIAS
20021008030219I,2.0,,VMC,Unknown,UNK,Unknown,5000+,2002,10,"(-23) AT A SPEED OF APPROXIMATELY 115 KNOTS DURING THE TAKE-OFF ON RUNWAY 23 AT THE ELKO REGIONAL AIRPORT (EKO) IN

(-23) AT A SPEED OF APPROXIMATELY 115 KNOTS DURING THE TAKE-OFF ON RUNWAY 23 AT THE ELKO REGIONAL AIRPORT (EKO) IN ELKO, NV., THE AIRCRAFT VEERED TO THE LEFT, FOLLOWED BY A LOUD BANG. THE CAPTAIN ABORTED THE TAKE-OFF AND PULLED CLEAR OF THE RUNWAY. ACCORDING TO THE CAPTAIN, NO PRIOR INDICATIONS OF A PROBLEM WERE NOTED. AN ENGINE VIBRATION WAS DETERMINED TO BE THE NUMBER ONE ENGINE, AND THE ENGINE WAS SHUT DOWN. THE CREW TAXIED BACK TO THE GATE AND OFF LOADED THE PASSENGERS. MAINTENANCE VERIFIED EXTENSIVE DAMAGE TO THE TURBINE SECTION OF THE NUMBER ONE ENGINE.",BOEING,737200,,"OPDEF, Other Than Pi;7250",,-0.4282337926664992,15.492957746478876,-2.7926854404848878,0.0,stable,strong_growth,mild_decline,unknown,ASIAS
20021002029759I,2.0,,VMC,Daylight,UNK,Unknown,Unknown,2002,10,"(-23) AIRCRAFT DEPARTED ALB AT 10:45AM, ALL INDICATIONS WERE NORMAL DURING T/O PHASE OF FLT. DURING CLIMB APPROXIMA

(-23) AIRCRAFT DEPARTED ALB AT 10:45AM, ALL INDICATIONS WERE NORMAL DURING T/O PHASE OF FLT. DURING CLIMB APPROXIMATELY 2000 MSL CREW NOTICED AN OIL SMELL IN THE COCKPIT. CREW ELECTED TO CLOSE THE #1 ENGINE BLEED VALVE, OIL SMELL DISSIPATED AND CAPTAIN ELECTED TO CONTINUE TO LGA. CLIMBING THROUGH 11000 MSL CREW NOTED THE #1 ENGINE OIL PRESSURE INDICATOR LIGHT ILLUMINATE ON THE CAUTION WARNING PANEL. IN ADDITION, THE #1 ENGINE OIL PRESSURE GAUGE INDICATOR WAS OBSERVED BY CREW DECREASING THOUGH 40 PSI (NORMAL 65 PSI). CREW REF. CKLIST AND SECURED THE #1 ENGINE. CAPTAIN NOTIFIED BOS CENTER AN IFE EXISTED WITH THE AIRCRAFT. BOS CENTER CLEARED AIRCRAFT TO ALBANY APPROACH. AIRCRAFT LANDED WITHOUT INCIDENT. MECHANIC DISCOVERED THE #1 ENGINE REAR BEARING FEEDER LINE HAD FAILED. AS A RESULT, ALL ENGINE OIL WAS BURNED IN TURBINE SECTION AND EXITED THROUGH EXHAUST.",DHAV,DHC8102,,"OPDEF, Other Than Pi;7261",,-0.4282337926664992,15.492957746478876,-2.7926854404848878,0.0,stable,strong_growth,mild_decline,unknown,ASIAS
20021105032619I,2.0,,IMC,Daylight,UNK,Unknown,Unknown,2002,11,"(-23) AIRCRAFT RETURNED TO LAND ON RUNWAY #1 AFTER REPORTING A CONTROL PROBLEM SHORTLY AFTER DEPARTURE. THE ARFF RE

(-23) AIRCRAFT RETURNED TO LAND ON RUNWAY #1 AFTER REPORTING A CONTROL PROBLEM SHORTLY AFTER DEPARTURE. THE ARFF RESPONDED AND THE AIRCRAFT TAXIED TO THE RAMP WITHOUT INCIDENT. PILOTS LOG ENTRY DESCRIBED CONDITION AS A STRUCTURAL VIBRATION WHICH OCCURRED AT 3000AGL AND GRADUALLY DISSIPATED TO A CONTROL SURFACE FLUTTER AT 120 KNOTS PRIOR TO LANDING. MAINTENANCE INSPECTED THE AIRCRAFT AND DETERMINED THE PROBLEM TO BE THE RIGHT PROPELLER. THE RIGHT PROPELLER WAS REPLACED AND THE AIRCRAFT WAS TEST FLOWN SATISFACTORY.",BEECH,1900D,,"OPDEF, Other Than Pi;6110",,-0.5763220971510052,6.849315068493156,-2.7926854404848878,0.0,stable,strong_growth,mild_decline,unknown,ASIAS
20020922037939A,2.0,,Unknown,Daylight,UNK,Unknown,Unknown,2002,9,"(-23) ON TAXI FOR DEPARTURE, THE RIGHT MAIN LANDING GEAR COLLAPSED. THE UPPER STRUT HOUSING CRACKED WHICH ALLOWED T

(-23) ON TAXI FOR DEPARTURE, THE RIGHT MAIN LANDING GEAR COLLAPSED. THE UPPER STRUT HOUSING CRACKED WHICH ALLOWED THE INNER STRUT TO BECOME FREE. THE PASSENGERS AND CREW DEPLANED USING A PORTABLE STAIRS WITH NO INJURIES.",DOUG,DC932,,"OPDEF, Other Than Pi;3213",,-0.7227844721928944,13.235294117647056,-0.004876492678651534,0.0,stable,strong_growth,stable,unknown,ASIAS
20020925024929I,2.0,,Unknown,Unknown,UNK,Unknown,Unknown,2002,9,"(-23) DURING INITIAL CLIMB FLIGHT 4942 SHUT DOWN THE LEFT ENGINE DUE TO A BLEED AIR LEAK THE AIRCRAFT LANDED AT PIT

(-23) DURING INITIAL CLIMB FLIGHT 4942 SHUT DOWN THE LEFT ENGINE DUE TO A BLEED AIR LEAK THE AIRCRAFT LANDED AT PIT. MAINTENANCE PERSONNEL REPLACED THE BLEED AIR LINE AND RETURNED THE AIRCRAFT BACK TO SERVICE.",CESSNA,340A,,"OPDEF, Other Than Pi;3610",,-0.7227844721928944,13.235294117647056,-0.004876492678651534,0.0,stable,strong_growth,stable,unknown,ASIAS
20020923029819I,2.0,,VMC,Daylight,UNK,Unknown,Unknown,2002,9,"(-23) ON SEPTEMBER 23, 2002, ALLEGHENY FLIGHT 3848 DEPARTED SYRACUSE-HANCOCK INTERNATIONAL AIRPORT (SYR) WHEN THE C

(-23) ON SEPTEMBER 23, 2002, ALLEGHENY FLIGHT 3848 DEPARTED SYRACUSE-HANCOCK INTERNATIONAL AIRPORT (SYR) WHEN THE CREW REPORTED #1 ENGINE OIL PRESSURE INDICATION WENT TO ZERO. THE ENGINE WAS SHUTDOWN AS A PRECAUTION AND AN EMERGENCY WAS DECLARED. THE AIRCRAFT RETURNED TO THE FIELD AND LANDED WITHOUT INCIDENT. MAINTENANCE INSPECTED AIRCRAFT AND FOUND CIRCUIT BREAKER K5 POPPED. THE WIRING WAS INSPECTED AND THE CANNON PLUG AT THE PRESSURE SWITCH WAS CLEANED. AIRCRAFT RAN FOR 30 MINUTES, OPERATIONAL CHECK GOOD. THE AIRCRAFT WAS RETURNED TO SERVICE. THIS INCIDENT IS CONSIDERED CLOSED.",DHAV,DHC8102,,"OPDEF, Other Than Pi;7997",,-0.7227844721928944,13.235294117647056,-0.004876492678651534,0.0,stable,strong_growth,stable,unknown,ASIAS
20021001029379I,2.0,,Unknown,Unknown,UNK,Other,Unknown,2002,10,"(-23) PASSENGER ^PRIVACY DATA OMITTED^ WAS OPERATING AN ELECTRICAL DEVICE ABOARD AN AIRCRAFT AFTER BEING INFORMED I

(-23) PASSENGER ^PRIVACY DATA OMITTED^ WAS OPERATING AN ELECTRICAL DEVICE ABOARD AN AIRCRAFT AFTER BEING INFORMED ITS USE WAS PROHIBITED. HE ALSO INTERFERED WITH THE CREWMEMBERS IN THE PERFORMANCE OF THEIR DUTIES ABOARD THE AIRCRAFT. ^PRIVACY DATA OMITTED^",,,,"Miscellaneous, Other;Unauthorized Action",,-0.4282337926664992,15.492957746478876,-2.7926854404848878,0.0,stable,strong_growth,mild_decline,unknown,ASIAS
20021002035429I,2.0,,Unknown,Unknown,UNK,Other,Unknown,2002,10,"(-23) PASSENGER ^PRIVACY DATA OMITTED^ WAS OPERATING AN ELECTRICAL DEVICE ABOARD AN AIRCRAFT AFTER BEING INFORMED I

(-23) PASSENGER ^PRIVACY DATA OMITTED^ WAS OPERATING AN ELECTRICAL DEVICE ABOARD AN AIRCRAFT AFTER BEING INFORMED ITS USE WAS PROHIBITED. HE ALSO INTERFERED WITH THE CREWMEMBERS IN THE PERFORMANCE OF THEIR DUTIES ABOARD THE AIRCRAFT. BECAUSE OF HIS ACTIONS, ^PRIVACY DATA OMITTED^",BOEING,7373H4,,"Miscellaneous, Other;Cntl Intfr By Passen",,-0.4282337926664992,15.492957746478876,-2.7926854404848878,0.0,stable,strong_growth,mild_decline,unknown,ASIAS
20021101031009I,2.0,,VMC,Daylight,UNK,Unknown,Unknown,2002,11,"(-23) ON 11/01/02, AIRTRAN FLIGHT 985 A DC-9-32, MADE AN EMERGENCY LANDING ON RUNWAY 32, AT PITTSBURGH INTERNATIONA

(-23) ON 11/01/02, AIRTRAN FLIGHT 985 A DC-9-32, MADE AN EMERGENCY LANDING ON RUNWAY 32, AT PITTSBURGH INTERNATIONAL AIRPORT (PIT), SHORTLY AFTER DEPARTURE DUE TO SMOKE IN CABIN AS REPORTED BY FLIGHT ATTENDANT. THE AIRPLANE LANDED WITHOUT INCIDENT AND RETURNED TO THE GATE. FURTHER INVESTIGATION REVEALED THAT RIGHT ACM REF AMM 21-51, WAS REMOVED AND REPLACED DUE TO A STICKING VALVE. THE AIRPLANE WAS RETURNED TO SERVICE WITHOUT FURTHER PROBLEMS, AS PER NICK DRIVAS, QUALITY CONTROL FOR AIRTRAN MAINTENANCE. SUBMISSION OF THIS REPORT CLOSES THIS INCIDENT.",DOUG,DC932,,"OPDEF, Other Than Pi;2150",,-0.5763220971510052,6.849315068493156,-2.7926854404848878,0.0,stable,strong_growth,mild_decline,unknown,ASIAS
20021028038769I,2.0,,Unknown,Unknown,UNK,Other,Unknown,2002,10,"(-23) ^PRIVACY DATA OMITTED^

(-23) ^PRIVACY DATA OMITTED^",,,,"Miscellaneous, Other;Misc/Pilot Unsafe Ac",,-0.4282337926664992,15.492957746478876,-2.7926854404848878,0.0,stable,strong_growth,mild_decline,unknown,ASIAS
20021013032329I,2.0,,Unknown,Daylight,UNK,PIC,Unknown,2002,10,"(-23) ON VERY SHORT FINAL, JUST AFTER FLARE THE AIRCRAFT STRUCK A FLOCK OF GEESE. THE AIRCRAFT LANDED SAFELY AND TA

(-23) ON VERY SHORT FINAL, JUST AFTER FLARE THE AIRCRAFT STRUCK A FLOCK OF GEESE. THE AIRCRAFT LANDED SAFELY AND TAXIED TO THE GATE. CREW WALK AROUND FOUND EVIDENCE OF BIRD INGESTION IN BOTH ENGINES. US AIRWAYS MAINTENANCE CONFIRMED DAMAGE TO BOTH ENGINES BY BORESCOPE. MAINTENANCE PERFORMED A #1 ENGINE COMPLETE FAN CHANGE, AND ON #2 ENGINE 3 BLADES WERE CHANGED ALONG WITH BOTH ENGINE COWLING RINGS WERE CHANGED OUT. THE AIRCRAFT WAS FERRIED TO PITTSBURGH FOR FURTHER MAINTENANCE. NO INJURIES TO CREW OR PAX.",BOEING,737301,,"Miscellaneous, Other;Struck Birds In Flig",,-0.4282337926664992,15.492957746478876,-2.7926854404848878,0.0,stable,strong_growth,mild_decline,unknown,ASIAS
20020927026899I,2.0,,Unknown,Unknown,UNK,Unknown,Unknown,2002,9,"(-23) ON SEPTEMBER 27, 2002, SHUTTLE AMERICA FLIGHT #4565 RETURNED TO PIT DUE TO A PRECAUTIONARY RIGHT ENGINE SHUTD

(-23) ON SEPTEMBER 27, 2002, SHUTTLE AMERICA FLIGHT #4565 RETURNED TO PIT DUE TO A PRECAUTIONARY RIGHT ENGINE SHUTDOWN. THE ENGINE SHUTDOWN WAS DUE TO A TAILPIPE OVERHEAT INDICATION WHICH COULD NOT BE RECTIFIED BY UTILIZATION OF THE QUICK REFERENCE CHECKLIST. THE AIRCRAFT LANDED ON RUNWAY 28R, ARFF RESPONDED, AND THE AIRCRAFT TAXIED TO THE RAMP WITHOUT FURTHER INCIDENT. IT WAS REPORTED BY MAINTENANCE THAT CONNECTOR PINS #1&2 ON THE CONNECTOR AT THE TAIL PIPE OVERHEAT LOOP WERE SHORTED THE FAULT WAS REPAIRED IN ACCORDANCE WITH SAAB 340 WDM 20-20-00, TESTED IN ACCORDANCE WITH AMM 26-12-00-5 AND THE AIRCRAFT WAS RELEASED FOR SERVICE. THIS INCIDENT WAS INVESTIGATED BY DESK AUDIT AND IS CONSIDERED CLOSED.",SAAB,SF340A,,"OPDEF, Other Than Pi;2613",,-0.7227844721928944,13.235294117647056,-0.004876492678651534,0.0,stable,strong_growth,stable,unknown,ASIAS
20021114032129I,2.0,,VMC,Daylight,UNK,Unknown,Unknown,2002,11,"(-23) AFTER AIRCRAFT WAS BOARDED, FLIGHT CREW WAS COMPLETING THE FINAL PAPERWORK, FLIGHT ATTENDANT ALERTED THE CREW

(-23) AFTER AIRCRAFT WAS BOARDED, FLIGHT CREW WAS COMPLETING THE FINAL PAPERWORK, FLIGHT ATTENDANT ALERTED THE CREW OF SMOKE IN THE CABIN, WHEN THE CAPTAIN NOTICED THE SMOKE WAS HEAVY, COULD NOT SEE THE LAVATORY FROM THE COCKPIT. THE CAPTAIN TOLD THE FLIGHT ATTENDANT TO NOTIFY THE GROUND CREW THAT THE FIRST OFFICER WAS GOING TO SUPERVISE THE PAX EVACUATION. THE CAPTAIN CONTACTED THE GROUND AND HAD CFR DISPATCHED. THE CAPTAIN SHUT ALL PACKS, APU BLEED, GASPER AND RECIRCULATING FANS AS A PRECAUTION. CFR ARRIVED WITHIN MINUTES AND INSPECTED AIRCRAFT WITH HIS CREW USING A THERMO-IMAGING DEVICE. AFTER PAX EVACUATION, THE FLIGHT ATTENDANT COMPLAINED ABOUT CHEST PAINS, DIZZINESS AND LOOKED PALE.",EMB,EMB145LR,,"OPDEF, Other Than Pi",,-0.5763220971510052,6.849315068493156,-2.7926854404848878,0.0,stable,strong_growth,mild_decline,unknown,ASIAS
20021122031549I,2.0,,Unknown,Unknown,UNK,PIC,2000-5000,2002,11,"(-23) AIR MIDWEST #5533, BE-1900, STRUCK WINGTIP OF A N60MJ, COLGAN AIR (NSVA), A PARKED BE-1900 BREAKING THE STROB

(-23) AIR MIDWEST #5533, BE-1900, STRUCK WINGTIP OF A N60MJ, COLGAN AIR (NSVA), A PARKED BE-1900 BREAKING THE STROBE LIGHT LENS ON BOTH AIRCRAFT. AMWA 5533 WAS DEPARTING THE RAMP FOR DEPARTURE. A/C WAS BEING MARSHALLED WITH A RIGHT TURN. PIC MADE LEFT TURN AND STRUCK OTHER A/C. PIC DID NOT FOLLOW TAXI INSTRUCTIONS BY GROUND CREW. ^PRIVACY DATA OMITTED^",BEECH,1900D,,Pilot Induced;Fail Follow Approved,,-0.5763220971510052,6.849315068493156,-2.7926854404848878,0.0,stable,strong_growth,mild_decline,unknown,ASIAS
20021125034809I,2.0,,Unknown,Daylight,UNK,Unknown,Unknown,2002,11,"(-23) CONTINENTAL AIRLINES FLIGHT 1617, BOEING 737, ENROUTE MINNEAPOLIS, MN. TO HOUSTON, TX., DIVERTED INTO OMAHA,

(-23) CONTINENTAL AIRLINES FLIGHT 1617, BOEING 737, ENROUTE MINNEAPOLIS, MN. TO HOUSTON, TX., DIVERTED INTO OMAHA, NE. THE CREW EXPERIENCED PRESSURIZATION PROBLEMS, SMOKE AND STRONG ELECTRICAL FUMES IN THE AFT GALLEY AREA. OXYGEN MASKS DEPLOYED. THE AIRCRAFT LANDED SAFELY. COMPANY MAINTENANCE ACTIVATED AN OXYGEN GENERATOR AND THE CREW VERIFIED THAT WAS THE STRONG FUMES THEY SMELLED. THE AIRCRAFT AS FERRIED TO HOUSTON FOR FURTHER TROUBLE-SHOOTING. MAINTENANCE REPLACED OUTFLOW VALVE CANNON PLUG, D950 BOEING P/N BAC45FT14A15S6, AND CANNON PLUG D952, BOEING P/N BAC45FT14A15S.",BOEING,7373TO,,"OPDEF, Other Than Pi;2133",,-0.5763220971510052,6.849315068493156,-2.7926854404848878,0.0,stable,strong_growth,mild_decline,unknown,ASIAS
20030110007349I,2.0,,VMC,Daylight,UNK,Other,Unknown,2003,1,"(-23) AFTER DEPARTURE, SMOKE STARTED ENTERING THE CABIN. AIRCRAFT RETURNED TO TYS AND PASSENGERS WERE EVACUATED. MA

(-23) AFTER DEPARTURE, SMOKE STARTED ENTERING THE CABIN. AIRCRAFT RETURNED TO TYS AND PASSENGERS WERE EVACUATED. MAINTENANCE DETERMINED THAT DEICE FLUID HAD ENTERED THE APU INLET CAUSING THE SMOKE. GLYCOL WAS CLEARED FROM APU AND PERFORMANCE CHECKS WERE GOOD. AIRCRAFT WAS RELEASED BACK TO SERVICE.",EMB,EMB145LR,,"Miscellaneous, Other;Other, Miscellaneous",,-0.8543802554028979,3.658536585365857,3.095029326679999,-4.169079328314995,stable,mild_growth,mild_growth,mild_decline,ASIAS
20021210033029I,2.0,,Unknown,Unknown,UNK,Unknown,Unknown,2002,12,"(-23) ON 12/10/02, (RAIA) FLIGHT 5316, ENROUTE FROM PIT TO SBN, RETURNED TO PIT SHORTLY AFTER DEPARTURE AND MADE AN

(-23) ON 12/10/02, (RAIA) FLIGHT 5316, ENROUTE FROM PIT TO SBN, RETURNED TO PIT SHORTLY AFTER DEPARTURE AND MADE AN EMERGENCY LANDING ON RUNWAY 10C WITHOUT INCIDENT. FURTHER INVESTIGATION REVEALED THAT AN ""O"" RING ON THE #1 HYDRAULIC MANIFOLD PRESSURE SWITCH FAILED, CAUSING #1 HYDRAULIC ENGINE DRIVEN PUMP CAVITATION, DUE TO A LOSS OF HYDRAULIC FLUID ON THE #1 HYDRAULIC SYSTEM. THE PASSENGERS WERE DEPLANED ON RUNWAY 10C AND TAKEN TO THE TERMINAL BY BUS. THERE WERE NO REPORTS OF ANY INJURIES TO THE PASSENGERS OR CREW. THE AIRPLANE WAS TOWED TO THE RAMP. THE #1 HYDRAULIC PUMP WAS REMOVED AND REPLACED ALONG WITH THE #1 HYDRAULIC MANIFOLD PRESSURE SWITCH. AIRPLANE WAS RETURNED TO SERVICE WITHOUT FURTHER PROBLEMS. THIS INFORMATION WAS RECEIVED BY PAUL BERCHER, PITTSBURGH MAINTENANCE MANAGER. SUBMISSION OF THIS REPORT CLOSES THIS INCIDENT.",EMB,EMB145,,"OPDEF, Other Than Pi;2932",,-0.8052058775445348,0.0,-2.7926854404848878,0.0,stable,unknown,mild_decline,unknown,ASIAS
20021213037189I,2.0,,Unknown,Night,UNK,Other,Unknown,2002,12,"(-23) ON DEC. 12, 2002 DURING THE PUSHBACK PROCESS OF FLIGHT 126, AIRCRAFT N676UW, AN A-330-323 FROM REMOTE SPOT R-

(-23) ON DEC. 12, 2002 DURING THE PUSHBACK PROCESS OF FLIGHT 126, AIRCRAFT N676UW, AN A-330-323 FROM REMOTE SPOT R-5, (WITH 131 PASSENGERS AND 11 CREWMEMBERS ON THE AIRCRAFT) THE LEFT WINGLET TOP SECTION TRAILING EDGE MADE CONTACT WITH AIRCRAFT N675 ALSO AN A-330-323, FLIGHT 894. THE LEFT WINGLET OF N676UW CONTACTED THE APU EXHAUST AND TAIL CONE SECTION OF AIRCRAFT N675US CAUSING SUBSTANTIAL DAMAGE. N675US (WITH 244 PASSENGERS AND 11 CREWMEMBERS) WAS PARKED AT GATE A-10 WHEN THE INCIDENT OCCURRED. THERE WERE NO REPORTED INJURIES TO PASSENGERS OR CREW MEMBERS.",AIRBUS,A330323,,"Miscellaneous, Other;Fail Avoid Ac None A",,-0.8052058775445348,0.0,-2.7926854404848878,0.0,stable,unknown,mild_decline,unknown,ASIAS
20021213035379I,2.0,,Unknown,Daylight,UNK,Unknown,Unknown,2002,12,"(-23) WATERSKI FLIGHT 5550, AN ATR-43, ENROUTE FROM ST. LOUIS TO SOUTH BEND AIRPORT, REPORTED A HYDRAULIC EMERGENCY

(-23) WATERSKI FLIGHT 5550, AN ATR-43, ENROUTE FROM ST. LOUIS TO SOUTH BEND AIRPORT, REPORTED A HYDRAULIC EMERGENCY 15 MILES EAST OF SOUTH BEND AT 131819Z. THE AIRCRAFT LANDED WITHOUT INCIDENT, RUNWAY 09 SOUTH BEND AT 131844Z. MAINTENANCE REPORTED VIA FAX: REMOVED AND REPLACED ACOUSTIC FILTER IAW ATR-42 MM 29-10-00. BLUE SYSTEM OPS AND LEAK CHECKED OK AT THIS TIME.",AEROSP,ATR42300,,"OPDEF, Other Than Pi;2910",,-0.8052058775445348,0.0,-2.7926854404848878,0.0,stable,unknown,mild_decline,unknown,ASIAS
20021125035319I,2.0,,VMC,Daylight,UNK,Unknown,Unknown,2002,11,"(-23) ON APPROACH, APPROXIMATELY 6 MILES OUT, THE AIRCRAFT STARTED SHAKING VIOLENTLY. AFTER A COUPLE SECONDS THE RI

(-23) ON APPROACH, APPROXIMATELY 6 MILES OUT, THE AIRCRAFT STARTED SHAKING VIOLENTLY. AFTER A COUPLE SECONDS THE RIGHT TORQUE GAUGE STARTED TO FLUCTUATE BETWEEN 20% AND 60%. SHUT DOWN THE RIGHT ENGINE AND VIOLENT SHAKING STOPPED. LANDED WITHOUT INCIDENT, FOUND THE #4 PROPELLER BLADE NOT FEATHERED AS THE OTHERS, AND FREE TO MOVE WITHIN THE HUB.",SAAB,340B,,"OPDEF, Other Than Pi;6120",,-0.5763220971510052,6.849315068493156,-2.7926854404848878,0.0,stable,strong_growth,mild_decline,unknown,ASIAS
20021128035329A,2.0,,Unknown,Night,UNK,Unknown,Unknown,2002,11,"(-23) A GALLEY CART BROKE LOOSE FROM THE FORWARD GALLEY ON TAKEOFF. THE CART WENT DOWN THE AISLE STRUCK A LAVATORY,

(-23) A GALLEY CART BROKE LOOSE FROM THE FORWARD GALLEY ON TAKEOFF. THE CART WENT DOWN THE AISLE STRUCK A LAVATORY, THE AFT F/A SWIVEL JUMPSEAT AND THEN BROKE ELEVEN BONES IN THE F/A'S FOOT. IT IS ASSUMED THE GALLEY WAS NOT PROPERLY SECURED FOR TAKEOFF.",AIRBUS,A320211,,"Miscellaneous, Other;2530",,-0.5763220971510052,6.849315068493156,-2.7926854404848878,0.0,stable,strong_growth,mild_decline,unknown,ASIAS
20030102014039I,2.0,,Unknown,Daylight,UNK,Unknown,Unknown,2003,1,"(-23) DURING LANDING AT BNA, #1 ENGINE THRUST LEVER WOULD NOT RETARD. LEVER WAS STUCK AT HALF THRUST POSITION. PIC

(-23) DURING LANDING AT BNA, #1 ENGINE THRUST LEVER WOULD NOT RETARD. LEVER WAS STUCK AT HALF THRUST POSITION. PIC DECLARED AN EMERGENCY. ENGINE WAS SHUTDOWN. AIRCRAFT LANDED WITHOUT INCIDENT. SMALL PIECE OF FOD WAS FOUND IN THE THROTTLE QUADRANT ON THE #1 ENGINE.",BOEING,7375H4,,"OPDEF, Other Than Pi;7603",,-0.8543802554028979,3.658536585365857,3.095029326679999,-4.169079328314995,stable,mild_growth,mild_growth,mild_decline,ASIAS
20021225033949I,2.0,,Unknown,Daylight,UNK,Unknown,Unknown,2002,12,"(-23) DALA 565 DETECTED THE ODOR OF SMOKE IN THE COCKPIT WHILE ENROUTE FROM SALT LAKE CITY, UT TO ANCHORAGE, AK. TH

(-23) DALA 565 DETECTED THE ODOR OF SMOKE IN THE COCKPIT WHILE ENROUTE FROM SALT LAKE CITY, UT TO ANCHORAGE, AK. THE FLIGHT CREW DECLARED AN EMERGENCY AND DIVERTED TO YAKUTAT, AK WHERE THEY LANDED WITHOUT INCIDENT. THE MAINTENANCE CREW FOUND A BURNED OUT COOLING FAN IN THE AREA BELOW THE COCKPIT. REPAIRS WERE MADE AND THE AIRCRAFT DEPARTED WITHOUT INCIDENT THE FOLLOWING DAY. PASSENGERS WERE TRANSFERRED TO ANOTHER AIRCRAFT.",BOEING,757232,,"OPDEF, Other Than Pi;2121",,-0.8052058775445348,0.0,-2.7926854404848878,0.0,stable,unknown,mild_decline,unknown,ASIAS
20030108036989A,2.0,,VMC,Daylight,UNK,Unknown,Unknown,2003,1,"(-23) UNDER INVESTIGATION AT THIS TIME.

(-23) UNDER INVESTIGATION AT THIS TIME.",BEECH,1900D,,Pilot And Maintenanc;2730,,-0.8543802554028979,3.658536585365857,3.095029326679999,-4.169079328314995,stable,mild_growth,mild_growth,mild_decline,ASIAS
20021218034689I,2.0,,VMC,Unknown,UNK,Unknown,Unknown,2002,12,"(-23) ON DEC. 18, 2002 NORTHWEST AIRLINES FLT. 881 AN A-320 ADVISED A.T.C. OF A RIGHT HAND ENGINE OIL LOSS PROBLEM

(-23) ON DEC. 18, 2002 NORTHWEST AIRLINES FLT. 881 AN A-320 ADVISED A.T.C. OF A RIGHT HAND ENGINE OIL LOSS PROBLEM AND DECLARED AN EMERGENCY AND DIVERTED TO MCI. THE AIRCRAFT LANDED WITHOUT INCIDENT AND THE EMERGENCY WAS CANCELLED. MAINTENANCE CONCLUDED AFTER INSPECTING THE ENGINE PLUMBING AND BORESCOPING THE ENGINE, RUNNING THE ENGINE AT POWER ALL PARAMETERS WERE NORMAL THAT THERE WAS AND INDICATION PROBLEM. THE ENGINE OIL QUANTITY SYSTEM WAS PLACARDED PER 79-31-01, PLACARD NUMBER 919148. ADDITIONALLY AN OVERWEIGHT LANDING INSPECTION WAS ACCOMPLISHED WITH NO DISCREPANCIES NOTED. MAINTENANCE CONTROL WAS ADVISED OF THE NECESSARY PARTS REQUIRED TO CORRECT THE PROBLEM. INCIDENT ^PRIVACY DATA OMITTED^ CONSIDERED CLOSED.",AIRBUS,A320212,,"OPDEF, Other Than Pi;7930",,-0.8052058775445348,0.0,-2.7926854404848878,0.0,stable,unknown,mild_decline,unknown,ASIAS
20021117035419I,2.0,,Unknown,Daylight,UNK,Unknown,Unknown,2002,11,"(-23) AMERICAN EAGLE FLIGHT #173 DECLARED AN EMERGENCY WHILE IN CRUISE FLIGHT AT 10,000 FT. BECAUSE OF A BLEED AIR

(-23) AMERICAN EAGLE FLIGHT #173 DECLARED AN EMERGENCY WHILE IN CRUISE FLIGHT AT 10,000 FT. BECAUSE OF A BLEED AIR LEAK ON NUMBER ONE ENGINE, AIRCRAFT WAS ENROUTE FROM O'HARE AIRPORT TO COLUMBUS, OH. AIRCRAFT DIVERTED TO FWA AIRPORT AND LANDED WITHOUT INCIDENT. SEE ATTACHED SDR REPORT FROM AMERICAN EAGLE FLT #4173.",EMB,EMB145LR,,"OPDEF, Other Than Pi;3610",,-0.5763220971510052,6.849315068493156,-2.7926854404848878,0.0,stable,strong_growth,mild_decline,unknown,ASIAS
20021114032609I,2.0,,IMC,Daylight,UNK,Unknown,Unknown,2002,11,"(-23) AIRCRAFT RETURNED TO LAND ON RUNWAY 19 AFTER REPORTING AN ELECTRICAL PROBLEM. THE ARFF RESPONDED AND THE AIRC

(-23) AIRCRAFT RETURNED TO LAND ON RUNWAY 19 AFTER REPORTING AN ELECTRICAL PROBLEM. THE ARFF RESPONDED AND THE AIRCRAFT TAXIED TO THE RAMP WITHOUT INCIDENT. MAINTENANCE INSPECTED THE AIRCRAFT AND DETERMINED THE PROBLEM TO BE A DEFECTIVE RT GENERATOR CONTROL PRINTED CIRCUIT BOARD. THE PRINTED CIRCUIT BOARD WAS REPLACED AND THE AIRCRAFT WAS RETURNED TO SERVICE.",BEECH,1900D,,"OPDEF, Other Than Pi;2460",,-0.5763220971510052,6.849315068493156,-2.7926854404848878,0.0,stable,strong_growth,mild_decline,unknown,ASIAS
20021128034779I,2.0,,Unknown,Unknown,UNK,Unknown,Unknown,2002,11,"(-23) N705EV, BOMBARDIER CL-600-2C10, BEING OPERATED BY ATLANTIC SOUTHEAST AIRLINES AS DELTA CONNECTION FLIGHT 4424

(-23) N705EV, BOMBARDIER CL-600-2C10, BEING OPERATED BY ATLANTIC SOUTHEAST AIRLINES AS DELTA CONNECTION FLIGHT 4424, DEPARTED OMAHA, NE, ENROUTE TO ATLANTA, GA. DURING CLIMB THE CREW WAS UNABLE TO RAISE THE GEAR. THEY DECLARED AN EMERGENCY, RETURNED TO OMAHA, AND LANDED WITHOUT INCIDENT. CONTRACT MAINTENANCE FOUND THAT THE SCIZZORS LINK HAD NOT BEEN PROPERLY CONNECTED. THE NOSE GEAR WAS INSPECTED FOR DAMAGE, SCIZZORS LINK RECONNECTED, HIGH SPEED TAXI RUN ACCOMPLISHED, AND THE AIRCRAFT WAS RELEASED FOR RETURN TO SERVICE. THE CONTRACTOR WHO HANDLES GROUND HANDLING GAVE THE RAMP EMPLOYEE REMEDIAL TRAINING.",CNDAIR,CL6002C10,,Improper Maintenance;3222,,-0.5763220971510052,6.849315068493156,-2.7926854404848878,0.0,stable,strong_growth,mild_decline,unknown,ASIAS
20021231034219I,2.0,,Unknown,Daylight,UNK,Other,Unknown,2002,12,"(-23) DURING PUSHBACK, THE TOW BAR DISENGAGED FROM THE TUG. PILOT WAS INSTRUCTED BY GROUND CREW TO APPLY BRAKES SIN

(-23) DURING PUSHBACK, THE TOW BAR DISENGAGED FROM THE TUG. PILOT WAS INSTRUCTED BY GROUND CREW TO APPLY BRAKES SINCE THE PLANE WAS ROLLING BACKWARDS. EMERGENCY BRAKES STOPPED THE AIRCRAFT, BUT THE NOSE WHEEL BECAME LIGHT AND WITH THE TOW BAR ATTACHED, SWUNG TO THE SIDE. AIRCRAFT WAS TOWED BACK TO THE GATE. DAMAGE WAS FOUND TO THE NOSE GEAR. ALLEGHENY MAINTENANCE FOUND THE CASTER LOCK BRACKET WORN AND THE TOWING FUSE SHEARED. THEY REMOVED AND REPLACED THE CASTER LOCK BRACKET, TOWING FUSE AND STEERING LINKS. THE AIRCRAFT WAS RETURNED TO SERVICE. INFORMATION FROM PSA CONCERNING INCIDENT STATED RAMP PERSONNEL INVOLVED IN THE INCIDENT WERE IMMEDIATELY SENT FOR DRUG TESTING. 1 INDIVIDUAL WAS TERMINATED DUE TO THE INCIDENT, ^PRIVACY DATA OMITTED^ END SJA",DHAV,DHC8102,,"Miscellaneous, Other;Fail Follow Approved",,-0.8052058775445348,0.0,-2.7926854404848878,0.0,stable,unknown,mild_decline,unknown,ASIAS
20030101000119I,2.0,,Unknown,Unknown,UNK,Unknown,Unknown,2003,1,"(-23) ABE-PIT FLIGHT #3511. CREW REPORTED WHILE ON DESCENT THROUGH 8000 FT. UNKNOWN SMELL WAS NOTICED IN COCKPIT AN

(-23) ABE-PIT FLIGHT #3511. CREW REPORTED WHILE ON DESCENT THROUGH 8000 FT. UNKNOWN SMELL WAS NOTICED IN COCKPIT AND CABIN. SMELL WAS SUSPECTED TO BE SMOKE COMING FROM #1 ENGINE BLEED. EMERGENCY WAS DECLARED, AIRCRAFT LANDED WITHOUT INCIDENT. MAINTENANCE INSPECTED APU AND SURROUNDING AREA. NO DEFECTS WERE NOTED. ENGINE OILS WERE CHECKED, AND RIGHT ENGINE FOUND TO BE 3 QUARTS LOW, LEFT ENGINE 1 QUART LOW. OIL WAS SERVICED. AIRCRAFT GROUND RAN FOR 20 MINUTES WITH BLEEDS ON. NO DEFECTS WERE NOTED. AIRCRAFT RETURNED TO SERVICE. SUBMISSION OF THIS REPORT CLOSES THIS INCIDENT.",DHAV,DHC8102,,"Miscellaneous, Other",,-0.8543802554028979,3.658536585365857,3.095029326679999,-4.169079328314995,stable,mild_growth,mild_growth,mild_decline,ASIAS
20030106000879I,2.0,,Unknown,Night,UNK,Unknown,Unknown,2003,1,"(-23) AT ROTATION FLIGHT CREW HEARD TWO LOUD BANGS AFTER WHICH AN AUTOFEATHER ON #2 ENGINE OCCURRED. CREW RETURNED

(-23) AT ROTATION FLIGHT CREW HEARD TWO LOUD BANGS AFTER WHICH AN AUTOFEATHER ON #2 ENGINE OCCURRED. CREW RETURNED TO THE FIELD AND LANDED WITHOUT INCIDENT. MAINTENANCE PERSONNEL DISCOVERED DAMAGE TO THE LOW PRESSURE TURBINE SECTION. MAINTENANCE REMOVED AND REPLACED THE #2 ENGINE AND RETURNED THE AIRCRAFT TO SERVICE. MAINTENANCE SENT ENGINE TO PRATT AND WHITNEY CANADA FOR TEARDOWN AND EVALUATION. MAINTENANCE SUBMITTED SDR. THIS REPORT IS CLOSED.",BOMBDR,DHC8401,,"OPDEF, Other Than Pi;7250",,-0.8543802554028979,3.658536585365857,3.095029326679999,-4.169079328314995,stable,mild_growth,mild_growth,mild_decline,ASIAS
20030107000399I,2.0,,Unknown,Daylight,UNK,Unknown,Unknown,2003,1,"(-23) JET EXPRESS FLIGHT 2248, DECLARED AN EMERGENCY AND RETURNED TO KANSAS CITY INTERNATIONAL AIRPORT DUE TO THE A

(-23) JET EXPRESS FLIGHT 2248, DECLARED AN EMERGENCY AND RETURNED TO KANSAS CITY INTERNATIONAL AIRPORT DUE TO THE ALARM FROM THE LAVATORY SMOKE DETECTOR. CONTRACT AIRCRAFT MAINTENANCE (CAM) WAS CALLED TO RETURN THE AIRCRAFT TO SERVICE. THERE WAS NO SMOKE SMELL IN THE LAVATORY. THE SMOKE DETECTION SYSTEM WAS RESET TO NORMAL AND THE AIRCRAFT WAS RETURNED TO SERVICE PER THE AIRCRAFT MAINTENANCE MANUAL 26-14-00. THIS INCIDENT ^PRIVACY DATA ^ IS CONSIDERED CLOSED.",EMB,EMB145LR,,"OPDEF, Other Than Pi;2611",,-0.8543802554028979,3.658536585365857,3.095029326679999,-4.169079328314995,stable,mild_growth,mild_growth,mild_decline,ASIAS
20021121033579I,2.0,,VMC,Daylight,UNK,Unknown,5000+,2002,11,"(-23) AMERICAN EAGLE FLIGHT 3887, ON NOV. 21, 2002, DEPARTED DFW AIRPORT ON RUNWAY 36R AT 0812 CST. SHORTLY AFTER T

(-23) AMERICAN EAGLE FLIGHT 3887, ON NOV. 21, 2002, DEPARTED DFW AIRPORT ON RUNWAY 36R AT 0812 CST. SHORTLY AFTER TAKEOFF AND BEFORE BEING HANDED TO DEPARTURE CONTROL, DECLARED AN EMERGENCY WITH SMOKE IN THE CABIN. THE FLIGHT ELECTED TO STAY WITH DFW TOWER, FOR RETURN TO THE AIRPORT. THE AIRCRAFT THEN LANDED ON RUNWAY 36L, EXITED THE RUNWAY ON TAXIWAY E2 AND EVACUATED THE PASSENGERS. THE CAUSE OF THE SMOKE WAS DETERMINED TO BE RESIDUE FLUID FROM AN ENGINE TURBINE WASH EARLIER IN THE DAY. FAA FORM 8020-11 SHOWS THE AIRCRAFT TO BE AN EMB-145. THE ACTUAL AIRCRAFT WAS A CRJ-700.",CNDAIR,CL6002C10,,"Miscellaneous, Other",,-0.5763220971510052,6.849315068493156,-2.7926854404848878,0.0,stable,strong_growth,mild_decline,unknown,ASIAS
20021127032119I,2.0,,VMC,Daylight,UNK,Unknown,Unknown,2002,11,"(-23) THE AIRCRAFT DEPARTED BILLINGS, MONTANA FOR WOLF POINT, MONTANA. 10 MILES EAST OF WOLF POINT THE CREW NOTICED

(-23) THE AIRCRAFT DEPARTED BILLINGS, MONTANA FOR WOLF POINT, MONTANA. 10 MILES EAST OF WOLF POINT THE CREW NOTICED SMOKE IN THE COCKPIT, FOLLOWED BY THE RIGHT WING OVERHEAT WARNING LIGHT ILLUMINATING. THE CREW FOLLOWED THE EMERGENCY CHECKLIST FOR A STEADY WING OVERHEAT WARNING LIGHT. WHEN THE LIGHT FAILED TO EXTINGUISH AFTER THE COOL DOWN PERIOD THE CREW SHUT THE RIGHT ENGINE DOWN. THE AIRCRAFT LANDED WITHOUT INCIDENT OR INJURIES. THE CABIN WAS NOT EVACUATED. MAINTENANCE DETERMINED THAT THE CAUSE OF THE SMOKE WAS A WIRE BUNDLE THAT HAD CHAFFED ON THE SAS COMPUTER CANNON PLUG LOCATED IN THE COPILOT'S SIDE CONSOLE.",SWRNGN,SA227AC,,"OPDEF, Other Than Pi;3497",,-0.5763220971510052,6.849315068493156,-2.7926854404848878,0.0,stable,strong_growth,mild_decline,unknown,ASIAS
20030112000129I,2.0,,Unknown,Unknown,UNK,Unknown,Unknown,2003,1,"(-23) PCAA FLIGHT 3856 LANDED ON 28R WITH THE #1 ENGINE SHUTDOWN DUE TO FLUCTUATING OIL PRESSURE INDICATION. MAINTE

(-23) PCAA FLIGHT 3856 LANDED ON 28R WITH THE #1 ENGINE SHUTDOWN DUE TO FLUCTUATING OIL PRESSURE INDICATION. MAINTENANCE COMPLIED WITH UNSCHEDULED MAINTENANCE INSPECTION IN ACCORDANCE WITH PW M/M 05-50-00. NO DEFECTS WERE NOTED. THEY REMOVED AND REPLACED MAIN AND SCAVENGE OIL FILTERS. INSPECTED AND FOUND CUT O-RING ON PROPELLER CONTROL UNIT. REMOVED AND REPLACED PROPELLER CONTROL UNIT AND ADAPTER O-RINGS IN ACCORDANCE WITH PCAA JOB CARDS 008-6110-303, 008-6120-304 AND DHC8 M/M 61-10-00. GROUND RAN AIRCRAFT FOR APPROXIMATELY 25 MINUTES. OPERATIONAL AND LEAK CHECK GOOD. AIRCRAFT RETURNED TO SERVICE.",DHAV,DHC8102,,"OPDEF, Other Than Pi;6120",,-0.8543802554028979,3.658536585365857,3.095029326679999,-4.169079328314995,stable,mild_growth,mild_growth,mild_decline,ASIAS
20030120001769I,2.0,,Unknown,Daylight,UNK,Unknown,Unknown,2003,1,"(-23) N7521A, DC-9-82 (MD82), BEING OPERATED AS AMERICAN AIRLINES FLIGHT 1188 ENROUTE DENVER, CO TO CHICAGO, IL, DI

(-23) N7521A, DC-9-82 (MD82), BEING OPERATED AS AMERICAN AIRLINES FLIGHT 1188 ENROUTE DENVER, CO TO CHICAGO, IL, DIVERTED INTO OMAHA, NE. DUE TO LOW OIL QUANTITY INDICATION IN THE RIGHT ENGINE. CONTRACT MAINTENANCE FOUND OIL DRIPPING FROM THE #2 ENGINE, AND BOTH OIL TEMPERATURE LABELS STARTING TO TURN BLACK. THE ORIGIN OF THE OIL LEAK WAS NOT DETERMINED. THE ENGINE WAS CHANGED.",DOUG,DC982,,"OPDEF, Other Than Pi;7261",,-0.8543802554028979,3.658536585365857,3.095029326679999,-4.169079328314995,stable,mild_growth,mild_growth,mild_decline,ASIAS
20021123032089I,2.0,,VMC,Daylight,UNK,Unknown,Unknown,2002,11,"(-23) ON APPROACH TO PDX, LANDING GEAR HANDLE WAS SELECTED DOWN AND INDICATED THREE RED (UNSAFE) LIGHTS. GEAR DID N

(-23) ON APPROACH TO PDX, LANDING GEAR HANDLE WAS SELECTED DOWN AND INDICATED THREE RED (UNSAFE) LIGHTS. GEAR DID NOT COME OUT OF THE WHEEL WELLS. CREW PERFORMED A MISSED APPROACH AND COMPLIED WITH ALTERNATE GEAR EXTENSION PROCEDURE. GEAR INDICATED THREE GREEN (SAFE) LIGHTS AND AIRCRAFT LANDED WITHOUT INCIDENT.",DHAV,DHC8202,,"OPDEF, Other Than Pi;3260",,-0.5763220971510052,6.849315068493156,-2.7926854404848878,0.0,stable,strong_growth,mild_decline,unknown,ASIAS
20021125034749I,2.0,,Unknown,Unknown,UNK,Unknown,Unknown,2002,11,"(-23) ON NOV. 25, 2002 NORTHWEST AIRLINES FLT. 1157 A DC-9, ADVISED A.T.C. OF AN ENGINE PROBLEM AND DECLARED AN EME

(-23) ON NOV. 25, 2002 NORTHWEST AIRLINES FLT. 1157 A DC-9, ADVISED A.T.C. OF AN ENGINE PROBLEM AND DECLARED AN EMERGENCY. THE AIRCRAFT DIVERTED TO SPRINGFIELD MO. (SGF) AND LANDED WITHOUT INCIDENT, EMERGENCY WAS CANCELLED. LOG BOOK ENTRY INDICATES THAT THE RIGHT ENGINE FUEL HEAT VALVE STUCK IN THE OPEN POSITION AND STAYED ON WITHOUT BEING ACTUATED BY THE FLIGHT DECK CREW, PRECAUTIONARY ENGINE SHUTDOWN WAS PERFORMED. RIGHT ENGINE WINDMILLED FOR APPROX. 15 MINUTES. MAINTENANCE REPLACED THE RIGHT FUEL HEAT TIME DELAY RELAY- R2-65 AND RIGHT FUEL HEAT VALVE PER THE DC-9 M/M. GROUND OPS. CHECKED OK. ALSO REPLACED RH ENGINE MAIN OIL FILTER, RAN ENGINE, LEAK CHECKED OK. A/C WAS RETURNED TO SERVICE. INCIDENT ^PRIVACY DATA OMITTED^ IS CONSIDERED CLOSED.",DOUG,DC932,,"OPDEF, Other Than Pi;7510",,-0.5763220971510052,6.849315068493156,-2.7926854404848878,0.0,stable,strong_growth,mild_decline,unknown,ASIAS
20030130002469I,2.0,,Unknown,Night,UNK,Other,Unknown,2003,1,"(-23) AT 2216E JANUARY 30, 2003, MASA AIRCRAFT N839MJ, AN EMB-145-LR FLIGHT #5825, WHILE FULLY LOADED AT THE GATE W

(-23) AT 2216E JANUARY 30, 2003, MASA AIRCRAFT N839MJ, AN EMB-145-LR FLIGHT #5825, WHILE FULLY LOADED AT THE GATE WAS STRUCK BY A PSA LAV TRUCK, DAMAGING THE LEFT WING TIP. PASSENGERS WERE DEPLANED VIA THE STAIRS AND PUT ON ANOTHER AIRCRAFT. REPORT SAID THAT DAMAGE WAS LIMITED TO SCRAPES AND NO INJURIES WERE REPORTED.",EMB,EMB145LR,,"Miscellaneous, Other;Fail Avd Objs Or Obs",,-0.8543802554028979,3.658536585365857,3.095029326679999,-4.169079328314995,stable,mild_growth,mild_growth,mild_decline,ASIAS
20030327006519I,2.0,,Unknown,Unknown,UNK,Other,Unknown,2003,3,"(-23) PASSENGER BROUGHT HIS OWN PERSONAL SUPPLY OF ALCOHOL ABOARD. THE PASSENGER WAS ABUSIVE TOWARDS OTHER PASSENGE

(-23) PASSENGER BROUGHT HIS OWN PERSONAL SUPPLY OF ALCOHOL ABOARD. THE PASSENGER WAS ABUSIVE TOWARDS OTHER PASSENGERS AND CREW MEMBERS.",DOUG,DC9,,"Miscellaneous, Other;Unauthorized Action",,-0.894302556448423,27.27272727272727,3.095029326679999,-1.6232437593779792,stable,strong_growth,mild_growth,mild_decline,ASIAS
20030201001709I,2.0,,IMC,Unknown,UNK,Unknown,Unknown,2003,2,"(-23) FLIGHT 2580 GILLETTE, WYOMING, TO BILLINGS, MONTANA. ON DESCENT TO BILLINGS, THE LEFT OIL PRESSURE LIGHT ILLU

(-23) FLIGHT 2580 GILLETTE, WYOMING, TO BILLINGS, MONTANA. ON DESCENT TO BILLINGS, THE LEFT OIL PRESSURE LIGHT ILLUMINATED. THE CREW VERIFIED THE LOW OIL PRESSURE AND SHUT THE LEFT ENGINE DOWN. THE AIRCRAFT LANDED WITHOUT FURTHER INCIDENT. MAINTENANCE DETERMINED THAT THE PROP GOVERNOR ON OIL LINE 3108081-1 HAD CRACKED.",FRCHLD,SA227DC,,"OPDEF, Other Than Pi;6122",,-1.446639435687025,15.384615384615374,3.095029326679999,1.2600059294396893,mild_decline,strong_growth,mild_growth,mild_growth,ASIAS
20030316006259I,2.0,,Unknown,Night,UNK,Unknown,Unknown,2003,3,"(-23) UNITED FLIGHT 239 FLYING FROM WASHINGTON DC TO SAN FRANCISCO MADE AN UNSCHEDULED LANDING IN INDIANAPOLIS, IN

(-23) UNITED FLIGHT 239 FLYING FROM WASHINGTON DC TO SAN FRANCISCO MADE AN UNSCHEDULED LANDING IN INDIANAPOLIS, IN AFTER DECLARING AN EMERGENCY DUE TO A SMELL OF SMOKE IN THE CABIN. MAINTENANCE PERSONNEL IN INDIANAPOLIS FOUND THE FLIGHT DECK DOOR LOCK SOLENOID HAD TURNED BROWN IN COLOR. THE SOLENOID WAS FOUND TO BE DEFECTED.",BOEING,767322,,"OPDEF, Other Than Pi;5210",,-0.894302556448423,27.27272727272727,3.095029326679999,-1.6232437593779792,stable,strong_growth,mild_growth,mild_decline,ASIAS
20030221006489I,2.0,,Unknown,Unknown,UNK,Other,Unknown,2003,2,"(-23) PASSENGER ^PRIVACY DATA OMITTED^ WAS SMOKING ABOARD A SOUTHWEST AIRLINES FLIGHT CONTRARY TO FARS 121.317(G),

(-23) PASSENGER ^PRIVACY DATA OMITTED^ WAS SMOKING ABOARD A SOUTHWEST AIRLINES FLIGHT CONTRARY TO FARS 121.317(G), 121.317(H) AND 121.317(K).",BOEING,737,,"Miscellaneous, Other;Unauthorized Action",,-1.446639435687025,15.384615384615374,3.095029326679999,1.2600059294396893,mild_decline,strong_growth,mild_growth,mild_growth,ASIAS
20030227037809A,2.0,,Unknown,Daylight,UNK,Unknown,Unknown,2003,2,"(-23) DURING THE TRANSITION PHASE FROM SUBSONIC TO SUPERSONIC, THE FLIGHT CREW DESCRIBED WHAT THEY CONSIDERED AS A

(-23) DURING THE TRANSITION PHASE FROM SUBSONIC TO SUPERSONIC, THE FLIGHT CREW DESCRIBED WHAT THEY CONSIDERED AS A ""BUMP"". THE FLIGHT CREW HAD NO INDICATION THAT A PROBLEM EXISTED, THEREFORE, AN EMERGENCY WAS NOT DECLARED. IT WASN'T UNTIL A LANDING WAS MADE AT JOHN F. KENNEDY INTERNATIONAL AIRPORT (KJFK) THAT A PORTION OF THE LOWER RUDDER WAS NOTICED TO BE MISSING. THIS OBSERVATION WAS MADE BY PERSONNEL OUTSIDE THE AIRCRAFT. A LARGE PORTION OF THE LOWER RUDDER WAS MISSING AND IS PRESUMED TO HAVE DEPARTED WHEN THE ""BUMP"" WAS NOTICED. THE LANDING AT KJFK WAS MADE WITHOUT INCIDENT. INJURY SUMMARY NOT KNOWN BY ASI.",SNIAS,CONCORDE,,"OPDEF, Other Than Pi;5540",,-1.446639435687025,15.384615384615374,3.095029326679999,1.2600059294396893,mild_decline,strong_growth,mild_growth,mild_growth,ASIAS
20030302006499I,2.0,,Unknown,Daylight,UNK,Other,Unknown,2003,3,"(-23) PASSENGER ^PRIVACY DATA OMITTED^ WAS SMOKING ABOARD A CASINO SALES CHARTER FLIGHT 758, OPERATED BY LAKER AIRW

(-23) PASSENGER ^PRIVACY DATA OMITTED^ WAS SMOKING ABOARD A CASINO SALES CHARTER FLIGHT 758, OPERATED BY LAKER AIRWAYS BAHAMAS LIMITED, CONTRARY TO FAR'S 121.317(G), 121.317(H) AND 121.317(K).",,,,"Miscellaneous, Other;Unauthorized Action",,-0.894302556448423,27.27272727272727,3.095029326679999,-1.6232437593779792,stable,strong_growth,mild_growth,mild_decline,ASIAS
20030310006509I,2.0,,Unknown,Daylight,UNK,Other,Unknown,2003,3,"(-23)^PRIVACY DATA OMITTED^ VIOLATED FAR 121.580 AND FAR 121.306. ^PRIVACY DATA OMITTED^

(-23)^PRIVACY DATA OMITTED^ VIOLATED FAR 121.580 AND FAR 121.306. ^PRIVACY DATA OMITTED^",,,,"Miscellaneous, Other;Unauthorized Action",,-0.894302556448423,27.27272727272727,3.095029326679999,-1.6232437593779792,stable,strong_growth,mild_growth,mild_decline,ASIAS
20030127006099I,2.0,,Unknown,Daylight,UNK,Other,Unknown,2003,1,"(-23) DURING DE-ICING OPERATIONS AT THE GATE, AFTER THE PASSENGERS WERE BOARDED, THE AIRCRAFT'S NOSE CONE WAS STRUC

(-23) DURING DE-ICING OPERATIONS AT THE GATE, AFTER THE PASSENGERS WERE BOARDED, THE AIRCRAFT'S NOSE CONE WAS STRUCK BY A DE-ICE TOWER CART, WHICH WAS BEING TOWED BY A TUG. THIS CAUSED MINOR DAMAGE TO THE AIRCRAFT'S NOSE CONE. NO PASSENGERS OR CREW WERE INJURED EITHER IN THE AIRCRAFT OR ON THE GROUND. THE DRIVER OF THE TUG WAS DRIVING TOO CLOSE TO THE AIRCRAFT, WITHIN THE 10 FEET MINIMUM SAFETY AREA, WHICH WAS CONTRARY TO THE COMPANY'S STATION OPERATIONS MANUAL. ^PRIVACY DATA OMITTED^ NO EIR WILL BE WRITTEN DUE TO THE LACK OF AN FAR REQUIRING AIR CARRIERS TO ADHERE TO THEIR OWN REQUIRED COMPANY MANUALS.",SAAB,340B,,"Miscellaneous, Other;Fail Follow Approved",,-0.8543802554028979,3.658536585365857,3.095029326679999,-4.169079328314995,stable,mild_growth,mild_growth,mild_decline,ASIAS
20030204002659I,2.0,,VMC,Daylight,UNK,Unknown,Unknown,2003,2,"(-23) CONTINENTAL AIRLINES FLIGHT 309 ENROUTE FROM CLEVELAND, OH. TO SAN FRANCISCO, CA. DIVERTED INTO OMAHA, NE. TH

(-23) CONTINENTAL AIRLINES FLIGHT 309 ENROUTE FROM CLEVELAND, OH. TO SAN FRANCISCO, CA. DIVERTED INTO OMAHA, NE. THE CREW SHUT THE ENGINE DOWN AND LANDED AT OMAHA, AFTER THE NUMBER TWO (RIGHT) ENGINE OIL QUANTITY AT CRUISE (FL390) WENT TO ZERO, AND THE OIL PRESSURE STARTED TO FLUCTUATE. CONTRACT MAINTENANCE CHANGED THE STARTER/GENERATOR WHICH HAD FAILED.",BOEING,737724,,"OPDEF, Other Than Pi;2435",,-1.446639435687025,15.384615384615374,3.095029326679999,1.2600059294396893,mild_decline,strong_growth,mild_growth,mild_growth,ASIAS
20030204008299I,2.0,,Unknown,Unknown,UNK,Other,Unknown,2003,2,"(-23) ON 2/4/03 AT APPROXIMATELY 2115 LCL, ^PRIVACY DATA OMITTED^ WHILE FLYING ON SOUTHWEST AIRLINES FLIGHT 484 FRO

(-23) ON 2/4/03 AT APPROXIMATELY 2115 LCL, ^PRIVACY DATA OMITTED^ WHILE FLYING ON SOUTHWEST AIRLINES FLIGHT 484 FROM LAS VEGAS, NV TO BUFFALO, NY, WAS SMOKING A CIGARETTE IN THE FORWARD LAVATORY.",BOEING,737*,,"Miscellaneous, Other;Unauthorized Action",,-1.446639435687025,15.384615384615374,3.095029326679999,1.2600059294396893,mild_decline,strong_growth,mild_growth,mild_growth,ASIAS
20030215001349I,2.0,,VMC,Night,UNK,Unknown,Unknown,2003,2,"(-23) CABIN PRESSURIZATION CONTROLLER FAILED IN FLIGHT. A/C COULD NOT MAINTAIN CABIN PRESSURIZATION. RAPID DECOMPRE

(-23) CABIN PRESSURIZATION CONTROLLER FAILED IN FLIGHT. A/C COULD NOT MAINTAIN CABIN PRESSURIZATION. RAPID DECOMPRESSION OCCURRED. PASSENGER PSG'S DEPLOYED. AIRCRAFT LANDED SAN JOSE, CA (SJC) WITHOUT INCIDENT. NO EMERGENCY EVACUATION.",BOEING,7373H4,,"OPDEF, Other Than Pi;2131",,-1.446639435687025,15.384615384615374,3.095029326679999,1.2600059294396893,mild_decline,strong_growth,mild_growth,mild_growth,ASIAS
20030223006029I,2.0,,Unknown,Unknown,UNK,Unknown,5000+,2003,2,"(-23) AFTER TAKEOFF FROM MONTEGO BAY (MBJ) ""A"" SYSTEM HYDRAULIC FLUID LEADED OUT. EMERGENCY WAS DECLARED AND COM PR

(-23) AFTER TAKEOFF FROM MONTEGO BAY (MBJ) ""A"" SYSTEM HYDRAULIC FLUID LEADED OUT. EMERGENCY WAS DECLARED AND COM PROCEDURES WERE FOLLOWED. FLIGHT RETURNED TO MONTEGO BAY. AIRCRAFT LOGBOOK INDICATED HARD LANDING. ^PRIVACY DATA OMITTED^",BOEING,727290,,Pilot And Maintenanc;2910,,-1.446639435687025,15.384615384615374,3.095029326679999,1.2600059294396893,mild_decline,strong_growth,mild_growth,mild_growth,ASIAS
20030320017209I,2.0,,IMC,Daylight,UNK,PIC,Unknown,2003,3,"(-23) JET BLAST FROM USE OF EXCESSIVE THRUST CAUSED INJURY TO PERSONNEL AND DAMAGE TO AIRPORT PROPERTY. COMPLETE PI

(-23) JET BLAST FROM USE OF EXCESSIVE THRUST CAUSED INJURY TO PERSONNEL AND DAMAGE TO AIRPORT PROPERTY. COMPLETE PILOT INFORMATION IS UNAVAILABLE AT THIS TIME AS THE PILOT HAS NOT HAD ADEQUATE TIME TO RESPOND TO THE LOI.",CNDAIR,CL6002C10,,Pilot Induced;Advanced Throt Rapid,,-0.894302556448423,27.27272727272727,3.095029326679999,-1.6232437593779792,stable,strong_growth,mild_growth,mild_decline,ASIAS
20030205006179I,2.0,,VMC,Daylight,UNK,Unknown,5000+,2003,2,"(-23) ^PRIVACY DATA OMITTED^ CREW DECLARED EMERGENCY AND DIVERTED INTO BMI AFTER SEEING AND SMELLING SMOKE. AIRCRAF

(-23) ^PRIVACY DATA OMITTED^ CREW DECLARED EMERGENCY AND DIVERTED INTO BMI AFTER SEEING AND SMELLING SMOKE. AIRCRAFT WAS ENROUTE FROM STL TO SBN. AN UNEVENTFUL LANDING WAS MADE.",AEROSP,ATR42300,,"OPDEF, Other Than Pi;7200",,-1.446639435687025,15.384615384615374,3.095029326679999,1.2600059294396893,mild_decline,strong_growth,mild_growth,mild_growth,ASIAS
20030306005939I,2.0,,VMC,Daylight,UNK,Unknown,Unknown,2003,3,"(-23) DURING LANDING THE FORWARD OUTER SKIN OF THE #2 ENGINE THRUST REVERSER TRANSLATING SLEEVE DEPARTED THE AIRCRA

(-23) DURING LANDING THE FORWARD OUTER SKIN OF THE #2 ENGINE THRUST REVERSER TRANSLATING SLEEVE DEPARTED THE AIRCRAFT. THE LOWER ACTUATOR AFT BRACKET HAD FAILED AND ALL THREE BALL SCREW ACTUATORS WERE BROKEN.",DOUG,DC1030,,"OPDEF, Other Than Pi;7830",,-0.894302556448423,27.27272727272727,3.095029326679999,-1.6232437593779792,stable,strong_growth,mild_growth,mild_decline,ASIAS
20030216001739I,2.0,,VMC,Daylight,UNK,Unknown,Unknown,2003,2,"(-23) AIRCRAFT WAS TAXIING IN FROM RUNWAY 16L AND A STRONG GUST OF WIND (APPROX. 70 KTS) CARRYING A HARD OBJECT IMP

(-23) AIRCRAFT WAS TAXIING IN FROM RUNWAY 16L AND A STRONG GUST OF WIND (APPROX. 70 KTS) CARRYING A HARD OBJECT IMPACTED THE CO-PILOT SIDE WINDSHIELD AND CAUSED A CRACK. NO OTHER AIRCRAFT OR APPARENT REASON FOR THE AIRBORNE OBJECT COULD BE DETERMINED.",EMB,EMB120ER,,"Miscellaneous, Other;5610",,-1.446639435687025,15.384615384615374,3.095029326679999,1.2600059294396893,mild_decline,strong_growth,mild_growth,mild_growth,ASIAS
20030129006899I,2.0,,Unknown,Daylight,UNK,Unknown,5000+,2003,1,"(-23) CLIMBING THRU 16000 FT, THE RIGHT ENGINE EMITTED A LOUD BANG AND SPOOLED DOWN TO IDLE POWER. ""ENG LOW RPM"", ""

(-23) CLIMBING THRU 16000 FT, THE RIGHT ENGINE EMITTED A LOUD BANG AND SPOOLED DOWN TO IDLE POWER. ""ENG LOW RPM"", ""ENG SURGE R"" AND THE ""INCREASE ENG BLEED"" LIGHTS CAME ON. AFTER ABOUT 30 TO 60 SECONDS, THE ""RIGHT ENGINE FAIL"" LIGHT CAME ON. OIL PRESSURE AND OIL TEMPERATURE REMAINED NORMAL. THE ENGINE WAS SECURED AND AN EMERGENCY WAS DECLARED. THE AIRCRAFT LANDED AT BMI WITHOUT INCIDENT.",BOEING,717200,,"OPDEF, Other Than Pi;7530",,-0.8543802554028979,3.658536585365857,3.095029326679999,-4.169079328314995,stable,mild_growth,mild_growth,mild_decline,ASIAS
20030302003849I,2.0,,VMC,Daylight,UNK,Unknown,Unknown,2003,3,"(-23) N622AE, BEING OPERATED AS AMERICAN EAGLE FLIGHT 4108, DEPARTED OMAHA, NE. ENROUTE TO CHICAGO, IL. AFTER TAKEO

(-23) N622AE, BEING OPERATED AS AMERICAN EAGLE FLIGHT 4108, DEPARTED OMAHA, NE. ENROUTE TO CHICAGO, IL. AFTER TAKEOFF THE CREW RECEIVED A GEAR DISAGREEMENT IN THE GEAR HANDLE AND AN ICAS MESSAGE INDICATED THE RIGHT MAIN LANDING GEAR DID NOT RETRACT. THE AIRCRAFT RETURNED TO OMAHA AND LANDED SAFELY. THE AIRCRAFT WAS FERRIED TO CHICAGO WHERE COMPANY MECHANICS REMOVED AND REPLACED THE RIGHT HAND GEAR UPLOCK BOX.",EMB,EMB145LR,,"OPDEF, Other Than Pi;3230",,-0.894302556448423,27.27272727272727,3.095029326679999,-1.6232437593779792,stable,strong_growth,mild_growth,mild_decline,ASIAS
20030201007879I,2.0,,Unknown,Unknown,UNK,Unknown,Unknown,2003,2,"(-23) ON FEBRUARY 1, 2003, FLT. 3577, N825EX, DHC-8, ON CLIMB-OUT, GEAR WAS SELECTED ""UP"", AND HYDRAULIC QUANTITY O

(-23) ON FEBRUARY 1, 2003, FLT. 3577, N825EX, DHC-8, ON CLIMB-OUT, GEAR WAS SELECTED ""UP"", AND HYDRAULIC QUANTITY ON #2 SYSTEM WENT TO ""0"". AIRCRAFT LANDED WITHOUT INCIDENT. MAINTENANCE REPLACED O RINGS ON PRESSURE WARNING SWITCH, PRESSURE TRANSMITTER, AND LOW PRESSURE WARNING SWITCH. AN O RING WAS ALSO REPLACED ON FITTING FOR INLET PRESSURE ON RIGHT PRESSURE MANIFOLD. RIGHT ENGINE DRIVEN HYDRAULIC PUMP ALSO REPLACED. STANDBY HYDRAULIC PUMP RAN IN HANGAR FOR ABOUT 15 MINUTES. NO LEAKS WERE NOTED. AIRCRAFT GROUND RUN AND HYDRAULIC SYSTEM CYCLED. NO LEAKS WERE NOTED. AIRCRAFT RETURNED TO SERVICE. THE AIRCRAFT DEPARTED BGM FOR A TEST FLIGHT, AND THE CREW REPORTED HYDRAULIC QUANTITY ON #2 SIDE WAS LOST IN FLIGHT WHEN GEAR WAS SELECTED DOWN. CREW RETURNED TO BGM, AND MAINTENANCE FOUND A CRACKED A.N. FITTING ON #2 ENGINE DRIVEN PUMP MANIFOLD INLET. THE FITTING WAS REPLACED, AND LEAK CHECKED GOOD ON MORNING RUN UP. THE AIRCRAFT WAS RETURNED TO SERVICE. THIS INCIDENT IS CONSIDERED CLOSED.",DHAV,DHC8102,,"OPDEF, Other Than Pi;2930",,-1.446639435687025,15.384615384615374,3.095029326679999,1.2600059294396893,mild_decline,strong_growth,mild_growth,mild_growth,ASIAS
20030210006379I,2.0,,IMC,Daylight,UNK,Unknown,Unknown,2003,2,"(-23) DURING CRUISE FLIGHT SMOKE AND FUMES WERE OBSERVED COMING FROM THE VICINITY OF THE FIRST OFFICERS RIGHT KNEE.

(-23) DURING CRUISE FLIGHT SMOKE AND FUMES WERE OBSERVED COMING FROM THE VICINITY OF THE FIRST OFFICERS RIGHT KNEE. AFM PROCEDURES WERE FOLLOWED AND THE R/H PITOT SWITCH WAS TURNED OFF. SMOKE AND SMELL DISSIPATED. AIRCRAFT DIVERTED TO GRAND RAPIDS, MI, LANDED WITHOUT INCIDENT, NORMAL OFF LOADING OF PASSENGERS AND CREW.",EMB,EMB145,,"OPDEF, Other Than Pi;3030",,-1.446639435687025,15.384615384615374,3.095029326679999,1.2600059294396893,mild_decline,strong_growth,mild_growth,mild_growth,ASIAS
20030205001719I,2.0,,IMC,Daylight,UNK,Unknown,Unknown,2003,2,"(-23) FLIGHT 2569 OLYMPIA, WASHINGTON, TO SPOKANE, WASHINGTON. THE PILOT STATED THAT WHILE CLIMBING THROUGH FL180,

(-23) FLIGHT 2569 OLYMPIA, WASHINGTON, TO SPOKANE, WASHINGTON. THE PILOT STATED THAT WHILE CLIMBING THROUGH FL180, THE LEFT ENGINE OIL PRESSURE LIGHT ILLUMINATED. THE PILOT VERIFIED LOW OIL PRESSURE AND SHUT DOWN THE LEFT ENGINE. THE PILOT DIVERTED TO MOSES LAKE, WASHINGTON. MAINTENANCE FOUND THAT A PROP GOVERNOR OIL LINE HAD FAILED. THIS LINE WAS INSTALLED ON FEBRUARY 1, 2003.",FRCHLD,SA227DC,,"OPDEF, Other Than Pi;6122",,-1.446639435687025,15.384615384615374,3.095029326679999,1.2600059294396893,mild_decline,strong_growth,mild_growth,mild_growth,ASIAS
20030205001779I,2.0,,IMC,Daylight,UNK,Unknown,Unknown,2003,2,"(-23) BSAA FLIGHT 2565, BILLINGS, MONTANA, TO GILLETTE, WYOMING. RETURNED TO BILLINGS WITH HIGH OIL TEMPERATURE. TH

(-23) BSAA FLIGHT 2565, BILLINGS, MONTANA, TO GILLETTE, WYOMING. RETURNED TO BILLINGS WITH HIGH OIL TEMPERATURE. THE CREW NOTED A HIGH TEMPERATURE ON CLIMB AND SHUT DOWN THE RIGHT ENGINE. MAINTENANCE REPLACED OIL TEMPERATURE BULB, REPAIRED CANNON PLUG AND REPLACED VERNATHERM. GROUND RUN AND CHECK, OK.",FRCHLD,SA227DC,,"OPDEF, Other Than Pi;7933",,-1.446639435687025,15.384615384615374,3.095029326679999,1.2600059294396893,mild_decline,strong_growth,mild_growth,mild_growth,ASIAS
20030217001639I,2.0,,Unknown,Daylight,UNK,Unknown,Unknown,2003,2,"(-23) UNRELATED DUAL GEN (CSD) FAILURE PRIOR TO DEPARTURE AND AT V1. DURING TAXI, FLIGHTY 1209 EXPERIENCED A LEFT G

(-23) UNRELATED DUAL GEN (CSD) FAILURE PRIOR TO DEPARTURE AND AT V1. DURING TAXI, FLIGHTY 1209 EXPERIENCED A LEFT GEN FAIL. CREW PLACARD LEFT GEN. FLIGHT DEPARTED AND AT V1 126KIAS THE RT. GEN FAILED. FLIGHT RETURNED TO AIRPORT (KPIT) LANDED W/O INCIDENT.",DOUG,MD88,,"OPDEF, Other Than Pi;2421",,-1.446639435687025,15.384615384615374,3.095029326679999,1.2600059294396893,mild_decline,strong_growth,mild_growth,mild_growth,ASIAS
20030205007639I,2.0,,Unknown,Daylight,UNK,Unknown,5000+,2003,2,"(-23) A/C IN CRUISE, LEFT ENGINE OIL QUANTITY WENT TO ZERO. THEN LEFT OIL TEMPERATURE MOVED THROUGH CAUTION RANGE T

(-23) A/C IN CRUISE, LEFT ENGINE OIL QUANTITY WENT TO ZERO. THEN LEFT OIL TEMPERATURE MOVED THROUGH CAUTION RANGE TO WARNING (RED). PILOT PERFORMED PRECAUTIONARY SHUTDOWN AND DIVERTED FLIGHT TO MDT (HARRISBURG). AIRCRAFT LANDED UNEVENTFULLY AND NORTHWEST MAINTENANCE CONTROL WAS CONTACTED FOR REPAIRS.",BOEING,757251,,"OPDEF, Other Than Pi;7200",,-1.446639435687025,15.384615384615374,3.095029326679999,1.2600059294396893,mild_decline,strong_growth,mild_growth,mild_growth,ASIAS
20030203001479I,2.0,,Unknown,Daylight,UNK,Unknown,Unknown,2003,2,"(-23) WINDSHIELD CRACKED ABOUT 50 MILES FROM PIT DECLARED EMERGENCY 15 MILES FROM PIT. CREW PROCEEDED WITH CHECKLIS

(-23) WINDSHIELD CRACKED ABOUT 50 MILES FROM PIT DECLARED EMERGENCY 15 MILES FROM PIT. CREW PROCEEDED WITH CHECKLIST AND LANDED WITHOUT INCIDENT. CREWS ACTIONS OR LACK OF ACTIONS DID NOT CONTRIBUTE TO THIS INCIDENT. SDR FILED. CORRECTIVE ACTION. REPLACED CAPTAINS WINDSHIELD IAW DEHAVILLAND MAINT. MANUAL. SUBMISSION OF THIS REPORT CLOSES THIS INCIDENT.",DHAV,DHC8102,,"Miscellaneous, Other;5610",,-1.446639435687025,15.384615384615374,3.095029326679999,1.2600059294396893,mild_decline,strong_growth,mild_growth,mild_growth,ASIAS
20030312007869I,2.0,,Unknown,Daylight,UNK,Unknown,Unknown,2003,3,"(-23) APPROXIMATELY 10-15 MILES OUT ON APPROACH TO SYR FIRST OFFICER SMELLED FUMES IN COCKPIT. AFTER THE SMELL GREW

(-23) APPROXIMATELY 10-15 MILES OUT ON APPROACH TO SYR FIRST OFFICER SMELLED FUMES IN COCKPIT. AFTER THE SMELL GREW WORSE THE CREW DONNED OXYGEN MASKS. AT APPROX. 2 MILES OUT THE FIRST OFFICER SAW A LITTLE SMOKE AND COULD SEE A ""RED GLOW"" FROM HIS #1 WINDOW TERMINAL STRIP. THE ARFF RESPONDED AND THE AIRCRAFT LANDED ON RUNWAY 28 AND TAXIED TO THE RAMP WITHOUT INCIDENT. WHILE THE CREW WAS ACCOMPLISHING THE SHUTDOWN CHECK THE FIRST OFFICER'S #1 WINDOW SHATTERED. NO FIRE WAS EVER OBSERVED; HOWEVER, THE FIRE CHIEF STATED THAT WHEN THE COCKPIT DOOR WAS OPENED HE COULD SEE A LITTLE SMOKE. MAINTENANCE REPLACED THE WINDSHIELD, WINDSHIELD HEAT CONTROLLER, RELAY 3041-K10, AND TERMINAL END L2. AIRCRAFT WAS GROUND RAN, AND OPERATIONAL CHECK WAS GOOD. AIRCRAFT WAS RETURNED TO SERVECE. THE APMI WAS NOTIFIED BY PHONE. HE STATED THAT PCAA'S RELIABILITY PROGRAM IS INVESTIGATING CRACKED WINDOWS. THIS INCIDENT IS CONSIDERED CLOSED.",DHAV,DHC8102,,"OPDEF, Other Than Pi;3040",,-0.894302556448423,27.27272727272727,3.095029326679999,-1.6232437593779792,stable,strong_growth,mild_growth,mild_decline,ASIAS
20030328006079I,2.0,,VMC,Daylight,UNK,Unknown,Unknown,2003,3,"(-23) UAL FLT#1197 WAS ENROUTE FROM PHL TO ORD AND DECLARED AN EMERGENCY BECAUSE OF FUMES IN AIRCRAFT CABIN. A/C LA

(-23) UAL FLT#1197 WAS ENROUTE FROM PHL TO ORD AND DECLARED AN EMERGENCY BECAUSE OF FUMES IN AIRCRAFT CABIN. A/C LANDED AT FWA WITHOUT INCIDENT. INVESTIGATION REVEALED THAT SOME OVERHEAD COMPARTMENTS HAD BUBBLES ON THE DOORS AND TWO HAD POPPED OPEN. I CONTACTED Q/A MANAGER, TERRY STROBACH OF UA AND STATED ""A/C WAS IN MAINTENANCE TO DETERMINE WHAT CAUSED THE PROBLEM WITH THE O/H COMPARTMENTS. I ASKED HIM TO CONTACT OUR OFFICE WHEN HE FOUND THE PROBLEM.",BOEING,737322,,Undetermined,,-0.894302556448423,27.27272727272727,3.095029326679999,-1.6232437593779792,stable,strong_growth,mild_growth,mild_decline,ASIAS
20030422004489I,2.0,,VMC,Night,UNK,Unknown,Unknown,2003,4,"(-23) ON INITIAL PUSHBACK THE CREW ATTEMPTED TO START THE #1 ENGINE. IT FAILED TO START. A DETERMINATION WAS MADE T

(-23) ON INITIAL PUSHBACK THE CREW ATTEMPTED TO START THE #1 ENGINE. IT FAILED TO START. A DETERMINATION WAS MADE THAT THE LEFT IGNITION SYSTEM WAS INOPERATIVE. THE CREW DETERMINED TO CONTINUE TO TAXI AND USE THE RIGHT IGNITION SYSTEM ON TAXI-OUT TO START THE #1 ENGINE. THEY THEN STARTED THE #2 ENGINE AND PROCEEDED TO TAXI TOWARD THE DEPARTURE RUNWAY. WHILE TAXIING THEY MOTORED THE #1 ENGINE IN AN ATTEMPT TO RID IT OF ANY POOLED FUEL. PRIOR TO REACHING THE ACTIVE RUNWAY THE CREW AGAIN ATTEMPTED TO START THE #1 ENGINE USING THE RIGHT IGNITION SYSTEM. THERE WAS APPARENTLY SOME RESIDUAL POOLED FUEL IN THE TAIL PIPE THAT IGNITED CAUSING THE TAIL PIPE FIRE. AFTER RETURING TO THE GATE THE ENGINE WAS INSPECTED. THE LEFT IGNITION SYSTEM WAS DEFERRED PER DELTA'S PROCEDURES AND THE AIRCRAFT DEPARTED FOR GREAT FALLS.",BOEING,7373B7,,"OPDEF, Other Than Pi;7400",,-3.042598523733153,0.0,4.781560236457993,7.280966767371599,mild_decline,unknown,mild_growth,strong_growth,ASIAS
20030401003829I,2.0,,Unknown,Daylight,UNK,Unknown,Unknown,2003,4,"(-23) SKYWEST FLIGHT 3782 TOOK OFF FROM IDAHO FALLS, WENT TO RETRACT THE LANDING GEAR AND GOT A LANDING GEAR DISAGR

(-23) SKYWEST FLIGHT 3782 TOOK OFF FROM IDAHO FALLS, WENT TO RETRACT THE LANDING GEAR AND GOT A LANDING GEAR DISAGREEMENT MESSAGE. THEY NOTICED THEY HAD NO FLUID IN THE #3 HYDRAULIC SYSTEM, THEY FLEW TO SLC, AND DECLARED AN EMERGENCY AND LANDED WITHOUT INCIDENT AT 2045.",CNDAIR,CL6002B19,,"OPDEF, Other Than Pi;2910",,-3.042598523733153,0.0,4.781560236457993,7.280966767371599,mild_decline,unknown,mild_growth,strong_growth,ASIAS
20030331004449I,2.0,,Unknown,Daylight,UNK,Unknown,Unknown,2003,3,"(-23) THE FOLLOWING INFORMATION WAS OBTAINED FROM THE INFLIGHT INCIDENT REPORT SUBMITTED BY FRONTIER AIRLINE FLIGHT

(-23) THE FOLLOWING INFORMATION WAS OBTAINED FROM THE INFLIGHT INCIDENT REPORT SUBMITTED BY FRONTIER AIRLINE FLIGHT ATTENDANT JENNIFER DAVIDSON: A MALE PASSENGER ACCOMPANIED BY HIS DAUGHTER REQUESTED HOT TEA. THE FLIGHT ATTENDANT PROVIDED PASSENGER A PLASTIC CUP CONTAINING HOT WATER 2/3 TO 3/4 FULL. SHE THEN SERVED HIM AN ALCOHOLIC BEVERAGE AND BEGAN ASSISTING OTHER PASSENGERS WHEN SHE HEARD THE LITTLE GIRL SCREAM. THE FLIGHT ATTENDANT RETURNED TO THE ROW THE CHILD WAS SITTING AND NOTED THE HOT TEA HAD SPILLED. SHE NOTED ALL THE DRINKS WERE ON THE FATHER'S TRAY. ICE WAS PROVIDED AND MEDICAL ASSISTANCE FROM SEVERAL REGISTERED NURSES ALSO ASSISTED IN TREATING THE LITTLE GIRL BURNS. THE PILOT IN COMMAND WAS NOTIFIED AND MEDLINK WAS CONTACTED FOR FURTHER GUIDANCE. THE AIRCRAFT WAS DIVERTED TO GRAND JUNCTION, COLORADO (GJT) TO HAVE THE CHILD TRANSPORTED TO A MEDICAL FACILITY FOR TREATMENT. NOTE: NTSB RECLASSIFIED THIS AS AN INCIDENT. (-23 AMENDMENT) AMENDED REPORT: TOTAL AIRFRAME HOURS SHOULD BE 5777 NOT 57770.",AIRBUS,A319111,,"Miscellaneous, Other",,-0.894302556448423,27.27272727272727,3.095029326679999,-1.6232437593779792,stable,strong_growth,mild_growth,mild_decline,ASIAS
20030518011059I,2.0,,IMC,Daylight,UNK,Unknown,Unknown,2003,5,"(-23) CONTINENTAL AIRLINES FLIGHT 1834 WAS ENROUTE FROM PHOENIX, AX., TO NEWARK, NJ., WHEN THE RIGHT ENGINE PRESSUR

(-23) CONTINENTAL AIRLINES FLIGHT 1834 WAS ENROUTE FROM PHOENIX, AX., TO NEWARK, NJ., WHEN THE RIGHT ENGINE PRESSURIZATION SYSTEM FAILED. THE AIRCRAFT DIVERTED INTO OMAHA, NE., AND LANDED WITHOUT INCIDENT. PRIOR TO THIS INCIDENT, ON A FLIGHT FROM AMA TO HOU, THE LEFT ENGINE PRESSURIZATION AND AIR CONDITIONING (PAC) SYSTEM FAILED. MAINTENANCE WAS PERFORMED BUT THE SYSTEM FAILED DURING TAXI FOR DEPARTURE. THE LEFT PAC WAS DEFERRED PER MEL. WHILE ENROUTE PHX TO EWR THE RIGHT ENGINE PRESSURIZATION FAILED, AND THE OXYGEN MASKS DEPLOYED IN THE CABIN. AFTER LANDING IN OMAHA, COMPANY MECHANICS INSPECTED THE AIRCRAFT AND THE AIRCRAFT WAS FERRIED BACK TO THE CALA MAINTENANCE BASE IN HOUSTON, TX. COMPANY MAINTENANCE REPLACED BOTH CABIN PRESSURE CONTROLLERS AND THE HIGH STAGE VALVE AND REGULATOR.",BOEING,737724,,"OPDEF, Other Than Pi;2131",,-2.7787583217216305,-16.666666666666675,4.781560236457993,8.432147562582326,mild_decline,strong_decline,mild_growth,strong_growth,ASIAS
20030419017169I,2.0,,Unknown,Daylight,UNK,Unknown,Unknown,2003,4,"(-23) ON APRIL 19, 2003, UNITED EXPRESS, CRJ2, N670BR, FLT. 110, LANDED ON RUNWAY 23 AFTER SHUTTING DOWN THE RIGHT

(-23) ON APRIL 19, 2003, UNITED EXPRESS, CRJ2, N670BR, FLT. 110, LANDED ON RUNWAY 23 AFTER SHUTTING DOWN THE RIGHT ENGINE FOR UNKNOWN REASONS. THE ARFF RESPONDED AND THE AIRCRAFT TAXIED TO THE RAMP WITHOUT INCIDENT. CREW REPORTED RIGHT ENGINE OIL PRESSURE WARNING ENROUTE WITH OIL PRESSURE AT ZERO PSI. CREW FOLLOWED QRH AND SHUTDOWN THE RIGHT ENGINE. AN EMERGENCY WAS DECLARED AND FLIGHT LANDED WITHOUT FURTHER INCIDENT. ACA FLIGHT LOG CORRECTIVE ATION: R&R RH ENGINE OIL PRESSURE SWITCH AND OIL TRANSDUCER O-RING IN REFERENCE TO CRJ MM 79-31-03 AND 79-31-05, PRESSURE SWITCH P/N 1153POO12, S/N OFF 2964, S/N ON 3013. PERFORMED ENGINE RUNS IN REFERENCE TO CRF MM 72-00-00. OPS & LEAK CHECKED GOOD. NO DEFECTS NOTED. LOG PAGE #130754. THIS INCIDENT IS CONSIDERED CLOSED.",CNDAIR,CL6002B19,,"OPDEF, Other Than Pi;7931",,-3.042598523733153,0.0,4.781560236457993,7.280966767371599,mild_decline,unknown,mild_growth,strong_growth,ASIAS
20030429010109I,2.0,,Unknown,Daylight,UNK,Other,Unknown,2003,4,"(-23) A MEAL CART RELEASED ON LANDING AND TRAVELED NEARLY TO DOOR #2. THE CART HIT SEVERAL PASSENGERS AS IT TRAVERS

(-23) A MEAL CART RELEASED ON LANDING AND TRAVELED NEARLY TO DOOR #2. THE CART HIT SEVERAL PASSENGERS AS IT TRAVERSED FORWARD. ONE PASSENGER WAS EVALUATED AT THE HOSPITAL AND RELEASED. PARAMEDICS AT THE GATE EVALUATED THE OTHER PASSENGERS WHO HAD BEEN STRUCK BY THE CART. INFLIGHT SAFETY HAS DISTRIBUTED AN E-MAIL COMMUNICATION TO ALL FLIGHT ATTENDANTS THAT REVIEWS THIS INCIDENT AND REINFORCES REQUIRED PROCEDURES THAT PREVENT SUCH OCCURRENCES. ONBOARD SAFETY HAS ISSUED A POSTER THAT REINFORCES GALLEY SAFETY. THIS INCLUDES AN ENHANCED GALLEY PROCEDURE THAT INVOLVES TACTILE CONFIRMATION THAT LATCHES ARE SECURED. ^PRIVACY DATA OMITTED^",BOEING,757351,,"Miscellaneous, Other;Fail/Incorrect Use M",,-3.042598523733153,0.0,4.781560236457993,7.280966767371599,mild_decline,unknown,mild_growth,strong_growth,ASIAS
20030503010249I,2.0,,VMC,Daylight,UNK,Unknown,Unknown,2003,5,"(-23) EXCESSIVE FUEL BUILD-UP IN APU EXHAUST PIPE DURING APU START. FUEL IGNITED AND WAS BLOWN OUT TAILPIPE. AS A R

(-23) EXCESSIVE FUEL BUILD-UP IN APU EXHAUST PIPE DURING APU START. FUEL IGNITED AND WAS BLOWN OUT TAILPIPE. AS A RESULT OF GUSTING TAIL WIND, FLAMES FROM IGNITED FUEL DAMAGED RIGHT SIDE OF TAIL CONE AND RIGHT ELEVATOR. APU REMOVED AND SENT TO MAINTENANCE FOR EVALUATION.",BOEING,737522,,"Miscellaneous, Other;4930",,-2.7787583217216305,-16.666666666666675,4.781560236457993,8.432147562582326,mild_decline,strong_decline,mild_growth,strong_growth,ASIAS
20030404006089I,2.0,,Unknown,Daylight,UNK,Unknown,Unknown,2003,4,"(-23) AIRCRAFT ABORTED FIRST TAKE-OFF ATTEMPT DUE TO GROUND SPOILERS DEPLOYING. S2YA CLEVELAND CONTRACT MAINTENANCE

(-23) AIRCRAFT ABORTED FIRST TAKE-OFF ATTEMPT DUE TO GROUND SPOILERS DEPLOYING. S2YA CLEVELAND CONTRACT MAINTENANCE PERFORMED GROUND SPOILER TEST, NO FAULTS. AIRCRAFT ABORTED SECOND TAKE-OFF ATTEMPT DUE TO THE GROUND SPOILERS DEPLOYING AGAIN. S2YA CLEVELAND CONTRACT MAINTENANCE (AIR SERVICES) INSPECTED THE SYSTEM AND FOUND THE LEFT INBOARD SPOILER ACTUATOR ATTACH BRACKET BROKEN WHICH ALSO DAMAGED THE FLAP CONE. S2YA MAINTENANCE REMOVED AND REPLACED THE LEFT INBOARD SPOILER AND REPAIRED THE FLAP COVE. THE AIRCRAFT WAS MAINTENANCE FERRIED TO MKE. END.",DORNER,DO328300,,"OPDEF, Other Than Pi;5755",,-3.042598523733153,0.0,4.781560236457993,7.280966767371599,mild_decline,unknown,mild_growth,strong_growth,ASIAS
20030506008679I,2.0,,VMC,Unknown,UNK,PIC,2000-5000,2003,5,"(-23) PILOT MISTOOK SERVICE ROAD FOR TAXI WAY. DURING ATTEMPT TO CORRECT SITUATION RIGHT MAIN LANDING GEAR LEFT THE

(-23) PILOT MISTOOK SERVICE ROAD FOR TAXI WAY. DURING ATTEMPT TO CORRECT SITUATION RIGHT MAIN LANDING GEAR LEFT THE HARD SURFACE AND BECAME STUCK IN SOFT SOIL. PASSENGERS WERE DEPLANED AND THE AIRCRAFT WAS RETURNED TO THE HARD SURFACE AND RETURNED TO GATE. RIGHT MAIN LANDING GEAR TIRES AND BRAKES WERE REMOVED AND REPLACED. THE SKYWEST CMO REQUESTED THIS INCIDENT BE FORWARDED TO THEM FOR DISPOSITION.",CNDAIR,CL6002B19,,Pilot Induced;Selected Unsuitable,,-2.7787583217216305,-16.666666666666675,4.781560236457993,8.432147562582326,mild_decline,strong_decline,mild_growth,strong_growth,ASIAS
20030516017779I,2.0,,VMC,Unknown,UNK,Unknown,Unknown,2003,5,"(-23) ON FRIDAY 16, 2003, A CHALLENGER CL 600, N371CA, FLIGHT 71, OPERATED BY COMAIR, INC., AFTER DEPARTING BUFFALO

(-23) ON FRIDAY 16, 2003, A CHALLENGER CL 600, N371CA, FLIGHT 71, OPERATED BY COMAIR, INC., AFTER DEPARTING BUFFALO AIRPORT, RETURNED WITH LANDING GEAR PROBLEMS. A LANDING WAS ACCOMPLISHED WITHOUT INCIDENT. THE AIRCRAFT TAXIED TO THE RAMP WITHOUT INCIDENT. FIRE AND RESCUE RESPONDED. THE PASSENGERS WERE DEPLANED. THERE WERE NO INJURIES. THE AIRCRAFT WAS FLOWN TO CINCINNATI FOR REPAIRS WITH A FERRY PERMIT. THE MAINTENANCE TECHNICIANS REMOVED AND REPLACED THE LANDING GEAR SELECTOR. OPERATIONAL CHECK WAS SATISFACTORY AND THE AIRCRAFT RETURNED TO SERVICE. THIS INCIDENT IS CONSIDERED CLOSED.",CNDAIR,CL6002C10,,"OPDEF, Other Than Pi;3234",,-2.7787583217216305,-16.666666666666675,4.781560236457993,8.432147562582326,mild_decline,strong_decline,mild_growth,strong_growth,ASIAS
20030405005349A,2.0,,Unknown,Unknown,UNK,Other,Unknown,2003,4,"(-23) AIRCRAFT ENCOUNTERED SEVERE TURBULENCE ENROUTE FROM DEN TO DFW AT FL240-250. TWO EA. FLIGHT ATTENDANTS SUSTAI

(-23) AIRCRAFT ENCOUNTERED SEVERE TURBULENCE ENROUTE FROM DEN TO DFW AT FL240-250. TWO EA. FLIGHT ATTENDANTS SUSTAINED INJURIES. ONE OF THE ATTENDANTS WAS THROWN TO THE CEILING. ^PRIVACY DATA OMI^ SUFFERED A BRUISED TAILBONE. ^PRIVACY DATA OMIT^ SUFFERED A BROKEN FOOT WITH FRACTURES OF THE 3RD AND 4TH METATARSALS. AIRCRAFT COMPLETED AN AIR RETURN TO DEN. FLIGHT DISPATCH RELEASE WAS OBTAINED FROM FRONTIER AIRLINES. WEATHER BRIEFING DID NOT INDICATE ANY SIGMET IN THE AREA OF PUEBLO, CO.",AIRBUS,A319111,,"Miscellaneous, Other;Other, Miscellaneous",,-3.042598523733153,0.0,4.781560236457993,7.280966767371599,mild_decline,unknown,mild_growth,strong_growth,ASIAS
20030507036929A,2.0,,IMC,Daylight,UNK,Other,Unknown,2003,5,"(-23) WHILE ON APPROACH TO THE AIRPORT AT FLIGHT LEVEL 210, THUNDERSTORM CELL ACTIVITY WAS NOTED ON THE AIRPLANES W

(-23) WHILE ON APPROACH TO THE AIRPORT AT FLIGHT LEVEL 210, THUNDERSTORM CELL ACTIVITY WAS NOTED ON THE AIRPLANES WEATHER RADAR. THE FLIGHT WAS GIVEN CLEARANCE TO DESCEND TO 11,000 FEET, AND DURING THE DESCENT, AN AREA OF MODERATE TURBULENCE WAS ENCOUNTERED, WHICH LASTED ABOUT 20-30 SECONDS. DURING THE ENCOUNTER, A FLIGHT ATTENDANT FELL AND TWISTED HER ANKLE.",BOEING,767322,,"Miscellaneous, Other;Other, Miscellaneous",,-2.7787583217216305,-16.666666666666675,4.781560236457993,8.432147562582326,mild_decline,strong_decline,mild_growth,strong_growth,ASIAS
20030508007129I,2.0,,Unknown,Daylight,UNK,Unknown,Unknown,2003,5,"(-23) ALLEGHENY AIRLINES FLIGHT #3899 ENROUTE FROM ABE ON APPROACH TO PIT ENCOUNTERED AN ""AIRFRAME VIBRATION"" THAT

(-23) ALLEGHENY AIRLINES FLIGHT #3899 ENROUTE FROM ABE ON APPROACH TO PIT ENCOUNTERED AN ""AIRFRAME VIBRATION"" THAT ""OCCURRED THREE TIMES IN FLIGHT"". THE ""FLIGHT ATTENDANTS REPORTS A VERY LOUD VIBRATION IN THE FORWARD PART OF THE CABIN AND"" THE ""NUMBER TWO ENGINE NH INCREASED 1.5% DURING LANDING"". THE AIRCRAFT LANDED ON RUNWAY 28R AFTER DECLARING AN EMERGENCY AT 0835. THE ARFF RESPONDED AND THE AIRCRAFT TAXIED TO THE GATE WITHOUT FURTHER INCIDENT. MAINTENANCE INSPECTED THE AIRCRAFT AND FOUND THAT THE RIGHT INBOARD DEICE BOOT ON THE HORIZONTAL STAB HAD SEPARATED FROM THE LEADING EDGE AT THE UPPER TRAILING EDGE OF THE BOOT. THE LEADING EDGE ASSEMBLY WAS REPLACED AND THE AIRCRAFT WAS TEST FLOWN SATISFACTORILY AND RETURNED TO SERVICE.",DHAV,DHC8102,,"OPDEF, Other Than Pi;3010",,-2.7787583217216305,-16.666666666666675,4.781560236457993,8.432147562582326,mild_decline,strong_decline,mild_growth,strong_growth,ASIAS
20030421008169A,2.0,,IMC,Daylight,UNK,Other,Unknown,2003,4,"(-23) FLIGHT ENCOUNTERED MODERATE TURBULENCE AT FL 290 OVER LITHONIA, GA. TWO FLIGHT ATTENDANTS WERE INJURED; ONE R

(-23) FLIGHT ENCOUNTERED MODERATE TURBULENCE AT FL 290 OVER LITHONIA, GA. TWO FLIGHT ATTENDANTS WERE INJURED; ONE RECEIVED A BROKEN LEG. NO OTHER INJURIES REPORTED. INSTRUMENT METEOROLOGICAL CONDITIONS PREVAILED AT THE TIME OF THE ACCIDENT.",BOEING,757222,,"Miscellaneous, Other;Other, Miscellaneous",,-3.042598523733153,0.0,4.781560236457993,7.280966767371599,mild_decline,unknown,mild_growth,strong_growth,ASIAS
20030417004369I,2.0,,Unknown,Daylight,UNK,Unknown,Unknown,2003,4,"(-23) AT APPROXIMATELY 0907 HOURS LOCAL TIME, ONE TO TWO MINUTES AFTER TAKEOFF, THE PILOT HAD A LEFT ENGINE FIRE WA

(-23) AT APPROXIMATELY 0907 HOURS LOCAL TIME, ONE TO TWO MINUTES AFTER TAKEOFF, THE PILOT HAD A LEFT ENGINE FIRE WARNING LIGHT ILLUMINATE. BOTH FIRE BOTTLES WERE FIRED AND AFTER SOME DELAY THE ENGINE FIRE LIGHT WENT OFF. THE ENGINE WAS SHUTDOWN FOR APPROXIMATELY TEN (10) MINUTES AND WIND MILLING PRIOR TO LANDING. THE AIRCRAFT WAS MET BY FIREFIGHTING EQUIPMENT. A VISUAL INSPECTION WAS MADE ON THE ENGINE BY DELTA MAINTENANCE AND THE FAA. IT APPEARED THAT THE FUEL PRESSURE SUPPLY LINE ON THE STATOR VANE 2.5 ACTUATOR HAD FAILED APPROXIMATELY FOUR (4) INCHED UPSTREAM FROM THE LINE ATTACH FITTING. THIS WAS INDICATED BY THE BURN PATTERN ON THE INNER COWLING AND IS THE FORWARD MOST VISIBLE HEAT CHARRED AREA DIRECTLY UNDER THE FAILURE AREA. BURNING AND EXCESSIVE HEAT WAS EVIDENT AROUND THE LENGTH OF THE OUTER ENGINE BUT WITHIN THE COWLING. TWO HOLES APPROXIMATELY EIGHT (8) INCHES IN DIAMETER WERE BURNED THROUGH THE AFT CORE COWLING COVERING THE TURBINE AREA AT THE SEVEN (7) O'CLOCK POSITION. MAINTENANCE WILL MAKE A MORE IN DEPTH ANALYSIS ON THE CAUSE AFTER THE ENGINE IS REMOVED.",BOEING,757232,,"OPDEF, Other Than Pi;7310",,-3.042598523733153,0.0,4.781560236457993,7.280966767371599,mild_decline,unknown,mild_growth,strong_growth,ASIAS
20030505010399I,2.0,,Unknown,Night,UNK,Unknown,Unknown,2003,5,"(-23) ON MAY 5, 2003, NORTHWEST AIRLINES (NWAA) FLIGHT 709, GREAT FALLS, MONTANA (GTF) TO KALISPELL, MONTANA (FCA),

(-23) ON MAY 5, 2003, NORTHWEST AIRLINES (NWAA) FLIGHT 709, GREAT FALLS, MONTANA (GTF) TO KALISPELL, MONTANA (FCA), DECLARED AN EMERGENCY DUE TO SMOKE IN THE COCKPIT AND RETURNED TO GTF AND LANDED WITHOUT INCIDENT AT APPROXIMATELY 2315 LCL MOUNTAIN TIME. CONTRACT MAINTENANCE PERSONNEL FROM GTF INSPECTED AIRCRAFT AND, IN CONJUNCTION WITH NWAA MAINTENANCE CONTROL, DEFERRED THE LEFT AIR-CONDITIONING PAC. AIRCRAFT DEPARTED APPROX. 2 HOURS LATER. THIS INCIDENT IS CONSIDERED CLOSED.",DOUG,DC932,,"OPDEF, Other Than Pi;2150",,-2.7787583217216305,-16.666666666666675,4.781560236457993,8.432147562582326,mild_decline,strong_decline,mild_growth,strong_growth,ASIAS
20030426010019I,2.0,,Unknown,Night,UNK,Other,Unknown,2003,4,"(-23) PASSENGER ^PRIVACY DATA OMITTED^ WAS ALLEGEDLY CAUSING A DISTURBANCE ABOARD USA 3000 FLIGHT 409. THE AIRLINE

(-23) PASSENGER ^PRIVACY DATA OMITTED^ WAS ALLEGEDLY CAUSING A DISTURBANCE ABOARD USA 3000 FLIGHT 409. THE AIRLINE ORIGINALLY INDICATED INTERFERENCE WITH THE CREW. THE AIRLINE DOES NOT WISH TO PURSUE ANY ACTION WITH THIS PASSENGER. OTHER PASSENGERS INTERVIEWED INDICATED THAT THE PILOT OF THE AIRCRAFT APPEARED CONFRONTATIONAL AND NOT THE JUDGE. ON THE ADVICE OF MIKE MCKINLEY THIS INCIDENT IS CLOSED WITH NO ACTION.",,,,"Miscellaneous, Other;Cntl Intfr By Passen",,-3.042598523733153,0.0,4.781560236457993,7.280966767371599,mild_decline,unknown,mild_growth,strong_growth,ASIAS
20030422006529I,2.0,,VMC,Daylight,UNK,PIC,Unknown,2003,4,"(-23) FLT 1106 FROM ORL TO CVG EXPERIENCED TURBULENCE ON DESCENT INTO CVG. FLT ATTENDANT AND 1 PAX RECEIVED MINOR I

(-23) FLT 1106 FROM ORL TO CVG EXPERIENCED TURBULENCE ON DESCENT INTO CVG. FLT ATTENDANT AND 1 PAX RECEIVED MINOR INJURIES. NTSB INVESTIGATION JILL ANDREWS STATED WOULD BE INCIDENT. I SPOKE TO ATL CMO AND WILL XFER TO THEM FOR FURTHER INVESTIGATION.",,,,"Miscellaneous, Other;Other, Miscellaneous",,-3.042598523733153,0.0,4.781560236457993,7.280966767371599,mild_decline,unknown,mild_growth,strong_growth,ASIAS
20030331003809I,2.0,,VMC,Daylight,UNK,Unknown,2000-5000,2003,3,"(-23) ON MARCH 31, 2003, FLIGHT 5443 AT 1500 LOCAL TIME, AIRCRAFT S/N UE-165 WHILE ENROUTE FROM DODGE CITY, KS, TO

(-23) ON MARCH 31, 2003, FLIGHT 5443 AT 1500 LOCAL TIME, AIRCRAFT S/N UE-165 WHILE ENROUTE FROM DODGE CITY, KS, TO KANSAS CITY, MO, THE LANDING GEAR FAILED TO EXTEND ON APPROACH. THE CREW TOOK EMERGENCY PROCEDURES AND HAD TO HAND PUMP THE GEAR DOWN TO LAND. THE AIRCRAFT LANDED WITHOUT FURTHER INCIDENT.",BEECH,1900D,,"OPDEF, Other Than Pi;3233",,-0.894302556448423,27.27272727272727,3.095029326679999,-1.6232437593779792,stable,strong_growth,mild_growth,mild_decline,ASIAS
20030505008319I,2.0,,Unknown,Daylight,UNK,Other,Unknown,2003,5,"(-23) PASSENGERS ON SOUTHWEST AIRLINES FLIGHT 584, ^PRIVACY DATA OMITTED^ WERE FIGHTING OVER DRUGS ONBOARD THE FLIG

(-23) PASSENGERS ON SOUTHWEST AIRLINES FLIGHT 584, ^PRIVACY DATA OMITTED^ WERE FIGHTING OVER DRUGS ONBOARD THE FLIGHT ENROUTE TO SALT LAKE CITY, UT. THEY WERE OBSERVED INJECTING THEMSELVES WITH NEEDLES. THE SALT LAKE AIRPORT POLICE FOUND HEROIN AND MARIJUANA IN THEIR POSSESSION. ONE OF THE PASSENGERS WENT TO THE LAVATORY FOR 15 OR 20 MINUTES AND RETURNED TO HIS SEAT WITH A ""CUT UP COKE CAN"" AND A LIGHTER. IT IS NOT KNOWN IF HE USED THE LIGHTER IN THE LAVATORY. THE PASSENGERS WERE TAKEN INTO CUSTODY BY THE POLICE ON ARRIVAL IN SALT LAKE CITY, UT.",BOEING,737*,,"Miscellaneous, Other;Unauthorized Action",,-2.7787583217216305,-16.666666666666675,4.781560236457993,8.432147562582326,mild_decline,strong_decline,mild_growth,strong_growth,ASIAS
20030402017279I,2.0,,Unknown,Daylight,UNK,Unknown,Unknown,2003,4,"(-23) FLIGHT CONTROLS DID NOT RESPOND AS EXPECTED AFTER INITIAL CLIMB/TURN. REMOVED AND REPLACED AILERON. TEST FLIG

(-23) FLIGHT CONTROLS DID NOT RESPOND AS EXPECTED AFTER INITIAL CLIMB/TURN. REMOVED AND REPLACED AILERON. TEST FLIGHT WAS SATISFACTORY AND AIRCRAFT WAS RETURNED TO SERVICE.",DHAV,DHC8102,,"OPDEF, Other Than Pi;5751",,-3.042598523733153,0.0,4.781560236457993,7.280966767371599,mild_decline,unknown,mild_growth,strong_growth,ASIAS
20030408019339I,2.0,,Unknown,Daylight,UNK,PIC,5000+,2003,4,"(-23) ^PRIVACY DATA OMITTED^

(-23) ^PRIVACY DATA OMITTED^",SAAB,340B,,Pilot Induced;Pilot/Crew Mismanage,,-3.042598523733153,0.0,4.781560236457993,7.280966767371599,mild_decline,unknown,mild_growth,strong_growth,ASIAS
20030628013609I,2.0,,VMC,Daylight,UNK,PIC,Unknown,2003,6,"(-23) SWIA #3912, N445SW, SLC-TUS RETURNED SLC AFTER A BIRDSTRIKE AND LANDED WITHOUT INCIDENT. DAMAGE TO THE RADOME

(-23) SWIA #3912, N445SW, SLC-TUS RETURNED SLC AFTER A BIRDSTRIKE AND LANDED WITHOUT INCIDENT. DAMAGE TO THE RADOME, LEFT SIDE SKIN PANEL AND FRAME ON THE NOSE SECTION. ADDITIONAL PARTS REPLACED: SKIN - PART NUMBER 600-33052-113 - MANUFACTURED BY BOMBARDIER FRAME - PART NUMBER 33052-149 - MANUFACTURED BY BOMBARDIER.",CNDAIR,CL6002B19,,"Miscellaneous, Other;Struck Birds In Flig",,-3.1216244569989837,-22.44897959183674,4.781560236457993,9.816971713810307,mild_decline,strong_decline,mild_growth,strong_growth,ASIAS
20030527011219I,2.0,,VMC,Daylight,UNK,Unknown,Unknown,2003,5,"(-23) LUFTHANSA DLH468 LANDED RUNWAY 28L AT PDX, BLEW A LEFT MAIN TIRE ON LANDING. AIRCRAFT TAXIED TO THE GATE. RUN

(-23) LUFTHANSA DLH468 LANDED RUNWAY 28L AT PDX, BLEW A LEFT MAIN TIRE ON LANDING. AIRCRAFT TAXIED TO THE GATE. RUNWAY CLOSED FOR 30 MINUTES. DAMAGE REPORTED TO LEFT WING FLAP TRAILING EDGE. NO INJURIES.",AIRBUS,A340311,,"OPDEF, Other Than Pi;3244",,-2.7787583217216305,-16.666666666666675,4.781560236457993,8.432147562582326,mild_decline,strong_decline,mild_growth,strong_growth,ASIAS
20030617011859I,2.0,,VMC,Daylight,UNK,PIC,Unknown,2003,6,"(-23) SKYWEST FLIGHT 6979, RETURNED TO SLC AFTER AIRCRAFT STRUCK A BIRD AND CRACKED THE RIGHT SIDE WINDOW. THE AIRC

(-23) SKYWEST FLIGHT 6979, RETURNED TO SLC AFTER AIRCRAFT STRUCK A BIRD AND CRACKED THE RIGHT SIDE WINDOW. THE AIRCRAFT LANDED WITHOUT INCIDENT. NO INJURIES TO THE CREW. THE RIGHT SIDE WINDOW AND WINDSHIELD WERE REPLACED BY MAINTENANCE. THE RIGHT WINDSHIELD WAS NOT DAMAGED BUT WAS REPLACED FOR PRECAUTIONARY REASONS ONLY. THE AIRCRAFT WAS RETURNED TO SERVICE.",CNDAIR,CL6002B19,,"Miscellaneous, Other;Struck Birds In Flig",,-3.1216244569989837,-22.44897959183674,4.781560236457993,9.816971713810307,mild_decline,strong_decline,mild_growth,strong_growth,ASIAS
20030603009439I,2.0,,Unknown,Daylight,UNK,PIC,Unknown,2003,6,"(-23) ""LAV-SMOKE"" INDICATION ON EICAS WHILE TAXXING TO RUNWAY. PILOT ASKED FLIGHT ATTENDANT IF SHE COULD SMELL SMOK

(-23) ""LAV-SMOKE"" INDICATION ON EICAS WHILE TAXXING TO RUNWAY. PILOT ASKED FLIGHT ATTENDANT IF SHE COULD SMELL SMOKE IN CABIN. SHE ANSWERED YES. PILOT ASKED FLIGHT ATTENDANT TO CHECK LAV FOR SMOKE. NONE FOUND. AIRCRAFT EMERGENCY DECLARED. AIRCRAFT SHUT DOWN AND PASSENGERS DEPLANED VIA STAIRS AND BUSSED TO TERMINAL. NO EVIDENCE OF FIRE DISCOVERED, AIRCRAFT TOWED TO TERMINAL TO BE CHECKED BY MAINTENANCE. VISUAL INSPECTION REVEALED LAV FIRE EXTINGUISHER AND FUSIBLE PLUG STILL INTACT. NO DISCHARGE NOTED FROM EXTINGUISHER. OPERATIONAL CHECKED PERFORMED ON LAV SMOKE DETECTOR. OPS CHECK OK.",DORNER,DO328300,,Undetermined;Undetermined,,-3.1216244569989837,-22.44897959183674,4.781560236457993,9.816971713810307,mild_decline,strong_decline,mild_growth,strong_growth,ASIAS
20030612036819A,2.0,,VMC,Night,UNK,Other,Unknown,2003,6,"(-23) AMERICAN AIRLINES FLIGHT 2490 OPERATING FROM LAX-DFW, ENCOUNTERED SEVERE TURBULENCE WHILE DESCENT INTO DFW. T

(-23) AMERICAN AIRLINES FLIGHT 2490 OPERATING FROM LAX-DFW, ENCOUNTERED SEVERE TURBULENCE WHILE DESCENT INTO DFW. THE CAPTAIN, FIRST OFFICER AND 1 CABIN ATTENDANT WERE NOT INJURED. SKY CONDITIONS WERE VMC. THE CAPTAIN MADE AN ANNOUNCEMENT FOR THE CABIN CREW TO TAKE THEIR JUMPSEATS DUE TO EXPECTED TURBULENCE. 2 CABIN ATTENDANTS SUSTAINED SERIOUS INJURIES. ONE FRACTURED RIGHT ANKLE, THE OTHER FRACTURED TIBIA.",DOUG,DC982,,"Miscellaneous, Other;Windshear",,-3.1216244569989837,-22.44897959183674,4.781560236457993,9.816971713810307,mild_decline,strong_decline,mild_growth,strong_growth,ASIAS
20030610017939A,2.0,,VMC,Daylight,UNK,Unknown,Unknown,2003,6,"(-23) AMERICAN FLIGHT #2885, ST. LOUIS TO SANTA ANA, CALIFORNIA (SNA) DIVERTED TO DENVER. WHILE AT CRUISE ALTITUDE

(-23) AMERICAN FLIGHT #2885, ST. LOUIS TO SANTA ANA, CALIFORNIA (SNA) DIVERTED TO DENVER. WHILE AT CRUISE ALTITUDE THE CAPTAIN WAS STRUCK IN THE FOREHEAD/NOSE BY THE COCKPIT DOOR UPPER DECOMPRESSION PANEL. THE PANEL DEPLOYED INADVERTENTLY UPON CLOSING OF THE DOOR BY FLIGHT ATTENDANT, CARLOS LOPEZ. THE CAPTAIN WAS STANDING INSIDE THE COCKPIT FACING THE DOOR WHEN THE PANEL OPENED. THE FIRST OFFICER TOOK COMMAND OF THE AIRCRAFT AND LANDED SAFELY AT DENVER AT 1105 HOURS LOCAL TIME. A JUMPSEAT RIDER, JEFFREY B. ROBERSON (#56233217-AMERICAN, TYPED IN B-757) SAT IN THE FIRST OFFICER'S POSITION AND ASSISTED WITH THE RADIO COMMUNICATION. THE CAPTAIN SAT IN THE JUMPSEAT POSITION FOR THE REMAINDER OF THE FLIGHT TO DENVER.",BOEING,7572Q8,,Improper Maintenance;5210,,-3.1216244569989837,-22.44897959183674,4.781560236457993,9.816971713810307,mild_decline,strong_decline,mild_growth,strong_growth,ASIAS
20030520009259I,2.0,,Unknown,Daylight,UNK,Other,Unknown,2003,5,"(-23) CHQA FLIGHT 5896 ENROUTE TO STL HAD AN UNRULY PASSENGER WHO TRIED TO ENTER THE COCKPIT. PASSENGER WAS SUBDUED

(-23) CHQA FLIGHT 5896 ENROUTE TO STL HAD AN UNRULY PASSENGER WHO TRIED TO ENTER THE COCKPIT. PASSENGER WAS SUBDUED BY OTHER PASSENGERS AND STRAPPED INTO HIS SEAT FOR THE DURATION OF THE FLIGHT. AIRCRAFT LANDED WITHOUT INCIDENT. UNRULY PASSENGER WAS TURNED OVER TO LOCAL AUTHORITIES.",EMB,EMB135KL,,"Miscellaneous, Other;Cntl Intfr By Passen",,-2.7787583217216305,-16.666666666666675,4.781560236457993,8.432147562582326,mild_decline,strong_decline,mild_growth,strong_growth,ASIAS
20030520009399A,2.0,,Unknown,Daylight,UNK,Other,Unknown,2003,5,"(-23) AMERICAN AIRLINES FLIGHT 250, A B-757, HAD PUSHED BACK FROM GATE 9 AT JOHN WAYNE AIRPORT (KSNA) WITH TAIL SOU

(-23) AMERICAN AIRLINES FLIGHT 250, A B-757, HAD PUSHED BACK FROM GATE 9 AT JOHN WAYNE AIRPORT (KSNA) WITH TAIL SOUTH. ENGINES HAD BEEN STARTED AND GROUND HANDLING CREW HAD DISCONNECTED AND DEPARTED THE SCENE. THE AIRCRAFT WAS PREPARING TO TAXI TO THE ACTIVE RUNWAY WHEN AN ORANGE COUNTY FIRE TRUCK ROLLED ACROSS THE RAMP FROM THE VICINITY OF GATE 10 AND COLLIDED WITH THE AIRCRAFT, STRIKING IT JUST INBOARD OF THE RIGHT ENGINE. THERE WAS DAMAGE TO THE RIGHT SIDE OF THE FUSELAGE, THE RIGHT LEADING EDGE DEVICE AND SOME FOREIGN OBJECT DAMAGE TO THE RIGHT ENGINE. THE FIRE TRUCK SUSTAINED DAMAGE TO THE WINDSHEILD, REAR VIEW MIRROR, FOAM DISPENSER AND CAB FAIRING.",BOEING,757223,,"Miscellaneous, Other;Misc/Pilot Unsafe Ac",,-2.7787583217216305,-16.666666666666675,4.781560236457993,8.432147562582326,mild_decline,strong_decline,mild_growth,strong_growth,ASIAS
20030606012329A,2.0,,IMC,Daylight,UNK,Unknown,5000+,2003,6,"(-23) THE FLIGHT DEPARTED PHOENIX FOR BRADLEY CT AND ENCOUNTERED IN-FLIGHT TURBULENCE DURING THE CLIMB OUT AND AS A

(-23) THE FLIGHT DEPARTED PHOENIX FOR BRADLEY CT AND ENCOUNTERED IN-FLIGHT TURBULENCE DURING THE CLIMB OUT AND AS A RESULT A FLIGHT ATTENDANT WAS INJURED. THE IN-FLIGHT REPORT STATES THE FLIGHT ATTENDANTS WERE USING THE SERVING CART PROVIDING BEVERAGES TO THE PASSENGERS WHEN THE TURBULENCE WAS ENCOUNTERED AND FA ^PRIVACY DATA OMIT^ WAS INJURED WHEN THE CART CAME DOWN ON HER FOOT. THE RESULTING INJURY WAS SEVERAL BROKEN BONES AND REQUIRED HER TO BE TRANSPORTED TO THE HOSPITAL FOR X-RAYS AND TREATMENT.",AIRBUS,A320231,,"Miscellaneous, Other",,-3.1216244569989837,-22.44897959183674,4.781560236457993,9.816971713810307,mild_decline,strong_decline,mild_growth,strong_growth,ASIAS
20030624023549I,2.0,,Unknown,Night,UNK,Other,Unknown,2003,6,"(-23) ^PRIVACY DATA OMITTED^ WAS ON-BOARD SOUTHWEST FLIGHT 861 INBOUND TO CLEVELAND, OH, 6-24-03. HE WAS HIGHLY INT

(-23) ^PRIVACY DATA OMITTED^ WAS ON-BOARD SOUTHWEST FLIGHT 861 INBOUND TO CLEVELAND, OH, 6-24-03. HE WAS HIGHLY INTOXICATED AND COMBATIVE WITH THE CABIN CREW AND CAUSING A DISTURBANCE TO THE FLIGHT.",,,,"Miscellaneous, Other;Cntl Intfr By Passen",,-3.1216244569989837,-22.44897959183674,4.781560236457993,9.816971713810307,mild_decline,strong_decline,mild_growth,strong_growth,ASIAS
20030603012369A,2.0,,VMC,Night,UNK,Unknown,2000-5000,2003,6,"(-23) FLIGHT 045, AN AIRBUS A-319-111, REGISTRATION N910FR WAS ENROUTE DEN FROM CUN, AND ENCOUNTERED TURBULENCE WHI

(-23) FLIGHT 045, AN AIRBUS A-319-111, REGISTRATION N910FR WAS ENROUTE DEN FROM CUN, AND ENCOUNTERED TURBULENCE WHILE IN A HOLDING PATTERN OVER HUGO CO. A FLIGHT ATTENDANT WAS INJURED WHEN SHE ATTEMPTED TO ROTATE LOCKING ARMS ON GALLEY CARTS AND WAS THROWN TO THE GALLEY FLOOR, BREAKING HER ANKLE IN THREE PLACES.",AIRBUS,A319111,,"Miscellaneous, Other",,-3.1216244569989837,-22.44897959183674,4.781560236457993,9.816971713810307,mild_decline,strong_decline,mild_growth,strong_growth,ASIAS
20030722019949A,2.0,,Unknown,Daylight,UNK,Other,Unknown,2003,7,"(-23) ON JULY 22, 2003 NWA FLT 1142 WAS CLIMBING THROUGH FL290, HIT UNEXPECTED AND UNREPORTED CODE 4 CLEAR AIR TURB

(-23) ON JULY 22, 2003 NWA FLT 1142 WAS CLIMBING THROUGH FL290, HIT UNEXPECTED AND UNREPORTED CODE 4 CLEAR AIR TURBULENCE FOR APPROX. 30 SECONDS. LEAD F/A REPORTED A F/A IN REAR GALLEY HAD A HEAD INJURY AND WAS BLEEDING. A DOCTOR ON BOARD SUGGESTED A/C SHOULD LAND AS SOON AS PRACTICAL FOR MEDICAL ATTENTION. CONTACTED DISPATCH, WHO RECOMMENDED CLE AS A DIVERT FIELD. AFTER LANDING, F/A ^PRIVACY DATA O^ HAD A CUT TO THE HEAD, WAS TAKEN AWAY BY AMBULANCE, ALONG WITH F/A ^PRIVACY DATA OMI^, WITH A POSSIBLE BROKEN FINGER AND F/A ^PRIVACY DA^, WITH A SORE NECK. NO PAX. COMPLAINED OF ANY INJURY (SEATBELT SIGN WAS ON). COORDINATED WITH DISPATCH AND CREW COORD. TO REPLACE F/A'S AND CONTINUE TO BWI. F/A'S WERE TOLD DURING BRIEFING TO REMAIN SEATED AND WERE RELEASED AT APPROX. FL 190 WHEN CLEAR OF WEATHER. INJURIES OCCURRED IN AFT GALLEY WITH THE CARTS OUT.",BOEING,757251,,"Miscellaneous, Other;Other, Miscellaneous",,-2.343289641847779,-7.058823529411762,6.208497343909358,14.770487186707992,mild_decline,strong_decline,strong_growth,strong_growth,ASIAS
20030719016329I,2.0,,VMC,Unknown,UNK,Unknown,Unknown,2003,7,"(-23) 70 KNMI SOUTH OF FAI, AIRCRAFT BEGAN EXPERIENCING UNCOMMANDED RADIO TRANSMISSIONS CAUSING INTERFERENCE WITH C

(-23) 70 KNMI SOUTH OF FAI, AIRCRAFT BEGAN EXPERIENCING UNCOMMANDED RADIO TRANSMISSIONS CAUSING INTERFERENCE WITH COMMUNICATIONS BETWEEN ATC AND ALL AIRCRAFT IN THE VICINITY. ZAN REPORTED INCIDENT TO ROC 21:00 ZULU. AIRCRAFT CONTACTED APPROACH CONTROL VIA CELL PHONE AND LANDED FAI 21:08 ZULU WITHOUT FURTHER INCIDENT. ^PRIVACY DATA OMITT^",DHAV,DHC8103,,"OPDEF, Other Than Pi;2350",,-2.343289641847779,-7.058823529411762,6.208497343909358,14.770487186707992,mild_decline,strong_decline,strong_growth,strong_growth,ASIAS
20030711019509I,2.0,,Unknown,Daylight,UNK,Unknown,5000+,2003,7,"(-23) ON JULY 11, 2003 WHILE LANDING AT THE DECATUR IL, TRANS STATES AIRLINES INC. (RAIA) OPERATING AS AMERICAN CON

(-23) ON JULY 11, 2003 WHILE LANDING AT THE DECATUR IL, TRANS STATES AIRLINES INC. (RAIA) OPERATING AS AMERICAN CONNECTION, EXPERIENCED FLIGHT CONTROL PROBLEMS. DURING LANDING ROLL, THE AILERONS LOCKED TO THE RIGHT. THEY BROKE FREE DURING TAXI.",JETAIR,JETSTM4101,,"OPDEF, Other Than Pi;3130",,-2.343289641847779,-7.058823529411762,6.208497343909358,14.770487186707992,mild_decline,strong_decline,strong_growth,strong_growth,ASIAS
20030726018279I,2.0,,VMC,Daylight,UNK,Unknown,Unknown,2003,7,"(-23) AFTER DEPARTURE FROM BUTTE, MT, AIRPORT PERSONNEL REPORTED FINDING LARGE CHUNKS OF TIRE TREAD ON THE RUNWAY.

(-23) AFTER DEPARTURE FROM BUTTE, MT, AIRPORT PERSONNEL REPORTED FINDING LARGE CHUNKS OF TIRE TREAD ON THE RUNWAY. THIS WAS REPORTED TO SKY WEST DISPATCH. UPON LANDING IN SALT LAKE CITY, UT CREW FOUND TIRE TREAD SEPARATION BUT TIRE STILL INFLATED. THE INBOARD FLAP WAS DAMAGED AND REQUIRED REPAIRS. MAINTENANCE REPLACED WHEEL ASSY 5010571 AND RIGHT HAND INBOARD FLAP ASSY 601R14000-2.",CNDAIR,CL6002B19,,"OPDEF, Other Than Pi;3244",,-2.343289641847779,-7.058823529411762,6.208497343909358,14.770487186707992,mild_decline,strong_decline,strong_growth,strong_growth,ASIAS
20030715013659I,2.0,,VMC,Daylight,UNK,Unknown,Unknown,2003,7,"(-23) ON JULY 15, 2003 UNITED EXPRESS N638BR FLT 783 (A/C OPERATED BY ATLANTIC COAST AIRLINES) A CL-600 ADVISED ATC

(-23) ON JULY 15, 2003 UNITED EXPRESS N638BR FLT 783 (A/C OPERATED BY ATLANTIC COAST AIRLINES) A CL-600 ADVISED ATC OF A CARGO COMPARTMENT LOW CAUTION MESSAGE, QRH TEST SHOWED BOTTLE HAD DISCHARGED AND THE AIRCRAFT DIVERTED TO MCI. AN EMERGENCY WAS DECLARED AND THE A/C LANDED WITHOUT INCIDENT. MAINTENANCE CONCLUDED THAT THE FIRE EXT. BOTTLE HAD NOT DISCHARGED AND THAT THE BOTTLE HAD LOW PRESSURE. THE SYSTEM WAS PLACARDED PER THE OPERATORS PROCEDURES AND THE A/C WAS RETURNED TO SERVICE. ADDITIONALLY AT IAD MAINTENANCE FOUND THE RH FIRE BOTTLE BAD AND REPLACED THE BOTTLE PER THE CL-600 M/M AND THE PLACARD WAS REMOVED. INCIDENT ^PRIVACY DATA OMITTED^ IS CONSIDERED CLOSED.",CNDAIR,CL6002B19,,"OPDEF, Other Than Pi;2621",,-2.343289641847779,-7.058823529411762,6.208497343909358,14.770487186707992,mild_decline,strong_decline,strong_growth,strong_growth,ASIAS
20030811018059I,2.0,,Unknown,Daylight,UNK,Unknown,Unknown,2003,8,"(-23) AIRCRAFT RETURNED FOR LANDING DUE TO ROUGH RUNNING LEFT ENGINE. CREW DID NOT PERFORM A PRECAUTIONARY SHUTDOWN

(-23) AIRCRAFT RETURNED FOR LANDING DUE TO ROUGH RUNNING LEFT ENGINE. CREW DID NOT PERFORM A PRECAUTIONARY SHUTDOWN. ON VERY SHORT FINAL, THE CHIP DETECT LIGHT ILLUMINATED. UPON LANDING, CREW SHUT DOWN THE ENGINE, AND A/C TAXIED TO GATE WITHOUT INCIDENT. MAINTENANCE REMOVED & REPLACED ENGINE. ENGINE HAD APPROXIMATELY 600 HOURS SINCE OVERHAUL. FURTHER FOLLOW-UP SHOULD BE CONDUCTED BY CHDO. PILOTS ACTIONS OR LACK OF ACTIONS DID NOT CONTRIBUTE TO THIS INCIDENT. SUBMISSION OF THIS REPORT CLOSES THIS INCIDENT.",SAAB,SF340A,,"OPDEF, Other Than Pi;7200",,-1.7393049150253526,10.666666666666668,6.208497343909358,7.776427703523692,mild_decline,strong_growth,strong_growth,strong_growth,ASIAS
20030811020469I,2.0,,IMC,Daylight,UNK,Other,Unknown,2003,8,"(-23) ON CLIMB OUT ENCOUNTERED MODERATE TURBULENCE 3 MINOR INJURIES, NO BROKEN BONES.

(-23) ON CLIMB OUT ENCOUNTERED MODERATE TURBULENCE 3 MINOR INJURIES, NO BROKEN BONES.",BOEING,767232,,"Miscellaneous, Other;Other, Miscellaneous",,-1.7393049150253526,10.666666666666668,6.208497343909358,7.776427703523692,mild_decline,strong_growth,strong_growth,strong_growth,ASIAS
20030810020219I,2.0,,VMC,Night,UNK,Unknown,Unknown,2003,8,"(-23) DAL 44 A B-777 WAS PUSHING BACK AND AFR 388 WAS TAXIING TO THE GATE AND THE WINGTIPS HIT. THERE WERE NO INJUR

(-23) DAL 44 A B-777 WAS PUSHING BACK AND AFR 388 WAS TAXIING TO THE GATE AND THE WINGTIPS HIT. THERE WERE NO INJURIES. THE WINGTIP ON DAL 44 WAS DAMAGED.",BOEING,777232,,"Miscellaneous, Other",,-1.7393049150253526,10.666666666666668,6.208497343909358,7.776427703523692,mild_decline,strong_growth,strong_growth,strong_growth,ASIAS
20030804016499I,2.0,,VMC,Daylight,UNK,Other,Unknown,2003,8,"(-23) AIRCRAFT WAS TAXIING TO THE GATE (H-10) TO DISEMBARK PASSENGERS, AND #1 ENGINE PYLON FAIRING MADE CONTACT WIT

(-23) AIRCRAFT WAS TAXIING TO THE GATE (H-10) TO DISEMBARK PASSENGERS, AND #1 ENGINE PYLON FAIRING MADE CONTACT WITH THE BOTTOM STRUCTURE OF THE JETWAY.",BOEING,7572B7,,"Miscellaneous, Other;Other, Miscellaneous",,-1.7393049150253526,10.666666666666668,6.208497343909358,7.776427703523692,mild_decline,strong_growth,strong_growth,strong_growth,ASIAS
20030710019079I,2.0,,VMC,Daylight,UNK,Unknown,Unknown,2003,7,"(-23) WHILE IN CRUISE FLIGHT #1 ENGINE FIRE WARNING ACTIVATED. FLIGHT CREW SECURED ENGINE AND FIRE WARNING WENT OUT

(-23) WHILE IN CRUISE FLIGHT #1 ENGINE FIRE WARNING ACTIVATED. FLIGHT CREW SECURED ENGINE AND FIRE WARNING WENT OUT. CHECKLIST AND PROCEDURES WERE COMPLETED. AIRCRAFT DIVERTED TO GRR WHERE UNEVENTFUL SINGLE ENGINE LANDING WAS COMPLETED. THE 26 PASSENGERS AND CREW OF THREE OFF LOADED AT THE GATE WITHOUT INCIDENT. INSPECTION OF ENGINE BY BOTH CRASH FIRE AND MAINTENANCE FAILED TO DISCLOSE EVIDENCE OF FIRE. INCIDENT CLOSED.",EMB,EMB145ER,,"OPDEF, Other Than Pi;2612",,-2.343289641847779,-7.058823529411762,6.208497343909358,14.770487186707992,mild_decline,strong_decline,strong_growth,strong_growth,ASIAS
20030714016139I,2.0,,Unknown,Unknown,UNK,Other,Unknown,2003,7,"(-23) FLIGHT ATTENDANTS REPORTED PASSENGER ^PRIVACY DATA^ SEEMED TO BE INTOXICATED AND WAS VERBALLY ABUSIVE AFTER H

(-23) FLIGHT ATTENDANTS REPORTED PASSENGER ^PRIVACY DATA^ SEEMED TO BE INTOXICATED AND WAS VERBALLY ABUSIVE AFTER HE HAD GIVEN A 100$ BILL TO PAY FOR A BEER. THEY ALSO STATED THAT HE FOLLOWED ALL THE REQUIRED INSTRUCTIONS. HE ALSO MOVED FROM THE EMERGENCY EXIT WHEN REQUESTED. THE SPOKANE AIRPORT POLICE MET HIM AT THE GATE AND ALSO NOTED THE SMELL OF ALCOHOL AND VERIFIED THAT HE FOLLOWED INSTRUCTIONS AND HAD NOT INTERFERED WITH THE CABIN CREW. THEY ALSO CONFIRMED THAT HE HAD BEEN VERBALLY ABUSIVE TO THE CABIN CREW. NO CHARGES FILED.",,,,"Miscellaneous, Other;Other, Miscellaneous",,-2.343289641847779,-7.058823529411762,6.208497343909358,14.770487186707992,mild_decline,strong_decline,strong_growth,strong_growth,ASIAS
20030719015379I,2.0,,Unknown,Night,UNK,Other,Unknown,2003,7,"(-23) DELTA FLT 327 FROM ATLANTA TO ARUBA ON JULY 19 2003 WAS AT CRUISE 30 MINUTES OUT OF ATLANTA WHEN THE AIRCRAFT

(-23) DELTA FLT 327 FROM ATLANTA TO ARUBA ON JULY 19 2003 WAS AT CRUISE 30 MINUTES OUT OF ATLANTA WHEN THE AIRCRAFT ENCOUNTERED TURBULENCE CAUSING THE AIRCRAFT TO GO UP AND DOWN. ON THE DOWN SIDE A FLIGHT ATTENDANT HIT THE SIDE OF PASSENGER SEAT. THE AIRCRAFT WAS DIVERTED TO FT. LAUDERDALE INTERNATIONAL AIRPORT AND THE FLIGHT ATTENDANT WAS TRANSPORTED TO THE HOSPITAL (BROWARD MEDICAL CENTER) FOR TREATMENT OF HER INJURY. ON THE INTERVIEW THE FLIGHT ATTENDANT SAID THAT THREE (3) PASSENGERS WERE SHAKEN UP BUT CHOSE TO STAY ON BOARD AND CONTINUE ON TO ARUBA. THE FLIGHT ATTENDANT HAD A CONTUSION ON HER RIGHT KNEE AND POSSIBLE LIGAMENT DAMAGE. ON JULY 20, 2003 WAS BOARDED ON FLT 1186 TO ATLANTA WITH A BRACE ON HER RIGHT LEG AND ON CRUTCHES.",BOEING,757232,,"Miscellaneous, Other;Other, Miscellaneous",,-2.343289641847779,-7.058823529411762,6.208497343909358,14.770487186707992,mild_decline,strong_decline,strong_growth,strong_growth,ASIAS
20030717021539A,2.0,,VMC,Daylight,UNK,Other,Unknown,2003,7,"(-23) ON DESCENT INTO ORD, THE FLIGHT ENCOUNTERED A BRIEF PERIOD OF MODERATE TURBULENCE. A PASSENGER WHO WAS RETURN

(-23) ON DESCENT INTO ORD, THE FLIGHT ENCOUNTERED A BRIEF PERIOD OF MODERATE TURBULENCE. A PASSENGER WHO WAS RETURNING TO HER SEAT SUFFERED A BADLY BROKEN ANKLE.",BOEING,777222,,"Miscellaneous, Other;Other, Miscellaneous",,-2.343289641847779,-7.058823529411762,6.208497343909358,14.770487186707992,mild_decline,strong_decline,strong_growth,strong_growth,ASIAS
20030912024019I,2.0,,VMC,Daylight,UNK,Unknown,2000-5000,2003,9,"(-23) 10 MILES OUT FROM CMI, CREW GOT A ""HYD. LOOK DOWN"" CAPTION LIGHT WARNING INDICATION. CREW OBSERVED DECREASING

(-23) 10 MILES OUT FROM CMI, CREW GOT A ""HYD. LOOK DOWN"" CAPTION LIGHT WARNING INDICATION. CREW OBSERVED DECREASING PRESSURE AND QUANTITY. CREW DECLARED AN EMERGENCY, LOWERED GEAR AND FLAPS AND MADE AN UNEVENTFUL LANDING ON RUNWAY 14L. PASSENGERS WERE BUSSED TO TERMINAL AND AIRCRAFT WAS TOWED TO MAINTENANCE FACILITY.",JETAIR,JETSTM4101,,"OPDEF, Other Than Pi;2910",,-1.780276899876465,6.578947368421062,6.208497343909358,-12.601010101010102,mild_decline,strong_growth,strong_growth,strong_decline,ASIAS
20030819020619I,2.0,,VMC,Daylight,UNK,Unknown,Unknown,2003,8,"(-23) UNITED EXPRESS FLIGHT 5352 WHICH HAD DEPARTED DENVER, CO ENCOUTE TO DES MOINES, IA, DIVERTED INTO LINCOLN, NE

(-23) UNITED EXPRESS FLIGHT 5352 WHICH HAD DEPARTED DENVER, CO ENCOUTE TO DES MOINES, IA, DIVERTED INTO LINCOLN, NE, AFTER THE CREW RECEIVED AN EICAS MESSAGE INDICATING ZERO HYDRAULIC QUANTITY. THE AIRCRAFT LANDED WITHOUT INCIDENT. INVESTIGATION DISCLOSED THAT THE ENGINE DRIVEN PUMP PRESSURE LINE WAS LEAKING AT THE ENGINE PYLON AREA. THE LINE WAS REPLACED AS WAS THE #2 ENGINE DRIVEN PUMP (HYDRAULIC). THE NEXT MORNING THE AIRCRAFT TOOK OFF WITH COMPANY PERSONNEL ONLY. AFTER TAKEOFF THE #2 HYDRAULIC SYSTEM QUANTITY DECREASED TO ZERO AGAIN. THE AIRCRAFT RETURNED TO LINCOLN. COMPANY MAINTENANCE FOUND A NEW LEAK IN SERVICING FILL PORT LINE. COMPANY MAINTENANCE REPLACED THE #2 SYSTEM HYDRAULIC FILL LINE.",CNDAIR,CL6002B19,,"OPDEF, Other Than Pi;2910",,-1.7393049150253526,10.666666666666668,6.208497343909358,7.776427703523692,mild_decline,strong_growth,strong_growth,strong_growth,ASIAS
20030823021209A,2.0,,VMC,Daylight,UNK,Unknown,2000-5000,2003,8,"(-23) LAKESAIR 779, DENVER TO SANTA FE, DEPARTED DEN AND DOOR CAME OPEN IN FLIGHT. DECLARED EMERGENCY, RETURNED TO

(-23) LAKESAIR 779, DENVER TO SANTA FE, DEPARTED DEN AND DOOR CAME OPEN IN FLIGHT. DECLARED EMERGENCY, RETURNED TO DEN AND LANDED RY26. ARFF RESPONDED TO AIRCRAFT ON RUNWAY AND REPORTED PASSENGERS HYSTERICAL BUT NO PHYSICAL INJURIES. DAMAGE TO DOOR, STRAPS AND PROP.",BEECH,1900D,,Pilot Induced;5210,,-1.7393049150253526,10.666666666666668,6.208497343909358,7.776427703523692,mild_decline,strong_growth,strong_growth,strong_growth,ASIAS
20030826022109I,2.0,,VMC,Daylight,UNK,Unknown,Unknown,2003,8,"(-23) UNITED AIRLINES FLIGHT 1582 DEPARTED OMAHA, NE. ENROUTE TO CHICAGO IL, O'HARE AIRPORT. DURING CLIMB AT 4,000

(-23) UNITED AIRLINES FLIGHT 1582 DEPARTED OMAHA, NE. ENROUTE TO CHICAGO IL, O'HARE AIRPORT. DURING CLIMB AT 4,000 FEET THE RIGHT BLEED AIR CIRCUIT BREAKER TRIPPED OFF LINE. THE CREW RESET THE CIRCUIT BREAKER. THE RIGHT BLEED AIR CIRCUIT BREAKER TRIPPED AGAIN AT 9,000 FEET AND LEFT WING BODY OVERHEAT LIGHT CAME ON. THE CREW RETURNED TO OMAHA BECAUSE THEY WERE UNABLE TO PRESSURIZE THE AIRCRAFT. COMPANY MAINTENANCE RAN UP THE AIRCRAFT WITH THE LEFT AND RIGHT PACS AND THE APU ON. THE ENGINE BLEED AIR SYSTEM WAS SATISFACTORY. MAINTENANCE PRESSURIZED THE AIRCRAFT WITH NO FAULTS. AS A PRECAUTION MAINTENANCE REPLACED THE OVERHEAT MODULE.",BOEING,737322,,"OPDEF, Other Than Pi;3620",,-1.7393049150253526,10.666666666666668,6.208497343909358,7.776427703523692,mild_decline,strong_growth,strong_growth,strong_growth,ASIAS
20030905032629I,2.0,,Unknown,Daylight,UNK,Unknown,Unknown,2003,9,"(-23) ON 09/05/2003 AT APPROX 07:08 LOCAL TIME A DHC-8-200 AIRCRAFT, REGISTRATION NUMBER N979HA, OPERATED BY PCAA W

(-23) ON 09/05/2003 AT APPROX 07:08 LOCAL TIME A DHC-8-200 AIRCRAFT, REGISTRATION NUMBER N979HA, OPERATED BY PCAA WAS TAXIING OUT OF THE PARKING AREA AT SYR. WHILE TAXIING THE CAPTAIN STOPPED THE AIRCRAFT TO ACCOMPLISH AN AUTO FEATHER CHECK. AS HE SET THE PARKING BRAKE HE NOTICED A QUANTITY LOSS IN THE #2 HYD SYSTEM. AT THE SAME TIME THE F/A NOTIFIED THE CAPTAIN THAT FLUID WAS LEAKING FROM THE OVERHEAD (ABOVE SEAT 5D) AND BURNING A PASSENGER'S EYES (A 17 YEAR OLD FEMALE). THE CAPTAIN IMMEDIATELY SHUT DOWN ENGINES AND CALLED GROUND FOR CFR AND PARAMEDICS. THE PASSENGER'S EYES WAS FLUSHED WITH WATER AT THE AIRCRAFT THEN HER, AND HER MOTHER WERE TRANSPORTED TO A LOCAL HOSPITAL FOR TREATMENT (THE MOTHER WAS IN THE SEAT NEXT TO HER BUT WAS NOT INJURED). THE F/A LATER REPORTED A BURNING IN HER THROAT AND SHE WAS ALSO TRANSPORTED BY AMBULANCE TO THE HOSPITAL. ALL WERE TREATED AND RELEASED THE SAME DAY. PCAA MAINTENANCE DISCOVERED THE HYD LINE (P/N 82920010-307) FOR THE NOSE LANDING GEAR RUPTURED AT A BEND ABOVE SEAT 5D. MAINTENANCE CAPPED THE N/L/G DOWN AND UP HYD LINES AT THE WING ROOT AND SAFETIED THE N/L/G LOCK OUT. THE #2 SYSTEM WAS SERVICED AND LEAK CHECKED. THE AIRCRAFT WAS THEN FERRIED TO MDT FOR REPAIRS.",DHAV,DHC8102,,"OPDEF, Other Than Pi;2910",,-1.780276899876465,6.578947368421062,6.208497343909358,-12.601010101010102,mild_decline,strong_growth,strong_growth,strong_decline,ASIAS
20030909021949I,0.0,,Unknown,Night,UNK,Other,Unknown,2003,9,"(-23) ON SEPTEMBER 9, 2003 AT APPROXIMATELY 0555AM AT THE SEATTLE-TACOMA INTERNATIONAL AIRPORT (SEA), A SOUTHWEST A

(-23) ON SEPTEMBER 9, 2003 AT APPROXIMATELY 0555AM AT THE SEATTLE-TACOMA INTERNATIONAL AIRPORT (SEA), A SOUTHWEST AIRLINE BOEING 737-700, N768SW WAS BEING TOWED FROM PARKING SPOT A2 TO GATE B-4 BY TWO (2) SOUTHWEST AIRLINES RAMP SUPERVISORS WHEN THE RIGHT WING TIP OF N768SW STRUCK THE TAIL CONE OF A BOEING 737-300, N663SW THAT WAS PARKED AT GATE A1. THE TAIL CONE OF N663SW SUFFERED SUBSTANTIAL DAMAGE AND THE APU EXHUAST PIPE WAS SEPARATED FROM THE AIRCRAFT AND WAS LAYING ON THE GROUND. ONE SUPERVISOR WAS DRIVING THE TUG, THE OTHER SUPERVISOR WAS IN THE COCKPIT. THE AIRCRAFT WAS BEING TOWED WITHOUT THE BENEFIT OF WING WALKERS. SOUTHWEST AIRLINES SENT BOTH EMPLOYEES INVOLVED FOR DURING SCREENING.",BOEING,7377H4,,"Miscellaneous, Other;Inadeq Sup-Vision Tr",,-1.780276899876465,6.578947368421062,6.208497343909358,-12.601010101010102,mild_decline,strong_growth,strong_growth,strong_decline,ASIAS
20030816023859I,2.0,,Unknown,Daylight,UNK,Unknown,Unknown,2003,8,"(-23) UNITED AIRLINE FLIGHT 1444, B-737, DEPARTED O'HARE AIRPORT ENROUTE TO ROCHESTER, NEW YORK, THE PILOT ADVISED

(-23) UNITED AIRLINE FLIGHT 1444, B-737, DEPARTED O'HARE AIRPORT ENROUTE TO ROCHESTER, NEW YORK, THE PILOT ADVISED ATC THAT THE MAIN AND STANDBY TRANSPONDERS FAILED 10 MILES EAST OF O'HARE. THE AIRCRAFT EXPERIENCED MULTIPLE SYSTEM FAILURES 10 MILES WEST OF GRAND RAPIDS MI. THE PILOT DECLARED AN EMERGENCY. THE AIRCRAFT LANDED AT GRR AIRPORT, WITHOUT INCIDENT. THE AIRPLANE TAXIED TO THE GATE. EMERGENCY EQUIPMENT WERE STANDING BY AT THE RUNWAY.",BOEING,737322,,"OPDEF, Other Than Pi;3452",,-1.7393049150253526,10.666666666666668,6.208497343909358,7.776427703523692,mild_decline,strong_growth,strong_growth,strong_growth,ASIAS
20030903021189I,2.0,,VMC,Night,UNK,PIC,Unknown,2003,9,"(-23) SKYWEST FLIGHT 3890 WAS ON APPROACH TO 34L AT SLC, HIT SEVERAL SEAGULLS, AT APPROX. 2128MDT 9/23/03. MINOR DA

(-23) SKYWEST FLIGHT 3890 WAS ON APPROACH TO 34L AT SLC, HIT SEVERAL SEAGULLS, AT APPROX. 2128MDT 9/23/03. MINOR DAMAGE TO THE RIGHT WING LEADING EDGE.",CNDAIR,CL6002B19,,"Miscellaneous, Other;Struck Birds In Flig",,-1.780276899876465,6.578947368421062,6.208497343909358,-12.601010101010102,mild_decline,strong_growth,strong_growth,strong_decline,ASIAS
20030908021169I,2.0,,VMC,Night,UNK,PIC,Unknown,2003,9,"(-23) SKYWEST FLIGHT 3716 WAS ON APPROACH TO 34L AT SLC, HIT A LARGE BIRD, AT APPROX. 2032MDT 9/08/03. DAMAGE TO TH

(-23) SKYWEST FLIGHT 3716 WAS ON APPROACH TO 34L AT SLC, HIT A LARGE BIRD, AT APPROX. 2032MDT 9/08/03. DAMAGE TO THE RIGHT WING LEADING EDGE.",CNDAIR,CL6002B19,,"Miscellaneous, Other;Struck Birds In Flig",,-1.780276899876465,6.578947368421062,6.208497343909358,-12.601010101010102,mild_decline,strong_growth,strong_growth,strong_decline,ASIAS
20030920025529I,2.0,,VMC,Night,UNK,Other,Unknown,2003,9,"(-23) ON SEPTEMBER 20, 2003, AT 12:07 AM MST, WHILE TAXIING FOR TAKEOFF AT PHOENIX SKY HARBOR AIRPORT, AN AERO MEXI

(-23) ON SEPTEMBER 20, 2003, AT 12:07 AM MST, WHILE TAXIING FOR TAKEOFF AT PHOENIX SKY HARBOR AIRPORT, AN AERO MEXICO MD80-88 COLLIDED WITH A TAXIWAY/RUNWAY SWEEPER WITH THE RIGHT OUTBOARD SLAT AND WING TIP OF THE AIRCRAFT, SENDING THE SWEEPER INTO A SPIN. DAMAGE TO AIRCRAFT WAS NON-STRUCTURAL. THE DRIVER OF THE SWEEPER SUFFERED MINOR INJURIES.",DOUG,MD88,,"Miscellaneous, Other;Fail Follow Approved",,-1.780276899876465,6.578947368421062,6.208497343909358,-12.601010101010102,mild_decline,strong_growth,strong_growth,strong_decline,ASIAS
20030921031749I,2.0,,VMC,Daylight,UNK,Unknown,Unknown,2003,9,"(-23) ON 9/21/03 AT 1438 EASTERN STANDARD TIME, UNITED FLIGHT #4, A B767-222, N615UA, SERIAL #21876, ENROUTE FROM L

(-23) ON 9/21/03 AT 1438 EASTERN STANDARD TIME, UNITED FLIGHT #4, A B767-222, N615UA, SERIAL #21876, ENROUTE FROM LAX TO JFK DIVERTED TO SYR (SYRACUSE, NY) DUE TO A HIGH OIL PRESSURE INDICATION ON THE #1 ENGINE (PWJ79-A7R4). THE AIRCRAFT LANDED ON RUNWAY 10 AND TAXIED TO THE NORTH DE-ICE PAD. THE WRITE-UP STATED ""IN CRUISE THE LEFT ENGINE OIL PRESSURE WENT INTO AMBER BAND AND READ 61 (MAX 68) ON APPROACH WITH IDLE ON LEFT ENGINE IT ALSO WENT INTO AMBER. AFTER LANDING WENT BACK TO GREEN. FIRE MARSHAL SAID HE SAW FLAMES AFTER ENGINE SHUT DOWN AND THEY EXTINGUISHED IT WITH FOAM."" 95 SOULS WERE ON BOARD, 2 FLT CREW, 5-CABIN CREW AND 88 PASSENGERS WERE ON BOARD AND EVACUATED USING A SET OF AIR STAIRS WITH NO INJURIES. UNITED AIRLINES MAINTENANCE IS REPLACING THE ENGINE. THIS INCIDENT IS CONSIDERED CLOSED.",BOEING,767222,,"OPDEF, Other Than Pi;7200",,-1.780276899876465,6.578947368421062,6.208497343909358,-12.601010101010102,mild_decline,strong_growth,strong_growth,strong_decline,ASIAS
20030922023629I,2.0,,IMC,Night,UNK,Unknown,5000+,2003,9,"(-23) WEATHER WAS IMC AT TIME OF INCIDENT. AFTER LANDING THE AIRCRAFT VEERED TO THE RIGHT AND LEFT RUNNING OFF RUNW

(-23) WEATHER WAS IMC AT TIME OF INCIDENT. AFTER LANDING THE AIRCRAFT VEERED TO THE RIGHT AND LEFT RUNNING OFF RUNWAY EDGE THEN BACK ONTO LANDING SURFACE. AIRCRAFT TAXIED TO GATE UNDER OWN POWER. PASSENGERS DEPLANED VIA NORMAL JETWAY AT GATE. DAMAGE TO LANDING GEAR AND ENGINE COWLINGS, FOD TO BOTH ENGINES. NO INJURIES REPORTED.",BOEING,737524,,,,-1.780276899876465,6.578947368421062,6.208497343909358,-12.601010101010102,mild_decline,strong_growth,strong_growth,strong_decline,ASIAS
20030913021959I,2.0,,VMC,Daylight,UNK,Unknown,Unknown,2003,9,"(-23) AIR CARRIER INCIDENT, PITTSBURGH INTL. AIRPORT, PA 9/13/03 AT 1818E, TRANSWORLD EXPRESS AIRLINES FLIGHT 5283,

(-23) AIR CARRIER INCIDENT, PITTSBURGH INTL. AIRPORT, PA 9/13/03 AT 1818E, TRANSWORLD EXPRESS AIRLINES FLIGHT 5283, AN E145, ABORTED TAKEOFF ON RUNWAY 28L DUE TO A LAVATORY FIRE WARNING LIGHT INDICATION. THE ARFF RESPONDED, AND THERE WAS NO EVIDENCE OF A FIRE OBSERVED. THE RUNWAY WAS CLOSED, AND THE PASSENGERS WERE DEPLANED VIA THE STAIRS ONTO THE RUNWAY WITH NO INJURIES REPORTED. THE AIRCRAFT WAS THEN TOWED TO THE RAMP WITHOUT INCIDENT, AND THE RUNWAY WAS REOPENED AT 1848E, WITH MINOR IMPACT REPORTED TO ATC SERVICES. ON 09-15-03, IT WAS REPORTED BY ERIC REDMAN OF RAIA MAINTENANCE IN PIT, THAT APU WAS FOUND TO BE SENDING SMOKE INTO CABIN ON SHUT DOWN DUE TO BAD OIL SEAL. THE APU WAS ADDED TO THE MEL LIST AIRCRAFT WAS RETURNED TO SERVICE WITH NO FURTHER PROBLEMS. SUBMISSION OF THIS REPORT CLOSES THIS INCIDENT.",EMB,EMB145,,"OPDEF, Other Than Pi;4990",,-1.780276899876465,6.578947368421062,6.208497343909358,-12.601010101010102,mild_decline,strong_growth,strong_growth,strong_decline,ASIAS
20030917022849I,2.0,,Unknown,Daylight,UNK,Unknown,Unknown,2003,9,"(-23) REGIONAL OPERATIONS CENTER REPORTED UAL FLIGHT 449 FROM ORD TO PHX DIVERTED TO MCI DUE TO A TOTAL ELECTRICAL

(-23) REGIONAL OPERATIONS CENTER REPORTED UAL FLIGHT 449 FROM ORD TO PHX DIVERTED TO MCI DUE TO A TOTAL ELECTRICAL FAILURE, WITH EMERGENCY EQUIPMENT ON STANDBY, THE AIRCRAFT LANDED WITHOUT INCIDENT @ 2057Z. MAINTENANCE LOG BOOK ENTRY - LOSS OF #1 TRANSFER BUS IN FLIGHT. UAL MAINTENANCE DISPATCHED AND AFTER TROUBLESHOOTING REPLACED STANDBY RELAY R37 AND MODULE M562 AND SYSTEM OPERATIONAL TESTED GOOD. ^PRIVACY DATA OMITTED^",BOEING,737322,,"OPDEF, Other Than Pi;2450",,-1.780276899876465,6.578947368421062,6.208497343909358,-12.601010101010102,mild_decline,strong_growth,strong_growth,strong_decline,ASIAS
20030908021179I,2.0,,VMC,Night,UNK,PIC,Unknown,2003,9,"(-23) SKYWEST FLIGHT 3886 WAS ON APPROACH TO 34L AT SLC, HIT A LARGE BIRD, AT APPROX. 2032 MDT 9/08/03. MINOR DAMAG

(-23) SKYWEST FLIGHT 3886 WAS ON APPROACH TO 34L AT SLC, HIT A LARGE BIRD, AT APPROX. 2032 MDT 9/08/03. MINOR DAMAGE TO THE RIGHT WING INBOARD FLAP.",CNDAIR,CL6002B19,,"Miscellaneous, Other;Struck Birds In Flig",,-1.780276899876465,6.578947368421062,6.208497343909358,-12.601010101010102,mild_decline,strong_growth,strong_growth,strong_decline,ASIAS
20030912023569I,2.0,,Unknown,Unknown,UNK,Other,Unknown,2003,9,"(-23) PASSENGER ON SWA FLIGHT 2306, ^PRIVACY DATA OMITTED^ WENT TO THE REAR OF THE AIRCRAFT AND SMOKED A CIGARETTE.

(-23) PASSENGER ON SWA FLIGHT 2306, ^PRIVACY DATA OMITTED^ WENT TO THE REAR OF THE AIRCRAFT AND SMOKED A CIGARETTE. THIS OCCURRED WHILE THE AIRCRAFT WAS AT THE GATE, HAVING RETURNED TO THE GATE AFTER A PRECAUTIONARY LANDING FOLLOWING A BIRDSTRIKE ON DEPARTURE. ^PRIVACY D^ WAS ADVISED BY CREWMEMBER AS TO THE RULES OF SMOKING. HE COMPLIED, WAS REMOVED FROM THE AIRCRAFT, QUESTIONED BY AIRPORT POLICE, AND WAS ALLOWED BY AIRLINE TO REBOARD THE NEXT FLIGHT.",BOEING,737,,"Miscellaneous, Other;Unauthorized Action",,-1.780276899876465,6.578947368421062,6.208497343909358,-12.601010101010102,mild_decline,strong_growth,strong_growth,strong_decline,ASIAS
20030901022069I,2.0,,Unknown,Daylight,UNK,Unknown,Unknown,2003,9,"(-23) ON SEPTEMBER 1, 2003, THIS OFFICE RECEIVED NOTIFICATION FROM SOUTHERN REGION OPERATIONS CENTER CONCERNING AME

(-23) ON SEPTEMBER 1, 2003, THIS OFFICE RECEIVED NOTIFICATION FROM SOUTHERN REGION OPERATIONS CENTER CONCERNING AMERICAN EAGLE FLT. 5408 (438AT) AN ATR-72. WHILE PARKED AT THE GATE THE PILOT REPORTED SMOKE IN THE COCKPIT. ALL 40 PASSENGERS WERE DEPLANED NORMALLY. INCIDENT WAS REPORTED BY MANSOUR FROM ASO-6 AT 1822 (LCL). INCIDENT OCCURRED AT 2129Z. MAINTENANCE PERFORMED TROUBLESHOOTING AND RERACKED NO. 2 GCU. OPERATIONAL AS PER JIC 24-32-81 AND JIC 24-22-84. FOUND SYSTEM WORKING PROPERLY AND NO SMOKE NOTICED ON COCKPIT OR CABIN. NO FURTHER ACTION REQUIRED. AIRCRAFT RELEASED FOR REVENUE FLIGHT.",AEROSP,ATR72212,,"OPDEF, Other Than Pi;2424",,-1.780276899876465,6.578947368421062,6.208497343909358,-12.601010101010102,mild_decline,strong_growth,strong_growth,strong_decline,ASIAS
20030827032859I,2.0,,VMC,Daylight,UNK,Unknown,Unknown,2003,8,"(-23) ON 08/27/2003 AT APPROXIMATELY 1435 EDT, NWAA FLIGHT 427, BOEING 757-200, N541US, REPORTED A FAILURE OF THE L

(-23) ON 08/27/2003 AT APPROXIMATELY 1435 EDT, NWAA FLIGHT 427, BOEING 757-200, N541US, REPORTED A FAILURE OF THE LEFT HYDRAULIC SYSTEM. AN EMERGENCY WAS DECLARED. THE AIRCRAFT LANDED WITHOUT FURTHER INCIDENT. MAINTENANCE PERSONNEL INSPECTED THE AIRCRAFT AND FOUND A FAILED O-RING IN THE LEFT HYDRAULIC SYSTEM (RED SYSTEM) DEPRESSURIZATION VALVE TO BE THE CAUSE. THE O-RING WAS REPLACED ALONG WITH OTHER COMPONENTS WHICH WERE DAMAGED DUE TO THE LOSS OF HYDRAULIC FLUID, I.E. PUMPS, FILTERS, AND THE AIRCRAFT WAS RETURNED TO SERVICE.",BOEING,757251,,"OPDEF, Other Than Pi;2910",,-1.7393049150253526,10.666666666666668,6.208497343909358,7.776427703523692,mild_decline,strong_growth,strong_growth,strong_growth,ASIAS
20030819022869I,2.0,,VMC,Daylight,UNK,PIC,Unknown,2003,8,"(-23) MIDWEST EXPRESS FLIGHT 2274 BEING OPERATED FROM OMAHA, NE, TO MILWAUKEE, WI, BY SKYWAY AIRLINES INC., SUFFERE

(-23) MIDWEST EXPRESS FLIGHT 2274 BEING OPERATED FROM OMAHA, NE, TO MILWAUKEE, WI, BY SKYWAY AIRLINES INC., SUFFERED A BIRD STRIKE TO THE LEFT ENGINE AT ROTATION FOR TAKEOFF. THE ENGINE INSTRUMENTS SHOWED A POWER SURGE BUT THE ENGINE DID NOT SHUT DOWN. THE AIRCRAFT RETURNED AND LANDED WITHOUT INCIDENT. COMPANY MECHANICS REPLACED TWO C1 FAN BLADES.",DORNER,DO328300,,"Miscellaneous, Other;Struck Birds In Flig",,-1.7393049150253526,10.666666666666668,6.208497343909358,7.776427703523692,mild_decline,strong_growth,strong_growth,strong_growth,ASIAS
20030829029559I,2.0,,Unknown,Unknown,UNK,Other,Unknown,2003,8,"(-23) ^PRIVACY DATA OMITTED^ WAS CONSUMING HIS OWN LITER OF ALCOHOL ABOARD NORTHWEST FLIGHT 1820. ^PRIVACY DATA^ WA

(-23) ^PRIVACY DATA OMITTED^ WAS CONSUMING HIS OWN LITER OF ALCOHOL ABOARD NORTHWEST FLIGHT 1820. ^PRIVACY DATA^ WAS TRAVELING WITH A GROUP OF PASSENGERS THAT WERE IN CLEVELAND FOR A SOCCER TOURNAMENT. ^PRIVACY DATA^ BECAME DISRUPTIVE AND CONFRONTATIONAL WITH THE CABIN CREW AS A RESULT OF THEIR DRINKING. THE CREWMEMBERS CONFRONTED THE GROUP AND CONFISCATED THE ALCOHOL FROM THEM, IT WAS ""SLIVOVEC"" A PLUM BRANDY. A FLIGHT CREW MEMBER ASKED ^PRIVACY DATA^ IF HE INDEED BROUGHT THE ALCOHOL ONTO THE AIRCRAFT AND HE WAS QUOTED AS SAYING ""YES"" HE DID.",,,,"Miscellaneous, Other;Unauthorized Action",,-1.7393049150253526,10.666666666666668,6.208497343909358,7.776427703523692,mild_decline,strong_growth,strong_growth,strong_growth,ASIAS
20030824024819I,2.0,,Unknown,Daylight,UNK,Unknown,2000-5000,2003,8,"(-23) AIRCRAFT LANDED WITH HOT BRAKES AND BLEW TIRES ON THE MAIN GEAR. ATC OBSERVED MOMENTARY FIRE IN GEAR WELL. AI

(-23) AIRCRAFT LANDED WITH HOT BRAKES AND BLEW TIRES ON THE MAIN GEAR. ATC OBSERVED MOMENTARY FIRE IN GEAR WELL. AIRCRAFT STOPPED ON RWY 9R. 66 PAX AND 4 CREW EVACUATED THE AIRCRAFT VIA DOOR. NO INJURIES REPORTED.",AEROSP,ATR72212,,"OPDEF, Other Than Pi;3241",,-1.7393049150253526,10.666666666666668,6.208497343909358,7.776427703523692,mild_decline,strong_growth,strong_growth,strong_growth,ASIAS
20030813024509I,2.0,,Unknown,Daylight,UNK,Unknown,5000+,2003,8,"(-23) AT CRUISE ALTITUDE THE AUTOPILOT TRIPPED OFF, THE AIR DRIVEN GENERATOR DEPLOYED, AND THE EFIS SCREENS WENT BL

(-23) AT CRUISE ALTITUDE THE AUTOPILOT TRIPPED OFF, THE AIR DRIVEN GENERATOR DEPLOYED, AND THE EFIS SCREENS WENT BLANK FOR A MOMENT, AFTER THE EFIS RECOVERED THE EICAS SCREEN DISPLAYED A MESSAGE THAT THE NUMBER ONE GENERATOR WAS OFF-LINE AND THE BUS HAD AUTOTRANSFERRED, ALONG WITH RELATED MESSAGES. AFTER THIS SMOKE WAS OBSERVED IN THE FLIGHT DECK IN FRONT OF THE CAPTAIN. BOTH PILOTS DONNED O-2 MASKS AND ACCOMPLISHED THE QRH CHECKLIST. AN EMERGENCY WAS DECLARED AND THE FLIGHT DIVERTED TO RALEIGH-DURHAM AIRPORT, THE SMOKE DISSIPATED, THE PILOTS ACCOMPLISHED THE QRH FOR ELECTRICAL PROBLEMS DURING DESCENT AND THE AIRPLANE LANDED WITHOUT INCIDENT.",CNDAIR,CL6002B19,,"OPDEF, Other Than Pi;2450",,-1.7393049150253526,10.666666666666668,6.208497343909358,7.776427703523692,mild_decline,strong_growth,strong_growth,strong_growth,ASIAS
20030811029549I,2.0,,Unknown,Daylight,UNK,Other,Unknown,2003,8,"(-23) PASSENGER ^PRIVACY DATA ^ REFUSED TO STAY IN HER SEAT UPON LANDING IN CLEVELAND. SHE WOULD NOT TAKE ANY DIREC

(-23) PASSENGER ^PRIVACY DATA ^ REFUSED TO STAY IN HER SEAT UPON LANDING IN CLEVELAND. SHE WOULD NOT TAKE ANY DIRECTION FROM THE FLIGHT CREW AT ALL. AFTER LANDING, SHE PROCEEDED TO THE AFT LAV AND UPON REACHING THE LAV DECIDED TO BEAT THE DOOR UNTIL IT CAME OFF ITS BACK. ^PRIVACY DAT^ WOULD NOT LISTEN TO ANY COMMANDS FROM FLIGHT ATTENDANT ^PRIVACY ^ SHE REFUSED TO RETURN TO HER SEAT, WAS YELLING, SCREAMING AND TOTALLY IRRATIONAL. ^PRIVACY DAT^ THEN DECIDED TO SIT ON THE FLOOR INSTEAD OF A SEAT. ONCE AT THE GATE THE POLICE ESCORTED HER TO THE OFFICE AND TOOK HER INFORMATION.",,,,"Miscellaneous, Other;Cntl Intfr By Passen",,-1.7393049150253526,10.666666666666668,6.208497343909358,7.776427703523692,mild_decline,strong_growth,strong_growth,strong_growth,ASIAS
20031113028619A,2.0,,VMC,Night,UNK,PIC,Unknown,2003,11,"(-23) THE AIRCRAFT WAS INBOUND TO MSP AT AN ALTITUDE OF 4000 FEET AND 245 KNOTS WHEN IT STRUCK A FLOCK OF GEESE. TH

(-23) THE AIRCRAFT WAS INBOUND TO MSP AT AN ALTITUDE OF 4000 FEET AND 245 KNOTS WHEN IT STRUCK A FLOCK OF GEESE. THE AIRCRAFT CONTINUED TO MSP AND LANDED WITHOUT INCIDENT.",SAAB,340B,,"Miscellaneous, Other;Struck Animal",,-0.913569842633255,2.4096385542168752,-1.4252086583404378,-9.996242014280355,stable,mild_growth,mild_decline,strong_decline,ASIAS
20031115031639I,2.0,,Unknown,Night,UNK,PIC,Unknown,2003,11,"(-23) ON NOVEMBER 15, 2003, AALA FLIGHT 1328 AT 3,000 FEET OVER KTEB AND ON APPROACH TO KEWR RUNWAY 22R, THE AIRCRA

(-23) ON NOVEMBER 15, 2003, AALA FLIGHT 1328 AT 3,000 FEET OVER KTEB AND ON APPROACH TO KEWR RUNWAY 22R, THE AIRCRAFT ENCOUNTERED LARGE BIRDS IN ITS FLIGHT PATH AND CONTACT WAS MADE WITH THE EXTERIOR OF THE AIRCRAFT. PIC SUBSEQUENTLY REGAINED CONTROL AND LANDED THE AIRCRAFT WITHOUT INCIDENT AT KEWR AT 0018 LOCAL TIME. DAMAGE ASSESSMENT WERE AS FOLLOWS: RADOME, RADOME/NOSE WHEEL WELL BULKHEAD, LEFT UPPER FUSELAGE SKIN JUST AFT OF RADOME, NUMBER ONE LEADING EDGE SLAT (2ND SLAT FROM LEFT INBOARD SLAT), LEFT WING LEADING EDGE ROOT FIBERGLASS FAIRING, F/O COCKPIT SLIDING WINDOW, NO. 1 ENGINE NOSE COWL, AND EVIDENCE OF BIRD INGESTION IN BOTH ENGINES. NO STRUCTURAL DAMAGE WAS OBSERVED TO HAVE BEEN SUSTAINED ON THE PRESSURE VESSEL OF THE AIRCRAFT. DAMAGES INCURRED ARE REPAIRABLE. BOTH ENGINES WERE BORESCOPED FOR CONDITION AND DETERMINED TO BE SERVICEABLE BY THE CARRIER. THIS INVESTIGATION IS CLOSED.",DOUG,DC982,,"Miscellaneous, Other;Struck Animal",,-0.913569842633255,2.4096385542168752,-1.4252086583404378,-9.996242014280355,stable,mild_growth,mild_decline,strong_decline,ASIAS
20031028034619I,2.0,,Unknown,Daylight,UNK,Other,Unknown,2003,10,"(-23) F/A REPORTED THAT PAX GAVE HER A $100.00 BILL FOR A COCKTAIL. F/A MISTAKENLY RETURNED WITH CHANGE FOR A $100.

(-23) F/A REPORTED THAT PAX GAVE HER A $100.00 BILL FOR A COCKTAIL. F/A MISTAKENLY RETURNED WITH CHANGE FOR A $100.00 BILL. F/A INFORMED PAX THAT SHE WOULD RETURN WITH PROPER CHANGE. PAX FOLLOWED F/A INTO GALLEY VERBALLY ABUSING F/A WHILE THROWING TRASH AT F/A. F/A REQUEST THAT PAX RETURN TO SEAT. PAX REFUSED. PAX LATER RETURNED TO SEAT. PROPER CHANGE RETURNED TO PAX BY A DIFFERENT F/A. ASSAULTED F/A INFORMED CAPT AND REQUESTED THAT AUTHORITIES MEET A/C. CAPT FORWARDED REQUEST. BROWARD COUNTY SHERIFFS OFFICE MET A/C HANDCUFFED SUSPECT. TSA COMPLETED REPORT AND RELEASED INDIVIDUAL. COMPLETED REPORT FORWARDED TO FAA FOR DISPOSITION.",,,,"Miscellaneous, Other;Cntl Intfr By Passen",,-0.9541126493530894,3.797468354430378,-1.4252086583404378,-10.980247822353084,stable,mild_growth,mild_decline,strong_decline,ASIAS
20031002027709I,2.0,,Unknown,Night,UNK,PIC,Unknown,2003,10,"(-23) HORIZON AIR, FLIGHT 2340 ON OCTOBER 2, 2003 AT 2338 MDT FROM MSO TO FCA, HIT AN UNKNOWN NUMBER OF DUCKS, AT 7

(-23) HORIZON AIR, FLIGHT 2340 ON OCTOBER 2, 2003 AT 2338 MDT FROM MSO TO FCA, HIT AN UNKNOWN NUMBER OF DUCKS, AT 7800' MSL APPROXIMATELY 20 NM SSE OF FCA. THE FLIGHT CREW FELT AN IMPACT, AND NOTICED THAT THE #1 ENGINE PROPELLER SPINNER WAS MISSING. THE AIRCRAFT LANDED AT FCA WITHOUT INCIDENT. POSTFLIGHT INSPECTIONN FOUND SOME PROPELLER DAMAGE TO LEADING EDGE OF PROPELLER. ON OCTOBER 3, 2003, HORIZON AIR MAINTENANCE PERSONNEL FROM PDX CAME AND REPLACED THE DAMAGED PROPELLER AND IN ADDITION BORE-SCOPED THE #1 ENGINE AND FOUND NO EVIDENCE OF FOD. AIRCRAFT WAS FERRIED BACK TO PDX ON 10/04/03. THIS INCIDENT IS CONSIDERED CLOSED.",BOMBDR,DHC8401,,"Miscellaneous, Other;Struck Birds In Flig",,-0.9541126493530894,3.797468354430378,-1.4252086583404378,-10.980247822353084,stable,mild_growth,mild_decline,strong_decline,ASIAS
20030930024239I,2.0,,Unknown,Daylight,UNK,Other,Unknown,2003,9,"(-23) ON FLIGHT #6719, FROM SAN FRANCISCO TO BOISE, THE FLIGHT ATTENDANT BECAME ILL AND WAS UNABLE TO PERFORM HER D

(-23) ON FLIGHT #6719, FROM SAN FRANCISCO TO BOISE, THE FLIGHT ATTENDANT BECAME ILL AND WAS UNABLE TO PERFORM HER DUTIES DURING THE FLIGHT.",CNDAIR,CL6002B19,,"Miscellaneous, Other;Other, Miscellaneous",,-1.780276899876465,6.578947368421062,6.208497343909358,-12.601010101010102,mild_decline,strong_growth,strong_growth,strong_decline,ASIAS
20030929025559I,2.0,,IMC,Unknown,UNK,Unknown,Unknown,2003,9,"(-23) ^PRIVACY DAT^ WHEN DEPARTING FROM BARROW ON TAKEOFF AND ON CLIMB OUT FROM BARROW #1 ENGINE OIL BY PASS LITE I

(-23) ^PRIVACY DAT^ WHEN DEPARTING FROM BARROW ON TAKEOFF AND ON CLIMB OUT FROM BARROW #1 ENGINE OIL BY PASS LITE ILLUMINATED. WHEN POWER WAS BROUGHT TO IDLE, LITE REMAINED ILLUMINATED. ENGINE WAS SHUT DOWN PER CHECK LIST. ALL OTHER ENGINE PARAMETERS INDICATED NORMALLY. NUMBER 1 ENGINE OIL PRESSURE RANGED FROM 14-25 PSI WHEN SHUT DOWN THROUGH THE REMAINDER OF THE FLIGHT. FLIGHT TIME WAS 47 MINUTES TO SHUT DOWN. NOTE: BLOCK 32 THIS IS STILL UNDER INVESTIGATION UNTIL THE TEAR DOWN REPORT IS SUBMITTED TO DETERMINE WHAT WAS THE CAUSE OF THE METAL IN THE OIL BYPASS FILTER. THIS FORM WILL BE AMENDED AND WILL CONTAIN THE PTRS NUMBER.",BOEING,737210C,,"OPDEF, Other Than Pi;7200",,-1.780276899876465,6.578947368421062,6.208497343909358,-12.601010101010102,mild_decline,strong_growth,strong_growth,strong_decline,ASIAS
20031006029999I,2.0,,VMC,Daylight,UNK,Unknown,Unknown,2003,10,"(-23) SPIRIT FLIGHT 1605, DTW TO RSW, DEPARTED AT 1231Z. DURING CLIMBOUT AT 10,000 FT., THE OIL STRAINER LIGHT ILLU

(-23) SPIRIT FLIGHT 1605, DTW TO RSW, DEPARTED AT 1231Z. DURING CLIMBOUT AT 10,000 FT., THE OIL STRAINER LIGHT ILLUMINATED ON THE RIGHT ENGINE. AFTER A FEW SECONDS, THE RIGHT ENGINE SHUDDERED AND VIBRATED SEVERELY, WITH EGT EXCEEDING 700 DEGREES. AS THE ENGINE WAS SHUTDOWN BY THE PILOT, THE OIL QUANTITY DROPPED TO ZERO. THE AIRCRAFT RETURNED TO DTW AND MADE AN UNEVENTFUL LANDING. THE AIRPORT'S EMERGENCY EQUIPMENT WAS STANDING BY. AN OVERWEIGHT LANDING WAS MADE AT 138,000 LBS. INVESTIGATION AFTER LANDING REVEALED THE RIGHT ENGINE HAD SUFFERED AN UNCONTAINED FAILURE, WITH ENGINE PIECES EXITING THE POWERPLANT CASE AT THE FORWARD END OF THE TURBINE. NO ENGINE PIECES EXITED THE COWLING OR PENETRATED THE FUSELAGE. THE ENGINE WILL BE SENT TO A SHOP FOR TEARDOWN AND FAILURE CAUSE INVESTIGATION.",DOUG,DC981,,"OPDEF, Other Than Pi;7250",,-0.9541126493530894,3.797468354430378,-1.4252086583404378,-10.980247822353084,stable,mild_growth,mild_decline,strong_decline,ASIAS
20031010032199I,2.0,,IMC,Unknown,UNK,Unknown,Unknown,2003,10,"(-23) DURING CRUISE FLIGHT @ 5000 FT. THE #2 ENGINE STARTED TO VIBRATE AND OIL PRESSURE DROPPED TO 40 PSI. #2 ENGIN

(-23) DURING CRUISE FLIGHT @ 5000 FT. THE #2 ENGINE STARTED TO VIBRATE AND OIL PRESSURE DROPPED TO 40 PSI. #2 ENGINE WAS SHUT DOWN, EMERGENCY DECLARED, AIRCRAFT LANDED WITHOUT FURTHER INCIDENT @ MDT.",DHAV,DHC8102,,"OPDEF, Other Than Pi;7532",,-0.9541126493530894,3.797468354430378,-1.4252086583404378,-10.980247822353084,stable,mild_growth,mild_decline,strong_decline,ASIAS
20031015030089I,2.0,,Unknown,Dusk,UNK,Unknown,Unknown,2003,10,"(-23) ASTRAL AVIATION D/B/A MIDWEST EXPRESS, FLIGHT 1164, BE-1900-D, UPON LANDING THE PILOT EXPERIENCED RIGHT MAIN

(-23) ASTRAL AVIATION D/B/A MIDWEST EXPRESS, FLIGHT 1164, BE-1900-D, UPON LANDING THE PILOT EXPERIENCED RIGHT MAIN GEAR PROBLEM. THE RIGHT GEAR PIVOTED SIDE WAYS 90 DEGREES AND AIRCRAFT SKIDDED AND THEN CAME TO A STOP. THE AIRCRAFT WAS INSPECTED AND THERE WAS NO EVIDENCE OF DAMAGE. AIRPORT EMPLOYEE FOUND BOLT AND BUSHING FROM GEAR TORQUE LINK ON THE RUNWAY. THERE WAS NO INJURIES. PASSENGERS WERE PICKED UP BY A VAN AND TRANSPORTED TO THE TERMINAL.",BEECH,1900D,,"OPDEF, Other Than Pi;3213",,-0.9541126493530894,3.797468354430378,-1.4252086583404378,-10.980247822353084,stable,mild_growth,mild_decline,strong_decline,ASIAS
20031105029649I,2.0,,VMC,Daylight,UNK,PIC,Unknown,2003,11,"(-23) THE AIRCRAFT WAS APPROXIMATELY 10 MILES WEST OF BROOKINGS, SD DESCENDING TO BKX. THE AIRCRAFT HIT MULTIPLE LA

(-23) THE AIRCRAFT WAS APPROXIMATELY 10 MILES WEST OF BROOKINGS, SD DESCENDING TO BKX. THE AIRCRAFT HIT MULTIPLE LARGE BIRDS. THERE WAS DAMAGE TO THE RADOME, RIGHT WING OUTBOARD LEADING EDGE AND LEFT WING INBOARD LEADING EDGE. UPON LANDING THE CREW NOTICED A SMALL FUEL LEAK. THE TANK WAS DE-FUELED. NO INJURIES. NO EMERGENCY EVACUATION WAS NECESSARY.",BEECH,1900D,,"Miscellaneous, Other;Struck Birds In Flig",,-0.913569842633255,2.4096385542168752,-1.4252086583404378,-9.996242014280355,stable,mild_growth,mild_decline,strong_decline,ASIAS
20031028027019I,2.0,,VMC,Daylight,UNK,Unknown,Unknown,2003,10,"(-23) AT 0948E, TRANSWORLD EXPRESS AIRLINES FLIGHT 5304, AN E145, RETURNED AND LANDED ON RUNWAY 10L AFTER REPORTING

(-23) AT 0948E, TRANSWORLD EXPRESS AIRLINES FLIGHT 5304, AN E145, RETURNED AND LANDED ON RUNWAY 10L AFTER REPORTING A FUEL PROBLEM. THE ARFF RESPONDED AND THE AIRCRAFT TAXIED TO THE RAMP WITHOUT INCIDENT. FURTHER INVESTIGATION REVEALED THAT THE RIGHT FUEL INDICATOR HAD FAILED, THIS ITEM WAS REMOVED AND REPLACED, AIRCRAFT WAS RETURNED TO SERVICE WITHOUT FURTHER PROBLEMS. THIS AS PER ERIC REDMAN PIT STATION MAINTENANCE. SUBMISSION OF THIS REPORT CLOSES THIS INCIDENT.",EMB,EMB145,,"OPDEF, Other Than Pi;2841",,-0.9541126493530894,3.797468354430378,-1.4252086583404378,-10.980247822353084,stable,mild_growth,mild_decline,strong_decline,ASIAS
20031028028119I,2.0,,Unknown,Night,UNK,Unknown,Unknown,2003,10,"(-23) CONTINENTAL AIRLINES FLT. 112, B-737, DEPARTED HOUSTON ON 10/28 WITH POSSIBLE TIRE DEBRI LEFT ON RUNWAY. UPON

(-23) CONTINENTAL AIRLINES FLT. 112, B-737, DEPARTED HOUSTON ON 10/28 WITH POSSIBLE TIRE DEBRI LEFT ON RUNWAY. UPON LANDING AT SEA/TAC THE AIRCRAFT HAD LEFT INBD TIRE CAP MISSING. FURTHER INVESTIGATING REVEALED THAT THERE WAS DAMAGE TO THE LEFT T/E FLAP. MECHANICS FROM HOUSTON CHANGED THE FLAP, AIRCRAFT RETURNED TO SERVICE.",BOEING,737824,,"OPDEF, Other Than Pi;3244",,-0.9541126493530894,3.797468354430378,-1.4252086583404378,-10.980247822353084,stable,mild_growth,mild_decline,strong_decline,ASIAS
20031015035659I,2.0,,Unknown,Daylight,UNK,Other,Unknown,2003,10,"(-23) PAX EXPIRED IN-FLIGHT AT APPROX. 0800 UTC WHILE AIRCRAFT ENROUTE FROM EHAM TO KEWR.

(-23) PAX EXPIRED IN-FLIGHT AT APPROX. 0800 UTC WHILE AIRCRAFT ENROUTE FROM EHAM TO KEWR.",,,,"Miscellaneous, Other;Other, Miscellaneous",,-0.9541126493530894,3.797468354430378,-1.4252086583404378,-10.980247822353084,stable,mild_growth,mild_decline,strong_decline,ASIAS
20031006032189I,2.0,,Unknown,Daylight,UNK,Unknown,Unknown,2003,10,"(-23) ON OCTOBER 6, 2003 AT 10:21 EST A DHC-8-102 OPERATED BY ALLEGHENY AIRLINES INC, (PCAA), HAD AN ""ENGINE FIRE I

(-23) ON OCTOBER 6, 2003 AT 10:21 EST A DHC-8-102 OPERATED BY ALLEGHENY AIRLINES INC, (PCAA), HAD AN ""ENGINE FIRE INDICATION ON #1 ENGINE DURING TAXI IN. DISCHARGED FORWARD FIRE EXTINGUISHER."" THE CREW THEN TAXIED TO PARKING AND THE PASSENGERS WERE DEPLANED NORMALLY. THE INVESTIGATION REVEALED THAT THE #1 ENGINE WAS CHANGED BY PCAA'S MAINTENANCE IN MIDDLETOWN PA ON 10/04/2003. PCAA MAINTENANCE WAS DISPATCHED FROM MIDDLETOWN TO ROC AND ""INSPECTED ENGINE AREA, FOUND DRAIN LINES BURNT AND JET PIPE SLIDE BACK"". MAINTENANCE ALSO ""REPLACED DRAIN LINES & REINSTALLED JET PIPE I/A/W JOB CARD 0087810312. R&R FWD FIRE BOTTLE I/A/W MM 26-20. CHECKED FIRE DETECTION SYSTEM OPS CK GOOD. RAN A/C OPS AND LEAK OK"". THE AIRCRAFT WAS THEN FERRIED TO MIDDLETOWN FOR FURTHER INSPECTIONS AND TO INSTALL THE FORWARD FIRE EXTINGUISHER SQUIB. PCAA CMO IS CONTINUING THE INVESTIGATION INTO THE ENGINE CHANGE.",DHAV,DHC8102,,Improper Maintenance;7810,,-0.9541126493530894,3.797468354430378,-1.4252086583404378,-10.980247822353084,stable,mild_growth,mild_decline,strong_decline,ASIAS
20030930022889I,0.0,,Unknown,Daylight,UNK,Unknown,Unknown,2003,9,"(-23) ""INDUSTRIAL INCIDENT-NO INTENT TO FLY"". DURING A STORM, A STRONG GUST OF WING BLEW A MAINTENANCE STAND INTO T

(-23) ""INDUSTRIAL INCIDENT-NO INTENT TO FLY"". DURING A STORM, A STRONG GUST OF WING BLEW A MAINTENANCE STAND INTO THE WING OF A PARKED B-747. THERE WAS NO INTENT TO FLY THE AIRCRAFT. THE AIRCRAFT WAS PARKED AND WAS NOT SCHEDULED TO FLY UNTIL OCTOBER 1, 2003.",BOEING,74746NF,,"Miscellaneous, Other",,-1.780276899876465,6.578947368421062,6.208497343909358,-12.601010101010102,mild_decline,strong_growth,strong_growth,strong_decline,ASIAS
20031010029569I,2.0,,Unknown,Unknown,UNK,Other,Unknown,2003,10,"(-23) POLICE REPORT ALLEGES PASSENGERS KNEE WAS STRUCK BY RECLINING SEAT. PASSENGER STRUCK BACK OF SEAT ALLEGEDLY I

(-23) POLICE REPORT ALLEGES PASSENGERS KNEE WAS STRUCK BY RECLINING SEAT. PASSENGER STRUCK BACK OF SEAT ALLEGEDLY INJURING PASSENGER'S BACK. UNABLE TO CONTACT WITNESS AND SHE DOES NOT RETURN MY CALLS. CONFERRED WITH REGIONAL ATTORNEY. HE ADVISED TO CLOSE WITH NO ACTION SINCE ALLEGATION COULD NOT BE SUBSTANTIATED AND WITNESS NOT AVAILABLE.",,,,"Miscellaneous, Other;Other, Miscellaneous",,-0.9541126493530894,3.797468354430378,-1.4252086583404378,-10.980247822353084,stable,mild_growth,mild_decline,strong_decline,ASIAS
20040125005769I,2.0,,Unknown,Night,UNK,Unknown,Unknown,2004,1,"(-23) ON 01/25/2004, DURING TAKEOFF, SWIA FLIGHT #3948 (ONT/SLC) NOSE LANDING GEAR FAILED TO RETRACT. THE AIRCRAFT

(-23) ON 01/25/2004, DURING TAKEOFF, SWIA FLIGHT #3948 (ONT/SLC) NOSE LANDING GEAR FAILED TO RETRACT. THE AIRCRAFT DIVERTED TO PSP (DUE TO SWIA MX FACILITY). UPON LANDING, BOTH NLG TIRES BLEW. THE CAPTAIN WAS ABLE TO MAINTAIN CONTROL, AND STOP THE AIRCRAFT WITHOUT INJURY TO CREW/PASSENGERS, OR ANY HULL DAMAGE. SWIA PSP MAINTENANCE DISCOVERED THE NLG DRAGE BRACE DISCONNECTED (QUICK DISCONNECT PINS NOT SEATED). THE PINS WERE SEATED, AND BOTH NLG TIRES WERE REPLACED. THE AIRCRAFT, WITH PASSENGERS, DEPARTED FOR SLC.",CNDAIR,CL6002B19,,"Miscellaneous, Other;3230",,0.948767533171746,17.07317073170731,4.252667086989947,-6.739250275633957,stable,strong_growth,mild_growth,strong_decline,ASIAS
20040116002679I,2.0,,Unknown,Daylight,UNK,Other,Unknown,2004,1,"(-23) PAX INTERFERED WITH CREW DUTIES BY NOT FOLLOWING INSTRUCTIONS. PAX HAD AN UNRESTRAINED DOG ON FLIGHT AND HAD

(-23) PAX INTERFERED WITH CREW DUTIES BY NOT FOLLOWING INSTRUCTIONS. PAX HAD AN UNRESTRAINED DOG ON FLIGHT AND HAD SEAT BELT UNFASTENED WITH SEAT BELT SIGN LIGHTED. PASSENGER INJURY SUMMARY NOT KNOWN BY ASI.",,,,"Miscellaneous, Other;Cntl Intfr By Passen",,0.948767533171746,17.07317073170731,4.252667086989947,-6.739250275633957,stable,strong_growth,mild_growth,strong_decline,ASIAS
20031213033959I,2.0,,Unknown,Night,UNK,Unknown,Unknown,2003,12,"(-23) FLIGHT #6248 DEPARTED IND WITH DESTINATION TO MSN. DURING FLIGHT, THE AIRCRAFT HAD A LOSS OF CABIN PRESSURE A

(-23) FLIGHT #6248 DEPARTED IND WITH DESTINATION TO MSN. DURING FLIGHT, THE AIRCRAFT HAD A LOSS OF CABIN PRESSURE AT FL220. CABIN PRESSURE ALTITUDE WENT UP TO 16,000 FEET. THE OXYGEN MASKS WERE DEPLOYED TO THE PASSENGERS AND CREW DONNED THEIR MASKS. THE CREW DIVERTED TO INDIANAPOLIS INTERNATIONAL AIRPORT AND DECLARED AN EMERGENCY LANDING. IN ADDITION, THE CREW LOWERED THE LANDING GEAR AND NOTICED ONLY ONE GREEN LIGHT. THE CREW MANUALLY LOWERED THE REMAINING LANDING GEARS. THE AIRCRAFT LANDED AT 2154 WITHOUT INCIDENT.",DORNER,DO328300,,"OPDEF, Other Than Pi;3260",,-0.043447510996630356,9.876543209876543,-1.4252086583404378,6.94885871135511,stable,strong_growth,mild_decline,strong_growth,ASIAS
20040108000709I,2.0,,Unknown,Unknown,UNK,Other,Unknown,2004,1,"(-23) AIRCRAFT ENCOUNTERED TURBULENCE @ FL 270 ENROUTE DEN TO LAX. FLIGHT CREW HAD JUST EXTINGUISHED FASTEN SEAT BE

(-23) AIRCRAFT ENCOUNTERED TURBULENCE @ FL 270 ENROUTE DEN TO LAX. FLIGHT CREW HAD JUST EXTINGUISHED FASTEN SEAT BELT SIGN AND ""B"" FLIGHT ATTENDANT AROSE TO USE AFT LAV. TURBULENCE ENCOUNTER CAUSED HIM TO INJURE HIS LEFT ELBOW.",AIRBUS,A318111,,"Miscellaneous, Other;Other, Miscellaneous",,0.948767533171746,17.07317073170731,4.252667086989947,-6.739250275633957,stable,strong_growth,mild_growth,strong_decline,ASIAS
20040102000169I,2.0,,IMC,Daylight,UNK,Unknown,Unknown,2004,1,"(-23) FLIGHT 4632 STARTED TAXIING TO THE ACTIVE RUNWAY. THE CREW MADE A REQUEST TO RETURN TO THE RAMP. ONCE THEY HA

(-23) FLIGHT 4632 STARTED TAXIING TO THE ACTIVE RUNWAY. THE CREW MADE A REQUEST TO RETURN TO THE RAMP. ONCE THEY HAD TURNED AROUND THEY ADVISED GROUND CONTROL OF A FIRE SMOKE INDICATOR LIGHT IN THE CARGO HOLD. CRASH AND FIRE UNITS WERE NOTIFIED. EGRESSED BY DOOR AND STAIRS BY CREW AND PASSENGERS. AIRCRAFT WAS ON MAIN RAMP AWAY FROM THE TERMINAL. MAINTENANCE PERSONNEL FOUND A OVERHEATED LIGHT BALLAST IN THE LAVATORY.",SAAB,SF340A,,"OPDEF, Other Than Pi;3320",,0.948767533171746,17.07317073170731,4.252667086989947,-6.739250275633957,stable,strong_growth,mild_growth,strong_decline,ASIAS
20040109002169I,2.0,,IMC,Unknown,UNK,Unknown,Unknown,2004,1,"(-23) JETSTREAM 4101 ON SCHEDULED PAX FLIGHT WAS UNABLE TO LOWER ITS NOSEGEAR ON FINAL APPROACH TO IAD. CREW BROKE

(-23) JETSTREAM 4101 ON SCHEDULED PAX FLIGHT WAS UNABLE TO LOWER ITS NOSEGEAR ON FINAL APPROACH TO IAD. CREW BROKE OFF, DID CHECKLIST, STILL UNABLE TO GET A GREEN NOSE GEAR LIGHT, ADVISED ATC AND COMPANY. LANDED ON EXTENDED GEAR DOORS WHICH SUPPORTED NOSE AND PROPS OFF THE GROUND. AIRCRAFT SKIDDED TO A STOP ON RUNWAY 1R. MINIMAL DAMAGE. PAX EVACUATED FROM BOTH MAIN CABIN DOOR AND OVERWING EXIT. NO INJURIES. AIRCRAFT RAISED WITH AIRBAG AND GEAR EXTENDED, THEN TOWED OFF RUNWAY. RWY 1R BLOCKED FOR 1.5 HOURS.",JETAIR,JETSTM4101,,"OPDEF, Other Than Pi;3230",,0.948767533171746,17.07317073170731,4.252667086989947,-6.739250275633957,stable,strong_growth,mild_growth,strong_decline,ASIAS
20040111000219I,2.0,,VMC,Daylight,UNK,Unknown,Unknown,2004,1,"(-23) ON JAN 11, 2004 AT ABOUT 1014 MST, SKYWEST FLIGHT 6761 WAS ENROUTE FROM YWG-DEN AT CRUISE FLIGHT (FL350) ABOU

(-23) ON JAN 11, 2004 AT ABOUT 1014 MST, SKYWEST FLIGHT 6761 WAS ENROUTE FROM YWG-DEN AT CRUISE FLIGHT (FL350) ABOUT 45 MILES SOUTH OF RAPID CITY, SD WHEN THE CAPTAIN'S WINDSHIELD, CENTER LAYER SHATTERED. CREW MADE EMERGENCY DESCENT AND LANDING AT RAPID CITY (RAP). NO EMERGENCY EVACUATION WAS INITIATED. THERE WERE NO INJURIES.",CNDAIR,CL6002B19,,"OPDEF, Other Than Pi;5610",,0.948767533171746,17.07317073170731,4.252667086989947,-6.739250275633957,stable,strong_growth,mild_growth,strong_decline,ASIAS
20040105000199I,2.0,,Unknown,Daylight,UNK,Unknown,Unknown,2004,1,"(-23) SOUTHWEST AIRLINES FLIGHT 1018, A BOEING 737 ENROUTE FROM BALTIMORE, MARYLAND TO CHICAGO, ILLINOIS, EXPERIENC

(-23) SOUTHWEST AIRLINES FLIGHT 1018, A BOEING 737 ENROUTE FROM BALTIMORE, MARYLAND TO CHICAGO, ILLINOIS, EXPERIENCED FLAP PROBLEMS. THE AIRCRAFT COULD NOT MAKE THE APPROACH TO CHICAGO-MIDWAY. THE CREW REQUESTED TO BE DIVERTED TO INDIANAPOLIS. DURING ENROUTE TO INDIANAPOLIS, THE AIRCRAFT HAD A LOSS OF B HYDRAULIC SYSTEM. THE AIRCRAFT CONTACTED CHICAGO ARTCC AND DECLARED AN EMERGENCY. THE AIRCRAFT LANDED ON RUNWAY 5L AT 1714Z WITHOUT INCIDENTS. EMERGENCY EQUIPMENT WAS DISPATCHED AT THE RUNWAY. THE AIRCRAFT TAXIED TO THE GATE AND DE-BOARDED THE PASSENGERS. LOCAL MAINTENANCE WAS DISPATCHED AND DISCOVERED A LEAKING PRESSURE LINE TO THE #2 ENGINE HYDRAULIC PUMP. SOUTHWEST AIRLINES DISPATCHED MAINTENANCE FROM CHICAGO (MDW) STATION WITH PARTS. THE PRESSURE LINE AND THE #2 HYDRAULIC ENGINE DRIVEN PUMP WERE REPLACED. AIRCRAFT WAS REPAIRED AND RETURNED TO SERVICE.",BOEING,7377H4,,"OPDEF, Other Than Pi;2910",,0.948767533171746,17.07317073170731,4.252667086989947,-6.739250275633957,stable,strong_growth,mild_growth,strong_decline,ASIAS
20040107000729I,0.0,,Unknown,Daylight,UNK,Maintenance,Unknown,2004,1,"(-23) ""INDUSTRIAL INCIDENT-NO INTENT TO FLY"" C2XA MAINTENANCE EMPLOYEE WAS TAXIING AIRCRAFT FROM THE GATE FOR AN OP

(-23) ""INDUSTRIAL INCIDENT-NO INTENT TO FLY"" C2XA MAINTENANCE EMPLOYEE WAS TAXIING AIRCRAFT FROM THE GATE FOR AN OPERATION CHECK ON THE BRAKES. UPON COMPLETION OF BRAKE CHECK THE MECHANICS CONTACTED C2XA TOWER FOR A 180 DEGREE TURN BACK TO THE GATE. THE TOWER MISJUDGE THE POSITION OF THE AIRCRAFT, AND CLEARED THE AIRCRAFT FOR THIS MANEUVER. THE C2XA MAINTENANCE EMPLOYEES ALSO MISJUDGED THE RAMP AREA FOR ADEQUATE SPACE FOR THIS MANEUVER. THE AIRCRAFT DROPPED INTO A CLEARLY MARKED CONSTRUCTION HOLE IN THE RAMP. DAMAGE TO THE AIRCRAFT WAS RIGHT LOWER LANDING GEAR FAIRING CRACKED, AND MINOR SCRAPS ON THE LANDING GEAR LOWER DRAG LINK. AIRCRAFT WAS REPAIRED AND RETURNED TO SERVICE.",EMB,EMB135LR,,"Miscellaneous, Other;Selected Unsuitable",,0.948767533171746,17.07317073170731,4.252667086989947,-6.739250275633957,stable,strong_growth,mild_growth,strong_decline,ASIAS
20031227034169I,2.0,,Unknown,Daylight,UNK,Unknown,5000+,2003,12,"(-23) PIC NOTED THAT JUST BEFORE CLOSURE OF PASSENGER DOOR A WARNING MESSAGE ""SMOKE CARGO"" ILLUMINATED IN THE COCKP

(-23) PIC NOTED THAT JUST BEFORE CLOSURE OF PASSENGER DOOR A WARNING MESSAGE ""SMOKE CARGO"" ILLUMINATED IN THE COCKPIT. CREW WAITED ABOUT 15 SECONDS TOSEE IF THE SITUATION CORRECTED ITSELF. WHEN IT DID NOT, THE CREW DETERMINED TO PROCEED WITH THE IMMEDIATE ACTION ITEMS AND QRH. AFTER THE COMPLETION OF THE QRH, A RAMP AGENT ARRIVED IN THE COCKPIT SAYING THAT SOMETHING HAD SPRAYED ALL OVER HIM IN THE CARGO COMPARTMENT. THE PIC THEN ASKED THE RAMP AGENT TO BRING THE JET WAY BACK TO THE AIRPLANE. THE PIC NOTIFIED THE FLIGHT ATTENDANT OF THE SITUATION AND AFTER MAKING AN ANNOUNCEMENT TO THE PASSENGERS; THE PASSENGERS DEPARTED THE AIRCRAFT. THE CARGO WAS REMOVED FROM THE CARGO COMPARTMENT AND NO SIGN OF SMOKE OR FIRE WAS DISCOVERED.",CNDAIR,CL6002B19,,"OPDEF, Other Than Pi;2611",,-0.043447510996630356,9.876543209876543,-1.4252086583404378,6.94885871135511,stable,strong_growth,mild_decline,strong_growth,ASIAS
20031230035879I,2.0,,Unknown,Night,UNK,Other,Unknown,2003,12,"(-23) ON DECEMBER 30, 2003 AT APPROXIMATELY 2200 EST, A PASSENGER ABOARD NWA FLIGHT 1560, FROM DTW TO SYR, BEGAN A

(-23) ON DECEMBER 30, 2003 AT APPROXIMATELY 2200 EST, A PASSENGER ABOARD NWA FLIGHT 1560, FROM DTW TO SYR, BEGAN A DISTURBANCE BY RAPIDLY RINGING HIS FLIGHT ATTENDANT CALL BELL AND BY REFUSING TO STOP THE RAPID RINGING EVEN AFTER FLIGHT ATTENDANTS RESPONDED AND ASKED HIM TO CEASE. PASSENGER REPORTEDLY WAS ANGRY, IRATE AND THREATENING, AND MANY PASSENGERS WERE REPORTEDLY FRIGHTENED. THE LANDING AND SAFETY PREPARATIONS OF THE CABIN CREW WERE INTERFERED WITH BY THE INCIDENT AND BY THE ABUSIVE AND THREATENING REMARKS FROM THE SUBJECT PASSENGER. THE CAPTAIN OF FLIGHT 1560 WAS NOTIFIED BY THE LEAD F/A, DURING DESCENT INTO SYR AND RADIOED AHEAD FOR POLICE TO MEET THE AIRCRAFT UPON ARRIVAL AT THE GATE. SYRACUSE POLICE MET THE AIRCRAFT AND REMOVED SUBJECT PASSENGER. THIS INCIDENT IS CONSIDERED CLOSED.",DOUG,DC932,,"Miscellaneous, Other;Cntl Intfr By Passen",,-0.043447510996630356,9.876543209876543,-1.4252086583404378,6.94885871135511,stable,strong_growth,mild_decline,strong_growth,ASIAS
20031221035649I,2.0,,Unknown,Night,UNK,Other,Unknown,2003,12,"(-23) ON DECEMBER 21, 2003 AT APPROX. 2000 HR,^PRIVACY DA^ WAS DISORDERLY, UNRULY, AND INTERFERED WITH CREWMEMBER'S

(-23) ON DECEMBER 21, 2003 AT APPROX. 2000 HR,^PRIVACY DA^ WAS DISORDERLY, UNRULY, AND INTERFERED WITH CREWMEMBER'S DUTIES WHILE ABOARD AIR TRAN FLIGHT 465 FROM ROC TO BWI. ^PRIVACY DA^ WAS REMOVED FROM THE FLIGHT BY LOCAL SHERIFFS AND THE FLIGHT CONTINUED TO BWI WITHOUT FURTHER EVENT. THIS INCIDENT IS CONSIDERED CLOSED.",EMB,EMB145,,"Miscellaneous, Other;Cntl Intfr By Passen",,-0.043447510996630356,9.876543209876543,-1.4252086583404378,6.94885871135511,stable,strong_growth,mild_decline,strong_growth,ASIAS
20031226033919I,2.0,,Unknown,Daylight,UNK,Other,Unknown,2003,12,"(-23) ON 12/26/03 AMERICAN AIRLINES FLIGHT 1102 DECLARED AN EMERGENCY AND LANDED AT INDIANAPOLIS, INDIANA. A FLIGHT

(-23) ON 12/26/03 AMERICAN AIRLINES FLIGHT 1102 DECLARED AN EMERGENCY AND LANDED AT INDIANAPOLIS, INDIANA. A FLIGHT ATTENDANT NOTICED A SUSPICIOUS OBJECT LAYING ON THE FLOOR. AN EMERGENCY WAS DECLARED. THE AIRCRAFT WAS TAXIED TO THE RUN UP AREA WHERE STAIRS WERE BROUGHT TO THE AIRCRAFT. THE STAIRS DID NOT FIT. THE PASSENGERS DEPLANED VIA THE EMERGENCY SLIDES.",DOUG,DC982,,"Miscellaneous, Other;Other, Miscellaneous",,-0.043447510996630356,9.876543209876543,-1.4252086583404378,6.94885871135511,stable,strong_growth,mild_decline,strong_growth,ASIAS
20031209030139I,2.0,,VMC,Night,UNK,Unknown,5000+,2003,12,"(-23) DURING TAKEOFF ROLL, THE LEFT ENGINE CAUGHT FIRE. THE TAKEOFF WAS ABORTED AT 80 KTS. BOTH AIRCRAFT FIRE BOTTL

(-23) DURING TAKEOFF ROLL, THE LEFT ENGINE CAUGHT FIRE. THE TAKEOFF WAS ABORTED AT 80 KTS. BOTH AIRCRAFT FIRE BOTTLES WERE DISCHARGED. EMERGENCY EQUIPMENT ALSO RESPONDED AND APPLIED FOAM AGENT TOT THE ENGINE. EMERGENCY EVACUATION WAS NOT INITIATED, AND THE AIRCRAFT RETURNED TO THE GATE. NO INJURIES TO THE CREW OR PASSENGERS WERE REPORTED.",DOUG,MD88,,"OPDEF, Other Than Pi;7250",,-0.043447510996630356,9.876543209876543,-1.4252086583404378,6.94885871135511,stable,strong_growth,mild_decline,strong_growth,ASIAS
20031203035639I,2.0,,Unknown,Daylight,UNK,Other,Unknown,2003,12,"(-23) ON DECEMBER 3, 2003 AT APPROX 1400 HRS. ^PRIVACY DATA ^ WHILE ON BOARD CONTINENTAL EXPRESS FLIGHT 2322 FROM E

(-23) ON DECEMBER 3, 2003 AT APPROX 1400 HRS. ^PRIVACY DATA ^ WHILE ON BOARD CONTINENTAL EXPRESS FLIGHT 2322 FROM EWR TO ROC WOULD NOT SHUT OFF HIS CELL PHONE, CD PLAYER, AND PAGER WHEN INSTRUCTED TO DO SO BY THE FLIGHT ATTENDANT. ^PRIVACY DATA^ WAS ABUSIVE AND INTERFERED WITH THE FLIGHT ATTENDANT'S DUTIES. THE FLIGHT LANDED AT ROC WITHOUT FURTHER INCIDENT. THIS INCIDENT IS CONSIDERED CLOSED.",,,,"Miscellaneous, Other;Cntl Intfr By Passen",,-0.043447510996630356,9.876543209876543,-1.4252086583404378,6.94885871135511,stable,strong_growth,mild_decline,strong_growth,ASIAS
20031214034049I,2.0,,Unknown,Daylight,UNK,Unknown,Unknown,2003,12,"(-23) UAL 1521 REPORTED A MECHANICAL PROBLEM 20 MILES SOUTH WEST OF TERRE HAUTE, INDIANA. AT 2245Z, THE CREW REQUES

(-23) UAL 1521 REPORTED A MECHANICAL PROBLEM 20 MILES SOUTH WEST OF TERRE HAUTE, INDIANA. AT 2245Z, THE CREW REQUESTED AN EMERGENCY LANDING AT INDIANAPOLIS INTERNATIONAL AIRPORT. AT 2246Z, THE CREW REPORTED SMOKE IN THE CABIN. THE AIRCRAFT LANDED AT INDIANAPOLIS INTERNATIONAL AIRPORT AT 2302Z WITHOUT NO INCIDENTS. MAINTENANCE PERSONNEL INSPECTED THE E&E COMPARTMENT AND FOUND THE STATIC INVERTER EXTREMELY HOT AND EMANATING A STRONG ELECTRICAL BURN. MAINTENANCE REPLACED THE COMPONENT WITH A SERVICEABLE STATIC INVERTER. THE NTSB HAS REQUESTED AN EXAMINATION OF THE STATIC INVERTER DUE TO A SERIES OF ISSUES WITH STATIC INVERTERS FAULT PROTECTION. THE AIRCRAFT WAS RELEASED ON 12/15/2003.",BOEING,737522,,"OPDEF, Other Than Pi;2422",,-0.043447510996630356,9.876543209876543,-1.4252086583404378,6.94885871135511,stable,strong_growth,mild_decline,strong_growth,ASIAS
20040125001009I,2.0,,IMC,Daylight,UNK,Unknown,5000+,2004,1,"(-23) RUNWAY BRAKING ACTION WAS REPORTED ""FAIR"". AIRCRAFT LANDED AND CAPTAIN WAS UNABLE TO SELECT REVERSE ON EITHER

(-23) RUNWAY BRAKING ACTION WAS REPORTED ""FAIR"". AIRCRAFT LANDED AND CAPTAIN WAS UNABLE TO SELECT REVERSE ON EITHER ENGINE, AIRCRAFT WENT OFF THE END OF RUNWAY 5 AT GSO.",JETAIR,JETSTM4101,,"OPDEF, Other Than Pi;7830",,0.948767533171746,17.07317073170731,4.252667086989947,-6.739250275633957,stable,strong_growth,mild_growth,strong_decline,ASIAS
20031207033279I,2.0,,Unknown,Daylight,UNK,Unknown,Unknown,2003,12,"(-23) DURING TAKEOFF THE RIGHT ENGINE'S RPM FELL TO 98% AND WOULD NOT GO HIGHER THAN 99%. AIRCRAFT RETURNED TO THE

(-23) DURING TAKEOFF THE RIGHT ENGINE'S RPM FELL TO 98% AND WOULD NOT GO HIGHER THAN 99%. AIRCRAFT RETURNED TO THE GATE AND MAINTENANCE ADJUSTED SCREW ""X"" AS REQUIRED ON THE FUEL CONTROL. ALL OPS CHECKS NORMAL.",BAG,JETSTM3201,,"OPDEF, Other Than Pi;7320",,-0.043447510996630356,9.876543209876543,-1.4252086583404378,6.94885871135511,stable,strong_growth,mild_decline,strong_growth,ASIAS
20031128032099I,2.0,,VMC,Daylight,UNK,Unknown,Unknown,2003,11,"(-23) ON NOVEMBER 28, 2003, AT APPROXIMATELY 1625 EST, AIRCRAFT N803HK, AN EMB-145, TRANS STATES AIRLINES (RAIA) FL

(-23) ON NOVEMBER 28, 2003, AT APPROXIMATELY 1625 EST, AIRCRAFT N803HK, AN EMB-145, TRANS STATES AIRLINES (RAIA) FLIGHT #5291, DECLARED AN EMERGENCY DUE TO THE FAILURE OF THE NUMBER ONE HYDRAULIC SYSTEM. THE AIRCRAFT LANDED ON RUNWAY 28R AT THE PITTSBURGH INTERNATIONAL AIRPORT AND THE AIRCRAFT RESCUE AND FIRE FIGHTING UNIT RESPONDED WITHOUT INCIDENT. THE AIRCRAFT WAS TOWED TO THE RAMP WHERE MAINTENANCE DETERMINED THAT THE NUMBER ONE BRAKE PRESSURE SWITCH HAD CAUSED THE FAILURE.",EMB,EMB145,,"OPDEF, Other Than Pi;3240",,-0.913569842633255,2.4096385542168752,-1.4252086583404378,-9.996242014280355,stable,mild_growth,mild_decline,strong_decline,ASIAS
20031214033969I,2.0,,Unknown,Daylight,UNK,Unknown,Unknown,2003,12,"(-23) USAIR FLIGHT 524, B-737, ENROUTE FROM INDIANAPOLIS, IN TO CHARLOTTE, NC DECLARED AN EMERGENCY AT FL290, 40 MI

(-23) USAIR FLIGHT 524, B-737, ENROUTE FROM INDIANAPOLIS, IN TO CHARLOTTE, NC DECLARED AN EMERGENCY AT FL290, 40 MILES NORTH-NORTHWEST OF LOUISVILLE AT 1737Z, DUE TO A DECOMPRESSION IN THE AIRCRAFT. THE OXYGEN MASKS WERE DEPLOYED FOR THE PASSENGERS AND THE CREW DONNED THEIR MASKS. THE AIRCRAFT REQUESTED AN EMERGENCY DESCENT TO 11,000. THE AIRCRAFT DESCENDED TO 8,000 FEET BEFORE CABIN ALTITUDE CAN BE RESTORED AND RETURNED TO INDIANAPOLIS. THE AIRCRAFT LANDED AT THE INDIANAPOLIS INTERNATIONAL AIRPORT AT 141814Z, WITHOUT INCIDENT. MAINTENANCE FOUND THE FORWARD CARGO DOOR SEAL UNSEATED. THE AIRCRAFT WAS FERRY MAINTENANCE TO CHARLOTTE, NC. THE FORWARD CARGO DOOR SEAL WAS REPLACED AT MAINTENANCE BASE.",BOEING,7373B7,,"OPDEF, Other Than Pi;5230",,-0.043447510996630356,9.876543209876543,-1.4252086583404378,6.94885871135511,stable,strong_growth,mild_decline,strong_growth,ASIAS
20040102010849I,2.0,,VMC,Daylight,UNK,Unknown,Unknown,2004,1,"(-23) DURING THE TAKEOFF ROLL FROM RDU NWAA FLT 1689, A DC-9-50 EXPERIENCED A #1 ENGINE LOW PRESSURE TURBINE FAILUR

(-23) DURING THE TAKEOFF ROLL FROM RDU NWAA FLT 1689, A DC-9-50 EXPERIENCED A #1 ENGINE LOW PRESSURE TURBINE FAILURE AT APPROX 105 KTS. TAKEOFF WAS ABORTED WITH NO INJURIES TO PASSENGERS OR CREW. IN ADDITION A FIRE WAS SET ON THE INFIELD GRASS FROM HOT DEBRIS. AIRCRAFT TAXIED TO THE GATE AND UNLOADED NORMALLY WITHOUT INCIDENT.",DOUG,DC951,,"OPDEF, Other Than Pi;7250",,0.948767533171746,17.07317073170731,4.252667086989947,-6.739250275633957,stable,strong_growth,mild_growth,strong_decline,ASIAS
20040104000049I,2.0,,Unknown,Daylight,UNK,Unknown,Unknown,2004,1,"(-23) ON JANUARY 4, 2004 AIR WISCONSIN FLT. 5452 A CL-600 DIVERTED TO COLUMBIA MO. DUE TO A LEFT ENGINE 14TH STAGE

(-23) ON JANUARY 4, 2004 AIR WISCONSIN FLT. 5452 A CL-600 DIVERTED TO COLUMBIA MO. DUE TO A LEFT ENGINE 14TH STAGE DUCT WARNING FAIL MESSAGE. A/C LANDED WITHOUT INCIDENT. MAINTENANCE CONCLUDED THAT THE LEFT PYLON 14TH STAGE TEMPERATURE LOOP FAILED. THE LOOP WAS REPLACED IN ACCORDANCE WITH THE MAINTENANCE MANUAL, REFERENCE LOG PAGE 115303--2. THE A/C WAS RETURNED TO SERVICE. INCIDENT ^PRIVACY DATA OMITTED IS CONSIDERED CLOSED.",CNDAIR,CL6002B19,,"OPDEF, Other Than Pi;2613",,0.948767533171746,17.07317073170731,4.252667086989947,-6.739250275633957,stable,strong_growth,mild_growth,strong_decline,ASIAS
20040111000099I,2.0,,Unknown,Unknown,UNK,Unknown,Unknown,2004,1,"(-23) BLOWN TIRE OUT OF MUNICH LANDED IN ATLANTA. DAMAGE TO FLAP & WING #7 TIRE. 1950Z.

(-23) BLOWN TIRE OUT OF MUNICH LANDED IN ATLANTA. DAMAGE TO FLAP & WING #7 TIRE. 1950Z.",BOEING,767332,,"OPDEF, Other Than Pi;3244",,0.948767533171746,17.07317073170731,4.252667086989947,-6.739250275633957,stable,strong_growth,mild_growth,strong_decline,ASIAS
20040130014919I,2.0,,Unknown,Unknown,UNK,Unknown,Unknown,2004,1,"(-23) ON JANUARY 30, 2004, FLIGHT NUMBER 3600 AIRCRAFT N614AE WHILE ENROUTE FROM ICT TO DFW HAD A MALFUNCTION. THE

(-23) ON JANUARY 30, 2004, FLIGHT NUMBER 3600 AIRCRAFT N614AE WHILE ENROUTE FROM ICT TO DFW HAD A MALFUNCTION. THE NOSE LANDING GEAR WOULD NOT RETRACT AFTER TAKE OFF, AND THE AIRCRAFT RETURNED TO FIELD WITHOUT INCIDENT. LANDING GEAR MALFUNCTION. PASSENGER INJURY SUMMARY NOT KNOWN BY ASI.",EMB,EMB145LR,,"OPDEF, Other Than Pi;3297",,0.948767533171746,17.07317073170731,4.252667086989947,-6.739250275633957,stable,strong_growth,mild_growth,strong_decline,ASIAS
20040216017029I,2.0,,Unknown,Daylight,UNK,Other,Unknown,2004,2,"(-23) PASSENGER ^PRIVACY DATA OMIT^ ON SWA FLIGHT 615 (MDW-CLE) WAS ALLEGEDLY SMOKED A CIGARETTE DURING FLIGHT OPER

(-23) PASSENGER ^PRIVACY DATA OMIT^ ON SWA FLIGHT 615 (MDW-CLE) WAS ALLEGEDLY SMOKED A CIGARETTE DURING FLIGHT OPERATIONS. THE POLICE INTERVIEWED ^PRIVACY DAT^ AND HE ADMITTED SMOKING ON THE FLIGHT. ^PRIVACY DA^ WAS INTOXICATED AND DISORDERLY, DUE TO HIS BEHAVIOR HE WAS PLACED UNDER ARREST BY THE CLEVELAND POLICE DEPARTMENT.",,,,"Miscellaneous, Other;Cntl Intfr By Passen",,1.0134234444947765,15.294117647058814,4.252667086989947,-3.4237995824634604,mild_growth,strong_growth,mild_growth,mild_decline,ASIAS
20040224003049I,2.0,,Unknown,Daylight,UNK,Unknown,Unknown,2004,2,"(-23) ON FEBRUARY 24, 2004, AT 0859 EST, AN EMBRAER 145LR, N834MJ, OPERATED BY MESA AIRLINES (MASA), AS US AIRWAYS

(-23) ON FEBRUARY 24, 2004, AT 0859 EST, AN EMBRAER 145LR, N834MJ, OPERATED BY MESA AIRLINES (MASA), AS US AIRWAYS EXPRESS FLIGHT #2989, DECLARED AN IN FLIGHT EMERGENCY SHORTLY AFTER TAKEOFF FROM PITTSBURGH INTERNATIONAL AIRPORT (PIT), PITTSBURGH, PENNSYLVANIA AIRPORT. THE CREW REPORTED THE AIRCRAFT HAD A PITCH TRIM PROBLEM. THE AIRCRAFT LANDED ON RUNWAY 28R WITHOUT INCIDENT WITH AIRCRAFT RESCUE & FIRE FIGHTING (ARFF) STANDING BY. SUBSEQUENTLY THE AIRCRAFT TAXIED BACK TO THE RAMP WITHOUT INCIDENT. SUBMISSION OF THIS REPORT CLOSES THIS INCIDENT.",EMB,EMB145LR,,"OPDEF, Other Than Pi;2740",,1.0134234444947765,15.294117647058814,4.252667086989947,-3.4237995824634604,mild_growth,strong_growth,mild_growth,mild_decline,ASIAS
20040328008009I,2.0,,VMC,Daylight,UNK,Unknown,Unknown,2004,3,"(-23) ON 03/28/04 AT 1613 EST AFTER LANDING ON RUNWAY 16, FLIGHT 4637 EXPERIENCED A RIGHT INBOARD MAIN LANDING GEAR

(-23) ON 03/28/04 AT 1613 EST AFTER LANDING ON RUNWAY 16, FLIGHT 4637 EXPERIENCED A RIGHT INBOARD MAIN LANDING GEAR TIRE TREAD FAILURE. THE TIRE FRAGMENTS CAUSED DAMAGE TO THE RIGHT HAND INBOARD FLAP. THE AIRCRAFT TAXIED TO THE GATE WITHOUT FURTHER INCIDENT.",EMB,EMB135LR,,"OPDEF, Other Than Pi;3244",,1.1183609573718778,12.35955056179776,4.252667086989947,3.1608807240308012,mild_growth,strong_growth,mild_growth,mild_growth,ASIAS
20040329004309I,2.0,,VMC,Daylight,UNK,Unknown,2000-5000,2004,3,"(-23) CREW REPORTED DURING DESCENT EXPERIENCED A BURST OF SMOKE COMING FROM THE PACKS AND INTO THE COCKPIT AND CABI

(-23) CREW REPORTED DURING DESCENT EXPERIENCED A BURST OF SMOKE COMING FROM THE PACKS AND INTO THE COCKPIT AND CABIN. THE SMOKE SUBSIDED AFTER TURNING OFF THE RECIRC AND CASPER FANS, AND THE AIRCRAFT LANDED SAFELY. AFTER DEPLANING THE PASSENGERS AND CREW INDICATED THEY TRIED TURNING ON THE FANS AND THE SMOKE STARTED AGAIN.",EMB,EMB120ER,,"OPDEF, Other Than Pi;2121",,1.1183609573718778,12.35955056179776,4.252667086989947,3.1608807240308012,mild_growth,strong_growth,mild_growth,mild_growth,ASIAS
20040324003899I,2.0,,IMC,Daylight,UNK,Unknown,Unknown,2004,3,"(-23) ON MARCH 24, 2004 A BOMBARDIER DHC-8-401, OPERATED BY HORIZON AIR INDUSTRIES, INC ON A SCHEDULED DOMESTIC PAS

(-23) ON MARCH 24, 2004 A BOMBARDIER DHC-8-401, OPERATED BY HORIZON AIR INDUSTRIES, INC ON A SCHEDULED DOMESTIC PASSENGER FLIGHT UNDER PROVISIONS OF TITLE 14 CODE OF FEDERAL REGULATIONS (CFR) PART 121. FLIGHT 2368, DESTINED FOR MISSOULA MO. REPORTED TO SEATTLE ATCT AT 1406PST A LIGHTNING STRIKE WHILE CLIMBING THROUGH 2800'. THE AIRCRAFT WAS 7 MILES SE OF SEA/TAC. THE AIRCRAFT RETURNED TO SEATTLE AS A PRECAUTION. AFTER THE AIRCRAFT WAS PARKED AT THE GATE AN AID CAR WAS CALLED TO ENSURE THERE WERE NO INJURIES TO THE CREW AND PASSENGERS. DURING A LIGHTNING STRIKE INSPECTION PERFORMED BY SEATTLE BASED HORIZON MAINTENANCE PERSONNEL, THE RADOME, PROP SPINNER AND 103 RIVETS INDICATED EVIDENCE OF LIGHTNING DAMAGE. THE AIRCRAFT WAS FERRIED TO PORTLAND OR FOR REPAIRS.",BOMBDR,DHC8401,,"Miscellaneous, Other",,1.1183609573718778,12.35955056179776,4.252667086989947,3.1608807240308012,mild_growth,strong_growth,mild_growth,mild_growth,ASIAS
20040320014879I,2.0,,Unknown,Daylight,UNK,Unknown,Unknown,2004,3,"(-23) ON 03/20/04 @ APPROX 1240PM, NORTHWEST AIRLINES FLT #1219 WAS PUSHED OFF OF GATE D-4. BOTH ENGINES WERE START

(-23) ON 03/20/04 @ APPROX 1240PM, NORTHWEST AIRLINES FLT #1219 WAS PUSHED OFF OF GATE D-4. BOTH ENGINES WERE STARTED AND THE GROUND CREW DISCONNECTED THE TOW BAR AND THE NOSE STEERING PIN AND CLEARED THE TRACTOR FROM THE AIRCRAFT. IT WAS ABOUT 5 MINUTES LATER, WHEN THE PUSH CREW RUSHED BACK OUT TO THE AIRCRAFT, AS THE COCKPIT CREW SAID THEY HAVE SMOKE IN THE COCKPIT, COCKPIT AND CABIN FILLED WITH SMOKE. THE AIRCRAFT POWER WAS SHUT DOWN AND, THE AIRCRAFT WAS TOWED BACK TO GATE D-4, WHERE THE PASSENGERS AND CREW DISEMBARKED THE AIRCRAFT. MAINTENANCE PERSONNEL FOUND THE #1 BUS TIE CONTACTOR SHORTED CAUSING SOME WIRING INSULATION TO MELT. MAINTENANCE PERSONNEL REPLACED THE #1 BUS TIE CONTACTOR AND REPAIRED EFFECTIVE WIRING IN PREPARATION FOR A FERRY FLIGHT TO DULUTH, MN. INVESTIGATION DATA FORWARDED TO NORTHWEST CMO FOR FOLLOW UP ACTION. INJURY SUMMARY NOT KNOWN BY ASI.",AIRBUS,A319114,,"OPDEF, Other Than Pi;2450",,1.1183609573718778,12.35955056179776,4.252667086989947,3.1608807240308012,mild_growth,strong_growth,mild_growth,mild_growth,ASIAS
20040321006579I,2.0,,Unknown,Daylight,UNK,PIC,Unknown,2004,3,"(-23) 3/21/04 AN AMERICAN EAGLE FLT 4257, A CRJ-700, ON TAKEOFF 6R LEFT ENGINE STRUCK BY UNKNOWN SPECIES OF BIRD. B

(-23) 3/21/04 AN AMERICAN EAGLE FLT 4257, A CRJ-700, ON TAKEOFF 6R LEFT ENGINE STRUCK BY UNKNOWN SPECIES OF BIRD. BIRD BENT 5 BLADES ON A CF-34 ENGINE, PILOT LANDED AT CLE WITHOUT FURTHER INCIDENT.",CNDAIR,CL6002C10,,"Miscellaneous, Other;Struck Birds In Flig",,1.1183609573718778,12.35955056179776,4.252667086989947,3.1608807240308012,mild_growth,strong_growth,mild_growth,mild_growth,ASIAS
20040321006969I,2.0,,Unknown,Unknown,UNK,Other,Unknown,2004,3,"(-23) ^PRIVACY DATA ^ ENTERED AIRCRAFT LAVATORY AFTER BOARDING SOUTHWEST AIRLINES FLIGHT #2550 AT CLEVELAND HOPKINS

(-23) ^PRIVACY DATA ^ ENTERED AIRCRAFT LAVATORY AFTER BOARDING SOUTHWEST AIRLINES FLIGHT #2550 AT CLEVELAND HOPKINS AIRPORT AND SMOKED A CIGARETTE. THE LAVATORY HAD A ""NO SMOKING"" PLACARD AND THE ""NO SMOKING"" SIGN WAS ILLUMINATED. ^PRIVACY DATA ^ WAS REMOVED FROM THE FLIGHT AND INTERVIEWED BY AIRPORT POLICE AND RELEASED. THE FLIGHT LEFT WITHOUT HIM.",BOEING,737,,"Miscellaneous, Other;Cntl Intfr By Passen",,1.1183609573718778,12.35955056179776,4.252667086989947,3.1608807240308012,mild_growth,strong_growth,mild_growth,mild_growth,ASIAS
20040317003299I,2.0,,VMC,Night,UNK,PIC,Unknown,2004,3,"(-23) SKYWEST FLIGHT 3924, STRUCK AN UNKNOWN NUMBER AND TYPE OF BIRDS ON APPROACH TO SLC. THE AIRCRAFT LANDED WITHO

(-23) SKYWEST FLIGHT 3924, STRUCK AN UNKNOWN NUMBER AND TYPE OF BIRDS ON APPROACH TO SLC. THE AIRCRAFT LANDED WITHOUT INCIDENT.",CNDAIR,CL6002B19,,"Miscellaneous, Other;Struck Birds In Flig",,1.1183609573718778,12.35955056179776,4.252667086989947,3.1608807240308012,mild_growth,strong_growth,mild_growth,mild_growth,ASIAS
20040308001989I,2.0,,VMC,Daylight,UNK,Unknown,Unknown,2004,3,"(-23) AFTER TAKEOFF FROM SNA THE LANDING GEAR WOULD NOT RETRACT AND HAD WOW INPUT CAUTION. FLIGHT BURNED DOWN FUEL

(-23) AFTER TAKEOFF FROM SNA THE LANDING GEAR WOULD NOT RETRACT AND HAD WOW INPUT CAUTION. FLIGHT BURNED DOWN FUEL TO AVOID OVERWEIGHT LANDING THEN RETURNED TO SNA. ON LANDING HAD SEVERE NOSE GEAR VIBRATION AND CREW WAS ADVISED THAT SMOKE WAS COMING FROM MLG TIRES. CREW ELECTED TO EVACUATE AIRCRAFT ON THE RUNWAY FROM THE MAIN ENTRANCE DOOR. THERE WERE NO INJURIES. MX FOUND NLG TORQUE LINKS DISCONNECTED. A/C TOWED TO GATE AND INSPECTED BY MX AND NO DISCREPANCIES NOTED. BOTH UPPER TORQUE LINK DISCONNECT HANDLES OPERATED NORMAL AND APPEARED TO FULLY ENGAGE. MX CONTROL WAS ADVISED AND AIRCRAFT FERRIED TO DFW PER MX CONTROL REQUEST. CONTRACT GROUND PERSONNEL WERE QUESTIONED AND EVERYONE INDICATED THAT THE TORQUE LINKS WERE NEVER DISCONNECTED FOR PUSHBACK PER ESTABLISHED PROCEDURE. THE AIRCRAFT WAS NEVER MOVED ON LAYOVER, THE FLIGHT DEPARTED FROM THE SAME GATE ASSIGNED ON ARRIVAL THE PREVIOUS EVENING.",CNDAIR,CL6002C10,,"Miscellaneous, Other;3222",,1.1183609573718778,12.35955056179776,4.252667086989947,3.1608807240308012,mild_growth,strong_growth,mild_growth,mild_growth,ASIAS
20040306002539I,2.0,,Unknown,Daylight,UNK,Unknown,Unknown,2004,3,"(-23) ON MARCH 6, 2004 A DELTA BOEING 737-832 (N377DA), FLIGHT #510 ENROUTE FROM SLC-CVG DIVERTED TO MCI WHERE IT L

(-23) ON MARCH 6, 2004 A DELTA BOEING 737-832 (N377DA), FLIGHT #510 ENROUTE FROM SLC-CVG DIVERTED TO MCI WHERE IT LANDED WITHOUT INCIDENT. THE AIRCRAFT WAS FLYING AT FL 330 WHEN THE L-2 DELAMINATED FOLLOWED BY MAJOR CRACKING. MAINTENANCE DETERMINED THAT THE L-2 WINDOW HEAT CONTROL CAUSED THE WINDOW TO OVERHEAT. MAINTENANCE R&R THE L-2 WINDOW AND THE WINDOW HEAT CONTROLLER. THE WINDOW HEAT TESTED OKAY PER THE MAINTENANCE MANUAL AND WASS RETURNED TO SERVICE. WITH THIS REPORT, INCIDENT ^PRIVACY DATA^ IS CONSIDERED CLOSED. EQUIPMENT FAILURE.",BOEING,737832,,"OPDEF, Other Than Pi;3040",,1.1183609573718778,12.35955056179776,4.252667086989947,3.1608807240308012,mild_growth,strong_growth,mild_growth,mild_growth,ASIAS
20040306014899I,2.0,,Unknown,Daylight,UNK,Unknown,2000-5000,2004,3,"(-23) ON MARCH 6, 2004 AIR WISCONSIN AIRLINES, FLIGHT 2198, AIRCRAFT N434AW AT 10:15 WHILE ENROUTE FROM WICHITA KS

(-23) ON MARCH 6, 2004 AIR WISCONSIN AIRLINES, FLIGHT 2198, AIRCRAFT N434AW AT 10:15 WHILE ENROUTE FROM WICHITA KS TO ATLANTA GEORGIA HAD A MALFUNCTION. THE NOSE LANDING GEAR DOOR OPEN & CAUTION DISAGREE MESSAGE, ACCOMPANIED BY WOW INOPUTS AND STEERING INOP CAUTION MESSAGE ILLUMINATED ON DEPARTURE. THE AIRCRAFT RETURNED TO FIELD WITH EMERGENCY VEHICLE DISPATCHED AND THE AIRCRAFT LANDED WITHOUT FURTHER INCIDENT. MAINTENANCE FROM EXECUTIVE AIRCRAFT WAS CALLED FOR SUPPORT, AND FOUND THE NOSE LANDING GEAR STEERING SCISSORS DISCONNECTED ON POST FLIGHT INSPECTION. IMPROPER MAINTENANCE. CABIN CREW AND PASSENGER INJURY SUMMARY NOT KNOWN BY ASI.",CNDAIR,CL6002B19,,Improper Maintenance;3222,,1.1183609573718778,12.35955056179776,4.252667086989947,3.1608807240308012,mild_growth,strong_growth,mild_growth,mild_growth,ASIAS
20040303002999I,2.0,,VMC,Daylight,UNK,Unknown,5000+,2004,3,"(-23) BIG SKY FLIGHT 1410, SPOKANE (GEG), WASHINGTON, TO OLYMPIA, WASHINGTON, DECLARED EMERGENCY AND RETURNED TO GE

(-23) BIG SKY FLIGHT 1410, SPOKANE (GEG), WASHINGTON, TO OLYMPIA, WASHINGTON, DECLARED EMERGENCY AND RETURNED TO GEG WITH GEAR WARNING LIGHT. AIRCRAFT LANDED WITHOUT INCIDENT AT 1826Z. MAINTENANCE REPLACED LEFT OUTBOARD MAIN GEAR SQUAT SWITCH. GEAR WAS OPS CHECKED AND AIRCRAFT RETURNED TO SERVICE.",SWRNGN,SA227AC,,"OPDEF, Other Than Pi;3260",,1.1183609573718778,12.35955056179776,4.252667086989947,3.1608807240308012,mild_growth,strong_growth,mild_growth,mild_growth,ASIAS
20040318005639I,2.0,,Unknown,Daylight,UNK,Unknown,5000+,2004,3,"(-23) ON TAKE OFF ROLL, CREW NOTED A LACK OF PROPER ACCELERATION. THE CREW VERIFIED BOTH ENGINES WERE PRODUCING ADE

(-23) ON TAKE OFF ROLL, CREW NOTED A LACK OF PROPER ACCELERATION. THE CREW VERIFIED BOTH ENGINES WERE PRODUCING ADEQUATE POWER AND THE PARKING BRAKE WAS RELEASED. AT APPROXIMATELY 80 KNOTS, THE DECISION TO ABORT THE TAKEOFF WAS MADE DUE TO CONTINUED POOR ACCELERATION. AFTER RETARDING THE POWER LEVERS, THE AIRCRAFT VEERED TO THE LEFT. POSITIVE CONTROL OF THE AIRCRAFT WAS MAINTAINED AT ALL TIMES. COMPONENT FAILURE.",BEECH,1900D,,"OPDEF, Other Than Pi;3240",,1.1183609573718778,12.35955056179776,4.252667086989947,3.1608807240308012,mild_growth,strong_growth,mild_growth,mild_growth,ASIAS
20040223014929I,2.0,,Unknown,Daylight,UNK,Unknown,Unknown,2004,2,"(-23) FLIGHT ATTENDANTS NOTIFIED THE FLIGHT CREW OF ELECTRICAL SMELL IN THE FORWARD CABIN, WHICH BECAME APPARENT IN

(-23) FLIGHT ATTENDANTS NOTIFIED THE FLIGHT CREW OF ELECTRICAL SMELL IN THE FORWARD CABIN, WHICH BECAME APPARENT IN THE COCKPIT ALONG WITH A ""STANDBY INVERTER"" ADVISORY. QRH PROCEDURES WERE ACCOMPLISHED AND AN EMERGENCY DIVERSION TO ICT (NEAREST SUITABLE) WAS INITIATED. ELECTRICAL FUMES/SMELL DISSIPATED AS THE INVERTER WAS ISOLATED FROM THE ELECTRICAL SYSTEM AND AN UNEVENTFUL LANDING WAS ACCOMPLISHED. PASSENGERS WERE DEPLANED AT GATE. CABIN CREW AND PASSENGER INJURY SUMMARY NOT KNOWN BY ASI.",BOEING,757223,,"OPDEF, Other Than Pi;2422",,1.0134234444947765,15.294117647058814,4.252667086989947,-3.4237995824634604,mild_growth,strong_growth,mild_growth,mild_decline,ASIAS
20040224003009I,2.0,,Unknown,Night,UNK,Unknown,Unknown,2004,2,"(-23) THE PILOT REPORTED THAT WHILE EXECUTING A LEFT TURN ONTO RUNWAY 34R, A BANG WAS HEARD. THE COCKPIT CREW ELECT

(-23) THE PILOT REPORTED THAT WHILE EXECUTING A LEFT TURN ONTO RUNWAY 34R, A BANG WAS HEARD. THE COCKPIT CREW ELECTED TO TAXI OFF THE RUNWAY AND HAVE MAINTENANCE INSPECT THE AIRCRAFT. IT WAS FOUND THAT THE LEFT NOSE WHEEL HAD BROKEN OFF. THE PASSENGERS AND CREWMEMBERS EXITED THE AIRCRAFT VIA THE STAIRS WITHOUT INJURIES AND WERE BUSED TO THE TERMINAL. PRELIMINARY ON SCENE INVESTIGATION DISCLOSED THAT THE LEFT NOSE WHEEL AXLE HAD BROKEN OFF COMPLETELY JUST OUTBOARD OF THE INNER BEARING. ONBOARD AIRCRAFT MAINTENANCE RECORDS DID NOT DISCLOSE ANY PRIOR NOSE WHEEL DISCREPANCIES. (-23 AMENDMENT) PRELIMINARY FINDINGS BY DELTA ENGINEERING FAILURE ANALYSIS REVEALED THAT A PRE-EXISTING CRACK AT THE SIX O'CLOCK POSITION OF THE AXLE WAS THE CAUSE OF THE FAILURE. CHROME PLATING WAS OBSERVED IN THE CRACK, INDICATING THAT THE CRACK WAS PRESENT WHEN THE CHROME PLATING WAS APPLIED DURING OVERHAUL ON 10/29/03.",BOEING,737347,,Manufacturer/Builder;3222,,1.0134234444947765,15.294117647058814,4.252667086989947,-3.4237995824634604,mild_growth,strong_growth,mild_growth,mild_decline,ASIAS
20040224003689A,2.0,,Unknown,Night,UNK,Other,Unknown,2004,2,"(-23) AIRCRAFT N420XJ IS LOADED AND BEING PUSHED BACK FROM GATE C22. AT THE YELLOW LINE THE WING WALKER GAVE THE ST

(-23) AIRCRAFT N420XJ IS LOADED AND BEING PUSHED BACK FROM GATE C22. AT THE YELLOW LINE THE WING WALKER GAVE THE STOP SIGN, BUT THE PUSHBACK OPERATOR KEPT GOING. THE PUSHBACK OPERATOR STATED WING WALKER STOPPED AT THE LINE AND WAS TO THE LEFT AND BEHIND HIM. THE WING WALKER RAN TOWARD PUSHBACK AND TOLD HIM TO STOP. AIRCRAFT N420XJ STRUCK AIRCRAFT N364PX. AIRCRAFT 364PX WAS EMPTY AND PARKED. THERE WAS SUBSTANTIAL DAMAGE TO BOTH AIRCRAFT.",SAAB,340B,,"Miscellaneous, Other;Fail Avd Objs Or Obs",,1.0134234444947765,15.294117647058814,4.252667086989947,-3.4237995824634604,mild_growth,strong_growth,mild_growth,mild_decline,ASIAS
20040206001399I,2.0,,VMC,Night,UNK,Unknown,Unknown,2004,2,"(-23) AFTER TAKEOFF FROM HELENA, MONTANA AT CRUISE ALTITUDE THE AIRCRAFT EXPERIENCED A PARTIAL DEPLOYMENT OF THE RI

(-23) AFTER TAKEOFF FROM HELENA, MONTANA AT CRUISE ALTITUDE THE AIRCRAFT EXPERIENCED A PARTIAL DEPLOYMENT OF THE RIGHT INBOARD ROLL SPOILER. ON FINAL APPROACH INTO GREAT FALLS, MONTANA THE PILOT NOTED A FULL DEPLOYMENT OF THE SAME SPOILER PANEL. NO WARNING LIGHTS WERE OBSERVED BY THE CREW, ALTHOUGH IT WAS NOTED ON THE PFCS INDICATOR. THE ROLL SPOILER SYSTEM WAS DEACTIVATED AND THE AIRCRAFT FERRIED TO PORTLAND, OREGON FOR REPAIR. MAINTENANCE AT PDX DOWNLOADED THE FLIGHT DATA RECORDER, AND REMOVED AND REPLACED THE RIGHT SPOILER CONTROL UNIT. THE UNIT WAS TAGGED WITH AN FAA FORM 8620-2 AND SENT FOR FAILURE ANALYSIS AND REPAIR. A FUNCTIONAL TEST FLIGHT WAS PERFORMED AND THE AIRCRAFT RETURNED TO SERVICE.",BOMBDR,DHC8401,,"OPDEF, Other Than Pi;2761",,1.0134234444947765,15.294117647058814,4.252667086989947,-3.4237995824634604,mild_growth,strong_growth,mild_growth,mild_decline,ASIAS
20040130002749I,2.0,,Unknown,Night,UNK,Other,Unknown,2004,1,"(-23) TOW-TRUCK DRIVER COLLIDED WITH AIRCRAFT RH #5 WING SLAT WHILE DRIVING AWAY AFTER DISCONNECTING TOW BAR. CANOP

(-23) TOW-TRUCK DRIVER COLLIDED WITH AIRCRAFT RH #5 WING SLAT WHILE DRIVING AWAY AFTER DISCONNECTING TOW BAR. CANOPY OF TUG (HOUGH/T300SL) PUNCTURED A 4 X 4.5 IN. GASH AT WING STA 516. TUG CANOPY COLLAPSED PINNING DOWN DRIVER WHO WAS REMOVED FROM VEHICLE BY EMS PERSONNEL. AIRCRAFT RETURNED TO THE GATE AND PASSENGERS DEPLANED.",DOUG,DC931,,"Miscellaneous, Other;Fail Avd Objs Or Obs",,0.948767533171746,17.07317073170731,4.252667086989947,-6.739250275633957,stable,strong_growth,mild_growth,strong_decline,ASIAS
20040314014849I,2.0,,Unknown,Unknown,UNK,Other,Unknown,2004,3,"(-23) PASSENGER WAS VERBALLY ABUSIVE TO CREW WHEN TOLD TO TURN OFF CELL PHONE PRIOR AND DURING TAXI. INJURY SUMMARY

(-23) PASSENGER WAS VERBALLY ABUSIVE TO CREW WHEN TOLD TO TURN OFF CELL PHONE PRIOR AND DURING TAXI. INJURY SUMMARY NOT KNOWN BY ASI.",,,,"Miscellaneous, Other;Cntl Intfr By Passen",,1.1183609573718778,12.35955056179776,4.252667086989947,3.1608807240308012,mild_growth,strong_growth,mild_growth,mild_growth,ASIAS
20040321006729I,2.0,,VMC,Night,UNK,Unknown,Unknown,2004,3,"(-23) NWA FLIGHT #514, A DC-9-31, OPERATING BETWEEN MSP/LGA DIVERTED TO GRR DUE TO SMOKE IN THE COCKPIT. THE FLIGHT

(-23) NWA FLIGHT #514, A DC-9-31, OPERATING BETWEEN MSP/LGA DIVERTED TO GRR DUE TO SMOKE IN THE COCKPIT. THE FLIGHT LANDED AND TAXIED TO THE GATE WITHOUT INCIDENT.",DOUG,DC931,,"OPDEF, Other Than Pi;2213",,1.1183609573718778,12.35955056179776,4.252667086989947,3.1608807240308012,mild_growth,strong_growth,mild_growth,mild_growth,ASIAS
20040508013549I,2.0,,Unknown,Night,UNK,Other,Unknown,2004,5,"(-23) THE FLIGHT ATTENDANT CREW WAS NOTIFIED BY THE FLIGHT DECK TO BE SEATED DUE TO CODE 6 TURBULENCE DURING THE SE

(-23) THE FLIGHT ATTENDANT CREW WAS NOTIFIED BY THE FLIGHT DECK TO BE SEATED DUE TO CODE 6 TURBULENCE DURING THE SERVICE. THE FLIGHT ATTENDANTS AND ALL PASSENGERS WERE SEATED. TWO SERVICE CARTS WERE IN THE GALLEY BUT NOT SECURED. WHEN THE TURBULENCE APPEARED TO HAVE SUBSIDED TWO OF THE FLIGHT ATTENDANTS IN THE BACK OF THE AIRCRAFT GOT OUT OF THEIR SEATS TO COMPLETE THE SERVICE. THE AIRCRAFT DROPPED AND THE FLIGHT ATTENDANTS SUSTAINED INJURIES. ONE PASSENGER THAT DID NOT HAVE THEIR SEAT BELT FASTENED FLEW OUT OF THEIR SEAT, BUT DECLINED MEDICAL ATTENTION. THE FORWARD FLIGHT ATTENDANT WAS BRUISED AND HAD A SORE BACK. ONE OF THE AFT FLIGHT ATTENDANTS HAD MULTIPLE BRUISES AND A SPRAINED ANKLE. ON LANDING, PASS TRAVELING FLIGHT ATTENDANT TOOK JUMPSEAT FOR FLIGHT ATTENDANT WITH SPRAINED ANKLE WHO WAS SEATED IN A PASSENGER SEAT. TWO FLIGHT ATTENDANTS WERE SEEN AT THE EMERGENCY ROOM IN ALBUQUERQUE AND RELEASED.",AIRBUS,A320212,,"Miscellaneous, Other;Other, Miscellaneous",,0.8962271024904878,10.204081632653072,8.42311545426966,8.372964404092809,stable,strong_growth,strong_growth,strong_growth,ASIAS
20040508014699I,2.0,,Unknown,Daylight,UNK,Other,Unknown,2004,5,"(-23) ^PRIVACY DATA OMITT^ REFUSED TO STOW HER CARRY ON BAGGAGE. WHEN THE FLIGHT ATTENDANTS ATTEMPTED TO STOW IT FO

(-23) ^PRIVACY DATA OMITT^ REFUSED TO STOW HER CARRY ON BAGGAGE. WHEN THE FLIGHT ATTENDANTS ATTEMPTED TO STOW IT FOR HER, ^PRIVACY DA^ GRABBED HER AND WOULDN'T RELEASE HER FOR A COUPLE OF MINUTES. DURING THE FLIGHT ^PRIVACY DA^ CAUSED ADDITIONAL DISTRACTIONS TO THE CREW BY THROWING THINGS ONTO THE FLOOR OF THE AIRCRAFT. ^PRIVACY DA^ WAS MET BY THE CLE SUPERVISOR AND CLEVELAND POLICE DEPARTMENT.",,,,"Miscellaneous, Other;Unauthorized Action",,0.8962271024904878,10.204081632653072,8.42311545426966,8.372964404092809,stable,strong_growth,strong_growth,strong_growth,ASIAS
20040508013569I,2.0,,Unknown,Night,UNK,Unknown,Unknown,2004,5,"(-23) THE CAPTAIN NOTIFIED THE FLIGHT ATTENDANT CREW APPROXIMATELY ONE MINUTE PRIOR TO ENCOUNTERING CODE 6 FOR TURB

(-23) THE CAPTAIN NOTIFIED THE FLIGHT ATTENDANT CREW APPROXIMATELY ONE MINUTE PRIOR TO ENCOUNTERING CODE 6 FOR TURBULENCE. THE CREW AND ALL PASSENGERS WERE SEATED. ONE BEVERAGE CART OPENED AND A FEW ITEMS FELL OUT. NO INJURIES, CREW CONTINUED ON THEIR TRIP.",AIRBUS,A320212,,"Miscellaneous, Other",,0.8962271024904878,10.204081632653072,8.42311545426966,8.372964404092809,stable,strong_growth,strong_growth,strong_growth,ASIAS
20040508007279I,2.0,,IMC,Daylight,UNK,Unknown,Unknown,2004,5,"(-23) DURING TAKEOFF FROM SAN FRANCISCO INTERNATIONAL AIRPORT, N244NW, A DC-10-30 TYPE AIRCRAFT, RECEIVED DAMAGE TO

(-23) DURING TAKEOFF FROM SAN FRANCISCO INTERNATIONAL AIRPORT, N244NW, A DC-10-30 TYPE AIRCRAFT, RECEIVED DAMAGE TO THE RIGHT LEADING EDGE SLAT, RIGHT MAIN GEAR DOOR, AND UNDERNEATH RIGHT WING LANDING GEAR AREA DUE TO THE NUMBER 3 AND 4 RIGHT MAIN TIRES EXPLODING ON TAKEOFF. THE NUMBER 7 AND 8 TIRES WERE REPLACED DUE TO EXCESSIVE WERE RECEIVED ON LANDING THE AIRCRAFT AT SAN FRANCISCO INTERNATIONAL AT 1550 PDT. FERRY FLIGHT MINNEAPOLIS WAS ACCOMPLISHED ON 05/09/2004, FOR FURTHER EVALUATION.",DOUG,DC1030,,"OPDEF, Other Than Pi;3244",,0.8962271024904878,10.204081632653072,8.42311545426966,8.372964404092809,stable,strong_growth,strong_growth,strong_growth,ASIAS
20040509007719I,2.0,,VMC,Daylight,UNK,Unknown,Unknown,2004,5,"(-23) ASA FLIGHT 64 ON TAKEOFF/CLIMBOUT, CREW HAD UNSAFE DOOR INDICATION (L2 DOOR) RETURNED TO JUNEAU WITHOUT FURTH

(-23) ASA FLIGHT 64 ON TAKEOFF/CLIMBOUT, CREW HAD UNSAFE DOOR INDICATION (L2 DOOR) RETURNED TO JUNEAU WITHOUT FURTHER INCIDENT. ALASKA AIRLINES MAINTENANCE INSPECTED DOOR AND PLACED ON MEL CAT C ATA 52-3A.",BOEING,737290C,,"OPDEF, Other Than Pi;5200",,0.8962271024904878,10.204081632653072,8.42311545426966,8.372964404092809,stable,strong_growth,strong_growth,strong_growth,ASIAS
20040421014949I,2.0,,VMC,Daylight,UNK,Unknown,Unknown,2004,4,"(-23) FLIGHT CREW OF OF AIRCRAFT THOUGHT AIRCRAFT RIGHT HYDRAULIC SYSTEM BECAME DISABLED BECAUSE THE HYDRAULIC PRES

(-23) FLIGHT CREW OF OF AIRCRAFT THOUGHT AIRCRAFT RIGHT HYDRAULIC SYSTEM BECAME DISABLED BECAUSE THE HYDRAULIC PRESSURE AND QUANTITY INDICATORS (EFIS) READ ""----"". FLIGHT CREW SHUT DOWN RIGHT HYDRAULIC SYSTEM AND DECLARED AN EMERGENCY LANDING TO DESTINATION AIRPORT SLC. THEY PERFORMED MANUAL GEAR EXTENSION AND AIRCRAFT LANDED WITHOUT FURTHER INCIDENT. DELTA AIRLINES MAINTENANCE DISCOVERED THAT THE RIGHT INSTRUMENT TRANSFER CIRCUIT BREAKER WAS ""TRIPPED."" MAINTENANCE RESET L9 CIRCUIT BREAKER AND PERFORMED RIGHT HYDRAULIC SYSTEM FUNCTIONAL CHECK. SYSTEM OPERATED NORMALLY. NO LEAKS FOUND. MAINTENANCE DISCOVERED THAT THE RIGHT STALL WARNING COMPUTER WOULD NOT TEST. MAINTENANCE REMOVED AND REPLACED RIGHT STALL WARNING COMPUTER AND PERFORMED SYSTEM TEST. OPERATIONAL CHECK OK. INJURY SUMMARY NOT KNOWN BY ASI.",DOUG,MD9030,,"OPDEF, Other Than Pi;2450",,0.6051026004850524,5.208333333333348,8.42311545426966,13.166839071966896,stable,strong_growth,strong_growth,strong_growth,ASIAS
20040518010469I,2.0,,VMC,Daylight,UNK,Unknown,Unknown,2004,5,"(-23) GREAT LAKES AIRLINE, N96ZK, EMB 120-ER, FLIGHT 5014 ON DEPARTURE LOST OIL PRESSURE ON LEFT ENGINE AT 8000' MS

(-23) GREAT LAKES AIRLINE, N96ZK, EMB 120-ER, FLIGHT 5014 ON DEPARTURE LOST OIL PRESSURE ON LEFT ENGINE AT 8000' MSL. FLIGHT CREW DECLARED AN EMERGENCY AND SECURED LEFT ENGINE. AIRCRAFT LANDED WITHOUT INCIDENT. MAINTENANCE REPLACED THE LEFT PROPELLER CONTROL UNIT (PCU) WITH A OVERHAULED UNIT PRIOR TO THE FLIGHT. ALL REQUIRED OPERATIONAL CHECKS WERE PERFORMED IN ACCORDANCE WITH THE MAINTENANCE MANUAL. PCU PART NUMBER 782490-46 SERIAL NUMBER 900894 HAD TSO ""0"", TSN ""11203"" AND TCSN ""13435"". AT TIME OF PCU FAILURE, UNIT HAD A TOTAL OF .3 HOURS TSO. TEAR DOWN OF PCU BY THE REPAIR STATION INDICATED THAT A SHEARED OFF SCREW ON THE TORQUE MOTOR COVER IS WHERE OIL PRESSURE WAS LOST. SDR WAS FILED BY GREAT LAKES AVIATION, LTD.",EMB,EMB120ER,,"OPDEF, Other Than Pi;6120",,0.8962271024904878,10.204081632653072,8.42311545426966,8.372964404092809,stable,strong_growth,strong_growth,strong_growth,ASIAS
20040425008089I,2.0,,VMC,Daylight,UNK,Unknown,Unknown,2004,4,"(-23) THE #4 MAIN TIRE TREAD SEPARATED DURING LANDING, CAUSING BOTH #4 AND #3 MAIN TIRES TO FAIL. RUBBER TREAD DEBR

(-23) THE #4 MAIN TIRE TREAD SEPARATED DURING LANDING, CAUSING BOTH #4 AND #3 MAIN TIRES TO FAIL. RUBBER TREAD DEBRIS CAUSED DAMAGE TO THE FLAP, GEAR DOOR, AND INGESTION DAMAGE TO THE #2 ENGINE #7 AND #9 FAN BLADES. THE AIRCRAFT STOPPED ON THE TAXIWAY, AND THE PASSENGERS WERE DEPLANED AND BUSSED TO THE TERMINAL. THERE WAS NO EVACUATION AND NO INJURIES.",CNDAIR,CL6002B19,,"OPDEF, Other Than Pi;3244",,0.6051026004850524,5.208333333333348,8.42311545426966,13.166839071966896,stable,strong_growth,strong_growth,strong_growth,ASIAS
20040503019809I,2.0,,VMC,Daylight,UNK,Unknown,Unknown,2004,5,"(-23) ON TAKEOFF, CABIN DOOR CAME COMPLETELY OPEN. FLIGHT ATTENDANT REACHED ACROSS AISLE TO PASSENGERS IN SEATS 1D

(-23) ON TAKEOFF, CABIN DOOR CAME COMPLETELY OPEN. FLIGHT ATTENDANT REACHED ACROSS AISLE TO PASSENGERS IN SEATS 1D AND 1F FOR ASSISTANCE. ALLEGHENY COMMUTER PILOT DEADHEADING IN BACK OF CABIN CAME UP FRONT AND PULLED FLIGHT ATTENDANT FROM HER SEAT AND TO REAR OF AIRPLANE. FLIGHT CREW RETURNED TO AIRPORT AND LANDED NORMALLY.",DORNER,DO328100,,"Miscellaneous, Other;5210",,0.8962271024904878,10.204081632653072,8.42311545426966,8.372964404092809,stable,strong_growth,strong_growth,strong_growth,ASIAS
20040520010039I,2.0,,Unknown,Daylight,UNK,Unknown,Unknown,2004,5,"(-23) GREAT LAKES AIRLINE, N293UX, EMB 120-ER, FLIGHT 5014 AT BEGINNING OF TAKE OFF ROLL, LOST LEFT ENGINE POWER. F

(-23) GREAT LAKES AIRLINE, N293UX, EMB 120-ER, FLIGHT 5014 AT BEGINNING OF TAKE OFF ROLL, LOST LEFT ENGINE POWER. FLIGHT CREW SECURED ENGINE AND RETURNED TO GATE. MAINTENANCE INSPECTED FUEL SYSTEM AND ENGINE, PERFORMED POWER RUNS AND COULD NOT DUPLICATE. OPERATIONAL CHECK FLIGHT WAS PERFORMED AND FOUND SATISFACTORY.",EMB,EMB120ER,,"OPDEF, Other Than Pi;7200",,0.8962271024904878,10.204081632653072,8.42311545426966,8.372964404092809,stable,strong_growth,strong_growth,strong_growth,ASIAS
20040509019759I,2.0,,VMC,Daylight,UNK,Unknown,Unknown,2004,5,"(-23) ON 05/09/04, DELTA FLIGHT 650, N314DA ABORTED TAKEOFF DUE TO #2 ENGINE FAILURE. AT APPROXIMATELY 1248 AIRCRAF

(-23) ON 05/09/04, DELTA FLIGHT 650, N314DA ABORTED TAKEOFF DUE TO #2 ENGINE FAILURE. AT APPROXIMATELY 1248 AIRCRAFT WAS CLEARED FOR T/O, DURING T/O ROLL CREW HEARD A LOUD BANG WITH YAW TO THE RIGHT. CREW REGAINED CONTROL OF AIRCRAFT AND TAKEOFF WAS ABORTED. AIRCRAFT PROCEEDED TO THE END OF RUNWAY 19 THEN TURNED ONTO TAXIWAY. AT THIS POINT, ATC OBSERVED SMOKE EMITTING FROM THE RIGHT ENGINE AND ADVISED CREW. AIRCRAFT THEN TAXIED UNDER ITS OWN POWER TO THE GATE WHERE PAXS DEPLANED. AIRPORT OPERATIONS FOUND AIRCRAFT ENGINE DEBRIS SCATTERED APPROXIMATELY 3000 FEET DOWN RUNWAY 19. DEBRIS WAS REMOVED FROM THE RUNWAY AND AIRPORT OPERATIONS RESUMED TWO HOURS LATER.",BOEING,737232,,"OPDEF, Other Than Pi;7200",,0.8962271024904878,10.204081632653072,8.42311545426966,8.372964404092809,stable,strong_growth,strong_growth,strong_growth,ASIAS
20040410006949A,2.0,,Unknown,Unknown,UNK,Unknown,2000-5000,2004,4,"(-23) ON APRIL 10, 2004 AT 2258 EDT, WORLD AIRWAYS AIRCRAFT N14075, DC-10-30, S/N 46922, WAS ON FLIGHT 725 FROM NAP

(-23) ON APRIL 10, 2004 AT 2258 EDT, WORLD AIRWAYS AIRCRAFT N14075, DC-10-30, S/N 46922, WAS ON FLIGHT 725 FROM NAPLES, ITALY TO NAVAL AIR STATION NORFOLK. AFTER APPROXIMATELY 5 HOURS OF FLIGHT, AT 32,000 FEET, THE PILOT REPORTED A ""SHUTTER AND BOUNCE"" OF THE AIRCRAFT. THE PILOT REPORTED A ""SLIGHT VIBRATION"" IN THE COCKPIT FLOOR AND APPROXIMATE 1000 LBS. ADDITIONAL FUEL FLOW PER HOUR FOR THE REMAINDER OF THE FLIGHT. THE FLIGHT CONTINUED TO ITS DESTINATION WITHOUT FURTHER INCIDENT. AN INSPECTION OF THE AIRCRAFT REVEALED 95% OF THE LEFT AND THE ENTIRE RIGHT FAN COWL OF THE CENTER ENGINE (#2 ENGINE) DEPARTED THE AIRCRAFT. THE RIGHT FAN COWL IMPACTED THE UPPER SURFACE OF RIGHT INBOARD ELEVATOR CAUSING SUBSTANTIAL DAMAGE TO THIS FLIGHT CONTROL SURFACE.",DOUG,DC1030,,"OPDEF, Other Than Pi;7110",,0.6051026004850524,5.208333333333348,8.42311545426966,13.166839071966896,stable,strong_growth,strong_growth,strong_growth,ASIAS
20040418006759I,2.0,,Unknown,Unknown,UNK,Other,Unknown,2004,4,"(-23) PASSENGER ^PRIVACY DATA OMITTED^ ON SWA FLIGHT 822 WAS ALLEGEDLY SMOKED A CIGARETTE DURING FLIGHT OPERATIONS.

(-23) PASSENGER ^PRIVACY DATA OMITTED^ ON SWA FLIGHT 822 WAS ALLEGEDLY SMOKED A CIGARETTE DURING FLIGHT OPERATIONS. THE POLICE INTERVIEWED ^PRIVACY DAT^ THE FLIGHT ATTENDANT FOUND CIGARETTE ASHES IN THE BATHROOM SHE EXITED.   PASSENGER INJURY SUMMARY NOT KNOWN BY ASI.",,,,"Miscellaneous, Other;Cntl Intfr By Passen",,0.6051026004850524,5.208333333333348,8.42311545426966,13.166839071966896,stable,strong_growth,strong_growth,strong_growth,ASIAS
20040415005899I,2.0,,Unknown,Daylight,UNK,Unknown,Unknown,2004,4,"(-23) SKYWEST FLIGHT 3914, COS-SLC, BLEW A TIRE DEPARTING COS. THE CRASH EQUIPMENT WAS CALLED OUT IN SLC. THE AIRCR

(-23) SKYWEST FLIGHT 3914, COS-SLC, BLEW A TIRE DEPARTING COS. THE CRASH EQUIPMENT WAS CALLED OUT IN SLC. THE AIRCRAFT LANDED WITHOUT INCIDENT. MINOR DAMAGE WAS DONE TO THE AIRCRAFT. THE FLIGHT HAD 54 SOULS ON BOARD.",CNDAIR,CL6002B19,,"OPDEF, Other Than Pi;3244",,0.6051026004850524,5.208333333333348,8.42311545426966,13.166839071966896,stable,strong_growth,strong_growth,strong_growth,ASIAS
20040330005909I,2.0,,Unknown,Daylight,UNK,Unknown,Unknown,2004,3,"(-23) ON 03/30/04, HORIZON AIR FLIGHT 2483, DEPARTED BILLINGS, MT (BIL) ENROUTE TO PORTLAND, OR (PDX), LOST THE REC

(-23) ON 03/30/04, HORIZON AIR FLIGHT 2483, DEPARTED BILLINGS, MT (BIL) ENROUTE TO PORTLAND, OR (PDX), LOST THE RECAP TREAD ON #4 TIRE. FLIGHT CREW DECLARED AN EMERGENCY AND RETURNED TO BILLINGS AND LANDED WITHOUT INCIDENT AT APPROXIMATELY 2110Z. AIRCRAFT TAXIED BACK TO GATE AND PASSENGERS WERE DEPLANED VIA THE JETWAY. INVESTIGATION REVEALED RIGHT MAIN LANDING GEAR DOOR PARTIALLY MISSING, DAMAGE TO THE RIGHT FLAP CANOE, AND MINOR DAMAGE TO THE RIGHT FLAP. BOTH #3 AND #4 WHEEL/TIRE ASSEMBLY WERE REPLACED AND THE AIRCRAFT WAS INSPECTED AND WAS FERRIED TO PORTLAND, OR (PDX) FOR FINAL REPAIRS. AIR OPERATOR HAS SUBMITTED A SERVICE DIFFICULTY REPORT (SDR) ON THE MATTER. THIS INCIDENT IS CONSIDERED CLOSED.",CNDAIR,CL6002C10,,"OPDEF, Other Than Pi;3244",,1.1183609573718778,12.35955056179776,4.252667086989947,3.1608807240308012,mild_growth,strong_growth,mild_growth,mild_growth,ASIAS
20040405033639I,2.0,,Unknown,Daylight,UNK,Other,Unknown,2004,4,"(-23) ON APRIL 5, 2004 AT APPROXIMATELY 1755 EDT, ^PRIVACY DATA OMITTED^ APPEARED TO BE INTOXICATED AND GAVE THE FL

(-23) ON APRIL 5, 2004 AT APPROXIMATELY 1755 EDT, ^PRIVACY DATA OMITTED^ APPEARED TO BE INTOXICATED AND GAVE THE FLIGHT ATTENDANT A HARD TIME ON AIR TRAN FLIGHT 488 FROM BWI TO ROC. ^PRIVACY DATA OMITTED^ WAS ESCORTED OFF THE AIRCRAFT BY LOCAL LAW ENFORCEMENT PERSONNEL. THIS INCIDENT IS CONSIDERED CLOSED. INJURY SUMMARY NOT KNOWN BY ASI",BOEING,717200,,"Miscellaneous, Other;Unauthorized Action",,0.6051026004850524,5.208333333333348,8.42311545426966,13.166839071966896,stable,strong_growth,strong_growth,strong_growth,ASIAS
20040331004159I,2.0,,Unknown,Daylight,UNK,Unknown,Unknown,2004,3,"(-23) ON MARCH 31, 2004, AT 1103 EASTERN STANDARD TIME, A DORNIER 328-100, N438JS, OPERATED BY PSA AIRLINES (VNAA),

(-23) ON MARCH 31, 2004, AT 1103 EASTERN STANDARD TIME, A DORNIER 328-100, N438JS, OPERATED BY PSA AIRLINES (VNAA), AS US AIRWAYS EXPRESS FLIGHT NUMBER 2558, DECLARED AN IN FLIGHT EMERGENCY DURING THE APPROACH TO PITTSBURGH INTERNATIONAL AIRPORT (PIT), PITTSBURGH, PENNSYLVANIA. THE CREW REPORTED THE AIRCRAFT'S NUMBER TWO ENGINE SHUT DOWN. THE AIRCRAFT LANDED ON RUNWAY 32 WITHOUT INCIDENT WITH AIRCRAFT RESCUE & FIRE FIGHTING (ARFF) STANDING BY. SUBSEQUENTLY THE AIRCRAFT TAXIED BACK TO THE RAMP WITHOUT INCIDENT. SUBMISSION OF THIS REPORT CLOSES THIS INCIDENT.",DORNER,DO328100,,"OPDEF, Other Than Pi;7321",,1.1183609573718778,12.35955056179776,4.252667086989947,3.1608807240308012,mild_growth,strong_growth,mild_growth,mild_growth,ASIAS
20040402004149I,2.0,,Unknown,Daylight,UNK,Unknown,Unknown,2004,4,"(-23) ON APRIL 2, 2004, AT 1120 EASTERN STANDARD TIME, A DORNIER 328-100, N437JS, OPERATED BY PSA AIRLINES (VNAA),

(-23) ON APRIL 2, 2004, AT 1120 EASTERN STANDARD TIME, A DORNIER 328-100, N437JS, OPERATED BY PSA AIRLINES (VNAA), AS US AIRWAYS EXPRESS FLIGHT NUMBER 2558, DECLARED AN IN DURING THE APPROACH TO PITTSBURGH INTERNATIONAL AIRPORT (PIT), PITTSBURGH, PENNSYLVANIA. THE CREW REPORTED THEY HAD SHUT DOWN THE AIRCRAFT'S NUMBER ONE ENGINE DUE TO ENGINE OIL PRESSURE FLUCTUATION. THE AIRCRAFT LANDED ON RUNWAY 32 WITHOUT INCIDENT WITH AIRCRAFT RESCUE & FIRE FIGHTING (ARFF) STANDING BY. SUBSEQUENTLY THE AIRCRAFT TAXIED TO THE RAMP WITHOUT INCIDENT.",DORNER,DO328100,,"OPDEF, Other Than Pi;7261",,0.6051026004850524,5.208333333333348,8.42311545426966,13.166839071966896,stable,strong_growth,strong_growth,strong_growth,ASIAS
20040508007159I,2.0,,IMC,Daylight,UNK,Unknown,Unknown,2004,5,"(-23) CREW DECLARED AN EMERGENCY DUE TO RECEIVING A TRIPLE CHIME WARNING FOR ENGINE CONTROL FOR THE RIGHT ENGINE. W

(-23) CREW DECLARED AN EMERGENCY DUE TO RECEIVING A TRIPLE CHIME WARNING FOR ENGINE CONTROL FOR THE RIGHT ENGINE. WHEN THE FIRST OFFICER PROCEEDED WITH THE PROCEDURE FOR AN ELECTRONIC ENGINE CONTROL (EEC) FAILURE, AFTER SETTING THE EEC SWITCH TO MANUAL, THE RIGHT ENGINE EXPERIENCED A SIGNIFICANT POWER LOSS, THAT DID NOT CHANGE WHEN THE THROTTLE WAS ADVANCED. SKYWEST SFO MAINTENANCE PERSONNEL REMOVED AND REPLACED A T 1.8 PROBE THAT FAILED.",EMB,EMB120,,"OPDEF, Other Than Pi;7320",,0.8962271024904878,10.204081632653072,8.42311545426966,8.372964404092809,stable,strong_growth,strong_growth,strong_growth,ASIAS
20040410030069A,2.0,,Unknown,Unknown,UNK,Other,5000+,2004,4,"(-23) ON APRIL 10, 2004, AT APPROX. 1835 CDT, SOUTHWEST 2038, A BOEING 737 (N662SW), ENCOUNTERED TURBULENCE WHILE E

(-23) ON APRIL 10, 2004, AT APPROX. 1835 CDT, SOUTHWEST 2038, A BOEING 737 (N662SW), ENCOUNTERED TURBULENCE WHILE ENROUTE TO THE ST. LOUIS INTERNATIONAL AIRPORT, ST. LOUIS, MO. DURING HIS TURBULENCE ENCOUNTER, A CABIN FLIGHT ATTENDANT RECEIVED SERIOUS INJURIES. NO INJURIES TO THE PASSENGERS OR OTHER CREWMEMBERS WAS REPORTED. THE FLIGHT ORIGINATED AT HOUSTON HOBBY AIRPORT.",BOEING,7373Q8,,"Miscellaneous, Other;Other, Miscellaneous",,0.6051026004850524,5.208333333333348,8.42311545426966,13.166839071966896,stable,strong_growth,strong_growth,strong_growth,ASIAS
20040520012309I,2.0,,VMC,Daylight,UNK,Unknown,Unknown,2004,5,"(-23) AMERICAN EAGLE FLIGHT 4179 WAS ENROUTE FROM ORD TO OMA, THE CREW REPORTED ON APPROACH TO OMAHA THAT THEY HAD

(-23) AMERICAN EAGLE FLIGHT 4179 WAS ENROUTE FROM ORD TO OMA, THE CREW REPORTED ON APPROACH TO OMAHA THAT THEY HAD RECEIVED AN ICAS MESSAGE REGARDING NOSE GEAR STEERING FAILURE. THE CREW FOLLOWED PROCEDURES BUT THEY WERE UNABLE TO RESOLVE THE PROBLEM. THEY LANDED AND TAXIED TO THE GATE WITHOUT INCIDENT AT OMAHA WITH FIRE AND RESCUE STANDING BY. COMPANY MECHANICS REPLACED THE LANDING GEAR ELECTRONIC UNIT.",EMB,EMB145LR,,"OPDEF, Other Than Pi;3250",,0.8962271024904878,10.204081632653072,8.42311545426966,8.372964404092809,stable,strong_growth,strong_growth,strong_growth,ASIAS
20040523007869I,2.0,,Unknown,Unknown,UNK,Other,Unknown,2004,5,"(-23) FLIGHT ATTENDANT PULLED TOP BEVERAGE CART DRAWER OUT AND SECOND DRAWER FELL OUT AND STRUCK HER ON FOOT. FLIGH

(-23) FLIGHT ATTENDANT PULLED TOP BEVERAGE CART DRAWER OUT AND SECOND DRAWER FELL OUT AND STRUCK HER ON FOOT. FLIGHT ATTENDANT NOTIFIED PILOT OF SITUATION AND PILOT DIVERTED TO CVG TO DETERMINE THE EXTENT OF HER INJURIES. PARAMEDICS WERE CALLED TO MEET FLIGHT. FLIGHT ATTENDANT WAS REPLACED AND FLIGHT CONTINUED WITHOUT INCIDENT. FLIGHT ATTENDANT TRANSPORTED TO DOCTOR FOR XRAYS. XRAYS DETERMINED CONTUSIONS TO THE FOOT, BUT NO FRACTURES.",CNDAIR,CL6002B19,,"Miscellaneous, Other;Other, Miscellaneous",,0.8962271024904878,10.204081632653072,8.42311545426966,8.372964404092809,stable,strong_growth,strong_growth,strong_growth,ASIAS
20040428006519I,2.0,,Unknown,Daylight,UNK,Other,Unknown,2004,4,"(-23) 4/28/2004, AIRCRAFT PARKED ON RAMP DURING RAMP TURN AROUND. GROUND POWER ELECTRICAL UNIT ATTACHED TO AIRCRAFT

(-23) 4/28/2004, AIRCRAFT PARKED ON RAMP DURING RAMP TURN AROUND. GROUND POWER ELECTRICAL UNIT ATTACHED TO AIRCRAFT PROVIDING ELECTRICAL POWER. POWER UNIT POSITIONED ON RIGHT SIDE OF AIRCRAFT NOSE, ELECTRICAL CABLE ROUTED UNDER NOSE OF AIRCRAFT FORWARD OF NOSE GEAR WHEELS AND ATTACHED TO AIRCRAFT. PRIOR TO DEPARTURE, A TUG WAS ATTACHED TO POWER UNIT TO REMOVE POWER UNIT FROM AREA, LATE BAG ARRIVED AND RAMP AGENT PROCEEDED TO USE TUG TO DELIVER BAG. POWER UNIT ELECTRICAL CABLE CAME IN CONTACT WITH NOSE GEAR LEFT HAND FOLLOW UP DOOR WHILE POWER STILL APPLIED TO THE AIRCRAFT AND AGENT DROVE AWAY, CABLE WAS CUT BY SHARP METAL STRIP SECURING DOOR SEAL, METAL CONTACT CAUSED ELECTRICAL FIRE IN AREA OF LEFT FOLLOW UP DOOR. FIRE WAS EXTINGUISHED BY AIRPORT FIRE RESCUE. AIRCRAFT WAS EVACUATED, NO PASSENGER INJURIES WERE SUSTAINED. EVACUATION WAS SUCCESSFUL.",DORNER,DO328300,,"Miscellaneous, Other;Other, Miscellaneous",,0.6051026004850524,5.208333333333348,8.42311545426966,13.166839071966896,stable,strong_growth,strong_growth,strong_growth,ASIAS
20040511014939I,2.0,,Unknown,Daylight,UNK,Other,Unknown,2004,5,"(-23) PASSENGER ^PRIVACY DATA OMIT^ FLIGHT 312 FROM CANCUN, MEXICO TO CLEVELAND, OHIO WAS FOUND BY CREWMEMBER TO HA

(-23) PASSENGER ^PRIVACY DATA OMIT^ FLIGHT 312 FROM CANCUN, MEXICO TO CLEVELAND, OHIO WAS FOUND BY CREWMEMBER TO HAVE SMOKED IN THE LAVATORY IN VIOLATION OF CREWMEMBER BRIEFING AND POSTED PLACARDS AND SIGNS. THE INCIDENT HAPPENED DURING THE DESCENT INTO CLEVELAND. PASSENGER ADMITTED SMOKING AND PROVIDED IDENTIFICATION TO LAW ENFORCEMENT. INJURY SUMMARY NOT KNOWN BY ASI.",BOEING,757231,,"Miscellaneous, Other;Cntl Intfr By Passen",,0.8962271024904878,10.204081632653072,8.42311545426966,8.372964404092809,stable,strong_growth,strong_growth,strong_growth,ASIAS
20040503020709I,2.0,,IMC,Daylight,UNK,Unknown,Unknown,2004,5,"(-23) JUST AFTER PARKING AT THE GATE, AND AFTER HAVING RESET THE APU GENERATOR TO ""ON"", A LARGE AMOUNT OF SMOKE WAS

(-23) JUST AFTER PARKING AT THE GATE, AND AFTER HAVING RESET THE APU GENERATOR TO ""ON"", A LARGE AMOUNT OF SMOKE WAS SEEN EMANATING FROM THE TAIL OF THE AIRCRAFT. THE CAPTAIN SHUT DOWN THE REMAINING ENGINE, #2, AND THE APU, AND DISCHARGED THE APU FIRE BOTTLE. THE PASSENGERS AND THE CREW DEPLANED UNEVENTFULLY INTO THE JETWAY, VIA THE MAIN CABIN DOOR, WITH NO INJURIES. THE CRASH AND RESCUE PERSONNEL RESPONDED, BUT WERE UNABLE TO FIND ANY EVIDENCE OF FIRE. COMPANY MAINTENANCE FOUND EVIDENCE OF A POSSIBLE APU INLET FIRE, AND THE AIRCRAFT WAS FERRIED TO A MAINTENANCE BASE, WHERE THE APU, APU INLET, APU GENERATOR AND APU FADEC CONTROL WERE REPLACED.",EMB,EMB135LR,,"OPDEF, Other Than Pi;4920",,0.8962271024904878,10.204081632653072,8.42311545426966,8.372964404092809,stable,strong_growth,strong_growth,strong_growth,ASIAS
20040410007499I,2.0,,VMC,Unknown,UNK,Unknown,Unknown,2004,4,"(-23) NORTHWEST AIRLINES FLIGHT 104 WAS ENROUTE FROM PHOENIX, AZ. TO MINNEAPOLIS, MN. WHEN THE CREW RECEIVED AN AVI

(-23) NORTHWEST AIRLINES FLIGHT 104 WAS ENROUTE FROM PHOENIX, AZ. TO MINNEAPOLIS, MN. WHEN THE CREW RECEIVED AN AVIONICS VENT BLOWER FAULT AND A PUFF OF SMOKE. THE CREW DECLARED AN EMERGENCY, AND DIVERTED TO NORTH PLATTE, NE, WHERE THEY MADE AN UNEVENTFUL LANDING. MAINTENANCE FOUND THE AVIONICS COOLING FAN (BLOWER) HAD SEIZED. COMPONENT FAILURE.",AIRBUS,A319114,,"OPDEF, Other Than Pi;2121",,0.6051026004850524,5.208333333333348,8.42311545426966,13.166839071966896,stable,strong_growth,strong_growth,strong_growth,ASIAS
20040411015539I,2.0,,Unknown,Unknown,UNK,Other,<500,2004,4,"(-23) PASSENGER ^PRIVACY DATA OMITTED^ WAS SMOKING ABOARD SKY KING FLIGHT 5001 CONTRARY TO FARS 121.317(G), 121.317

(-23) PASSENGER ^PRIVACY DATA OMITTED^ WAS SMOKING ABOARD SKY KING FLIGHT 5001 CONTRARY TO FARS 121.317(G), 121.317(H) AND 121.317(K).",BOEING,737*,,"Miscellaneous, Other;Cntl Intfr By Passen",,0.6051026004850524,5.208333333333348,8.42311545426966,13.166839071966896,stable,strong_growth,strong_growth,strong_growth,ASIAS
20040521009049I,2.0,,VMC,Daylight,UNK,Unknown,Unknown,2004,5,"(-23) CONTINENTAL AIRLINES (CALA), FLIGHT #COA391, MD-82 AIRCRAFT, N14840 LOST #2 HYDRAULIC SYSTEM DUE TO A CRACKED

(-23) CONTINENTAL AIRLINES (CALA), FLIGHT #COA391, MD-82 AIRCRAFT, N14840 LOST #2 HYDRAULIC SYSTEM DUE TO A CRACKED HYDRAULIC RETURN LINE, THE LANDING GEAR HAD TO BE EMERGENCY EXTENDED. THE MAIN GEAR INNER DOORS SUSTAINED DAMAGE TO THE SKID PLATES AND DOOR SKINS.",DOUG,DC982,,"OPDEF, Other Than Pi;2910",,0.8962271024904878,10.204081632653072,8.42311545426966,8.372964404092809,stable,strong_growth,strong_growth,strong_growth,ASIAS
20040418016309I,2.0,,VMC,Night,UNK,Unknown,5000+,2004,4,"(-23) ^PRIVACY DATA OMITTED^ FLIGHT 814 IN CRUISE @ FLIGHT LEVEL 310 APPROX 200 MILES NE OF KFLL, CREW HEARD LOUD B

(-23) ^PRIVACY DATA OMITTED^ FLIGHT 814 IN CRUISE @ FLIGHT LEVEL 310 APPROX 200 MILES NE OF KFLL, CREW HEARD LOUD BANG ACCOMPANIED BY YAW. EGT AND OIL TEMP ABNORMALLY HIGH. QRH FOR ""SEVERE ENGINE DAMAGE"" CARRIED OUT EMERGENCY PROCEDURE AND SECURED ENGINE. DIVERTED TO FLL, UNEVENTFUL APPROACH AND LANDING CARRIED OUT. ORIGINAL FLIGHT PLAN TO SANTA CLARA CUBA.",DOUG,DC983,,"OPDEF, Other Than Pi;7250",,0.6051026004850524,5.208333333333348,8.42311545426966,13.166839071966896,stable,strong_growth,strong_growth,strong_growth,ASIAS
20040404008259I,2.0,,VMC,Unknown,UNK,PIC,5000+,2004,4,"(-23) AT 1828E, DELTA AIRLINES, FLIGHT 428, AN MD88, EXPERIENCED A SUDDEN DECREASE IN ALTITUDE AND SPEED DUE TO CRO

(-23) AT 1828E, DELTA AIRLINES, FLIGHT 428, AN MD88, EXPERIENCED A SUDDEN DECREASE IN ALTITUDE AND SPEED DUE TO CROSSWINDS. THE AIRCRAFT LANDED HARD ON RUNWAY 5 DRAGGING THE LEFT WING DOWN THE RUNWAY. NO ASSISTANCE WAS REQUESTED, AND THE AIRCRAFT CONTINUED TAXIING TO THE GATE WITHOUT INCIDENT. THERE WERE NO INJURIES REPORTED TO ANYONE, AND THE DAMAGE TO THE AIRCRAFT WAS CONTAINED TO THE LEFT WING TIP.",DOUG,MD88,,"Miscellaneous, Other;Improper Level Off",,0.6051026004850524,5.208333333333348,8.42311545426966,13.166839071966896,stable,strong_growth,strong_growth,strong_growth,ASIAS
20040519008629I,2.0,,VMC,Daylight,UNK,Unknown,Unknown,2004,5,"(-23) ON MAY 19, 2004 NORTHWEST AIRLINES FLT. 1751 A DC-9-51 ADVISED A.T.C. OF A FLAP PROBLEM, A L/E SLAT DISAGREEM

(-23) ON MAY 19, 2004 NORTHWEST AIRLINES FLT. 1751 A DC-9-51 ADVISED A.T.C. OF A FLAP PROBLEM, A L/E SLAT DISAGREEMENT LIGHT ILLUMINATED DURING APPROACH. AN EMERGENCY WAS DECLARED, THE AIRCRAFT LANDED WITHOUT INCIDENT. MAINTENANCE CONCLUDED THAT THE LEFT L/E SLAT TELESCOPING DUCT APPEARED TO BE BINDING. AREA WAS INSPECTED, DUCT LUBRICATED IN ACCORDANCE WITH AMM 27-80-0. OPERATION NOW NORMAL. ADDITIONALLY THE DUCT WAS DEFERRED FOR REPLACEMENT WITHIN THE NEXT FIVE DAYS, REFERENCE LOG PAGE 1028808. INCIDENT ^PRIVACY DATA OMITTED IS CONSIDERED CLOSED. COMPONENT FAILURE.",DOUG,DC951,,"OPDEF, Other Than Pi;3010",,0.8962271024904878,10.204081632653072,8.42311545426966,8.372964404092809,stable,strong_growth,strong_growth,strong_growth,ASIAS
20040504015549I,2.0,,Unknown,Daylight,UNK,Other,Unknown,2004,5,"(-23) PASSENGER ^PRIVACY DATA OMITTED^ BECAME IRATE DURING THE FLIGHT AND INTERFERED WITH A CREWMEMBER IN THE PERFO

(-23) PASSENGER ^PRIVACY DATA OMITTED^ BECAME IRATE DURING THE FLIGHT AND INTERFERED WITH A CREWMEMBER IN THE PERFORMANCE OF THE CREWMEMBER'S DUTIES IN VIOLATION OF FAR 121.580.   CABIN CREW AND PASSENGER INJURY SUMMARY NOT KNOWN BY ASI.",,,,"Miscellaneous, Other;Cntl Intfr By Passen",,0.8962271024904878,10.204081632653072,8.42311545426966,8.372964404092809,stable,strong_growth,strong_growth,strong_growth,ASIAS
20040426006059I,2.0,,VMC,Daylight,UNK,Unknown,Unknown,2004,4,"(-23) CREW FROM CONTINENTAL FLIGHT 1407 REPORTED TO OAKLAND TOWER A HYDRAULIC PROBLEM PRIOR TO LANDING. THEY STATED

(-23) CREW FROM CONTINENTAL FLIGHT 1407 REPORTED TO OAKLAND TOWER A HYDRAULIC PROBLEM PRIOR TO LANDING. THEY STATED ON LOGPAGE NUMBER 7158637, SYSTEM (A) HYDRAULIC ENGINE PUMP LOW PRESSURE LIGHT CAME ON FOLLOWED BY LOSS OF QUANTITY, AND PERFORMED CHECKLIST PROCEDURES. THE AIRCRAFT SUSTAINED DAMAGE TO THE LEFT WING INBOARD FLAP, LEFT MAIN LANDING GEAR #2 TIRE, INBOARD BRAKE PRESSURE LINE, AND SHIMMY DAMPER PRESSURE SENSING LINE, ALL DUE TO THE SEPARATION OF THE TIRE ON LANDING.",BOEING,737924,,"OPDEF, Other Than Pi;3244",,0.6051026004850524,5.208333333333348,8.42311545426966,13.166839071966896,stable,strong_growth,strong_growth,strong_growth,ASIAS
20040615013889I,2.0,,IMC,Daylight,UNK,Unknown,2000-5000,2004,6,"(-23) MESA FLIGHT 2653 ENROUTE BETWEEN PHL AND IND EXPERIENCED UNEXPECTED TURBULENCE AT FL 310 IN THE VICINITY OF P

(-23) MESA FLIGHT 2653 ENROUTE BETWEEN PHL AND IND EXPERIENCED UNEXPECTED TURBULENCE AT FL 310 IN THE VICINITY OF PORT COLUMBUS, OHIO. THE TURBULENCE CAUSED THE FLIGHT ATTENDANT TO FALL IN THE GALLEY AREA AND INJURE HER SHOULDER. SHE WAS UNABLE TO PERFORM HER NORMAL DUTIES FOR THE REMAINDER OF THE FLIGHT. A MEDICAL EMERGENCY WAS DECLARED AND THE FLIGHT WAS DIVERTED INTO PORT COLUMBUS.",EMB,EMB145LR,,"Miscellaneous, Other",,1.226868947061388,9.000000000000007,8.42311545426966,6.651826633494817,mild_growth,strong_growth,strong_growth,strong_growth,ASIAS
20040531010539I,2.0,,VMC,Daylight,UNK,Other,Unknown,2004,5,"(-23) NORTHWEST GATE AGENT OPENED AIRCRAFT DOOR 1L, WHILE FLIGHT ATTENDANT STILL HAD HER HAND ON THE HANDLE. THE FL

(-23) NORTHWEST GATE AGENT OPENED AIRCRAFT DOOR 1L, WHILE FLIGHT ATTENDANT STILL HAD HER HAND ON THE HANDLE. THE FLIGHT ATTENDANT SUSTAINED A FRACTURED WRIST.",BOEING,757251,,"Miscellaneous, Other;Other, Miscellaneous",,0.8962271024904878,10.204081632653072,8.42311545426966,8.372964404092809,stable,strong_growth,strong_growth,strong_growth,ASIAS
20040619015689I,2.0,,IMC,Unknown,UNK,Unknown,Unknown,2004,6,"(-23) ON JUNE 19, 2004 US AIRWAYS N614AU FLT. 625 A B-757 ADVISED A.T.C. OF AN ELECTRICAL SMELL IN THE CABIN AND DE

(-23) ON JUNE 19, 2004 US AIRWAYS N614AU FLT. 625 A B-757 ADVISED A.T.C. OF AN ELECTRICAL SMELL IN THE CABIN AND DECLARED AN EMERGENCY. THE AIRCRAFT LANDED WITHOUT INCIDENT. MAINTENANCE CONCLUDED THAT THE FASTEN SEAT BELT/NO SMOKING ANNUNCIATOR AT ROW 32DEF WAS THE CAUSE OF THE ELECTRICAL ODOR. THE UNIT WAS DEACTIVATED, MEL 33-2401A, CONTROL NUMBER 1943C29 WAS APPLIED. OPSTO SYSTEM WERE OK. REFERENCE LOST PAGE 59638932 FOR REPLACEMENT OF SIGN ASSY. INCIDENT ^PRIVACY DATA OMITTED IS CONSIDERED CLOSED.",BOEING,7572B7,,"OPDEF, Other Than Pi;3320",,1.226868947061388,9.000000000000007,8.42311545426966,6.651826633494817,mild_growth,strong_growth,strong_growth,strong_growth,ASIAS
20040622014439I,2.0,,VMC,Daylight,UNK,Unknown,Unknown,2004,6,"(-23) AFTER DEPARTURE FROM DENVER CO (DEN) TO GARDEN CITY KS (DCK), AT APPROXIMATELY 12,500 FEET MSL AT CLIMB POWER

(-23) AFTER DEPARTURE FROM DENVER CO (DEN) TO GARDEN CITY KS (DCK), AT APPROXIMATELY 12,500 FEET MSL AT CLIMB POWER THE #1 ENGINE BEGAN TO EXPERIENCE COMPRESSOR STALLS AND AN INCREASE IN ITT OF APPROXIMATELY 50 DEG. C. POWER WAS RETARDED AND THE ITT STABILIZED AROUND 750 DEG. C. AIR TURNED BACK TO DENVER WITH ENGINE STABILIZED EXCEPT FOR OIL PRESSURE WHICH HAD FALLEN TO 70 PSI. TWO TO THREE MINUTES LATER THE ENGINE BEGAN TO SPUTTER AND ITT WAS INCREASING. ENGINE SHUTDOWN PROCEDURES WERE INITIATED AND SHUTDOWN WAS NORMAL. AN UNEVENTFUL SINGLE ENGINE LANDING WAS MADE IN DEN ON RUNWAY 17L. NO EXTERNAL DAMAGE TO THE ENGINE, ENGINE COWL OR AIRFRAME. DAMAGE APPEARS TO BE LIMITED TO INTERNAL COMPONENTS OF THE #1 ENGINE GAS GENERATOR S/N PCE 114179. THE ENGINE WAS REMOVED AND REPLACED AND AIRCRAFT RETURNED TO SERVICE. THE DEFECTIVE ENGINE HAS BEEN SHIPPED OUT FOR EVALUATION AND REPAIR.",BEECH,1900D,,"OPDEF, Other Than Pi;7200",,1.226868947061388,9.000000000000007,8.42311545426966,6.651826633494817,mild_growth,strong_growth,strong_growth,strong_growth,ASIAS
20040603020049I,2.0,,VMC,Daylight,UNK,Unknown,Unknown,2004,6,"(-23) AT 1642EDT, FLIGHT 4876 DIVERTED AND LANDED ON RUNWAY 02 AT ORF DUE TO A NUMBER 2 ENGINE SHUT DOWN. THE ARFF

(-23) AT 1642EDT, FLIGHT 4876 DIVERTED AND LANDED ON RUNWAY 02 AT ORF DUE TO A NUMBER 2 ENGINE SHUT DOWN. THE ARFF RESPONDED AND THE AIRCRAFT TAXIED TO THE RAMP WITHOUT FURTHER INCIDENT. THE ENGINE WAS SHUT DOWN IN FLIGHT DUE TO THE NUMBER 2 ENGINE EXPERIENCING A COMPRESSOR STALL. INVESTIGATION BY MAINTENANCE PERSONNEL REVEALED THAT THE INLET GUIDE VANES WHICH ARE CONTROLLED BY THE FUEL CONTROL UNIT HAD FAILED TO FUNCTION PROPERLY.",EMB,EMB135KL,,"OPDEF, Other Than Pi;7220",,1.226868947061388,9.000000000000007,8.42311545426966,6.651826633494817,mild_growth,strong_growth,strong_growth,strong_growth,ASIAS
20040524013539I,2.0,,VMC,Daylight,UNK,Unknown,Unknown,2004,5,"(-23) ON 5/23/04 WHILE TAXIING TO THE GATE AT CEDAR RAPIDS, IA (CID) THE CARGO/SMOKE CENTRAL WARNING PANEL (CWP) IL

(-23) ON 5/23/04 WHILE TAXIING TO THE GATE AT CEDAR RAPIDS, IA (CID) THE CARGO/SMOKE CENTRAL WARNING PANEL (CWP) ILLUMINATED. THE CREW DISCHARGED THE FIRE BOTTLE, THE LIGHT WENT OUT. MAINTENANCE WAS SENT TO REPLACE THE DISCHARGED BOTTLE AND THE AIRCRAFT WAS FERRIED BACK TO MIDWAY TO REPLACE THE DAMAGED SMOKE DETECTOR. EIGHT FLIGHTS LATER, ON 05/24/04, PRIOR TO ENGINE START FOR PUSHBACK AT MIDWAY THE CARGO/SMOKE CWP AGAIN ILLUMINATED. THE PASSENGERS WERE DEPLANED (NOT EVACUATED) AND THE DISCREPANCY WAS WRITTEN UP.",SAAB,340B,,"OPDEF, Other Than Pi;2611",,0.8962271024904878,10.204081632653072,8.42311545426966,8.372964404092809,stable,strong_growth,strong_growth,strong_growth,ASIAS
20040526010049I,2.0,,Unknown,Daylight,UNK,Unknown,Unknown,2004,5,"(-23) GREAT LAKES AIRLINE, N299UX, EMB 120-ER ON FINAL APPROACH HAD THE RIGHT HAND PROPELLER FEATHER WHEN THE CONDI

(-23) GREAT LAKES AIRLINE, N299UX, EMB 120-ER ON FINAL APPROACH HAD THE RIGHT HAND PROPELLER FEATHER WHEN THE CONDITION LEVER WAS ADVANCED TO MAXIMUM. CREW PERFORMED REQUIRED CHECKLIST AND LANDED WITHOUT INCIDENT. MAINTENANCE INSPECTED AIRCRAFT AND PERFORMED OPERATIONAL CHECKS IN ACCORDANCE WITH THE MAINTENANCE MANUAL. COULD NOT DUPLICATE PROBLEM. ON JUNE 2, 2004 THE RIGHT PROP FEATHERED AGAIN IN FLIGHT. MAINTENANCE REPAIRED CHAFFED WIRING ON RIGHT ENGINE TORQUE SIGNAL CONDITIONER. AT TIME OF THIS REPORT NO FURTHER INCIDENTS.",EMB,EMB120ER,,"OPDEF, Other Than Pi;6197",,0.8962271024904878,10.204081632653072,8.42311545426966,8.372964404092809,stable,strong_growth,strong_growth,strong_growth,ASIAS
20040608011459I,2.0,,VMC,Daylight,UNK,Unknown,Unknown,2004,6,"(-23) THE CAPTAIN STATED THAT THE SMOKE INDICATOR ON THE FLIGHT ENGINEER'S PANEL WENT OFF, INDICATING SMOKE IN THE

(-23) THE CAPTAIN STATED THAT THE SMOKE INDICATOR ON THE FLIGHT ENGINEER'S PANEL WENT OFF, INDICATING SMOKE IN THE FORWARD CARGO BAY. THE CREW DONNED THEIR MASKS, TOLD AIR TRAFFIC CONTROL OF THEIR EMERGENCY, AND REQUESTED TO BE DIVERTED TO BILLINGS, MONTANA. THEY FIRED THE FIRE BOTTLE, RAN THE CHECKLIST, AND ON FINAL APPROACH, FIRED THE SECOND BOTTLE, AND THEN LANDED. THE COCKPIT CREW FOLLOWED PROCEDURE. AFTER LANDING, IT WAS DETERMINED THAT THERE WAS NO SMOKE OR FIRE.",DOUG,DC1030,,"OPDEF, Other Than Pi;2611",,1.226868947061388,9.000000000000007,8.42311545426966,6.651826633494817,mild_growth,strong_growth,strong_growth,strong_growth,ASIAS
20040610010059I,2.0,,Unknown,Daylight,UNK,Unknown,Unknown,2004,6,"(-23) DELTA FLIGHT 1640 LOST THE TREAD FROM THE RIGHT INBOARD MAIN LANDING GEAR TIRE RECAP. ON ROTATION THE CREW FE

(-23) DELTA FLIGHT 1640 LOST THE TREAD FROM THE RIGHT INBOARD MAIN LANDING GEAR TIRE RECAP. ON ROTATION THE CREW FELT A VIBRATION. SHORTLY AFTER THAT THERE WAS A HYDRAULIC PRESSURE WARNING, A AND B SYSTEM, THEN THE MASTER CAUTION CAME ON. THE CREW MANUALLY LOWERED THE MLG, DID A TOWER FLY BY AND LANDED. THE AIRCRAFT WAS TOWED BACK TO THE GATE. NO INJURIES TO THE CREW OR PASSENGERS WERE REPORTED. IT WAS FOUND THAT THE TIRE TREAD HAD DAMAGED SEVERAL HYD LINES IN THE RIGHT MLG WHEEL WELL, CAUSING A TOTAL LOSS OF HYD FLUID IN BOTH A AND B SYSTEMS. THE FLAP AND FORWARD EDGE OF THE WHEEL WELL WERE DAMAGED. THE NTSB WILL BE INVOLVED IN THE INVESTIGATION.",BOEING,737347,,"OPDEF, Other Than Pi;3244",,1.226868947061388,9.000000000000007,8.42311545426966,6.651826633494817,mild_growth,strong_growth,strong_growth,strong_growth,ASIAS
20040612019879I,2.0,,Unknown,Daylight,UNK,Other,Unknown,2004,6,"(-23) ON JUNE 14, 2004 AT APPROX. 1630 LCL, MR. THOMAS HUNZIKER THREW A PLASTIC CUP OF ICE AND SODA AT A FLIGHT ATT

(-23) ON JUNE 14, 2004 AT APPROX. 1630 LCL, MR. THOMAS HUNZIKER THREW A PLASTIC CUP OF ICE AND SODA AT A FLIGHT ATTENDANT WHILE SHE WAS PREPARING THE CABIN FOR LANDING AT ROCHESTER, NY. THE INCIDENT OCCURRED ON CONTINENTAL EXPRESS FLIGHT 2200 FORM EWR TO ROC. THE AIRCRAFT WAS NOT DAMAGED AND THERE WERE NO INJURIES. THE AIRCRAFT LANDED WITHOUT INCIDENT. THIS INCIDENT IS CONSIDERED CLOSED. INJURY SUMMURY NOT KNOWN BY ASI.",EMB,EMB145,,"Miscellaneous, Other;Unauthorized Action",,1.226868947061388,9.000000000000007,8.42311545426966,6.651826633494817,mild_growth,strong_growth,strong_growth,strong_growth,ASIAS
20040618020539I,2.0,,VMC,Daylight,UNK,Unknown,Unknown,2004,6,"(-23) THE AIRCRAFT WAS PARKED AT THE GATE. THE PASSENGERS HAD ALREADY BEEN DEPLANED. THE PILOT WAS DRY MOTORING THE

(-23) THE AIRCRAFT WAS PARKED AT THE GATE. THE PASSENGERS HAD ALREADY BEEN DEPLANED. THE PILOT WAS DRY MOTORING THE #1 ENGINE AFTER A PREVIOUS HUNG START. THE PILOT THEN OBSERVED THE FIRE HANDLE WARNING LIGHT ILLUMINATE AND THEN HEARD THE AURAL FIRE WARNING BELL SOUND OFF. THE PILOT THEN PULLED THE FIRE HANDLE AND USED BOTH FIRE BOTTLES TO EXTINGUISH THE INTERNAL ENGINE FIRE. BOTH FIRE HANDLE WARNING LIGHT AND WARNING BELL INDICATIONS CEASED. THE ARFF ARRIVED ON SCENE AND ALSO SPRAYED 500 LBS. OF EXTINGUISHING AGENT INTO THE #1 ENGINE.",EMB,EMB135ER,,"OPDEF, Other Than Pi;7200",,1.226868947061388,9.000000000000007,8.42311545426966,6.651826633494817,mild_growth,strong_growth,strong_growth,strong_growth,ASIAS
20040619016329I,2.0,,VMC,Daylight,UNK,Unknown,Unknown,2004,6,"(-23) AIRCRAFT DECLARED AN EMERGENCY DUE TO AN UNUSUAL VIBRATION, GROUND CHECKS REVEALED A BAD RUDDER PCU, PCU WAS

(-23) AIRCRAFT DECLARED AN EMERGENCY DUE TO AN UNUSUAL VIBRATION, GROUND CHECKS REVEALED A BAD RUDDER PCU, PCU WAS CHANGED AND GROUND CHECKED OK. M OR D REPORT TO BE FILED BY OPERATOR. NO PART MANUFACTURER OR PART NUMBER AVAILABLE. PASSENGER INJURY SUMMARY NOT KNOWN BY ASI.",DOUG,DC982,,"OPDEF, Other Than Pi;2720",,1.226868947061388,9.000000000000007,8.42311545426966,6.651826633494817,mild_growth,strong_growth,strong_growth,strong_growth,ASIAS
20040605023689I,2.0,,VMC,Night,UNK,Unknown,Unknown,2004,6,"(-23) MD-11 ENROUTE FROM FRANKFURT TO POPE AFB HAD A 6 FOOT SECTION OF FLAP VANE L/S DEPART THE AIRCRAFT ON FINAL A

(-23) MD-11 ENROUTE FROM FRANKFURT TO POPE AFB HAD A 6 FOOT SECTION OF FLAP VANE L/S DEPART THE AIRCRAFT ON FINAL APPROACH. A PX INDICATED HE SAW THE SECTION LIBERATE APPROX. 2 MINUTES FROM TOUCHDOWN. ACCORDING TO THE CREW, ONLY A SLIGHT AUTOPILOT DRIFT WAS NOTICED. THE DEPARTED SEGMENT OF FLAP VANE STRUCK THE FLAP, THE TRAILING EDGE OF THE FLAP COVE, AND THE SIDE OF THE FUSELAGE CAUSING MINOR DAMAGE. INSPECTION OF THE VANE ATTACH POINT REVEALED NO VISIBLE INDICATION OF FRETTING, TORSION OR SHEAR. THE HOLES IN THE FITTING HAD NO VISIBLE SIGNS OF ELONGATION OR WEAR.",DOUG,MD11,,"OPDEF, Other Than Pi;5753",,1.226868947061388,9.000000000000007,8.42311545426966,6.651826633494817,mild_growth,strong_growth,strong_growth,strong_growth,ASIAS
20040526014349A,2.0,,IMC,Daylight,UNK,Unknown,5000+,2004,5,"(-23) AALA 1396 ENROUTE SANTA ANA, CA (SNA) TO ST. LOUIS, MO (STL). THE FLIGHT WAS LOCATED AT 30 DME ON THE 247 RAD

(-23) AALA 1396 ENROUTE SANTA ANA, CA (SNA) TO ST. LOUIS, MO (STL). THE FLIGHT WAS LOCATED AT 30 DME ON THE 247 RADIAL OF FORRISTELL VOR (FTZ) AT 17,000 FEET. THE FLIGHT WAS DEVIATING 15 NM SOUTH OF A THUNDERSTORM BUILDUP ON ARRIVAL AND GOING THROUGH THE TOP OF A CLOUD. THE PIC REPORTED THERE WAS ONE JOLT OF MODERATE TURBULENCE. THE SEAT BELT SIGN WAS ON. NTSB HAS BEEN NOTIFIED AND CLASSIFIES THE EVENT AS AN ACCIDENT, DUE TO THE FLIGHT ATTENDANT'S INJURIES.",DOUG,DC982,,"Miscellaneous, Other",,0.8962271024904878,10.204081632653072,8.42311545426966,8.372964404092809,stable,strong_growth,strong_growth,strong_growth,ASIAS
20040527014889I,2.0,,Unknown,Daylight,UNK,Unknown,Unknown,2004,5,"(-23) STL-N367CA-FLT5672-DSM ENROUTE TO ATL-PRELIMINARY INCIDENT REPORT, CREW REPORTED AN ENGINE OUT TO ATC, AIRCRA

(-23) STL-N367CA-FLT5672-DSM ENROUTE TO ATL-PRELIMINARY INCIDENT REPORT, CREW REPORTED AN ENGINE OUT TO ATC, AIRCRAFT LANDED STL WITHOUT INCIDENT. #2 ENGINE VIBRATION INDICATOR AT 2.4 DURING CRUISE. CREW DECLARED EMERGENCY AND DIVERTED TO STL. AIRCRAFT LANDED WITHOUT INCIDENT. MAINTENANCE REPLACED NUMBER 2 ENGINE FAN BLADES. INJURY SUMMARY NOT KNOWN BY ASI.",CNDAIR,CL6002C10,,"OPDEF, Other Than Pi;7230",,0.8962271024904878,10.204081632653072,8.42311545426966,8.372964404092809,stable,strong_growth,strong_growth,strong_growth,ASIAS
20040610015829I,2.0,,VMC,Daylight,UNK,Unknown,5000+,2004,6,"(-23) FOLLOWING LANDING THE PILOT TURNED ONTO TAXIWAY E AND HEARD A LOUD GRINDING NOISE COMING FROM THE NOSE GEAR A

(-23) FOLLOWING LANDING THE PILOT TURNED ONTO TAXIWAY E AND HEARD A LOUD GRINDING NOISE COMING FROM THE NOSE GEAR AREA. THE PILOT STOPPED ON THE TAXIWAY AND CALLED THE TOWER AND ASKED FOR A MAINTENANCE CREW TO INVESTIGATE. THE MAINTENANCE CREW FOUND THE BEARINGS IN THE LEFT NOSE WHEEL HAD FAILED.",CNDAIR,CL6002B19,,"OPDEF, Other Than Pi;3246",,1.226868947061388,9.000000000000007,8.42311545426966,6.651826633494817,mild_growth,strong_growth,strong_growth,strong_growth,ASIAS
20040614021519I,2.0,,Unknown,Night,UNK,PIC,Unknown,2004,6,"(-23) ON JUNE 14, 2004, US AIRWAYS' AIRCRAFT N393US, A BOEING 737-3B7, OPERATED AS FLIGHT 1076 FROM CHARLOTTE, NORT

(-23) ON JUNE 14, 2004, US AIRWAYS' AIRCRAFT N393US, A BOEING 737-3B7, OPERATED AS FLIGHT 1076 FROM CHARLOTTE, NORTH CAROLINA TO PITTSBURGH, PENNSYLVANIA (PIT). AT APPROXIMATELY 3:15 AM LOCAL TIME, THE AIRCRAFT LANDED IN PIT ON RUNWAY 10L. AT TOUCHDOWN, THE AIRCRAFT STRUCK AN OWL IN THE AREA OF THE NOSE GEAR. THE AIRCRAFT PROCEEDED TO VEER OFF THE RUNWAY. THE AIRCRAFT CAME TO REST WITH THE NOSE GEAR AND THE RIGHT MAIN GEAR OFF THE SIDE OF THE RUNWAY. PRELIMINARY INVESTIGATION INDICATES AN OWL STRUCK THE NOSE WHEEL SECTION AND SEVERED A NOSE GEAR STEERING CABLE CAUSING THE AIRCRAFT TO LOSE NOSE WHEEL STEERING CAPABILITIES. THERE WERE 88 PASSENGERS AND A CREW OF FIVE ON-BOARD. THE FLIGHT CREW DECIDED NOT TO CONDUCT AN EMERGENCY EVACUATION AND NO ONE WAS INJURED THROUGH THE DECELERATION AND STOP. THERE APPEARS TO BE N AIRCRAFT DAMAGE OTHER THAN THE BROKEN STEERING CABLE.",BOEING,7373B7,,"Miscellaneous, Other;Struck Animal",,1.226868947061388,9.000000000000007,8.42311545426966,6.651826633494817,mild_growth,strong_growth,strong_growth,strong_growth,ASIAS
20040618009739I,2.0,,IMC,Daylight,UNK,Unknown,Unknown,2004,6,"(-23) ON JUNE 18, 2004, AMERICA WEST FLIGHT 176 ABORTED TAKEOFF AND RETURNED TO OAKLAND INTERNATIONAL AIRPORT, THE

(-23) ON JUNE 18, 2004, AMERICA WEST FLIGHT 176 ABORTED TAKEOFF AND RETURNED TO OAKLAND INTERNATIONAL AIRPORT, THE CREW REPORTED THE NUMBER ONE ENGINE VIBRATED ON TAKE OFF ROLL, THEY ALSO REPORTED TO ATC A FIRE WARNING INDICATION, WITH NO VISIBLE FIRE TO CREW. IT WAS DETERMINED BY MAINTENANCE PERSONNEL AT OAKLAND INTERNATIONAL AIRPORT THE NUMBER ONE ENGINE WOULD HAVE TO BE REPLACED DUE TO REACHING AN OVER TEMPERATURE CONDITION, AND WAS REPLACED.",BOEING,737277,,"OPDEF, Other Than Pi;7200",,1.226868947061388,9.000000000000007,8.42311545426966,6.651826633494817,mild_growth,strong_growth,strong_growth,strong_growth,ASIAS
20040619023599I,2.0,,Unknown,Daylight,UNK,PIC,2000-5000,2004,6,"(-23) FLIGHT ENCOUNTERED SEVERE TURBULENCE AT FL 350 15 MILES SOUTH OF LFT. 1 MINOR PASSENGER INJURY REPORTED. FLIG

(-23) FLIGHT ENCOUNTERED SEVERE TURBULENCE AT FL 350 15 MILES SOUTH OF LFT. 1 MINOR PASSENGER INJURY REPORTED. FLIGHT LANDED UNEVENTFULLY AT IAH. PASSENGER TREATED AND RELEASED.",EMB,EMB145XR,,"Miscellaneous, Other;Other, Miscellaneous",,1.226868947061388,9.000000000000007,8.42311545426966,6.651826633494817,mild_growth,strong_growth,strong_growth,strong_growth,ASIAS
20040628012059I,2.0,,VMC,Daylight,UNK,Unknown,Unknown,2004,6,"(-23) ^PRIVACY DATA OMITTED^ ENROUTE FROM FAIRBANKS TO GALENA, ALASKA ON 6/28/2004, AT APPROXIMATELY 09:30, THE CRE

(-23) ^PRIVACY DATA OMITTED^ ENROUTE FROM FAIRBANKS TO GALENA, ALASKA ON 6/28/2004, AT APPROXIMATELY 09:30, THE CREW BEGAN DESCENT TO GALENA, APPROXIMATELY 40 MILES OUT, THE CREW NOTED A TORQUE SPIKE ON #1 ENGINE TORQUE METER, THEY POWERED BACK #1 ENGINE, THEN NOTED FUEL AND OIL PRESSURE WARNINGS AND FEATHERED #1 ENGINE, PROCEEDED TO GALENA AND LANDED WITH NO INCIDENT.",BEECH,1900C,,"OPDEF, Other Than Pi;7200",,1.226868947061388,9.000000000000007,8.42311545426966,6.651826633494817,mild_growth,strong_growth,strong_growth,strong_growth,ASIAS
20040701012029I,2.0,,Unknown,Unknown,UNK,Other,Unknown,2004,7,"(-23) AIRCRAFT ENCOUNTERED TURBULENCE APPROX 5 MILES EAST OF CVG. 28 PEOPLE ON BOARD. 1 PASSENGER RECEIVED A SMALL

(-23) AIRCRAFT ENCOUNTERED TURBULENCE APPROX 5 MILES EAST OF CVG. 28 PEOPLE ON BOARD. 1 PASSENGER RECEIVED A SMALL CUT ON FINGER. A BANDAGE WAS APPLIED. ONE FLIGHT ATTENDANT BUMPED HEAD. BOTH TREATED BY PARAMEDICS AND RELEASED. FLIGHT ATTENDANT CONTINUED WORKING SHIFT.",DORNER,DO328300,,"Miscellaneous, Other;Other, Miscellaneous",,1.5420935741544461,10.8910891089109,1.232777002795049,7.88717680856621,mild_growth,strong_growth,mild_growth,strong_growth,ASIAS
20040706020809I,2.0,,VMC,Daylight,UNK,Unknown,Unknown,2004,7,"(-23) ON 07/06/2004 SKYWAY AIRLINES FLIGHT 1851, A BE-1900-D LANDING RUNWAY 25L AT MILWAUKEE GENERAL MICHELL HAD IT

(-23) ON 07/06/2004 SKYWAY AIRLINES FLIGHT 1851, A BE-1900-D LANDING RUNWAY 25L AT MILWAUKEE GENERAL MICHELL HAD IT'S LEFT MAIN GEAR ROTATE WHILE ON THE RUNWAY. THE 17 PASSENGERS AND TWO CREW MEMBERS DEPLANED AT THE RUNWAY AND THE AIRCRAFT WAS TOWED TO THE SKYWAY MAINTENANCE HANGAR. NO INJURIES WERE REPORTED.",BEECH,1900D,,"OPDEF, Other Than Pi;3213",,1.5420935741544461,10.8910891089109,1.232777002795049,7.88717680856621,mild_growth,strong_growth,mild_growth,strong_growth,ASIAS
20040624013359I,2.0,,Unknown,Night,UNK,Other,Unknown,2004,6,"(-23) AN AIR CANADA AIRBUS 319 WAS TAXIING INTO GATE E1 AT CHICAGO O'HARE INTERNATIONAL AIRPORT. THE GROUND HANDLER

(-23) AN AIR CANADA AIRBUS 319 WAS TAXIING INTO GATE E1 AT CHICAGO O'HARE INTERNATIONAL AIRPORT. THE GROUND HANDLER, PROVIDING MARSHALLING SERVICE, DIRECTED THE AIRCRAFT TO LINE UP ON A TAXI LINE DESIGNATED FOR AN AIRBUS 321, A MUCH LONGER AIRCRAFT. AS THE AIRCRAFT COMPLETED THE TURN INTO THE GATE AREA ON THE IMPROPER TAXI LINE, THE LEFT WING TIP CAME IN CONTACT WITH A FIXED SET OF METAL STAIRS ON THE SIDE OF THE TERMINAL. THE WING SUSTAINED ONLY MINOR DAMAGE, REQUIRING THE REPLACEMENT OF THE WING TIP LIGHT LENS. THERE WERE NO INJURIES REPORTED AN NO EMERGENCY EQUIPMENT WAS REQUESTED.",AIRBUS,A319114,,"Miscellaneous, Other;Fail Avd Objs Or Obs",,1.226868947061388,9.000000000000007,8.42311545426966,6.651826633494817,mild_growth,strong_growth,strong_growth,strong_growth,ASIAS
20040625015349I,2.0,,Unknown,Unknown,UNK,Unknown,5000+,2004,6,"(-23) JUST AFTER TAKEOFF AT 500 FEET, GOT A LEFT FIRE INDICATION AND WENT OUT AFTER APPROXIMATELY 1 MINUTE. FOLLOWE

(-23) JUST AFTER TAKEOFF AT 500 FEET, GOT A LEFT FIRE INDICATION AND WENT OUT AFTER APPROXIMATELY 1 MINUTE. FOLLOWED AFM PROCEDURES AND RETURNED TO CVG. INSPECTED AND FOUND THE AIR TURBINE FAILED AND SHEARED A FUEL AND HYDRAULIC LINE. REPLACED FUEL AND HYDRAULIC LINE. FLASH FIRE CAUSED ENGINE DAMAGE. A/C TO BE FERRIED TO COLUMBUS OH FOR ENGINE CHANGE (PER MAINTENANCE CONTROL DALLAS). INJURY SUMMARY NOT KNOWN BY ASI",EMB,EMB145LR,,"OPDEF, Other Than Pi;8011",,1.226868947061388,9.000000000000007,8.42311545426966,6.651826633494817,mild_growth,strong_growth,strong_growth,strong_growth,ASIAS
20040617009879I,2.0,,IMC,Daylight,UNK,Unknown,Unknown,2004,6,"(-23) ON JUNE 17, 2004, AMERICAN AIRLINES FLIGHT 44 DEPARTED SAN FRANCISCO INTERNATIONAL AIRPORT, ENROUTE TO JFK. A

(-23) ON JUNE 17, 2004, AMERICAN AIRLINES FLIGHT 44 DEPARTED SAN FRANCISCO INTERNATIONAL AIRPORT, ENROUTE TO JFK. AT APPROXIMATELY 0930, JUST PRIOR TO AIRCRAFT ROTATION ON TAKE OFF THE CREW REPORTED THEY LOST BOTH AIRSPEED INDICATORS, BOTH ALTIMETERS, BOTH VERTICAL SPEED INDICATORS, BOTH FLIGHT DIRECTORS, AUTO THROTTLE, AUTO PRESSURIZATION 1 AND 2, BOTH EEC, RUDDER RATIO, MACH TRIM, TACAS, ALTITUDE REPORTING/AUDIO ALERT, REQUIRING THE USE OF STANDBY INSTRUMENTATION ONLY. THE AIRCRAFT RETURNED TO SFO, LANDING SAFELY WITHOUT INJURY TO CREW OR PASSENGERS. IT WAS DETERMINED, AFTER INSPECTION BY AMERICAN AIRLINES MAINTENANCE PERSONNEL, AT SAN FRANCISCO, THE FAILURE OF BOTH AIR DATA COMPUTERS WAS ATTRIBUTED TO THE UNITS NOT BEING SECURELY FASTENED IN THE AVIONICS COMPARTMENT RACK, CAUSING THE UNITS TO BECOME LOOSE, AND RENDERED INOPERABLE.",BOEING,757223,,Improper Maintenance;3417,,1.226868947061388,9.000000000000007,8.42311545426966,6.651826633494817,mild_growth,strong_growth,strong_growth,strong_growth,ASIAS
20040613009869I,2.0,,IMC,Daylight,UNK,Unknown,Unknown,2004,6,"(-23) AMERICAN AIRLINES FLIGHT 1907 DEPARTED SAN FRANCISCO INTERNATIONAL AIRPORT FOR LOS ANGELES ON JUNE 13, 2004,

(-23) AMERICAN AIRLINES FLIGHT 1907 DEPARTED SAN FRANCISCO INTERNATIONAL AIRPORT FOR LOS ANGELES ON JUNE 13, 2004, AND SOON AFTER TAKEOFF THE CREW REPORTED SMOKE AND FUMES IN THE CABIN. THE CREW DECLARED AN EMERGENCY TO AIR TRAFFIC CONTROL, TURNED OFF THE RECIRCULATION FAN AND RETURNED TO SAN FRANCISCO INTERNATIONAL AIRPORT WITHOUT FURTHER INCIDENT.",DOUG,DC983,,"OPDEF, Other Than Pi;2150",,1.226868947061388,9.000000000000007,8.42311545426966,6.651826633494817,mild_growth,strong_growth,strong_growth,strong_growth,ASIAS
20040604029639A,2.0,,IMC,Daylight,UNK,Unknown,Unknown,2004,6,"(-23) ON JUNE 4, 2004, AT 1817 CENTRAL DAYLIGHT TIME, A BOEING 737-7H4, N757LV, OPERATED BY SOUTHWEST AIRLINES CO.,

(-23) ON JUNE 4, 2004, AT 1817 CENTRAL DAYLIGHT TIME, A BOEING 737-7H4, N757LV, OPERATED BY SOUTHWEST AIRLINES CO., AS FLIGHT 2297, ENCOUNTERED TURBULENCE APPROXIMATELY 15 NAUTICAL MILES SOUTHEAST OF LIBERAL, KS, DURING CRUISE FLIGHT AT FLIGHT LEVEL 370. ONE FLIGHT ATTENDANT WAS SERIOUSLY INJURED. THE FLIGHT THEN DIVERTED TO KANSAS CITY INTERNATIONAL AIRPORT, KANSAS CITY, MO, WHERE IT LANDED WITHOUT FURTHER INCIDENT. VISUAL AND INSTRUMENT METEOROLOGICAL CONDITIONS WITH CONVECTIVE ACTIVITY PREVAILED AT THE TIME OF THE ACCIDENT. THE PASSENGER CARRYING FLIGHT WAS OPERATING ON AN INSTRUMENT RULES FLIGHT PLAN UNDER THE PROVISIONS OF TITLE 14 CODE OF FEDERAL REGULATIONS PART 121. THE 2 FLIGHT CREW MEMBERS, 2 REMAINING FLIGHT ATTENDANTS, AND 131 PASSENGERS REPORTED NO INJURIES. THE FLIGHT DEPARTED FROM PHOENIX SKY HARBOR INTERNATIONAL AIRPORT, PHOENIX, AZ, AT 1650 MOUNTAIN DAYLIGHT TIME, AND WAS ENROUTE TO PORT COLUMBUS INTERNATIONAL AIRPORT, COLUMBUS, OH.",BOEING,7377H4,,"Miscellaneous, Other",,1.226868947061388,9.000000000000007,8.42311545426966,6.651826633494817,mild_growth,strong_growth,strong_growth,strong_growth,ASIAS
20040529033629I,2.0,,Unknown,Unknown,UNK,Other,Unknown,2004,5,"(-23) ON MAY 29, 2004 AT APPROX. 1029 LCL, ^PRIVACY DATA OMITTED APPEARED TO BE INTOXICATED AND WAS UNRULY WHEN HE

(-23) ON MAY 29, 2004 AT APPROX. 1029 LCL, ^PRIVACY DATA OMITTED APPEARED TO BE INTOXICATED AND WAS UNRULY WHEN HE LEFT HIS SEAT AND WENT TO THE LAVATORY DURING DESCENT INTO ROCHESTER, NY WHILE ON BOARD JETBLUE FLIGHT 20. LOCAL LAW ENFORCEMENT EXTRACTED ^PRIVACY DAT^ FROM THE LAVATORY AND ESCORTED HIM OFF THE AIRCRAFT IN ROCHESTER, NY. THERE WERE NO INJURIES AND THE AIRCRAFT WAS NOT DAMAGED. THIS INCIDENT IS CONSIDERED CLOSED. INJURY SUMMARY NOT KNOWN BY ASI",,,,"Miscellaneous, Other;Unauthorized Action",,0.8962271024904878,10.204081632653072,8.42311545426966,8.372964404092809,stable,strong_growth,strong_growth,strong_growth,ASIAS
20040525008769I,2.0,,VMC,Daylight,UNK,Unknown,Unknown,2004,5,"(-23) AT 1750E, SHUTTLE AMERICA FLIGHT 4556, A, SF34, ABORTED TAKEOFF ON RUNWAY 28R FOR UNKNOWN REASONS. NO ASSISTA

(-23) AT 1750E, SHUTTLE AMERICA FLIGHT 4556, A, SF34, ABORTED TAKEOFF ON RUNWAY 28R FOR UNKNOWN REASONS. NO ASSISTANCE WAS REQUIRED AND THE AIRCRAFT RETURNED TO THE RAMP WITHOUT INCIDENT. ON 05/26/04, FURTHER INVESTIGATION REVEALED THAT CREW ABORTED TAKE OFF BECAUSE OF AN AUTO COARSEN GREEN LIGHT NOT ILLUMINATING ON TAKE OFF. HOWEVER NO PROPER MAINTENANCE WAS CONDUCTED OR LOG BOOK ENTRY MADE PRIOR TO THE FOLLOWING FLIGHT TO FORT WAYNE AIRPORT. THIS AS PER ^PRIVACY DATA^ CHIEF PILOT FOR UHLA. ^PRIVACY DATA OMITTED^ SUBMISSION OF THIS REPORT CLOSES THIS INCIDENT.",SAAB,SF340A,,"OPDEF, Other Than Pi;6120",,0.8962271024904878,10.204081632653072,8.42311545426966,8.372964404092809,stable,strong_growth,strong_growth,strong_growth,ASIAS
20040525008919I,2.0,,Unknown,Daylight,UNK,Other,Unknown,2004,5,"(-23) DELTA FLIGHT #1488 ENROUTE FROM LAS TO CVG EXPERIENCING ""LIGHT CHOP"". SEAT BELT SIGN ILLUMINATED, BUT FLIGHT

(-23) DELTA FLIGHT #1488 ENROUTE FROM LAS TO CVG EXPERIENCING ""LIGHT CHOP"". SEAT BELT SIGN ILLUMINATED, BUT FLIGHT ATTENDANTS HAD NOT BEEN ASKED TO BE SEATED. BEVERAGE CART STRUCK FLIGHT ATTENDANT ^PRIVACY DATA O^ ON FOOT. FLIGHT ATTENDANT SUFFERED TWO BROKEN TOES. THERE WAS A TOTAL OF 145 PASSENGERS AND 6 CREWMEMBERS ON BOARD. NO OTHER INJURIES WERE REPORTED. FLIGHT ATTENDANT WAS MET BY INFLIGHT SUPERVISOR AND TRANSPORTED TO HOSPITAL FROM CVG AIRPORT. THIS WAS THE NORMAL TERMINATION OF FLIGHT 1488.",,,,"Miscellaneous, Other;Other, Miscellaneous",,0.8962271024904878,10.204081632653072,8.42311545426966,8.372964404092809,stable,strong_growth,strong_growth,strong_growth,ASIAS
20040808025919I,2.0,,Unknown,Unknown,UNK,Other,Unknown,2004,8,"(-23) SEAT ON AIRCRAFT WAS STAINED WITH BLOOD FROM PREVIOUS PASSENGER. FLIGHT ATTENDANTS BLOCKED SEAT. PASSENGER AT

(-23) SEAT ON AIRCRAFT WAS STAINED WITH BLOOD FROM PREVIOUS PASSENGER. FLIGHT ATTENDANTS BLOCKED SEAT. PASSENGER ATTEMPTED TO PLACE LUGGAGE IN BLOCKED SEAT. WHEN VERBALLY AND PHYSICALLY (HAND ON SHOULDER) DIRECTED AWAY FROM BIOHAZARD AREA PASSENGER HIT FLIGHT ATTENDANT IN FACE. PASSENGERS HUSBAND ALSO INTERFERED WITH FLIGHT ATTENDANT. FLIGHT ATTENDANT CONTINUED FLIGHT, BUT LATER COMPLAINED OF FACIAL PAIN AND EYE SWELLING AND RECEIVED FOLLOW UP CARE OF X RAYS AND PAIN MEDICATION AT LOCAL HOSPITAL AT DESTINATION. ^PRIVACY DATA OMITTED^ PRINCIPAL INSPECTOR NOTIFIED. POI ADVISED GEOGRAPHIC FSDO, WHERE EVENT OCCURRED, TO CONDUCT INVESTIGATION.",BOEING,717200,,"Miscellaneous, Other;Unauthorized Action",,1.1423087539558674,10.185185185185164,1.232777002795049,5.890957446808498,mild_growth,strong_growth,mild_growth,strong_growth,ASIAS
20040711012519I,2.0,,Unknown,Unknown,UNK,Unknown,5000+,2004,7,"(-23) #2 ENGINE TAILPIPE FIRE AFTER SHUT DOWN, FIRE BOTTLES DISCHARGED, NO HELP. LAGUARDIA AIRPORT FIRE RESCUE RESP

(-23) #2 ENGINE TAILPIPE FIRE AFTER SHUT DOWN, FIRE BOTTLES DISCHARGED, NO HELP. LAGUARDIA AIRPORT FIRE RESCUE RESPONDED, ENGINE FIRE EXTINGUISHED WITH WATER. NO PHYSICAL DAMAGE TO AIRCRAFT, 128 PASSENGERS, 4 FLIGHT ATTENDANTS, 2 CREW MEMBERS DEPLANED AIRCRAFT BY MEANS OF JET WAY, NO INJURIES REPORTED. PRELIMINARY FINDINGS INDICATE POSSIBLE ENGINE AFT SUMP OIL LEAK, OIL LEAKING INTO CENTER VENT TUBE AREA AND REAR TURBINE, CAUSING OIL FIRE. CONTINENTAL AIR, CONTACT: ROGER COOPER, POWERPLANT ENGINEER, 713-324-3601, ENGINE S/N 889432, FOR TEARDOWN REPORT AND FINDINGS.",BOEING,737824,,"OPDEF, Other Than Pi;7261",,1.5420935741544461,10.8910891089109,1.232777002795049,7.88717680856621,mild_growth,strong_growth,mild_growth,strong_growth,ASIAS
20040815030839I,2.0,,IMC,Unknown,UNK,Unknown,2000-5000,2004,8,"(-23) ON AUGUST 14, 2004, JET LINK FLIGHT 2885 A EMB-135-ER AIRCRAFT, N16502, WHILE ENROUTE FROM KCLE TO KHPN, DECL

(-23) ON AUGUST 14, 2004, JET LINK FLIGHT 2885 A EMB-135-ER AIRCRAFT, N16502, WHILE ENROUTE FROM KCLE TO KHPN, DECLARED AN INFLIGHT EMERGENCY AND DIVERTED TO KEWR DUE TO NUMBER ONE ENGINE LOSS OF OIL, QUANTITY 12 QUARTS TO ZERO QUARTS IN 5 SECONDS. WHILE ON THE ILS APPROACH TO RUNWAY 4 RIGHT FLIGHT CREW REPORTED FLAP LOW SPEED WARNING. LANDED ON RUNWAY 4 RIGHT WITHOUT INCIDENT. INSPECTION OF #1 ENGINE REVEALED FAILURE OF HIGH PRESSURE OIL LINE DUE TO CHAFING.",EMB,EMB135ER,,"OPDEF, Other Than Pi;7261",,1.1423087539558674,10.185185185185164,1.232777002795049,5.890957446808498,mild_growth,strong_growth,mild_growth,strong_growth,ASIAS
20040811018529I,2.0,,VMC,Unknown,UNK,Unknown,Unknown,2004,8,"(-23) DURING THE AFTER TAKE OFF CLIMB, THE FLIGHT CREW NOTICED A VIBRATION ACCOMPANIED BY AN UNUSUAL WHINING SOUND

(-23) DURING THE AFTER TAKE OFF CLIMB, THE FLIGHT CREW NOTICED A VIBRATION ACCOMPANIED BY AN UNUSUAL WHINING SOUND THAT DID NOT CHANGE IN AMPLITUDE AFTER THE CREW RETARDED POWER. THE EICAS DISPLAYED A LEVEL 5 VIBRATION MSGE FOR THE L ENGINE, BUT NO FIRE WARNINGS. FUMES ENTERED THE COCKPIT AND CABIN CAUSING THE FLIGHT CREW TO DON OXYGEN MASKS, DECLARE AN EMERGENCY AND IMMEDIATE RETURN TO THE AIRPORT OF DEPARTURE. THE AIRCRAFT MADE AN OVERWEIGHT LANDING ON RUNWAY 15L AND EXITED AT TAXIWAY W-3. THE ARFF REPORTED A BALL OF FIRE IN THE LOWER (7 O'CLOCK) PORTION OF THE L ENGINE EXHAUST NOZZLE. WHEN THE FLAMES INCREASED, AQUEOUS FILM FORMING FOAM (AFFF) WAS APPLIED, EXTINGUISHING THE FLAMES. WHEN THE CREW WAS ADVISED OF THE FIRE, THE CAPTAIN ORDERED AN EVACUATION OF THE AIRCRAFT. THE FLIGHT CREW SHUT DOWN THE ENGINES AND EXITED THE AIRCRAFT.",BOEING,777236,,"OPDEF, Other Than Pi;7250",,1.1423087539558674,10.185185185185164,1.232777002795049,5.890957446808498,mild_growth,strong_growth,mild_growth,strong_growth,ASIAS
20040815020829I,0.0,,Unknown,Daylight,UNK,Other,Unknown,2004,8,"(-23) ALLEGIANT AIR, DC-9-83, AT CAPITAL CITY AIRPORT MI, WAS BEING FUELED BY LANSING JET CENTER FUELER, AFTER COMP

(-23) ALLEGIANT AIR, DC-9-83, AT CAPITAL CITY AIRPORT MI, WAS BEING FUELED BY LANSING JET CENTER FUELER, AFTER COMPLETING THE FUELING, HE THEN PULLED UP PARALLEL WITH THE AIRCRAFT AND FORGOT TO SET THE PARKING BRAKES AND CHOCK THE TRUCK. THE FUELER LEFT THE TRUCK TO GIVE THE FUEL SLIP TO THE FLIGHT CREW. THE TRUCK ROLLED BACK AND HIT THE RIGHT WING CENTER SLAT AND PUT A 7 INCH WIDE BY 8 INCH GASH. THE AIRCRAFT WAS AT THE GATE AND THERE WAS NO PASSENGERS ON BOARD, JUST THE FLIGHT CREW.",DOUG,DC983,,"Miscellaneous, Other;Fail Follow Approved",,1.1423087539558674,10.185185185185164,1.232777002795049,5.890957446808498,mild_growth,strong_growth,mild_growth,strong_growth,ASIAS
20040816026649I,2.0,,VMC,Unknown,UNK,Unknown,5000+,2004,8,"(-23) ABORTED TAKEOFF DUE TO #1 ENGINE FIRE RESULTING IN EVACUATION OF AIRCRAFT.

(-23) ABORTED TAKEOFF DUE TO #1 ENGINE FIRE RESULTING IN EVACUATION OF AIRCRAFT.",AIRBUS,A319131,,"OPDEF, Other Than Pi;7200",,1.1423087539558674,10.185185185185164,1.232777002795049,5.890957446808498,mild_growth,strong_growth,mild_growth,strong_growth,ASIAS
20040717025989A,2.0,,Unknown,Daylight,UNK,Other,5000+,2004,7,"(-23) FLIGHT ATTENDANT BROKE HIS ARM DUE TO AIRCRAFT EXPERIENCING SEVERE TURBULENCE AND HE WAS NOT IN HIS SEAT. INJ

(-23) FLIGHT ATTENDANT BROKE HIS ARM DUE TO AIRCRAFT EXPERIENCING SEVERE TURBULENCE AND HE WAS NOT IN HIS SEAT. INJURY SUMMARY NOT KNOWN BY ASI.",AIRBUS,A319132,,"Miscellaneous, Other;Other, Miscellaneous",,1.5420935741544461,10.8910891089109,1.232777002795049,7.88717680856621,mild_growth,strong_growth,mild_growth,strong_growth,ASIAS
20040716020119I,2.0,,Unknown,Night,UNK,Other,Unknown,2004,7,"(-23) PASSENGER ^PRIVACY DATA ^ ON USA 3000 FLIGHT 435 WAS ALLEGEDLY SMOKING A CIGARETTE DURING FLIGHT OPERATIONS.

(-23) PASSENGER ^PRIVACY DATA ^ ON USA 3000 FLIGHT 435 WAS ALLEGEDLY SMOKING A CIGARETTE DURING FLIGHT OPERATIONS. THE POLICE INTERVIEWED ^PRIVACY ^ AND SHE ADMITTED TO THE OFFENSE AND STATED THAT SHE THREW THE CIGARETTE BUTT INTO THE TOILET. INJURY SUMMARY NOT KNOWN BY ASI.",,,,"Miscellaneous, Other;Unauthorized Action",,1.5420935741544461,10.8910891089109,1.232777002795049,7.88717680856621,mild_growth,strong_growth,mild_growth,strong_growth,ASIAS
20040716020479I,2.0,,Unknown,Unknown,UNK,Other,Unknown,2004,7,"(-23) THE ACFT WAS PARKED AT AN NWA GATE FULLY LOADED READY TO GO WHEN A RAMP SERVICE EMPLOYEE DROVE UNDER THE BELL

(-23) THE ACFT WAS PARKED AT AN NWA GATE FULLY LOADED READY TO GO WHEN A RAMP SERVICE EMPLOYEE DROVE UNDER THE BELLY OF THE ACFT WITH A CART ATTACHED TO THE TUG. THE TUG CLEARED THE ACFT BUT THE CART CONTACTED THE ACFT BELLY RIPPING THE BELLY, DAMAGING A LONGERON AND RIPPING THE RADIO ANTENNA FROM THE BELLY.",AIRBUS,A340212,,"Miscellaneous, Other;Fail Avd Objs Or Obs",,1.5420935741544461,10.8910891089109,1.232777002795049,7.88717680856621,mild_growth,strong_growth,mild_growth,strong_growth,ASIAS
20040722017259I,2.0,,Unknown,Daylight,UNK,Unknown,5000+,2004,7,"(-23) LEFT ENGINE HAD A COMPRESSOR STALL AND SUSTAINED EXCESSIVE DAMAGE TO THE BLADES AND ENGINE LOST TOTAL POWER.

(-23) LEFT ENGINE HAD A COMPRESSOR STALL AND SUSTAINED EXCESSIVE DAMAGE TO THE BLADES AND ENGINE LOST TOTAL POWER.",BOEING,757232,,"OPDEF, Other Than Pi;7200",,1.5420935741544461,10.8910891089109,1.232777002795049,7.88717680856621,mild_growth,strong_growth,mild_growth,strong_growth,ASIAS
20041001023799I,2.0,,VMC,Daylight,UNK,Unknown,Unknown,2004,10,"(-23) ON OCTOBER 1, 2004, WHILE ON APPROACH, BOMBARDIER, CL-600-2C10, N371CA, HAD A CAUTION SPOILER LIGHT ILLUMINAT

(-23) ON OCTOBER 1, 2004, WHILE ON APPROACH, BOMBARDIER, CL-600-2C10, N371CA, HAD A CAUTION SPOILER LIGHT ILLUMINATE. THIS AIRCRAFT ALREADY HAD ITS THRUST REVISER DEFERRED PRIOR TO THIS FLIGHT. CREW INFORMED ATC TO PUT FIRE RECOVERY ON STANDBY IN ACCORDANCE WITH COMAIR MANUAL. AIRCRAFT LANDED WITHOUT INCIDENT AT OMAHA EPPLEY FIELD.",CNDAIR,CL6002C10,,"OPDEF, Other Than Pi;2760",,-0.8514331507777917,24.10714285714284,-2.0559097880491928,-9.174534011135316,stable,strong_growth,mild_decline,strong_decline,ASIAS
20040925024689I,2.0,,VMC,Unknown,UNK,Unknown,Unknown,2004,9,"(-23) ON POWER-UP FOR TAKEOFF THE RIGHT ENGINE MADE A LOUD ""BANG."" THE FLIGHT CREW SAW SPARKS EXITING THE EXHAUST S

(-23) ON POWER-UP FOR TAKEOFF THE RIGHT ENGINE MADE A LOUD ""BANG."" THE FLIGHT CREW SAW SPARKS EXITING THE EXHAUST STACK. THE RIGHT ENGINE WAS SECURED AND AIRCRAFT RETURNED TO THE GATE. THE SECOND STAGE POWER TURBINE BLADES WERE FOUND SHEARED OFF AT THE BLADE ROOT. DAMAGE WAS CONTAINED TO THE INTERNAL PORTION OF THE ENGINE POWER SECTION. ENGINE POWER SECTION S/N 114224, TOTAL TIME 23562, TOTAL CYCLES 26442.",BEECH,1900D,,"OPDEF, Other Than Pi;7250",,-0.2929424028939809,14.678899082568808,1.232777002795049,-11.111111111111105,stable,strong_growth,mild_growth,strong_decline,ASIAS
20040927025629I,2.0,,Unknown,Night,UNK,Unknown,Unknown,2004,9,"(-23) ^PRIVACY DATA OMITTED^ FLIGHT #153 LOG BOOK ENTRY NOTED: MULTIPLE FIRE WARNING CARGO SMOKE, FIRE SUPPRESSION

(-23) ^PRIVACY DATA OMITTED^ FLIGHT #153 LOG BOOK ENTRY NOTED: MULTIPLE FIRE WARNING CARGO SMOKE, FIRE SUPPRESSION ACTIVATED AND RETURNED TO NOME.",BOEING,7372Q8C,,"OPDEF, Other Than Pi;2612",,-0.2929424028939809,14.678899082568808,1.232777002795049,-11.111111111111105,stable,strong_growth,mild_growth,strong_decline,ASIAS
20040916025219I,2.0,,Unknown,Daylight,UNK,PIC,Unknown,2004,9,"(-23) AMERICAN AIRLINES FLIGHT 1374 ENROUTE FROM CHICAGO O'HARE AIRPORT (ORD) TO PHILADELPHIA DEPARTED RUNWAY 4L AN

(-23) AMERICAN AIRLINES FLIGHT 1374 ENROUTE FROM CHICAGO O'HARE AIRPORT (ORD) TO PHILADELPHIA DEPARTED RUNWAY 4L AND WAS GIVEN A 90-DEGREE HEADING AND AN ALTITIDE OF 4000 FEET. AT APPROXIMATELY 3000 FT AND 5-6 MILES FROM ORD, THE CREW NOTICED A FLOCK OF ABOUT 20 BIRDS. THE CREW RESPONDED BY LOWERING THE NOSE OF THE AIRCRAFT TO AVOID THE BIRDS. ABOUT HALF OF THE FLOCK PASSED BY EACH SIDE OF THE AIRCRAFT. IMMEDIATELY THE #1 ENGINE SEIZED AND THE FIRE WARNING LIGHT CAME ON. #1 & 2 FIRE BOTTLES WERE DEPLOYED AND THE FIRE WARNING LIGHT WENT OUT. THE PILOT DECLARED AN EMERGENCY AND RETURNED TO ORD AND LANDED ON RUNWAY 32L WITHOUT INCIDENT. THE PASSENGERS AND CREW WERE DEPLANED VIA PORTABLE STAIRS. NO INJURIES WERE REPORTED.",DOUG,DC982,,"Miscellaneous, Other;Struck Birds In Flig",,-0.2929424028939809,14.678899082568808,1.232777002795049,-11.111111111111105,stable,strong_growth,mild_growth,strong_decline,ASIAS
20040930025099I,2.0,,Unknown,Daylight,UNK,Other,Unknown,2004,9,"(-23) FLIGHT 67 PUSHED BACK FROM THE GATE AND WAS IN THE PROCESS OF TAXIING FOR TAKEOFF WHEN PASSENGER, ^PRIVACY DA

(-23) FLIGHT 67 PUSHED BACK FROM THE GATE AND WAS IN THE PROCESS OF TAXIING FOR TAKEOFF WHEN PASSENGER, ^PRIVACY DATA OMITTED^ BECAME IRATE AND DISRUPTIVE WHEN TOLD TO REMOVE HIS HEADPHONES. THE CAPTAIN RETURNED THE AIRCRAFT TO THE GATE AND ^PRIVACY DAT^ WAS REMOVED AT THAT TIME.   INJURY SUMMARY NOT KNOWN BY ASI.",,,,"Miscellaneous, Other;Other, Miscellaneous",,-0.2929424028939809,14.678899082568808,1.232777002795049,-11.111111111111105,stable,strong_growth,mild_growth,strong_decline,ASIAS
20040920022799I,2.0,,Unknown,Daylight,UNK,Unknown,Unknown,2004,9,"(-23) MIDWEST AIRLINES, INC., FLIGHT 827, ENROUTE MILWAUKEE, WI, TO DENVER, CO, DIVERTED INTO OMAHA, NE, AFTER THE

(-23) MIDWEST AIRLINES, INC., FLIGHT 827, ENROUTE MILWAUKEE, WI, TO DENVER, CO, DIVERTED INTO OMAHA, NE, AFTER THE CAPTAIN'S FRONT WINDSHIELD OUTER PANEL CRACKED IN FLIGHT. THE AIRCRAFT LANDED WITHOUT FURTHER INCIDENT. COMPANY MECHANICS REMOVED AND REPLACED THE WINDSHIELD.",DOUG,DC981,,"OPDEF, Other Than Pi;5610",,-0.2929424028939809,14.678899082568808,1.232777002795049,-11.111111111111105,stable,strong_growth,mild_growth,strong_decline,ASIAS
20040913025269I,2.0,,VMC,Daylight,UNK,Unknown,Unknown,2004,9,"(-23) CHICAGO EXPRESS AIRLINE SAAB 340B, N311CE, SERIAL NUMBER 214, UPON LANDING AT MIDWAY AIRPORT IN CHICAGO, IL O

(-23) CHICAGO EXPRESS AIRLINE SAAB 340B, N311CE, SERIAL NUMBER 214, UPON LANDING AT MIDWAY AIRPORT IN CHICAGO, IL ON RUNWAY 22L, WAS NOTIFIED BY THE CONTROL TOWER PERSONNEL THAT A WHEEL HAD DEPARTED THE RIGHT SIDE OF THE AIRCRAFT. THERE WERE 27 PEOPLE ON BOARD. NO INJURIES WERE REPORTED.",SAAB,340B,,"OPDEF, Other Than Pi;3246",,-0.2929424028939809,14.678899082568808,1.232777002795049,-11.111111111111105,stable,strong_growth,mild_growth,strong_decline,ASIAS
20040914031879I,2.0,,IMC,Night,UNK,Unknown,Unknown,2004,9,"(-23) NORTHWEST AIRLINK FLIGHT 5642 A CRJ2, LANDED ON RUNWAY 13 AFTER REPORTING A FLAPS FAIL MESSAGE IN FLIGHT. THE

(-23) NORTHWEST AIRLINK FLIGHT 5642 A CRJ2, LANDED ON RUNWAY 13 AFTER REPORTING A FLAPS FAIL MESSAGE IN FLIGHT. THE ARFF RESPONDED AND THE AIRCRAFT TAXIED TO THE RAMP WITHOUT INCIDENT. ON CALL MAINTENANCE COMPLIED WITH AD 98-20-01. VISUAL INSPECTION OF FLAPS AND RESET CB'S. MESSAGE CLEARED AND OPS CHECK OF FLAPS WAS GOOD. MAINTENANCE COMPLETED UNDER THE DIRECTION OF REXA MAINTENANCE CONTROL. A/C RETURNED TO SERVICE.",CNDAIR,CL6002B19,,"OPDEF, Other Than Pi;2750",,-0.2929424028939809,14.678899082568808,1.232777002795049,-11.111111111111105,stable,strong_growth,mild_growth,strong_decline,ASIAS
20040921023059I,2.0,,VMC,Unknown,UNK,PIC,Unknown,2004,9,"(-23) BIRD STRIKE ON DEPARTURE FROM SLC. AIRCRAFT CONTINUED TO CODY, WY. ON-CALL MX FOUND DENT IN FUSELAGE RIGHT SI

(-23) BIRD STRIKE ON DEPARTURE FROM SLC. AIRCRAFT CONTINUED TO CODY, WY. ON-CALL MX FOUND DENT IN FUSELAGE RIGHT SIDE AFT OF RADOME. AIRCRAFT FERRIED BACK TO SLC FOR REPAIR. REPLACED SKIN IN LIEU OF REPAIR.",EMB,EMB120,,"Miscellaneous, Other;Struck Birds In Flig",,-0.2929424028939809,14.678899082568808,1.232777002795049,-11.111111111111105,stable,strong_growth,mild_growth,strong_decline,ASIAS
20040914020779I,2.0,,VMC,Daylight,UNK,Unknown,Unknown,2004,9,"(-23) ON SEPTEMBER 14, 2004, AT APPROXIMATELY 1520 EASTERN STANDARD TIME, A EMBRAER EMB-145, N810HK, FLIGHT NUMBER

(-23) ON SEPTEMBER 14, 2004, AT APPROXIMATELY 1520 EASTERN STANDARD TIME, A EMBRAER EMB-145, N810HK, FLIGHT NUMBER 3564 CONDUCTED UNDER 14 CFR PART 121, BY TRANS STATES AIRLINES, HAD A NOSE WHEEL STEERING FAILURE AFTER LANDING ON RUNWAY 10R AT PITTSBURGH INTERNATIONAL AIRPORT (PIT), PITTSBURGH, PENNSYLVANIA. THE CREW WAS ABLE TO CONTROL THE AIRCRAFT USING THE RUDDER AND STEER IT OFF OF THE RUNWAY ONTO TAXIWAY F WHERE IT WAS STOPPED WITHOUT INCIDENT. THE PASSENGERS WERE DEPLANED USING THE AIRCRAFT'S STAIRS AND SHUTTLED TO THE TERMINAL. SUBSEQUENTLY THE AIRCRAFT WAS TOWED TO THE RAMP. THERE WERE NO INJURIES TO THE CREW OR PASSENGERS. THE FLIGHT CREW'S ACTIONS OR LACK OF ACTIONS DID NOT CONTRIBUTE TO THIS INCIDENT. THIS CLOSED THE INVESTIGATION OF THIS INCIDENT AND NO FURTHER ACTION IS REQUIRED FROM THIS OFFICE.",EMB,EMB145LR,,"OPDEF, Other Than Pi;3251",,-0.2929424028939809,14.678899082568808,1.232777002795049,-11.111111111111105,stable,strong_growth,mild_growth,strong_decline,ASIAS
20040901020429I,2.0,,VMC,Daylight,UNK,Unknown,Unknown,2004,9,"(-23) MESABA 3662 WAS TAXIING TO RNWY 12L VIA PAPA TAXIWAY. AT THE INTERSECTION OF PAPA AND MIKE TAXIWAYS, THE PILO

(-23) MESABA 3662 WAS TAXIING TO RNWY 12L VIA PAPA TAXIWAY. AT THE INTERSECTION OF PAPA AND MIKE TAXIWAYS, THE PILOT REPORTED AN INTERIOR FIRE AND INFORMED THE NORTH LOCAL CONTROLLER THAT THE AIRCRAFT WAS BEING EVACUATED. EMERGENCY EQUIPMENT WAS NOTIFIED VIA THE TOWER CAB CRASH PHONE. RESPONSE WAS IMMEDIATE. FURTHER INVESTIGATION REVEALED A HYDRAULIC LEAK CAUSING SMOKE TO FILL THE PASSENGER CABIN. RESCUE PERSONNEL INDICATED HYDRAULICS FLUID LEAKED INTERNALLY IN ROWS 13 THRU 15. ONE PASSENGER EXPERIENCED A MINOR CUT ON LEG AND ANOTHER PASSENGER EXPERIENCED AN ASTHMA ATTACK. NO PASSENGERS REQUIRED TRANSPORT FOR INJURIES. L1, R1 AND 42 DOORS WERE USED FOR THE EVACUATION.",BAC,AVRO146RJ85A,,"OPDEF, Other Than Pi;2910",,-0.2929424028939809,14.678899082568808,1.232777002795049,-11.111111111111105,stable,strong_growth,mild_growth,strong_decline,ASIAS
20040829027039I,2.0,,Unknown,Night,UNK,Other,Unknown,2004,8,"(-23) DURING GROUND OPERATIONS AT IAD, THE GROUND CREW (DELTA GLOBAL SERVICES) STRUCK THE TERMINAL BUILDING (GATE G

(-23) DURING GROUND OPERATIONS AT IAD, THE GROUND CREW (DELTA GLOBAL SERVICES) STRUCK THE TERMINAL BUILDING (GATE G7) WITH THE AIRCRAFT WINGTIP. THE AIRCRAFT SUSTAINED MINOR STRUCTURAL DAMAGE TO THE LEFT WINGTIP AND A TORN DE-ICING BOOT. THE FACTORS CONTRIBUTING TO THIS INCIDENT ARE THE PLACEMENT OF OBSTRUCTIONS TOO CLOSE TO THE AIRCRAFT DURING PUSH-BACK OPERATIONS, THE UNFAMILIARTY AND/OR DISREGARD FOR GROUND OPERATING PROCEDURES, GROUND PROCEDURES TRAINING, AND INSUFFICIENT SUPERVISION. INJURY SUMMARY NOT KNOWN BY ASI.",SAAB,SF340A,,"Miscellaneous, Other;Fail Avd Objs Or Obs",,1.1423087539558674,10.185185185185164,1.232777002795049,5.890957446808498,mild_growth,strong_growth,mild_growth,strong_growth,ASIAS
20040826020579I,2.0,,Unknown,Daylight,UNK,Unknown,Unknown,2004,8,"(-23) PILOT REPORTED: AT 35,000' CABIN REACHED 10,000' WITH CABIN WARNING HORN ON. ENGINE BLEEDS WERE ON AND PACKS

(-23) PILOT REPORTED: AT 35,000' CABIN REACHED 10,000' WITH CABIN WARNING HORN ON. ENGINE BLEEDS WERE ON AND PACKS AUTO. NO AUTO SWITCHED OVER TO MAN AC & DC WE PAUSED AT STBY POSITION, WE HAD NO CONTROL, ALSO NO CONTROL @ MANUAL AC/DC POSITION. CORRECTIVE ACTION: MAINTENANCE PRESSURIZED THE AIRCRAFT AND CHECKED FOR LEAKS. FOUND WITHIN LIMITS PER MAINTENANCE MANUAL. PERFORMED MAINTENANCE TASKS G21-00-01 PACK CONFIDENCE CHECK AND MAINTENANCE TASK G21-31-01 PRESSURE CONTROLLER FUNCTIONAL TEST. NO DEFECTS FOUND. R&R PRESSURE CONTROLLER AND OUTFLOW VALVE PER MAINTENANCE MANUAL. NO PROBLEMS SINCE. NOTE: MASKS DID NOT DEPLOY. THIS INCIDENT ^PRIVACY DATA O^ IS CONSIDERED CLOSED.",BOEING,7373H4,,"OPDEF, Other Than Pi;2131",,1.1423087539558674,10.185185185185164,1.232777002795049,5.890957446808498,mild_growth,strong_growth,mild_growth,strong_growth,ASIAS
20041006031249I,2.0,,VMC,Daylight,UNK,Unknown,Unknown,2004,10,"(-23) ON OCTOBER 6, 2004 AT 1224 EST, CHAUTAQUA AIRLINES FLIGHT 3115, AN EMB-145, ABORTED TAKE-OFF ON RUNWAY 22 AT

(-23) ON OCTOBER 6, 2004 AT 1224 EST, CHAUTAQUA AIRLINES FLIGHT 3115, AN EMB-145, ABORTED TAKE-OFF ON RUNWAY 22 AT ROC DUE TO SMOKE IN THE CABIN AND COCKPIT. THE AIRCRAFT CLEARED THE RUNWAY AND THE PASSENGERS AND CREW EVACUATED THE AIRCRAFT. THE ARFF RESPONDED. THERE WAS NO FIRE AND NO INJURIES WERE REPORTED. MAINTENANCE INSPECTED THE AIRCRAFT AND IT WAS FERRIED TO BOSTON FOR FURTHER INSPECTION. THIS INCIDENT IS CONSIDERED CLOSED. PASSENGER INJURY SUMMARY NOT KNOWN BY ASI.",EMB,EMB145LR,,"OPDEF, Other Than Pi;7261",,-0.8514331507777917,24.10714285714284,-2.0559097880491928,-9.174534011135316,stable,strong_growth,mild_decline,strong_decline,ASIAS
20040915023069I,2.0,,VMC,Daylight,UNK,Unknown,Unknown,2004,9,"(-23) ON CLIMBOUT THE PILOT REPORTED NUMBER TWO ENGINE RETURNED TO IDLE WITH THE POWER LEVER FULL FORWARD. THE NUMB

(-23) ON CLIMBOUT THE PILOT REPORTED NUMBER TWO ENGINE RETURNED TO IDLE WITH THE POWER LEVER FULL FORWARD. THE NUMBER TWO PROP WENT INTO AUTOFEATHER. THE ENGINE IN FLIGHT SHUTDOWN PROCEDURE WAS ACCOMPLISHED AND AND A NORMAL LANDING WAS ACCOMPLISHED IN LIBERAL KS. GREAT LAKES AVIATION, LTD. HAS FILED SDR #GLBA20030720.",BEECH,1900D,,"OPDEF, Other Than Pi;7321",,-0.2929424028939809,14.678899082568808,1.232777002795049,-11.111111111111105,stable,strong_growth,mild_growth,strong_decline,ASIAS
20040930025359I,2.0,,VMC,Daylight,UNK,Unknown,Unknown,2004,9,"(-23) ON SEPTEMBER 20, 2004 UNITED EXPRESS N47239 FLT. 7144 OPERATED BY MESA AIRLINES (MASA) A CL-600 ADVISED ATC O

(-23) ON SEPTEMBER 20, 2004 UNITED EXPRESS N47239 FLT. 7144 OPERATED BY MESA AIRLINES (MASA) A CL-600 ADVISED ATC OF UNCOMMANDED NOSE DOWN PITCH AND DECLARED AN EMERGENCY. THE AIRCRAFT LANDED WITHOUT INCIDENT. MAINTENANCE CONCLUDED THAT THE FIRST OFFICERS STABILIZER TRIM SWITCH WAS STUCK IN THE NOSE DOWN POSITION. THE SWITCH WAS CHANGED IN ACCORDANCE M/M REFERENCE 27-41-05, OPS CHECKED SYSTEM PER M/M REFERENCE 27-40-00 ALL OPS CHECKS WERE OK. REFERENCE LOG PAGES 83953/4 FOR CORRECTIONS. ADDITIONALLY A HARD/OVERWEIGHT LANDING CHECK LIST MTC-05-51-001 WAS ACCOMPLISHED WITH NO DISCREPANCIES NOTED. PER THE NTSB THE CVR AND THE DFR WERE REMOVED AND REPLACED. BOTH REPLACED UNITS OP CHECKED OK. CVR R/R PER MM 23-71-00. DFR R/R PER MM 31-31-01. THE AIRCRAFT WAS TEST FLOWN WITH NO ADDITIONAL REMARKS. NTSB TRACKING NUMBER CHI05SA004...OPERATIONS INSPECTOR LEE MAGNUSON DEBRIEFED THE PILOT AND FIRST OFFICER...THIS INCIDENT IS CONSIDERED CLOSED.",CNDAIR,CL6002B19,,"OPDEF, Other Than Pi;2740",,-0.2929424028939809,14.678899082568808,1.232777002795049,-11.111111111111105,stable,strong_growth,mild_growth,strong_decline,ASIAS
20041118031909I,2.0,,Unknown,Daylight,UNK,Other,Unknown,2004,11,"(-23) PASSENGER ABOARD CONTINENTAL AIRLINES FLIGHT #1080 WAS SMOKING CIGARETTES AND USING HIS CELLULAR PHONE. CABIN

(-23) PASSENGER ABOARD CONTINENTAL AIRLINES FLIGHT #1080 WAS SMOKING CIGARETTES AND USING HIS CELLULAR PHONE. CABIN CREW AND PASSENGER INJURY SUMMARY NOT KNOWN BY ASI.",BOEING,737*,,"Miscellaneous, Other;Fail Follow Approved",,-0.361765797899849,16.806722689075638,-2.0559097880491928,-7.459500188371216,stable,strong_growth,mild_decline,strong_decline,ASIAS
20041027028549I,2.0,,Unknown,Daylight,UNK,Unknown,5000+,2004,10,"(-23) DURING LANDING GEAR EXTENSION, GEAR DOOR DEPARTED AIRCRAFT AND FELL TO GROUND. GEAR DOOR MADE IMPACT WITH RES

(-23) DURING LANDING GEAR EXTENSION, GEAR DOOR DEPARTED AIRCRAFT AND FELL TO GROUND. GEAR DOOR MADE IMPACT WITH RESIDENCE IN SAFETY HARBOR, FLORIDA. NO ONE WAS INJURED ON THE GROUND OR ON THE AIRCRAFT AS A RESULT OF THIS INCIDENT.",BOEING,767332,,"OPDEF, Other Than Pi;5280",,-0.8514331507777917,24.10714285714284,-2.0559097880491928,-9.174534011135316,stable,strong_growth,mild_decline,strong_decline,ASIAS
20041204034599I,2.0,,Unknown,Daylight,UNK,Other,Unknown,2004,12,"(-23) PASSENGERS: ^PRIVACY DATA OMITTED^ WHILE ON SSAW FLIGHT 417 FROM BWI TO CLE WAS FOUND BY CREWMEMBER TO HAVE S

(-23) PASSENGERS: ^PRIVACY DATA OMITTED^ WHILE ON SSAW FLIGHT 417 FROM BWI TO CLE WAS FOUND BY CREWMEMBER TO HAVE SMOKED IN THE LAVATORY IN VIOLATING OF CREWMEMBER BRIEFING AND POSTED PLACARDS AND SIGNS. THE INCIDENT HAPPENED DURING CRUISE TO CLE. PASSENGERS DENIED SMOKING. UPON ARRIVAL AT CLE PASSENGERS PROVIDED LAW ENFORCEMENT WITH PERSONAL IDENTIFICATION.",,,,"Miscellaneous, Other;Unauthorized Action",,0.03458390439472492,4.0000000000000036,-2.0559097880491928,1.864640883977886,stable,mild_growth,mild_decline,mild_growth,ASIAS
20041206034769I,2.0,,IMC,Daylight,UNK,Unknown,Unknown,2004,12,"(-23) DURING TAKEOFF ON FLIGHT 3669, #4 ENGINE FIRE WARNING LIGHT ILLUMINATED IN FLIGHT. MAINTENANCE COMPLETED INSP

(-23) DURING TAKEOFF ON FLIGHT 3669, #4 ENGINE FIRE WARNING LIGHT ILLUMINATED IN FLIGHT. MAINTENANCE COMPLETED INSPECTION ON ENGINE. NO DEFECTS NOTED. FIRE BOTTLE WAS NOT DISCHARGED. SUSPECT FUEL MANIFOLD LEAKING. REPLACED BOTH FUEL MANIFOLDS. LH FUEL MANIFOLD P/N 2-163-620-38, S/N OFF 13-714, RH P/N 2-163-620-37 S/N 1XM02556.",BAC,AVRO146RJ85A,,"OPDEF, Other Than Pi;7313",,0.03458390439472492,4.0000000000000036,-2.0559097880491928,1.864640883977886,stable,mild_growth,mild_decline,mild_growth,ASIAS
20041201031439I,2.0,,Unknown,Unknown,UNK,Other,Unknown,2004,12,"(-23) EVERGREEN AVIATION MAINTENANCE CREW WAS IN THE PROCESS OF PUSHING THE AIRCRAFT AWAY FROM THE GATE AND THE #1

(-23) EVERGREEN AVIATION MAINTENANCE CREW WAS IN THE PROCESS OF PUSHING THE AIRCRAFT AWAY FROM THE GATE AND THE #1 ENGINE WAS STRUCK ON THE LEFT SIDE BY A FMC (CARGO) LOADER CAUSING MINOR DAMAGE TO THE ENGINE NOISE COWL, FAN COWL, THRUST REVERSER AND EXHAUST NOZZLE. THE FMC (CARGO) LOADER WAS PARKED WITHIN 25FT OF THE AIRCRAFT AND WAS NOT SEEN BY THE TOE TRACTOR OPERATOR NOR THE PUSH-BACK ASSISTANT OR COMMUNICATIONS PERSON PRIOR TO PUSH-BACK. BY THE TIME THE PUSH-BACK ASSISTANT NOTICED THE LOADER IN THE RED ZONE, IT WAS TOO LATE, THE DAMAGE HAD ALREADY OCCURRED. THE AIRCRAFT WAS LOADED WITH 301 PASSENGER, THERE WERE NO INJURIES. AIRCRAFT WAS TAKEN OUT OF REVENUE SERVICE.",BOEING,747,,"Miscellaneous, Other;Fail Avd Objs Or Obs",,0.03458390439472492,4.0000000000000036,-2.0559097880491928,1.864640883977886,stable,mild_growth,mild_decline,mild_growth,ASIAS
20041126034259I,2.0,,Unknown,Unknown,UNK,Other,Unknown,2004,11,"(-23) PASSENGER WAS SMOKING A CIGARETTE IN THE FORWARD LAVATORY. ^PRIVACY DATA OMITTED^ INJURY SUMMARY NOT KNOWN BY

(-23) PASSENGER WAS SMOKING A CIGARETTE IN THE FORWARD LAVATORY. ^PRIVACY DATA OMITTED^ INJURY SUMMARY NOT KNOWN BY ASI.",BOEING,7375H4,,"Miscellaneous, Other;Cntl Intfr By Passen",,-0.361765797899849,16.806722689075638,-2.0559097880491928,-7.459500188371216,stable,strong_growth,mild_decline,strong_decline,ASIAS
20041127028809I,2.0,,Unknown,Daylight,UNK,Unknown,Unknown,2004,11,"(-23) DURING TAKEOFF, AT 110-120 KTS, SMOKE ENTERED FLIGHT DECK. THE TAKEOFF WAS ABORTED AND AIRCRAFT RETURNED TO T

(-23) DURING TAKEOFF, AT 110-120 KTS, SMOKE ENTERED FLIGHT DECK. THE TAKEOFF WAS ABORTED AND AIRCRAFT RETURNED TO THE GATE WITHOUT INCIDENT. THIS INCIDENT ^PRIVACY DATA OMITTED IS CLOSED.",DOUG,DC951,,"OPDEF, Other Than Pi;2150",,-0.361765797899849,16.806722689075638,-2.0559097880491928,-7.459500188371216,stable,strong_growth,mild_decline,strong_decline,ASIAS
20041121031919I,2.0,,IMC,Daylight,UNK,PIC,Unknown,2004,11,"(-23) ON NOVEMBER 21, 2004, AT 1038 MOUNTAIN STANDARD TIME, A MCDONNEL DOUGLAS DC-9-82, N234AA, OPERATED AS AMERICA

(-23) ON NOVEMBER 21, 2004, AT 1038 MOUNTAIN STANDARD TIME, A MCDONNEL DOUGLAS DC-9-82, N234AA, OPERATED AS AMERICAN AIRLINES FLIGHT 1115, SUSTAINED MINOR DAMAGE WHEN DURING LANDING AT DENVER INTERNATIONAL AIRPORT (DEN), DENVER, COLORADO, THE AIRPLANE STRUCK SEVERAL APPROACH AND RUNWAY THRESHOLD LIGHTS.",DOUG,DC982,,Pilot Induced;Landed Short,,-0.361765797899849,16.806722689075638,-2.0559097880491928,-7.459500188371216,stable,strong_growth,mild_decline,strong_decline,ASIAS
20041122033479I,2.0,,IMC,Daylight,UNK,Unknown,Unknown,2004,11,"(-23) INCIDENT ^PRIVACY DATA O^ WAS REPORTED BY AIR TRAFFIC BECAUSE OF A LOSS OF SEPARATION BETWEEN ASH2618 AND AAL

(-23) INCIDENT ^PRIVACY DATA O^ WAS REPORTED BY AIR TRAFFIC BECAUSE OF A LOSS OF SEPARATION BETWEEN ASH2618 AND AAL366. THE REQUIRED SEPARATION WAS LOST WHEN THE FLIGHT CREW OF ASH2618 RESPONDED TO A GPWS WARNING OF ""GEAR HORN, TERRAIN TERRAIN, SINK RATE, AND PULL UP"", DURING A DESCENT THROUGH 11,600 FT. FOR AVP, THEIR DESTINATION. ASH2618 WAS IMC IN ICING CONDITIONS WHEN THE GPWS WARNINGS OCCURRED, AFTER DETERMINING THEY WERE RECEIVING FAULTY WARNINGS THEY CONTINUED AND LANDED SAFELY AT AVP. ACCORDING TO THE CAPTAIN OF ASH2618, MAINTENANCE IN AVP DETERMINED ICE HAD PROBABLY CAUSED THE GPWS PROBLEM. ON THE SUBSEQUENT FLIGHT TO PHILADELPHIA THE PROBLEM REOCCURRED, AND MAINTENANCE IN PHL DISCOVERED A CRACKED #1 PACK SUPPLY BLEED AIR DUCT WHICH THEY BELIEVED AFFECTED THE RADAR ALTIMETER SYSTEM BECAUSE OF HEAT.",CNDAIR,CL6002B19,,"OPDEF, Other Than Pi;3610",,-0.361765797899849,16.806722689075638,-2.0559097880491928,-7.459500188371216,stable,strong_growth,mild_decline,strong_decline,ASIAS
20041118031929I,2.0,,Unknown,Night,UNK,Unknown,5000+,2004,11,"(-23) AT 2045L, 18 NOVEMBER, 2004, AIR WISCONSIN AIRCRAFT N451AW, FLIGHT #8368 FROM TULSA TO ORD WAS TAXIING TO GAT

(-23) AT 2045L, 18 NOVEMBER, 2004, AIR WISCONSIN AIRCRAFT N451AW, FLIGHT #8368 FROM TULSA TO ORD WAS TAXIING TO GATE F3A, WHEN THE RIGHT WING OUTBOARD LEADING EDGE COLLIDED WITH A DODGE MINIVAN BELONGING TO WORLDWIDE SERVICES. THE COLLISION CAUSED THE MINIVAN TO FLIP OVER ON THE PASSENGER SIDE. THREE OCCUPANTS WERE ONBOARD THE VAN AND WERE INJURED. THE INJURED WERE TAKEN TO LUTHERAN GENERAL AND ILLINOIS MASONIC HOSPITALS. THE AIR WISCONSIN CREW REPORTED FEELING AN IMPACT, BUT DID NOT SEE ANYTHING FROM THE COCKPIT. THE AIRCRAFT WAS INSTRUCTED BY OPERATION TO CONTINUE TAXIING TO GATE F3A. NO INJURIES WERE REPORTED ONBOARD THE AIRCRAFT. THE PASSENGERS WERE DISEMBARKED WITHOUT INCIDENT. THE AIRCRAFT SUSTAINED DAMAGE TO THE RIGHT WING LEADING EDGE, OUTBOARD FLAP CANOE FAIRING AND LOWER WING SKIN PANEL. THE MINIVAN WAS TOTALLED TO THE IMPACT.",CNDAIR,CL6002B19,,"Miscellaneous, Other",,-0.361765797899849,16.806722689075638,-2.0559097880491928,-7.459500188371216,stable,strong_growth,mild_decline,strong_decline,ASIAS
20041119034619I,2.0,,Unknown,Daylight,UNK,Other,Unknown,2004,11,"(-23) PASSENGER ^PRIVACY DATA OMITTED^ BECAME IRATE DURING THE TAXI OUT OF SOUTHWEST AIRLINES FLIGHT AND INTERFERED

(-23) PASSENGER ^PRIVACY DATA OMITTED^ BECAME IRATE DURING THE TAXI OUT OF SOUTHWEST AIRLINES FLIGHT AND INTERFERED WITH A CREWMEMBER IN THE PERFORMANCE OF THE CREWMEMBER'S DUTIES IN VIOLATION OF 14 CFR 121.580.",,,,"Miscellaneous, Other;Cntl Intfr By Passen",,-0.361765797899849,16.806722689075638,-2.0559097880491928,-7.459500188371216,stable,strong_growth,mild_decline,strong_decline,ASIAS
20041112034049I,2.0,,VMC,Daylight,UNK,Unknown,Unknown,2004,11,"(-23) DURING CRUISE FROM ABQ-TUS RIGHT PACK TRIPPED AND WOULD NOT RESET. OXYGEN MASKS DROPPED DUE TO PRESSURIZATION

(-23) DURING CRUISE FROM ABQ-TUS RIGHT PACK TRIPPED AND WOULD NOT RESET. OXYGEN MASKS DROPPED DUE TO PRESSURIZATION LOSS.",BOEING,7373H4,,"OPDEF, Other Than Pi;2100",,-0.361765797899849,16.806722689075638,-2.0559097880491928,-7.459500188371216,stable,strong_growth,mild_decline,strong_decline,ASIAS
20041112032599I,2.0,,VMC,Daylight,UNK,Unknown,Unknown,2004,11,"(-23) WHEN LANDING GEAR WAS EXTENDED THERE WAS A LOUD BANG FROM THE LEFT MAINGEAR AREA. CREW INVESTIGATED, AND FOUN

(-23) WHEN LANDING GEAR WAS EXTENDED THERE WAS A LOUD BANG FROM THE LEFT MAINGEAR AREA. CREW INVESTIGATED, AND FOUND UPPER SECTION OF LEFT MAIN GEAR SEPARATED FROM LOWER SECTION OF LEFT MAIN GEAR. AIRCRAFT LANDED ON RUNWAY 09R AT FLL WITH NO INJURY TO CREW OR PASSENGERS. AIRCRAFT RECEIVED MINOR DAMAGE TO LEFT FLOAT.",GULSTM,G73,,"OPDEF, Other Than Pi;3213",,-0.361765797899849,16.806722689075638,-2.0559097880491928,-7.459500188371216,stable,strong_growth,mild_decline,strong_decline,ASIAS
20041030027789I,2.0,,Unknown,Daylight,UNK,Unknown,Unknown,2004,10,"(-23) CHAUTAUQUA AIRLINES FLIGHT 3103 AN EMB145LR, N279SK ENROUTE FROM NEW YORK, NY (LGA) TO LOUISVILLE, KY (SDF),

(-23) CHAUTAUQUA AIRLINES FLIGHT 3103 AN EMB145LR, N279SK ENROUTE FROM NEW YORK, NY (LGA) TO LOUISVILLE, KY (SDF), DECLARED AN EMERGENCY DUE TO AN ENGINE FAILURE. DURING CRUISE THE FLIGHT CREW HEARD A LOUD BANG. THE ITT DROPPED TO THE AMBER RANGE, AN EICAS E2 OUT MESSAGE APPEARED, AND THE ENGINE SHUTDOWN. THE QRH WAS RAN AND ABOUT 35 MIN. OUT FROM SDF, AN EMERGENCY WAS DECLARED. DURING LANDING AN EICAS E2 EXCEEDED MESSAGE AND AN E2 SHORT DISPATCH MESSAGE APPEARED. AIRCRAFT LANDED WITHOUT INCIDENT. MAINTENANCE INSPECTED THE ENGINE AND FOUND METAL IN THE EXHAUST SECTION. REMOVED AND REPLACED #2 ENGINE. MAINTENANCE PERFORMED GROUND RUNS OF #2 ENGINE WITH NO LEAKS NOTED.",EMB,EMB145LR,,"OPDEF, Other Than Pi;7250",,-0.8514331507777917,24.10714285714284,-2.0559097880491928,-9.174534011135316,stable,strong_growth,mild_decline,strong_decline,ASIAS
20041031031999I,2.0,,IMC,Daylight,UNK,Unknown,Unknown,2004,10,"(-23) ON OCTOBER 31, 2004, AN AIRTRAN B-717, N927AT, REGISTERED TO WELLS FARGO BANK NW NA, TRUSTEE, AND OPERATED BY

(-23) ON OCTOBER 31, 2004, AN AIRTRAN B-717, N927AT, REGISTERED TO WELLS FARGO BANK NW NA, TRUSTEE, AND OPERATED BY AIRTRAN AIRLINES, INGESTED A BIRD UPON TAKEOFF FROM ROC. INSTRUMENT METEOROLOGICAL CONDITIONS PREVAILED AT THE TIME AND AN IFR FLIGHT PLAN WAS FILED. THE SPINNER ON THE RIGHT ENGINE WAS DAMAGED. THE AIRCRAFT IMMEDIATELY RETURNED TO ROC. THE FLIGHT CREW WAS CURRENT AND QUALIFIED UNDER PART 121. NO OTHER DAMAGE TO THE AIRCRAFT NOR INJURIES TO CREW OR PASSENGERS OCCURRED. INJURY SUMMARY NOT KNOWN BY ASI.",BOEING,717200,,"Miscellaneous, Other;7200",,-0.8514331507777917,24.10714285714284,-2.0559097880491928,-9.174534011135316,stable,strong_growth,mild_decline,strong_decline,ASIAS
20041031032529I,2.0,,Unknown,Daylight,UNK,Other,Unknown,2004,10,"(-23) PASSENGER ^PRIVACY DATA OMITTED^ INTERFERED WITH THE SAFETY DUTIES OF THE CREW. INJURY SUMMARY NOT KNOWN BY A

(-23) PASSENGER ^PRIVACY DATA OMITTED^ INTERFERED WITH THE SAFETY DUTIES OF THE CREW. INJURY SUMMARY NOT KNOWN BY ASI.",,,,"Miscellaneous, Other;Unauthorized Action",,-0.8514331507777917,24.10714285714284,-2.0559097880491928,-9.174534011135316,stable,strong_growth,mild_decline,strong_decline,ASIAS
20041029030889I,2.0,,Unknown,Daylight,UNK,Unknown,Unknown,2004,10,"(-23) WHILE AT CRUISE, DFW TO DCA, WITH NO PRIOR WARNING OR INDICATION, A LOUD BANG WAS HEARD AND FELT, FOLLOWED BY

(-23) WHILE AT CRUISE, DFW TO DCA, WITH NO PRIOR WARNING OR INDICATION, A LOUD BANG WAS HEARD AND FELT, FOLLOWED BY SEVERE VIBRATION OF THE #1 ENGINE, AND SMOKE IN THE CABIN. THE #1 ENGINE WAS SHUT DOWN, AND THE FLIGHT DIVERTED TO ROA, LANDING WITHOUT FURTHER ENGINE. ALL PASSENGERS AND CREW DEPLANED THROUGH THE MAIN CABIN DOOR, WITH NO INJURIES. MAINTENANCE PERSONNEL FOUND SUBSTANTIAL FOD DAMAGE TO THE #1 ENGINE, WHICH REQUIRED IT TO BE REPLACED. THE ONLY APPARENT SOURCE OF THE FOD WAS AN EXTERNALLY LEAKING FOWARD LAVATORY, WHICH PROBABLY RESULTED IN ""BLUE ICE"" ACCUMULATION BREAKING OFF THE FOWARD FUSELAGE, AND BEING INGESTED BY THE #1 ENGINE. THERE WAS NO OTHER DAMAGE TO THE AIRCRAFT, AND NO EVIDENCE OF ANYTHING ELSE HAVING BEEN INGESTED BY THE ENGINE.",DOUG,DC982,,"OPDEF, Other Than Pi;2540",,-0.8514331507777917,24.10714285714284,-2.0559097880491928,-9.174534011135316,stable,strong_growth,mild_decline,strong_decline,ASIAS
20041013027419I,2.0,,Unknown,Daylight,UNK,Other,Unknown,2004,10,"(-23) AIRCRAFT WAS STOPPED ON TAXIWAY ECHO IN LINE FOR TAKEOFF. AN AMERICAN AIRLINES BAGGAGE CART BROKE AWAY FROM T

(-23) AIRCRAFT WAS STOPPED ON TAXIWAY ECHO IN LINE FOR TAKEOFF. AN AMERICAN AIRLINES BAGGAGE CART BROKE AWAY FROM TUG AND TRAVELED APPROXIMATELY 100 FEET AND IMPACTED AIRCRAFT AT THE RIGHT SIDE FLAP JACKSCREW FAIRING COVER. AIRCRAFT WAS TOWED BACK TO GATE AND PASSENGERS WERE DEPLANED.",BOEING,7375H4,,"Miscellaneous, Other;Defic, Co Maintain E",,-0.8514331507777917,24.10714285714284,-2.0559097880491928,-9.174534011135316,stable,strong_growth,mild_decline,strong_decline,ASIAS
20041031031979I,2.0,,Unknown,Night,UNK,Other,Unknown,2004,10,"(-23) PASSENGER ^PRIVACY DATA OMITTED SMOKED CIGARETTE IN AIRCRAFT LAVATORY WHILE IN FLIGHT WHILE ""NO SMOKING"" SIGN

(-23) PASSENGER ^PRIVACY DATA OMITTED SMOKED CIGARETTE IN AIRCRAFT LAVATORY WHILE IN FLIGHT WHILE ""NO SMOKING"" SIGN ILLUMINATED AND AFTER ""NO SMOKING"" BRIEFING. AIRCRAFT MET BY POLICE. ^PRIVACY ^ ADMITTED TO SMOKING AND STATED THE CIGARETTE BUTT WAS FLUSHED DOWN TOILET. TWO FLIGHT ATTENDANTS WITNESSED. INJURY SUMMARY NOT KNOWN BY ASI.",BOEING,7377H4,,"Miscellaneous, Other;Fail Follow Approved",,-0.8514331507777917,24.10714285714284,-2.0559097880491928,-9.174534011135316,stable,strong_growth,mild_decline,strong_decline,ASIAS
20041123034609I,2.0,,Unknown,Unknown,UNK,Other,Unknown,2004,11,"(-23) PASSENGER ^PRIVACY DATA OMITTED^ SMOKED CIGARETTE IN AIRCRAFT LAVATORY WHILE IN FLIGHT WHILE ""NO SMOKING"" SIG

(-23) PASSENGER ^PRIVACY DATA OMITTED^ SMOKED CIGARETTE IN AIRCRAFT LAVATORY WHILE IN FLIGHT WHILE ""NO SMOKING"" SIGN ILLUMINATED AND AFTER ""NO SMOKING"" BRIEFING. FLIGHT ATTENDANT FOUND THE CIGARETTE BUTT STILL BURNING IN THE TRASH. ^^INJURY SUMMARY NOT KNOWN BY ASI.",,,,"Miscellaneous, Other;Unauthorized Action",,-0.361765797899849,16.806722689075638,-2.0559097880491928,-7.459500188371216,stable,strong_growth,mild_decline,strong_decline,ASIAS
20041123031569I,2.0,,VMC,Unknown,UNK,Other,Unknown,2004,11,"(-23) PASSENGER REFUSED TO COMPLY WITH CREWMEMBER INSTRUCTORS TO STOW BAG PRIOR TO TAXI, BOTH FROM FLIGHT ATTENDANT

(-23) PASSENGER REFUSED TO COMPLY WITH CREWMEMBER INSTRUCTORS TO STOW BAG PRIOR TO TAXI, BOTH FROM FLIGHT ATTENDANT AND PILOT. PASSENGER MADE SARCASTIC REFERENCE TO BOMB. CREWMEMBERS NOT COMFORTABLE ALLOWING HIM TO REMAIN ON AIRCRAFT AND PASSENGER WAS REMOVED AND MET BY POLICE.",EMB,EMB145,,"Miscellaneous, Other;Fail Follow Approved",,-0.361765797899849,16.806722689075638,-2.0559097880491928,-7.459500188371216,stable,strong_growth,mild_decline,strong_decline,ASIAS
20041210032539I,2.0,,VMC,Daylight,UNK,Unknown,Unknown,2004,12,"(-23) DURING TAKEOFF, CREW NOTED SMOKE IN THE COCKPIT. THE TAKEOFF WAS ABORTED. THE CREW AND PASSENGERS DEPLANED VI

(-23) DURING TAKEOFF, CREW NOTED SMOKE IN THE COCKPIT. THE TAKEOFF WAS ABORTED. THE CREW AND PASSENGERS DEPLANED VIA STAIRS ON RUNWAY 35L. NO INJURIES, NO FIRE REPORTED. MAINTENANCE INSPECTED AND FOUND ENGINE #1 CARBON SEAL LEAKING. THE #1 CARBON SEAL WAS REPLACED IAW ROLLS ROYCE AMM. OPERATIONAL TEST WAS SATISFACTORY.",EMB,EMB145LR,,"OPDEF, Other Than Pi;7261",,0.03458390439472492,4.0000000000000036,-2.0559097880491928,1.864640883977886,stable,mild_growth,mild_decline,mild_growth,ASIAS
20041019027399I,2.0,,Unknown,Daylight,UNK,Unknown,Unknown,2004,10,"(-23) ON TAKEOFF OUT OF MCI AT ROTATION THE FLIGHT CREW HEARD A LOUD BANG - EPR ROLLED BACK, EGT ENTERED YELLOW, TH

(-23) ON TAKEOFF OUT OF MCI AT ROTATION THE FLIGHT CREW HEARD A LOUD BANG - EPR ROLLED BACK, EGT ENTERED YELLOW, THEN THE ENGINE INDICATIONS RETURNED TO NORMAL OPERATION. THE AIRCRAFT CONTINUED ON TO ATL WHERE MAINTENANCE FOUND THE #2 ENGINE NOSE DOME MISSING AND N1 TACHOMETER HOUSING DAMAGED. THEY REPLACED BOTH AND RAN ENGINE IAW MAINTENANCE PROCEDURES. AIRCRAFT WAS RETURNED TO SERVICE. THIS INCIDENT ^PRIVACY DATA OMITTED IS CONSIDERED CLOSED. INJURY SUMMARY NOT KNOWN BY ASI.",BOEING,737232,,"OPDEF, Other Than Pi;7220",,-0.8514331507777917,24.10714285714284,-2.0559097880491928,-9.174534011135316,stable,strong_growth,mild_decline,strong_decline,ASIAS
20041222034589I,2.0,,Unknown,Night,UNK,Other,Unknown,2004,12,"(-23) DISRUPTIVE PASSENGER IN CABIN REFUSING TO FOLLOW ORDERS FROM FLIGHT ATTENDANTS AND WAS ARRESTED FOR AGGRAVATE

(-23) DISRUPTIVE PASSENGER IN CABIN REFUSING TO FOLLOW ORDERS FROM FLIGHT ATTENDANTS AND WAS ARRESTED FOR AGGRAVATED DISORDERLY CONDUCT AT CLEVELAND, WHEN HE REFUSED TO FOLLOW POLICE ORDERS. INJURY SUMMARY NOT KNOWN BY ASI.",BOEING,737,,"Miscellaneous, Other;Cntl Intfr By Passen",,0.03458390439472492,4.0000000000000036,-2.0559097880491928,1.864640883977886,stable,mild_growth,mild_decline,mild_growth,ASIAS
20041222034579I,2.0,,Unknown,Unknown,UNK,Other,Unknown,2004,12,"(-23) PASSENGER WOULD NOT COMPLY WITH INSTRUCTIONS TO FASTEN SEAT BELT PRIOR TO TAXI AS WELL AS REMOVE HEADPHONES.

(-23) PASSENGER WOULD NOT COMPLY WITH INSTRUCTIONS TO FASTEN SEAT BELT PRIOR TO TAXI AS WELL AS REMOVE HEADPHONES. PASSENGER BECAME DISRUPTIVE AND THREATENED PHYSICAL HARM TO A FLIGHT ATTENDANT. POLICE ESCORTED PASSENGER OFF OF AIRCRAFT WITHOUT INCIDENT. INJURY SUMMARY NOT KNOWN BY ASI.",DOUG,DC9,,"Miscellaneous, Other;Cntl Intfr By Passen",,0.03458390439472492,4.0000000000000036,-2.0559097880491928,1.864640883977886,stable,mild_growth,mild_decline,mild_growth,ASIAS
20041211033649I,2.0,,IMC,Unknown,UNK,PIC,Unknown,2004,12,"(-23) ON 12/10/04 AT APPX 1834Z NWA FLIGHT 587, N582NW ON THE INITIAL CLIMB OUT OF ORLANDO (MCO) IN A TURN FROM 184

(-23) ON 12/10/04 AT APPX 1834Z NWA FLIGHT 587, N582NW ON THE INITIAL CLIMB OUT OF ORLANDO (MCO) IN A TURN FROM 184 HEADING TO 260 HEADING HIT A LARGE BLACK BIRD ON THE LEFT WING LEADING EDGE OUTBOARD SLAT. THE CAPTAIN DECLARED AN EMERGENCY (CONDITION YELLOW) TO JACKSONVILLE CENTER AND WAS DIVERTED TO TPA. AND LANDED WITHOUT FURTHER INCIDENTS.",BOEING,757351,,"Miscellaneous, Other;Struck Birds In Flig",,0.03458390439472492,4.0000000000000036,-2.0559097880491928,1.864640883977886,stable,mild_growth,mild_decline,mild_growth,ASIAS
20041219032799I,2.0,,Unknown,Night,UNK,Unknown,Unknown,2004,12,"(-23) DESK AUDIT: ON DECEMBER 19, 2004, AT APPROXIMATELY 0002 EASTERN STANDARD TIME, A BOMBARDIER CL-600-2B19, N679

(-23) DESK AUDIT: ON DECEMBER 19, 2004, AT APPROXIMATELY 0002 EASTERN STANDARD TIME, A BOMBARDIER CL-600-2B19, N679BR, FLIGHT NUMBER 1227, CONDUCTED UNDER 14 CFR PART 121, BY INDEPENDENCE AIR, LANDED ON RUNWAY 28L AT PITTSBURGH INTERNATIONAL AIRPORT (PIT), PITTSBURGH, PENNSYLVANIA AFTER REPORTING THEY COULD NOT LOWER THE FLAPS. THE AIRCRAFT RESCUE FIRE FIGHTING (ARFF) RESPONDED, HOWEVER, WERE NOT UTILIZED. THE AIRCRAFT TAXIED BACK TO THE RAMP WITHOUT INCIDENT. JETT CARE MAINTENANCE PERFORMED A BITE TEST OF THE FLAP ELECTRONIC CONTROL UNIT (FECU), RESET THE SYSTEM, AND OPERATIONALLY CHECKED THE SYSTEM AND FOUND NO PROBLEMS. THE AIRCRAFT WAS CONFIGURED FOR A FERRY FLIGHT TO WASHINGTON DULLES (IAD) FOR FURTHER TROUBLESHOOTING. THE MECHANICS AT IAD COULD NOT DUPLICATE THE FAILURE, HOWEVER, REMOVED AND REPLACED THE FECU AND AGAIN OPERATIONALLY CHECKED THE SYSTEM FOR TWO HOURS WITHOUT ANY INDICATED PROBLEMS. A VISUAL INSPECTION OF THE LEFT/RIGHT WING FLAP ACTUATORS AND FLEX DRIVE SHAFTS FOR INDICATIONS OF MOISTURE, DAMAGE, EXCESSIVE GREASE WITH NO PROBLEMS BEING NOTED. THE AIRCRAFT WAS RETURNED TO SERVICE. THERE WERE NO INJURIES TO THE CREW OR PASSENGERS. THE FLIGHT CREW'S ACTIONS OR LACK OF ACTIONS DID NOT CONTRIBUTE TO THIS INCIDENT. THIS CLOSED THE INVESTIGATION OF THIS OCCURRENCE AND NO FURTHER ACTION IS REQUIRED FROM THIS OFFICE.",CNDAIR,CL6002B19,,"OPDEF, Other Than Pi;2750",,0.03458390439472492,4.0000000000000036,-2.0559097880491928,1.864640883977886,stable,mild_growth,mild_decline,mild_growth,ASIAS
20041219033299I,2.0,,Unknown,Daylight,UNK,Unknown,Unknown,2004,12,"(-23) AFTER APU START, THE STARTER RELAY REMAINED CLOSED CAUSING INSULATION ON THE STARTER CABLE TO HEAT UP TO THE

(-23) AFTER APU START, THE STARTER RELAY REMAINED CLOSED CAUSING INSULATION ON THE STARTER CABLE TO HEAT UP TO THE POINT AN INSULATION BOOT CAUGHT FIRE.",DOUG,MD9030,,"OPDEF, Other Than Pi;4940",,0.03458390439472492,4.0000000000000036,-2.0559097880491928,1.864640883977886,stable,mild_growth,mild_decline,mild_growth,ASIAS
20050101008719I,2.0,,Unknown,Daylight,UNK,PIC,2000-5000,2005,1,"(-23) AIRCRAFT SLID OFF THE END OF RUNWAY 36 UNDER POOR BRAKING CONDITIONS. AREA OF TOUCHDOWN UNKNOWN.

(-23) AIRCRAFT SLID OFF THE END OF RUNWAY 36 UNDER POOR BRAKING CONDITIONS. AREA OF TOUCHDOWN UNKNOWN.",CNDAIR,CL6002B19,,"Miscellaneous, Other;Land Far Down Land A",,0.3209111384438357,-7.194244604316536,1.9814661829971492,-4.917377398720701,stable,strong_decline,mild_growth,mild_decline,ASIAS
20050102000349I,2.0,,Unknown,Daylight,UNK,Unknown,Unknown,2005,1,"(-23) ON 01/02/05, QXEA FLT 2321 DEPARTED HLN ENROUTE TO GTF, THE FLIGHT CREW EXPERIENCED AIRCRAFT ROLL TO THE RIGH

(-23) ON 01/02/05, QXEA FLT 2321 DEPARTED HLN ENROUTE TO GTF, THE FLIGHT CREW EXPERIENCED AIRCRAFT ROLL TO THE RIGHT. THE PILOT BALANCED THE FUEL IN THE WINGS, BUT STILL HAD TO CORRECT THE AIRCRAFT FOR STRAIGHT FLIGHT WITH FULL LEFT AILERON TRIM. DURING THE DESCENT INTO GTF, THE F/O NOTICED THAT RIGHT INBOARD SPOILER WAS PARTIALLY EXTENDED AS INDICATED ON THE PFCS. DURING POST FLIGHT WALK AROUND, THE F/O NOTED THE SPOILER WAS DEPLOYED. QXEA MAINTENANCE PERSONNEL CAME AND TROUBLE-SHOT THE SYSTEM. MAINTENANCE PERSONNEL REMOVED AND REPLACED SPOILER LIFT DUMP VALVE. A NORMAL FLIGHT ATTITUDE, TEST FLIGHT WAS PERFORMED TO ENSURE ALL SPOILERS WERE FULLY RETRACTED AND THE AIRCRAFT WAS FERRIED TO PDX. A SDR WILL BE SUBMITTED BY AIR CARRIER. THE INCIDENT IS CONSIDERED CLOSED.",BOMBDR,DHC8401,,"OPDEF, Other Than Pi;2760",,0.3209111384438357,-7.194244604316536,1.9814661829971492,-4.917377398720701,stable,strong_decline,mild_growth,mild_decline,ASIAS
20050105004609I,2.0,,IMC,Night,UNK,Unknown,Unknown,2005,1,"(-23) 14TH STAGE DUCT WARNING MESSAGE FOR NUMBER TWO RECEIVED ON CLIMB. CREW DECLARED EMERGENCY AND LANDED AT CLEVE

(-23) 14TH STAGE DUCT WARNING MESSAGE FOR NUMBER TWO RECEIVED ON CLIMB. CREW DECLARED EMERGENCY AND LANDED AT CLEVELAND WITHOUT INCIDENT. MESA MAINTENANCE REMOVED AND REPLACED THE NUMBER TWO ENGINES 14TH STAGE PYLON LOOP. AIRCRAFT RETURNED TO SERVICE.",CNDAIR,CL6002B19,,"OPDEF, Other Than Pi;2613",,0.3209111384438357,-7.194244604316536,1.9814661829971492,-4.917377398720701,stable,strong_decline,mild_growth,mild_decline,ASIAS
20050106000639I,2.0,,VMC,Night,UNK,Other,Unknown,2005,1,"(-23) WHILE TAXIING TO, OR AFTER STOPPING AT GATE A23 AT CVG THE AIRCRAFT AND A CATERING TRUCK MADE CONTACT. THERE

(-23) WHILE TAXIING TO, OR AFTER STOPPING AT GATE A23 AT CVG THE AIRCRAFT AND A CATERING TRUCK MADE CONTACT. THERE WERE NO INJURIES REPORTED. THE AIRCRAFT SUSTAINED MINOR DAMAGE TO THE RIGHT WING LEADING EDGE. UPON COMPLETION OF THIS INVESTIGATION A REPORT WILL BE PROVIDED TO THE DALA CMO THROUGH PTRS.",BOEING,737247,,"Miscellaneous, Other;Fail Avd Objs Or Obs",,0.3209111384438357,-7.194244604316536,1.9814661829971492,-4.917377398720701,stable,strong_decline,mild_growth,mild_decline,ASIAS
20050107004179I,2.0,,Unknown,Daylight,UNK,Other,Unknown,2005,1,"(-23) ^PRIVACY DA^ WAS ACCUSED OF RINGING HIS CALL BUTTON EXCESSIVELY, ACTING UNRULY AND AGGRESSIVE DURING THE FLIG

(-23) ^PRIVACY DA^ WAS ACCUSED OF RINGING HIS CALL BUTTON EXCESSIVELY, ACTING UNRULY AND AGGRESSIVE DURING THE FLIGHT TO CLEVELAND. HIS ACTIONS ON-BOARD THE FLIGHT INTERFERED WITH THE DUTIES OF THE FLIGHT ATTENDANTS, FAR 121.580. ^^INJURY SUMMARY NOT KNOWN BY ASI.",,,,"Miscellaneous, Other;Cntl Intfr By Passen",,0.3209111384438357,-7.194244604316536,1.9814661829971492,-4.917377398720701,stable,strong_decline,mild_growth,mild_decline,ASIAS
20050106001329I,2.0,,VMC,Night,UNK,PIC,Unknown,2005,1,"(-23) DURING THE PUSH BACK OF AALA FLIGHT 2482, THE CAPTAIN APPLIED THE BRAKES. TWO FLIGHT ATTENDANTS AND ONE PASSE

(-23) DURING THE PUSH BACK OF AALA FLIGHT 2482, THE CAPTAIN APPLIED THE BRAKES. TWO FLIGHT ATTENDANTS AND ONE PASSENGER RECEIVED MINOR INJURIES. THE EVENT WAS ACCEPTED INTO THE AMERICAN AIRLINES AVIATION SAFETY ACTION PROGRAM (ASAP), AND AS SUCH NO ADDITIONAL INFORMATION IS AVAILABLE. INJURY SUMMARY NOT KNOWN BY ASI.",BOEING,757223,,Pilot Induced;Improper Oper Brake/,,0.3209111384438357,-7.194244604316536,1.9814661829971492,-4.917377398720701,stable,strong_decline,mild_growth,mild_decline,ASIAS
20050119000239I,2.0,,Unknown,Daylight,UNK,Unknown,Unknown,2005,1,"(-23) ON JANUARY 19, 2005, U.S. AIRWAYS EXPRESS (OPERATED BY MESA AIRLINES), FLIGHT 2814 RETURNED TO LEXINGTON, KY

(-23) ON JANUARY 19, 2005, U.S. AIRWAYS EXPRESS (OPERATED BY MESA AIRLINES), FLIGHT 2814 RETURNED TO LEXINGTON, KY (LEX) DUE TO SMOKE IN THE COCKPIT. FLIGHT 2814 DEPARTED LEXINGTON, KY (LEX) ENROUTE TO CHARLOTTE, NC. APPROXIMATELY 20 MINUTES INTO THE FLIGHT A FLIGHT ATTENDANT INFORMED THE CREW OF A HAZE AND ODOROUS SMELL IN THE AIRCRAFT. THE AIRCRAFT RETURNED TO LEX AND LANDED SAFELY AND WITHOUT INCIDENT. THERE WERE NO INJURIES REPORTED. THERE WERE 23 OCCUPANTS ON THE AIRCRAFT. THE AIRCRAFT WAS INSPECTED BY LEX MAINTENANCE PERSONNEL AND DE-ICE FLUID WAS FOUND IN THE ENVIRONMENTAL DUCTING. THE AIRCRAFT WAS FERRIED ON A NON-REVENUE FLIGHT TO CHARLOTTE MAINTENANCE FOR FURTHER INSPECTION. UPON ARRIVAL AT CHARLOTTE MAINTENANCE REPLACED THE NUMBER 2 AIR CONDITIONING PACK.",EMB,EMB145LR,,"OPDEF, Other Than Pi;2120",,0.3209111384438357,-7.194244604316536,1.9814661829971492,-4.917377398720701,stable,strong_decline,mild_growth,mild_decline,ASIAS
20050111004189I,2.0,,Unknown,Daylight,UNK,Other,Unknown,2005,1,"(-23) PASSENGER ^PRIVACY DATA OMITT^ ACCUSED OF RINGING HIS CALL BUTTON EXCESSIVELY THEREBY INTERFERING WITH THE FL

(-23) PASSENGER ^PRIVACY DATA OMITT^ ACCUSED OF RINGING HIS CALL BUTTON EXCESSIVELY THEREBY INTERFERING WITH THE FLIGHT ATTENDANTS DUTIES, FAR 121.580. THIS INCIDENT IS NOT IN ANY VIOLATION OF ANY SPECIFIC REGULATORY COMPLIANCE. IN CAPTAIN ^PRIVACY D^ NARRATIVE THE PASSENGER ^PRIVACY DATA OMITT^ WAS NOT INDICATED AS BEING DRUNK OR ABUSIVE OR DISORDERLY. IN CAPTAIN ^PRIVACY D^ NARRATIVE ^PRIVACY DAT^ APPEARS TO BE DISSATISFIED WITH THE SERVICE. ^PRIVACY DAT^ DID NOT VIOLATE ANY SPECIFIC REGULATION BY RINGING HIS CALL BUTTON EXCESSIVELY, THERBY INTERFERING WITH THE FLIGHT ATTENDANTS ABILITY TO PERFORM THEIR DUTIES AND RESPONSIBILITIES. PART OF A FLIGHT ATTENDANTS DUTY IS TO ANSWER THE CALL BUTTON. WHAT IS EXCESSIVELY IS A MATTER OF OPTION, NOT A REGULATORY STANDARD. THIS INCIDENT IS AN AIR CARRIER CUSTOMER RELATION PROBLEM NOT A FAR VIOLATION. INJURY SUMMARY NOT KNOWN BY ASI.",BOEING,737824,,"Miscellaneous, Other;Cntl Intfr By Passen",,0.3209111384438357,-7.194244604316536,1.9814661829971492,-4.917377398720701,stable,strong_decline,mild_growth,mild_decline,ASIAS
20050114000919I,2.0,,VMC,Daylight,UNK,Unknown,2000-5000,2005,1,"(-23) DURING FLIGHT, BOTH LEFT AND RIGHT GENERATOR BUS TIES ILLUMINATED ALONG WITH THE BATTERY BUS TIE ANNUNCIATOR.

(-23) DURING FLIGHT, BOTH LEFT AND RIGHT GENERATOR BUS TIES ILLUMINATED ALONG WITH THE BATTERY BUS TIE ANNUNCIATOR. LANDING GEAR HAD TO BE PUMPED DOWN UPON RETURN TO FMN. GEAR WAS CONSIDERED UNSAFE AND AN EMERGENCY WAS DECLARED. LANDED SAFELY AND DEBOARDED THE AIRCRAFT.",BEECH,1900D,,"OPDEF, Other Than Pi;2460",,0.3209111384438357,-7.194244604316536,1.9814661829971492,-4.917377398720701,stable,strong_decline,mild_growth,mild_decline,ASIAS
20050124000779I,2.0,,Unknown,Night,UNK,PIC,Unknown,2005,1,"(-23) AT 1902E, TRANSWORLD EXPRESS AIRLINES FLIGHT 3639, A JS41, LANDED ON RUNWAY 28R AFTER DECLARING AN EMERGENCY

(-23) AT 1902E, TRANSWORLD EXPRESS AIRLINES FLIGHT 3639, A JS41, LANDED ON RUNWAY 28R AFTER DECLARING AN EMERGENCY DUE TO AN ICING CONDITION, WHICH WOULD NOT ALLOW THE AIRCRAFT TO MAINTAIN ALTITUDE. THE ARFF RESPONDED AND THE AIRCRAFT TAXIED TO THE RAMP WITHOUT INCIDENT. CORRECTION TO FLIGHT NUMBER FOUND ON LOG PAGE 136849, PROPER FLIGHT NUMBER WAS 3629, ORF TO PIT. SUBMISSION OF THIS REPORT COMPLETES THIS INCIDENT.",JETAIR,JETSTM4101,,"Miscellaneous, Other;Other, Miscellaneous",,0.3209111384438357,-7.194244604316536,1.9814661829971492,-4.917377398720701,stable,strong_decline,mild_growth,mild_decline,ASIAS
20050202004199I,2.0,,Unknown,Daylight,UNK,Maintenance,Unknown,2005,2,"(-23) UALA B-747, N118UA ENROUTE TO TOKYO JAPAN FROM GATE C18, WAS TAXIING TO 32L WHEN THE #4 ENGINE STRUCK A CITY

(-23) UALA B-747, N118UA ENROUTE TO TOKYO JAPAN FROM GATE C18, WAS TAXIING TO 32L WHEN THE #4 ENGINE STRUCK A CITY VEHICLE PARKED AT A12. TWO ELECTRICIANS WERE WORKING ON THE TAXIWAY LIGHTS AND WERE OUT OF THE VEHICLE. NO INJURIES REPORTED. THE DRIVER OF THE CITY VEHICLE DID NOT CONTACT FAA OR CITY OPS TOWER THAT THEY WERE WORKING ON TAXIWAY LIGHTS AT A12. BOTH OCCUPANTS WERE OUT OF THE VEHICLE AND COULD NOT YIELD TO APPROACHING AIRCRAFT.",BOEING,747422,,"Miscellaneous, Other;Unsafe Acts By Third",,-0.6283819721575545,-4.316546762589912,1.9814661829971492,-2.537657755462075,stable,mild_decline,mild_growth,mild_decline,ASIAS
20050209004359I,2.0,,VMC,Night,UNK,Unknown,5000+,2005,2,"(-23) ^PRIVACY DATA OMITTED^ AIRCRAFT WAS ON APPROACH TWENTY MILES OUT FROM CMI, WHEN THE CREW HEARD A LOUD BANG, F

(-23) ^PRIVACY DATA OMITTED^ AIRCRAFT WAS ON APPROACH TWENTY MILES OUT FROM CMI, WHEN THE CREW HEARD A LOUD BANG, FOLLOWED BY A LEFT ENGINE CHIP DETECTOR ANNUNCIATION AND LEFT ENGINE ITT INDICATION OFF SCALE HIGH. ENGINE WAS SECURED, CREW DECLARED AN EMERGENCY AND THE AIRCRAFT LANDED IN CMI WITHOUT INCIDENT. THIS INCIDENT IS CLOSED WITH THIS REPORT.",SAAB,340B,,"OPDEF, Other Than Pi;7200",,-0.6283819721575545,-4.316546762589912,1.9814661829971492,-2.537657755462075,stable,mild_decline,mild_growth,mild_decline,ASIAS
20050211004919A,2.0,,VMC,Daylight,UNK,PIC,Unknown,2005,2,"(-23) DURING APPROACH TO LAX, AE30 WAS 7 MILES IN TRAIL OF B747. AE30 ENCOUNTERED JOLT OF TURBULENCE CAUSING THE FL

(-23) DURING APPROACH TO LAX, AE30 WAS 7 MILES IN TRAIL OF B747. AE30 ENCOUNTERED JOLT OF TURBULENCE CAUSING THE FLIGHT ATTENDANT'S HEAD TO COME IN CONTACT WITH OVERHEAD BIN CAUSING A MOMENTARY LOSS OF ORIENTATION. A DEAD-HEADING FLIGHT ATTENDANT ASSUMED DUTIES FOR A MOMENT UNTIL ASSIGNED FLIGHT ATTENDANT WAS ABLE TO RESUME HIS DUTIES.",SAAB,340B,,"Miscellaneous, Other;Inadeq Space Ac/Wke",,-0.6283819721575545,-4.316546762589912,1.9814661829971492,-2.537657755462075,stable,mild_decline,mild_growth,mild_decline,ASIAS
20050318014129I,2.0,,Unknown,Unknown,UNK,Other,Unknown,2005,3,"(-23) PASSENGER ^PRIVACY DATA OMITTED^ SMOKED IN THE AIRCRAFT LAVATORY ON CONTINENTAL AIRLINES FLIGHT 1504 WHILE ON

(-23) PASSENGER ^PRIVACY DATA OMITTED^ SMOKED IN THE AIRCRAFT LAVATORY ON CONTINENTAL AIRLINES FLIGHT 1504 WHILE ON DESCENT INTO THE CLEVELAND HOPKINS AIRPORT AREA, WHILE SEATBELT SIGN WAS OFF, BUT NO SMOKING SIGN WAS ON. CABIN PERSONEL SMELLED THE SMOKE AND CONFRONTED INDIVIDUAL WHO ADMITTED TO SMOKING IN THE LAVATORY. POLICE MET THE FLIGHT AND PERSON WAS REMOVED FROM AIRCRAFT FOR PROCESSING WITHOUT INCIDENT.",,,,"Miscellaneous, Other;Cntl Intfr By Passen",,0.04081410535481389,10.769230769230752,1.9814661829971492,8.677966101694935,stable,strong_growth,mild_growth,strong_growth,ASIAS
20050318004739I,2.0,,VMC,Daylight,UNK,Unknown,Unknown,2005,3,"(-23) ON TAKEOFF ROLL AT ONT (RUNWAY 26R) PILOT ABORTED TAKEOFF AT APPROXIMATELY 80KTS. REVERSE THRUST AND LIGHT BR

(-23) ON TAKEOFF ROLL AT ONT (RUNWAY 26R) PILOT ABORTED TAKEOFF AT APPROXIMATELY 80KTS. REVERSE THRUST AND LIGHT BRAKING USED TO STOP AIRCRAFT. AIRCRAFT TAXIED CLEAR OF RUNWAY AND SHUT DOWN ENGINE. AIRCRAFT WAS TOWED TO GATE AND ALL PASSENGERS DEPLANED AIRCRAFT THROUGH JETWAY. FOUR PASSENGERS CLAIMED INJURIES.",BOEING,7373H4,,"OPDEF, Other Than Pi;3417",,0.04081410535481389,10.769230769230752,1.9814661829971492,8.677966101694935,stable,strong_growth,mild_growth,strong_growth,ASIAS
20050224004579I,2.0,,VMC,Daylight,UNK,Unknown,Unknown,2005,2,"(-23) THE PILOT OF AIR WISCONSIN FLIGHT 5528, A BAE 146, ADVISED ATC THAT HE WAS ABORTING THE TAKE-OFF. ANOTHER AIR

(-23) THE PILOT OF AIR WISCONSIN FLIGHT 5528, A BAE 146, ADVISED ATC THAT HE WAS ABORTING THE TAKE-OFF. ANOTHER AIRCRAFT ADVISED THAT FIRE WAS PRESENT IN THE LEFT ENGINE OF FLIGHT 5528. AFTER ABORTING THE TAKEOFF THE PILOT SHUT THE NO 1 LEFT ENGINE DOWN FIRST AND THEN THE OTHER ENGINES. THE AIRCRAFT WAS TOWED TO THE GATE. CONTRACT MAINTENANCE STATED THAT THE ENGINE HAD LOCKED UP INTERNALLY AND THE INNER ROTOR STAGE BLADES WERE BLUE AND DAMAGED. MOLTEN METAL WAS FOUND IN THE TAILCONE. THE FIRE BLOWOUT DISC HAD ALSO BLOWN.",BAG,BAE146200A,,"OPDEF, Other Than Pi;7230",,-0.6283819721575545,-4.316546762589912,1.9814661829971492,-2.537657755462075,stable,mild_decline,mild_growth,mild_decline,ASIAS
20050303003589I,2.0,,Unknown,Night,UNK,Unknown,5000+,2005,3,"(-23) AIRCRAFT WAS ENROUTE FROM CVG-CRW WHEN IT RECEIVED A SEVERE LIGHTNING STRIKE. THE CREW ELECTED TO RETURN TO C

(-23) AIRCRAFT WAS ENROUTE FROM CVG-CRW WHEN IT RECEIVED A SEVERE LIGHTNING STRIKE. THE CREW ELECTED TO RETURN TO CVG UPON INSPECTION. THE RADOME SUFFERED DAMAGE AS WELL AS DAMAGE TO THE FRAME AT F.S. 169. THERE WERE NO INJURIES.",CNDAIR,CL6002B19,,"Miscellaneous, Other",,0.04081410535481389,10.769230769230752,1.9814661829971492,8.677966101694935,stable,strong_growth,mild_growth,strong_growth,ASIAS
20050306034169A,2.0,,VMC,Night,UNK,CoPilot,Unknown,2005,3,"(-23) THIS ACCIDENT WAS NOT REPORTED TO THE FAA. THE BOSTON FSDO ONLY LEARNED OF THIS ACCIDENT AFTER AN NTSB REPORT

(-23) THIS ACCIDENT WAS NOT REPORTED TO THE FAA. THE BOSTON FSDO ONLY LEARNED OF THIS ACCIDENT AFTER AN NTSB REPORT WAS RELEASED. DELTA AIRLINES FLIGHT 2054 WAS TAXIING TO THE RUNWAY WHEN THE FIRST OFFICER YELLED ""STOP THE AIRCRAFT."" THE CAPTAIN ABRUPTLY STOPPED SERIOUSLY INJURING ONE FLIGHT ATTENDANT, AND MINOR INJURIES WERE INCURRED BY TWO FLIGHT ATTENDANTS AND A PASSENGER.",BOEING,757232,,"Pilot Induced;Other, Miscellaneous",,0.04081410535481389,10.769230769230752,1.9814661829971492,8.677966101694935,stable,strong_growth,mild_growth,strong_growth,ASIAS
20050323003919I,2.0,,IMC,Daylight,UNK,Unknown,Unknown,2005,3,"(-23) N708EV, WAS BEING OPERATED BY ATLANTIC SOUTHEAST AIRLINES AS DELTA FLIGHT 4182 FROM ATL TO OMA. THE CREW DECL

(-23) N708EV, WAS BEING OPERATED BY ATLANTIC SOUTHEAST AIRLINES AS DELTA FLIGHT 4182 FROM ATL TO OMA. THE CREW DECLARED AN EMERGENCY AFTER RECEIVING A MAC TRIM AND STAB TRIM 1 AND 2 FAIL WARNINGS IN FLIGHT. THE CREW FOLLOWED THE QRH RESET PROCEDURE, WHICH WAS UNSUCCESSFUL. THE AIRCRAFT LANDED AT OMAHA, NE., WITHOUT INCIDENT WITH EMERGENCY EQUIPMENT STANDING BY. AFTER LANDING ATLANTA SOUTHEAST AIRLINES MAINTENANCE CONTROL HAD THE CREW PERFORM A SPOST TEST AND SYSTEM RESET. THE FAIL INDICATIONS CLEARED.",CNDAIR,CL6002C10,,"OPDEF, Other Than Pi;2200",,0.04081410535481389,10.769230769230752,1.9814661829971492,8.677966101694935,stable,strong_growth,mild_growth,strong_growth,ASIAS
20050322010329I,2.0,,Unknown,Daylight,UNK,Other,Unknown,2005,3,"(-23) ON 3/22/05, ^PRIVACY DATA O^ WAS SMOKING DURING FLIGHT ON AIR TRAN FLIGHT 390 FROM FLL TO ROC. THE AIRCRAFT L

(-23) ON 3/22/05, ^PRIVACY DATA O^ WAS SMOKING DURING FLIGHT ON AIR TRAN FLIGHT 390 FROM FLL TO ROC. THE AIRCRAFT LANDED AT ROC WITHOUT INCIDENT. THERE WAS NO DAMAGE AND NO INJURIES. THIS INCIDENT IS CONSIDERED CLOSED.",BOEING,717200,,"Miscellaneous, Other;Cntl Intfr By Passen",,0.04081410535481389,10.769230769230752,1.9814661829971492,8.677966101694935,stable,strong_growth,mild_growth,strong_growth,ASIAS
20050315009569A,0.0,,Unknown,Daylight,UNK,PIC,<500,2005,3,"(-23) A/C N50TC, B-737-700 WHILE TAXIING FROM PARKING SPOT STRUCK THE RUDDER OF A G-IV, N874C CAUSING A ONE FOOT BY

(-23) A/C N50TC, B-737-700 WHILE TAXIING FROM PARKING SPOT STRUCK THE RUDDER OF A G-IV, N874C CAUSING A ONE FOOT BY ONE FOOT DAMAGE TO THE RUDDER. WINGLET CAP ON B-737 DAMAGED AND THE A/C FERRIED FOR MAINTENANCE WITH RESTRICTION. THE RUDDER ON THE G-IV HAD TO BE REPLACED BEFORE FURTHER FLIGHT. BOTH AC HAD PASSENGERS ON BOARD READY FOR FLIGHT.",BOEING,73772T,,Pilot Induced;Taxi/Park Without Pr,,0.04081410535481389,10.769230769230752,1.9814661829971492,8.677966101694935,stable,strong_growth,mild_growth,strong_growth,ASIAS
20050315003449I,2.0,,VMC,Daylight,UNK,Unknown,Unknown,2005,3,"(-23) N912UA, BEING OPERATED AS UNITED AIRLINES FLIGHT 310 DEPARTED DEN ENROUTE TO BWI. THE PILOT STATED 30 MINUTES

(-23) N912UA, BEING OPERATED AS UNITED AIRLINES FLIGHT 310 DEPARTED DEN ENROUTE TO BWI. THE PILOT STATED 30 MINUTES INTO THE FLIGHT, JUST AFTER LEVELING OFF, THE CREW RECEIVED AN OVERHEAT WARNING ON THE NUMBER 2 ENGINE. THE CREW WENT THRU THEIR CHECKLIST AND ISOLATED A LOOP AS BEING FAULTY. SIX MINUTES LATER B LOOP INDICATED AN OVERHEAT WARNING. THE CREW SHUT DOWN THE ENGINE. THE AIRCRAFT DIVERTED TO LNK. AT TOUCHDOWN THE CREW RECEIVED LIGHTS AND AURAL FIRE WARNING. AT THIS TIME BOTH FIRE BOTTLES WERE DISCHARGED IN THE NUMBER TWO ENGINE. THE AIRCRAFT STOPPED ON THE RUNWAY WHERE THE FIRE DEPARTMENT DID AN INSPECTION FOR ANY INDICATIONS OF FIRE. FINDING NO INDICATION, THE AIRCRAFT TAXIED TO THE GATE.",BOEING,737522,,"OPDEF, Other Than Pi;2610",,0.04081410535481389,10.769230769230752,1.9814661829971492,8.677966101694935,stable,strong_growth,mild_growth,strong_growth,ASIAS
20050312008059I,2.0,,Unknown,Daylight,UNK,Unknown,Unknown,2005,3,"(-23) THIS INCIDENT WAS BROUGHT TO ATTENTION OF AWP-23 BY NTSB, WHO REQUESTED LOGISTICS AND TRANSPORTATION ASSISTAN

(-23) THIS INCIDENT WAS BROUGHT TO ATTENTION OF AWP-23 BY NTSB, WHO REQUESTED LOGISTICS AND TRANSPORTATION ASSISTANCE IN A VISIT WITH AM AIR FRANCE OPERATIONS REPRESENTATIVE SEVERAL DAYS AFTER THE INCIDENT. A PASSENGER OBSERVED SMOKE COMING FROM UNDER THE SEAT STRUCTURE FOR SEATS 64K AND 64L. A FLIGHT ATTENDANT WAS NOTIFIED, AND A PORTABLE HALON FIRE EXTINGUISHER WAS DIRECTED AT THE SOURCE OF SMOKE, AFTER WHICH THERE WAS NO FURTHER INDICATION OF SMOKE OR FIRE. THE TECHNICIAN RESPONDING TO THE LOG BOOK DISCREPANCY INDICATES THE SOURCE OF SMOKE WAS A READING LIGHT GENERATOR MADE BY PGA ELECTRIC, PART NUMBER P78147-B, SERIAL NUMBER 20001224. THE UNIT'S LOCATION WAS UNDER THE SEAT STRUCTURE ASSEMBLY FOR SEATS 64K AND 64L. HE EXAMINED THE IMMEDIATE AREA, AND DID NOT OBSERVE ANY SCORCHING OR FIRE DAMAGE ON NEARBY CARPET OR SURROUNDING STRUCTURE. HE REMOVED THE PART AND RETURNED THE AIRCRAFT TO SERVICE.",BOEING,747400,,"OPDEF, Other Than Pi;3320",,0.04081410535481389,10.769230769230752,1.9814661829971492,8.677966101694935,stable,strong_growth,mild_growth,strong_growth,ASIAS
20050510008229I,2.0,,VMC,Daylight,UNK,Unknown,Unknown,2005,5,"(-23) NO INJURIES OR FATALITIES. ON FLIGHT #814, FROM HOUSTON, TX (HOU) TO NEW ORLEANS, LA (MSY), ON LANDING THE #3

(-23) NO INJURIES OR FATALITIES. ON FLIGHT #814, FROM HOUSTON, TX (HOU) TO NEW ORLEANS, LA (MSY), ON LANDING THE #3 MAIN WHEEL ASSEMBLY CAME OFF THE AXLE. AFTER FLIGHT #814 ARRIVED IN MSY AND WHILE THE PILOT WAS BREAKING, THE #3 MAIN WHEEL ASSEMBLY CAME OFF THE AXLE. PILOT TAXIED TO THE GATE.",BOEING,7373H4,,Improper Maintenance;3246,,-0.27996077023666466,16.541353383458635,10.731772397886985,8.660540239487634,stable,strong_growth,strong_growth,strong_growth,ASIAS
20050517008529I,2.0,,VMC,Daylight,UNK,Unknown,5000+,2005,5,"(-23) AIRCRAFT DIVERTED INTO MDT ENROUTE FROM SYR TO IAD. LOSS OF #1 HYDRAULIC SYSTEM, CRACKED HYDRAULIC LINE. PIC

(-23) AIRCRAFT DIVERTED INTO MDT ENROUTE FROM SYR TO IAD. LOSS OF #1 HYDRAULIC SYSTEM, CRACKED HYDRAULIC LINE. PIC DECLARED AN EMERGENCY. ARFF RESPONDED, AIRCRAFT LANDED AND PASSENGERS DEPLANED WITHOUT INCIDENT.",CNDAIR,CL6002B19,,"OPDEF, Other Than Pi;2910",,-0.27996077023666466,16.541353383458635,10.731772397886985,8.660540239487634,stable,strong_growth,strong_growth,strong_growth,ASIAS
20050428007989I,2.0,,IMC,Unknown,UNK,Unknown,Unknown,2005,4,"(-23) 04-28-2005--FLIGHT 8278--MD-11 MILITARY CHARTER: TODAY AT 0822 LOCAL TIME A WORLD AIRWAYS MD-11 PASSENGER FLI

(-23) 04-28-2005--FLIGHT 8278--MD-11 MILITARY CHARTER: TODAY AT 0822 LOCAL TIME A WORLD AIRWAYS MD-11 PASSENGER FLIGHT FROM SEOUL TO SEATTLE DIVERTED INTO ANCHORAGE, ALASKA DUE TO LIGHT SMOKE AND SMELL IN THE COCKPIT. MAINTENANCE REMOVED THE PANEL HOLDING THE COCKPIT DOOR LOCKING SOLENOID AND FOUND ABOUT ONE INCH OF THE PLASTIC WIRE MESHING ON ONE OF THE WIRES MISSING AND THE ENDS MELTED FROM HEAT. IT IS SUSPECTED THAT THE DOOR LATCH DID NOT COMPLETELY EXTEND WHEN THE DOOR WAS CLOSED AND THE SOLENOID OVERHEATED AND MELTED THE PLASTIC WIRE MESHING ON ONE OF THE WIRES CAUSING THE LIGHT HAZE OF SMOKE AND SMELL IN THE COCKPIT. NTSB INSPECTOR ^PRIVACY DAT^ WAS ON-SCENE, TOOK PHOTOS OF THE WIRES, AND DECIDED THIS WOULD BE AN INCIDENT. THIS INCIDENT REPORT WILL BE AMENDED TO INCLUDE THE NTSB INCIDENT REPORT ONCE IT IS AVAILABLE.",DOUG,MD11,,"OPDEF, Other Than Pi;5250",,-1.002326288654054,23.25581395348837,10.731772397886985,7.722494744218644,mild_decline,strong_growth,strong_growth,strong_growth,ASIAS
20050430019209I,2.0,,Unknown,Daylight,UNK,Unknown,Unknown,2005,4,"(-23) FLIGHT 1205 DEPARTED ON 04/30/05, FROM CLE AND WHILE ENROUTE TO TPA, THE 1ST CLASS CABIN FLIGHT ATTENDANT REP

(-23) FLIGHT 1205 DEPARTED ON 04/30/05, FROM CLE AND WHILE ENROUTE TO TPA, THE 1ST CLASS CABIN FLIGHT ATTENDANT REPORTED THAT AN OVEN STARTED TO EMIT A SMOKE. THE AIRCRAFT DIVERTED TO ORF AND LANDED UNEVENTFULLY ON RUNWAY 23 AND TAXIED TO THE GATE. AN ON-CALL MECHANIC QUESTIONED THE FLIGHT ATTENDANTS AND LEARNED THAT THERE WAS NOT ANY VISIBLE SMOKE, ONLY HOT FUMES FROM AN OVERHEATED OVEN. THERE WAS NOT ANY FOOD PRODUCT IN THE OVEN AT THE TIME THE FUMES WERE NOTICED BY THE FLIGHT ATTENDANT. THE MECHANIC PERFORMED AN INSPECTION AND OPERATED THE VARIOUS SYSTEMS ON THE AIRCRAFT. ONE FLIGHT ATTENDANT WAS SHAKEN UP BUT NOT INJURED AND REMAINED AT ORF. A REPLACEMENT FLIGHT ATTENDANT WAS FLOWN IN. THE OVEN WAS DEFERRED PER THE MINIMUM EQUIPMENT LIST, AND ALL BUT 2 PASSENGERS REBOARDED FOR THE CONTINUATION FLIGHT TO TPA.",BOEING,7373TO,,"OPDEF, Other Than Pi;2530",,-1.002326288654054,23.25581395348837,10.731772397886985,7.722494744218644,mild_decline,strong_growth,strong_growth,strong_growth,ASIAS
20050412006559I,2.0,,VMC,Daylight,UNK,Unknown,Unknown,2005,4,"(-23) N368CA WAS BEING OPERATED AS DELTA CONNECTION FLIGHT 5866, BY COMAIR, INC. DURING DESCENT INTO OMA, THE CREW

(-23) N368CA WAS BEING OPERATED AS DELTA CONNECTION FLIGHT 5866, BY COMAIR, INC. DURING DESCENT INTO OMA, THE CREW RECEIVED A SPOILERON AND FLIGHT SPOILER CAUTION MESSAGE. THE AIRCRAFT LANDED WITHOUT INCIDENT. AFTER CONTACTING MAINTENANCE CONTROL THE PILOT RESET THE SPOILER SLAT CONTROL UNIT IN ACCORDANCE WITH THE FAULT ISOLATION MANUAL, AND THE MESSAGE WAS CLEARED. NO FURTHER DISCREPANCY WAS NOTED.",CNDAIR,CL6002C10,,"OPDEF, Other Than Pi;2760",,-1.002326288654054,23.25581395348837,10.731772397886985,7.722494744218644,mild_decline,strong_growth,strong_growth,strong_growth,ASIAS
20050412005789I,2.0,,VMC,Daylight,UNK,Unknown,Unknown,2005,4,"(-23) AT 0902E, TRANSWORLD EXPRESS AIRLINES FLIGHT 3519, AN E145, WAS TAXIING FOR DEPARTURE WHEN THE PILOT REPORTED

(-23) AT 0902E, TRANSWORLD EXPRESS AIRLINES FLIGHT 3519, AN E145, WAS TAXIING FOR DEPARTURE WHEN THE PILOT REPORTED A FIRE WARNING INDICATION. THE ARFF RESPONDED, THE PASSENGERS WERE DEPLANED ON TAXIWAY VICTOR AND BUSSED TO THE TERMINAL. NO EVIDENCE OF FIRE WAS FOUND AND THE AIRCRAFT TAXIED TO THE RAMP WITHOUT INCIDENT.",EMB,EMB145,,"OPDEF, Other Than Pi;2610",,-1.002326288654054,23.25581395348837,10.731772397886985,7.722494744218644,mild_decline,strong_growth,strong_growth,strong_growth,ASIAS
20050511014449I,2.0,,VMC,Daylight,UNK,Unknown,Unknown,2005,5,"(-23) ASOA FLT 4562 LANDING AT RWY 1 @CAK BLEW INBD RT MLG TIRE ON TOUCH DOWN. TIRE FRAGMENTS OPENED A 6 IN. GASH O

(-23) ASOA FLT 4562 LANDING AT RWY 1 @CAK BLEW INBD RT MLG TIRE ON TOUCH DOWN. TIRE FRAGMENTS OPENED A 6 IN. GASH ON THE RT INBD FLAP BOTTOM. AIRCRAFT TAXIED TO THE GATE ON ITS OWN POWER, NO INJURIES REPORTED.",CNDAIR,CL6002B19,,"OPDEF, Other Than Pi;3244",,-0.27996077023666466,16.541353383458635,10.731772397886985,8.660540239487634,stable,strong_growth,strong_growth,strong_growth,ASIAS
20050425006079I,2.0,,VMC,Daylight,UNK,Unknown,Unknown,2005,4,"(-23) ON APRIL 25, 2005, AT 0740 EDT, NORTHWEST 1049, N88934E, A DC-9 DEPARTED KPIT FOR KDTW AND RETURNED TO LAND @

(-23) ON APRIL 25, 2005, AT 0740 EDT, NORTHWEST 1049, N88934E, A DC-9 DEPARTED KPIT FOR KDTW AND RETURNED TO LAND @ KPIT INDICATING A COMPRESSOR STALL. THE AIRCRAFT TAXIED TO THE RAMP UNASSISTED (LOG PAGE 3095845). PRELIMINARY INSPECTION BY JET CARE, A CONTRACT MAINTENANCE FACILITY @ KPIT, FOUND METAL SHAVINGS IN THE OIL. NWAA DISPATCHED A MAINTENANCE TEAM TO KPIT FOR AN ENGINE CHANGE. THIS OFFICE INTERVIEWED THE NWAA INSPECTOR WHO INSPECTED THE ENGINE CHANGE. NWAA INSPECTOR ^PRIVACY DATA OMITTED^ STATED, ""THE CHANGE WAS BROUGHT ABOUT BY METAL FOUND IN THE OIL FROM THE 13TH STAGE."" ENGINE SWAP WAS COMPLETED ON APRIL 27, 2005, AND THE AIRCRAFT WAS R.T.S. ON THAT DATE. FLIGHT CREW ACTIONS OR LACK OF ACTIONS DID NOT CONTRIBUTE TO THIS INCIDENT. ^PRIVACY DATA OMITTED^                                                                                       SUBMISSION OF THIS REPORT CLOSES THIS INCIDENT.",DOUG,DC931,,"OPDEF, Other Than Pi;7200",,-1.002326288654054,23.25581395348837,10.731772397886985,7.722494744218644,mild_decline,strong_growth,strong_growth,strong_growth,ASIAS
20050512007369I,2.0,,VMC,Daylight,UNK,Unknown,2000-5000,2005,5,"(-23) CREW EXPERIENCED MASTER CAUTION ILLUMINATION FOLLOWED BY ILLUMINATION OF DC ESSENTIAL BUS CAUTION MESSAGE. CA

(-23) CREW EXPERIENCED MASTER CAUTION ILLUMINATION FOLLOWED BY ILLUMINATION OF DC ESSENTIAL BUS CAUTION MESSAGE. CAPTAIN ELECTED TO DIVERT TO MDT AND COMPLETED AN UNEVENTFUL EMERGENCY LANDING. TAXI TO GATE WAS ACCOMPLISHED UNDER AIRCRAFT'S OWN POWER.",CNDAIR,CL6002B19,,"OPDEF, Other Than Pi;2460",,-0.27996077023666466,16.541353383458635,10.731772397886985,8.660540239487634,stable,strong_growth,strong_growth,strong_growth,ASIAS
20050514021379I,2.0,,Unknown,Unknown,UNK,Other,Unknown,2005,5,"(-23) PASSENGERS ON CONTINENTAL FLIGHT 066 (CLE-LGW) DID NOT LIKE THE SEATING ARRANGEMENTS PROVIDED BY THE AIRLINE,

(-23) PASSENGERS ON CONTINENTAL FLIGHT 066 (CLE-LGW) DID NOT LIKE THE SEATING ARRANGEMENTS PROVIDED BY THE AIRLINE, WHICH MADE THEM UPSET. THE AIRLINE ATTEMPTED TO MOVE THEM TO NEW SEATS BUT TO NO AVAIL. THE PASSENGERS CONTINUED TO BE UPSET AND THE POLICE WERE CALLED. THE PASSENGERS VOLUNTARILY EXITED THE AIRCRAFT AND WERE RE-BOOKED FOR THE NEXT FLIGHT. THE AIRCRAFT NEVER LEFT THE GATE AND THE AIRLINE GROUND PERSONNEL HANDLED MOST OF THE INCIDENT. THE CABIN CREW WAS NOT KEPT FROM PERFORMING THEIR DUTIES AND THEY WERE NOT THREATENED IN ANY WAY. THE INCIDENT LOOKS TO BE AN AIRLINE SERVICE ISSUE AND NOT A FLIGHT CREW DISTURBANCE.",,,,"Miscellaneous, Other;Other, Miscellaneous",,-0.27996077023666466,16.541353383458635,10.731772397886985,8.660540239487634,stable,strong_growth,strong_growth,strong_growth,ASIAS
20050513008879A,2.0,,Unknown,Unknown,UNK,Unknown,Unknown,2005,5,"(-23) FLIGHT CREW HEARD LOUD BANG WHEN RETRACTION WAS ATTEMPTED. NOSE LANDING GEAR WOULD NOT LOCK UP. LANDING GEAR

(-23) FLIGHT CREW HEARD LOUD BANG WHEN RETRACTION WAS ATTEMPTED. NOSE LANDING GEAR WOULD NOT LOCK UP. LANDING GEAR WAS PLACED BACK INTO THE DOWN POSITION. GOT THREE GREEN LIGHTS. AIRCRAFT RETURNED TO DENVER, LANDING WITHOUT INCIDENT. MAINTENANCE FOUND THE NLG RETRACT ACTUATOR BROKEN AND THE ROD END PULLED OUT OF THE ACTUATOR. ROD END HAD FALLEN AND THE MOVEMENT OF THE GEAR CAUSED PENETRATION OF THE WHEEL WELL BULKHEAD. AIRCRAFT WAS FERRIED TO ATL FOR REPAIRS.",DOUG,MD88,,"OPDEF, Other Than Pi;3233",,-0.27996077023666466,16.541353383458635,10.731772397886985,8.660540239487634,stable,strong_growth,strong_growth,strong_growth,ASIAS
20050418005999I,2.0,,Unknown,Daylight,UNK,Unknown,Unknown,2005,4,"(-23) FLIGHT CREW DIVERTED TO KPIT WITH A PRECAUTIONARY #1 ENGINE SHUTDOWN. CREW RECEIVED A 14TH STAGE DUCT TEMP WA

(-23) FLIGHT CREW DIVERTED TO KPIT WITH A PRECAUTIONARY #1 ENGINE SHUTDOWN. CREW RECEIVED A 14TH STAGE DUCT TEMP WARNING, WHICH DID NOT EXTINGUISH AFTER THE QRH WAS ACCOMPLISHED. A REVIEW OF PREVIOUS DISCREPANCIES FOR N982CA YIELDED A SIMILAR WRITE UP ON 4/5/05. ON SITE INSPECTION BY CONTRACT MAINTENANCE JET CARE COULD NOT DUPLICATE ANOMALY. AIRCRAFT FERRIED TO CVG FOR FURTHER MAINTENANCE. FLIGHT CREW'S ACTIONS OR LACK OF ACTIONS DID NOT CONTRIBUE TO THIS INCIDENT. SUBMISSION OF THIS REPORT CLOSES THIS INCIDENT.",CNDAIR,CL6002B19,,"OPDEF, Other Than Pi;2613",,-1.002326288654054,23.25581395348837,10.731772397886985,7.722494744218644,mild_decline,strong_growth,strong_growth,strong_growth,ASIAS
20050429026849A,2.0,,Unknown,Daylight,UNK,Other,Unknown,2005,4,"(-23) THE FLIGHT WAS ENROUTE FROM HOUSTON, TX, TO ST. LOUIS, MO, WHEN TURBULENCE WAS ENCOUNTERED EAST OF LITTLE ROC

(-23) THE FLIGHT WAS ENROUTE FROM HOUSTON, TX, TO ST. LOUIS, MO, WHEN TURBULENCE WAS ENCOUNTERED EAST OF LITTLE ROCK, AR, AT FL410. A FLIGHT ATTENDANT RECEIVED A BROKEN TIBIA AS A RESULT OF THE TURBULENCE. THE FLIGHT ATTENDANT WAS TAKEN TO A HOSPITAL IN ST. LOUIS, MO, AND HAS SINCE BEEN RELEASED.",BOEING,7377H4,,"Miscellaneous, Other;Windshear",,-1.002326288654054,23.25581395348837,10.731772397886985,7.722494744218644,mild_decline,strong_growth,strong_growth,strong_growth,ASIAS
20050426007729I,2.0,,VMC,Daylight,UNK,Unknown,Unknown,2005,4,"(-23) N12567, OPERATED BY EXPRESS JET AS CONTINENTAL EXPRESS FLIGHT 2594, ABORTED TAKEOFF AFTER A REPORT BY ANOTHER

(-23) N12567, OPERATED BY EXPRESS JET AS CONTINENTAL EXPRESS FLIGHT 2594, ABORTED TAKEOFF AFTER A REPORT BY ANOTHER AIRCRAFT OF POSSIBLE SMOKE IN THE AREA OF THE RIGHT MAIN LANDING GEAR. INSPECTION REVEALED A FLAT TIRE. FURTHER INVESTIGATION REVEALED THAT THE #3 BRAKE WAS LOCKED UP. COMPANY MECHANICS REPLACED BOTH RIGHT MAIN GEAR TIRES AND THE BRAKE.",EMB,EMB145LR,,"OPDEF, Other Than Pi;3240",,-1.002326288654054,23.25581395348837,10.731772397886985,7.722494744218644,mild_decline,strong_growth,strong_growth,strong_growth,ASIAS
20050516010729I,2.0,,IMC,Unknown,UNK,Other,Unknown,2005,5,"(-23) ON 05/16/2005 AT APPROXIMATELY 0035 UTC, PCE402, WHILE DESCENDING TO 15,000 FEET, SOUTHWEST OF LANCASTER, PEN

(-23) ON 05/16/2005 AT APPROXIMATELY 0035 UTC, PCE402, WHILE DESCENDING TO 15,000 FEET, SOUTHWEST OF LANCASTER, PENNSYLVANIA, REQUESTED PRIORITY LANDING TO EXPEDITE TO THE ALLENTOWN AIRPORT DUE TO AN INJURED FLIGHT ATTENDANT. THE PILOT ADVISED THAT THE AIRCRAFT HAD EXPERIENCED MODERATE, CLOSE TO SEVERE TURBULENCE.",BOEING,7373G7,,"Miscellaneous, Other;Other, Miscellaneous",,-0.27996077023666466,16.541353383458635,10.731772397886985,8.660540239487634,stable,strong_growth,strong_growth,strong_growth,ASIAS
20050601009939I,2.0,,Unknown,Daylight,UNK,Unknown,Unknown,2005,6,"(-23) ON JUNE 1, 2005 AT 1420 LOCAL HRS PINNACLE AIRLINES INC. (NORTHWEST AIRLINK) ON FINAL APPROACH TO MCI DECLARE

(-23) ON JUNE 1, 2005 AT 1420 LOCAL HRS PINNACLE AIRLINES INC. (NORTHWEST AIRLINK) ON FINAL APPROACH TO MCI DECLARED AN EMERGENCY DUE TO AN UNSAFE LANDING GEAR INDICATOR. CREW HAD A ""GEAR DISAGREE"" WARNING MESSAGE/AURAL OCCURRED WHEN GEAR WAS SELECTED DOWN. APPROACH WAS ABANDONED, MCI TOWER REPORTED MAIN GEAR APPEARED TO BE DOWN, NOSE WHEEL APPEARED TO BE UP, AND NOSE WHEEL DOORS APPEARED TO BE OPEN. THIS WAS CONSISTENT WITH EICAS INDICATIONS. QRH PROCEDURES WERE FOLLOWED AND PROBLEM APPEARED TO BE RESOLVED. EMERGENCY WAS DECLARED FOR PRECAUTIONARY CONSIDERATIONS AND CFR WAS REQUESTED. LANDED WITHOUT INCIDENT. INCIDENT ^PRIVACY DATA OMITTED IS CLOSED.",CNDAIR,CL6002B19,,"OPDEF, Other Than Pi;3220",,-0.49468913139819604,8.333333333333348,10.731772397886985,3.206487835308791,stable,strong_growth,strong_growth,mild_growth,ASIAS
20050608019189I,2.0,,Unknown,Dusk,UNK,Unknown,Unknown,2005,6,"(-23) AIRCRAFT DEPARTED ALT ENROUTE TO LGA WITH 147 PASSENGERS ON BOARD; WHILE IN CRUISE FLIGHT THE AIRCRAFT DIVERT

(-23) AIRCRAFT DEPARTED ALT ENROUTE TO LGA WITH 147 PASSENGERS ON BOARD; WHILE IN CRUISE FLIGHT THE AIRCRAFT DIVERTED RIC DUE TO SMOKE ALARM ACTIVATIONS. AFTER LANDING RIC 06/08/05 8:19 LOCAL, NORMAL DEPLANING OCCURRED ON THE RAMP AWAY FROM THE GATE, NO INJURIES WERE REPORTED. FIRE DEPARTMENT EXAMINED THE AIRCRAFT AND COULD FIND NO EVIDENCE OF FIRE OR SMOKE. CONTRACT MAINTENANCE (MILLION-AIR) RIC WAS CALLED OUT ^PRIVACY DATA OMITTED^ AND COORDINATED WITH MAINTENANCE CONTROL TO CHECK AIRCRAFT SYSTEMS AND DETERMINED THE LEFT ENVIRONMENTAL FLOW PACK TO BE THE PROBABLE CAUSE OF VAPOR IN THE CABIN. AIRCRAFT ENGINES WERE RUN UP WITH FLOW PACKS ALTERNATELY SHUT OFF AND AS A RESULT THE LEFT FLOW PACK WAS DEFERRED PER MEL 21/51/01A. HOWEVER, AIRCRAFT WAS FERRIED TO DELTA ATL MAINTENANCE BASE AT 12:08 E 06/09/05 DUE TO A REPORTED HISTORY OF PACK PROBLEMS BY MAINTENANCE CONTROL ON THIS AIRCRAFT. ON RETURN TO ATL MAINTENANCE BASE, THE #1 ENGINE INTERNAL OIL SEAL WAS DETERMINED TO BE THE CAUSE AND THE #1 ENGINE WAS REPLACED.",BOEING,767332,,"OPDEF, Other Than Pi;7261",,-0.49468913139819604,8.333333333333348,10.731772397886985,3.206487835308791,stable,strong_growth,strong_growth,mild_growth,ASIAS
20050624020249I,2.0,,Unknown,Daylight,UNK,Other,Unknown,2005,6,"(-23) N566JB LOGPAGE 120442, ITEM #1 ENTERED BY PILOT..""L-1 DOOR AND FUSELAGE SUSTAINED DAMAGE FROM JET BRIDGE COLL

(-23) N566JB LOGPAGE 120442, ITEM #1 ENTERED BY PILOT..""L-1 DOOR AND FUSELAGE SUSTAINED DAMAGE FROM JET BRIDGE COLLAPSE.""",AIRBUS,A320232,,"Miscellaneous, Other;Other, Miscellaneous",,-0.49468913139819604,8.333333333333348,10.731772397886985,3.206487835308791,stable,strong_growth,strong_growth,mild_growth,ASIAS
20050629019129I,2.0,,Unknown,Night,UNK,PIC,Unknown,2005,6,"(-23) JAL 48, A B747-400 WAS ARRIVING JFK FROM NARITA; PERSONNEL OF BOSTON ARTCC ADVISED NEW YORK OMIC THAT THERE W

(-23) JAL 48, A B747-400 WAS ARRIVING JFK FROM NARITA; PERSONNEL OF BOSTON ARTCC ADVISED NEW YORK OMIC THAT THERE WAS A POSSIBLE FUEL PROBLEM WITH JAL 48. ATC ASKED THE PILOT TO VERIFY FUEL STATUS AND WAS TOLD THAT IN 15 MINUTES THE FLIGHT WOULD HAVE A PROBLEM. ATC SOUGHT TO CLARIFY THIS AND ASKED THE PILOT TO SAY HIS REMAINING FLIGHT TIME IN MINUTES. THE PILOT RESPONDED ""15 MINUTES."" THE DISPATCH RELEASE FOR THE FLIGHT SHOWS 38,000LBS OF PLANNED FUEL RESERVE ON LANDING; THE ACTUAL FUEL REMAINING WAS 33,000LBS, OR ABOUT 1 HOUR. THIS INCIDENT WAS INVESTIGATED BY ^PRIVACY DATA O^ OF THE NYIFO ON 7/1/05, PRIOR TO THE 8020-11 BEING COMPLETED BY NEW YORK CENTER, AND WAS FOUND TO BE MISCOMMUNICATION BETWEEN ATC AND THE PILOT. THE ATC COMMUNICATIONS TAPES WERE PROVIDED TO JAL BY INSPECTOR ^PRIVAC^, AND ARE CURRENTLY IN USE AS A TRAINING AID BY THE AIR CARRIER.",BOEING,747400,,Pilot Induced;Fail Follow Approved,,-0.49468913139819604,8.333333333333348,10.731772397886985,3.206487835308791,stable,strong_growth,strong_growth,mild_growth,ASIAS
20050617019169I,2.0,,VMC,Dusk,UNK,Unknown,Unknown,2005,6,"(-23) AT 2009EDT, SHUTTLE AMERICA FLIGHT #7533 A SF340A, ENROUTE FROM CRW TO IAD DIVERTED AND LANDED ON RUNWAY 03 A

(-23) AT 2009EDT, SHUTTLE AMERICA FLIGHT #7533 A SF340A, ENROUTE FROM CRW TO IAD DIVERTED AND LANDED ON RUNWAY 03 AT CHO, AFTER REPORTING A BATTERY PROBLEM. THE ARFF RESPONDED AND THE AIRCRAFT TAXIED TO THE RAMP WITHOUT INCIDENT. FURTHER INVESTIGATION REVEALED THAT IN FLIGHT THE L/H HOT BATT LIGHT ILLUMINATED WITH ALL ASSOCIATED RELAYS OPEN. COMPANY MAINTENANCE ARRIVED AND FOUND L/H BATTERY TO BE BAD. REMOVED AND REPLACED L/H BATTERY.",SAAB,SF340A,,"OPDEF, Other Than Pi;2432",,-0.49468913139819604,8.333333333333348,10.731772397886985,3.206487835308791,stable,strong_growth,strong_growth,mild_growth,ASIAS
20050619022239I,2.0,,VMC,Daylight,UNK,Unknown,Unknown,2005,6,"(-23) ASA FLIGHT 380 DECLARED AN EMERGENCY AFTER FAILURE OF #1 HYD. SYSTEM. FLIGHT WAS APPROX. 25 MILES FROM FWA. A

(-23) ASA FLIGHT 380 DECLARED AN EMERGENCY AFTER FAILURE OF #1 HYD. SYSTEM. FLIGHT WAS APPROX. 25 MILES FROM FWA. AIRCRAFT RETURNED TO FWA AND LANDED WITHOUT INCIDENT. MAINT. INSP. BY LEAD MECH. ^PRIVACY DATA^ REVEALED THAT HYD. NOSE HAD FAILED IN SYSTEM. LEAD MECH. ALSO STATED THAT AIRCRAFT WAS BEING REPAIRED AT FWA WITH NEW HYD. HOSES BEING INSTALLED BEFORE BEING RETURNED TO SERVICE.",CNDAIR,CL6002B19,,"OPDEF, Other Than Pi;2910",,-0.49468913139819604,8.333333333333348,10.731772397886985,3.206487835308791,stable,strong_growth,strong_growth,mild_growth,ASIAS
20050611009919I,2.0,,Unknown,Daylight,UNK,Unknown,Unknown,2005,6,"(-23) ON JUNE 11, 2005 AT 1636 CDT AMERICAN EAGLE EMB-145LR (N636AE) FLIGHT 769 DECLARED AN EMERGENCY DUE TO A SMOK

(-23) ON JUNE 11, 2005 AT 1636 CDT AMERICAN EAGLE EMB-145LR (N636AE) FLIGHT 769 DECLARED AN EMERGENCY DUE TO A SMOKE INDICATION WARNING LIGHT FOR THE CARGO AREA, FIRE BOTTLES WERE EXPENDED. AIRPORT EMERGENCY EQUIPMENT ON STANDBY. AIRCRAFT LANDED WITHOUT INCIDENT. NO EVIDENCE OF SMOKE WAS FOUND AND FIRE DETECTION SYSTEM WAS DEFERRED POER MEL 26-8 (AUT #060428D-C CAT-C). INCIDENT ^PRIVACY DATA OMITTED IS CLOSED.",EMB,EMB145LR,,"OPDEF, Other Than Pi;2611",,-0.49468913139819604,8.333333333333348,10.731772397886985,3.206487835308791,stable,strong_growth,strong_growth,mild_growth,ASIAS
20050603011189I,2.0,,VMC,Daylight,UNK,Unknown,2000-5000,2005,6,"(-23) DURING CLIMB OUT, EXTRA AILERON TRIM WAS NEEDED TO REMAIN LEVEL. BELOW AIRSPEEDS OF 140 KNOTS IN CLIMB, THE T

(-23) DURING CLIMB OUT, EXTRA AILERON TRIM WAS NEEDED TO REMAIN LEVEL. BELOW AIRSPEEDS OF 140 KNOTS IN CLIMB, THE TRIM UNITS REQUIRED EXCEEDED 5 UNITS. MAINTENANCE FOUND THAT THE FORWARD RUDDER AILERON INTERCONNECT SPRING HAD BROKEN.",BEECH,1900D,,"OPDEF, Other Than Pi;2710",,-0.49468913139819604,8.333333333333348,10.731772397886985,3.206487835308791,stable,strong_growth,strong_growth,mild_growth,ASIAS
20050607013369I,2.0,,Unknown,Daylight,UNK,Unknown,5000+,2005,6,"(-23) ^PRIVACY DATA ^ IN PREPARATION FOR LANDING THE PILOT STARTED THE APU. WHILE TURNING BASE TO FINAL FOR THE VIS

(-23) ^PRIVACY DATA ^ IN PREPARATION FOR LANDING THE PILOT STARTED THE APU. WHILE TURNING BASE TO FINAL FOR THE VISUAL APPROACH THEY RECEIVED A EICAS WARNING FOR APU OVERHEAT. THEY DECLARED THE EMERGENCY WITH SPI TOWER AND HAD THEM DISPATCH THE FIRE TRUCKS AS A PRECAUTION. WITH NOT MUCH TIME TO ACCOMPLISH THE QRH THEY DECIDED TO LAND AND TAKE CARE OF THE PROBLEM ON THE GROUND. AFTER LANDING AND BEGINNING QRH PROCEDURES, THE APU SHUT DOWN ON ITS OWN AND THERE WAS NO FURTHER PROBLEMS. THE APU WAS SUBSEQUENTLY MEL'D AND THEY RETURNED TO ORD. THIS INCIDENT IS CLOSED WITH THIS REPORT.",CNDAIR,CL6002B19,,"OPDEF, Other Than Pi;4920",,-0.49468913139819604,8.333333333333348,10.731772397886985,3.206487835308791,stable,strong_growth,strong_growth,mild_growth,ASIAS
20050610009739I,2.0,,Unknown,Daylight,UNK,PIC,Unknown,2005,6,"(-23) ON 06/10/05 AT 1522 MDT A DELTA AIRLINES FLIGHT #DAL1836, N311WA, B-737-347, S/N 23597, TOOK MULTIPLE BIRD ST

(-23) ON 06/10/05 AT 1522 MDT A DELTA AIRLINES FLIGHT #DAL1836, N311WA, B-737-347, S/N 23597, TOOK MULTIPLE BIRD STRIKES ON DEPARTURE FROM SALT LAKE CITY (SLC) TO LOS ANGELES (LAX). THE AIRCRAFT ENCOUNTERED THE BIRDS AT APPROX 8,000 FEET, STRIKES OCCURRED IN THE NOSE OF THE AIRCRAFT, AND THE RH ENGINE. THE AIRCRAFT MADE A NORMAL RETURN AND LANDING. NO INJURIES WERE REPORTED, AND DAMAGE TO THE AIRPLANE WAS MINOR.",BOEING,737347,,"Miscellaneous, Other;Struck Birds In Flig",,-0.49468913139819604,8.333333333333348,10.731772397886985,3.206487835308791,stable,strong_growth,strong_growth,mild_growth,ASIAS
20050607019439I,2.0,,VMC,Daylight,UNK,Unknown,Unknown,2005,6,"(-23) ON TUESDAY, JUNE 7, 2005 AT 0730 EDT, A BAE-146, N521XJ, FLIGHT 3687, OPERATED BY MESABA, ON A FLIGHT FROM RO

(-23) ON TUESDAY, JUNE 7, 2005 AT 0730 EDT, A BAE-146, N521XJ, FLIGHT 3687, OPERATED BY MESABA, ON A FLIGHT FROM ROCHESTER, NEW YORK TO DETROIT, MICHIGAN EXPERIENCED A CRACKED WINDSHIELD AT 200 FEET DURING TAKEOFF. THE FLIGHT CREW EXTENDED THE FLIGHT IN ORDER TO BURN ENOUGH FUEL TO BRING THE AIRCRAFT BACK TO THE RUNWAY WITHIN THE AUTHORIZED LANDING WEIGHT. A LANDING WAS MADE ON RUNWAY 22 AT THE GREATER ROCHESTER INTERNATIONAL AIRPORT (KROC). FIRE AND RESCUE RESPONDED. THERE WERE NO INJURIES. THE AIRCRAFT TAXIED TO THE RAMP WITHOUT INCIDENT. COMPANY PERSONNEL REMOVED AND REPLACED THE LEFT WINDSHIELD. THE OPERATIONAL CHECK WAS SATISFACTORY AND THE AIRCRAFT WAS RETURNED TO SERVICE. THIS INCIDENT IS CONSIDERED CLOSED.",BAC,AVRO146RJ85A,,"OPDEF, Other Than Pi;5610",,-0.49468913139819604,8.333333333333348,10.731772397886985,3.206487835308791,stable,strong_growth,strong_growth,mild_growth,ASIAS
20050628016399A,2.0,,VMC,Daylight,UNK,Unknown,5000+,2005,6,"(-23) INDEPENDENCE AIR FLIGHT #1784 ARRIVED AT THE GATE IN GREENSBORO, NC AT 1148L. AIRCRAFT TAXIED TO THE GATE AFT

(-23) INDEPENDENCE AIR FLIGHT #1784 ARRIVED AT THE GATE IN GREENSBORO, NC AT 1148L. AIRCRAFT TAXIED TO THE GATE AFTER LANDING WITH THE NUMBER 2 ENGINE ONLY (COMPANY PROCEDURE). CAPTAIN STATED THAT HE SET THE PARKING BRAKE, SELECTED GROUND POWER ON THE OVERHEAD PANEL AND THEN SHUT DOWN THE NUMBER 2 ENGINE BY SELECTING THE FUEL CUTOFF. WHILE SHUTTING DOWN THE NOSE GEAR COLLAPSED.",CNDAIR,CL6002B19,,"OPDEF, Other Than Pi;3230",,-0.49468913139819604,8.333333333333348,10.731772397886985,3.206487835308791,stable,strong_growth,strong_growth,mild_growth,ASIAS
20050705014609I,2.0,,VMC,Daylight,UNK,Unknown,Unknown,2005,7,"(-23) N759NW, DC-9-41, BEING OPERATED AS NORTHWEST AIRLINES FLIGHT 1706 RETURNED TO EPPLEY AIRFIELD, OMAHA, NE, AFT

(-23) N759NW, DC-9-41, BEING OPERATED AS NORTHWEST AIRLINES FLIGHT 1706 RETURNED TO EPPLEY AIRFIELD, OMAHA, NE, AFTER TAKEOFF DUE TO REPORTED SMOKE IN THE CABIN. THE AIRCRAFT RETURNED TO THE AIRPORT AND LANDED WITHOUT INCIDENT. MECHANICS FOUND THAT THE CONDENSER BAG WAS MISALIGNED.",DOUG,DC941,,"OPDEF, Other Than Pi;2170",,1.0372436243855976,2.515723270440229,3.6558491985738906,9.380692167577397,mild_growth,mild_growth,mild_growth,strong_growth,ASIAS
20050605024489A,2.0,,Unknown,Daylight,UNK,PIC,Unknown,2005,6,"(-23) ON JUNE 5, 2005, AROUND 1300 CENTRAL DAYLIGHT TIME (CDT), A BOEING 757-223, N602AN, OPERATED BY AMERICAN AIRL

(-23) ON JUNE 5, 2005, AROUND 1300 CENTRAL DAYLIGHT TIME (CDT), A BOEING 757-223, N602AN, OPERATED BY AMERICAN AIRLINES AS FLIGHT 1399, ENCOUNTERED MODERATE TURBULENCE WHILE DESCENDING THROUGH 13,000 FEET MEAN SEA LEVEL (MSL) NEAR BEARZ INTERSECTION, NEW CHICAGO, INDIANA. INSTRUMENT METEOROLOGICAL CONDITIONS PREVAILED AT ALTITUDE. THE COMMERCIAL FLIGHT WAS OPERATING UNDER PROVISIONS OF 14 CODE OF FEDERAL REGULATIONS (CFR) PART 121. ONE FLIGHT ATTENDANT WAS SERIOUSLY INJURED AND ANOTHER FLIGHT ATTENDANT SUSTAINED MINOR INJURIES. THE CAPTAIN, FIRST OFFICER, 2 FLIGHT ATTENDANTS, AND 156 PASSENGERS WERE NOT INJURED. THE FLIGHT DEPARTED MIAMI INTERNATIONAL AIRPORT (MIA) AT 1124 EASTERN DAYLIGHT TIME (EDT) AND ARRIVED AT CHICAGO O'HARE INTERNATIONAL AIRPORT (ORD) AT 1320 CDT.",BOEING,757223,,"Miscellaneous, Other;Windshear",,-0.49468913139819604,8.333333333333348,10.731772397886985,3.206487835308791,stable,strong_growth,strong_growth,mild_growth,ASIAS
20050627012549I,2.0,,VMC,Daylight,UNK,Unknown,Unknown,2005,6,"(-23) N752SK, CL-600, BEING OPERATED BY SKY WEST AIRLINES AS UNITED EXPRESS FLIGHT 6816 ENROUTE FROM COLORADO SPRIN

(-23) N752SK, CL-600, BEING OPERATED BY SKY WEST AIRLINES AS UNITED EXPRESS FLIGHT 6816 ENROUTE FROM COLORADO SPRINGS, CO. TO CHICAGO, IL. DIVERTED INTO LINCOLN, NE., AFTER THE CREW RECEIVED A HYDRAULIC HIGH TEMPERATURE CAUTION MESSAGE. THE CREW SHUT DOWN THE #2 ENGINE, DIVERTED TO LINCOLN, NE AND LANDED WITHOUT INCIDENT.",CNDAIR,CL6002C10,,"OPDEF, Other Than Pi;2930",,-0.49468913139819604,8.333333333333348,10.731772397886985,3.206487835308791,stable,strong_growth,strong_growth,mild_growth,ASIAS
20050608012329I,2.0,,VMC,Unknown,UNK,Unknown,2000-5000,2005,6,"(-23) RIGHT MAIN LANDING GEAR WAS UNABLE TO BE LOCKED IN THE DOWN POSITION. UPON LANDING RIGHT MAIN GEAR COLLAPSED

(-23) RIGHT MAIN LANDING GEAR WAS UNABLE TO BE LOCKED IN THE DOWN POSITION. UPON LANDING RIGHT MAIN GEAR COLLAPSED CAUSING AIRCRAFT TO DEPART RUNWAY.",SAAB,SF340A,,"Miscellaneous, Other;3200",,-0.49468913139819604,8.333333333333348,10.731772397886985,3.206487835308791,stable,strong_growth,strong_growth,mild_growth,ASIAS
20050619013409I,2.0,,VMC,Daylight,UNK,Unknown,Unknown,2005,6,"(-23) CREW RETURNED TO MSP FOLLOWING ENGINE NUMBER #3 OVERSPEED CONDITION. EMERGENCY WAS DECLARED AND ENGINE WAS SH

(-23) CREW RETURNED TO MSP FOLLOWING ENGINE NUMBER #3 OVERSPEED CONDITION. EMERGENCY WAS DECLARED AND ENGINE WAS SHUT DOWN. AIRCRAFT LANDED WITHOUT INCIDENT.",BAC,AVRO146RJ85A,,"OPDEF, Other Than Pi;7323",,-0.49468913139819604,8.333333333333348,10.731772397886985,3.206487835308791,stable,strong_growth,strong_growth,mild_growth,ASIAS
20050524008679I,2.0,,Unknown,Daylight,UNK,Unknown,Unknown,2005,5,"(-23) ON MAY 24, 2005, AT 1105 MDT, DELTA FLT #589, A MD-90-30, N910DN, ENROUTE FROM SALT LAKE CITY, (SLC) TO NEW O

(-23) ON MAY 24, 2005, AT 1105 MDT, DELTA FLT #589, A MD-90-30, N910DN, ENROUTE FROM SALT LAKE CITY, (SLC) TO NEW ORLEANS (MSY) RETURNED TO SLC DUE TO AN IN-FLIGHT DEPLOYMENT OF AN ESCAPE SLIDE. APPROX 20 MINUTES AFTER DEPARTURE A FLIGHT ATTENDANT, ^PRIVACY DATA OMIT^ TRIED TO MOVE A SNACK CART FROM ITS STOWED AREA IN THE REAR GALLEY, THE CART WAS SNAGGED ON THE DEPLOYMENT CABLE OF THE #2 LEFT DOOR SLIDE, AS SHE YANKED ON THE CART IT ACTIVATED THE INFLATION BOTTLE. THE SLIDE DEPLOYED INSIDE THE CABIN, PINNING THE FLIGHT ATTENDANT BETWEEN THE CART AND THE SEATS AT ROW 36. SHE SUFFERED A STRAINED LEFT ANKLE. NO PASSENGERS WERE INJURED. THE FLIGHT ATTENDANT WAS FREED WITH THE HELP OF THE OTHER CREW MEMBERS, AND PASSENGERS, WHO WERE ABLE TO PUNCTURE THE SLIDE.",DOUG,MD9030,,"OPDEF, Other Than Pi;2565",,-0.27996077023666466,16.541353383458635,10.731772397886985,8.660540239487634,stable,strong_growth,strong_growth,strong_growth,ASIAS
20050723015689I,2.0,,Unknown,Daylight,UNK,Unknown,Unknown,2005,7,"(-23) ON JULY 23, 2005 AT 1800 HRS LOCAL COMAIR (DELTA EXPRESS), PILOT ADVISED TOWER THEY HAD NO AIR CONDITIONING A

(-23) ON JULY 23, 2005 AT 1800 HRS LOCAL COMAIR (DELTA EXPRESS), PILOT ADVISED TOWER THEY HAD NO AIR CONDITIONING AND WANTED TO GET AIRBORNE QUICKLY. DURING TAXI FOR DEPARTURE TOWER WAS NOTIFIED THAT AIRCRAFT NEEDED TO EVACUATE BECAUSE OF HOT BRAKE INDICATION ON #4 BRAKE. EMERGENCY EQUIP. WAS CALLED OUT AND PASSENGERS WERE EVACUATED ON TAXIWAY AND TAKEN TO THE TERMINAL BY BUS, NO INJURIES WERE REPORTED. AIRCRAFT WAS TOWED TO GATE AND JACKED AND #4 BRAKE WAS INSPECTED FOR FREEDOM AND OPS CHECKED PER MM 32-43-00, OPS CHECKED NORMAL AND AIRCRAFT WAS RETURNED TO SERVICE. INCIDENT ^PRIVACY DATA ^ IS CLOSED.",CNDAIR,CL6002B19,,"Miscellaneous, Other;2613",,1.0372436243855976,2.515723270440229,3.6558491985738906,9.380692167577397,mild_growth,mild_growth,mild_growth,strong_growth,ASIAS
20050801025349I,2.0,,Unknown,Unknown,UNK,Unknown,2000-5000,2005,8,"(-23) ON AUGUST 16, 2005, AIRCRAFT N16911 WAS OUTBOUND WHILE BEING TOWED, THE AIRCRAFT EXPERIENCED A NOSE LANDING G

(-23) ON AUGUST 16, 2005, AIRCRAFT N16911 WAS OUTBOUND WHILE BEING TOWED, THE AIRCRAFT EXPERIENCED A NOSE LANDING GEAR COLLAPSE. DAMAGE TO AIRCRAFT CONSISTED OF RIGHT SIDE GEAR DOOR, INTERNAL WHEEL WELL RIGHT SIDE AND NLG AUX DRAG STRUT. NTSB WAS NOTIFIED, A STRUCTURAL ENGINEER FOR THE NTSB INSPECTED THE AIRCRAFT AND ASSESSED THE DAMAGE TO BE MINIMAL AND CLASSIFIED IT AS AN INCIDENT. CONTINENTAL EXPRESS, N16911, EMB-145, FLIGHT NUMBER 2319.",EMB,EMB145LR,,"OPDEF, Other Than Pi;3222",,-1.0620808685632754,15.48387096774193,3.6558491985738906,3.575089697590972,mild_decline,strong_growth,mild_growth,mild_growth,ASIAS
20050808018409I,2.0,,VMC,Night,UNK,Unknown,Unknown,2005,8,"(-23) N437AW, WAS OPERATED BY AIR WISCONSIN AS UNITED FLIGHT 5377 FROM LINCOLN, NE TO DENVER, CO. THE CREW REPORTED

(-23) N437AW, WAS OPERATED BY AIR WISCONSIN AS UNITED FLIGHT 5377 FROM LINCOLN, NE TO DENVER, CO. THE CREW REPORTED A FLAP PROBLEM TO ATC AFTER DEPARTURE. THE FLAPS FAILED TO RETRACT AFTER TAKE OFF AND STUCK AT 20 DEGREES. THE CREW COMPLIED WITH THE QRH PROCEDURES WITH NO CHANGE IN FLAP SETTINGS. THE AIRCRAFT RETURNED TO THE AIRPORT AND LANDED WITHOUT INCIDENT.",CNDAIR,CL6002B19,,"OPDEF, Other Than Pi;2752",,-1.0620808685632754,15.48387096774193,3.6558491985738906,3.575089697590972,mild_decline,strong_growth,mild_growth,mild_growth,ASIAS
20050808031069I,2.0,,VMC,Daylight,UNK,PIC,Unknown,2005,8,"(-23) UAL 618 AND UAL 682 WERE PARKED SIDE BY SIDE IN THE HOLDING PAD FOR RUNWAY 27L. AS UAL 618 BEGAN TO TAXI FOR

(-23) UAL 618 AND UAL 682 WERE PARKED SIDE BY SIDE IN THE HOLDING PAD FOR RUNWAY 27L. AS UAL 618 BEGAN TO TAXI FOR TAKEOFF THE AIRCRAFT RIGHT WING TIP STRUCK THE LEFT WING TIP OF UAL 682. UAL 618 STOPPED IN POSITION AND ASSISTANCE WAS REQUESTED. DAMAGE TO BOTH AIRCRAFT WAS MINIMAL. THIS INCIDENT WAS REFERRED TO THE UALA ASAP PROGRAM.",AIRBUS,A320232,,Pilot Induced;Fail Avoid Ac None A,,-1.0620808685632754,15.48387096774193,3.6558491985738906,3.575089697590972,mild_decline,strong_growth,mild_growth,mild_growth,ASIAS
20050730017239I,2.0,,VMC,Daylight,UNK,Unknown,Unknown,2005,7,"(-23) AIRCRAFT WAS STRUCK BY LIGHTNING ON THE LEFT SIDE OF RADOME. THE LIGHTNING FORCE EXITED THE AIRCRAFT VIA STAT

(-23) AIRCRAFT WAS STRUCK BY LIGHTNING ON THE LEFT SIDE OF RADOME. THE LIGHTNING FORCE EXITED THE AIRCRAFT VIA STATIC WICKS ON THE LEFT SIDE OF HORIZONTAL STABILIZER. ^PRIVACY DATA O^",BOEING,7374Q8,,"Miscellaneous, Other",,1.0372436243855976,2.515723270440229,3.6558491985738906,9.380692167577397,mild_growth,mild_growth,mild_growth,strong_growth,ASIAS
20050717019179I,2.0,,VMC,Daylight,UNK,Unknown,Unknown,2005,7,"(-23) ON JULY 17, 2005, AT APPROXIMATELY 1227 EDT, A SAAB SF-340, N123XS, OPERATED BY SHUTTLE AMERICA (UHLA), EXPER

(-23) ON JULY 17, 2005, AT APPROXIMATELY 1227 EDT, A SAAB SF-340, N123XS, OPERATED BY SHUTTLE AMERICA (UHLA), EXPERIENCED A #1 PROP RPM REDUCTION WHILE ON DEPARTURE FROM BINGHAMTON AIRPORT, BINGHAMTON, NY. THE FLIGHT CREW DECLARED AN EMERGENCY, SHUT DOWN ENGINE PER QRH AND RETURNED TO BINGHAMTON WITH ARFF STANDING BY ON THE FIELD. LANDING AND RETURN TO GATE WAS WITHOUT INCIDENT. MAINTENANCE PERSONNEL FROM SHUTTLE AMERICA WERE SENT TO LOCATION, FOUND CONDITION CABLE TO #1 PCU HAD BROKEN. REPAIRED. AIRCRAFT RELEASED FOR SERVICE 7/18/05 AT 0730. VISUAL METEOROLOGICAL CONDITIONS PREVAILED AT THE TIME AND AN IFR FLIGHT PLAN HAD BEEN FILED AND ACTIVATED. THE AIRCRAFT WAS NOT DAMAGED AND THERE WERE NO INJURIES. THE FLIGHT, #7574, HAD ORIGINATED AT THE BINGHAMTON AIRPORT EARLIER THAT DATE, 7/17/05 AT 1220 LOCAL. THIS INCIDENT IS CONSIDERED CLOSED.",SAAB,SF340A,,"OPDEF, Other Than Pi;6120",,1.0372436243855976,2.515723270440229,3.6558491985738906,9.380692167577397,mild_growth,mild_growth,mild_growth,strong_growth,ASIAS
20050730017249I,2.0,,VMC,Daylight,UNK,PIC,Unknown,2005,7,"(-23) BIRD STRIKE DURING DESCENT/APPROACH INTO FAIRBANKS INTERNATIONAL. ^PRIVACY DATA O^

(-23) BIRD STRIKE DURING DESCENT/APPROACH INTO FAIRBANKS INTERNATIONAL. ^PRIVACY DATA O^",BOEING,737490,,"Miscellaneous, Other;Struck Birds In Flig",,1.0372436243855976,2.515723270440229,3.6558491985738906,9.380692167577397,mild_growth,mild_growth,mild_growth,strong_growth,ASIAS
20050707013449I,2.0,,Unknown,Daylight,UNK,Unknown,Unknown,2005,7,"(-23) ON JULY 07, 2005, AT 1633, EMB-145-LR, N618AE, REGISTERED TO SIMMONS AIRLINE, #1 ENGINE LOW OIL LIGHT CAME ON

(-23) ON JULY 07, 2005, AT 1633, EMB-145-LR, N618AE, REGISTERED TO SIMMONS AIRLINE, #1 ENGINE LOW OIL LIGHT CAME ON, AND PILOT NOTICED OIL QUANTITY DROP TO 5 QTS. THE PILOT USED HIS EMERGENCY PROCEDURES TO SHUT DOWN THE ENGINE. THE AIRCRAFT LANDED WITHOUT INCIDENT, AT GRR AIRPORT. THE EMERGENCY EQUIPMENT WERE STANDING BY.",EMB,EMB145LR,,"OPDEF, Other Than Pi;7260",,1.0372436243855976,2.515723270440229,3.6558491985738906,9.380692167577397,mild_growth,mild_growth,mild_growth,strong_growth,ASIAS
20050802018509I,2.0,,VMC,Daylight,UNK,Unknown,Unknown,2005,8,"(-23) N989CA, CL-600-2B19, WAS OPERATED AS DELTA CONNECTION FLIGHT 5454 BY COMAIR AIRLINES ENROUTE TO OMAHA, NE. TH

(-23) N989CA, CL-600-2B19, WAS OPERATED AS DELTA CONNECTION FLIGHT 5454 BY COMAIR AIRLINES ENROUTE TO OMAHA, NE. THE CREW WAS ON APPROACH AT 200 KNOTS AND HAD SELECTED FLAPS 8 DEGREES, THEN 20 DEGREES, WHEN THE CREW RECEIVED A FLAPS FAULT MESSAGE. THE FLAPS STRUCK AT 8 DEGREES. THEY COMPLIED WITH THE QRH PROCEDURES, DECLARED AN EMERGENCY, AND LANDED WITHOUT INCIDENT. CONTRACT MAINTENANCE COMPLIED WITH E.O. 27-045 AD BY VISUAL INSPECTION OF FLAPS, RESET THE FLAPS AND OPERATIONAL CHECK, IAW AD 98-20-01 THE FLAPS WERE DEFERRED PER MEL.",CNDAIR,CL6002B19,,"OPDEF, Other Than Pi;2750",,-1.0620808685632754,15.48387096774193,3.6558491985738906,3.575089697590972,mild_decline,strong_growth,mild_growth,mild_growth,ASIAS
20050722015489I,2.0,,VMC,Daylight,UNK,PIC,Unknown,2005,7,"(-23) DURING TAKEOFF ROLL THE NUMBER ONE ENGINE INGESTED A BIRD, AND THE AIRCRAFT ABORTED TAKEOFF.

(-23) DURING TAKEOFF ROLL THE NUMBER ONE ENGINE INGESTED A BIRD, AND THE AIRCRAFT ABORTED TAKEOFF.",BOEING,737347,,"Miscellaneous, Other;Struck Birds In Flig",,1.0372436243855976,2.515723270440229,3.6558491985738906,9.380692167577397,mild_growth,mild_growth,mild_growth,strong_growth,ASIAS
20050713014589I,2.0,,Unknown,Daylight,UNK,Unknown,Unknown,2005,7,"(-23) ON JULY 13, 2005 DELTA AIRLINES FLIGHT 455 A B737-200 RETURNED TO MCI DUE TO AN UNKNOWN VIBRATION IN THE COCK

(-23) ON JULY 13, 2005 DELTA AIRLINES FLIGHT 455 A B737-200 RETURNED TO MCI DUE TO AN UNKNOWN VIBRATION IN THE COCKPIT. NO EMERGENCY WAS DECLARED. MAINTENANCE CONCLUDED THAT THE LEFT HAND ELEVATOR INBOARD TAB HINGE WAS WORN. THE HINGE ASSY. WAS REPACED PER BOEING DRAWINGS AND 737 M/M. ALL OPS CHECKS WERE OK. REFERENCE CONTROL DOCUMENT--CTL-828784002 FOR CORRECTIONS. THE AIRCRAFT WAS RETURNED TO SERVICE. INCIDENT ^PRIVACY DATA OMITTED IS CONSIDERED CLOSED.",BOEING,737232,,"OPDEF, Other Than Pi;5523",,1.0372436243855976,2.515723270440229,3.6558491985738906,9.380692167577397,mild_growth,mild_growth,mild_growth,strong_growth,ASIAS
20050903028069I,2.0,,VMC,Daylight,UNK,Unknown,Unknown,2005,9,"(-23) NWA/335, B757, ENROUTE DTW-LAX EXPERIENCED LEFT ENGINE FLAMEOUT DURING CRUISE. PERFORMED ENGINE RESTART PROCE

(-23) NWA/335, B757, ENROUTE DTW-LAX EXPERIENCED LEFT ENGINE FLAMEOUT DURING CRUISE. PERFORMED ENGINE RESTART PROCEDURES, NO HELP. DIVERTED TO OMAHA, REMOVED AND REPLACED #1 ENGINE FUEL METERING UNIT AND FUEL PUMP IN ACCORDANCE WITH AMM 73-21-01, PAGES 401-416, LEAK CHECK AND ENGINE GATE IDLE TEST 3A AMM 71-00-00 PAGE 521. PERFORMED ENGINE RUN - TEST 15 FUEL CONTROL REPLACEMENT TEST AMM 71-00-00 PAGE 582V. ALL TESTS SATISFACTORY.",BOEING,757251,,"OPDEF, Other Than Pi;7321",,-1.4854963525830933,22.435897435897424,3.6558491985738906,-9.211798839458417,mild_decline,strong_growth,mild_growth,strong_decline,ASIAS
20050822021739I,2.0,,VMC,Daylight,UNK,Unknown,Unknown,2005,8,"(-23) PIC DECLARED EMERGENCY OVER FORT WAYNE, IN WHILE ENROUTE TO DETROIT, MI. BECAUSE OF ENGINE FAILURE ON RIGHT S

(-23) PIC DECLARED EMERGENCY OVER FORT WAYNE, IN WHILE ENROUTE TO DETROIT, MI. BECAUSE OF ENGINE FAILURE ON RIGHT SIDE, AIRCRAFT LANDED AT FWA WITHOUT INCIDENT. ^PRIVACY DATA ^ OF MESABA MAINTENANCE CONTROL STATED THAT THE RIGHT ENGINE WAS BEING REPLACED AT FWA BY MESABA MECHANICS. FAILED ENGINE WOULD BE SENT TO MANUFACTURER FOR INSPECTION.",SAAB,340B,,"OPDEF, Other Than Pi;7200",,-1.0620808685632754,15.48387096774193,3.6558491985738906,3.575089697590972,mild_decline,strong_growth,mild_growth,mild_growth,ASIAS
20050824017789I,2.0,,VMC,Daylight,UNK,Other,Unknown,2005,8,"(-23) ALASKA AIRLINES B-737 (N317AS) WAS PARKED AT SEA GATE C17. UNITED AIRLINES B-777 (N223UA) FLIGHT 875 WAS BEIN

(-23) ALASKA AIRLINES B-737 (N317AS) WAS PARKED AT SEA GATE C17. UNITED AIRLINES B-777 (N223UA) FLIGHT 875 WAS BEING PUSHED BACK FROM GATE N7 WHEN L/H WING TIP STRUCK THE RUDDER OF THE ALASKA B-737. MINOR DAMAGE TO B-777 WING TIP. RUDDER CHANGE ON THE B-737. NO INJURIES ON B-777. TRACTOR DRIVER AND WING WALKER SENT FOR DRUG TESTING.",BOEING,777222,,"Miscellaneous, Other;Fail Avd Objs Or Obs",,-1.0620808685632754,15.48387096774193,3.6558491985738906,3.575089697590972,mild_decline,strong_growth,mild_growth,mild_growth,ASIAS
20050831025079I,2.0,,VMC,Unknown,UNK,PIC,5000+,2005,8,"(-23) APPROACHING GATE, THE SAFETY ZONE WAS NOT CLEAR OF THE JET BRIDGE. MARSHALLER FAILED TO STOP AIRCRAFT ON CORR

(-23) APPROACHING GATE, THE SAFETY ZONE WAS NOT CLEAR OF THE JET BRIDGE. MARSHALLER FAILED TO STOP AIRCRAFT ON CORRECT LINE. ALSO, FLIGHT CREW FAILED TO OBSERVE THE JET BRIDGE WAS IN THE SAFETY ZONE, THEREBY IMPACTING THE JET BRIDGE. THE LEFT ENGINE NOSE COWL SUSTAINED DAMAGE AND WAS SUBSEQUENTLY REMOVED AND REPLACED.",AIRBUS,A319114,,Pilot and Ground Cre;Fail Avd Objs Or Obs,,-1.0620808685632754,15.48387096774193,3.6558491985738906,3.575089697590972,mild_decline,strong_growth,mild_growth,mild_growth,ASIAS
20051005023269I,2.0,,Unknown,Daylight,UNK,Unknown,Unknown,2005,10,"(-23) ON OCT 05, 2005 AT 1800 CDT MESA AIRLINES (UNITED EXPRESS) N508MJ (CL-600-2C10) ABORTED TAKEOFF DUE TO AILERO

(-23) ON OCT 05, 2005 AT 1800 CDT MESA AIRLINES (UNITED EXPRESS) N508MJ (CL-600-2C10) ABORTED TAKEOFF DUE TO AILERON CONFIGURATION WARNING LIGHT ON. AIRCRAFT RETURNED TO THE GATE WHERE FLIGHT WAS CANCELLED. AIRCRAFT FERRIED TO CHARLOTTE FOR REPAIRS. AILERON TRIM ACTUATOR WAS REPLACED AND AIRCRAFT RETURNED TO SERVICE. ^PRIVACY DATA^ IS CLOSED.",CNDAIR,CL6002C10,,"OPDEF, Other Than Pi;2710",,-2.4166140023846205,31.28834355828223,-2.8978041865771464,-9.456405376471977,mild_decline,strong_growth,mild_decline,strong_decline,ASIAS
20050916023589I,2.0,,Unknown,Unknown,UNK,Unknown,Unknown,2005,9,"(-23) N154SF, BEING OPERATED BY MESA AIRLINES AS AMERICA WEST AIRLINES FLIGHT 6117, FLEW FROM PHOENIX, AZ, TO OMAHA

(-23) N154SF, BEING OPERATED BY MESA AIRLINES AS AMERICA WEST AIRLINES FLIGHT 6117, FLEW FROM PHOENIX, AZ, TO OMAHA, NE. THE AIRCRAFT WAS INBOUND TO OMAHA, WHEN THE CREW RECEIVED A NUMBER TWO ENGINE DRIVE PUMP 21, HYDRAULIC LOW CAUTION LIGHT. THE CREW LANDED SAFELY AT OMAHA. CONTRACT MAINTENANCE DETERMINED THAT THE HYDRAULIC PUMP HAD FAILED. MAINTENANCE DEACTIVATED THE PUMP, AND DEFERRED THE PUMP PER THE MEL.",CNDAIR,CL6002B19,,"OPDEF, Other Than Pi;2913",,-1.4854963525830933,22.435897435897424,3.6558491985738906,-9.211798839458417,mild_decline,strong_growth,mild_growth,strong_decline,ASIAS
20051009025399I,2.0,,Unknown,Daylight,UNK,Unknown,Unknown,2005,10,"(-23) PILOT ABORTED TAKE OFF AT ROTATION, REPORTED AIRCRAFT DID NOT RESPOND TO ELEVATOR INPUTS DURING TAKE OFF ROLL

(-23) PILOT ABORTED TAKE OFF AT ROTATION, REPORTED AIRCRAFT DID NOT RESPOND TO ELEVATOR INPUTS DURING TAKE OFF ROLL. RETURNED TO GATE. UALA MAINTENANCE PERSONNEL REMOVED L/H ELEVATOR ACCESS PANEL FOR THE CENTER BALANCE BAY. FOUND LOOSE IN THE BALANCE BAY (2) BALANCE WEIGHTS (65-53211-2), (2) BOLTS BACB-30LM3) AND (2) AN 960 10 1) WASHERS, 1 BALANCE WEIGHT WAS JAMMED BETWEEN THE MOVEABLE HING AND THE RIB FLANGE. SEE IPC 55-20-00-0020 PAGE-2, CIRCLE NOTE B. THERE WAS SOME MINOR DAMAGE TO ADJACENT RIBS SUCH AS GOUGES, STRACHES, ETC.",BOEING,737322,,Improper Maintenance;5520,,-2.4166140023846205,31.28834355828223,-2.8978041865771464,-9.456405376471977,mild_decline,strong_growth,mild_decline,strong_decline,ASIAS
20051004026609I,2.0,,VMC,Daylight,UNK,Unknown,Unknown,2005,10,"(-23) EMERGENCY EVACUATION ONLY, NO INJURIES OR CASUALTIES. ASH6185 REPORTED WESTBOUND ON ""P"" TAXIWAY TO MEMPHIS GR

(-23) EMERGENCY EVACUATION ONLY, NO INJURIES OR CASUALTIES. ASH6185 REPORTED WESTBOUND ON ""P"" TAXIWAY TO MEMPHIS GROUND ONE & WAS INSTRUCTED TO CONTINUE VIA ""M"" TAXIWAY & JOIN ""N"" TAXIWAY. ASH6185 ADVISED GC1 (MEMPHIS GROUND CONTROL ONE) THAT HE NEEDED TO PULL OVER & CHECK SOMETHING FOR MAINTENANCE. GC1 INSTRUCTED ASH6185 TO TURN RIGHT AT ""M6"" TAXIWAY & JOIN ""N"" TAXIWAY. GC1 INSTRUCTED ASH6185 TO MAKE A 180 DEGREE TURN AT ""M9"" & ""N"" TAXIWAYS TO FACE SOUTH & HOLD SHORT. ASH6185 REQUESTED FIRE TRUCK FOR SMOKE INDICATION IN THE AFT LAVATORY. GC1 ADVISED THAT THE FIRE EQUIPMENT WAS ON THE WAY & EMERGENCY EVACUATION COMMENCED. NOTHING ABNORMAL WAS FOUND AND THERE WERE NO INJURIES.",CNDAIR,CL6002D24,,"Miscellaneous, Other;2611",,-2.4166140023846205,31.28834355828223,-2.8978041865771464,-9.456405376471977,mild_decline,strong_growth,mild_decline,strong_decline,ASIAS
20050916025459I,2.0,,VMC,Daylight,UNK,Unknown,Unknown,2005,9,"(-23) N513XJ OPERATING AS MESABA AIRLINES FLIGHT 3605, DEPARTED MINNEAPOLIS, MN ENROUTE TO OKLAHOMA CITY, OK. THE N

(-23) N513XJ OPERATING AS MESABA AIRLINES FLIGHT 3605, DEPARTED MINNEAPOLIS, MN ENROUTE TO OKLAHOMA CITY, OK. THE NUMBER FOUR ENGINE DEVELOPED A VIBRATION AT CRUISE ALTITUDE. THE CREW SHUT DOWN THE ENGINE, DECLARED AN EMERGENCY AND DIVERTED TO OMAHA, NE. COMPANY MECHANICS CHANGED THE ENGINE. THEY NOTICED THAT THE POWER TURBINE BUCKET HAD A MISSING BLADE.",BAC,AVRO146RJ85A,,"OPDEF, Other Than Pi;7250",,-1.4854963525830933,22.435897435897424,3.6558491985738906,-9.211798839458417,mild_decline,strong_growth,mild_growth,strong_decline,ASIAS
20050912020789I,2.0,,Unknown,Unknown,UNK,Unknown,Unknown,2005,9,"(-23) UPON ARRIVAL AT KPIT, THE CREW REQUESTED MAINTENANCE TO INSPECT THE #2 MAIN TIRE - TREAD THROWN OFF. THE INSP

(-23) UPON ARRIVAL AT KPIT, THE CREW REQUESTED MAINTENANCE TO INSPECT THE #2 MAIN TIRE - TREAD THROWN OFF. THE INSPECTION REVEALED THE OUTER CASING OF THE TIRE HAD DEPARTED THE MAIN STRUCTURE OF THE TIRE CAUSING DAMAGE TO THE LEFT LANDING GEAR BRAKE LINES, THE LEFT FLAP AND THE LEFT ENGINE.",EMB,EMB145LR,,"OPDEF, Other Than Pi;3244",,-1.4854963525830933,22.435897435897424,3.6558491985738906,-9.211798839458417,mild_decline,strong_growth,mild_growth,strong_decline,ASIAS
20050827019219I,2.0,,VMC,Daylight,UNK,Unknown,Unknown,2005,8,"(-23) MESA FLIGHT 2819 DEPARTED WILKES-BARRE/SCRANTON AIRPORT (AVP) FOR PHILADELPHIA INTERNATIONAL AIRPORT (PHL), W

(-23) MESA FLIGHT 2819 DEPARTED WILKES-BARRE/SCRANTON AIRPORT (AVP) FOR PHILADELPHIA INTERNATIONAL AIRPORT (PHL), WHILE ENROUTE IN THE VICINITY OF THE LEHIGH VALLEY INTERNATIONAL AIRPORT (ABE) THE FLIGHT ATTENDANT NOTICED SMOKE IN THE CABIN. THE FLIGHT CREW HAD A REAR LAV SMOKE WARNING IN THE COCKPIT, AND AFTER MORE COMMUNICATIONS WITH THE FLIGHT ATTENDANT, WHO STATED THAT ALONG WITH THE SMOKE, THE REAR OF THE CABIN WAS HOT, THE DECISION WAS MADE TO DIVERT TO ABE. AFTER LANDING AT ABE THE AIRCRAFT WAS PARKED ON TAXIWAY ""E"" AND THE PASSENGERS WERE DEPLANED UTILIZING THE NORMAL AIRSTAIRS EXIT. MESA AIRLINES MAINTENANCE DETERMINED THAT THE #2 DUCT TEMPERATURE SENSOR HAD FAILED AND THAT NO OTHER PARTS OF THE AIR-CONDITIONING SYSTEM WAS DAMAGED.",CNDAIR,CL6002B19,,"OPDEF, Other Than Pi;2160",,-1.0620808685632754,15.48387096774193,3.6558491985738906,3.575089697590972,mild_decline,strong_growth,mild_growth,mild_growth,ASIAS
20050830023649I,2.0,,VMC,Daylight,UNK,Other,Unknown,2005,8,"(-23) ^PRIVACY DATA OMITTED^ SMOKED IN THE AIRCRAFT LAVATORY AND REMOVED THE WALL PANELS TO TAMPER WITH THE SMOKE A

(-23) ^PRIVACY DATA OMITTED^ SMOKED IN THE AIRCRAFT LAVATORY AND REMOVED THE WALL PANELS TO TAMPER WITH THE SMOKE ALARM. THIS OCCURRED ON CONTINENTAL EXPRESS FLIGHT 9518 ENROUTE FROM IAH TO MLU, OPERATED BY COLGAN AIR. ^PRIVACY D^ WAS APPREHENDED IN MONROE LA AIRPORT (MLU) BY THE LOCAL POLICE.",SAAB,340B,,"Miscellaneous, Other;Unauthorized Action",,-1.0620808685632754,15.48387096774193,3.6558491985738906,3.575089697590972,mild_decline,strong_growth,mild_growth,mild_growth,ASIAS
20051126029539I,2.0,,Unknown,Night,UNK,Unknown,5000+,2005,11,"(-23) AMERICAN AIRLINES FLIGHT 2033, DFW-SEA, #2 ENGINE HAD OVERTEMP INDICATION ACCOMPANIED WITH AUTO-SHUTDOWN. PIL

(-23) AMERICAN AIRLINES FLIGHT 2033, DFW-SEA, #2 ENGINE HAD OVERTEMP INDICATION ACCOMPANIED WITH AUTO-SHUTDOWN. PILOT DECLARED AN EMERGENCY AND DIVERTED INTO BOISE AIRPORT, IDAHO AND LANDED WITHOUT INCIDENT. SUBSEQUENT INVESTIGATION BY CONTRACT MAINTENANCE REVEALED THAT THE #2 ENGINE TURBINE BLADES HAD FAILED IN FLIGHT. THE ENGINE WAS REPLACED AND THE AIRCRAFT WAS RETURNED TO SERVICE. OPERATOR TO SUBMIT SERVICE DIFFICULTY REPORT. PRELIMINARY INCIDENT REPORT SUBMITTED WITHOUT AIRCREW INFORMATION DUE TO TIME RESTRAINTS. PILOT INFORMATION STILL NOT PROVIDED BY OPERATOR AT THIS TIME.",DOUG,DC983,,"OPDEF, Other Than Pi;7250",,-0.6389890523990527,5.586592178770933,-2.8978041865771464,-5.369293579116674,stable,strong_growth,mild_decline,strong_decline,ASIAS
20051126033509I,2.0,,Unknown,Daylight,UNK,Unknown,Unknown,2005,11,"(-23) ON NOVEMBER 26, 2005, ON APPROACH INTO DETROIT METROPOLITAN AIRPORT (DTW) NWAA FLT. 31, AN AIRBUS A-330 AIRCR

(-23) ON NOVEMBER 26, 2005, ON APPROACH INTO DETROIT METROPOLITAN AIRPORT (DTW) NWAA FLT. 31, AN AIRBUS A-330 AIRCRAFT US REGISTERED AS N805NW HAD A NOSE LANDING GEAR TOWBAR LINK BUSHING LIBERATE FROM THE AIRCRAFT AND FALL INTO A RESIDENTIAL AREA, CAUSING DAMAGE TO A HOME. NO FATALITIES OR INJURIES ASSOCIATED WITH THIS INCIDENT WERE REPORTED. A SAFETY RECOMMENDATION WAS SUBMITTED FOR DESIGN IMPROVEMENTS AND ADDITIONAL INSPECTIONS OF THE PART.",AIRBUS,A330323,,"OPDEF, Other Than Pi;3220",,-0.6389890523990527,5.586592178770933,-2.8978041865771464,-5.369293579116674,stable,strong_growth,mild_decline,strong_decline,ASIAS
20051017032629I,2.0,,Unknown,Night,UNK,Unknown,Unknown,2005,10,"(-23) A ^PRIVACY DATA OMITTED^ REPORTED TO THIS OFFICE THAT HE FOUND AN AIRCRAFT PART IN HIS BACK YARD ON 17 OCT, 2

(-23) A ^PRIVACY DATA OMITTED^ REPORTED TO THIS OFFICE THAT HE FOUND AN AIRCRAFT PART IN HIS BACK YARD ON 17 OCT, 2005. A LOUD NOISE AWOKE HIM AT APPROX 0030 (20/10/05) BUT HE WENT BACK TO SLEEP. IN THE MORNING WHILE WALKING HIS DOGS HE FOUND THE ENTIRE LEFT ENGINE TAIL PIPE AND EXHAUST TAIL CONE NACELLE IN HIS YARD. PICTURES WERE TAKEN ON SITE, THE ITEM WAS REMOVED FOR THE RECOVERY SITE. PART WAS ID AS A CL-600 LEFT ENGINE EXHAUST PIPE & EXHAUST TAIL CONE NACELLE: P/N 22850 181, DASH #245, S/N SB/RJ/2425, MANUFACTURED BY SHORT BROTHERS IN 02/04. PMT CONTACTED THIS OFFICE AND REPORTED THE MISSING PART FROM FLIGHT 2319 OF PSA AIRLINES ENROUTE FROM PHL TO DAYTON, OHIO. PSA FAA CMO WILL HANDLE THE INVESTIGATION. ITEM CLOSED BY THIS OFFICE.",CNDAIR,CL6002B19,,"OPDEF, Other Than Pi;7810",,-2.4166140023846205,31.28834355828223,-2.8978041865771464,-9.456405376471977,mild_decline,strong_growth,mild_decline,strong_decline,ASIAS
20051108027889I,2.0,,VMC,Unknown,UNK,Unknown,Unknown,2005,11,"(-23) ^PRIVACY DATA OMITTED ON CLIMB OUT THE NUMBER TWO ENGINE FIRE WARNING LIGHT CAME ON. THE PILOT PULLED THE THR

(-23) ^PRIVACY DATA OMITTED ON CLIMB OUT THE NUMBER TWO ENGINE FIRE WARNING LIGHT CAME ON. THE PILOT PULLED THE THROTTLES BACK ON THE NUMBER TWO ENGINE AND THE FIRE INDICATION LIGHT BECAME INTERMITTENT. THE PILOT LANDED THE AIRCRAFT WITHOUT INCIDENT AND SHUT DOWN THE #2 ENGINE AND INITIATED BOTH FIRE BOTTLES ON THE NUMBER TWO ENGINE. THE PASSENGERS WERE EVACUATED NORMALLY WITHOUT INJURY. THE AIR CARRIER MECHANICS CHANGED THE LOWER #2 ENGINE FIRE LOOP ELEMENT AND REMOVED AND REPLACED BOTH FIRE BOTTLES AND FERRIED THE AIRCRAFT TO THEIR MAINTENANCE BASE.",BOEING,737298C,,"OPDEF, Other Than Pi;2612",,-0.6389890523990527,5.586592178770933,-2.8978041865771464,-5.369293579116674,stable,strong_growth,mild_decline,strong_decline,ASIAS
20051016025669I,2.0,,VMC,Daylight,UNK,Unknown,Unknown,2005,10,"(-23) SHORTLY AFTER TAKEOFF ON OCTOBER 16, 2005, SKYWEST AIRLINES FLIGHT 6729, A CL-600-2B19, ENROUTE FROM SPRINGFI

(-23) SHORTLY AFTER TAKEOFF ON OCTOBER 16, 2005, SKYWEST AIRLINES FLIGHT 6729, A CL-600-2B19, ENROUTE FROM SPRINGFIELD-BRANSON REGIONAL AIRPORT (KSGF) TO DENVER INTERNATIONAL AIRPORT (KDEN) RECEIVED A 'LEFT THRUST REVERSER UNSAFE' MESSAGE. THE FLIGHT RECEIVED CLEARANCE TO RETURN TO SPRINGFIELD-BRANSON REGIONAL AIRPORT. THE FLIGHT MADE AN OVERWEIGHT LANDING AT KSGF WITHOUT INCIDENT. THE LEFT THRUST REVERSER SYSTEM WAS DEACTIVATED AND DEFERRED, AN OVERWEIGHT LANDING INSPECTION WAS COMPLETED AND THE AIRCRAFT DEPARTED KSGF. INCIDENT ^PRIVACY DATA OMITTED IS CONSIDERED CLOSED. ^PRIVACY DATA OMITTED^",CNDAIR,CL6002B19,,"OPDEF, Other Than Pi;7830",,-2.4166140023846205,31.28834355828223,-2.8978041865771464,-9.456405376471977,mild_decline,strong_growth,mild_decline,strong_decline,ASIAS
20051021030239I,2.0,,Unknown,Daylight,UNK,Other,5000+,2005,10,"(-23) US AIR 2126, A 319, LAGUARDIA, NY TO BOSTON, MA A DISRUPTIVE PASSENGER ON BOARD STRUCK A FLIGHT ATTENDANT, AI

(-23) US AIR 2126, A 319, LAGUARDIA, NY TO BOSTON, MA A DISRUPTIVE PASSENGER ON BOARD STRUCK A FLIGHT ATTENDANT, AIRCRAFT LANDED BOSTON AT 12:49 EDT, 10/21/05 AND WAS MET BY MASS STATE POLICE. PASSENGER WAS TAKEN INTO CUSTODY. MASS STATE POLICE INDICATED THAT THE FLIGHT ATTENDANT WAS NOT INJURED.",AIRBUS,A319112,,"Miscellaneous, Other;Cntl Intfr By Passen",,-2.4166140023846205,31.28834355828223,-2.8978041865771464,-9.456405376471977,mild_decline,strong_growth,mild_decline,strong_decline,ASIAS
20051202028099I,2.0,,IMC,Daylight,UNK,Unknown,Unknown,2005,12,"(-23) N988CA, CL-600-2B19, WAS OPERATING AS COMAIR FLIGHT 667, A DELTA CONNECTION FLIGHT ENROUTE FROM CVG TO FSD. T

(-23) N988CA, CL-600-2B19, WAS OPERATING AS COMAIR FLIGHT 667, A DELTA CONNECTION FLIGHT ENROUTE FROM CVG TO FSD. THE CREW RECEIVED A FLAP FAIL MESSAGE AND DIVERTED INTO OMAHA. CONTRACT MAINT. INSPECTED THE FLAP SYSTEM AND RELEASED THE AIRCRAFT PER AD98-20-01, FOR REVENUE FLIGHT TO FSD.",CNDAIR,CL6002B19,,"OPDEF, Other Than Pi;2751",,-0.27762000822577626,-9.947643979057585,-2.8978041865771464,1.4913448735019985,stable,strong_decline,mild_decline,mild_growth,ASIAS
20051218028649I,2.0,,IMC,Daylight,UNK,Unknown,Unknown,2005,12,"(-23) ON DECEMBER 18, 2005 AT 1655 MST DELTA AIRLINES (DALA) FLT #1711, N902DA, MD-90 LANDED AT SALT LAKE CITY, (SL

(-23) ON DECEMBER 18, 2005 AT 1655 MST DELTA AIRLINES (DALA) FLT #1711, N902DA, MD-90 LANDED AT SALT LAKE CITY, (SLC). RWY 34, AND DURING ROLLOUT THE #1 LH MAIN TIRE BLEW. THE TIRE CARCUSS MADE CONTACT WITH THE GEAR DOOR CAUSING IT TO SEPARATE FROM THE AIRPLANE, FOD AND DEBRIS DAMAGED THE #1 LH FLAP, LH WING ROOT FAIRING, BELLY PANEL, AND FOD WAS INGESTED INTO THE LH ENGINE. THE AIRCRAFT TAXIED TO THE C-10 GATE WITHOUT ASSISTANCE. NO FLUID LEAKS, OR FIRE WAS REPORTED. THERE WERE NO INJURIES. THE WEATHER IN SLC WAS LIGHT SNOW, SLUSH, AND THE RWY WAS WET.",DOUG,MD9030,,"OPDEF, Other Than Pi;3244",,-0.27762000822577626,-9.947643979057585,-2.8978041865771464,1.4913448735019985,stable,strong_decline,mild_decline,mild_growth,ASIAS
20051214033569I,2.0,,Unknown,Daylight,UNK,Unknown,Unknown,2005,12,"(-23) AFTER INITIATION OF T/O ROLL CHICAGO O'HARE TOWER ADVISED UAL #394 THAT ONE (1) NOSE GEAR WAS MISSING, THE AI

(-23) AFTER INITIATION OF T/O ROLL CHICAGO O'HARE TOWER ADVISED UAL #394 THAT ONE (1) NOSE GEAR WAS MISSING, THE AIRCRAFT ABORTED T/O AT APPROXIMATELY 60 KNOTS. THE FLIGHT CREW WRITE-UP WAS: TIRE CAME OFF WHEN FINISHING TURN ONTO RUNWAY 9R. HEARD LOUD THUMP. ABORTED TAKEOFF BELOW 60 KNOTS WITH NO ABNORMAL OR EXCESSIVE SIDE LOADS. MAINTENANCE INSPECTION REVEALED THE LEFT NOSE WHEEL HAD SEPARATED FROM THE AIRCRAFT'S NLG INNER CYLINDER. FURTHER INVESTIGATION REVEALED TWO PREVIOUSLY UNDETECTED CRACKS IN THE LEFT SIDE AXLE OF THE NLG INNER STRUT. NLG REMOVED AND FORWARDED TO UALA'S QUALITY AND ENGINEERING FOR EVALUATION. UNITED AIRLINES FAA CERTIFICATE MANAGEMENT OFFICE IS FOLLOWING INVESTIGATION.",BOEING,737522,,"OPDEF, Other Than Pi;3220",,-0.27762000822577626,-9.947643979057585,-2.8978041865771464,1.4913448735019985,stable,strong_decline,mild_decline,mild_growth,ASIAS
20051210030649I,2.0,,IMC,Daylight,UNK,Unknown,<500,2005,12,"(-23) N641RW, EMBRAER EMJ-170-100SE, OPERATED BY SHUTTLE AMERICA AS UNITED EXPRESS FLIGHT 7655, WAS ENROUTE FROM CO

(-23) N641RW, EMBRAER EMJ-170-100SE, OPERATED BY SHUTTLE AMERICA AS UNITED EXPRESS FLIGHT 7655, WAS ENROUTE FROM COLUMBUS, OH, TO DENVER, CO. EIGHTY MILES WEST OF LINCOLN, NE., THE CREW DECLARED AN EMERGENCY DUE TO AN AILERON PROBLEM, AND DIVERTED TO LINCOLN, NE, WHERE THEY LANDED SAFELY. COMPANY MECHANICS REPLACED THE AUTOPILOT SERVO, WHICH HAD CAUSED THE AUTOPILOT SYSTEM TO FAIL.",EMB,ERJ170100SE,,"OPDEF, Other Than Pi;2215",,-0.27762000822577626,-9.947643979057585,-2.8978041865771464,1.4913448735019985,stable,strong_decline,mild_decline,mild_growth,ASIAS
20051207033209I,2.0,,Unknown,Night,UNK,PIC,Unknown,2005,12,"(-23) ASA 70, B737 FROM JUNEAU, ALASKA TO SITKA, ALASKA ENCOUNTERED SEVERE TURBULENCE AND LOW LEVEL WINDSHEAR 50 FE

(-23) ASA 70, B737 FROM JUNEAU, ALASKA TO SITKA, ALASKA ENCOUNTERED SEVERE TURBULENCE AND LOW LEVEL WINDSHEAR 50 FEET ABOVE THE RUNWAY AT SITKA AND LANDED HARD. NO INJURIES, MINOR DAMAGE TO RIGHT WING FLAP/LE, LANDING LIGHT. AFTER INSPECTION BY MECHANICS THE FOLLOWING DAY, THE COMPANY REQUESTED A FERRY PERMIT AND RETURNED THE AIRPLANE TO SEATTLE FOR MAINTENANCE.",BOEING,737490,,"Miscellaneous, Other;Windshear",,-0.27762000822577626,-9.947643979057585,-2.8978041865771464,1.4913448735019985,stable,strong_decline,mild_decline,mild_growth,ASIAS
20051205028259I,2.0,,Unknown,Daylight,UNK,Unknown,Unknown,2005,12,"(-23) ON DECEMBER 5, 2005, AN ATLANTIC SOUTHEAST AIRLINES (ASOA) CL600-2B19, N836AS, OPERATING AS DELTA CONNECTION

(-23) ON DECEMBER 5, 2005, AN ATLANTIC SOUTHEAST AIRLINES (ASOA) CL600-2B19, N836AS, OPERATING AS DELTA CONNECTION FLIGHT 755, OMA TO ATL, MADE AN UNSCHEDULED LANDING AT KANSAS CITY INTERNATIONAL AIRPORT (MCI) AT APPROXIMATELY 0754 CST. WHILE IN FLIGHT, THE CREW OBSERVED A DOOR LATCH CAUTION MESSAGE, FOLLOWED BY A PAX DOOR WARNING MESSAGE. PRESSURIZATION WAS UNAFFECTED. THE CREW ELECTED TO DIVERT TO MCI, WHERE THEY MADE AN OVERWEIGHT LANDING WITHOUT FURTHER INCIDENT. WARNING MESSAGES AND OVERWEIGHT LANDING RECORDED ON LOG PAGE 21389, ITEMS 2 AND 3, RESPECTIVELY. MAINTENANCE UNABLE TO DUPLICATE DOOR WARNINGS. OVERWEIGHT LANDING INSPECTION ACCOMPLISHED IN ACCORDANCE WITH MM 05-51-02 PAGES 601-614, AND AIRCRAFT RETURNED TO SERVICE. OUR INVESTIGATION REVEALED SDR 00025 FILED 07/29/2005 AND SDR 00233 FILED 09/28/2005 REGARDING PROBLEMS OPERATING THE PASSENGER DOOR. THE BOTTOM STEP OF THE PASSENGER DOOR HAD BEEN REPLACED 04/30/2005. INCIDENT ^PRIVACY DATA^ IS CLOSED.",CNDAIR,CL6002B19,,"OPDEF, Other Than Pi;5210",,-0.27762000822577626,-9.947643979057585,-2.8978041865771464,1.4913448735019985,stable,strong_decline,mild_decline,mild_growth,ASIAS
20051129033259I,0.0,,Unknown,Night,UNK,Other,Unknown,2005,11,"(-23) #2 ENGINE EXHAUST NOZZLE DAMAGED BY REFUEL TRUCK. CORRECTIVE ACTION: MAINTENANCE REMOVED AND REPLACED #2 ENGI

(-23) #2 ENGINE EXHAUST NOZZLE DAMAGED BY REFUEL TRUCK. CORRECTIVE ACTION: MAINTENANCE REMOVED AND REPLACED #2 ENGINE CNA I/A/W 757 AMM 78-11-04-4, NO DAMAGE NOTED TO ENGINE ASSY. FUELING TRUCK REMOVED FROM SERVICE FOR INVESTIGATION BY ASIG FUEL MAINTENANCE.",BOEING,757225,,"Miscellaneous, Other;Fail Avd Objs Or Obs",,-0.6389890523990527,5.586592178770933,-2.8978041865771464,-5.369293579116674,stable,strong_growth,mild_decline,strong_decline,ASIAS
20051115029229I,2.0,,Unknown,Daylight,UNK,Other,2000-5000,2005,11,"(-23) AT 0840E, N242CJ, AN SF34, OPERATED BY COLGAN AIR, PULLED OFF GATE A19 WHEN THE LEFT WING TIP STRUCK A COMPAN

(-23) AT 0840E, N242CJ, AN SF34, OPERATED BY COLGAN AIR, PULLED OFF GATE A19 WHEN THE LEFT WING TIP STRUCK A COMPANY AIRCRAFT, N346CJ, AN SF34, ALSO PARKED AT THE GATE. NO INJURIES WERE REPORTED AND DAMAGE TO THE AIRCRAFT WAS DESCRIBED AS MINOR. ADDITIONAL SHEETS ATTACHED.",SAAB,340B,,"Miscellaneous, Other;Fail Avoid Ac None A",,-0.6389890523990527,5.586592178770933,-2.8978041865771464,-5.369293579116674,stable,strong_growth,mild_decline,strong_decline,ASIAS
20051201030129I,0.0,,Unknown,Night,UNK,Unknown,Unknown,2005,12,"(-23) N82AX, A LR-25-D, BEING OPERATED AS LIFEGUARD FLIGHT LN82AX DEPARTED OMA ENROUTE TO ABQ. FORTY SOUTH OF OMA T

(-23) N82AX, A LR-25-D, BEING OPERATED AS LIFEGUARD FLIGHT LN82AX DEPARTED OMA ENROUTE TO ABQ. FORTY SOUTH OF OMA THE CREW REPORTED AN UNSAFE GEAR WARNING LIGHT. THE AIRCRAFT RETURNED TO OMA. THE HYDRAULIC RESERVOIR FLUID WAS LOW, HYDRAULIC FLUID WAS ADDED PRIOR TO DEPARTURE FROM OMAHA. WHEN THE AIRCRAFT LANDED AT ABQ, MAINTENANCE PERFORMED A VISUAL INSPECTION OF THE LANDING GEAR AND HYDRAULIC SYSTEM. THEY FOUND NO INDICATION OF LEAKAGE, NOR DISCREPANCIES.",LEAR,25D,,"OPDEF, Other Than Pi;2916",,-0.27762000822577626,-9.947643979057585,-2.8978041865771464,1.4913448735019985,stable,strong_decline,mild_decline,mild_growth,ASIAS
20051105033269I,2.0,,Unknown,Unknown,UNK,Unknown,5000+,2005,11,"(-23) AT 23:41Z, FLIGHT #1476, AIRCRAFT N109UW, FROM BGI/TBPB TO KPHL/PHL, HIT SEVERE TURBULENCE AT FL380 OVER 32N/

(-23) AT 23:41Z, FLIGHT #1476, AIRCRAFT N109UW, FROM BGI/TBPB TO KPHL/PHL, HIT SEVERE TURBULENCE AT FL380 OVER 32N/67W (ABOUT 40 S OF GRABES). THE AIRCRAFT GAINED 1000' DURING TURBULENCE ENCOUNTER. 5 PASSENGERS AND 1 FLIGHT CREW HAD MINOR INJURIES.",AIRBUS,A320214,,"Miscellaneous, Other",,-0.6389890523990527,5.586592178770933,-2.8978041865771464,-5.369293579116674,stable,strong_growth,mild_decline,strong_decline,ASIAS
20051102032749I,2.0,,VMC,Night,UNK,Unknown,Unknown,2005,11,"(-23) ON NOVEMBER 2, 2005, AT 2217 EST, A DC-9-31, N8921E, REGISTERED TO NORTHWEST AIRLINES, DECLARED AN EMERGENCY

(-23) ON NOVEMBER 2, 2005, AT 2217 EST, A DC-9-31, N8921E, REGISTERED TO NORTHWEST AIRLINES, DECLARED AN EMERGENCY WHEN SIX MILES ON FINAL DUE TO A SLAT PROBLEM AND PLANNED LANDING WITH FLAPS ONLY. EXECAIR MAINTENANCE PERSONNEL FOUND A FAULTY T DUCT BINDING ON ONE RIGHT SLAT PANEL. PER NWA PROCEDURES, T DUCT WAS LUBED AND REPAIRED AND THE AIRCRAFT WAS RETURNED TO SERVICE. VISUAL METEOROLOGICAL CONDITIONS PREVAILED AT THE TIME AND AN IFR FLIGHT PLAN WAS FILED. THE AIRCRAFT WAS NOT DAMAGED AND THERE WERE NO INJURIES. THE FLIGHT ORIGINATED AT THE DETROIT AIRPORT, DETROIT, MI ON NOVEMBER 2, 2005 AT 2103 CST. THIS INCIDENT IS CONSIDERED CLOSED.",DOUG,DC931,,"OPDEF, Other Than Pi;2780",,-0.6389890523990527,5.586592178770933,-2.8978041865771464,-5.369293579116674,stable,strong_growth,mild_decline,strong_decline,ASIAS
20051031027139I,2.0,,VMC,Night,UNK,Unknown,Unknown,2005,10,"(-23) THIRTY MINUTES INTO FLIGHT ALL FLIGHT STATIONS AND A LARGE NUMBER OF PASSENGERS REPORTED A STRONG FUEL-GAS SM

(-23) THIRTY MINUTES INTO FLIGHT ALL FLIGHT STATIONS AND A LARGE NUMBER OF PASSENGERS REPORTED A STRONG FUEL-GAS SMELL. THE CREW COOLED OFF THE CABIN AND THE SMELL DISSIPATED. WHEN THE NOSE OF THE ACFT LOWERED FOR DESCENT THE FUEL ODOR REAPPEARED AND PROGRESSED INTO THE FORWARD CABIN AND COCKPIT. AALA349 DECLARED AN INFLIGHT EMERGENCY AND LANDED SAFELY AT OMA. CONTRACT MAINT INSPECTED ALL COMPONENTS IN BELLY OF ACFT AND FOUND NO SOURCE OF ODOR. THEY CHECKED CABIN FOR ANY STRANGE ODOR OF FUEL SMELL WITH NONE NOTED. INSPECT OVERHEAD AND ALL CARGO PET AREAS, COOLING PACK AREAS WITH NO VISIBLE DISCREPANCIES. THEY CHECKED CENTER FLOOR AREAS, CENTER FUEL TANK, LEFT AND RIGHT EXTERNAL APU BAY. RUN RIGHT AND LEFT PACKS WITH HEAT, NO DISCREPANCY NOTED. COMPANY MECHANICS INSPECTED THE AIRPLANE THE NEXT MORNING PRIOR TO DEPARTURE WITH NO DISCREPANCY NOTED.",DOUG,DC982,,Undetermined,,-2.4166140023846205,31.28834355828223,-2.8978041865771464,-9.456405376471977,mild_decline,strong_growth,mild_decline,strong_decline,ASIAS
20051020028969I,2.0,,VMC,Daylight,UNK,Unknown,Unknown,2005,10,"(-23) CONTINENTAL AIRLINES FLIGHT 1635, ENROUTE NEWARK, NEW JERSEY TO PHOENIX, ARIZONA, WAS IN THE CRUISE PORTION O

(-23) CONTINENTAL AIRLINES FLIGHT 1635, ENROUTE NEWARK, NEW JERSEY TO PHOENIX, ARIZONA, WAS IN THE CRUISE PORTION OF FLIGHT WHEN #2 ENGINE OIL QUANTITY DECREASED TO ZERO. THE OIL PRESSURE IN #2 ENGINE DECREASED INTO THE RED ZONE AND THE ENGINE WAS SHUT DOWN. THE FLIGHT DIVERTED TO KANSAS CITY INTERNATIONAL AIRPORT WHERE THE #2 ENGINE WAS REMOVED AND REPLACED. THE FAILED ENGINE WINDMILLED AT ZERO OIL PRESSURE FOR 25 MINUTES. INCIDENT ^PRIVACY DATA OMITTED IS CONSIDERED CLOSED. SEE PTRS ENTRY ^PRIVACY DATA ^",BOEING,737824,,"OPDEF, Other Than Pi;7261",,-2.4166140023846205,31.28834355828223,-2.8978041865771464,-9.456405376471977,mild_decline,strong_growth,mild_decline,strong_decline,ASIAS
20051020026309I,2.0,,VMC,Daylight,UNK,Unknown,Unknown,2005,10,"(-23) SOUTHWEST AIRLINES FLIGHT 134 OPERATING BETWEEN OMAHA, NE, AND ST. LOUIS, MO., RETURNED AFTER TAKEOFF DUE TO

(-23) SOUTHWEST AIRLINES FLIGHT 134 OPERATING BETWEEN OMAHA, NE, AND ST. LOUIS, MO., RETURNED AFTER TAKEOFF DUE TO AN UNSAFE GEAR INDICATION, AFTER GEAR RETRACTION. THE CREW RECEIVED AN UNSAFE GEAR WARNING LIGHT AND WARNING HORN. COMPANY MECHANICS FROM CHICAGO CHANGED THE LANDING GEAR LOGIC CARD, M990, PER MAINTENANCE MANUAL.",BOEING,7373H4,,"OPDEF, Other Than Pi;3260",,-2.4166140023846205,31.28834355828223,-2.8978041865771464,-9.456405376471977,mild_decline,strong_growth,mild_decline,strong_decline,ASIAS
20051022031479A,2.0,,IMC,Daylight,UNK,Unknown,5000+,2005,10,"(-23) DELTA 612, B737, ENROUTE FROM BERMUDA TO BOSTON, MA, PILOT REPORTED TO IT'S OPERATIONS THAT THEY EXPERIENCED

(-23) DELTA 612, B737, ENROUTE FROM BERMUDA TO BOSTON, MA, PILOT REPORTED TO IT'S OPERATIONS THAT THEY EXPERIENCED MODERATE TURBULANCE 70 MILES PRIOR TO AYDNA INTERSECTION AT FLIGHT LEVEL 340 AT APPROXIMATELY 1440 EDT, 10/22/05. TWO PASSENGERS AND A FLIGHT ATTENDANT WERE INJURED. AIRCRAFT TO BE MET AT THE GATE BY EMERGENCY EQUIPMENT.",BOEING,737832,,"Miscellaneous, Other",,-2.4166140023846205,31.28834355828223,-2.8978041865771464,-9.456405376471977,mild_decline,strong_growth,mild_decline,strong_decline,ASIAS
20051018026299I,2.0,,VMC,Daylight,UNK,Unknown,Unknown,2005,10,"(-23) N556UA, B757-222, BEING OPERATED AS UNITED AIRLINES FLIGHT 565, ENROUGE DSM TO DEN, DECLARED EMERGENCY AND DI

(-23) N556UA, B757-222, BEING OPERATED AS UNITED AIRLINES FLIGHT 565, ENROUGE DSM TO DEN, DECLARED EMERGENCY AND DIVERTED TO OMA AFTER LOSS OF CABIN PRESSURE. CONTRACT MAINTENANCE INSPECTED THE AIRCRAFT, NOTING THAT THE LOWER PRESSURE RELIEF VALVE OUTER DOOR WAS OPEN WITH INSULATING MATERIAL HANGING OUT. THEY REPLACED THE LOWER POSITIVE PRESSURE RELIEF (SAFETY) VALVE.",BOEING,757222,,"OPDEF, Other Than Pi;2133",,-2.4166140023846205,31.28834355828223,-2.8978041865771464,-9.456405376471977,mild_decline,strong_growth,mild_decline,strong_decline,ASIAS
20051019026339I,2.0,,VMC,Daylight,UNK,Unknown,Unknown,2005,10,"(-23) N916SW, WHILE BEING OPERATED BY SKYWEST AIRLINES AS UNITED EXPRESS FLIGHT 6700 FROM SIOUS FALLS, S.D. TO DENV

(-23) N916SW, WHILE BEING OPERATED BY SKYWEST AIRLINES AS UNITED EXPRESS FLIGHT 6700 FROM SIOUS FALLS, S.D. TO DENVER, CO., DIVERTED INTO LINCOLN NE. AFTER SUFFERING A LOSS OF #1 HYDRAULIC FLUID. COMPANY MECHANICS FOUND A LEAK AT THE #1 HYDRAULIC PRESSURE TRANSDUCER. THEY REMOVED AND REPLACED THE #1 PRESSURE MANIFOLD WITH A SERVICEABLE UNIT AND ALSO REMOVED AND REPLACED THE #1 ENGINE DRIVEN PUMP, (DUE TO BEING OPERATED WITHOUT HYDRAULIC PRESSURE INDICATION).",CNDAIR,CL6002B19,,"OPDEF, Other Than Pi;2932",,-2.4166140023846205,31.28834355828223,-2.8978041865771464,-9.456405376471977,mild_decline,strong_growth,mild_decline,strong_decline,ASIAS
20051025029409A,2.0,,Unknown,Daylight,UNK,Unknown,Unknown,2005,10,"(-23) PASSENGER FELL WHILE EXITING THROUGH THE DOOR STAIR. THE PASSENGER REPORTEDLY FRACTURED HIS CHEEK BONE, SINUS

(-23) PASSENGER FELL WHILE EXITING THROUGH THE DOOR STAIR. THE PASSENGER REPORTEDLY FRACTURED HIS CHEEK BONE, SINUS CAVITY, AND EYE CAVITY.",CNDAIR,CL6002C10,,"Miscellaneous, Other",,-2.4166140023846205,31.28834355828223,-2.8978041865771464,-9.456405376471977,mild_decline,strong_growth,mild_decline,strong_decline,ASIAS
20060304002609I,2.0,,Unknown,Daylight,UNK,Unknown,Unknown,2006,3,"(-23) ON MARCH 4, 2006 AT 1600 AIRCRAFT N906EV, FLIGHT NO. 4177, WHILE ENROUTE FROM ATLANTA, GEORGIA, (ATL) TO WICH

(-23) ON MARCH 4, 2006 AT 1600 AIRCRAFT N906EV, FLIGHT NO. 4177, WHILE ENROUTE FROM ATLANTA, GEORGIA, (ATL) TO WICHITA, KANSAS, (ICT); THE FLIGHT CREW DECLARED AN EMERGENCY DUE TO NO FLAPS. THE AIRCRAFT RECEIVED A FLAP FAIL MESSAGE ON THE ICAS SCREEN. THE WICHITA FIRE UNITS RESPONDED TO THE EMERGENCY WHILE AIRCRAFT N906EV APPROACHED FOR LANDING. AIRCRAFT N906EV LANDED WITH NO FLAPS, BUT SAFELY AND NO FURTHER INCIDENT.",CNDAIR,CL6002B19,,"OPDEF, Other Than Pi;2750",,-1.0456508681569887,5.813953488372103,-0.6924020953702703,6.651797428496464,mild_decline,strong_growth,stable,strong_growth,ASIAS
20060128000939I,2.0,,Unknown,Unknown,UNK,Unknown,Unknown,2006,1,"(-23) AT APPROX 1830 LCL, HORIZON FLT 223 ENROUTE FROM YVR TO PDX ENCOUNTERED REDUCED CABIN PRESSURE CAUSING THRU F

(-23) AT APPROX 1830 LCL, HORIZON FLT 223 ENROUTE FROM YVR TO PDX ENCOUNTERED REDUCED CABIN PRESSURE CAUSING THRU FL 180 APPROX 50NM FROM SEA. CREW MADE AN EMERGENCY DESCENT TO FL 100. A/C APPEARED TO HAVE NO PROBLEMS AND CREW DECIDED TO CONTINUE FLIGHT TO PDX. SEVERAL MOMENTS LATER, CREW CONTACTED ATC AND REQUESTED TO DIVERT TO SEA DUE TO SMELL OF SMOKE IN COCKPIT. A/C LANDED AT SEA WITH NO INCIDENT. HORIZON AIR FORM # HA148, DATED 01-28-2006 AND MAINTENANCE LOG FORM # M-100, DATED 01-29-2006 REFER TO FURTHER DETAILS.",DHAV,DHC8202,,"OPDEF, Other Than Pi;2133",,-1.1598467892961262,-15.887850467289722,-0.6924020953702703,-3.507619548081975,mild_decline,strong_decline,stable,mild_decline,ASIAS
20060304002589I,2.0,,Unknown,Daylight,UNK,Unknown,Unknown,2006,3,"(-23) ON MARCH 4, 2006, AT 1153, FLIGHT 4255, AIRCRAFT N872AS WHILE ENROUTE FROM ATLANTA, GEORGIA (ATL) TO WICHITA,

(-23) ON MARCH 4, 2006, AT 1153, FLIGHT 4255, AIRCRAFT N872AS WHILE ENROUTE FROM ATLANTA, GEORGIA (ATL) TO WICHITA, KANSAS (ICT); THE FLIGHT CREW DECLARED AN EMERGENCY DUE TO FLAP FAILURE. THE FLIGHT CREW REPORTED THAT THEY HAD A FLAP CONTROL TROUBLE INDICATOR LIGHT (FLAP FAIL CAUTION) COME ON ABOUT 35 MINUTES OUT FROM ICT. THE WICHITA FIRE UNITS RESPONDED TO THE EMERGENCY WHILE AIRCRAFT N872AS APPROACH FOR LANDING. AIRCRAFT N872AS LANDED WITH NO FLAPS, FAST AND LONG, BUT SAFELY AND NO FURTHER INCIDENTS.",CNDAIR,CL6002B19,,"OPDEF, Other Than Pi;2751",,-1.0456508681569887,5.813953488372103,-0.6924020953702703,6.651797428496464,mild_decline,strong_growth,stable,strong_growth,ASIAS
20060123001129I,2.0,,Unknown,Daylight,UNK,Unknown,2000-5000,2006,1,"(-23) DURING TAXI, AT THE HOLD SHORT LINE IN FMN, THE LANDING GEAR WARNING HORN SOUNDED. THE RED ""IN TRANSIT"" LIGHT

(-23) DURING TAXI, AT THE HOLD SHORT LINE IN FMN, THE LANDING GEAR WARNING HORN SOUNDED. THE RED ""IN TRANSIT"" LIGHTS WERE ALSO ILLUMINATED. THE THREE GREEN LANDING GEAR LIGHTS WERE ALL ILLUMINATED. THE CREW DECIDED THAT DEPLANING THE PASSENGERS WAS THE BEST COURSE OF ACTION, AS THEY DID NOT WANT TO MOVE THE AIRCRAFT FROM ITS POSITION. THE ENGINES WERE SHUT DOWN AND THE PASSENGERS WERE DEPLANED AND RETURNED TO THE GATE. NO INJURIES OCCURRED.",BEECH,1900D,,"OPDEF, Other Than Pi;3234",,-1.1598467892961262,-15.887850467289722,-0.6924020953702703,-3.507619548081975,mild_decline,strong_decline,stable,mild_decline,ASIAS
20060119000409I,2.0,,Unknown,Night,UNK,Unknown,Unknown,2006,1,"(-23) ON 1-19-2006 FRONTIER EXPRESS FLIGHT 4197 OPERATED BY HORIZON AIR (QXEA) DIVERTED TO MCI DUE TO VISIBLE SPARK

(-23) ON 1-19-2006 FRONTIER EXPRESS FLIGHT 4197 OPERATED BY HORIZON AIR (QXEA) DIVERTED TO MCI DUE TO VISIBLE SPARKS/FLAMES FROM ABOVE THE F/O'S GASPER VENT. THE A/C LANDED WITHOUT INCIDENT. MAINTENANCE CONCLUDED THAT THE F/O'S FLOODLIGHT WAS BURNED. THE AREA WAS ACCESSED AND INSPECTED WITH NO ADDITIONAL DAMAGE NOTED. THE FLOOD LIGHT HAD ONE BROKEN WIRE ON THE LIGHT ASSY. THE LIGHT ASSY. WAS REMOVED AND THE CONNECTOR WAS CAPPED AND PLACARDED PER MEL 33-11-1 RSI# 356338. THE A/C WAS RETURNED TO SERVICE. REFERENCE LOG PAGES 213534 AND 213537 FOR CORRECTIONS. INCIDENT ^PRIVACY DATA OMITTED^ IS CONSIDERED CLOSED.",CNDAIR,CL6002C10,,"OPDEF, Other Than Pi;3397",,-1.1598467892961262,-15.887850467289722,-0.6924020953702703,-3.507619548081975,mild_decline,strong_decline,stable,mild_decline,ASIAS
20060222002579I,2.0,,VMC,Daylight,UNK,Unknown,Unknown,2006,2,"(-23) N520UA, B-757-222, BEING OPERATED AS UNITED AIRLINES FLIGHT 696 ENROUTE FROM DEN TO OMA ADVISED ATC THAT THEY

(-23) N520UA, B-757-222, BEING OPERATED AS UNITED AIRLINES FLIGHT 696 ENROUTE FROM DEN TO OMA ADVISED ATC THAT THEY HAD A FLIGHT CONTROL PROBLEM. THE CREW HAD RECEIVED AN ICAS MESSAGE FOR LEADING EDGE SLAT DISAGREE. WITH THE FLAP LEVER IN #1 POSITION THEY WERE FROZE AT THE 1/2 AND 1 DEGREE POSITION. THE AIRCRAFT LANDED SAFELY. CONTRACT MAINTENANCE DID A BITE CHECK OF THE FSEU'S, WHICH SHOWED THAT THE #2 FSEU FLAP LEVER WAS NOT IN THE DETENT. MAINTENANCE REPOSITIONED THE LEVER TO THE DETENT POSITION AND THE SYSTEM OPERATED PROPERLY.",BOEING,757222,,"OPDEF, Other Than Pi;2750",,-1.3847703056597216,-3.1746031746031633,-0.6924020953702703,-1.7518629886259518,mild_decline,mild_decline,stable,mild_decline,ASIAS
20060209001829I,2.0,,VMC,Daylight,UNK,Unknown,Unknown,2006,2,"(-23) N8736A, CL-600-2B19, WAS BEING OPERATED BY PINNACLE AIRLINES AS NORTHWEST AIRLINK FLIGHT 4756 BETWEEN MINNEAP

(-23) N8736A, CL-600-2B19, WAS BEING OPERATED BY PINNACLE AIRLINES AS NORTHWEST AIRLINK FLIGHT 4756 BETWEEN MINNEAPOLIS, MN. AND DALLAS-FT. WORTH, TEXAS. AT 32,000 FEET THERE WAS A LOUD SQUEAL AT THE MAIN CABIN DOOR AND A LOSS OF CABIN PRESSURIZATION. THE AIRCRAFT DESCENDED TO 10,000, AND DIVERTED TO OMAHA, NE. MECHANICS FOUND A TEAR IN PAX DOOR SEAL. COMPANY MECHANICS REMOVED AND REPLACED THE DOOR SEAL.",CNDAIR,CL6002B19,,"OPDEF, Other Than Pi;5210",,-1.3847703056597216,-3.1746031746031633,-0.6924020953702703,-1.7518629886259518,mild_decline,mild_decline,stable,mild_decline,ASIAS
20060210009059I,2.0,,VMC,Daylight,UNK,Unknown,Unknown,2006,2,"(-23) ON APPROACH INTO MSP RUNWAY 30R AIR WISCONSIN FLIGHT (A6WA) AWI 3799 THE CAPTAIN REQUESTED AN 8 DEGREE FLAP S

(-23) ON APPROACH INTO MSP RUNWAY 30R AIR WISCONSIN FLIGHT (A6WA) AWI 3799 THE CAPTAIN REQUESTED AN 8 DEGREE FLAP SETTING AND RECEIVED AN EICAS MESSAGE INDICATING FLAPS FAIL. CREW PERFORMED THE FLAPS FAILED CHECKLIST AND REQUESTED RUNWAY 30L. THE CAPTAIN DECLARED AN EMERGENCY AND THE FLIGHT ATTENDANT BRIEFED THE PASSENGERS. THE CREW PERFORMED A 0 FLAP LANDING WITHOUT FURTHER INCIDENT. NO DAMAGE TO THE AIRCRAFT AND NO INJURIES. OPERATOR RECEIVED A FERRY PERMIT TO RETURN TO ITS MAIN BASE OF OPERATIONS AND RETURNED AIRCRAFT THERE FOR MAINTENANCE. OPERATOR HAS FILED A SERVICE DIFFICULTY REPORT FOR THIS EVENT. END. NOTE: FSDO INSPECTOR NOTIFICATIONS OCCURRED AFTER AIRCRAFT HAD ALREADY DEPARTED MSP.",CNDAIR,CL6002B19,,"OPDEF, Other Than Pi;2750",,-1.3847703056597216,-3.1746031746031633,-0.6924020953702703,-1.7518629886259518,mild_decline,mild_decline,stable,mild_decline,ASIAS
20060211002359I,2.0,,VMC,Daylight,UNK,Other,Unknown,2006,2,"(-23) AIRCRAFT WAS MARSHALLED INTO A PARKED FUEL TRUCK. THE AIRCRAFT WAS REPOSITIONING. NTSB WAS NOTIFIED AND RELEA

(-23) AIRCRAFT WAS MARSHALLED INTO A PARKED FUEL TRUCK. THE AIRCRAFT WAS REPOSITIONING. NTSB WAS NOTIFIED AND RELEASED THE AIRCRAFT. THERE WAS MINOR DAMAGE TO L-WING TIP AND NO INJURIES TO CREW OR PASSENGERS.",DOUG,DC982,,"Miscellaneous, Other;Fail Avd Objs Or Obs",,-1.3847703056597216,-3.1746031746031633,-0.6924020953702703,-1.7518629886259518,mild_decline,mild_decline,stable,mild_decline,ASIAS
20060206012859I,2.0,,VMC,Unknown,UNK,Other,Unknown,2006,2,"(-23) AT APPROXIMATELY 6:20 A.M., LOCAL TIME, A FUEL TRUCK OPERATED BY MILLION AIR RICHMOND COLLIDED WITH AN EMB 14

(-23) AT APPROXIMATELY 6:20 A.M., LOCAL TIME, A FUEL TRUCK OPERATED BY MILLION AIR RICHMOND COLLIDED WITH AN EMB 145 AIRCRAFT OPERATED BY TRANS STATES AIRLINES (RAIA). THE AIRCRAFT HAD MINOR DAMAGE INBOARD OF RIGHT WING APPROXIMATELY 3 FEET, CAUSING AILERON DAMAGE. THE FUEL TRUCK DRIVER RECEIVED MINOR INJURIES WHEN THE WING CAME THROUGH THE WINDSHIELD OF THE TRUCK. AIRCRAFT WAS IN BOARDING PROCESS, WHEN THE FUEL TRUCK CONTACTED THE AIRCRAFT. DAMAGE HAS BEEN DOCUMENTED IN THE AIRCRAFT LOGBOOK.",EMB,EMB145LR,,"Miscellaneous, Other;Fail Avd Objs Or Obs",,-1.3847703056597216,-3.1746031746031633,-0.6924020953702703,-1.7518629886259518,mild_decline,mild_decline,stable,mild_decline,ASIAS
20060201002279I,2.0,,IMC,Unknown,UNK,Unknown,5000+,2006,2,"(-23) UPON LANDING, FLIGHT 66 VEERED TO THE RIGHT AND THE RIGHT MAIN GEAR HIT RUNWAY EDGE LIGHTS. THE PIC STATED TH

(-23) UPON LANDING, FLIGHT 66 VEERED TO THE RIGHT AND THE RIGHT MAIN GEAR HIT RUNWAY EDGE LIGHTS. THE PIC STATED THAT THE #1 ENGINE HAD FAILED UPON LANDING, AND THAT IN HIS OPINION THE RUNWAY BRAKING CONDITIONS WERE WORSE THAN REPORTED. WEATHER AT THE TIME WAS 3/4 MILE VISIBILITY IN SNOW AND MIST.",BOEING,737490,,"OPDEF, Other Than Pi;7200",,-1.3847703056597216,-3.1746031746031633,-0.6924020953702703,-1.7518629886259518,mild_decline,mild_decline,stable,mild_decline,ASIAS
20060202001139I,2.0,,Unknown,Daylight,UNK,Unknown,2000-5000,2006,2,"(-23) DURING THE LANDING CHECKLIST, THE GREEN NOSE GEAR INDICATOR LIGHT WAS NOT ILLUMINATED. THE GEAR WAS RECYCLED,

(-23) DURING THE LANDING CHECKLIST, THE GREEN NOSE GEAR INDICATOR LIGHT WAS NOT ILLUMINATED. THE GEAR WAS RECYCLED, BUT NO NOSE GEAR LIGHT INDICATION. THE MANUAL GEAR EXTENSION CHECKLIST WAS RUN, BUT STILL NO LIGHT. MAINTENANCE WAS CONTACTED. THE ANNUNCIATOR TEST BUTTON ILLUMINATED THE LIGHT. A LOW PASS WAS MADE TO DETERMINE IF THE NOSE GEAR WAS IN FACT DOWN. FMN MAINTENANCE OBSERVED THE NOSE GEAR APPEARED TO BE DOWN. AN EMERGENCY WAS DECLARED AND EMERGENCY RESPONSE CREWS WERE ON HAND FOR THE LANDING. PASSENGERS WERE BRIEFED FOR LANDING. UPON LANDING, THE AIRCRAFT WAS SHUT DOWN ON THE RUNWAY, AND MAINTENANCE SECURED THE NOSE GEAR. THE AIRCRAFT WAS TOWED TO THE GATE AND THE PASSENGERS WERE DEPLANED WITHOUT INJURY.",BEECH,1900D,,"OPDEF, Other Than Pi;3297",,-1.3847703056597216,-3.1746031746031633,-0.6924020953702703,-1.7518629886259518,mild_decline,mild_decline,stable,mild_decline,ASIAS
20060202001689I,2.0,,IMC,Daylight,UNK,Unknown,Unknown,2006,2,"(-23) CAPTAIN'S WINDSHIELD HEAT CYCLED ON AND OFF WITH THE SWITCH IN THE OFF POSITION. DESCENDING INTO DENVER THE C

(-23) CAPTAIN'S WINDSHIELD HEAT CYCLED ON AND OFF WITH THE SWITCH IN THE OFF POSITION. DESCENDING INTO DENVER THE CREW SMELLED SMOKE, SHORTLY AFTER THAT, SMOKE STARTED COMING OUT FROM THE CAPTAIN'S CONTROL COLUMN. CREW IMMEDIATELY TURNED OFF ALL ICE PROTECTION, SMOKE AND SMELL DISSIPATED AFTER THAT. AIRCRAFT LANDED IN DENVER WITHOUT INCIDENT. SDR CONTROL NUMBER GLBA20060660 WAS SUBMITTED AND IS ON FILE WITH THE FAA.",BEECH,1900D,,"OPDEF, Other Than Pi;3397",,-1.3847703056597216,-3.1746031746031633,-0.6924020953702703,-1.7518629886259518,mild_decline,mild_decline,stable,mild_decline,ASIAS
20060129011459I,2.0,,Unknown,Night,UNK,PIC,Unknown,2006,1,"(-23) A CANADIAN REGISTERED AIRCRAFT, AIRBUS 319, CANADIAN REGISTRATION CFYKR SUSTAINED MINOR NOSE TIRE DAMAGE WHEN

(-23) A CANADIAN REGISTERED AIRCRAFT, AIRBUS 319, CANADIAN REGISTRATION CFYKR SUSTAINED MINOR NOSE TIRE DAMAGE WHEN IT IMPACTED THE RUNWAY EDGE LIGHTS DURING TAKEOFF AT RWY 25 AT MCCARRAN INTERNATIONAL AIRPORT, LAS VEGAS, NV. NO INJURIES TO FLIGHT CREW AND PASSENGERS.",AIRBUS,A319114,,Pilot Induced;Fail Avd Objs Or Obs,,-1.1598467892961262,-15.887850467289722,-0.6924020953702703,-3.507619548081975,mild_decline,strong_decline,stable,mild_decline,ASIAS
20060120000619I,2.0,,Unknown,Night,UNK,Unknown,2000-5000,2006,1,"(-23) AIRCRAFT WAS AT 11,000 FT., DURING APPROACH FIRST OFFICERS ALTIMETER: FLIGHT DIRECTOR & YAW DAMP BECAME INOPE

(-23) AIRCRAFT WAS AT 11,000 FT., DURING APPROACH FIRST OFFICERS ALTIMETER: FLIGHT DIRECTOR & YAW DAMP BECAME INOPERATIVE FOLLOWED BY SMOKE IN THE COCKPIT THROUGH THE FIRST OFFICERS INSTRUMENT PANEL. CAPTAIN DECLARED AN EMERGENCY, CREW AND PASSENGERS DONNED THEIR OXYGEN MASK. CREW LANDED AND EVACUATED THE PASSENGERS ONTO THE RUNWAY WITHOUT INCIDENT.",BEECH,1900D,,"OPDEF, Other Than Pi;3411",,-1.1598467892961262,-15.887850467289722,-0.6924020953702703,-3.507619548081975,mild_decline,strong_decline,stable,mild_decline,ASIAS
20060124000419I,2.0,,Unknown,Daylight,UNK,Unknown,Unknown,2006,1,"(-23) ON JANUARY 24, 2006 A PINNACLE AIR LINES (REXA) CL600-2B19, N8488D, OPERATING AS NORTHWEST AIRLINK FLIGHT 591

(-23) ON JANUARY 24, 2006 A PINNACLE AIR LINES (REXA) CL600-2B19, N8488D, OPERATING AS NORTHWEST AIRLINK FLIGHT 5918, SGF TO MEM RETURNED TO SPRINGFIELD (SGF) AND MADE AN EMERGENCY LANDING AT 0721 CST. AIRCRAFT LANDED WITHOUT INCIDENT. WHILE IN CLIMB THE CREW REPORTED A TOTAL HYDAULICS FAILURE. OUR INVESTIGATION REVEALED THAT THE FLUID LOSS WAS DUE TO THE PRESSURE LINE FROM THE #2 ENGINE DRIVEN HYDRAULIC PUMP WAS FOUND TO BE CRACKED. A MAINTENANCE CREW WAS DISPATCHED FROM MEMPHIS AND HYDRAULIC LINE PN 601-752-38-43 WAS REPLACED AND THE AIRCRAFT RETURNED TO SERVICE ON 1/25/06. INCIDENT ^PRIVACY DATA ^ IS CLOSED.",CNDAIR,CL6002B19,,"OPDEF, Other Than Pi;2910",,-1.1598467892961262,-15.887850467289722,-0.6924020953702703,-3.507619548081975,mild_decline,strong_decline,stable,mild_decline,ASIAS
20060116000289I,2.0,,Unknown,Daylight,UNK,Unknown,Unknown,2006,1,"(-23) INITIAL NOTIFICATION BY CREW OF FLIGHT 160 TO ZHU OF 1 PASSENGER INJURED FROM SEVERE TURBULENCE 40 MILES SOUT

(-23) INITIAL NOTIFICATION BY CREW OF FLIGHT 160 TO ZHU OF 1 PASSENGER INJURED FROM SEVERE TURBULENCE 40 MILES SOUTHWEST OF IAH. INTERVIEWED ^PRIVACY DATA OMITT^ BY PHONE. HE STATED THAT AT THE START OF THEIR DESCENT FROM 25K WEST OF GLAND THEY RECEIVED A NOTICE OF TURBULENCE IN THE AREA. WITHIN 45 TO 90 SECONDS LATER THEY EXPERIENCED SEVERE TURBULENCE. THEY SHALLOWED THEIR APPROACH AND EXPERIENCED TURBULENCE AGAIN AT 17K AND AT 13K. FLIGHT CONTINUES TO IAH WHERE THREE FLIGHT ATTENDANTS AND A PASSENGER WERE TREATED BY LOCAL EMTS. ONE FLIGHT ATTENDANT RECEIVED A 3.5 INCH CUT ABOVE THE LEFT EYE AND A CONCUSSION WHILE IN THE AFT LAV. THE SECOND FLIGHT ATTENDANT RECEIVED A CONCUSSION. THE THIRD FLIGHT ATTENDANT SUSTAINED SIDE AND BACK STRAINS. THE PASSENGER EXPERIENCED A CUT ON TOP OF HIS HEAD. ALL FOUR ELECTED TO SEEK ADDITIONAL MEDICAL ATTENTION AND WERE RELEASED THE NIGHT OF THE INCIDENT.",BOEING,737824,,"Miscellaneous, Other",,-1.1598467892961262,-15.887850467289722,-0.6924020953702703,-3.507619548081975,mild_decline,strong_decline,stable,mild_decline,ASIAS
20060114009729I,2.0,,Unknown,Daylight,UNK,Unknown,Unknown,2006,1,"(-23) N854CA, FLIGHT #8688, DEPARTED FWA FOR CLE WITH NO PASSENGERS ON BOARD. AT APPROXIMATELY 800' AGL THE CARGO D

(-23) N854CA, FLIGHT #8688, DEPARTED FWA FOR CLE WITH NO PASSENGERS ON BOARD. AT APPROXIMATELY 800' AGL THE CARGO DOOR CAME OPEN. ACCORDING TO THE CAPTAIN, THERE WAS NO INDICATION ON THE ANNUNCIATOR PANEL THAT THE CARGO DOOR WAS OPEN. THE CAPTAIN TOLD THE FIRST OFFICER TO DECLARE AN EMERGENCY. THE FIRST OFFICER GOT CLEARANCE TO LAND BUT SAID HE NEVER HEARD THE DECLARE EMERGENCY COMMAND FROM THE CAPTAIN. ON DOWNWIND A VISUAL CONFIRMATION FROM THE TOWER REVEALED THE CARGO DOOR WAS IN FACT OPEN. THE AIRCRAFT MADE AN UNEVENTFUL LANDING. ON TAXI-IN THE CAPTAIN TAPPED THE CARGO DOOR ANNUNCIATOR LIGHT AND THE LIGHT THEN ILLUMINATED.",BEECH,1900D,,"OPDEF, Other Than Pi;5270",,-1.1598467892961262,-15.887850467289722,-0.6924020953702703,-3.507619548081975,mild_decline,strong_decline,stable,mild_decline,ASIAS
20060102000509I,2.0,,Unknown,Night,UNK,PIC,Unknown,2006,1,"(-23) SKYWEST FLIGHT 3848, WAS ON A ONE MILE FINAL TO RUNWAY 16L STRUCK A BIRD. DAMAGE WAS NOTED TO THE RIGHT INBOA

(-23) SKYWEST FLIGHT 3848, WAS ON A ONE MILE FINAL TO RUNWAY 16L STRUCK A BIRD. DAMAGE WAS NOTED TO THE RIGHT INBOARD FLAP ASSEMBLY.",CNDAIR,CL6002B19,,"Miscellaneous, Other;Struck Birds In Flig",,-1.1598467892961262,-15.887850467289722,-0.6924020953702703,-3.507619548081975,mild_decline,strong_decline,stable,mild_decline,ASIAS
20060109000799I,2.0,,Unknown,Night,UNK,PIC,Unknown,2006,1,"(-23) SOUTHWEST AIRLINES 1952 WAS ENROUTE FROM KANSAS CITY INTERNATIONAL AIRPORT (KMCI) TO LOS ANGELES INTERNATIONA

(-23) SOUTHWEST AIRLINES 1952 WAS ENROUTE FROM KANSAS CITY INTERNATIONAL AIRPORT (KMCI) TO LOS ANGELES INTERNATIONAL AIRPORT (KLAX). AT 6000 FEET MSL, DEPARTING MCI, THE AIRCRAFT WAS HIT WITH WHAT FELT LIKE A LARGE BIRD ON THE UNDERSIDE OF THE AIRCRAFT. ALL ENGINE INDICATIONS WERE NORMAL WITH NO FLUCTUATIONS. THE FLIGHT RETURNED TO MCI WHERE SOUTHWEST AIRLINES MAINTENANCE INSPECTED THE AIRCRAFT. NO DAMAGE WAS FOUND AND ALL AIRCRAFT SYSTEMS OPERATED NORMALLY. UPON COMPLETION OF THE INSPECTION THE AIRCRAFT WAS RETURNED TO SERVICE. INCIDENT ^PRIVACY DATA ^ IS CONSIDERED CLOSED WITH THE FILING OF THIS REPORT.",BOEING,7377H4,,"Miscellaneous, Other;Struck Birds In Flig",,-1.1598467892961262,-15.887850467289722,-0.6924020953702703,-3.507619548081975,mild_decline,strong_decline,stable,mild_decline,ASIAS
20051228033459I,2.0,,Unknown,Night,UNK,PIC,5000+,2005,12,"(-23) ON DECEMBER 28, 2005, SOUTHWEST AIRLINES (SWA) FLIGHT #111, A BOEING-737-3H4, ENROUTE FROM MDW TO PHL DIVERTE

(-23) ON DECEMBER 28, 2005, SOUTHWEST AIRLINES (SWA) FLIGHT #111, A BOEING-737-3H4, ENROUTE FROM MDW TO PHL DIVERTED TO ORD DUE TO ENGINE PROBLEMS. THE AIRCRAFT LANDED AT ORD ON RUNWAY 27L AT 0213Z WITHOUT FURTHER INCIDENT. THE PILOT DISCREPANCY READ: LARGE BIRD INGESTED IN THE #2 ENGINE ON TAKE OFF CAUSING A LOUD BAND AND LOSS OF POWER. DIVERTED TO CHICAGO O'HARE INTERNATIONAL. ENGINE DESTROYED.",BOEING,7373H4,,"Miscellaneous, Other;Struck Birds In Flig",,-0.27762000822577626,-9.947643979057585,-2.8978041865771464,1.4913448735019985,stable,strong_decline,mild_decline,mild_growth,ASIAS
20051225033669I,2.0,,Unknown,Unknown,UNK,Unknown,Unknown,2005,12,"(-23) DELTA AIRLINES FLIGHT 476, A BOEING B-757, WAS OPERATING FROM KATL TO KPHL. AT APPROXIMATELY 30 NAUTICAL MILE

(-23) DELTA AIRLINES FLIGHT 476, A BOEING B-757, WAS OPERATING FROM KATL TO KPHL. AT APPROXIMATELY 30 NAUTICAL MILES SOUTHWEST OF NOTTINGHAM VOR THE AIRCRAFT ENCOUNTERED UNFORCASTED AND UNREPORTED SEVERE TURBULENCE. THE SEATBELT SIGNS WERE ON AND THE CABIN CREW WAS FOUR ROWS FROM THE REAR OF THE AIRCRAFT FINISHING A BEVERAGE AND SNACK SERVICE. THE TURBULENCE CONSISTED OF TWO ""JOLTS"". THE THREE FLIGHT ATTENDANTS IN THE REAR OF THE AIRCRAFT HIT THE CEILING. THE BEVERAGE CART LEFT THE FLOOR ON BOTH JOLTS, REACHING ARM REST HEIGHT ON THE FIRST JOLT. FLIGHT ATTENDANT ^PRIVACY DATA OM^ WAS IN THE REAR GALLEY AND RECEIVED A CUT ON THE HEAD WHEN HE HIT THE CEILING AND AN INJURED FOOT WHEN THE TRASH CART LANDED ON IT. THE FLIGHT ATTENDANTS CONFIRMED THAT ALL THE PASSENGERS WERE UNINJURED, ATTENDED TO ^PRIVACY DA^ MEDICAL NEEDS AND THEN INFORMED THE CAPTAIN OF THE SITUATION. THE CAPTAIN DECLARED A MEDICAL EMERGENCY AND WAS CLEARED DIRECT TO PHILADELPHIA INTERNATIONAL AIRPORT (KPHL). ^PRIVACY DATA OMITTED^ MD, A PASSENGER ON BOARD, ATTENDED TO ^PRIVACY ^ ENROUTE TO KPHL. AT PHILADELPHIA INTERNATIONAL AIRPORT, ^PRIVACY ^ WAS MET BY EMS AND TRANSPORTED TO A LOCAL HOSPITAL FOR FURTHER TREATMENT . HIS INJURIES CONSISTED OF A CUT ON THE HEAD (NO STITCHES REQUIRED), A BLACK AND BLUE TOE ON HIS RIGHT FOOT AND AN INJURED THUMB. ALTHOUGH HE RECEIVED A CT SCAN AND X-RAYS, HIS INJURIES WERE MINOR AND REQUIRED ONLY FIRST AID LEVEL TREATMENT.",BOEING,757232,,"Miscellaneous, Other",,-0.27762000822577626,-9.947643979057585,-2.8978041865771464,1.4913448735019985,stable,strong_decline,mild_decline,mild_growth,ASIAS
20051219029929I,2.0,,VMC,Night,UNK,Unknown,5000+,2005,12,"(-23) DURING CRUISE FLIGHT FROM HRO TO DFW, AIR MIDWEST AIRLINES FLIGHT 2628 EXPERIENCED A LEFT FIRE ""T"" HANDLE WAR

(-23) DURING CRUISE FLIGHT FROM HRO TO DFW, AIR MIDWEST AIRLINES FLIGHT 2628 EXPERIENCED A LEFT FIRE ""T"" HANDLE WARNING LIGHT. CREW SHUT DOWN LEFT ENGINE AND COMPLIED WITH THE CHECKLIST. ALERTED FT. WORTH CENTER, DIVERTED TO MLC, DECLARED AN EMERGENCY. LANDED SAFELY WITH NO FURTHER INCIDENT. EVACUATED PASSENGERS.",BEECH,1900D,,"OPDEF, Other Than Pi;2612",,-0.27762000822577626,-9.947643979057585,-2.8978041865771464,1.4913448735019985,stable,strong_decline,mild_decline,mild_growth,ASIAS
20051219032779A,2.0,,VMC,Daylight,UNK,Unknown,2000-5000,2005,12,"(-23) INFLIGHT SEPARATION OF RIGHT WING AFTER TAKEOFF FROM WATER.

(-23) INFLIGHT SEPARATION OF RIGHT WING AFTER TAKEOFF FROM WATER.",GULSTM,G73,,Improper Maintenance;5710,,-0.27762000822577626,-9.947643979057585,-2.8978041865771464,1.4913448735019985,stable,strong_decline,mild_decline,mild_growth,ASIAS
20060125011699I,2.0,,Unknown,Daylight,UNK,PIC,Unknown,2006,1,"(-23) SWAA FLT# 132 (B-737) HIT AIRPORT FENCE DURING PUSHBACK FROM GATE A-8 ""ALLEY"" AT BWI. WINGWALKER REPORTED THE

(-23) SWAA FLT# 132 (B-737) HIT AIRPORT FENCE DURING PUSHBACK FROM GATE A-8 ""ALLEY"" AT BWI. WINGWALKER REPORTED THEY WERE AT A BAD ANGLE AND COULD NOT STOP THE TUG OPERATOR IN TIME. RIGHT WING WINGLET STRUCK FENCE RESULTING IN THE REPLACEMENT OF WINGLET AND A SECTION OF THE AIRPORT SECURITY FENCE.",BOEING,7377H4,,"Miscellaneous, Other;Fail Avd Objs Or Obs",,-1.1598467892961262,-15.887850467289722,-0.6924020953702703,-3.507619548081975,mild_decline,strong_decline,stable,mild_decline,ASIAS
20060128000499I,2.0,,VMC,Daylight,UNK,Unknown,Unknown,2006,1,"(-23) FOLLOWING LANDING GEAR RETRACTION AFTER TAKEOFF, THE LANDING GEAR WARNING LIGHT ILLUMINATED ON THE LEFT HYDRA

(-23) FOLLOWING LANDING GEAR RETRACTION AFTER TAKEOFF, THE LANDING GEAR WARNING LIGHT ILLUMINATED ON THE LEFT HYDRAULIC SYSTEM. THERE WERE INDICATIONS THAT THEY WERE LOSING PRESSURE AND QUANTITY. THE RIGHT LANDING GEAR DOOR DID NOT RETRACT. THE CREW SELECTED GEAR DOWN WITH THREE GREEN LIGHTS. AN EMERGENCY WAS DECLARED AND THE FLIGHT RETURNED TO SALT LAKE CITY AND LANDED. MAINTENANCE FOUND THAT THE RIGHT HAND TRUCK PRESSURE HOSE HAD RUPTURED AT THE LOWER END APPROXIMATELY THREE INCHES ABOVE THE ATTACH NUT. THE HOSE WAS CHANGED THE AREA WAS CLEANED, FLUID ADDED, THE SYSTEM TESTED, AND THE AIRCRAFT WAS RETURNED TO SERVICE.",BOEING,757232,,"OPDEF, Other Than Pi;2910",,-1.1598467892961262,-15.887850467289722,-0.6924020953702703,-3.507619548081975,mild_decline,strong_decline,stable,mild_decline,ASIAS
20060214002599I,2.0,,IMC,Daylight,UNK,Unknown,Unknown,2006,2,"(-23) N8783E, A CL-600, BEING OPERATED BY PINNACLE AIRLINES AS NORTHWEST AIRLINK FLIGHT 2973, REPORTED AN UNSAFE GE

(-23) N8783E, A CL-600, BEING OPERATED BY PINNACLE AIRLINES AS NORTHWEST AIRLINK FLIGHT 2973, REPORTED AN UNSAFE GEAR INDICATION ON APPROACH TO LINCOLN, NE. THE AIRCRAFT LANDED SAFELY. WHEN THE AIRCRAFT PULLED INTO THE GATE THE #3 HYDRAULIC CAUTION LIGHT CAME ON. COMPANY MECHANICS COULD NOT DUPLICATE ANY DEFECTS.",CNDAIR,CL6002B19,,"OPDEF, Other Than Pi",,-1.3847703056597216,-3.1746031746031633,-0.6924020953702703,-1.7518629886259518,mild_decline,mild_decline,stable,mild_decline,ASIAS
20060102000119I,2.0,,Unknown,Night,UNK,Unknown,2000-5000,2006,1,"(-23) DURING CRUISE FLIGHT AT FL230, GEAR UNSAFE LIGHT ILLUMINATED AND WARNING HORN SOUNDED CONTINOUSLY AND COULD N

(-23) DURING CRUISE FLIGHT AT FL230, GEAR UNSAFE LIGHT ILLUMINATED AND WARNING HORN SOUNDED CONTINOUSLY AND COULD NOT BE SILENCED. MAINTENANCE CONTROL HAD THE CREW DESCEND AND THE LIGHT WENT OUT AND HORN SILENCED AT FL140. CYCLED GEAR IN PATTERN AND ALL INDICATIONS WERE NORMAL. ON ONE MILE FINAL, WITH GEAR DOWN AND SHOWING LOCKED, THE GEAR UNSAFE LIGHT AND HORN FLICKERED RANDOMLY. DID FLY BY AND GEAR APPEARED DOWN AND LOCKED TO GROUND PERSONNEL. DECLARED AN EMERGENCY AND EXECUTED A NORMAL LANDING WITH NO FURTHER INCIDENT. NO ABNORMAL INDICATIONS AFTER LANDING. GEAR WAS PINNED AT TERMINAL.",BEECH,1900D,,"OPDEF, Other Than Pi;3260",,-1.1598467892961262,-15.887850467289722,-0.6924020953702703,-3.507619548081975,mild_decline,strong_decline,stable,mild_decline,ASIAS
20060124002659A,2.0,,Unknown,Night,UNK,Other,Unknown,2006,1,"(-23) A FLIGHT ATTENDANT SLIPPED ON A WET FLOOR IN THE AFT GALLEY. WHEN SHE REACHED OUT TO STEADY HERSELF, HER LEFT

(-23) A FLIGHT ATTENDANT SLIPPED ON A WET FLOOR IN THE AFT GALLEY. WHEN SHE REACHED OUT TO STEADY HERSELF, HER LEFT HAND STRUCK THE DOOR CONTROL HANDLE. A LATER EXAMINATION BY A PHYSICIAN REVEALED HER LEFT HAND WAS FRACTURED.",BOEING,7373Q8,,"Miscellaneous, Other;Other, Miscellaneous",,-1.1598467892961262,-15.887850467289722,-0.6924020953702703,-3.507619548081975,mild_decline,strong_decline,stable,mild_decline,ASIAS
20060425010089A,2.0,,Unknown,Daylight,UNK,Other,5000+,2006,4,"(-23) ON APRIL 25, 2006, APPROXIMATELY 1730 CDT, AN AMERICAN AIRLINES' BOEING 777, N789A, FLIGHT 945 ENCOUNTERED MO

(-23) ON APRIL 25, 2006, APPROXIMATELY 1730 CDT, AN AMERICAN AIRLINES' BOEING 777, N789A, FLIGHT 945 ENCOUNTERED MODERATE TURBULENCE DURING DESCENT INTO DALLAS/FORT WORTH INTERNATIONAL AIRPORT (DFW). THERE WAS NO DAMAGE TO THE AIRCRAFT. ONE FLIGHT ATTENDANT SUSTAINED SERIOUS INJURIES.",BOEING,777223,,"Miscellaneous, Other;Other, Miscellaneous",,-0.27050579136560504,6.111111111111112,12.602961983047356,10.170183798502386,stable,strong_growth,strong_growth,strong_growth,ASIAS
20060415029779A,2.0,,VMC,Daylight,UNK,Unknown,Unknown,2006,4,"(-23) WHILE DESCENDING THROUGHT FLIGHT LEVEL 250, AND MANEUVERING TO AVOID A ""CELL"", THE AIRPLANE ENCOUNTERED CLEAR

(-23) WHILE DESCENDING THROUGHT FLIGHT LEVEL 250, AND MANEUVERING TO AVOID A ""CELL"", THE AIRPLANE ENCOUNTERED CLEAR AIR TURBULENCE. THE FLIGHT ATTENDANT, WHO WAS OUT OF HER SEAT AT THE TIME, WAS THROWN TO THE CEILING, THEN FELL BACK TO THE FLOOR, RESULTING IN A SERIOUS INJURY. THE AIRPLANE LANDED AT THE DESTINATION AIRPORT (MDT) ABOUT 15 MINUTES LATER WITHOUT FURTHER INCIDENT.",CNDAIR,CL6002B19,,"Miscellaneous, Other",,-0.27050579136560504,6.111111111111112,12.602961983047356,10.170183798502386,stable,strong_growth,strong_growth,strong_growth,ASIAS
20060420006749I,2.0,,VMC,Daylight,UNK,Unknown,Unknown,2006,4,"(-23) N821AY, CL-600-2B19, WAS BEING OPERATED BY PINNACLE AIRLINES AS NORTHWEST AIRLINK FLIGHT 4751. THE CREW DECLA

(-23) N821AY, CL-600-2B19, WAS BEING OPERATED BY PINNACLE AIRLINES AS NORTHWEST AIRLINK FLIGHT 4751. THE CREW DECLARED AN EMERGENCY ON APPROACH INTO OMAHA, NE., DUE TO A GEAR DISAGREEMENT MESSAGE. CONTRACT MAINTENANCE PINNED THE GEAR AND RETURNED THE AIRCRAFT TO SERVICE PER MEL 32-30-0. COMPANY MAINTENANCE PERSONNEL CLEARED THE MEL THE NEXT DAY BY REPLACING THE NOSE LANDING GEAR SELECTOR VALVE.",CNDAIR,CL6002B19,,"OPDEF, Other Than Pi;3234",,-0.27050579136560504,6.111111111111112,12.602961983047356,10.170183798502386,stable,strong_growth,strong_growth,strong_growth,ASIAS
20060419009349I,2.0,,VMC,Daylight,UNK,Unknown,5000+,2006,4,"(-23) DURING TAKE-OFF ROLL AT RDU, THE EGF646 CREW NOTED SMOKE IN THE CABIN AND COCKPIT. THE CAPTAIN ABORTED TAKE-O

(-23) DURING TAKE-OFF ROLL AT RDU, THE EGF646 CREW NOTED SMOKE IN THE CABIN AND COCKPIT. THE CAPTAIN ABORTED TAKE-OFF, EXITED RUNWAY 23R, AND ORDERED AN EVACUATION OF THE AIRCRAFT WHILE ON TAXIWAY C. 17 PASSENGERS AND 3 CREWMEMBERS WERE ON BOARD. THE FLIGHT ATTENDANT WAS THE ONLY INDIVIDUAL TO SUSTAIN MINOR INJURIES DURING THE EVACUATION, WHICH COMPRISED OF A SPRAINED ANKLE.",EMB,EMB135LR,,"OPDEF, Other Than Pi;7261",,-0.27050579136560504,6.111111111111112,12.602961983047356,10.170183798502386,stable,strong_growth,strong_growth,strong_growth,ASIAS
20060407009779I,2.0,,Unknown,Daylight,UNK,Other,Unknown,2006,4,"(-23) AIRCRAFT WAS PARKED AT GATE IN A DESIGNATED PARKING AREA. THE GATE WAS LOCATED ADJACENT TO AN ACTIVE SERVICE

(-23) AIRCRAFT WAS PARKED AT GATE IN A DESIGNATED PARKING AREA. THE GATE WAS LOCATED ADJACENT TO AN ACTIVE SERVICE DRIVE. PASSENGERS WERE IN THE PROCESS OF BOARDING THE AIRCRAFT. AN AIRPORT EMPLOYEE SHUTTLE BUS STRUCK THE LEFT REMOVABLE WINGTIP OF THE AIRCRAFT. THE BUS PUSHED THE AIRCRAFT FORWARD AND TO THE RIGHT. THE AIRCRAFT NOSEWHEELS WERE MOVED APPROXIMATELY THREE-FEET TO THE RIGHT OF THE DESIGNATED PARKING BLOCK. THE BUS SUSTAINED A BROKEN RIGHT-HAND WINDSHIELD. AN INSPECTION OF THE AIRCRAFT BY THIS INSPECTOR REVEALED NO STRUCTURAL DAMAGE TO THE LEFT WING - SPARS, RIBS, AND SKIN WERE UNDAMAGED. THE LEFT WINGTIP WAS SUBSTANTIALLY DAMAGED.",DOUG,DC931,,"Miscellaneous, Other;Fail Avd Objs Or Obs",,-0.27050579136560504,6.111111111111112,12.602961983047356,10.170183798502386,stable,strong_growth,strong_growth,strong_growth,ASIAS
20060412005639I,2.0,,VMC,Daylight,UNK,Unknown,Unknown,2006,4,"(-23) AIR CARRIER INCIDENT, PITTSBURGH INT'L AIRPORT, PA, 4/12/06 AT 1547E, PIEDMONT AIRLINES FLIGHT 4532, A DHC-8-

(-23) AIR CARRIER INCIDENT, PITTSBURGH INT'L AIRPORT, PA, 4/12/06 AT 1547E, PIEDMONT AIRLINES FLIGHT 4532, A DHC-8-102, N808EX, RETURNED TO LAND ON RUNWAY 28R AFTER REPORTING A NUMBER ONE HYDRAULIC SYSTEM FAILURE SHORTLY AFTER DEPARTURE. THE ARFF RESPONDED, AND THE AIRCRAFT TAXIED TO THE RAMP WITHOUT INCIDENT. PITTSBURGH BASED JET CARE MAINTENANCE DISCOVERED THAT IN ADDITION TO A HYDRAULIC FAILURE, THEY LOCATED UNDER FLAP WELL PANEL 532A AND B EVIDENCE OF A FIRE THAT MELTED SPACER BLOCKS AND PLASTIC ON WIRE BUNDLES. NTSB ^PRIVACY DATA^ WAS NOTIFIED AFTER THIS FINDING BY PIEDMONT AIRLINES PERSONNEL. PRELIMINARY FINDINGS INDICATE THAT A HYDRAULIC LINE LOCATED OVER THE NUMBER ONE ENGINE JET PIPE RUPTURED. FURTHER INVESTIGATION BY THE NTSB IS STILL BEING CONDUCTED AT THE PRESENT TIME. SUBMISSION OF THIS REPORT CLOSES THIS INCIDENT.",DHAV,DHC8102,,"OPDEF, Other Than Pi;2910",,-0.27050579136560504,6.111111111111112,12.602961983047356,10.170183798502386,stable,strong_growth,strong_growth,strong_growth,ASIAS
20060322011189I,2.0,,Unknown,Daylight,UNK,Unknown,Unknown,2006,3,"(-23) ON 03/22/06, AT APPROXIMATELY 1725, AIRCRAFT TOOKOFF FROM EWR ENROUTE TO ALB. WHILE IN-FLIGHT CREW HEARD AND

(-23) ON 03/22/06, AT APPROXIMATELY 1725, AIRCRAFT TOOKOFF FROM EWR ENROUTE TO ALB. WHILE IN-FLIGHT CREW HEARD AND FELT A LOUD VIBRATION FOLLOWED BY A BUZZING SOUND. CREW CONTACTED C2XA MAINTENANCE CONTROL TO TRY AND IDENTIFY THE PROBLEM. AT THIS POINT, MAINTENANCE CONTROL WAS INFORMED BY EWR PORT AUTHORITY THEY RECOVERED AN AIRCRAFT WHEEL ASSEMBLY FROM THE SIDE OF RUNWAY. CREW ELECTED TO CONTINUE WITH THE FLIGHT TO ALB. AFTER AN OVER FLY, IT WAS CONFIRMED BY ALB ATC THAT THE LEFT OUTBOARD MAIN WHEEL ASSEMBLY WAS MISSING. AFTER EXECUTING TWO ""GO-AROUNDS"", CREW DECLARED AN EMERGENCY AND LANDED ON RWY 28. AFTER TOUCHDOWN, AIRCRAFT CAME TO A COMPLETE STOP WITHOUT INCIDENT. ARFF RESPONDED, AND THE AIRCRAFT WAS TOWED TO THE RAMP WITHOUT FURTHER INCIDENT. THERE WAS NO INJURIES REPORTED.",EMB,EMB135ER,,"OPDEF, Other Than Pi;3246",,-1.0456508681569887,5.813953488372103,-0.6924020953702703,6.651797428496464,mild_decline,strong_growth,stable,strong_growth,ASIAS
20060309002569I,2.0,,VMC,Daylight,UNK,Unknown,Unknown,2006,3,"(-23) N37342, CL-600-2B19, WAS BEING OPERATED BY MESA AIRLINES AS UNITED AIRLINES EXPRESS FLIGHT 7299, BETWEEN CHIC

(-23) N37342, CL-600-2B19, WAS BEING OPERATED BY MESA AIRLINES AS UNITED AIRLINES EXPRESS FLIGHT 7299, BETWEEN CHICAGO, IL. AND LINCOLN, NE. DURING THE APPROACH TO LINCOLN THE CREW REPORTED TO ATC THAT THEY RECEIVED AN APU FIRE INDICATION LIGHT. CONTRACT MAINTENANCE WAS CALLED AND THEY DETERMINED THAT IT WAS AN APU FIRE INDICATION FAULT. THE CAUSE OF THE FALSE INDICATION WAS NOT DETERMINED.",CNDAIR,CL6002B19,,"OPDEF, Other Than Pi;2612",,-1.0456508681569887,5.813953488372103,-0.6924020953702703,6.651797428496464,mild_decline,strong_growth,stable,strong_growth,ASIAS
20060313011099A,2.0,,VMC,Unknown,UNK,Other,5000+,2006,3,"(-23) DURING OFF LOADING THE GROUND AGENT DROPPED A STROLLER WHILE DESCENDING A LADDER USED TO GAIN ACCESS TO THE C

(-23) DURING OFF LOADING THE GROUND AGENT DROPPED A STROLLER WHILE DESCENDING A LADDER USED TO GAIN ACCESS TO THE CARGO COMPARTMENT. THE STROLLER LANDED ON IT'S WHEELS AND WAS BLOWN UNDER THE FUSELAGE INTO THE ROTATING RIGHT HAND, NO. 2 PROPELLER, CAUSING DAMAGE TO THE PROPELLER AND AIRCRAFT FUSELAGE. NO INJURIES WERE INCURRED.",SAAB,340B,,"Miscellaneous, Other;Other, Miscellaneous",,-1.0456508681569887,5.813953488372103,-0.6924020953702703,6.651797428496464,mild_decline,strong_growth,stable,strong_growth,ASIAS
20060420009199I,2.0,,VMC,Unknown,UNK,Unknown,Unknown,2006,4,"(-23) ON 4/21/2006 AT 0030Z MESABA FLT 3438 REPORTED STRUCK BRAKE WHILE TAXIING TO RUNWAY 17 AT MINNEAPOLIS ST PAUL

(-23) ON 4/21/2006 AT 0030Z MESABA FLT 3438 REPORTED STRUCK BRAKE WHILE TAXIING TO RUNWAY 17 AT MINNEAPOLIS ST PAUL MN. THE AIRCRAFT BECAME IMMOBILE ON TAXIWAY.",BAC,AVRO146RJ85A,,"OPDEF, Other Than Pi;3246",,-0.27050579136560504,6.111111111111112,12.602961983047356,10.170183798502386,stable,strong_growth,strong_growth,strong_growth,ASIAS
20060405004369I,2.0,,VMC,Daylight,UNK,PIC,Unknown,2006,4,"(-23) AIRCREW WAS REMOVED FROM LINE FLYING AND MET WITH CHIEF PILOT AND THEN RECEIVED A LINE CHECK.

(-23) AIRCREW WAS REMOVED FROM LINE FLYING AND MET WITH CHIEF PILOT AND THEN RECEIVED A LINE CHECK.",CNDAIR,CL6002B19,,Pilot Induced;Blown Over By Strong,,-0.27050579136560504,6.111111111111112,12.602961983047356,10.170183798502386,stable,strong_growth,strong_growth,strong_growth,ASIAS
20060322003709I,2.0,,Unknown,Daylight,UNK,Unknown,Unknown,2006,3,"(-23) N519XJ, AVRO-146-RJ85A, WAS BEING OPERATED BY MESABA AIRLINES, AS NORTHWEST FLIGHT 3635, BETWEEN OMAHA, NE. A

(-23) N519XJ, AVRO-146-RJ85A, WAS BEING OPERATED BY MESABA AIRLINES, AS NORTHWEST FLIGHT 3635, BETWEEN OMAHA, NE. AND MINNEAPOLIS, MN. DURING TAKE OFF FROM OMAHA, THE OIL QUANTITY DROPPED TO ZERO ON THE NUMBER TWO ENGINE. THE CREW SHUT DOWN THE NUMBER TWO ENGINE AND RETURNED TO OMAHA. COMPANY MAINTENANCE REPLACED THE #2 ENGINE STARTER SHAFT SEAL.",BAC,AVRO146RJ85A,,"OPDEF, Other Than Pi;7261",,-1.0456508681569887,5.813953488372103,-0.6924020953702703,6.651797428496464,mild_decline,strong_growth,stable,strong_growth,ASIAS
20060412013339I,2.0,,VMC,Daylight,UNK,Unknown,5000+,2006,4,"(-23) AIR TURN BACK DUE TO SMOKE & FUMES IN THE COCKPIT. NO EMERGENCY EVACUATION OF PAX OR CREW. NO PAX INJURIES. A

(-23) AIR TURN BACK DUE TO SMOKE & FUMES IN THE COCKPIT. NO EMERGENCY EVACUATION OF PAX OR CREW. NO PAX INJURIES. AIRCREW WAS TRANSPORTED TO THE HOSPITAL FOR SMOKE INHALATION AND BLOOD CO POISON TESTING. TEST RESULTS WERE WITHIN THE NORMAL RANGE, AIRCREW WERE RELEASED. REXA MECHANIC FOUND THE LEFT ENGINE 10TH STAGE BLEED AIR LEAKING ENGINE OIL VAPORS INTO THE CABIN AIR SYSTEM.",CNDAIR,CL6002B19,,"OPDEF, Other Than Pi;7261",,-0.27050579136560504,6.111111111111112,12.602961983047356,10.170183798502386,stable,strong_growth,strong_growth,strong_growth,ASIAS
20060502023139I,2.0,,VMC,Daylight,UNK,Unknown,5000+,2006,5,"(-23) AIRCRAFT LANDED 22R AT ORD. AT INITIAL BRAKE APPLICATION AIRCRAFT BEGAN TO VEER TO THE RIGHT. THE AIRCRAFT EV

(-23) AIRCRAFT LANDED 22R AT ORD. AT INITIAL BRAKE APPLICATION AIRCRAFT BEGAN TO VEER TO THE RIGHT. THE AIRCRAFT EVENTUALLY DEPARTED THE RIGHT SIDE OF THE RUNWAY COMING TO REST IN THE GRASS APPROXIMATELY 2500 FT FROM THE DEPARTURE END OF THE RUNWAY.",EMB,EMB145LR,,Improper Maintenance;3240,,-0.7421405541603421,12.568306010928953,12.602961983047356,6.866267465069864,stable,strong_growth,strong_growth,strong_growth,ASIAS
20060430010269I,2.0,,IMC,Unknown,UNK,Unknown,Unknown,2006,4,"(-23) PER LOGPAGE #782783 CAPT REPORTED AIRCRAFT AUTOPILOT DISCONNECTED AT 13000 FEET DURING DESCENT. CREW HAD NO R

(-23) PER LOGPAGE #782783 CAPT REPORTED AIRCRAFT AUTOPILOT DISCONNECTED AT 13000 FEET DURING DESCENT. CREW HAD NO ROLL CONTROL. BOTH YOKES HELD FIRMLY. AFS OVERRIDE OFF AND STILL NO ROLL CONTROL. AFTER 3-4 MIN CONTROLS RELEASED. AIRCRAFT OPERATED WITHOUT AUTOPILOT TO LANDING. LANDED WITHOUT INCIDENT.",BOEING,717200,,"OPDEF, Other Than Pi;2215",,-0.27050579136560504,6.111111111111112,12.602961983047356,10.170183798502386,stable,strong_growth,strong_growth,strong_growth,ASIAS
20060405005649I,2.0,,Unknown,Daylight,UNK,Unknown,Unknown,2006,4,"(-23) ON APRIL 5, 2006, AT 1132 LOCAL TIME, FLIGHT 5749, WHILE ENROUTE FROM WICHITA KANSAS (ICT) TO MEMPHIS TENNESS

(-23) ON APRIL 5, 2006, AT 1132 LOCAL TIME, FLIGHT 5749, WHILE ENROUTE FROM WICHITA KANSAS (ICT) TO MEMPHIS TENNESSEE (MEM) THE FLIGHT CREW DECLARED AN EMERGENCY DUE TO SMOKE IN THE CABIN. THE FLIGHT CREW RETURNED TO ICT AND LANDED THE AIRCRAFT SAFELY. THE PASSENGERS WERE DEPLANED WITH NO INJURIES TO PERSONNEL, OR DAMAGE TO AIRCRAFT.",CNDAIR,CL6002B19,,"OPDEF, Other Than Pi;2170",,-0.27050579136560504,6.111111111111112,12.602961983047356,10.170183798502386,stable,strong_growth,strong_growth,strong_growth,ASIAS
20060430015329I,2.0,,VMC,Daylight,UNK,Unknown,Unknown,2006,4,"(-23) DURING THE TAKEOFF ROLL AT APPROXIMATELY 50 TO 60 KNOTS AIRSPEED A ""POP"" WAS HEARD FROM THE LEFT ENGINE AND A

(-23) DURING THE TAKEOFF ROLL AT APPROXIMATELY 50 TO 60 KNOTS AIRSPEED A ""POP"" WAS HEARD FROM THE LEFT ENGINE AND A SHARP YAWING MOMENT WAS EXPERIENCED. POWER WAS REDUCED AND THE TAKEOFF WAS ABORTED. THE AIRCRAFT WAS TAXIED OFF THE RUNWAY AND STOPPED. THE CREW NOTED HIGH ITT TEMPERATURE ALONG WITH LIGHT SMOKE COMING FROM THE LEFT ENGINE. THE ENGINE FIRE SHUTOFF WAS PULLED AND BOTH ENGINE FIRE EXTINGUISHERS WERE DISCHARGED AND EVACUATION WAS COMMENCED. EVACUATION WAS CONDUCTED WITHOUT INJURIES.",SAAB,340B,,"OPDEF, Other Than Pi;7250",,-0.27050579136560504,6.111111111111112,12.602961983047356,10.170183798502386,stable,strong_growth,strong_growth,strong_growth,ASIAS
20060305002619I,2.0,,Unknown,Daylight,UNK,Unknown,Unknown,2006,3,"(-23) ON MARCH 5, 2006, AT 1549, AIRCRAFT N906EV, FLIGHT NO. 4177, WHILE ENROUTE FROM ATLANTA, GEORGIA, (ATL) TO WI

(-23) ON MARCH 5, 2006, AT 1549, AIRCRAFT N906EV, FLIGHT NO. 4177, WHILE ENROUTE FROM ATLANTA, GEORGIA, (ATL) TO WICHITA, KANSAS, (ICT); THE FLIGHT CREW DECLARED AN EMERGENCY DUE TO NO FLAPS. THE AIRCRAFT RECEIVED A FLAP FAIL MESSAGE ON THE ICAS SCREEN. THE WICHITA FIRE UNITS RESPONDED TO THE EMERGENCY WHILE AIRCRAFT N906EV APPROACHED FOR LANDING. AIRCRAFT N906EV LANDED WITH NO FLAPS, BUT SAFELY AND NO FURTHER INCIDENT.",CNDAIR,CL6002B19,,"OPDEF, Other Than Pi;2750",,-1.0456508681569887,5.813953488372103,-0.6924020953702703,6.651797428496464,mild_decline,strong_growth,stable,strong_growth,ASIAS
20060622015359I,2.0,,Unknown,Daylight,UNK,Unknown,Unknown,2006,6,"(-23) WHILE AT THE GATE AND DURING PASSENGER BOARDING, GROUND PERSONNEL ADVISED FLIGHT CREW THAT THE CARGO BIN APPE

(-23) WHILE AT THE GATE AND DURING PASSENGER BOARDING, GROUND PERSONNEL ADVISED FLIGHT CREW THAT THE CARGO BIN APPEARED TO BE FILLING WITH SMOKE. FLIGHT CREW THEN NOTICED A SMELL AS IF SOMETHING WAS BURNING. ELECTRICAL POWER WAS TURNED OFF AND DISCONNECTED. PASSENGERS WERE DEPLANED.",SAAB,340B,,"OPDEF, Other Than Pi;2150",,-1.091598331508492,14.835164835164827,12.602961983047356,4.2563660966908445,mild_decline,strong_growth,strong_growth,mild_growth,ASIAS
20060617011669I,2.0,,VMC,Unknown,UNK,Unknown,Unknown,2006,6,"(-23) RECEIVED INFORMATION FROM DAILY REPORT IDENTIFYING THIS AIRCRAFT AS HAVING RETURNED TO SFO SHORTLY AFTER TAKE

(-23) RECEIVED INFORMATION FROM DAILY REPORT IDENTIFYING THIS AIRCRAFT AS HAVING RETURNED TO SFO SHORTLY AFTER TAKE-OFF DUE TO SMOKE INSIDE THE CABIN OR COCKPIT.",CNDAIR,CL6002C10,,"OPDEF, Other Than Pi;3320",,-1.091598331508492,14.835164835164827,12.602961983047356,4.2563660966908445,mild_decline,strong_growth,strong_growth,mild_growth,ASIAS
20060620013139I,2.0,,IMC,Daylight,UNK,Unknown,Unknown,2006,6,"(-23) RIGHT HAND INTAKE HOT LIGHT ANNUNCIATOR LIGHT ILLUMINATED WHILE IN FLIGHT FROM BEMIDJI (BJI) TO MINNEAPOLIS (

(-23) RIGHT HAND INTAKE HOT LIGHT ANNUNCIATOR LIGHT ILLUMINATED WHILE IN FLIGHT FROM BEMIDJI (BJI) TO MINNEAPOLIS (MSP). AIRCRAFT RETURNED TO BJI. INLET HEAT WAS DEFFERED UNDER MEL 30-20-1-1(B). RIGHT HAND INLET WAS REPLACED UPON ARRIVAL AT MSP MAINTENANCE BASE. SDR SUBMITTED BY AIR CARRIER.",SAAB,340B,,"OPDEF, Other Than Pi;3020",,-1.091598331508492,14.835164835164827,12.602961983047356,4.2563660966908445,mild_decline,strong_growth,strong_growth,mild_growth,ASIAS
20060509006759I,2.0,,Unknown,Daylight,UNK,Unknown,Unknown,2006,5,"(-23) ON FLIGHT 4518 (PIT-AVP) ABOUT 10 MIN. AFTER DEPARTURE THE CREW STARTED GETTING SMOKE IN THE COCKPIT FROM WHA

(-23) ON FLIGHT 4518 (PIT-AVP) ABOUT 10 MIN. AFTER DEPARTURE THE CREW STARTED GETTING SMOKE IN THE COCKPIT FROM WHAT THEY DESCRIBED AS THE WINDSHIELD AREA. THEY FOLLOWED NORMAL PROCEDURES BY DONNING THEIR O2 MASK, THE CAPTAIN THEN TOOK OVER AS PILOT FLYING. THE CREW DECLARED AN EMERGENCY AND ASKED PIT APPROACH FOR THE NEAREST SUITABLE AIRPORT. THE CREW DIVERTED INTO LATROBE, PA (LBE) AND LANDED SAFELY AROUND 9:00 AM LOCAL. CRASH FIRE AND RESCUE WAS THERE TO MEET THE PLANE, AND THE PASSENGERS DEPLANED ON THE TAXIWAY USING THE AIRSTAIR DOOR. ONCE THE AIRCRAFT WAS SHUT DOWN, THE SMOKE WENT AWAY. THERE WAS NO EVIDENCE OF A FIRE REPORTED BY THE CREW.",DHAV,DHC8102,,"OPDEF, Other Than Pi;3040",,-0.7421405541603421,12.568306010928953,12.602961983047356,6.866267465069864,stable,strong_growth,strong_growth,strong_growth,ASIAS
20060608028149A,2.0,,Unknown,Daylight,UNK,Other,5000+,2006,6,"(-23) WORK WAS BEING ACCOMPLISHED ON THE TAXIWAY THE NIGHT BEFORE THE INCIDENT. WORK AREA WAS COVERED WITH A LIGHTW

(-23) WORK WAS BEING ACCOMPLISHED ON THE TAXIWAY THE NIGHT BEFORE THE INCIDENT. WORK AREA WAS COVERED WITH A LIGHTWEIGHT METAL PLATE DURING THE DAYTIME AIRPORT OPERATIONS. AS THE AIRCRAFT TAXIED OUT FOR DEPARTURE, THE PLATE WAS LIFTED UP BY THE EXHAUST OF THE AIRCRAFT'S ENGINE, AND STRUCK THE R/H HORIZONTAL STABILIZER.",BOEING,737322,,"Miscellaneous, Other;Other, Miscellaneous",,-1.091598331508492,14.835164835164827,12.602961983047356,4.2563660966908445,mild_decline,strong_growth,strong_growth,mild_growth,ASIAS
20060617010579I,2.0,,VMC,Daylight,UNK,Unknown,Unknown,2006,6,"(-23) DURING DEPARTURE FROM STT TO CHARLOTTE (NORTH CAROLINA), RIGHT ENGINE FAILED. CREW REPORTED A LOUD BANG FOLLO

(-23) DURING DEPARTURE FROM STT TO CHARLOTTE (NORTH CAROLINA), RIGHT ENGINE FAILED. CREW REPORTED A LOUD BANG FOLLOWED BY HIGH EGT INDICATION AND COMPRESSOR SPEED DECREASE. CREW DIVERTED THE AIRCRAFT TO SAN JUAN AND LANDED SAFELY. PRELIMINARY INSPECTION FINDINGS OF THE INCIDENT: MAINTENANCE PERSONNEL (CONTRACTOR) FOUND A PIECE OF THE TURBO FAN BLADES SEPARATOR (FILLET) STUCK BETWEEN THE BLADES AND THE COWLING. TURBO FAN BLADES WERE DAMAGED. ENGINE REQUIRED REMOVAL.",BOEING,757225,,"OPDEF, Other Than Pi;7230",,-1.091598331508492,14.835164835164827,12.602961983047356,4.2563660966908445,mild_decline,strong_growth,strong_growth,mild_growth,ASIAS
20060530010479A,2.0,,VMC,Unknown,UNK,Unknown,5000+,2006,5,"(-23) ON FINAL APPROACH INTO IAD, FLIGHT CREW SELECTED GEAR DOWN WITH THE MAIN LANDING GEAR EXTENDING AND THE NOSE

(-23) ON FINAL APPROACH INTO IAD, FLIGHT CREW SELECTED GEAR DOWN WITH THE MAIN LANDING GEAR EXTENDING AND THE NOSE LANDING GEAR REMAINED IN THE UP/RETRACTED POSITION. FLIGHT CREW PERFORMED AN EMERGENCY LANDING WITH THE NOSE LANDING GEAR IN THE UP POSITION. FLIGHT CREW AND PASSENGERS CONDUCTED AN EMERGENCY EVACUATION ON THE RUNWAY.",EMB,ERJ170100SE,,"OPDEF, Other Than Pi;3200",,-0.7421405541603421,12.568306010928953,12.602961983047356,6.866267465069864,stable,strong_growth,strong_growth,strong_growth,ASIAS
20060521009329I,2.0,,Unknown,Daylight,UNK,Unknown,2000-5000,2006,5,"(-23) AIRCRAFT DEPARTED SOUTH ANDROS AIRPORT BAHAMAS (SAQ) TO FT LAUDERDALE INTERNATIONAL AIRPORT (FLL). AIRCRAFT W

(-23) AIRCRAFT DEPARTED SOUTH ANDROS AIRPORT BAHAMAS (SAQ) TO FT LAUDERDALE INTERNATIONAL AIRPORT (FLL). AIRCRAFT WAS ON FINAL AND NOTICED THAT THE RIGHT GEAR INDICATOR LIGHT WAS NOT ON AND THE WARNING HORN HAD SOUNDED. THE CREW ATTEMPTED ALL PROCEDURES TO ATTEMPT TO GET THE RIGHT GEAR TO LOCK DOWN TO NO SUCCESS. THE AIRCRAFT LANDED SAFELY WITH THE RIGHT GEAR COLLAPSED.",BEECH,1900D,,"OPDEF, Other Than Pi;3230",,-0.7421405541603421,12.568306010928953,12.602961983047356,6.866267465069864,stable,strong_growth,strong_growth,strong_growth,ASIAS
20060608009889I,2.0,,VMC,Daylight,UNK,Unknown,Unknown,2006,6,"(-23) ON JUNE 8, 2006 DELTA AIRLINES FLT 1571A MD-88 ADVISED ATC OF NUMBER ONE ENGINE FAILURE DUE TO A LOUD BANG AN

(-23) ON JUNE 8, 2006 DELTA AIRLINES FLT 1571A MD-88 ADVISED ATC OF NUMBER ONE ENGINE FAILURE DUE TO A LOUD BANG AND VIBRATION DURING CLIMB AT 8000 FT. THE NUMBER ONE ENGINE WAS SHUT DOWN AND AN EMERGENCY WAS DECLARED. WITH EMERGENCY EQUIPMENT STANDING BY THE A/C LANDED WITHOUT INCIDENT. MAINTENANCE CONCLUDED THAT THE NUMBER ONE ENGINE HAD FAILED AND HAS BEGUN THE ENGINE REPLACEMENT PROCESS. INCIDENT ^PRIVACY DATA OMITTED^ IS CONSIDERED CLOSED.",DOUG,MD88,,"OPDEF, Other Than Pi;7200",,-1.091598331508492,14.835164835164827,12.602961983047356,4.2563660966908445,mild_decline,strong_growth,strong_growth,mild_growth,ASIAS
20060525022039I,2.0,,Unknown,Daylight,UNK,Unknown,2000-5000,2006,5,"(-23) TAXIING INTO TAKEOFF POSITION, AIR WISCONSIN FLT 3647, WHILE AT PHL, ENCOUNTERED AN APU FIRE WARNING LIGHT. T

(-23) TAXIING INTO TAKEOFF POSITION, AIR WISCONSIN FLT 3647, WHILE AT PHL, ENCOUNTERED AN APU FIRE WARNING LIGHT. THE CREW SHUT OFF THE APU, LEFT THE RUNWAY. AFTER COMPLETING THE QRH FIRE PROCEDURE, THE FIRE LIGHT EXTINGUISHED. TOWER ALERTED THE CRASH RESCUE CREW WHO AFTER ARRIVING AT THE SCENE, RECOMMENDED EVACUATION. HALON WAS SPRAYED INTO THE ENGINE BY THE FIRE FIGHTING PERSONNEL. EVACUATION DETAILS IAW HB 8020.11B: 1. REASON FOR EVACUATION - APU FIRE. 2. INITIATED BY FLIGHT CREW. 3. MAIN EXIT USED - (CL-65 DOES NOT HAVE SIDES). 4. MALFUNCTIONING DOORS SLIDER - N/A. 5. MAIN EXIT USED BY ALL. 6. ESTIMATED EVACUATION - 80 SECONDS. 7. NO INJURIES.",CNDAIR,CL6002B19,,"OPDEF, Other Than Pi;4920",,-0.7421405541603421,12.568306010928953,12.602961983047356,6.866267465069864,stable,strong_growth,strong_growth,strong_growth,ASIAS
20060610010719I,2.0,,VMC,Unknown,UNK,Unknown,Unknown,2006,6,"(-23) UPON LANDING DENVER, COLORADO (DEN) AIRPORT THE LEFT MAIN BRAKE ASSEMBLY OVERHEATED AND CAUGHT ON FIRE. OUTBO

(-23) UPON LANDING DENVER, COLORADO (DEN) AIRPORT THE LEFT MAIN BRAKE ASSEMBLY OVERHEATED AND CAUGHT ON FIRE. OUTBOARD LEFT MAIN TIRE BLEW, FUSE PLUGS BLEW, STRUT SUSTAINED HIGH HEAT. AIRCRAFT WAS TAXIED TO RAMP AREA, WHERE THE DEN FIRE DEPARTMENT EXTINGUISHED THE FIRE AND THE PASSENGERS AND CREW WERE THEN DEPLANED OUT THE REAR STAIRS. THERE WERE NO INJURIES.",DOUG,MD9030,,"OPDEF, Other Than Pi;3242",,-1.091598331508492,14.835164835164827,12.602961983047356,4.2563660966908445,mild_decline,strong_growth,strong_growth,mild_growth,ASIAS
20060616015409I,2.0,,IMC,Night,UNK,Unknown,Unknown,2006,6,"(-23) SUPPLEMENTAL AIRCONDITIONING MOTOR OVERHEATED. AIRCARRIER SUBMITTED SDR.

(-23) SUPPLEMENTAL AIRCONDITIONING MOTOR OVERHEATED. AIRCARRIER SUBMITTED SDR.",SAAB,340B,,"OPDEF, Other Than Pi;2150",,-1.091598331508492,14.835164835164827,12.602961983047356,4.2563660966908445,mild_decline,strong_growth,strong_growth,mild_growth,ASIAS
20060619021609I,2.0,,Unknown,Daylight,UNK,Unknown,Unknown,2006,6,"(-23) ON 6/19/2006, EXPRESSJET FLIGHT 2075 ENROUTE FROM BUFFALO TO NEWARK STARTED AN INITIAL DESCENT WHEN APPROXIMA

(-23) ON 6/19/2006, EXPRESSJET FLIGHT 2075 ENROUTE FROM BUFFALO TO NEWARK STARTED AN INITIAL DESCENT WHEN APPROXIMATELY 25NM SOUTH OF ALBANY, NY THE PILOTS BEGAN TO SMELL A BURNING ODOR AND SAW SMOKE COMING FROM THE BOTTOM OF #2 WINDSCREEN. THE CAPTAIN DESELECTED THE WINDSHIELD 1 AND 2 HEAT AND THE SMOKE STOPPED. THE CREW CONTINUED TO RUN EMERGENCY PROCEDURES FROM THE QUICK REFERENCE HANDBOOK, SECTION 11. THE CREW NOTIFIED ATC OF THE CONDITION AND REQUESTED A VECTOR TO ALBANY AIRPORT (ALB). AN UNEVENTFUL LANDING WAS MADE ON RUNWAY 19 AND THE AIRCRAFT TAXIED TO THE GATE FOR NORMAL PASSENGER DEPLANING. MAINTENANCE INVESTIGATED THE CAUSES OF THE SMOKE AND FOUND THE #2 WINDSCREEN ELECTRICAL TERMINAL BLOCK CHARDED WITH DAMAGE TO THE WIRE AND TERMINAL. A MAINTENANCE TEAM WAS DISPATCHED TO THE AIRCRAFT TO REPLACE THE #2 WINDSCREEN. THIS MATTER CLOSED.",EMB,EMB145LR,,"OPDEF, Other Than Pi;3040",,-1.091598331508492,14.835164835164827,12.602961983047356,4.2563660966908445,mild_decline,strong_growth,strong_growth,mild_growth,ASIAS
20060619023239I,2.0,,VMC,Daylight,UNK,Unknown,Unknown,2006,6,"(-23) THE CREW DIVERTED AND LANDED ON RUNWAY 24 DUE TO A LOSS OF CABIN PRESSURIZATION DURING CRUISE FLIGHT. MAINTEN

(-23) THE CREW DIVERTED AND LANDED ON RUNWAY 24 DUE TO A LOSS OF CABIN PRESSURIZATION DURING CRUISE FLIGHT. MAINTENANCE PERSONNEL DETERMINED THAT A PRESSURIZATION CONTROLLER WAS DEFECTIVE.",CNDAIR,CL6002C10,,"OPDEF, Other Than Pi;2131",,-1.091598331508492,14.835164835164827,12.602961983047356,4.2563660966908445,mild_decline,strong_growth,strong_growth,mild_growth,ASIAS
20060517009699I,2.0,,VMC,Daylight,UNK,Unknown,Unknown,2006,5,"(-23) WHILE FLYING TO LAX, THE NUMBER 2 ENGINE STALLED MULTIPLE TIMES AT AIRSPEED 270 @ 20,000 FT. THE CREW DECLARE

(-23) WHILE FLYING TO LAX, THE NUMBER 2 ENGINE STALLED MULTIPLE TIMES AT AIRSPEED 270 @ 20,000 FT. THE CREW DECLARED AN EMERGENCY, RETARDED THE #2 ENGINE TO IDLE, AND DIVERTED TO ONT. DURING DESCENT, THE ENGINE EXPERIENCED ANOTHER STALL. THE CREW KEPT THE ENGINE IN IDLE AND LANDED SAFELY. JETBLUE MAINTENANCE DISPATCHED FROM LONG BEACH AIRPORT. THEY BORESCOPED THE #2 ENGINE AND FOUND THE HIGH PRESSURE COMPRESSOR BLADES, STAGES 8 THROUGH 12, WORN BEYOND LIMITS. THE ENGINE WAS REMOVED AND REPLACED. ENGINE OPS CHECK OK.",AIRBUS,A320232,,"OPDEF, Other Than Pi;7230",,-0.7421405541603421,12.568306010928953,12.602961983047356,6.866267465069864,stable,strong_growth,strong_growth,strong_growth,ASIAS
20060513009679I,2.0,,IMC,Daylight,UNK,Unknown,Unknown,2006,5,"(-23) THE AFT CARGO DOOR WARNING LIGHT ILLUMINATED DURING THE FLIGHT FROM DEN TO ONT. THE AIRCRAFT LANDED AT ONT OK

(-23) THE AFT CARGO DOOR WARNING LIGHT ILLUMINATED DURING THE FLIGHT FROM DEN TO ONT. THE AIRCRAFT LANDED AT ONT OK. CONTRACT MAINTENANCE DISCOVERED THE AFT CARGO DOOR LOCK ACCESS PANEL MISSING. THERE WAS DAMAGE TO THE AFT DOOR STRINGER, 2 BRACKETS MISSING, TWO DAMAGED BRACKES, AND SEVERAL MISSING FASTENERS. COMPANY MAINTENANCE FROM LAX DISPATCHED TO REPAIR/REPLACE BRACKETS AND INSTALL NEW DOR PANEL.",AIRBUS,A320232,,Improper Maintenance;5330,,-0.7421405541603421,12.568306010928953,12.602961983047356,6.866267465069864,stable,strong_growth,strong_growth,strong_growth,ASIAS
20060620015669I,2.0,,VMC,Daylight,UNK,Unknown,Unknown,2006,6,"(-23) ON APPROACH INTO MINNEAPOLIS SAINT PAUL AIRPORT FLAPS FAILED AT 23 DEGREES. AIRCRAFT LANDED SAFELY WITHOUT FU

(-23) ON APPROACH INTO MINNEAPOLIS SAINT PAUL AIRPORT FLAPS FAILED AT 23 DEGREES. AIRCRAFT LANDED SAFELY WITHOUT FURTHER INCIDENT. MAINTENANCE WAS PERFORMED BY PINNACLE AIRLINE TECHNICIANS AND AIRCRAFT CONTINUED SERVICE.",CNDAIR,CL6002B19,,"OPDEF, Other Than Pi;2750",,-1.091598331508492,14.835164835164827,12.602961983047356,4.2563660966908445,mild_decline,strong_growth,strong_growth,mild_growth,ASIAS
20060618013309I,2.0,,Unknown,Daylight,UNK,Unknown,Unknown,2006,6,"(-23) ON JUNE 18, 2006, PINNACLE AIRLINES FLIGHT 2826, AT 1455 LOCAL TIME, AIRCRAFT N8775A WHILE ENROUTE FROM MINNE

(-23) ON JUNE 18, 2006, PINNACLE AIRLINES FLIGHT 2826, AT 1455 LOCAL TIME, AIRCRAFT N8775A WHILE ENROUTE FROM MINNEAPOLIS MINNESOTA, TO OKLAHOMA CITY, DIVERTED TO WICHITA KANSAS, BECAUSE OF HYDRAULIC PROBLEMS. THE PILOT REPORT STATES THAT THE AIRCRAFT WAS APPROXIMATELY 80 MILES OUTSIDE OF WICHITA, KANSAS WHEN INSTRUMENTS IN THE AIRCRAFT ALERTED THE CREW THAT THEY HAD HYDRAULIC FAILURE. THE FLIGHT CREW ALERTED THE WICHITA, KANSAS AIR TRAFFIC CONTROL TOWER OF THE HYDRAULIC PROBLEMS THEY WERE HAVING, AND THAT THEY WERE GOING TO DIVERT TO THE WICHITA KANSAS, MID-CONTINENT AIRPORT TO LAND. THE CONTROL TOWER DECLARED AN EMERGENCY FOR FLIGHT 2826 AND EMERGENCY VEHICLES WERE DISPATCHED. THE AIRCRAFT LANDED SAFELY ON RUNWAY 1R AND TAXIED TO GATE 2 UNDER ITS OWN POWER. THE PILOT REPORTED THAT THE ONLY FLIGHT CONTROLS LOST DURING THE INCIDENT WERE THE OUTBOARD BRAKES WHICH LENGTHEN RUNWAY ROLLOUT DISTANCE.",CNDAIR,CL6002B19,,"OPDEF, Other Than Pi;2910",,-1.091598331508492,14.835164835164827,12.602961983047356,4.2563660966908445,mild_decline,strong_growth,strong_growth,mild_growth,ASIAS
20060524007919I,2.0,,VMC,Daylight,UNK,Unknown,Unknown,2006,5,"(-23) CREW REPORTED SMOKE IN THE COCKPIT, AIRCRAFT LANDED WITHOUT INCIDENT. ALL PASSENGERS WERE DEPLANED ON TAXIWAY

(-23) CREW REPORTED SMOKE IN THE COCKPIT, AIRCRAFT LANDED WITHOUT INCIDENT. ALL PASSENGERS WERE DEPLANED ON TAXIWAY 32 THROUGH THE MAIN CABIN DOOR, NO EMERGENCY EXITS WERE USED. CHQA MAINTENANCE FOUND THE RELAY PANEL ON THE RIGHT SIDE OF THE COCKPIT, JUST AFT OF THE COPILOT HAD RELAYS. DURING THE INVESTIGATION THE PILOT STATED THAT AT THE OUTER MARKER PITOT 3 FAILED. THE PITOT 3 HEATING RELAY WAS AT THE BOTTOM OF THE SECTION OF BURNED RELAYS.",EMB,EMB145LR,,"OPDEF, Other Than Pi;3030",,-0.7421405541603421,12.568306010928953,12.602961983047356,6.866267465069864,stable,strong_growth,strong_growth,strong_growth,ASIAS
20060610010729I,2.0,,Unknown,Daylight,UNK,Unknown,Unknown,2006,6,"(-23) AFTER TAKEOFF SLC-LAS, CREW REPORTED THE POSSIBILITY OF A MAIN LANDING GEAR WHEEL DEPARTING THE AIRCRAFT. FLY

(-23) AFTER TAKEOFF SLC-LAS, CREW REPORTED THE POSSIBILITY OF A MAIN LANDING GEAR WHEEL DEPARTING THE AIRCRAFT. FLY BY AT LAS CONFIRMED RIGHT MLG #4 WHEEL ASSEMBLY MISSING. AIRCRAFT LANDED SAFELY AT LAS AND WITHOUT FURTHER INCIDENT.",DOUG,MD9030,,"OPDEF, Other Than Pi;3244",,-1.091598331508492,14.835164835164827,12.602961983047356,4.2563660966908445,mild_decline,strong_growth,strong_growth,mild_growth,ASIAS
20060801015569I,2.0,,Unknown,Daylight,UNK,Unknown,Unknown,2006,8,"(-23) ON AUGUST 01, 2006, DELTA FLIGHT NUMBER 188, AIRCRAFT N3736C, WHILE ENROUTE FROM NEW YORK, NY, (JFK) TO SAN F

(-23) ON AUGUST 01, 2006, DELTA FLIGHT NUMBER 188, AIRCRAFT N3736C, WHILE ENROUTE FROM NEW YORK, NY, (JFK) TO SAN FRANCISCO, CA, (SFO), THE FLIGHT CREW REPORTED THAT THE NUMBER 1 ENGINE OIL GAUGES INDICATED THE LOSS OF OIL QUANTITY AND OIL PRESSURE. THE FLIGHT CREW DIVERTED THE AIRCRAFT TO WICHITA, KS, MID-CONTINENT AIRPORT (ICT) AT 1054 LOCAL TIME, AND DECLARED AN EMERGENCY AFTER SHUTTING DOWN THE NUMBER ONE ENGINE. THE AIRCRAFT WAS LANDED WITH NO FURTHER INCIDENT OR INJURY TO PERSONNEL.",BOEING,737832,,"OPDEF, Other Than Pi;7261",,-0.03724251726014982,3.8834951456310662,0.12951283877566944,1.0708504544888475,stable,mild_growth,stable,mild_growth,ASIAS
20060707014229A,2.0,,Unknown,Daylight,UNK,PIC,Unknown,2006,7,"(-23) FLIGHT DEPARTED JACKSONVILLE FLORIDA AND ON DESCENT TO DENVER COLORADO ENCOUNTERED TURBULENCE OVER THE MOUNTA

(-23) FLIGHT DEPARTED JACKSONVILLE FLORIDA AND ON DESCENT TO DENVER COLORADO ENCOUNTERED TURBULENCE OVER THE MOUNTAINS. ONE PASSENGER SUSTAINED A BROKEN ANKLE. THE PILOT OF THE FLIGHT CONTACTED AIR TRAFFIC CONTROL AND REQUESTED PRIORITY HANDLING TO DENVER DUE TO THE INJURED PASSENGER. THE AIRCRAFT LANDED IN DENVER WITHOUT INCIDENT.",AIRBUS,A319131,,"Miscellaneous, Other;Other, Miscellaneous",,-1.0942255276262136,9.947643979057608,0.12951283877566944,5.202669303015317,mild_decline,strong_growth,stable,strong_growth,ASIAS
20060707013689I,2.0,,Unknown,Daylight,UNK,Unknown,Unknown,2006,7,"(-23) THE AIRCRAFT LANDED ON RUNWAY 10L AFTER REPORTING AN UNSPECIFIED MECHANICAL PROBLEM WHILE INBOUND. THE ARFF R

(-23) THE AIRCRAFT LANDED ON RUNWAY 10L AFTER REPORTING AN UNSPECIFIED MECHANICAL PROBLEM WHILE INBOUND. THE ARFF RESPONDED AND THE AIRCRAFT TAXIED TO THE RAMP WITHOUT INCIDENT. THE FLIGHT WAS ON CLIMBOUT FROM KPIT ENROUTE TO KHGR.",BEECH,1900D,,"OPDEF, Other Than Pi;5751",,-1.0942255276262136,9.947643979057608,0.12951283877566944,5.202669303015317,mild_decline,strong_growth,stable,strong_growth,ASIAS
20060706013349I,2.0,,VMC,Daylight,UNK,Unknown,Unknown,2006,7,"(-23) ON JULY 6, 2006 NORTHWEST AIRLINES FLIGHT 1752, A DC-9-31, LOST THE NUMBER TWO ENGINE UPPER SIDE COWLING ON C

(-23) ON JULY 6, 2006 NORTHWEST AIRLINES FLIGHT 1752, A DC-9-31, LOST THE NUMBER TWO ENGINE UPPER SIDE COWLING ON CLIMB OUT FROM KANSAS CITY INTERNATIONAL AIRPORT (MCI). A WITNESS REPORTED ""SEEING SOMETHING FALLING OFF A SILVER AIRPLANE"" AT APPROX 10:00 AM. THE FLIGHT WAS MET IN DETROIT TO CONFIRM THE MISSING COWLING. THE PART WAS LOCATED IN KANSAS CITY, MO ON JULY 7, 2006. MAINTENANCE HAD BEEN CONDUCTED ON THE AIRCRAFT ON JULY 5, 2006, THE DAY BEFORE THIS INCIDENT OCCURRED. THE NWA AIRCRAFT MAINTENANCE LOG, PAGE 3533821, SHOWED WORK WAS PERFORMED ON THE NUMBER 2 ENGINE, BUT DID NOT SHOW THE CLOSING AND SECURING OF THE ENGINE SIDE COWL. THE NORTHWEST AIRLINES (NWAA) CMO WILL CONDUCT THE ENFORCEMENT INVESTIGATION. INCIDENT ^PRIVACY DATA OMITTED^ IS CONSIDERED CLOSED.",DOUG,DC931,,Improper Maintenance;7110,,-1.0942255276262136,9.947643979057608,0.12951283877566944,5.202669303015317,mild_decline,strong_growth,stable,strong_growth,ASIAS
20060701017499I,2.0,,Unknown,Daylight,UNK,CoPilot,Unknown,2006,7,"(-23) AIRTRAN (TRS) FLIGHT 263 FROM TPA-FNT DIVERTED INTO ATLANTA (ATL) DUE TO AN INCAPACITATED FIRST OFFICER. WHIL

(-23) AIRTRAN (TRS) FLIGHT 263 FROM TPA-FNT DIVERTED INTO ATLANTA (ATL) DUE TO AN INCAPACITATED FIRST OFFICER. WHILE IN CRUISE FIRST OFFICER COMPLAINED SHE HAD A STOMACH ACHE AND NEEDED TO USE THE LAVATORY. THE LEAD FLIGHT ATTENDANT INFORMED THE CAPTAIN A REGISTERED NURSE WAS WITH THE FIRST OFFICER, AND SHE COULD NOT RETURN TO THE COCKPIT. THE CAPTAIN DECLARED A MEDICAL EMERGENCY, INFORMED ATC HE WAS SINGLE PILOT STATUS AND NEEDED TO DIVERT TO ATLANTA. THE AIRPLANE LANDED SAFELY AND TAXIED TO THE GATE WITHOUT FURTHER INCIDENT. PARAMEDICS MET THE AIRCRAFT WHERE THE FIRST OFFICER WAS REMOVED AND TAKEN TO THE HOSPITAL FOR EVALUATION.",BOEING,717200,,"Miscellaneous, Other;Pilot Incap Excludes",,-1.0942255276262136,9.947643979057608,0.12951283877566944,5.202669303015317,mild_decline,strong_growth,stable,strong_growth,ASIAS
20060626012369I,2.0,,Unknown,Daylight,UNK,Unknown,Unknown,2006,6,"(-23) LAS-DTW, RETURNED TO LAS DUE TO A PRESSURIZATION PROBLEM AND THAT 12 PAX HAD HEAT AND EAR INJURIES. NTSB DETE

(-23) LAS-DTW, RETURNED TO LAS DUE TO A PRESSURIZATION PROBLEM AND THAT 12 PAX HAD HEAT AND EAR INJURIES. NTSB DETERMINED INJURIES TO BE MINOR AND LATER CONFIRMED BY NWAA TO BE MINOR.",BOEING,757251,,"OPDEF, Other Than Pi;2150",,-1.091598331508492,14.835164835164827,12.602961983047356,4.2563660966908445,mild_decline,strong_growth,strong_growth,mild_growth,ASIAS
20060702021959I,2.0,,VMC,Daylight,UNK,Unknown,Unknown,2006,7,"(-23) THE CREW OBSERVED THAT THE NOSE GEAR WOULD NOT LOCK IN THE UP RETRACTED POSITION AFTER TAKEOFF. THE CREW RETU

(-23) THE CREW OBSERVED THAT THE NOSE GEAR WOULD NOT LOCK IN THE UP RETRACTED POSITION AFTER TAKEOFF. THE CREW RETURNED TO RUNWAY 33 WITHOUT FURTHER INCIDENT. MAINTENANCE PERSONNEL DETERMINED THAT THE NOSE GEAR DRAG LINK ACTUATOR WAS DEFECTIVE. THE ACTUATOR WAS REPLACED ALONG WITH THE RELAY THAT CONTROLS THE UP LOCK ACTUATOR.",DHAV,DHC8311,,"OPDEF, Other Than Pi;3230",,-1.0942255276262136,9.947643979057608,0.12951283877566944,5.202669303015317,mild_decline,strong_growth,stable,strong_growth,ASIAS
20060806016639I,2.0,,Unknown,Daylight,UNK,Unknown,Unknown,2006,8,"(-23) AFTER TOUCH DOWN IN MEMPHIS, AIRCRAFT BLEW THE RECAP OFF OF THE #3 TIRE. THE RECAP TORE A LARGE HOLE IN THE I

(-23) AFTER TOUCH DOWN IN MEMPHIS, AIRCRAFT BLEW THE RECAP OFF OF THE #3 TIRE. THE RECAP TORE A LARGE HOLE IN THE INBOARD FLAP & BENT ATTACH POINT. AIRCRAFT WAS FERRIED TO TULSA FOR REPAIRS.",DOUG,DC982,,"OPDEF, Other Than Pi;3244",,-0.03724251726014982,3.8834951456310662,0.12951283877566944,1.0708504544888475,stable,mild_growth,stable,mild_growth,ASIAS
20061003028389I,2.0,,Unknown,Daylight,UNK,PIC,Unknown,2006,10,"(-23) MESABA FLIGHT 3177 STRUCK SEVERAL BIRDS ON TAKEOFF FROM FNT. BIRDS INGESTED IN RIGHT ENGINE, RIGHT SIDE OF AI

(-23) MESABA FLIGHT 3177 STRUCK SEVERAL BIRDS ON TAKEOFF FROM FNT. BIRDS INGESTED IN RIGHT ENGINE, RIGHT SIDE OF AIRCRAFT, LEFT WING AND PROP AND NOSE OF AIRCRAFT. CONTINUED TO DTW, LANDED WITHOUT INCIDENT AND TAXIED TO GATE. AIRCRAFT MOVED TO HANGAR. INVESTIGATION SHOWED RIGHT PITOT TUBE DAMAGE, EVIDENCE OF BIRD INGESTION RIGHT ENGINE, BORESCOPE INSPECTION IN WORK.",SAAB,340B,,"Miscellaneous, Other;Struck Birds In Flig",,0.3460213402135981,-9.04761904761906,-6.091730185200406,-9.209444379184761,stable,strong_decline,strong_decline,strong_decline,ASIAS
20060814016769I,2.0,,VMC,Unknown,UNK,PIC,Unknown,2006,8,"(-23) ON AUGUST 15, 2006 AT 0053 UTC, AMERICAN AIRLINES MD-83 N434AA, FLIGHT 1124 ENROUTE FROM CHICAGO, IL (KORD) T

(-23) ON AUGUST 15, 2006 AT 0053 UTC, AMERICAN AIRLINES MD-83 N434AA, FLIGHT 1124 ENROUTE FROM CHICAGO, IL (KORD) TO NEW ORLEANS, LA (KMSY) ENCOUNTERED REPORTEDLY SEVERE TURBULENCE NEAR THE FARMINGTON VORTAC (FAM) AT FL320. THE AIRCRAFT DIVERTED TO ST. LOUIS, MO (KSTL). THE AIRCRAFT RECEIVED MINOR DAMAGE FROM A BEVERAGE CART IMPACTING THE CABIN CEILING. TWO FLIGHT ATTENDANTS AND TWO PASSENGERS RECEIVED MINOR INJURIES. THE PASSENGERS WERE TREATED BY PARAMEDICS AT KSTL AND RELEASED. THE FLIGHT ATTENDANTS WERE TREATED AT A LOCAL HOSPITAL AND RELEASED. THE MOST SERIOUS INJURY WAS A CHIPPED TOOTH ON ONE OF THE FLIGHT ATTENDANTS. THE CEILING PANEL WAS REPAIRED WITH EPOXY. A STRUCTURAL INSPECTION WAS ACCOMPLISHED IAW GMM WITH NO FINDINGS. THE NTSB WAS CONTACTED AND THEY DECLINED INVOLVEMENT. THIS INVESTIGATION CLOSED AS OF 08-16-2006.",DOUG,DC983,,"Miscellaneous, Other;Other, Miscellaneous",,-0.03724251726014982,3.8834951456310662,0.12951283877566944,1.0708504544888475,stable,mild_growth,stable,mild_growth,ASIAS
20060927029399I,2.0,,Unknown,Unknown,UNK,Unknown,Unknown,2006,9,"(-23) I RECEIVED THE ASSIGNMENT TO INVESTIGATE A REPORT FROM WP DAILY LOG STATING THIS AIRCRAFT AFTER DEPARTING SFO

(-23) I RECEIVED THE ASSIGNMENT TO INVESTIGATE A REPORT FROM WP DAILY LOG STATING THIS AIRCRAFT AFTER DEPARTING SFO FOR NEWARK, NJ DECLARED AN EMERGENCY AND RETURNED TO SFO DUE TO AN UNSPECIFIED OVERHEAT CONDITION.",BOEING,737824,,"OPDEF, Other Than Pi;2160",,0.1433067232089913,-2.392344497607646,0.12951283877566944,-11.61061946902655,stable,mild_decline,stable,strong_decline,ASIAS
20060908021049I,2.0,,Unknown,Daylight,UNK,Unknown,Unknown,2006,9,"(-23) FLIGHT ATTENDANT REPORTED SMOKE IN THE CABIN DURING TAXI. AIRCRAFT WAS STOPPED, MAIN CABIN DOOR OPENED. FIRE/

(-23) FLIGHT ATTENDANT REPORTED SMOKE IN THE CABIN DURING TAXI. AIRCRAFT WAS STOPPED, MAIN CABIN DOOR OPENED. FIRE/RESCUE WAS CALLED AND INSPECTED THE AIRCRAFT INSIDE AND OUT. NOTHING WAS NOTED. SINCE THE FUMES PERSISTED, THE PASSENGERS WERE DEPLANED VIA THE MAIN CABIN DOOR AND BUSSED TO THE TERMINAL. COMAIR MAINTENANCE DISCOVERED THAT THE RIGHT AIR CYCLE MACHINE HAD SEIZED, RESULTING IN THE SMOKE AND FUMES.",CNDAIR,CL6002C10,,"OPDEF, Other Than Pi;2150",,0.1433067232089913,-2.392344497607646,0.12951283877566944,-11.61061946902655,stable,mild_decline,stable,strong_decline,ASIAS
20061009027939I,2.0,,Unknown,Night,UNK,Other,Unknown,2006,10,"(-23) EXPJET OPERATING FLT# 2772 FROM CVG TO EWR, RECEIVED A BOMB THREAT DURING THE FLIGHT. PASSENGER IN SEAT 17B,

(-23) EXPJET OPERATING FLT# 2772 FROM CVG TO EWR, RECEIVED A BOMB THREAT DURING THE FLIGHT. PASSENGER IN SEAT 17B, ^PRIVACY DATA^ INFORMED THE FLIGHT ATTENDANT THAT HE HAD A BOMB ON HIM. FLIGHT ATTENDANT INFORMED THE CREW AND THEY DIVERTED TO CLE. THE AUTHORITIES TOOK CONTROL AND PLACED ^PRIVACY DATA^ INTO CUSTODY. THE AIRCRAFT WAS CLEARED AND RETURNED TO SERVICE.",,,,"Miscellaneous, Other;Other, Miscellaneous",,0.3460213402135981,-9.04761904761906,-6.091730185200406,-9.209444379184761,stable,strong_decline,strong_decline,strong_decline,ASIAS
20060827028369I,2.0,,Unknown,Daylight,UNK,Unknown,Unknown,2006,8,"(-23) ON AUGUST 27, 2006, AT 1208Z, UNITED AIRLINES FLIGHT 525, AN AIRBUS A-320-232, ENROUTE FROM BOSTON MA TO CHIC

(-23) ON AUGUST 27, 2006, AT 1208Z, UNITED AIRLINES FLIGHT 525, AN AIRBUS A-320-232, ENROUTE FROM BOSTON MA TO CHICAGO, IL (ORD), REPORTED FUMES IN THE AIRCRAFT. THE AIRCRAFT LANDED ON RUNWAY 9R AT 1215Z, AND EXITED AT TAXIWAY M5. UPON STOPPING ON M5 THE CAPTAIN INITIATED AN EMERGENCY EVACUATION DUE TO THE HEAVY ACRID SMELL AND HAZE. THE EXITS USED DURING THIS EVACUATION WERE 1L, BOTH OVERWING EXITS, AND 2L. EXITS 1R AND 2R WERE NOT USED. 2R WAS NOT USED BECAUSE THE GIRT BAR RETRACTED (FAILED) ALLOWED THE SLIDE/RAFT ASSEMBLY TO DEPART THE AIRCRAFT. THE FLIGHT ATTENDANT STATIONED AT THAT DOOR (2R) BLOCKED ITS PATH AND REDIRECTED THE PASSENGERS TO THE OTHER USABLE EXITS. 1R WAS NOT USED BECAUSE THE FLIGHT ATTENDANT AT THAT POSITION WAS BLOCKED BY PASSENGERS ATTEMPTING TO EXIT THE AIRCRAFT VIA THE 1L SERVICE DOOR AND SHE WAS UNABLE TO GET THE DOOR TO OPEN IT. EIGHT PERSONS EXITED THE 1L DOOR AND THE REMAINING PERSONS EXITED VIA THE OVERWING AND 2L EXITS. MOST OF THE PASSENGERS WERE IN COACH AND THIS WOULD ACCOUNT FOR THE FACT THAT MOST EXITED THE VIA REAR EXITS. THE FLIGHT ATTENDANTS ESTIMATED THAT IT TOOK NO MORE THAN 35 TO 40 SECONDS FOR THE ENTIRE EVACUATION. TWO MINOR INJURIES REPORTED.",AIRBUS,A320232,,"OPDEF, Other Than Pi;7230",,-0.03724251726014982,3.8834951456310662,0.12951283877566944,1.0708504544888475,stable,mild_growth,stable,mild_growth,ASIAS
20060823020879I,2.0,,Unknown,Daylight,UNK,Unknown,Unknown,2006,8,"(-23) THIS OCCURRENCE INVESTIGATED BY DALA CMO REF: ^PRIVACY DATA OMITTED. BUF TO ATL ON CLIMB OUT NUMBER 2 ENGINE

(-23) THIS OCCURRENCE INVESTIGATED BY DALA CMO REF: ^PRIVACY DATA OMITTED. BUF TO ATL ON CLIMB OUT NUMBER 2 ENGINE PARAMETERS BEGAN TO INCREASE. THE FLIGHT CREW SHUT DOWN THE ENG. AND THE AIRCRAFT DIVERTED TO CVG. UNEVENTFUL LANDING. DELTA MAINTENANCE PERSONNEL DISCOVERED THE ATTACHING HARDWARE FOR THE NUMBER 2 ENGINE THROTTLE TELEFLEX CABLE LYING INSIDE THE ENGINE COWLING. NO REPORTED INJURIES, NO REPORTED DAMAGE TO THE AIRCRAFT. NO CORRECTIVE ACTION PLANNED OR INITIATED BY SO-FSDO-01.",BOEING,737247,,"OPDEF, Other Than Pi;7603",,-0.03724251726014982,3.8834951456310662,0.12951283877566944,1.0708504544888475,stable,mild_growth,stable,mild_growth,ASIAS
20060820017509I,2.0,,Unknown,Daylight,UNK,Unknown,Unknown,2006,8,"(-23) AFTER LANDING AT LGB, CREW HEARD CIRCUIT BREAKERS TRIP FOLLOWED BY CHIMES IN CABIN AND EMERGENCY INTERPHONE C

(-23) AFTER LANDING AT LGB, CREW HEARD CIRCUIT BREAKERS TRIP FOLLOWED BY CHIMES IN CABIN AND EMERGENCY INTERPHONE CALL CHIMES FROM ""A"" FLIGHT ATTENDANT NOTIFYING FLIGHT DECK OF ELECTRICAL SMELLING SMOKE FILLING THE PASSENGER CABIN. AIRCRAFT CAME TO STOP ON TAXIWAY ""K"" AND CAPTAIN DECLARED EVACUATION.",DOUG,DC983,,Improper Maintenance;3097,,-0.03724251726014982,3.8834951456310662,0.12951283877566944,1.0708504544888475,stable,mild_growth,stable,mild_growth,ASIAS
20060831017789I,2.0,,VMC,Daylight,UNK,Unknown,Unknown,2006,8,"(-23) THE FIRST OFFICER WAS FLYING THE AIRCRAFT ON FLIGHT 5182 FROM SANTA FE, NM TO DENVER CO. THE FIRST OFFICER RE

(-23) THE FIRST OFFICER WAS FLYING THE AIRCRAFT ON FLIGHT 5182 FROM SANTA FE, NM TO DENVER CO. THE FIRST OFFICER REPORTED THAT THE RIGHT ELEVATOR CONTROL YOKE WAS STICKING ON THE APPROACH TO DENVER CO. THE CAPTAIN TOOK CONTROL OF THE AIRCRAFT AND LANDED SAFELY. THE RIGHT CONTROL COLUMN UPPER RIGHT HAND ADJUSTMENT ROLLER WAS FOUND TO BE LOOSE. THE ADJUSTMENT OF THE ROLLER IS BY MEANS OF AN ECCENTRIC SCREW. THE SCREW WAS FOUND TO BE ROTATING AND CAUSING FRICTION AS IT CONTACTED THE CONTROL YOKE.",BEECH,1900D,,"OPDEF, Other Than Pi;2701",,-0.03724251726014982,3.8834951456310662,0.12951283877566944,1.0708504544888475,stable,mild_growth,stable,mild_growth,ASIAS
20060824018109I,2.0,,VMC,Daylight,UNK,Unknown,Unknown,2006,8,"(-23) N8847A, BEING OPERATED BY PINNACLE AIRLINES AS FLIGHT 5765, WAS ON APPROACH TO OMAHA, NE, WHEN THE FLAPS FAIL

(-23) N8847A, BEING OPERATED BY PINNACLE AIRLINES AS FLIGHT 5765, WAS ON APPROACH TO OMAHA, NE, WHEN THE FLAPS FAILED AT 20 DEGREES. THE AIRCRAFT LANDED SAFELY. CONTRACT MAINTENANCE PERFORMED MAINTENANCE IN ACCORDANCE WITH AIRWORTHINESS DIRECTIVE (AD) 2006-12-21. NO DISCREPANCIES WERE NOTED. THE AIRPLANE WAS PUT ON A 72 HOUR FLAP MONITOR LIST PER THE (AD) AND RETURNED TO SERVICE.",CNDAIR,CL6002B19,,"OPDEF, Other Than Pi;2750",,-0.03724251726014982,3.8834951456310662,0.12951283877566944,1.0708504544888475,stable,mild_growth,stable,mild_growth,ASIAS
20060916018879A,2.0,,Unknown,Daylight,UNK,Unknown,5000+,2006,9,"(-23) ENROUTE FROM LAS TO ALB, AIRCRAFT ENCOUNTERED MODERATE TURBULENCE 70 MILES NORTH OF OMA AT 37,000 FEET. AT TH

(-23) ENROUTE FROM LAS TO ALB, AIRCRAFT ENCOUNTERED MODERATE TURBULENCE 70 MILES NORTH OF OMA AT 37,000 FEET. AT THAT TIME, SWA FLIGHT 2877 RESPONDED TO A TCAS ALERT. THE CAPTAIN INSTRUCTED ALL PASSENGERS AND FLIGHT ATTENDANTS TO RETURN TO THEIR SEATS AND FASTEN THEIR SEATBELTS. BEFORE THIS COULD BE ACCOMPLISHED, TWO FLIGHT ATTENDANTS WERE INJURED. ONE SUFFERED A SEVERELY BROKEN ANKLE AND FACIAL LACERATIONS. A SECOND F/A RECEIVED A MINOR HEAD INJURY.",BOEING,7377H4,,"Miscellaneous, Other",,0.1433067232089913,-2.392344497607646,0.12951283877566944,-11.61061946902655,stable,mild_decline,stable,strong_decline,ASIAS
20060814016339I,2.0,,VMC,Daylight,UNK,Unknown,Unknown,2006,8,"(-23) AIRCRAFT EXPERIENCED SMOKE IN THE CABIN DURING CLIMBOUT. THE CREW ABORTED AND RETURNED TO ONT.

(-23) AIRCRAFT EXPERIENCED SMOKE IN THE CABIN DURING CLIMBOUT. THE CREW ABORTED AND RETURNED TO ONT.",DOUG,DC982,,"OPDEF, Other Than Pi;4990",,-0.03724251726014982,3.8834951456310662,0.12951283877566944,1.0708504544888475,stable,mild_growth,stable,mild_growth,ASIAS
20060813028569I,2.0,,Unknown,Daylight,UNK,Unknown,Unknown,2006,8,"(-23) AIRCRAFT HAD AN ELECTRICAL SMELL OF BURNT PLASTIC COMING FROM THE OVERHEAD BLOWER VENTS WITH MINIMAL VISIBLE

(-23) AIRCRAFT HAD AN ELECTRICAL SMELL OF BURNT PLASTIC COMING FROM THE OVERHEAD BLOWER VENTS WITH MINIMAL VISIBLE SMOKE THAT THE PAX COULD SMELL AND SEE IN THE CABIN. SMELL WAS MUCH STRONGER IN THE COCKPIT. CREW DECLARED EMERGENCY AND RETURNED TO CLE WITHOUT INCIDENT. JJBA CLE MAINTENANCE FOUND THAT A VENT BLOWER HAD FAILED. THIS ITEM WAS REMOVED AND REPLACED. THE DEFECTIVE UNIT WAS RETURNED TO THE PREVIOUS OVERHAUL SHOP FOR TEARDOWN AND FAILURE ANALYSIS PER JJBA FORM CA-60, MECHANICAL RELIABILITY REPORT.",BEECH,1900D,,"OPDEF, Other Than Pi;2120",,-0.03724251726014982,3.8834951456310662,0.12951283877566944,1.0708504544888475,stable,mild_growth,stable,mild_growth,ASIAS
20060902024849I,2.0,,Unknown,Daylight,UNK,Unknown,Unknown,2006,9,"(-23) THE AIRCRAFT LANDED ON RUNWAY 13 AFTER REPORTING A REVERSE THRUSTER PROBLEM. THE ARFF RESPONDED AND THE AIRCR

(-23) THE AIRCRAFT LANDED ON RUNWAY 13 AFTER REPORTING A REVERSE THRUSTER PROBLEM. THE ARFF RESPONDED AND THE AIRCRAFT TAXIED TO THE RAMP WITHOUT INCIDENT.",CNDAIR,CL6002B19,,"OPDEF, Other Than Pi;7830",,0.1433067232089913,-2.392344497607646,0.12951283877566944,-11.61061946902655,stable,mild_decline,stable,strong_decline,ASIAS
20060826023619I,2.0,,Unknown,Daylight,UNK,Other,Unknown,2006,8,"(-23) PASSENGER ^PRIVACY DATA OMITTED^ CREATED A DISTURBANCE BECOMING PHYSICALLY ABUSIVE TO CABIN CREW AND OTHER PA

(-23) PASSENGER ^PRIVACY DATA OMITTED^ CREATED A DISTURBANCE BECOMING PHYSICALLY ABUSIVE TO CABIN CREW AND OTHER PASSENGERS CAUSING THE FLIGHT TO RETURN TO FIELD. THE CABIN CREW CLASSIFIED THIS AS LEVEL III THREAT.",AIRBUS,A319132,,"Miscellaneous, Other;Other, Miscellaneous",,-0.03724251726014982,3.8834951456310662,0.12951283877566944,1.0708504544888475,stable,mild_growth,stable,mild_growth,ASIAS
20061005028319I,2.0,,Unknown,Daylight,UNK,PIC,Unknown,2006,10,"(-23) THE CARRIER REPORTED THE FOLLOWING: AFTER LIFTOFF AND GEAR RETRACTION, LOUD NOISE AND VIBRATION THROUGHOUT TH

(-23) THE CARRIER REPORTED THE FOLLOWING: AFTER LIFTOFF AND GEAR RETRACTION, LOUD NOISE AND VIBRATION THROUGHOUT THE AIRFRAME. FOUND #2 ENGINE FAN BLADES DAMAGED, WITH A LITTLE BLOOD AND SOME FEATHERS. BORESCOPE INSPECTIONS PERFORMED PER AMM 72-31-00-290-001 AND 72-42-00-290-003. DAMAGED FAN BLADES REPLACED IAW MM 72-21-00. TRIM BALANCE PERFORMED IAW A320 AMM 77-22-34-750-002; VIBRATION CHECK GOOD. MAINTENANCE COMPLETED; AIRCRAFT OK FOR CONTINUED SERVICE. (NOTE: THIS INFORMATION CONFIRMED THROUGH 3 SEPARATE SOURCES AT NWAA: MAINTENANCE CONTROL, HANGAR 4 ^PRIVACY DATA ^ AND Q.A. MANAGER ^PRIVACY DA^).",AIRBUS,A320212,,"Miscellaneous, Other;Struck Birds In Flig",,0.3460213402135981,-9.04761904761906,-6.091730185200406,-9.209444379184761,stable,strong_decline,strong_decline,strong_decline,ASIAS
20060910018669I,2.0,,VMC,Daylight,UNK,Unknown,Unknown,2006,9,"(-23) AFTER LANDING AND WAITING FOR A GATE AT CID, THE FLIGHT ATTENDANTS REPORTED SMOKE IN THE CABIN TO THE CAPTAIN

(-23) AFTER LANDING AND WAITING FOR A GATE AT CID, THE FLIGHT ATTENDANTS REPORTED SMOKE IN THE CABIN TO THE CAPTAIN. THE CAPTAIN ORDERED AN EMERGENCY EVACUATION OF THE AIRCRAFT. TWO MINOR INJURIES OCCURRED DURING THE EVACUATION.",DOUG,MD83,,"OPDEF, Other Than Pi;4900",,0.1433067232089913,-2.392344497607646,0.12951283877566944,-11.61061946902655,stable,mild_decline,stable,strong_decline,ASIAS
20060922021089I,2.0,,VMC,Night,UNK,Unknown,Unknown,2006,9,"(-23) FLIGHT CREW REPORTED R1 WINDOW HEATER ARCING WITH FLAMES. CAPTAIN HAS REPORTED TO DELTA FLIGHT CONTROL THE CR

(-23) FLIGHT CREW REPORTED R1 WINDOW HEATER ARCING WITH FLAMES. CAPTAIN HAS REPORTED TO DELTA FLIGHT CONTROL THE CREW TURNED OFF WINDOW HEAT, DONNED OXYGEN MASKS, AND THEY PREPARED TO USE FIRE EXTINGUISHER, BUT FLAMES STOPPED JUST PRIOR TO ITS USE. THE FIRE EXTINGUISHER WAS NOT DISCHARGED. THE FLIGHT DIVERTED TO BRINDISI, ITALY WHERE IT LANDED SAFELY, DE-PLANED 222 PASSENGERS NORMALLY AND REPORTS NO INJURIES TO ANY PASSENGERS OR FLIGHT CREW.",BOEING,777232,,"OPDEF, Other Than Pi;3040",,0.1433067232089913,-2.392344497607646,0.12951283877566944,-11.61061946902655,stable,mild_decline,stable,strong_decline,ASIAS
20061001027389I,2.0,,Unknown,Daylight,UNK,Unknown,Unknown,2006,10,"(-23) NUMBER TWO ENGINE WAS SHUTDOWN PRIOR TO LANDING @ SFO DUE TO RIGHT COWL ANTI-ICE DUCT WARNING MESSAGE. LANDIN

(-23) NUMBER TWO ENGINE WAS SHUTDOWN PRIOR TO LANDING @ SFO DUE TO RIGHT COWL ANTI-ICE DUCT WARNING MESSAGE. LANDING WAS WITHOUT INCIDENT. MAINTENANCE INTERROGATED MDC AND FOUND NO FAULTS, REMOVED RIGHT ENGINE LEAK DETECTION TRANSDUCER, GROUND RAN #2 ENGINE, APPLIED RIGHT ANTI-ICE COWL AIR, FOUND NO AIR COMING FROM RIGHT LEAK DETECTION TRANSDUCER LINE, INSTALLED NEW RIGHT ENGINE LEAK DETECTION TRANSDUCER, APPLIED RIGHT COWL ANTI-ICE AIR, RIGHT COWL ANTI-ICE DUCT MESSAGE DID NOT RETURN, OPS CHECKED GOOD, LEAK CHECKED GOOD - ACFT RETURNED TO SERVICE. 11/12/06 INVESTIGATING ASI STILL AWAITING P/N, PART MFG. & WHETHER OR NOT AN SDR WAS INITIATED. 11/13/06 INVESTIGATING ASI WAS PROVIDED WITH INFORMATION REF. SDR. SDR WAS INITIATED ^PRIVACY DATA OMITTED^ FAILED P/N 54011485. NO CONCERNS IDENTIFIED. INCIDENT INVESTIGATION CLOSED 11/13/06.",CNDAIR,CL6002C10,,"OPDEF, Other Than Pi;3020",,0.3460213402135981,-9.04761904761906,-6.091730185200406,-9.209444379184761,stable,strong_decline,strong_decline,strong_decline,ASIAS
20060830022009I,2.0,,Unknown,Daylight,UNK,Unknown,5000+,2006,8,"(-23) AT 1449E, AIR WISCONSIN FLIGHT 3712, A CRJ2, DIVERTED AND LANDED ON RUNWAY 13 HARRISBURG INTERNATIONAL AIRPOR

(-23) AT 1449E, AIR WISCONSIN FLIGHT 3712, A CRJ2, DIVERTED AND LANDED ON RUNWAY 13 HARRISBURG INTERNATIONAL AIRPORT, PENNSYLVANIA DUE TO A REVERSER INDICATION LIGHT FOR THE RIGHT ENGINE. THE ARFF RESPONDED AND THE AIRCRAFT TAXIED TO THE RAMP WITHOUT INCIDENT.",CNDAIR,CL6002B19,,"OPDEF, Other Than Pi;7830",,-0.03724251726014982,3.8834951456310662,0.12951283877566944,1.0708504544888475,stable,mild_growth,stable,mild_growth,ASIAS
20060929020449I,2.0,,Unknown,Daylight,UNK,Unknown,5000+,2006,9,"(-23) DELTA FLIGHT 1908 LGA-BOS, LANDED BOS RUNWAY 04R WITH SMOKE/FUMES IN CABIN AT 0720 EDT 9/29/06. EMERGENCY EVA

(-23) DELTA FLIGHT 1908 LGA-BOS, LANDED BOS RUNWAY 04R WITH SMOKE/FUMES IN CABIN AT 0720 EDT 9/29/06. EMERGENCY EVACUATION CONDUCTED, 2 MINOR INJURIES REPORTED. INVESTIGATION INTO THIS MATTER HAS REVEALED THE FOLLOWING: DAL BOS MX PERSONNEL FOUND THE LEFT ENGINE EDP (ENGINE DRIVEN PUMP) FILTER MODULE LINE PACKING (O-RING) FAILED. INFORMATION WAS PROVIDED ON MONDAY, OCTOBER 2, 2006, BY DAL BOS LEAD AMT ^PRIVACY DATA OMITTED^",DOUG,MD88,,"OPDEF, Other Than Pi;2820",,0.1433067232089913,-2.392344497607646,0.12951283877566944,-11.61061946902655,stable,mild_decline,stable,strong_decline,ASIAS
20060905018079I,2.0,,VMC,Daylight,UNK,Unknown,Unknown,2006,9,"(-23) N589AA, DC-9-83, WAS BEING OPERATED AS AMERICAN AIRLINES FLIGHT 1221 BETWEEN OMAHA, NE, AND DALLAS, TX. THE A

(-23) N589AA, DC-9-83, WAS BEING OPERATED AS AMERICAN AIRLINES FLIGHT 1221 BETWEEN OMAHA, NE, AND DALLAS, TX. THE AIRCRAFT RETURNED TO OMAHA AFTER TAKEOFF DUE TO A SMELL IN THE CABIN. THE AIRPLANE LANDED WITHOUT INCIDENT. CONTRACT MAINTENANCE COULD FIND NO EVIDENCE OF MECHANICAL FAILURE. THEY OPERATED THE AIR CONDITIONING PACKS WITH APU AND ENGINE POWER. NO ODOR WAS DETECTED. MAINTENANCE DETERMINED THAT RESIDUE FROM THE PREVIOUS ARRIVAL THRU A BUG SWARM HAD CAUSED THE ODOR ON TAKEOFF.",DOUG,DC983,,"Miscellaneous, Other",,0.1433067232089913,-2.392344497607646,0.12951283877566944,-11.61061946902655,stable,mild_decline,stable,strong_decline,ASIAS
20061209026129I,2.0,,Unknown,Unknown,UNK,PIC,Unknown,2006,12,"(-23) ON EXTENDED APPROACH TO RUNWAY 16 (RDD) AIRCRAFT WAS HIT BY A LARGE BIRD (DUCK) AT APPROXIMATELY 200 KNOTS. L

(-23) ON EXTENDED APPROACH TO RUNWAY 16 (RDD) AIRCRAFT WAS HIT BY A LARGE BIRD (DUCK) AT APPROXIMATELY 200 KNOTS. LANDING WAS NORMAL WITH NO FLIGHT DECK SIGNS OF DAMAGE. AIRCRAFT WAS PARKED AND IT WAS NOTED THERE WAS A HOLE IN THE LEFT NOSE AHEAD OF THE ICE PROBE. ICE PROBE WAS BENT AND NOSE GEAR LOCK WAS EXTENDED. FUSELAGE SKIN WAS BROKEN AFT OF AUX BATTERY DOOR. MAINTENANCE WAS CALLED.",BOMBDR,DHC8402,,"Miscellaneous, Other;Struck Birds In Flig",,0.6594030473805024,-7.843137254901967,-6.091730185200406,2.7099185689493988,stable,strong_decline,strong_decline,mild_growth,ASIAS
20061027022469I,2.0,,VMC,Daylight,UNK,Unknown,Unknown,2006,10,"(-23) N684BR, CL-600-2B1, WAS BEING OPERATED BY ATLANTIC SOUTHEAST AIRLINES AS DELTA CONNECTION FLIGHT 4418, FROM O

(-23) N684BR, CL-600-2B1, WAS BEING OPERATED BY ATLANTIC SOUTHEAST AIRLINES AS DELTA CONNECTION FLIGHT 4418, FROM OMA TO ATL. THE CREW REPORTED THAT THE NOSE GEAR FAILED TO RETRACT AFTER DEPARTURE FROM OMA. THE CREW COMPLIED WITH THE QRH, AND REPORTED THAT ALL OTHER INDICATIONS WERE NORMAL. THE AIRPLANE CIRCLED FOR TWO HOURS TO BURN OFF FUEL. THE CREW LANDED THE AIRPLANE WITHOUT INCIDENT. CONTRACT MAINTENANCE INSPECTED THE NOSE GEAR AND FOUND NO DAMAGE NOR VISIBLE GEAR DISCREPANCIES. THE NOSE GEAR WAS DEFERRED PER MEL 32-30-01. THE AIRPLANE WAS FERRIED TO ATL.",CNDAIR,CL6002B19,,"OPDEF, Other Than Pi;3234",,0.3460213402135981,-9.04761904761906,-6.091730185200406,-9.209444379184761,stable,strong_decline,strong_decline,strong_decline,ASIAS
20061202029669I,2.0,,IMC,Night,UNK,Unknown,Unknown,2006,12,"(-23) THIS AIRCRAFT EXPERIENCED EXTREMELY HIGH GUSTY WINDS WHILE PARKED ON THE RAMP AT BUF. THE GUST LOCK EITHER FA

(-23) THIS AIRCRAFT EXPERIENCED EXTREMELY HIGH GUSTY WINDS WHILE PARKED ON THE RAMP AT BUF. THE GUST LOCK EITHER FAILED OR WAS NOT ENGAGED ON THIS AIRCRAFT. MAINTENANCE FOUND THAT BOTH ELEVATORS, TORQUE TUBES AND THE TRIB TAB FERRING WERE DAMAGED ALONG WITH THE INBOARD ELEVATOR HINGE. THE ELEVATORS, TORQUE TUBES, TRIM TAB FERRING, AND INBOARD ELEVATOR HINGE WERE REPAIRED AND REPLACED. THE AIRCRAFT WAS TEST FLOWN AND RETURNED TO SERVICE.",EMB,EMB145LR,,"OPDEF, Other Than Pi;2770",,0.6594030473805024,-7.843137254901967,-6.091730185200406,2.7099185689493988,stable,strong_decline,strong_decline,mild_growth,ASIAS
20061206030309I,2.0,,Unknown,Unknown,UNK,Unknown,500-2000,2006,12,"(-23) ENROUTE FROM MDW TO SPI, BSY 6037 DECLARED AN EMERGENCY AFTER A CARGO WARNING LIGHT ILLUMINATED. THE CREW DEC

(-23) ENROUTE FROM MDW TO SPI, BSY 6037 DECLARED AN EMERGENCY AFTER A CARGO WARNING LIGHT ILLUMINATED. THE CREW DECLARED AN EMERGENCY AND LANDED WITHOUT INCIDENT. MAINTENANCE CONTROL DISCOVERED TWO MALFUNCTIONING MICRO SWITCHES WHICH WERE ADJUSTED, AND RETURNED THE AIRCRAFT BACK INTO SERVICE. THIS INCIDENT IS CLOSED WITH THIS REPORT.",BEECH,1900D,,"OPDEF, Other Than Pi;5270",,0.6594030473805024,-7.843137254901967,-6.091730185200406,2.7099185689493988,stable,strong_decline,strong_decline,mild_growth,ASIAS
20061221027149I,2.0,,Unknown,Daylight,UNK,Unknown,Unknown,2006,12,"(-23) ON DECEMBER 21, 2006, THE FLIGHT CREW FOR SOUTHWEST AIRLINES INC., OPERATING AS FLIGHT 1787, DEPARTING OKLAHO

(-23) ON DECEMBER 21, 2006, THE FLIGHT CREW FOR SOUTHWEST AIRLINES INC., OPERATING AS FLIGHT 1787, DEPARTING OKLAHOMA CITY, (OKC) FOR HOUSTON, TEXAS, (IAH), OBSERVED THE #1 TRANSFORMER RECTIFIER CIRCUIT BREAKER POPPED OUT. THE FLIGHT CREW THEN SMELLED FUMES IN THE COCKPIT AND GOT FORWARD CARGO FIRE LIGHT. THE FLIGHT CREW DISCHARGED THE FIRE BOTTLE AND DECLARED AN EMERGENCY. THE WICHITA FIRE UNITS RESPONDED TO THE EMERGENCY WHILE AIRCRAFT N662SW APPROACHED FOR LANDING. AIRCRAFT N662SW WAS LANDED SAFELY WITH NO FURTHER INCIDENT.",BOEING,7373Q8,,"OPDEF, Other Than Pi;2432",,0.6594030473805024,-7.843137254901967,-6.091730185200406,2.7099185689493988,stable,strong_decline,strong_decline,mild_growth,ASIAS
20061202025729I,2.0,,Unknown,Daylight,UNK,Unknown,2000-5000,2006,12,"(-23) ON DECEMBER 02, 2006 EXPRESSJET FLIGHT 2018, OPERATED BY EXPRESSJET AIRLINES, INC., ABORTED THE TAKEOFF DUE T

(-23) ON DECEMBER 02, 2006 EXPRESSJET FLIGHT 2018, OPERATED BY EXPRESSJET AIRLINES, INC., ABORTED THE TAKEOFF DUE TO SMOKE IN THE CABIN. THE CAPTAIN MADE THE DECISION TO EVACUATE THE AIRCRAFT. NO INJURIES WERE REPORTED. NO FIRE WAS REPORTED AND THE AIRCRAFT WAS TAXIED BACK TO THE GATE. THE MECHANICS PERFORMED HIGH POWER ENGINE RUNS PER MAINTENANCE MANUAL, NO DEFECTS WERE DETECTED. INCIDENT ^PRIVACY DATA OMITTED^ IS CLOSED.",EMB,EMB145XR,,"Miscellaneous, Other",,0.6594030473805024,-7.843137254901967,-6.091730185200406,2.7099185689493988,stable,strong_decline,strong_decline,mild_growth,ASIAS
20061211026339I,2.0,,VMC,Unknown,UNK,Unknown,Unknown,2006,12,"(-23) N9338, DC-9-31, WAS OPERATED BY NORTHWEST AIRLINES, INC. AS FLIGHT 1723 FROM DETROIT, MI, TO OMAHA, NE. THE P

(-23) N9338, DC-9-31, WAS OPERATED BY NORTHWEST AIRLINES, INC. AS FLIGHT 1723 FROM DETROIT, MI, TO OMAHA, NE. THE PILOT EXECUTED A GO AROUND BECAUSE OF A GEAR PROBLEM ON FINAL APPROACH. THE PILOT REPORTED THAT HE HAD AN INDICATOR LIGHT INDICATING THAT THE LEFT MAIN GEAR DOOR REMAINED OPEN AFTER GEAR EXTENSION. THE AIRCRAFT LANDED WITHOUT INCIDENT, THE GEAR WAS PINNED WHILE THE AIRCRAFT WAS ON THE RUNWAY, THEN AIRCRAFT TAXIED TO THE GATE. MAINTENANCE FOUND THAT THE LEFT MAIN LANDING GEAR DOOR REMAINED OPEN AFTER GEAR EXTENSION. INVESTIGATION REVEALED THAT THE FOLLOW UP CABLE WAS FROZEN AND THE DRIVE ARM RIVET SHEARED.",DOUG,DC931,,"OPDEF, Other Than Pi;3231",,0.6594030473805024,-7.843137254901967,-6.091730185200406,2.7099185689493988,stable,strong_decline,strong_decline,mild_growth,ASIAS
20061025023669I,2.0,,IMC,Daylight,UNK,Unknown,Unknown,2006,10,"(-23) ON OCTOBER 25, 2006 ATLANTIC SOUTHEAST AIRLINES N820AS FLIGHT 812 DECLARED AN EMERGENCY AND RETURNED TO SPRIN

(-23) ON OCTOBER 25, 2006 ATLANTIC SOUTHEAST AIRLINES N820AS FLIGHT 812 DECLARED AN EMERGENCY AND RETURNED TO SPRINGFIELD MO (SGF) DUE TO A NOSE GEAR DISAGREE LIGHT ON DURING RETRACTION. THE AIRCRAFT LANDED WITHOUT INCIDENT. MAINTENANCE CONCLUDED THAT THE NOSE LANDING GEAR TORQUE LINKS WERE NOT CONNECTED. MAINTENANCE INSPECTED THE NOSE LANDING GEAR ASSEMBLY, TRUNNIONS AND DRAG BRACE WITH NO DISCREPANCIES NOTED. THE NOSE TIRES AND WHEEL ASSEMBLIES WERE REPLACED. THE NOSE LANDING GEAR WAS RETRACTED AND EXTENDED. ALL TESTED OK, ALL WORK WAS ACCOMPLISHED IN ACCORDANCE WITH THE CRJ-M/M. INCIDENT ^PRIVACY DATA OMITTED IS CONSIDERED CLOSED. REFERENCE AIRCRAFT LOG PAGES 323734 THRU 323736 FOR CORRECTIONS. ^PRIVACY DATA OMITTED^",CNDAIR,CL6002B19,,Improper Maintenance;3222,,0.3460213402135981,-9.04761904761906,-6.091730185200406,-9.209444379184761,stable,strong_decline,strong_decline,strong_decline,ASIAS
20061031028089A,2.0,,VMC,Daylight,UNK,PIC,Unknown,2006,10,"(-23) ^PRIVACY DATA OMITTED^ LUFTHANSA 403, A B747-430, WAS TAXIING TO RUNWAY 22 ON TAXIWAY S WHEN THE LEFT WINGLET

(-23) ^PRIVACY DATA OMITTED^ LUFTHANSA 403, A B747-430, WAS TAXIING TO RUNWAY 22 ON TAXIWAY S WHEN THE LEFT WINGLET OF THE B-747 STRUCK AND SEVERED THE RIGHT WINGLET OF A CONTINENTAL AIRLINES B-757 THAT WAS UNDER TOW, BUT STOPPED ON DIVERGING TAXIWAY A.",BOEING,747430,,Pilot Induced;Fail Avd Objs Or Obs,,0.3460213402135981,-9.04761904761906,-6.091730185200406,-9.209444379184761,stable,strong_decline,strong_decline,strong_decline,ASIAS
20061101024879I,2.0,,Unknown,Unknown,UNK,PIC,Unknown,2006,11,"(-23) ON 11/01/2006, SKYWEST FLIGHT 6561 (DEN/GTF), AIRCRAFT N945SW STRUCK A FLOCK OF BIRDS ON FINAL APPROACH INTO

(-23) ON 11/01/2006, SKYWEST FLIGHT 6561 (DEN/GTF), AIRCRAFT N945SW STRUCK A FLOCK OF BIRDS ON FINAL APPROACH INTO GTF. A SUBSEQUENT BIRDSTRIKE INSPECTION PERFORMED BY SKYWEST MAINTENANCE REVEALED DAMAGE TO THE AIRCRAFT. SKYWEST OBTAINED AND COMPLIED WITH TIME LIMITED REPAIR INSTRUCTIONS FROM BOMBARDIER, AND FERRIED AIRCRAFT N945SW TO SLC FOR PERMANENT REPAIR.",CNDAIR,CL6002B19,,"Miscellaneous, Other;Struck Birds In Flig",,0.4709675802557767,-14.485981308411223,-6.091730185200406,-4.07786127879759,stable,strong_decline,strong_decline,mild_decline,ASIAS
20061126025289I,2.0,,Unknown,Daylight,UNK,Unknown,5000+,2006,11,"(-23) ON NOVEMBER 26, 2006, DELTA FLIGHT 1523, A/C N912DN, MD-90, DEPARTED BNA FOR SLC. AT FL 135 THE FLIGHT CREW R

(-23) ON NOVEMBER 26, 2006, DELTA FLIGHT 1523, A/C N912DN, MD-90, DEPARTED BNA FOR SLC. AT FL 135 THE FLIGHT CREW REPORTED A LOSS OF ALL ELECTRICAL POWER EXCEPT FOR BATTERY POWER. THE A/C LOST PRESSURIZATION BUT NO MASKS DEPLOYED. THEY STARTED THE APU AND RECOVERED THE LEFT AND RIGHT BUSSES. THE CREW DECLARED AN EMERGENCY AND RETURNED TO BNA. MAINTENANCE PERSONNEL FOUND THE SHAFT SHEARED IN THE RIGHT GENERATOR AND A ""LEFT GENERATOR DIODE FAIL"" MESSAGE ON THE LEFT GENERATOR. MAINTENANCE REPLACED THE RIGHT GENERATOR, ELECTRICAL POWER CONTROL UNIT (EPCU), ELECTRONICS ASSEMBLY CONVERTER, AND THE LEFT GENERATOR.",DOUG,MD9030,,"OPDEF, Other Than Pi;2421",,0.4709675802557767,-14.485981308411223,-6.091730185200406,-4.07786127879759,stable,strong_decline,strong_decline,mild_decline,ASIAS
20061207025279I,2.0,,Unknown,Daylight,UNK,Unknown,Unknown,2006,12,"(-23) N814CA, CL-600-2B19, WAS BEING OPERATED BY COMAIR AIRLINES AS DELTA EXPRESS FLIGHT 5282 FROM OMAHA, NE, TO CI

(-23) N814CA, CL-600-2B19, WAS BEING OPERATED BY COMAIR AIRLINES AS DELTA EXPRESS FLIGHT 5282 FROM OMAHA, NE, TO CINCINNATI, OHIO. THE AIRPLANE RETURNED TO OMAHA, NE, AFTER DEPARTURE DUE TO THE NOSE LANDING GEAR STAYING DOWN AND LOCKED. THE AIRPLANE WAS FERRIED TO ROCKFORD, IL. CONTRACT MAINTENANCE NOTED THAT THE NOSE GEAR WAS NOT EXTENDING PROPERLY. MAINTENANCE FLUSHED AND SERVICED THE NLG STRUT, SWUNG THE GEAR 3 TIMES WITH NO FURTHER DEFECTS NOTED.",CNDAIR,CL6002B19,,"OPDEF, Other Than Pi;3222",,0.6594030473805024,-7.843137254901967,-6.091730185200406,2.7099185689493988,stable,strong_decline,strong_decline,mild_growth,ASIAS
20061028024099I,2.0,,Unknown,Unknown,UNK,Unknown,5000+,2006,10,"(-23) DURING ROTATION, ON TAKEOFF, THE CAPTAIN NOTICED A FLASH IN THE VICINITY OF THE RUDDER PEDALS. SUBSEQUENT IND

(-23) DURING ROTATION, ON TAKEOFF, THE CAPTAIN NOTICED A FLASH IN THE VICINITY OF THE RUDDER PEDALS. SUBSEQUENT INDICATIONS WERE: CENTER PEDESTAL LIGHTS INOPERATIVE, AND OAP MESSAGE ""FLIGHT DATA RECORDER OFF."" THE FOLLOWING CIRCUIT BREAKERS POPPED AND WOULD NOT RESET: FLIGHT RECORDER, LEFT ENGINE IGNITION, RIGHT ENGINE IGNITION, AND INTEGRAL LIGHTS - PEDESTAL. DURING LANDING IT WAS ALSO FOUND THE SPOILERS WOULD NOT DEPLOY. MAINTENANCE PERSONNEL FOUND A WIRE BUNDLE AT STA 120.05 FLOOR BEAM STEP JUST UNDER THE CAPTAIN'S FEET HAD NUMEROUS WIRES BURNED THROUGH AND OTHERS DAMAGED BY ARCING. THE WIRE BUNDLE SEEMED TO BE IMPROPERLY SECURED TO ITS TIE MOUNTS CAUSING IT TO COME INTO CONTACT WITH THE AIRCRAFT STRUCTURE. THE FLIGHT CONTINUED TO ATL.",DOUG,MD88,,Improper Maintenance;2497,,0.3460213402135981,-9.04761904761906,-6.091730185200406,-9.209444379184761,stable,strong_decline,strong_decline,strong_decline,ASIAS
20061102028649I,2.0,,VMC,Daylight,UNK,Unknown,Unknown,2006,11,"(-23) AIRCRAFT DEPARTED PORT COLUMBUS ENROUTE TO WINDSOR LOCKS CT (BDL). AT APPROXIMATELY 500 FT FLIGHT ATTENDANT/P

(-23) AIRCRAFT DEPARTED PORT COLUMBUS ENROUTE TO WINDSOR LOCKS CT (BDL). AT APPROXIMATELY 500 FT FLIGHT ATTENDANT/PASSENGER SMELLED/SAW SMOKE IN CABIN IMMEDIATELY NOTIFYING CAPTAIN WHO DECLARED EMERGENCY AND RETURNED TO AIRPORT LANDING ON 28R WITHOUT INCIDENT. CREW (3) AND PX (15) DEPLANED THROUGH MAIN CABIN ENTRY DOOR ONLY WITHOUT INJURIES. APPROXIMATE TIME TAKEN DURING EVACUATION WAS 2 MINUTES WITHOUT PANIC. AIRCRAFT WAS TURNED OVER TO MAINTENANCE PERSONNEL FOR TROUBLESHOOTING WHO FOUND THAT THE #2 ENGINE WAS PRODUCING FUMES/VAPORS POSSIBLY FROM DEFECTIVE CARBON SEALS. CORRECTIVE ACTION IS TO CHANGE OUT AND RETURN TO OEM FOR REPAIR.",EMB,EMB135LR,,"OPDEF, Other Than Pi;7261",,0.4709675802557767,-14.485981308411223,-6.091730185200406,-4.07786127879759,stable,strong_decline,strong_decline,mild_decline,ASIAS
20061206030359I,2.0,,Unknown,Night,UNK,Unknown,2000-5000,2006,12,"(-23) ENROUTE FROM MDW TO SPI, BSY 6037 DECLARED AN EMERGENCY AFTER A CARGO WARNING LIGHT ILLUMINATED. THE CREW DEC

(-23) ENROUTE FROM MDW TO SPI, BSY 6037 DECLARED AN EMERGENCY AFTER A CARGO WARNING LIGHT ILLUMINATED. THE CREW DECLARED AN EMERGENCY AND LANDED WITHOUT INCIDENT. MAINTENANCE CONTROL DISCOVERED A MALFUNCTIONING MICRO SWITCH WHICH WAS ADJUSTED, AND RETURNED THE AIRCRAFT BACK INTO SERVICE. THIS INCIDENT IS CLOSED WITH THIS REPORT.",BEECH,1900D,,"OPDEF, Other Than Pi;5270",,0.6594030473805024,-7.843137254901967,-6.091730185200406,2.7099185689493988,stable,strong_decline,strong_decline,mild_growth,ASIAS
20061206026349I,2.0,,VMC,Night,UNK,Unknown,Unknown,2006,12,"(-23) FLIGHT 547, DEPARTED SAN ENROUTE TO SEA. AT APPROXIMATELY 2227 PST, THE #2 ENGINE OIL STRAINER LIGHT CAME ON.

(-23) FLIGHT 547, DEPARTED SAN ENROUTE TO SEA. AT APPROXIMATELY 2227 PST, THE #2 ENGINE OIL STRAINER LIGHT CAME ON. ALL OTHER ENGINE PARAMETERS WERE NORMAL. THE CREW SHUT THE ENGINE DOWN IN ACCORDANCE WITH THE FLIGHT MANUAL. AN EMERGENCY WAS DECLARED AND THE CREW DIVERTED TO SMF. ACFT LANDED WITHOUT FURTHER INCIDENT.",DOUG,MD83,,"OPDEF, Other Than Pi;7200",,0.6594030473805024,-7.843137254901967,-6.091730185200406,2.7099185689493988,stable,strong_decline,strong_decline,mild_growth,ASIAS
20061217025799I,2.0,,Unknown,Night,UNK,PIC,Unknown,2006,12,"(-23) SKYWEST FLIGHT 5709, DEPARTED SMF, SHORTLY AFTER TAKEOFF THEY STRUCK A BIRD ON THE LEFT ENGINE. THE FLIGHT RE

(-23) SKYWEST FLIGHT 5709, DEPARTED SMF, SHORTLY AFTER TAKEOFF THEY STRUCK A BIRD ON THE LEFT ENGINE. THE FLIGHT RETURNED TO THE FIELD. DAMAGE WAS TO THE LEFT ENGINE INLET COWL.",EMB,EMB120ER,,"Miscellaneous, Other;Struck Birds In Flig",,0.6594030473805024,-7.843137254901967,-6.091730185200406,2.7099185689493988,stable,strong_decline,strong_decline,mild_growth,ASIAS
20061230027629I,2.0,,Unknown,Unknown,UNK,Unknown,Unknown,2006,12,"(-23) LEFT MAIN LANDING GEAR FAILED TO RETRACT AFTER TAKEOFF. RETURNED TO JUNEAU WITHOUT INCIDENT. REPLACED ""LT MLG

(-23) LEFT MAIN LANDING GEAR FAILED TO RETRACT AFTER TAKEOFF. RETURNED TO JUNEAU WITHOUT INCIDENT. REPLACED ""LT MLG EXT/RETRACT ACTUATOR AND WALKING BEAM ASSY..."" CONTACTED ALASKA AIRLINES CMO PPM ^PRIVACY DATA OMITTED^",BOEING,7374Q8,,"OPDEF, Other Than Pi;3233",,0.6594030473805024,-7.843137254901967,-6.091730185200406,2.7099185689493988,stable,strong_decline,strong_decline,mild_growth,ASIAS
20061202023949I,2.0,,Unknown,Daylight,UNK,PIC,Unknown,2006,12,"(-23) SEATAC DATA INDICATES N411QX HORIZON AIR AIRCRAFT LANDED AT 120 KNOTS THEN INCREASED SPEED TO 130 KNOTS. SEAT

(-23) SEATAC DATA INDICATES N411QX HORIZON AIR AIRCRAFT LANDED AT 120 KNOTS THEN INCREASED SPEED TO 130 KNOTS. SEATAC TOWER ALSO STATED THE PILOT'S BRAKING ACTION PRODUCTED A SKID MARK OF APPROXIMATELY 70 FEET. THE AIRCRAFT FAILED TO STOP PRIOR TO THE END OF THE RUNWAY. THE LEFT INBOARD MAIN WAS PUNCTURED BY AN END OF RUNWAY LIGHT.",BOMBDR,DHC8402,,Pilot Induced;Land Far Down Land A,,0.6594030473805024,-7.843137254901967,-6.091730185200406,2.7099185689493988,stable,strong_decline,strong_decline,mild_growth,ASIAS
20061027023639I,2.0,,IMC,Daylight,UNK,Unknown,Unknown,2006,10,"(-23) ON FRIDAY 10/27/06 AMERICAN EAGLE N810AE, FLIGHT 3980, DEPARTED SDF ENROUTE TO ORD WITH 43 PASSENGERS ON BOAR

(-23) ON FRIDAY 10/27/06 AMERICAN EAGLE N810AE, FLIGHT 3980, DEPARTED SDF ENROUTE TO ORD WITH 43 PASSENGERS ON BOARD, IN-FLIGHT THEY HAD A THRUST REVERSER DISAGREE MESSAGEO ON RT ENGINE. THE CREW ELECTED TO SHUT DOWN THE RT ENGINE AND RETURNED TO SDF. ON LANDING ROLL (RWY 17L) THE AIRCRAFT DEPARTED THE RUNWAY TO THE LEFT AT D1 INTERSECTION. NO DAMAGE TO THE AIRCRAFT AND NO INJURIES TO PAX'S OR CREW.",EMB,EMB135KL,,Pilot And Maintenanc;7830,,0.3460213402135981,-9.04761904761906,-6.091730185200406,-9.209444379184761,stable,strong_decline,strong_decline,strong_decline,ASIAS
20061205030269I,2.0,,Unknown,Daylight,UNK,Unknown,Unknown,2006,12,"(-23) SMOKE IN TOILET AREA, CAUTION AFTER TAKE-OFF. FOUND SPEED TAPE PEELED BACK FROM LAV-FAN. REPLACED TAPE PER PA

(-23) SMOKE IN TOILET AREA, CAUTION AFTER TAKE-OFF. FOUND SPEED TAPE PEELED BACK FROM LAV-FAN. REPLACED TAPE PER PA-21-009.",CNDAIR,CL6002B19,,"OPDEF, Other Than Pi;2540",,0.6594030473805024,-7.843137254901967,-6.091730185200406,2.7099185689493988,stable,strong_decline,strong_decline,mild_growth,ASIAS
20070131001129I,2.0,,VMC,Daylight,UNK,Unknown,Unknown,2007,1,"(-23) UPON LANDING THE NOSE WHEEL TOUCHED DOWN. SOME VIBRATION WAS FELT. AS THE SPEED DECREASED, THE VIBRATION BECA

(-23) UPON LANDING THE NOSE WHEEL TOUCHED DOWN. SOME VIBRATION WAS FELT. AS THE SPEED DECREASED, THE VIBRATION BECAME WORSE BUT THE AIRCRAFT MAINTAINED CENTERLINE OF RUNWAY. AT APPROXIMATELY SIXTY (60) KNOTS OR LESS THE AIRCRAFT JERKED TO THE LEFT. THE PILOT REGAINED CONTROL BACK TO THE RUNWAY CENTERLINE. THE AIRCRAFT CLEARED THE RUNWAY AND STOPPED ON THE TAXIWAY. WHEN THE AIRCRAFT STOPPED, ATC CALLED THE AIRCRAFT AND INFORMED THEM THAT THEY HAD LOST THEIR NOSE WHEEL. FIRE RESCUE HAD ARRIVED AT THE AIRCRAFT. THE PILOT ASKED THE ATC TO CALL THE LOCAL FIXED BASE OPERATOR TO HAVE THE AIRCRAFT TOWED TO THEIR FACILITY. THE PILOT SHUT DOWN THE ENGINES.",BEECH,1900D,,"OPDEF, Other Than Pi;3246",,0.14823609056908715,-3.6649214659685736,-1.7163363631603756,-5.149437184629324,stable,mild_decline,mild_decline,strong_decline,ASIAS
20070223826449A,2.0,,Unknown,Unknown,UNK,Other,5000+,2007,2,"(-23) AMERICAN AIRLINES FLIGHT 228 2-23-2007, AIR TURBULENCE ENCOUNTERED NEAR JAPAN ENROUTE TO KORD. FLIGHT ATTENDA

(-23) AMERICAN AIRLINES FLIGHT 228 2-23-2007, AIR TURBULENCE ENCOUNTERED NEAR JAPAN ENROUTE TO KORD. FLIGHT ATTENDANT BROKE AN ANKLE.",BOEING,777223,,"Miscellaneous, Other;Other, Miscellaneous",,0.06318863136749453,-4.371584699453557,-1.7163363631603756,-3.634729000770609,stable,mild_decline,mild_decline,mild_decline,ASIAS
20070207002139I,2.0,,VMC,Daylight,UNK,Unknown,5000+,2007,2,"(-23) AFTER TAKE-OFF, ""HYD 1 LOW PRESS"" CAUTION MESSAGE ILLUMINATED. EMERGENCY DECLARED AND RETURNED TO FIELD. MAIN

(-23) AFTER TAKE-OFF, ""HYD 1 LOW PRESS"" CAUTION MESSAGE ILLUMINATED. EMERGENCY DECLARED AND RETURNED TO FIELD. MAINTENANCE FOUND CHAFFED HYDRAULIC LINES (PRESSURE AND SUPPLY). REPLACED PRESSURE LINE. SWAGED IN SUPPLY LINE IAW AMM 20-22-00. REPLACED FILTERS FOR RETURN MANIFOLD AND PRESSURE MANIFOLD IAW AMM 29-11-00. REPLACED AND ACCOMPLISHED IAW AMM 29-11-03.",CNDAIR,CL6002B19,,"OPDEF, Other Than Pi;2910",,0.06318863136749453,-4.371584699453557,-1.7163363631603756,-3.634729000770609,stable,mild_decline,mild_decline,mild_decline,ASIAS
20070312002529I,2.0,,VMC,Daylight,UNK,Unknown,Unknown,2007,3,"(-23) ON MARCH 12, 2007 AT 1430, HORIZON AIR, QXEA, AIRCRAFT N409QX WAS PARKED AT GATE A6 AT PORTLAND INTERNATIONAL

(-23) ON MARCH 12, 2007 AT 1430, HORIZON AIR, QXEA, AIRCRAFT N409QX WAS PARKED AT GATE A6 AT PORTLAND INTERNATIONAL AIRPORT (PDX). AFTER THE 74 PASSENGERS WERE ON BOARD THE PILOT SELECTED THE APU START SWITCH TO START THE APU. SEVEN SECONDS AFTER THAT A LOUD BOOM WAS HEARD, THE APU CONTROL FAIL MESSAGE ILLUMINATED AND THE APU SHUT DOWN. NO INJURIES. DAMAGE TO THE AIRCRAFT IS LIMITED TO THE TAILCONE APU COMPARTMENT AREA. FORWARD APU FIREWALL OIL CANNED AND DETACHED FROM THE AIRCRAFT, EXTERNAL AIRCRAFT SKIN WRINKLED, EXHAUST DIFFUSER DAMAGED, THE APU COWL DOOR BLOWN OFF AND WERE FOUND ON THE RAMP/GROUND. THE STARTER GENERATOR AND ITS TERMINAL BLOCK WERE DAMAGED. A SAFETY RECOMMENDATION WAS FORWARDED TO AAI-200 ON MARCH 12, 2007. THE INCIDENT REMAINS UNDER INVESTIGATION.",BOMBDR,DHC8402,,"OPDEF, Other Than Pi;4930",,1.0794195320690703,-2.659574468085102,-1.7163363631603756,6.10865609565896,mild_growth,mild_decline,mild_decline,strong_growth,ASIAS
20070201001399I,2.0,,Unknown,Daylight,UNK,Unknown,Unknown,2007,2,"(-23) ON TAKEOFF ONE OF THE RIGHT MAIN TIRES BLEW. ON LANDING THE OTHER RIGHT MAIN TIRE BLEW. AIRCRAFT DAMAGE WAS L

(-23) ON TAKEOFF ONE OF THE RIGHT MAIN TIRES BLEW. ON LANDING THE OTHER RIGHT MAIN TIRE BLEW. AIRCRAFT DAMAGE WAS LIMITED TO RIGHT INBOARD FLAP.",CNDAIR,CL6002B19,,"OPDEF, Other Than Pi;3244",,0.06318863136749453,-4.371584699453557,-1.7163363631603756,-3.634729000770609,stable,mild_decline,mild_decline,mild_decline,ASIAS
20070320004659I,2.0,,Unknown,Daylight,UNK,Unknown,5000+,2007,3,"(-23) FLIGHT 5247 WAS AT CRUISE WHEN THE LEFT FRONT WINDSHIELD CRACKED, PILOT DECLARED AN EMERGENCY AND LANDED AT M

(-23) FLIGHT 5247 WAS AT CRUISE WHEN THE LEFT FRONT WINDSHIELD CRACKED, PILOT DECLARED AN EMERGENCY AND LANDED AT MIDDLETOWN, AIRCRAFT TAXIED TO THE GATE WITHOUT INCIDENT.",SAAB,340B,,"OPDEF, Other Than Pi;4940",,1.0794195320690703,-2.659574468085102,-1.7163363631603756,6.10865609565896,mild_growth,mild_decline,mild_decline,strong_growth,ASIAS
20070302831039I,0.0,,IMC,Unknown,UNK,Other,Unknown,2007,3,"(-23) LEFT HAND PROPELLER STRUCK GATE B6 JETWAY AT MSP AIRPORT WHILE BEING TAXIED TO THE GATE AFTER OVERNIGHT MAINT

(-23) LEFT HAND PROPELLER STRUCK GATE B6 JETWAY AT MSP AIRPORT WHILE BEING TAXIED TO THE GATE AFTER OVERNIGHT MAINTENANCE. DUE TO A THICK ICE SHEET THAT WAS PREVALENT OVER ALL OF THE GATE AREAS, THE MAINTENANCE CREW MADE A SAFETY DECISION TO STOP APPROXIMATELY 10 FEET FROM THE GATE EVEN THOUGH BEING PRESSURED FROM THE MALA GROUND OPERATIONS CONTROL AND THE MARSHALLERS TO CONTINUE TO THE GATE. AFTER STOPPING THE AIRCRAFT, THE MAINTENANCE CREW PROCEEDED TO FEATHER THE PROPELLERS WHICH CAUSES A BRIEF FORWARD SURGING THAT INITIATED THE SLIDING OF THE AIRCRAFT - NOSE RIGHT/TAIL LEFT - AND STRONG RIGHT AFT QUARTERING TAIL WIND EXACERBATED THE SKID. RAMP CONDITIONS WERE ICY, SNOW COVERED, AND VERY SLIPPERY. NO AGGREGATE HAD BEEN PUT DOWN PRIOR TO THIS OCCURANCE. MALA HAS INITIATED AN INTERNAL INVESTIGATION TO PUT IN PLACE PROCEDURES WITH REGARD TO ICY RAMP CONDITIONS.",SAAB,340B,,"Miscellaneous, Other;Unsuitable Terrain S",,1.0794195320690703,-2.659574468085102,-1.7163363631603756,6.10865609565896,mild_growth,mild_decline,mild_decline,strong_growth,ASIAS
20070201001669I,2.0,,Unknown,Daylight,UNK,Unknown,Unknown,2007,2,"(-23) ON FEBRUARY 01, 2007 AT 1041 LOCAL TIME, AIRCRAFT N16520, FLIGHT 2620, WHILE ENROUTE FROM HOUSTON, TEXAS (HOU

(-23) ON FEBRUARY 01, 2007 AT 1041 LOCAL TIME, AIRCRAFT N16520, FLIGHT 2620, WHILE ENROUTE FROM HOUSTON, TEXAS (HOU) TO WICHITA, KS (ICT), THE PILOT, CAPTAIN ^PRIVACY DATA OMITTED^ REPORTED THAT WHEN HE WAS ABOUT 10 MILES OUT FROM WICHITA MID-CONTINENT AIRPORT HE RECEIVED A FLAPS MESSAGE ON EICAS DURING DESCENT, FLAPS STUCK AT ZERO. THE PILOT CAPTAIN ^PRIVAC^ CONTACTED THE CONTROL TOWER AND DECLARED AN EMERGENCY. THE TOWER THEN NOTIFIED PUBLIC SAFETY AT APPROXIMATELY 1041 LOCAL TIME. AIRCRAFT LANDED UNEVENTFULLY AT ICT. THE AIRCRAFT TAXIED TO GATE 3, AND A VISUAL INSPECTION WAS PERFORMED, NO DAMAGE TO THE AIRCRAFT WAS FOUND. AN AIRCRAFT LOGBOOK ENTRY WAS WRITTEN ON PAGE 216411 BY THE CREW MEMBER, AND CONTRACT MAINTENANCE WAS NOTIFIED.",EMB,EMB135LR,,"OPDEF, Other Than Pi;2751",,0.06318863136749453,-4.371584699453557,-1.7163363631603756,-3.634729000770609,stable,mild_decline,mild_decline,mild_decline,ASIAS
20070118001419I,2.0,,Unknown,Daylight,UNK,Unknown,5000+,2007,1,"(-23) 01/18/2007, AT 1137E, PIEDMONT AIRLINES FLIGHT 4339, A DHC-8-311, DIVERTED TO CHO AND LANDED ON RUNWAY 21 AFT

(-23) 01/18/2007, AT 1137E, PIEDMONT AIRLINES FLIGHT 4339, A DHC-8-311, DIVERTED TO CHO AND LANDED ON RUNWAY 21 AFTER REPORTING AN ELECTRICAL FIRE IN THE COCKPIT. THE FLIGHT DEPARTED FROM PHILADELPHIA AIRPORT, PA AND WAS ENROUTE TO ROANOKE, VA WHEN THE INCIDENT OCCURRED. THE FLIGHT CREW REPORTED THE FIRE EXTINGUISHED WHILE IN FLIGHT WHEN THEY TURNED OFF THE WINDSHIELD HEAT. THE FIRST OFFICER'S WINDSHIELD CRACKED DURING THE INCIDENT. THE CHO ARFF RESPONDED AND THE AIRCRAFT TAXIED TO THE RAMP WITHOUT FURTHER INCIDENT OR INJURIES. THE WINDSHIELD AND WINDSHIELD HEAT CONTROLLER WAS REPLACED. REPAIRS WERE MADE TO THE AIRCRAFT WIRING. THE REMOVED COMPONENTS HAVE BEEN QUARANTINED UNTIL THE MANUFACTURER INSPECTS THEM TO DETERMINE THE ORIGIN AND CAUSE OF THE FAILURE. THE CHDO IS WORKING WITH THE AIR CARRIER ON THIS INCIDENT.",DHAV,DHC8311,,"OPDEF, Other Than Pi;3040",,0.14823609056908715,-3.6649214659685736,-1.7163363631603756,-5.149437184629324,stable,mild_decline,mild_decline,strong_decline,ASIAS
20070319004779I,2.0,,Unknown,Daylight,UNK,Unknown,2000-5000,2007,3,"(-23) FLIGHT 4078 ENROUTE FROM CLEVELAND, OH TO PHILADELPHIA, PA DIVERTED AND LANDED ON RUNWAY 31 AFTER THE NUMBER

(-23) FLIGHT 4078 ENROUTE FROM CLEVELAND, OH TO PHILADELPHIA, PA DIVERTED AND LANDED ON RUNWAY 31 AFTER THE NUMBER TWO ENGINE INTEGRATED DRIVE GENERATOR (IDG) WARNING LIGHT ILLUMINATED. THE #2 ENGINE IDG WAS SHUT DOWN, AND THE APU WAS STATED UTILIZING ITS GENERATOR AS THE AIRCRAFT'S SECOND GENERATOR. THE ARFF RESPONDED AND THE AIRCRAFT TAXIED TO THE RAMP WITHOUT INCIDENT.",CNDAIR,CL6002B19,,"OPDEF, Other Than Pi;2421",,1.0794195320690703,-2.659574468085102,-1.7163363631603756,6.10865609565896,mild_growth,mild_decline,mild_decline,strong_growth,ASIAS
20070225004759I,0.0,,Unknown,Daylight,UNK,Other,Unknown,2007,2,"(-23) LEFT WING TRAILING EDGE OUTBOARD OF AILERON WAS DAMAGED BY SNOW REMOVAL EQUIPMENT WHILE AIRCRAFT WAS PARKED A

(-23) LEFT WING TRAILING EDGE OUTBOARD OF AILERON WAS DAMAGED BY SNOW REMOVAL EQUIPMENT WHILE AIRCRAFT WAS PARKED AT GATE D-12. VEHICLE WAS PARKED WHEN DAMAGE WAS DISCOVERED TO THE WINDSHIELD AND FRAME. DRIVER HAS NOT BEEN IDENTIFIED FOR A STATEMENT AT THIS TIME. THIS REPORT IS CLOSED.",DOUG,DC982,,"Miscellaneous, Other;Fail Avd Objs Or Obs",,0.06318863136749453,-4.371584699453557,-1.7163363631603756,-3.634729000770609,stable,mild_decline,mild_decline,mild_decline,ASIAS
20070319003159I,2.0,,VMC,Night,UNK,Unknown,Unknown,2007,3,"(-23) ENROUTE LAS-MSP, RTF DUE TO NO. 2 ENGINE FAILURE. FIRE BOTTLE DISCHARGED, LANDED WITHOUT INCIDENT. AWXA MAINT

(-23) ENROUTE LAS-MSP, RTF DUE TO NO. 2 ENGINE FAILURE. FIRE BOTTLE DISCHARGED, LANDED WITHOUT INCIDENT. AWXA MAINTENANCE REMOVED AND REPLACED NO. 2 ENGINE PER COMPANY AIRCRAFT MAINTENANCE MANUAL PROCEDURES. ACTUAL DAMAGE/TEARDOWN REPORT/ROOT CAUSE TBD.",AIRBUS,A320231,,"OPDEF, Other Than Pi;7230",,1.0794195320690703,-2.659574468085102,-1.7163363631603756,6.10865609565896,mild_growth,mild_decline,mild_decline,strong_growth,ASIAS
20070310004939I,2.0,,Unknown,Daylight,UNK,Other,Unknown,2007,3,"(-23) A PASSENGER ^PRIVACY DATA OM^ STRUCK A FLIGHT ATTENDANT WHEN HE WAS DIRECTED TO FASTEN HIS SEAT BELT. THE INC

(-23) A PASSENGER ^PRIVACY DATA OM^ STRUCK A FLIGHT ATTENDANT WHEN HE WAS DIRECTED TO FASTEN HIS SEAT BELT. THE INCIDENT SOON ESCALATED AND THE PASSENGER SWUNG A CLOSED FIST AT AN ASSISTING FLIGHT ATTENDANT, HITTING HIM IN THE RIGHT EYE. THE PASSENGER WAS SUBDUED AND RESTRAINED WITH THE HELP OF OTHER PASSENGERS. HE WAS BOUND AND THEN STRAPPED INTO HIS SEAT FOR LANDING. ^PRIVACY DAT^",AIRBUS,A320232,,"Miscellaneous, Other;Unauthorized Action",,1.0794195320690703,-2.659574468085102,-1.7163363631603756,6.10865609565896,mild_growth,mild_decline,mild_decline,strong_growth,ASIAS
20070214001199I,2.0,,VMC,Daylight,UNK,Unknown,Unknown,2007,2,"(-23) N8688C, CL-600-2B19, OPERATING AS PINNACLE AIRLINES FLIGHT 5879 WAS INBOUND TO OMAHA, NE, FROM DETROIT, MI. T

(-23) N8688C, CL-600-2B19, OPERATING AS PINNACLE AIRLINES FLIGHT 5879 WAS INBOUND TO OMAHA, NE, FROM DETROIT, MI. THE CREW DECLARED AN EMERGENCY DUE TO A FLAP PROBLEM. THE CREW LANDED THE AIRPLANE SAFELY. THE CREW RECEIVED A FLAPS FAIL MESSAGE WHEN THEY SELECTED FLAPS. THE FLAPS FAILED AT ZERO DEGREES. MAINTENANCE FOUND THE FLAPS AT THE ZERO DEGREE POSITION. MAINTENANCE INSPECTED, AND FOUND NO BINDING NOR SPLIT FLAPS. THE MECHANIC REAPPLIED POWER AND OPERATED FLAP SYSTEM TO 20 DEGREES. HE REINSPECTED THE FLAPS PER AIRWORTHINESS DIRECTIVE 2006-12-21. THE AIRCRAFT WAS FERRIED TO MEMPHIS, TN, IN ACCORDANCE WITH AIRWORTHINESS DIRECTIVE 2006-12-21.",CNDAIR,CL6002B19,,"OPDEF, Other Than Pi;2750",,0.06318863136749453,-4.371584699453557,-1.7163363631603756,-3.634729000770609,stable,mild_decline,mild_decline,mild_decline,ASIAS
20070202001009I,2.0,,VMC,Daylight,UNK,Unknown,Unknown,2007,2,"(-23) N8771A, CL-600-2B19, OPERATING AS PINNACLE AIRLINES FLIGHT 5798 WAS INBOUND TO OMAHA, NE, WHEN THE CREW DECLA

(-23) N8771A, CL-600-2B19, OPERATING AS PINNACLE AIRLINES FLIGHT 5798 WAS INBOUND TO OMAHA, NE, WHEN THE CREW DECLARED AN EMERGENCY DUE TO A FLAP PROBLEM. THE CREW LANDED THE AIRPLANE SAFELY. THE CREW TOLD MAINTENANCE THAT THE FLAPS WERE SET AT 20 DEGREES, AND INDICATING 20 DEGREES, WHEN THEY RECEIVED A FLAPS FAIL MESSAGE. MAINTENANCE FOUND THE FLAPS AT THE ZERO DEGREE POSITION. THE AIRCRAFT WAS FERRIED TO MEMPHIS, TN, IN ACCORDANCE WITH AIRWORTHINESS DIRECTIVE 2006-12-21.",CNDAIR,CL6002B19,,"OPDEF, Other Than Pi;2750",,0.06318863136749453,-4.371584699453557,-1.7163363631603756,-3.634729000770609,stable,mild_decline,mild_decline,mild_decline,ASIAS
20070115000679I,2.0,,Unknown,Night,UNK,Unknown,Unknown,2007,1,"(-23) ON JANUARY 15, 2007, THE FLIGHT CREW FOR SHUTTLE AMERICA CORPORATION OPERATING AS FLIGHT 7726, DEPARTING DENV

(-23) ON JANUARY 15, 2007, THE FLIGHT CREW FOR SHUTTLE AMERICA CORPORATION OPERATING AS FLIGHT 7726, DEPARTING DENVER, COLORADO (DEN) FOR KANSAS, CITY MO (MCI) DIVERTED TO WICHITA, KANSAS (ICT) BECAUSE OF A FLAP SLAT FAILURE MESSAGE INDICATION. AN AIRCRAFT EMERGENCY WAS DECLARED AND THE WICHITA AIRPORT AUTHORITY EMERGENCY VEHICLES WERE DISPATCHED FOR THE LANDING OF AIRCRAFT N637RW. AIRCRAFT N637RW WAS LANDED SAFELY WITH NO FURTHER INCIDENT.",EMB,ERJ170100SE,,"OPDEF, Other Than Pi;2781",,0.14823609056908715,-3.6649214659685736,-1.7163363631603756,-5.149437184629324,stable,mild_decline,mild_decline,strong_decline,ASIAS
20070119001779I,2.0,,VMC,Daylight,UNK,Unknown,Unknown,2007,1,"(-23) ON 01/19/07 AT 1135EST COMAIR FLIGHT 5385 DIVERTED AND LANDED ON RUNWAY 34 AFTER REPORTING A NUMBER 2 HYDRAUL

(-23) ON 01/19/07 AT 1135EST COMAIR FLIGHT 5385 DIVERTED AND LANDED ON RUNWAY 34 AFTER REPORTING A NUMBER 2 HYDRAULIC SYSTEM FAILURE WHILE ENROUTE FROM LAGUARDIA, NY TO CHARLESTON, SC. THE AIRCRAFT TAXIED TO THE RAMP WITHOUT FURTHER INCIDENT. MAINTENANCE PERSONNEL DETERMINED THAT THE NUMBER 2 HYDRAULIC SYSTEM CASE DRAIN TUBE ASSEMBLY HAD FAILED.",CNDAIR,CL6002B19,,"OPDEF, Other Than Pi;2910",,0.14823609056908715,-3.6649214659685736,-1.7163363631603756,-5.149437184629324,stable,mild_decline,mild_decline,strong_decline,ASIAS
20070125832279I,2.0,,VMC,Daylight,UNK,Unknown,5000+,2007,1,"FLIGHT CREW DID NOT DIVERT TO NEAREST AIRPORT. EIR MAY BE DONE. AD COMPLIANCE MAY NOT HAVE BEEN ACCOMPLISHED OR BEE

FLIGHT CREW DID NOT DIVERT TO NEAREST AIRPORT. EIR MAY BE DONE. AD COMPLIANCE MAY NOT HAVE BEEN ACCOMPLISHED OR BEEN INEFFECTIVE. EIR MAY BE DONE.",CNDAIR,CL6002B19,,"OPDEF, Other Than Pi;7230",,0.14823609056908715,-3.6649214659685736,-1.7163363631603756,-5.149437184629324,stable,mild_decline,mild_decline,strong_decline,ASIAS
20070502831409I,2.0,,VMC,Daylight,UNK,Unknown,Unknown,2007,5,"(-23) ATL FSDO ON SCENE INITIAL START OF THE INCIDENT, ON 5-16-07 FAA ICC TURNED OVER TO THE DFW FSDO. PRELIMINARY

(-23) ATL FSDO ON SCENE INITIAL START OF THE INCIDENT, ON 5-16-07 FAA ICC TURNED OVER TO THE DFW FSDO. PRELIMINARY CLASSIFICATION AS AN INCIDENT BASED ON NTSB (45 CFR 830.5). AIRLINE REPORTED ON DESCENT INTO HARTSFIELD-JACKSON ATLANTA INTERNATIONAL AIRPORT, ATLANTA, GEORGIA (ATL) THROUGH 10,000 FT AND SLOWING THROUGH 250 KTS, AUTOPILOT OUT OF TRIM INDICATOR ILLUMINATED AND REMAINED ILLUMINATED GREATER THAN 5 SECONDS. ON AUTOPILOT DISENGAGE AIRCRAFT NOSED OVER. PITCH TRIM INDICATED APPROXIMATELY 1 DEGREE ANU. ATTEMPTED TO TRIM WITH BOTH CONTROL YOKE SWITCHES, ALTERNATE ELECTRIC PITCH TRIM AND MANUAL PITCH TRIM WITHOUT SUCCESS. DISCONTINUED APPROACH, DECLARED EMERGENCY AND LANDED UNEVENTFULLY AT ATL. AIRLINE AND NTSB REPORTED MALFUNCTION OF THE HORIZONTAL STABILIZER.",DOUG,DC1030,,"OPDEF, Other Than Pi;2740",,1.9117446664251414,18.285714285714285,11.873346385632422,7.6236172197787555,mild_growth,strong_growth,strong_growth,strong_growth,ASIAS
20070329006329I,2.0,,Unknown,Daylight,UNK,PIC,2000-5000,2007,3,"(-23) SHORTLY AFTER DEPARTURE FROM MDW PILOT STATED THAT THE AIRCRAFT FELT AS IF IT HAD A FLAT NOSE TIRE. AIRCRAFT

(-23) SHORTLY AFTER DEPARTURE FROM MDW PILOT STATED THAT THE AIRCRAFT FELT AS IF IT HAD A FLAT NOSE TIRE. AIRCRAFT DECLARED AN EMERGENCY PRIOR TO LANDING AT SPI. AIRCRAFT LANDED WITHOUT INCIDENT, AND WITHOUT ANY PROBLEMS WITH SUSPECTED NOSE TIRE. THIS INCIDENT IS CLOSED WITH THIS REPORT. ^PRIVACY DATA OMITTED^",BEECH,1900D,,"Pilot Induced;Other, Miscellaneous",,1.0794195320690703,-2.659574468085102,-1.7163363631603756,6.10865609565896,mild_growth,mild_decline,mild_decline,strong_growth,ASIAS
20070506824979I,2.0,,Unknown,Daylight,UNK,Unknown,Unknown,2007,5,"(-23) CALA FLIGHT 1166 ORD-EWR DIVERTED TO CLE AND LANDED WITHOUT INCIDENT DUE TO A LANDING GEAR INDICATION LIGHT T

(-23) CALA FLIGHT 1166 ORD-EWR DIVERTED TO CLE AND LANDED WITHOUT INCIDENT DUE TO A LANDING GEAR INDICATION LIGHT THAT STAYED ON INFLIGHT. CALA CLE MAINTENANCE PERFORMED LEFT MAIN LANDING GEAR SENSOR ADJUSTMENT TEST AND PERFORMED GEAR SWING WITHOUT DISCREPANCIES. LOGIC CARD M987 WAS REMOVED AND REPLACED. AIRCRAFT WAS RETURNED TO SERVICE.",BOEING,737524,,"OPDEF, Other Than Pi;3260",,1.9117446664251414,18.285714285714285,11.873346385632422,7.6236172197787555,mild_growth,strong_growth,strong_growth,strong_growth,ASIAS
20070413005789I,2.0,,VMC,Unknown,UNK,Unknown,Unknown,2007,4,"(-23) ACFT IN CRUISE OVER SITKA (SIT) FL310 EXPERIENCED ELECTRICAL FAILURE, DC FAIL LIGHTS, MASTER CAUTION ILLUMINA

(-23) ACFT IN CRUISE OVER SITKA (SIT) FL310 EXPERIENCED ELECTRICAL FAILURE, DC FAIL LIGHTS, MASTER CAUTION ILLUMINATED, AVIONICS PWR FAILURE, LOSS OF COMML/NAVL, N2 AND EGT INDICATOR FAILURE. AIRCRAFT DECLARED EMERGENCY WITH ANCHORAGE CENTER (ZAN). ACFT DIVERTED TO JUNEAU (JNU) LANDING UNEVENTFUL.",BOEING,737490,,"OPDEF, Other Than Pi;2424",,1.6997775587404673,5.434782608695654,11.873346385632422,10.216887191379076,mild_growth,strong_growth,strong_growth,strong_growth,ASIAS
20070512007739I,2.0,,VMC,Daylight,UNK,Unknown,Unknown,2007,5,"(-23) THE AIRCRAFT ARRIVED IN DENVER CO AND THE FORWARD UPPER RIGHT ENGINE COWL PANEL WAS MISSING. THERE WERE FIVE

(-23) THE AIRCRAFT ARRIVED IN DENVER CO AND THE FORWARD UPPER RIGHT ENGINE COWL PANEL WAS MISSING. THERE WERE FIVE FASTENERS INTACT ON THE RIGHT ENGINE FORWARD OUTBOARD NACELLE. THE RIGHT HORIZONTAL STABILIZER WAS DENTED AND GOUGED AT MID SPAN. THE COWL PANEL WAS LOCATED BY COS AIRPORT PERSONNEL AND IDENTIFIED BY SKYWEST AIRLINES PERSONNEL AS BELONGING TO N944SW. THAT PANEL WAS INSPECTED AND THE FASTENERS NOT ATTACHED TO THE NACELLE WERE INTACT IN THE COWL PANEL. THE PANEL WAS BROKEN IN HALF. SKYWEST CMO IS CONDUCTING AN INVESTIGATION INTO THIS INCIDENT. SKYWEST AIRLINES, THE INSTALLING MECHANIC AND INSPECTOR HAVE FILED ASAP REPORTS.",CNDAIR,CL6002B19,,Pilot And Maintenanc;7110,,1.9117446664251414,18.285714285714285,11.873346385632422,7.6236172197787555,mild_growth,strong_growth,strong_growth,strong_growth,ASIAS
20070325004009I,2.0,,VMC,Daylight,UNK,Unknown,Unknown,2007,3,"(-23) N8409N, CL-600-2B19, WAS OPERATED BY PINNACLE AIRLINES AS NORTHWEST AIRLINK FLIGHT 5702 FROM MEMPHIS, TN, TO

(-23) N8409N, CL-600-2B19, WAS OPERATED BY PINNACLE AIRLINES AS NORTHWEST AIRLINK FLIGHT 5702 FROM MEMPHIS, TN, TO OMAHA, NE. THE CREW REPORTED TO THE OMAHA AIR TRAFFIC CONTROL TOWER THAT THEY HAD NO FLAPS. THE AIRCRAFT LANDED SAFELY AT OMAHA. THE CREW WROTE IN THE LOGBOOK THAT WHEN THEY RETRACTED THE FLAPS TO ZERO AFTER TAKEOFF, THEY RECEIVED A FLAPS FAIL MESSAGE. CONTRACT MAINTENANCE FOUND THE FLAPS AT THE ZERO POSITION. MAINTENANCE COMPLIED WITH AD 2006-12-21 INCLUDING VISUAL INSPECTION, RESETTING THE FLAPS, AND A LOBOOK ENTRY PUTTING THE FLAPS ON A SEVENTY TWO HOUR WATCH.",CNDAIR,CL6002B19,,"OPDEF, Other Than Pi;2750",,1.0794195320690703,-2.659574468085102,-1.7163363631603756,6.10865609565896,mild_growth,mild_decline,mild_decline,strong_growth,ASIAS
20070512008409I,2.0,,VMC,Daylight,UNK,Unknown,2000-5000,2007,5,"(-23) DURING APPROACH WHEN CREW SELECTED GEAR DOWN THE LANDING GEAR RELAY CONTROL CB TRIPPED WHEN THE GEAR WAS HALF

(-23) DURING APPROACH WHEN CREW SELECTED GEAR DOWN THE LANDING GEAR RELAY CONTROL CB TRIPPED WHEN THE GEAR WAS HALFWAY DOWN. THE CREW ABORTED THE APPROACH AND MANUALLY EXTENDED THE GEAR AND DECLARED AN EMERGENCY. THE AIRCRAFT LANDED ON RUNWAY 4 WITH NO FURTHER INCIDENT. THIS INCIDENT IS CLOSED WITH THIS REPORT.",BEECH,1900D,,"OPDEF, Other Than Pi;3234",,1.9117446664251414,18.285714285714285,11.873346385632422,7.6236172197787555,mild_growth,strong_growth,strong_growth,strong_growth,ASIAS
20070608012039I,2.0,,Unknown,Daylight,UNK,Unknown,5000+,2007,6,"(-23) ON JUNE 08, 2007 AT 0728 LOCAL TIME, AIRCRAFT N76202, FLIGHT #2007, WHILE ENROUTE FROM AUSTIN, TEXAS (AUS) TO

(-23) ON JUNE 08, 2007 AT 0728 LOCAL TIME, AIRCRAFT N76202, FLIGHT #2007, WHILE ENROUTE FROM AUSTIN, TEXAS (AUS) TO CHICAGO ILLINOIS-O'HARE (ORD), CAPTAIN ^PRIVACY DATA OMITTED^ CONTACTED CONTROL TOWER AT WICHITA, KS (ICT) AND DECLARED AN EMERGENCY DUE TO PRESSURIZATION PROBLEM. EMERGENCY LANDING WAS REQUESTED AND AIRCRAFT LANDED AT 1228Z WITHOUT INCIDENT. AIRCRAFT OVERWEIGHT LANDING MADE AT 135,900 LBS. WICHITA AIRLINES MAINTENANCE SERVICE (CONTRACT MAINTENANCE) WAS CALLED OUT TO INSPECT THE AIRCRAFT AND CORRECT THE DISCREPANCY.",DOUG,DC983,,"OPDEF, Other Than Pi;2133",,0.9830453398891548,12.021857923497258,11.873346385632422,4.973052425281721,stable,strong_growth,strong_growth,mild_growth,ASIAS
20070630012069I,2.0,,Unknown,Daylight,UNK,Unknown,Unknown,2007,6,"(-23) AIRCRAFT DEPARTED SEA FOR ANC DIVERTED TO JNU DUE TO BE ENGINE HYDRAULIC PUMP WARNING LIGHT ILLUMINATION. MAI

(-23) AIRCRAFT DEPARTED SEA FOR ANC DIVERTED TO JNU DUE TO BE ENGINE HYDRAULIC PUMP WARNING LIGHT ILLUMINATION. MAINTENANCE IN JUNEAU FOUND B SYSTEM ACOUSTIC FILTER LEAKING FROM BLOWN ""O"" RING. ALASKA AIRLINES MAINTENANCE REPLACED THE ACOUSTIC FILTER AND LEAKED CHECKED THE SYSTEM. CONTACTED ALASKA AIRLINES CMO PPM ^PRIVACY DATA OMITTED^. ALASKA AIRLINES QUALITY CONTROL TRACKS ITEMS OF THIS NATURE THROUGH THEIR RELIABILITY REPORTING SYSTEM AND ANY REPEATING PILOT REPORTS RECURRING WITHIN A SPECIFIED PERIOD OF TIME ARE ALSO TRACKED.",BOEING,737490,,"OPDEF, Other Than Pi;2910",,0.9830453398891548,12.021857923497258,11.873346385632422,4.973052425281721,stable,strong_growth,strong_growth,mild_growth,ASIAS
20070627825669I,2.0,,VMC,Daylight,UNK,Unknown,Unknown,2007,6,"(-23) WHILE TAXIING FOR DEPARTURE, FLIGHT ATTENDANT REPORTED SMOKE AND HEAT IN THE CABIN AREA. FLIGHT CREW SECURED

(-23) WHILE TAXIING FOR DEPARTURE, FLIGHT ATTENDANT REPORTED SMOKE AND HEAT IN THE CABIN AREA. FLIGHT CREW SECURED THE AIRCRAFT AND EVACUATED THE PASSENGERS ON THE TAXIWAY. A CANADIAN CIVIL AVIATION SAFETY INSPECTOR INVESTIGATED THE INCIDENT AND DETERMINED THAT THE SUPPLEMENTAL AIR CONDITIONING SYSTEM MOTOR HAD FAILED, THREW THE DRIVE BELT OFF AND WAS CAUSING SOME SMOKE IN THE CABIN. THE SYSTEM WAS DISABLED PER THE MINIMUM EQUIPMENT LIST. THE AIRCRAFT WAS THEN RETURNED TO SERVICE. ALSO, THE FSDO BECAME AWARE OF THIS INCIDENT VIA THE CARRIER'S MIS REPORTING SYSTEM. THE FSDO WAS NEVER OFFICIALLY NOTIFIED. THE REASON BLOCK 36 IS BLANK.",SAAB,340B,,"OPDEF, Other Than Pi;2150",,0.9830453398891548,12.021857923497258,11.873346385632422,4.973052425281721,stable,strong_growth,strong_growth,mild_growth,ASIAS
20070612825959I,2.0,,Unknown,Night,UNK,Other,Unknown,2007,6,"(-23) DURING PUSH BACK OF FLIGHT #7643 AT APPROXIMATELY 200 FEET FROM GATE, THE PUSH BACK TUG CAUGHT FIRE WHILE STI

(-23) DURING PUSH BACK OF FLIGHT #7643 AT APPROXIMATELY 200 FEET FROM GATE, THE PUSH BACK TUG CAUGHT FIRE WHILE STILL CONNECTED TO THE AIRCRAFT. CAUSE OF FIRE WAS ATTRIBUTED TO ELECTRICAL PROBLEM WITH TUG. THE CABIN CREW DEPLOYED THE SLIDES AND EVACUATED THE 70 PAX. THREE (3) PERSONS REPORTED MINOR INJURIES AND DECLINED MEDICAL ASSISTANCE. THIS INSPECTOR COMPLETED A RAMP INSPECTION OF THE AIRCRAFT AND FOUND NO VISUAL DAMAGE. SLIDE INFO L1 MODEL 4A032-2 S/N ED0204 DOM 10/04, R1 MODEL 4A032-2 S/N ED0205 DOM 10/04, L2 MODEL 4A4011-2 S/N EA0200 DOM 10/04, R2 MODEL 4A4011-2 S/N EA0198 DOM 10/04. THIS CARRIER HAS A 36 MONTH REQUIRED RECONDITION TASK. ALL SLIDES WERE WITHIN THE MAINTENANCE PROGRAM. ALL SLIDES PERFORMED AS REQUIRED.",EMB,ERJ170100SE,,"Miscellaneous, Other;Defic, Co Maintain E",,0.9830453398891548,12.021857923497258,11.873346385632422,4.973052425281721,stable,strong_growth,strong_growth,mild_growth,ASIAS
20070605009399I,2.0,,Unknown,Unknown,UNK,PIC,5000+,2007,6,"(-23) UALA FLIGHT 521 ENROUTE TULSA TO DENVER WHEN FIRST OFFICER ^PRIVACY DATA OMITTED^ COMPLAINED OF SEVERE STOMAC

(-23) UALA FLIGHT 521 ENROUTE TULSA TO DENVER WHEN FIRST OFFICER ^PRIVACY DATA OMITTED^ COMPLAINED OF SEVERE STOMACH CRAMPS. CAPTAIN REQUESTED EXPEDITED HANDLING FROM DENVER CENTER AND WAS ACCOMODATED. AIRCRAFT LANDED WITHOUT INCIDENT.",BOEING,737522,,"Miscellaneous, Other;Other, Miscellaneous",,0.9830453398891548,12.021857923497258,11.873346385632422,4.973052425281721,stable,strong_growth,strong_growth,mild_growth,ASIAS
20070605009639I,2.0,,VMC,Daylight,UNK,Unknown,5000+,2007,6,"(-23) AT APPROXIMATELY 115 KNOTS ON TAKEOFF, THE CREW WITNESSED DUST AND SHAKING FROM THE NOSE WHEEL. THEY ABORTED

(-23) AT APPROXIMATELY 115 KNOTS ON TAKEOFF, THE CREW WITNESSED DUST AND SHAKING FROM THE NOSE WHEEL. THEY ABORTED THE TAKEOFF AND RETURNED TO THE GATE WHERE THEY FOUND THE RIGHT NOSE WHEEL TIRE SHREDDED. THEY ALSO FOUND DAMAGE TO THE GEAR DOOR AND SEVERAL DENTS IN THE UNDERSIDE OF THE FUSELAGE. THE CAPTAIN MADE 3 WRITE UPS IN THE MAINTENANCE LOG AND CONTRACT MAINTENANCE WAS CALLED TO THE AIRCRAFT.",CNDAIR,CL6002B19,,"OPDEF, Other Than Pi;3244",,0.9830453398891548,12.021857923497258,11.873346385632422,4.973052425281721,stable,strong_growth,strong_growth,mild_growth,ASIAS
20070520015369I,2.0,,VMC,Night,UNK,Unknown,Unknown,2007,5,"(-23) APPROXIMATELY 2339 EDT THE AIRCRAFT, WHILE ENROUTE FROM PHL TO GSO, DIVERTED AND LANDED ON RUNWAY 2 AT RIC AF

(-23) APPROXIMATELY 2339 EDT THE AIRCRAFT, WHILE ENROUTE FROM PHL TO GSO, DIVERTED AND LANDED ON RUNWAY 2 AT RIC AFTER REPORTING A FIRE WARNING INDICATION IN THE REAR BAGGAGE CARGO HOLD. THE ARFF RESPONDED, THE RUNWAY WAS CLOSED AND THE 39 PASSENGERS, 6 NON-REV AND THREE CREW MEMBERS EXECUTED AN EMERGENCY EVACUATION INITIATED BY THE CAPTAIN, USING ALL AVAILABLE EXITS EQUALLY (MAIN CABIN DOOR, GALLEY DOOR, AND OVER WING EXITS). THERE WERE NO MALFUNCTIONS OF THE EXITS, SLIDES OR DOORS. THERE WERE NO INJURIES DURING THE EVACUATION. THE CAPTAIN STATED THAT ALL PASSENGERS ON BOARD WERE EVACUATED BY THE TIME THE FIRE TRUCKS ARRIVED ON SCENE WHICH WAS APPROXIMATELY 2 TO 3 MINUTES. THERE WAS NO SIGN OF A FIRE OBSERVED EITHER PHYSICALLY OR THERMALLY BY THE ARFF FIRE CAPTAIN. MAINTENANCE PERSONNEL DETERMINED THAT THE FIRE WARNING TEST SWITCH WAS DEFECTIVE. THE AIRCRAFT WAS FERRIED TO LGA FOR REPLACEMENT OF THE TEST SWITCH AND SYSTEM CHECK OUT.",EMB,EMB145LR,,"OPDEF, Other Than Pi;2612",,1.9117446664251414,18.285714285714285,11.873346385632422,7.6236172197787555,mild_growth,strong_growth,strong_growth,strong_growth,ASIAS
20070617825059I,2.0,,Unknown,Daylight,UNK,CoPilot,<500,2007,6,"(-23) UNITED AIRLINES FLIGHT 149 DEPARTED KORD AT 15:55 PM CDT. CO-PILOT SUFFERED AN APPARENT STROKE. FLIGHT RETURN

(-23) UNITED AIRLINES FLIGHT 149 DEPARTED KORD AT 15:55 PM CDT. CO-PILOT SUFFERED AN APPARENT STROKE. FLIGHT RETURNED TO KORD AT 17:00 CDT. EMERGENCY SERVICES TRANSPORTED THE CO-PILOT TO RESURRECTION HOSPITAL.",BOEING,777222,,"Miscellaneous, Other;Pilot Incap Excludes",,0.9830453398891548,12.021857923497258,11.873346385632422,4.973052425281721,stable,strong_growth,strong_growth,mild_growth,ASIAS
20070524013949I,2.0,,VMC,Daylight,UNK,Unknown,Unknown,2007,5,"(-23) ON MAY 24TH, 2007, ATLANTIC SOUTHEAST AIRLINES (ASA), CRJ 200 AIRCRAFT N933EV WAS ENROUTE FROM SYRACUSE, NY (

(-23) ON MAY 24TH, 2007, ATLANTIC SOUTHEAST AIRLINES (ASA), CRJ 200 AIRCRAFT N933EV WAS ENROUTE FROM SYRACUSE, NY (SYR) TO ATLANTA, GEORGIA (ATL). AT 1127Z WITH THE AIRCRAFT FLYING AT 32,000 FEET THE CREW REPORTED HEARING A LOUD BANG FOLLOWED BY VIBRATIONS AND A LOSS OF THE RIGHT ENGINE. THE CREW DECLARED AN EMERGENCY AND THE AIRCRAFT WAS DIVERTED TO TRI CITY REGIONAL AIRPORT (TRI) IN BLOUNTVILLE, TN. THE AIRCRAFT LANDED SAFELY WITHOUT FURTHER INCIDENT AND NO REPORTED INJURIES TO PASSENGERS OR CREW MEMBERS. INITIAL INSPECTION OF THE ENGINE BY ASA MAINTENANCE HAS IDENTIFIED THE TRANSLATING COWL IS MISSING, ALONG WITH ONE FAN BLADE. ASA HAS SENT A MAINTENANCE TEAM TO PERFORM AN IN-DEPTH INSPECTION.",CNDAIR,CL6002B19,,"OPDEF, Other Than Pi;7230",,1.9117446664251414,18.285714285714285,11.873346385632422,7.6236172197787555,mild_growth,strong_growth,strong_growth,strong_growth,ASIAS
20070610012389I,2.0,,VMC,Daylight,UNK,Unknown,Unknown,2007,6,"(-23) N767SW, B-737-100, WAS OPERATED AS SOUTHWEST AIRLINE FLIGHT 1550, ENROUTE FROM MIDWAY AIRPORT, IL, TO OAKLAND

(-23) N767SW, B-737-100, WAS OPERATED AS SOUTHWEST AIRLINE FLIGHT 1550, ENROUTE FROM MIDWAY AIRPORT, IL, TO OAKLAND, CA. THE CREW DECLARED AN EMERGENCY AND DIVERTED TO OMAHA, NE DUE TO SMOKE IN THE GALLEY. THE AIRCRAFT LANDED SAFELY AND TAXIED TO THE GATE. CONTRACT MAINTENANCE VERIFIED THAT THE REAR COFFEE MAKER WAS CAUSING THE SMOKE, AS THE CREW SUSPECTED. (-23 AMENDMENT) THE COFFEE MAKER WAS DEFERRED PER SWAA MEL, AND THE AIRCRAFT APPROVED FOR RETURN TO SERVICE.",BOEING,7377H4,,"OPDEF, Other Than Pi;2530",,0.9830453398891548,12.021857923497258,11.873346385632422,4.973052425281721,stable,strong_growth,strong_growth,mild_growth,ASIAS
20070705013159I,2.0,,VMC,Daylight,UNK,PIC,Unknown,2007,7,"(-23) REXA FLG5966 RETURNED TO OMAHA DUE TO AN OPEN OXYGEN PANEL LOCATED ON THE EXTERIOR OF THE FUSELAGE BELOW THE

(-23) REXA FLG5966 RETURNED TO OMAHA DUE TO AN OPEN OXYGEN PANEL LOCATED ON THE EXTERIOR OF THE FUSELAGE BELOW THE FIRST OFFICER SIDE WINDOW. NO EMERGENCY DECLARED AND NO SPECIAL HANDLING. AIRCRAFT DID SEVERAL FLY AROUNDS UNTIL THE AIRCRAFT WAS AT LANDING WEIGHT. AIRCRAFT LANDED WITHOUT INCIDENT. IT APPEARS A FLIGHT CREW MEMBER FAILED TO SECURE THE DOOR DURING PRE-FLIGHT.",CNDAIR,CL6002B19,,Pilot Induced;Inadequate Insp Of A,,0.8650708804764706,8.247422680412386,2.834926758818268,6.435643564356441,stable,strong_growth,mild_growth,strong_growth,ASIAS
20070603015099A,2.0,,Unknown,Daylight,UNK,Other,Unknown,2007,6,"(-23) FLIGHT 1221 ENCOUNTERED UNFORECAST, MODERATE TURBULENCE DURING DESCENT BETWEEN 10,000-7,000 FEET WHILE DESCEN

(-23) FLIGHT 1221 ENCOUNTERED UNFORECAST, MODERATE TURBULENCE DURING DESCENT BETWEEN 10,000-7,000 FEET WHILE DESCENDING INTO DEN. WHILE PASSING 7,000' AND INTERCEPTING THE LOCALIZER, ONE OF THE FOUR ONBOARD FLIGHT ATTENDANTS WAS DOING HER FINAL CABIN CHECK WHEN THE AIRCRAFT ENCOUNTERED A JOLT OF MODERATE TURBULENCE, CAUSING THE FLIGHT ATTENDANT TO FALL AND INJURE HER LEFT LEG. AT THE TIME OF THE TURBULENCE ENCOUNTER, THE FLIGHT WAS OPERATING IN VFR CONDITIONS AND THERE WERE NO PIREPS OR TPS ACTIVE FOR THE AREA OF THE ENCOUNTER. THE FLIGHT CONTINUED AND LANDED UNEVENTFULLY IN DEN. PARAMEDICS MET THE FLIGHT AND THE FLIGHT ATTENDANT WAS REMOVED AND TAKEN TO THE HOSPITAL. IT WAS LATER DETERMINED THE FLIGHT ATTENDANT BROKE HER LEFT LEG APPROXIMATELY 6"" ABOVE THE ANKLE.",BOEING,757251,,"Miscellaneous, Other;Other, Miscellaneous",,0.9830453398891548,12.021857923497258,11.873346385632422,4.973052425281721,stable,strong_growth,strong_growth,mild_growth,ASIAS
20070524019139I,2.0,,VMC,Unknown,UNK,Unknown,Unknown,2007,5,"(-23) THE AIRCRAFT REPORTED A LANDING GEAR PROBLEM IMMEDIATELY AFTER TAKE OFF AND RETURNED TO RIC LANDING ON RUNWAY

(-23) THE AIRCRAFT REPORTED A LANDING GEAR PROBLEM IMMEDIATELY AFTER TAKE OFF AND RETURNED TO RIC LANDING ON RUNWAY 16. THE ARFF RESPONDED AND THE AIRCRAFT TAXIED TO THE RAMP WITHOUT FURTHER INCIDENT. MAINTENANCE PERSONNEL DETERMINED THAT THE NOSE LANDING GEAR WEIGHT ON WHEELS SWITCH WAS DAMAGED, CAUSING A LANDING GEAR AIR/GROUND FAIL CAUTION MESSAGE ON THE EICAS IMMEDIATELY AFTER TAKE OFF. MAINTENANCE REPLACED THE SWITCH, PERFORMED NECESSARY CHECKS AND RETURNED THE AIRCRAFT TO SERVICE.",EMB,EMB145,,"OPDEF, Other Than Pi;3260",,1.9117446664251414,18.285714285714285,11.873346385632422,7.6236172197787555,mild_growth,strong_growth,strong_growth,strong_growth,ASIAS
20070718013169I,2.0,,VMC,Daylight,UNK,Unknown,Unknown,2007,7,"(-23) ON JULY 18, 2007, N8790A, FLAGSHIP FLIGHT 5681, A NORTHWEST AIRLINK FLIGHT, OPERATED BY PINNACLE AIRLINE, INC

(-23) ON JULY 18, 2007, N8790A, FLAGSHIP FLIGHT 5681, A NORTHWEST AIRLINK FLIGHT, OPERATED BY PINNACLE AIRLINE, INC., DEPARTED TUL, OK AT APPROXIMATELY 0730. DURING TAKE OFF A STRONG BURNING SMELL ON THE FLIGHT DECK WAS NOTED AND AN OPEN DOOR INDICATION WAS NOTED. THE FLIGHT ATTENDANT AND PASSENGERS NOTED A STRONG BURNING SMELL. THIS OCCURRED AT APPROXIMATELY 0730 (CDT). THE FLIGHT'S INTENDED DESTINATION WAS MINNEAPOLIS, MN. THE AIRCRAFT RETURNED TO THE DEPARTURE POINT, TULSA, OK AND LANDED AT 0744 (CDT). THE WEATHER WAS VISUAL METEOROLOGICAL CONDITIONS AT THE TIME OF DEPARTURE AND LANDING.",CNDAIR,CL6002B19,,"Miscellaneous, Other;7200",,0.8650708804764706,8.247422680412386,2.834926758818268,6.435643564356441,stable,strong_growth,mild_growth,strong_growth,ASIAS
20070718013919I,2.0,,VMC,Daylight,UNK,Unknown,Unknown,2007,7,"(-23) N932SW, CL-600-2B19 WAS OPERATED AS UNITED EXPRESS FLIGHT 6245, ENROUTE FROM LINCOLN, NE TO CHICAGO, IL. CLIM

(-23) N932SW, CL-600-2B19 WAS OPERATED AS UNITED EXPRESS FLIGHT 6245, ENROUTE FROM LINCOLN, NE TO CHICAGO, IL. CLIMBING THRU 11,000 THE CREW RECEIVED AN APU OIL CAUTION MESSAGE. THE FLIGHT RETURNED TO LINCOLNE, NE. COMPANY MAINTENANCE REPLACED THE APU LOW OIL PRESSURE SWITCH.",CNDAIR,CL6002B19,,"OPDEF, Other Than Pi;4990",,0.8650708804764706,8.247422680412386,2.834926758818268,6.435643564356441,stable,strong_growth,mild_growth,strong_growth,ASIAS
20070714014419I,2.0,,Unknown,Unknown,UNK,Unknown,Unknown,2007,7,"(-23) THIS OFFICE NOTIFIED BY NEW ENGLAND AREA OPERATIONS CENTER THAT CONTINENTAL EXPRESS 2853, E145, REPORTED A HY

(-23) THIS OFFICE NOTIFIED BY NEW ENGLAND AREA OPERATIONS CENTER THAT CONTINENTAL EXPRESS 2853, E145, REPORTED A HYDRAULIC PROBLEM PRIOR TO LANDING MANCHESTER, NH RUNWAY 17 AT 2040 EDT, 7/14/07. THIS INSPECTOR SPOKE WITH C2XA AIRCRAFT MAINTENANCE AND WAS INFORMED THAT #2 HYDRAULIC SYSTEM HAD FAILED AS A RESULT OF A #2 ENGINE DRIVEN HYDRAULIC PUMP FAILURE AND THAT THE AIRCRAFT WAS DIVERTED INTO MANCHESTER, NH. ENGINE DRIVEN HYDRAULIC PUMP WAS REMOVED AND REPLACED BY C2XA AIRCRAFT MAINTENANCE IN MANCHESTER, NH. NOTIFIED PMI, POI, AND NTSB OF PUMP FAILURE.",EMB,EMB145LR,,"OPDEF, Other Than Pi;2913",,0.8650708804764706,8.247422680412386,2.834926758818268,6.435643564356441,stable,strong_growth,mild_growth,strong_growth,ASIAS
20070818018779I,2.0,,Unknown,Night,UNK,Other,Unknown,2007,8,"(-23) DISRUPTIVE PASSENGER THREATENED, INTIMIDATED, AND INTERFERED WITH THE CABIN CREW DURING FLIGHT. ^PRIVACY DATA

(-23) DISRUPTIVE PASSENGER THREATENED, INTIMIDATED, AND INTERFERED WITH THE CABIN CREW DURING FLIGHT. ^PRIVACY DATA OMITTED^",BOEING,7377H4,,"Miscellaneous, Other;Cntl Intfr By Passen",,0.47712382064317715,3.864734299516903,2.834926758818268,4.55727554179568,stable,mild_growth,mild_growth,mild_growth,ASIAS
20070809022929I,2.0,,Unknown,Unknown,UNK,Other,Unknown,2007,8,"(-23) ON AUGUST 9, 2007 WHILE ON BOARD SOUTHWEST AIRLINES (SWAA) FLIGHT NUMBER 2632 THAT DEPARTED THE CHICAGO MIDWA

(-23) ON AUGUST 9, 2007 WHILE ON BOARD SOUTHWEST AIRLINES (SWAA) FLIGHT NUMBER 2632 THAT DEPARTED THE CHICAGO MIDWAY INTERNATIONAL AIRPORT, CHICAGO, ILLINOIS (KMDW) ENROUTE TO ADAMS FIELD AIRPORT, LITTLE ROCK, ARKANSAS (KLIT), A PASSENGER SMOKED A CIGARETTE IN ONE OF THE AIRCRAFT LAVATORIES OF THE BOEING 737. THE AIRCRAFT WAS OPERATING UNDER 14 CFR PART 121 ON AN IFR FLIGHT PLAN. THE AIRCRAFT DID NOT INCUR DAMAGE, AND THERE WERE NO REPORTED INJURIES.",BOEING,7373H4,,"Miscellaneous, Other;Unauthorized Action",,0.47712382064317715,3.864734299516903,2.834926758818268,4.55727554179568,stable,mild_growth,mild_growth,mild_growth,ASIAS
20070806018709I,2.0,,Unknown,Daylight,UNK,Unknown,Unknown,2007,8,"(-23) DAL 992 WAS EASTBOUND AT FL370 WITH STANDBY POWER FAILURE WHEREBY LOSS OF ONE OF THE STANDBY ELECTRICAL BUSSE

(-23) DAL 992 WAS EASTBOUND AT FL370 WITH STANDBY POWER FAILURE WHEREBY LOSS OF ONE OF THE STANDBY ELECTRICAL BUSSES OCCURRED WHICH MAKES THE AIRCRAFT IN NO WAY RVSM QUALIFIED. DEN ARTCC TURNED AIRCRAFT 30 DEGREES LEFT WHICH CAUSED A LOSS OF SEPARATION BETWEEN UAL 1417 AT FL 360 AND DAL 992 (3.24 NM AND 1,000 FEET).",BOEING,737832,,"OPDEF, Other Than Pi;2450",,0.47712382064317715,3.864734299516903,2.834926758818268,4.55727554179568,stable,mild_growth,mild_growth,mild_growth,ASIAS
20070814825599I,2.0,,VMC,Daylight,UNK,Unknown,Unknown,2007,8,"(-23) BOTH RIGHT MAIN TIRES BLEW OUT UPON LANDING. AIRCARRIER WILL CONDUCT LINE CHECKS OF THE AIRMEN. PASSENGERS WE

(-23) BOTH RIGHT MAIN TIRES BLEW OUT UPON LANDING. AIRCARRIER WILL CONDUCT LINE CHECKS OF THE AIRMEN. PASSENGERS WERE DEPLANED AND BUSSED TO THE TERMINAL. AIRCRAFT WAS TOWED TO THE RAMP.",SAAB,340B,,"OPDEF, Other Than Pi;3244",,0.47712382064317715,3.864734299516903,2.834926758818268,4.55727554179568,stable,mild_growth,mild_growth,mild_growth,ASIAS
20070813830629I,0.0,,Unknown,Night,UNK,Other,Unknown,2007,8,"(-23) AIRCRAFT REPORTEDLY WAS PARKED AT THE GATE WITH WHEEL CHOCKS INSTALLED. A SUDDEN GUST OF WIND CAUSED AIRCRAFT

(-23) AIRCRAFT REPORTEDLY WAS PARKED AT THE GATE WITH WHEEL CHOCKS INSTALLED. A SUDDEN GUST OF WIND CAUSED AIRCRAFT TO JUMP CHOCKS AND CONTACT A TUG. AIRCRAFT EXPERIENCED RELATIVELY MINOR DAMAGE TO SKIN AND A STRINGER AT THE LH NOSE SECTION. THE STRINGER SECTION WAS REPLACED AND OTHER TEMPORARY REPAIRS INSTALLED. AIRCRAFT FERRIED TO SLC FOR PERMANENT REPAIR.",CNDAIR,CL6002B19,,"Miscellaneous, Other;Blown Over By Strong",,0.47712382064317715,3.864734299516903,2.834926758818268,4.55727554179568,stable,mild_growth,mild_growth,mild_growth,ASIAS
20070805017269I,2.0,,VMC,Daylight,UNK,Unknown,Unknown,2007,8,"(-23) N133DN, A BOEING 767-332, WAS OPERATED BY DELTA AIRLINES AS FLIGHT 58, ENROUTE FROM SEATTLE, WA TO ATLANTA, G

(-23) N133DN, A BOEING 767-332, WAS OPERATED BY DELTA AIRLINES AS FLIGHT 58, ENROUTE FROM SEATTLE, WA TO ATLANTA, GA. THE CREW DIVERTED TO LINCOLN, NE AFTER A LOSS OF OIL PRESSURE IN THE LEFT ENGINE. MAINTENANCE FOUND THE OIL TANK EMPTY AND A SIGNIFICANT AMOUNT OF METAL ON THE CHIP DETECTOR AND OIL FILTER. THE ENGINE WAS SHIPPED TO AN OVERHAUL FACILITY.",BOEING,767332,,"OPDEF, Other Than Pi;7200",,0.47712382064317715,3.864734299516903,2.834926758818268,4.55727554179568,stable,mild_growth,mild_growth,mild_growth,ASIAS
20070805019189I,2.0,,VMC,Unknown,UNK,Unknown,5000+,2007,8,"(-23) ON AUGUST 5, 2007, AT 1911 LOCAL TIME, THE FLIGHT CREW FOR TRANS STATE AIRLINES, OPERATING AS FLIGHT 5473 DEP

(-23) ON AUGUST 5, 2007, AT 1911 LOCAL TIME, THE FLIGHT CREW FOR TRANS STATE AIRLINES, OPERATING AS FLIGHT 5473 DEPARTING ST. LOUIS, MISSOURI (STL) FOR DENVER, COLORADO (DEN) DIVERTED TO WICHITA, KS (ICT) BECAUSE OF WARNING INDICATIONS FROM THE EICAS. THE #1 HYDRAULIC SYSTEM OVERHEAT, AND THE #1 HYDRAULIC SYSTEM FAIL WARNING LIGHTS ILLUMINATED WHILE IN FLIGHT. AFTER AIRCRAFT N819HK LANDED, WICHITA AIRLINE MAINTENANCE (CONTRACT MAINTENANCE) VERIFIED THE OPERATION OF THE #1 HYDRAULIC SYSTEM PUMP, AND THE ELECTRICAL PUMP PER THE EMB 145 MAINTENANCE MANUAL. CONTRACT MAINTENANCE ALSO HAD TO SERVICE THE #1 HYDRAULIC SYSTEM BECAUSE IT WAS LOW. THE AIRCRAFT WAS ISSUED A SPECIAL FLIGHT PERMIT FROM ICT TO STL WITH THE LANDING GEAR PINNED DOWN FOR CONTINUED MAINTENANCE.",EMB,EMB145LR,,"OPDEF, Other Than Pi;2910",,0.47712382064317715,3.864734299516903,2.834926758818268,4.55727554179568,stable,mild_growth,mild_growth,mild_growth,ASIAS
20070805019679I,0.0,,VMC,Daylight,UNK,Other,Unknown,2007,8,"(-23) AIRCRAFT WAS BEING TOWED FROM GATE C-3 TO GATE C-27 FOR REPOSITION OF A REVENUE FLIGHT, WHEN THE #1 ENGINE ST

(-23) AIRCRAFT WAS BEING TOWED FROM GATE C-3 TO GATE C-27 FOR REPOSITION OF A REVENUE FLIGHT, WHEN THE #1 ENGINE STRUCK A HEAVY LOADER THAT WAS PARKED INSIDE THE RED ZONE AT GATE C-27. NO INJURIES WERE REPORTED AND THE AIRCRAFT SUSTAINED MAJOR DAMAGE ON THE #1 ENGINE. THIS REPORT IS CLOSED.",BOEING,747422,,"Miscellaneous, Other;Fail Avd Objs Or Obs",,0.47712382064317715,3.864734299516903,2.834926758818268,4.55727554179568,stable,mild_growth,mild_growth,mild_growth,ASIAS
20070803019799I,2.0,,Unknown,Daylight,UNK,Unknown,Unknown,2007,8,"(-23) ON FRIDAY AUGUST 3, 2007, AT 1235 EDT, AN EMBRAER EMB-145-LR, S/N 145382, N841HK, OPERATED BY TRANS STATES AI

(-23) ON FRIDAY AUGUST 3, 2007, AT 1235 EDT, AN EMBRAER EMB-145-LR, S/N 145382, N841HK, OPERATED BY TRANS STATES AIRLINES INC. FLIGHT 7956, EXPERIENCED THE RIGHT SIDE MAIN LANDING GEAR TIRES (BOTH) WENT FLAT ON TAKE-OFF ROLL. THE AIRCRAFT FLIGHT CREW ABORTED THE TAKE-OFF ON RUNWAY 28 AT THE SYRACUSE INTERNATIONAL AIRPORT (KSYR). THE AIRCRAFT TAXIED OFF THE RUNWAY ONTO TAXIWAY GULF, AND SHUT DOWN. THE CRFF RESPONDED WITHOUT INCIDENT. THE PASSENGERS WERE REMOVED FROM THE AIRCRAFT ONTO A BUS WITHOUT INCIDENT. CONTRACT MAINTENANCE INSTALLED THE LANDING GEAR DOWN LOCKS, AND FOUND THE RIGHT SIDE MAIN LANDING GEAR TIRES MISSING AND SHREDDED ON THE RUNWAY, DAMAGE TO THE RIGHT WHEEL FAIRING, FLUID DRIPPING BEHIND THE RIGHT WING ROOT, IMPACT MARKS FROM FOD ON RIGHT SIDE OF FUSELAGE AND NUMBER 2 ENGINE PYLON. THE AIRCRAFT WAS SECURED, AND TRANS STATES MAINTENANCE PERSONNEL WERE ENROUTE TO RETURN THE AIRCRAFT TO SERVICE. THE FLIGHT ORIGINATED AT CHICAGO INT'L AIRPORT (KORD) ON AUGUST 3, 2007 AT 0957 EDT. THE AIRCRAFT FLIGHT CREW DID A GOOD JOB! THIS INCIDENT IS CONSIDERED CLOSED.",EMB,EMB145LR,,"OPDEF, Other Than Pi;3244",,0.47712382064317715,3.864734299516903,2.834926758818268,4.55727554179568,stable,mild_growth,mild_growth,mild_growth,ASIAS
20070731015299I,2.0,,Unknown,Daylight,UNK,Unknown,Unknown,2007,7,"(-23) THIS INSPECTOR OBSERVED COLGAN FLIGHT 4934, N221CJ LAND IN PORTLAND, MAINE, ACCOMPANIED BY CRASH FIRE RESCUE.

(-23) THIS INSPECTOR OBSERVED COLGAN FLIGHT 4934, N221CJ LAND IN PORTLAND, MAINE, ACCOMPANIED BY CRASH FIRE RESCUE. UPON FURTHER INVESTIGATION IT WAS REVEALED THAT THE AIRCRAFT WAS ENROUTE TO ROCKLAND, MAINE FROM BOSTON, MASSACHUSETTS. PILOT IN COMMAND REPORTED TO THIS INSPECTOR THAT AT APPROXIMATELY 0930, AT APPROXIMATELY 9000 FEET, APPROXIMATELY 20 MILES FROM PORTLAND, MAINE THE CREW NOTED A STRANGE SMELL SIMILAR TO HAND LOTION. AT APPROXIMATELY 0935 THE CREW REPORTED SEEING A THIN WHITE SMOKE IN THE COCKPIT, DECLARED AN EMERGENCY AND DIVERTED INTO THE PORTLAND JETPORT, PORTLAND, MAINE. LOGBOOK ENTRY AS FOLLOWS: ""NOTICED STRANGE SMELL FOLLOWED BY WHITE SMOKE IN COCKPIT. UPON LANDING NOTICED LEFT ENGINE HEAVILY LEAKING OIL."" THIS INSPECTOR INFORMED BY PORTLAND, MAINE ATC TOWER THAT AN EMERGENCY EVACUATION WAS NOT PERFORMED. COLGAN AIRCRAFT MAINTENANCE IN CONCURRENCE WITH PRATT & WHITNEY TECHNICAL SERVICES HAS DETERMINED THIS ENGINE INCURRED AN INTERNAL ENGINE FAILURE. AT THIS TIME THE CAUSE OF THE FAILURE IS UNKNOWN. NOTIFIED COLGAN CMO OF INCIDENT. INVESTIGATION CONSIDERED CLOSED AT THIS OFFICE AS COLGAN CMO HAS BEEN NOTIFIED OF INCIDENT.",BEECH,1900D,,"OPDEF, Other Than Pi;7200",,0.8650708804764706,8.247422680412386,2.834926758818268,6.435643564356441,stable,strong_growth,mild_growth,strong_growth,ASIAS
20070809824439I,2.0,,VMC,Daylight,UNK,Unknown,Unknown,2007,8,"(-23) ON AUGUST 9, 2007 @ 1400 MKE FSDO RECEIVED A TELEPHONE CALL FROM THE MCFARLAND POLICE DEPARTMENT MCFARLAND WI

(-23) ON AUGUST 9, 2007 @ 1400 MKE FSDO RECEIVED A TELEPHONE CALL FROM THE MCFARLAND POLICE DEPARTMENT MCFARLAND WIS. SGT. ^PRIVACY DATA OMITTED^ INFORMED THIS OFFICE THAT A FOUND PROPERTY COMPLAINT HAD BEEN FILED FROM A LOCAL CITIZEN. A PART FROM AN AIRCRAFT WAS RECOVERED BY SGT ^PRIVACY DATA OMITTED^. FRIDAY AUGUST 10, 2007 THIS OFFICE SENT PERSONNEL TO MCFARLAND AND THE AIRCRAFT PART WAS RELEASED TO THE FAA. THE PART WAS PHOTOGRAPHED AND TAKEN TO MSN AIRPORT NWA STATION MANAGER. THE NWA STATION MANAGER FORWARDED THE PART TO MSP. THE PART RECOVERED WAS A LEFT INBOARD FLAP FAIRING PART NUMBER 5926411-1 BELONGING TO A DC9-51 N781NC FLIGHT 1449 DTW-MSN. THE AIRCRAFT WAS ON FINAL APPROACH INTO MSN APPROXIMATELY 5 MILES SOUTH OF AIRPORT WHEN THE PART DEPARTED THE AIRCRAFT. THE PHOTOGRAPHS WERE FORWARDED TO THE NWA CMO. NWA CMO WILL CONTINUE THE INVESTIGATION AS OF 08-15-2007.",DOUG,DC951,,"OPDEF, Other Than Pi;5753",,0.47712382064317715,3.864734299516903,2.834926758818268,4.55727554179568,stable,mild_growth,mild_growth,mild_growth,ASIAS
20070726825609I,2.0,,VMC,Night,UNK,Unknown,Unknown,2007,7,"(-23) AFTER TAKEOFF, THE CREW NOTED THEY HAD HEARD A CRACK AND THE GEAR INTRANSIT LIGHT REMAINED ILLUMINATED. CREW

(-23) AFTER TAKEOFF, THE CREW NOTED THEY HAD HEARD A CRACK AND THE GEAR INTRANSIT LIGHT REMAINED ILLUMINATED. CREW DECLARED AN EMERGENCY AND LANDED WITHOUT INCIDENT. PASSENGERS WERE DEPLANED ON THE RUNWAY. MAINTENANCE PINNED THE GEAR AT WHICH TIME THEY NOTED THAT THE RETRACT ACTUATOR ATTACH PIN HAD SEPARATED FROM THE NOSE STRUT. THE FSDO WAS NOTIFIED WHEN AN INSPECTOR WAS CONDUCTING ROUTINE SURVEILLANCE AT THE RAMP FACILITY. AIR TRAFFIC CONTROL NEVER CONTACTED THE FSDO.",SAAB,340B,,"OPDEF, Other Than Pi;3230",,0.8650708804764706,8.247422680412386,2.834926758818268,6.435643564356441,stable,strong_growth,mild_growth,strong_growth,ASIAS
20070727016639I,2.0,,Unknown,Night,UNK,PIC,Unknown,2007,7,"(-23) ON TAKEOFF THE AIRCRAFT HIT A FLOCK OF BIRDS. TWO STRUCK THE RADOME AND ONE HIT THE LEFT HAND WING. THE FLIGH

(-23) ON TAKEOFF THE AIRCRAFT HIT A FLOCK OF BIRDS. TWO STRUCK THE RADOME AND ONE HIT THE LEFT HAND WING. THE FLIGHT RETURNED TO LIT FOR INSPECTION AND LANDED SAFELY WITHOUT INCIDENT.",EMB,EMB145LR,,"Miscellaneous, Other;Struck Birds In Flig",,0.8650708804764706,8.247422680412386,2.834926758818268,6.435643564356441,stable,strong_growth,mild_growth,strong_growth,ASIAS
20070802015719I,2.0,,VMC,Daylight,UNK,Unknown,Unknown,2007,8,"(-23) N427UA WAS OPERATED BY UNITED AIRLINES AS FLIGHT 710, ENROUTE FROM WASHINGTON, DC (IAD) TO DENVER, CO (DIA).

(-23) N427UA WAS OPERATED BY UNITED AIRLINES AS FLIGHT 710, ENROUTE FROM WASHINGTON, DC (IAD) TO DENVER, CO (DIA). AT FLIGHT LEVEL 360, THE #2 ENGINE STALLED. THE ENGINE STALL WAS AUDIBLE WITH A SLIGHT YAW, DURING WHICH THE ENGINE PARAMETERS DROPPED TO IDLE, THEN RECOVERED WITHIN 10 SECONDS. SHORTLY THEREAFTER THE OIL CLOG LIGHT AND ECAM MESSAGE CAME ON. THE ENGINE DID NOT SHUT DOWN. THE CREW DIVERTED TO OMAHA, NE. UALA MECHANICS CHANGED THE ENGINE, THE ENGINE WILL BE SENT TO THE PRATT AND WHITNEY FACILITY IN COLUMBUS, GA FOR TEARDOWN.",AIRBUS,A320232,,"OPDEF, Other Than Pi;7200",,0.47712382064317715,3.864734299516903,2.834926758818268,4.55727554179568,stable,mild_growth,mild_growth,mild_growth,ASIAS
20070930023209I,2.0,,Unknown,Daylight,UNK,Unknown,5000+,2007,9,"(-23) ON SEPTEMBER 30, 2007, AT 1539 LOCAL TIME, THE FLIGHT CREW FOR AMERICAN AIRLINES, OPERATING AS FLIGHT AAL1548

(-23) ON SEPTEMBER 30, 2007, AT 1539 LOCAL TIME, THE FLIGHT CREW FOR AMERICAN AIRLINES, OPERATING AS FLIGHT AAL1548 DEPARTING ALBUQUERQUE, NEW MEXICO, (ABQ) FOR CHICAGO ILLINOIS (ORD) DIVERTED TO WICHITA, KS, (ICT) DUE TO PRESSURIZATION PROBLEMS. UPON LANDING EMERGENCY VEHICLES WERE DISPATCHED FOR THE AIRCRAFT WITHOUT ANY INCIDENT.",DOUG,DC982,,"OPDEF, Other Than Pi;2131",,0.38272706441029314,3.4146341463414887,2.834926758818268,-10.431738623103847,stable,mild_growth,mild_growth,strong_decline,ASIAS
20070905830039I,2.0,,VMC,Daylight,UNK,Unknown,Unknown,2007,9,"(-23) JET BLUE FLIGHT 1211, BOSTON, MA TO BUFFALO, NY, 1441 ZULU TIME. DURING CONFIGURATION FOR FINAL APPROACH INTO

(-23) JET BLUE FLIGHT 1211, BOSTON, MA TO BUFFALO, NY, 1441 ZULU TIME. DURING CONFIGURATION FOR FINAL APPROACH INTO BUF, THE CAPTAIN ^PRIVACY DATA OMITTED^ ENCOUNTERED A ""SLAT FAIL"" ANNUNCIATION WHEN ENGAGING THE FLAPS. RECYCLED SYSTEM, ANNUNCIATION REMAINED. DECLARED EMERGENCY, REVERTED TO EMERGENCY PROCEDURES. LANDED IN BUF WITHOUT PROBLEM. DEPLANED NORMALLY. 55 PASSENGERS AND 4 CREW ON BOARD. JET BLUE MAINTENANCE TECHNICIAN ^PRIVACY DATA OMITTED^ TROUBLESHOT SYSTEM AND RESET FAULT. SYSTEM OPERATIONALLY TESTED GOOD. NO PREVIOUS HISTORY OF FLAP/SLAT PROBLEMS. ^PRIVACY DATA OMITTED^",EMB,ERJ190100IGW,,"OPDEF, Other Than Pi;2780",,0.38272706441029314,3.4146341463414887,2.834926758818268,-10.431738623103847,stable,mild_growth,mild_growth,strong_decline,ASIAS
20070829018799I,2.0,,VMC,Daylight,UNK,PIC,Unknown,2007,8,"(-23) AIRCRAFT WAS IN THE PROCESS OF LANDING AND AT 100 FEET OFF RUNWAY ENCOUNTERED WATER FOWL. TWO BIRDS STRUCK TH

(-23) AIRCRAFT WAS IN THE PROCESS OF LANDING AND AT 100 FEET OFF RUNWAY ENCOUNTERED WATER FOWL. TWO BIRDS STRUCK THE AIRCRAFT ONE ON THE NOSE AND ONE ON THE LEFT WING. AIRCRAFT LANDED WITHOUT INCIDENT AND UPON INVESTIGATION NO DAMAGE WAS NOTED AND THE EVIDENCE SHOWED THE BIRDS TO HAVE BEEN SPARROWS. PILOT INFORMED TOWER UPON TAXI TO THE GATE.",BOEING,737490,,"Miscellaneous, Other;Struck Birds In Flig",,0.47712382064317715,3.864734299516903,2.834926758818268,4.55727554179568,stable,mild_growth,mild_growth,mild_growth,ASIAS
20071012022949I,2.0,,Unknown,Daylight,UNK,PIC,Unknown,2007,10,"(-23) SKYWEST FLIGHT 4021 DEPARTING DENVER ON 10/12/2007 STRUCK A FLOCK OF BIRDS AFTER TAKEOFF. THE AIRCRAFT INGEST

(-23) SKYWEST FLIGHT 4021 DEPARTING DENVER ON 10/12/2007 STRUCK A FLOCK OF BIRDS AFTER TAKEOFF. THE AIRCRAFT INGESTED A BIRD INTO THE LEFT ENGINE AND SUFFERED DAMAGE TO THE LEFT MIDDLE SLAT. THE LEFT ENGINE WAS SHUTDOWN AND THE AIRCRAFT RETURNED TO DENVER.",CNDAIR,CL6002C10,,"Miscellaneous, Other;Struck Birds In Flig",,0.7540971366707838,6.190476190476191,-4.020750994076927,-8.511627906976738,stable,strong_growth,mild_decline,strong_decline,ASIAS
20071004022859I,2.0,,VMC,Unknown,UNK,Unknown,5000+,2007,10,"(-23) AFTER TAKE OFF FROM MCI, THE CREW NOTED THE CAPTAIN'S EADI HAD FAILED AND SMELLED OF ELECTRICAL. RETURNED TO

(-23) AFTER TAKE OFF FROM MCI, THE CREW NOTED THE CAPTAIN'S EADI HAD FAILED AND SMELLED OF ELECTRICAL. RETURNED TO FIELD AND TOLD TOWER WHAT WAS WRONG. GROUND CONTROL CALLED OUT EQUIPMENT. AIRCRAFT LANDED SAFELY.",BEECH,1900D,,"OPDEF, Other Than Pi;3421",,0.7540971366707838,6.190476190476191,-4.020750994076927,-8.511627906976738,stable,strong_growth,mild_decline,strong_decline,ASIAS
20070922019729I,2.0,,Unknown,Night,UNK,PIC,Unknown,2007,9,"(-23) AIRCRAFT ON 2 MILE FINAL INTO SALT LAKE CITY, UTAH (RUNWAY 34L) STRUCK A BIRD JUST BELOW THE CAPTAIN'S WINDSH

(-23) AIRCRAFT ON 2 MILE FINAL INTO SALT LAKE CITY, UTAH (RUNWAY 34L) STRUCK A BIRD JUST BELOW THE CAPTAIN'S WINDSHIELD. THE IMPACT DENTED THE SHEET METAL PANEL.",CNDAIR,CL6002B19,,"Miscellaneous, Other;Struck Birds In Flig",,0.38272706441029314,3.4146341463414887,2.834926758818268,-10.431738623103847,stable,mild_growth,mild_growth,strong_decline,ASIAS
20070911019649I,2.0,,Unknown,Unknown,UNK,Unknown,2000-5000,2007,9,"(-23) ON TAXI OUT AT LIT, FLIGHT CREW SMELLED SMOKE. A FEW SECONDS LATER IT WAS VISIBLE. CREW SUSPECTED CAPTAIN'S E

(-23) ON TAXI OUT AT LIT, FLIGHT CREW SMELLED SMOKE. A FEW SECONDS LATER IT WAS VISIBLE. CREW SUSPECTED CAPTAIN'S EFIS SYSTEM. THE CREW SHUT OFF THE EFIS POWER AND AC BUSES AND SMOKE SEEMED TO CEASE. RETURNED AIRCRAFT TO GATE. AMWA MAINTENANCE INSPECTED AIRCRAFT WIRING AND CAPTAIN'S EFIS SYSTEM. NO DEFECTS NOTED. RAN AIRCRAFT AND TAXIED WITH AVIONICS SYSTEM TURNED ON. COULD NOT DUPLICATE. TEST FLIGHT FLOWN WITH SATISFACTORY RESULTS. AS PRECAUTION, REPLACED CAPTAIN'S EFIS TUBES. AMWA HAS SUBMITTED A SERVICE DIFFICULTY REPORT FOR THIS EVENT. THE AAI 2007 SMOKE/FUMES/FIRE IN AIRCRAFT DATA COLLECTION TOOL FOR TREND ANALYSIS FORM WAS COMPLETED AND SUBMITTED.",BEECH,1900D,,"OPDEF, Other Than Pi;3425",,0.38272706441029314,3.4146341463414887,2.834926758818268,-10.431738623103847,stable,mild_growth,mild_growth,strong_decline,ASIAS
20070913022099I,2.0,,VMC,Night,UNK,Unknown,Unknown,2007,9,"(-23) N8409, A CL-600-2B19, WAS BEING OPERATED BY PINNACLE AIRLINES AS FLIGHT 2936. N8409 LANDED WITH NO FLAP INDIC

(-23) N8409, A CL-600-2B19, WAS BEING OPERATED BY PINNACLE AIRLINES AS FLIGHT 2936. N8409 LANDED WITH NO FLAP INDICATION. CONTRACT MAINTENANCE FOUND THE FLAPS AT 3 DEGREES. POWERING UP THE AIRCRAFT THE MONITOR SHOWED 2 DEGREES OF FLAPS. THE FLAP HANDLE WAS AT THE ZERO POSITION, WHERE THE CREW HAD SET IT. MAINTENANCE RESET THE FLAP SYSTEM WITH NO CHANGE, THE FLAPS REMAINED INOPERATIVE. COMPANY MECHANICS REPLACED THE FECU IAW MM 27-51-05.",CNDAIR,CL6002B19,,"OPDEF, Other Than Pi;2750",,0.38272706441029314,3.4146341463414887,2.834926758818268,-10.431738623103847,stable,mild_growth,mild_growth,strong_decline,ASIAS
20070823017279I,2.0,,Unknown,Unknown,UNK,Other,<500,2007,8,"(-23) ON 08/23/2007 AT APPROXIMATELY 7:30 PM A CONTINENTAL AIRLINE BOEING 737-500 WS DIVERTED FROM ATLANTA HARTSFIE

(-23) ON 08/23/2007 AT APPROXIMATELY 7:30 PM A CONTINENTAL AIRLINE BOEING 737-500 WS DIVERTED FROM ATLANTA HARTSFIELD AIRPORT ENROUTE FROM HUSTOR DUE TO INCLEMENT WEATHER IN AND AROUND ATLANTA. UPON LANDING AT TYS SIDA BADGE NUMBER 15815, WAS ACTING AS GROUND MARSHALL AND TAXIED THE CRAFT INTO THE JETBRIDGE. AS THE AIRCRAFT TAXIED IN, THE LEFT WING MOUNTED ENGINE STRUCK THE END OF THE JETBRIDGE. DAMAGE TO THE AIRCRAFT APPEARS TO BE LIMITED TO THE LEADING EDGE OF THE ENGINE INTAKE. THERE IS NO DISCERNABLE DAMAGE TO THE JETBRIDGE OR OTHER AIRPORT PROPERTY. ALTHOUGH THERE WERE 95 PASSENGERS AND 5 CREW MEMBERS ONBOARD, THERE WERE NO REPORTS OF INJURY FROM ANYONE.",BOEING,737524,,"Miscellaneous, Other;Fail Avd Objs Or Obs",,0.47712382064317715,3.864734299516903,2.834926758818268,4.55727554179568,stable,mild_growth,mild_growth,mild_growth,ASIAS
20071127827259I,2.0,,Unknown,Unknown,UNK,Unknown,Unknown,2007,11,"(-23) FLIGHT 4085 ENROUTE PHL-IND. CREW REPORTED LOSS OF #1 HYDRAULIC SYSTEM PRESSURE, AND DIVERTED TO PIT. LANDED

(-23) FLIGHT 4085 ENROUTE PHL-IND. CREW REPORTED LOSS OF #1 HYDRAULIC SYSTEM PRESSURE, AND DIVERTED TO PIT. LANDED AND TAXIED TO RAMP WITHOUT INCIDENT. CONTRACT MAINTENANCE FOUND LINE LEAK IN TAIL COMPARTMENT, AND #1 RESERVOIR DEPLETED. COMPANY MAINTENANCE REPLACED ONE HYDRAULIC RETURN LINE IN TAIL COMPARTMENT AND ONE PRESSURE LINE IN THE #1 PYLON, THE ASSOCIATED ENGINE DRIVEN HYDRAULIC PUMP, AND FILTERS. SERVICED HYDRAULIC SYSTEM AND RETURNED AIRCRAFT TO SERVICE.",CNDAIR,CL6002B19,,"OPDEF, Other Than Pi;2410",,1.265206496760718,14.883720930232581,-4.020750994076927,-7.828970744995867,mild_growth,strong_growth,mild_decline,strong_decline,ASIAS
20071115829719I,2.0,,Unknown,Unknown,UNK,PIC,<500,2007,11,"(-23) CALA FLIGHT 1170 ON ""WILLIAMSPORT ARRIVAL"" TO EWR WAS INFORMED BY ATC OF ""CONTINUAL MODERATE TURBULENCE"" BELO

(-23) CALA FLIGHT 1170 ON ""WILLIAMSPORT ARRIVAL"" TO EWR WAS INFORMED BY ATC OF ""CONTINUAL MODERATE TURBULENCE"" BELOW FL200. CAPT CALLED VIA PA FOR SEAT BELTS AND FOR FLIGHT ATTEN. TO SECURE CABIN. IN DESCENT, PASSING FL190, A/C WAS TOLD TO SLOW TO 250 KTS. WHILE SLOWING A/C ENCOUNTERED SEVERE TURBULENCE. CAPT REPORTED THAT THE A/C WAS UNCONTROLLABLE WITH POS & NEG G'S FOR 30-45 SEC. FLIGHT ATTENDANT STANDING IN AFT GALLEY WAS THROWN AGAINST BAR CART. INITIALLY REPORTED AS SERIOUSLY INJURED, SHE WAS TRANSPORTED TO HOSPITAL UPON LANDING. (NO EMERGENCY DECLARED OR SPL HANDLING). ATC CANCELLED ARRIVALS OVER THAT AREA. FOLLOW UP TO COMPANY REPRESENTATIVES FOUND THAT THE FA SPENT ONE NIGHT IN HOSPITAL AND RELEASED TO HOME.",BOEING,7373TO,,"Miscellaneous, Other;Windshear",,1.265206496760718,14.883720930232581,-4.020750994076927,-7.828970744995867,mild_growth,strong_growth,mild_decline,strong_decline,ASIAS
20071022825489I,2.0,,VMC,Night,UNK,Unknown,Unknown,2007,10,"(-23) QXEA FLT 2268 PDX TO BOI WAS IN CRUISE FLIGHT WHEN THE PILOTS NOTICED A SEVERE REDUCTION OF POWER ON THE #1 E

(-23) QXEA FLT 2268 PDX TO BOI WAS IN CRUISE FLIGHT WHEN THE PILOTS NOTICED A SEVERE REDUCTION OF POWER ON THE #1 ENGINE. THE ENGINE WAS SECURED, PROCEDURES WERE REVIEWED AND AN EMERGENCY WAS DECLARED. THE CREW DIVERTED TO THE CLOSEST SERVICING ALTERNATE, PSC, AND LANDED WITHOUT INCIDENT.",BOMBDR,DHC8402,,"OPDEF, Other Than Pi;7250",,0.7540971366707838,6.190476190476191,-4.020750994076927,-8.511627906976738,stable,strong_growth,mild_decline,strong_decline,ASIAS
20080101010229I,2.0,,VMC,Dawn,UNK,Unknown,<500,2008,1,"(-23) FRONTIER AIRLINES FLT. 55, SAN TO DEN, AN AIRBUS 319 ABORTED THE TAKEOFF BECAUSE THE NUMBER 2 ENGINE FAILED T

(-23) FRONTIER AIRLINES FLT. 55, SAN TO DEN, AN AIRBUS 319 ABORTED THE TAKEOFF BECAUSE THE NUMBER 2 ENGINE FAILED TO SPOOL PROPERLY. AFTER REVIEWING FLIGHT DATA RECORDER INFORMATION THE SPOOL UP LAG OF NO. 2 ENGINE WAS MINOR. FURTHER INVESTIGATION OF LOG ENTRIES SHOW THE MAINTENANCE RUN UP OF NO. 2 ENGINE PRODUCED NORMAL INDICATIONS. NO FURTHER ACTION REQUIRED. ASAP REPORT FILED.",AIRBUS,A319111,,"OPDEF, Other Than Pi;7200",,-0.1349986387368718,17.040358744394624,0.3746351070109455,-6.049822064056942,stable,strong_growth,stable,strong_decline,ASIAS
20071022830949I,2.0,,VMC,Unknown,UNK,Unknown,5000+,2007,10,"(-23) AT APPROXIMATELY 1907 CDT NORTHWEST FLIGHT 1432, A NORMAL PASSENGER FLIGHT FROM MSP TO FAR WAS LANDING ON RUN

(-23) AT APPROXIMATELY 1907 CDT NORTHWEST FLIGHT 1432, A NORMAL PASSENGER FLIGHT FROM MSP TO FAR WAS LANDING ON RUNWAY 18. THE CREW HAD RECEIVED SEVERAL FAULT NOTICES FROM THE AIRCRAFT PRIOR TO LANDING AND HAD RESET THE NOSE GEAR STEERING SYSTEM A COUPLE OF TIMES. ON TOUCH DOWN THE CREW FELT A SLIGHT VIBRATION AND THE ATCT NOTIFIED THEM THEY HAD FIRE AROUND THE NOSE GEAR. EMERGENCY EQUIPMENT WAS ALERTED AND RESPONDED. THE AIRCRAFT CAME TO REST ON THE CENTERLINE OF RUNWAY 18 ABOUT 1500 FEET FROM THE SOUTH END. INSPECTION REVEALED THE AIRCRAFT HAD TOUCHED DOWN WITH THE NOSE GEAR TURNED 90 DEGREES TO THE RIGHT, RESULTING IN BOTH NOSE TIRES BLOWN AND THE NOSE WHEELS GROUND DOWN TO THE AXLES. ALL PASSENGERS AND CREW WERE DEPLANED WITH PORTABLE AIR-STAIRS WITHOUT INJURY.",AIRBUS,A320211,,"OPDEF, Other Than Pi;3222",,0.7540971366707838,6.190476190476191,-4.020750994076927,-8.511627906976738,stable,strong_growth,mild_decline,strong_decline,ASIAS
20071028023409I,2.0,,Unknown,Daylight,UNK,Unknown,Unknown,2007,10,"(-23) ON LANDING, PILOT REPORTED AIRCRAFT RIGHT ENGINE SHUT DOWN OVER RUNWAY THRESHOLD WITH ASSOCIATED COCKPIT MAST

(-23) ON LANDING, PILOT REPORTED AIRCRAFT RIGHT ENGINE SHUT DOWN OVER RUNWAY THRESHOLD WITH ASSOCIATED COCKPIT MASTER WARNING. CREW CONTINUED LANDING SEQUENCE, AND STATED DID NOT HAVE TIME TO DECLARE EMERGENCY. AIRCRAFT TAXIED TO RAMP WITHOUT INCIDENT. COMPANY MECHANIC INSPECTED ENGINE, PERFORMED GROUND POWER ASSURANCE RUN, AND BORESCOPED ENGINE WITH NO TROUBLE FOUND. THE DIGITAL FLIGHT DATA RECORDER WAS READ OUT, REVEALING NORMAL ENGINE PARAMETERS DURING THE EVENT. OPERATOR DIAGNOSED PROBLEM AS PROPELLER AUTO-COARSENING EVENT, AND REPLACED AUTO-COARSENING COMPUTER (PART NUMBER 8542M2) AND ANTI-ICE/START BLEED VALVE (PART NUMBER 6068T56P01). AIRCRAFT WAS FERRIED BACK TO KDTW ON 20071030 DUE TO OTHER MAINTENANCE REQUIREMENTS, THEN RETURNED TO SERVICE.",SAAB,340B,,"OPDEF, Other Than Pi;6120",,0.7540971366707838,6.190476190476191,-4.020750994076927,-8.511627906976738,stable,strong_growth,mild_decline,strong_decline,ASIAS
20071015022079I,2.0,,VMC,Daylight,UNK,Unknown,Unknown,2007,10,"(-23) N320SW, OPERATED AS SWAA FLIGHT 1436 FROM SEA TO MCI, DIVERTED TO OMA AFTER A FUEL IMBALANCE PROBLEM. THE CRE

(-23) N320SW, OPERATED AS SWAA FLIGHT 1436 FROM SEA TO MCI, DIVERTED TO OMA AFTER A FUEL IMBALANCE PROBLEM. THE CREW NOTED AFTER THEY TURNED THE CROSSFEED VALVE OFF THE LIGHT STAYED ILLUMINATED. THE CREW ALSO NOTICED A FUEL IMBALANCE STARTING. THEY RAN THE CHECKLIST WITH NO IMPROVEMENT. THE CREW DIVERTED TO OMA. CONTRACT MAINTENANCE ACCESSED THE RIGHT ENGINE CROSSFEED VALVE IN THE RIGHT WHEEL WELL. THE MECHANIC CHECKED THE CONNECTOR AND TOUCHED THE RED VALVE POINTER. HE NOTED THE VALVE MOTOR CLOSED. THE CAPTAIN REPORTED THAT THE BLUE INDICATOR LIGHT EXTINGUISHED. CONTRACT MAINTENANCE REVIEWED OPERATIONS WITH THE FLIGHT CREW AND MAINTENANCE CONTROL. SWAA DISPATCHED COMPANY MECHANICS TO CHANGE THE FUEL CROSSFEED VALVE IN THE RIGHT WING.",BOEING,7373H4,,"OPDEF, Other Than Pi;2824",,0.7540971366707838,6.190476190476191,-4.020750994076927,-8.511627906976738,stable,strong_growth,mild_decline,strong_decline,ASIAS
20071119826639I,2.0,,Unknown,Daylight,UNK,PIC,Unknown,2007,11,"(-23) N933JN, AN EMB-145-LR, BEING OPERATED AS AMERICAN EAGLE FLIGHT 4409, DEPARTED DES MOINES, IA, ENROUTE TO CHIC

(-23) N933JN, AN EMB-145-LR, BEING OPERATED AS AMERICAN EAGLE FLIGHT 4409, DEPARTED DES MOINES, IA, ENROUTE TO CHICAGO, IL. THE PILOT DECLARED AN EMERGENCY AND DIVERTED TO OMAHA, NE. THE CREW REPORTED TO COMPANY PERSONNEL THAT THEY RECEIVED A LAV SMOKE WARNING INDICATION IN THE COCKPIT, AND THE FLIGHT ATTENDANT REPORTED SMOKE AND SAW A BLUE HAZE AFTER LIFT OFF. THE AIRCRAFT LANDED SAFELY IN OMAHA, NE. CONTRACT MAINT INSPECTED THE AIRCRAFT AND PERFORMED AN ENGINE RUN UP TO FULL POWER. THEY WERE UNABLE TO DUPLICATE THE PROBLEM. COMPANY MECHANICS REPORTED THAT THEY ALSO COULD NOT DUPLICATE THE PROBLEM. THE AIRCRAFT WAS RETURNED TO SERVICE.",EMB,EMB145LR,,Undetermined;Undetermined,,1.265206496760718,14.883720930232581,-4.020750994076927,-7.828970744995867,mild_growth,strong_growth,mild_decline,strong_decline,ASIAS
20071203829339I,2.0,,Unknown,Unknown,UNK,Unknown,Unknown,2007,12,"(-23) AFTER TAKE-OFF FROM 28C, THE LANDING GEAR WOULD NOT RETRACT. THE LANDING GEAR WAS THEN EXTENDED TO DOWN AND L

(-23) AFTER TAKE-OFF FROM 28C, THE LANDING GEAR WOULD NOT RETRACT. THE LANDING GEAR WAS THEN EXTENDED TO DOWN AND LOCKED AND THE AIRCRAFT RETURNED TO THE AIRPORT FOR A NORMAL LANDING ON 28L. INVESTIGATION BY JET CAR (412-812-3276) FOUND ICE ACCUMULATION ON THE NOSE LANDING GEAR UP STOP PADS. THE ICE WAS REMOVED AND THE AIRCRAFT RETURNED TO SERVICE. CONTACTED BY PHONE ^PRIVACY DATA OMITTED^, PIT GROUND MAINTENANCE SUPERVISOR. AT THE TIME OF THE INCIDENT, SNOW REMOVAL WAS TAKING PLACE THROUGHOUT THE AIRPORT. SNOW REMOVAL ON RUNWAY 28C WAS COMPLETED AT 2117E.",SAAB,340B,,"Miscellaneous, Other;3220",,0.5658306296504989,20.28301886792452,-4.020750994076927,-0.4950495049505066,stable,strong_growth,mild_decline,stable,ASIAS
20071030824129I,2.0,,VMC,Daylight,UNK,Unknown,Unknown,2007,10,"(-23) 10/30/2007 18:50 EDT USAIR FLIGHT 1673, CLIMBING OUT OF FL190 TO FL200 AIRCRAFT HAD 3 EXPLOSIONS IN THE NUMBE

(-23) 10/30/2007 18:50 EDT USAIR FLIGHT 1673, CLIMBING OUT OF FL190 TO FL200 AIRCRAFT HAD 3 EXPLOSIONS IN THE NUMBER 1 ENG. FLAME REPORTED BY PASSENGERS AND FLIGHT ATTENDANT. THRUST OSCILLATED GREATLY. AIRCRAFT RETURNED TO RIC WITHOUT SHUTTING DOWN ENGINE. ENGINE INDICATIONS REMAINED NORMAL EXCEPT HIGH VIBRATION. NO CAUTIONS OR WARNINGS. MAINTENANCE PERSONNEL STATED COMPRESSOR STALL WAS DUPLICATED ON GROUND DURING MAINTENANCE RUN. BOROSCOPE INSPECTION OF ENGINE FOUND DAMAGE TO COMPRESSOR DISC DUE TO CONTACT WITH STATOR.",AIRBUS,A319112,,"OPDEF, Other Than Pi;7230",,0.7540971366707838,6.190476190476191,-4.020750994076927,-8.511627906976738,stable,strong_growth,mild_decline,strong_decline,ASIAS
20071119828539I,2.0,,Unknown,Night,UNK,Other,Unknown,2007,11,"(-23) PASSENGER WAS CAUGHT SMOKING IN THE AIRCRAFT LAVATORY. HE ADMITTED TO THE FLIGHT ATTENDANTS THAT HE HAD SMOKE

(-23) PASSENGER WAS CAUGHT SMOKING IN THE AIRCRAFT LAVATORY. HE ADMITTED TO THE FLIGHT ATTENDANTS THAT HE HAD SMOKED AND TOSSED THE CIGARETTE BUTT DOWN THE TOILET. ^PRIVACY DATA OMITTED^",BOEING,737,,"Miscellaneous, Other;Unauthorized Action",,1.265206496760718,14.883720930232581,-4.020750994076927,-7.828970744995867,mild_growth,strong_growth,mild_decline,strong_decline,ASIAS
20071025829359I,2.0,,Unknown,Unknown,UNK,PIC,Unknown,2007,10,"(-23) ON APPROACH TO SALT LAKE CITY, SKYWEST AIRLINES FLIGHT 3953 SUFFERED A BIRD STRIKE TO THE RIGHT WINGTIP AREA

(-23) ON APPROACH TO SALT LAKE CITY, SKYWEST AIRLINES FLIGHT 3953 SUFFERED A BIRD STRIKE TO THE RIGHT WINGTIP AREA RESULTING IN DAMAGE TO THE RIGHT WINGLET LEADING EDGE AND THE RIGHT NAVIGATION LIGHT ASSEMBLY.",CNDAIR,CL6002B19,,"Miscellaneous, Other;Struck Birds In Flig",,0.7540971366707838,6.190476190476191,-4.020750994076927,-8.511627906976738,stable,strong_growth,mild_decline,strong_decline,ASIAS
20071203829369I,2.0,,Unknown,Night,UNK,Unknown,Unknown,2007,12,"(-23) AFTER TAKE-OFF FROM 28C, THE LEFT MAIN LANDING GEAR DOOR OPEN LIGHT REMAINED ILLUMINATED AFTER GEAR RETRACTIO

(-23) AFTER TAKE-OFF FROM 28C, THE LEFT MAIN LANDING GEAR DOOR OPEN LIGHT REMAINED ILLUMINATED AFTER GEAR RETRACTION. THE LANDING GEAR WAS THEN EXTENDED TO DOWN-AND-LOCKED, AND THE AIRCRAFT RETURNED TO THE AIRPORT FOR A NORMAL LANDING ON RUNWAY 28L. INVESTIGATION BY PIEDMONT AIRLINES AIRCRAFT MAINTENANCE (410-742-8069) FOUND THE PROXIMITY SENSOR OF THE LEFT MAIN LANDING GEAR FORWARD DOOR ACTUATOR TO BE OUT OF ADJUSTMENT. THE PROXIMITY SENSOR WAS ADJUSTED AS REQUIRED AND THE SYSTEM WAS SERVICED. A GROUND EXTENSION-RETRACTION CHECK WAS PERFORMED WITH NO DEFECTS NOTED. CONTACTED BY PHONE ^PRIVACY DATA OMITTED^, PIT GROUND MAINTENANCE SUPERVISOR. AT THE TIME OF THE INCIDENT, SNOW REMOVAL WAS TAKING PLACE THROUGHOUT THE AIRPORT. SNOW REMOVAL ON RUNWAY 28C WAS COMPLETED AT 2117E.",DHAV,DHC8102,,"OPDEF, Other Than Pi;3260",,0.5658306296504989,20.28301886792452,-4.020750994076927,-0.4950495049505066,stable,strong_growth,mild_decline,stable,ASIAS
20080101011509I,2.0,,Unknown,Night,UNK,Other,Unknown,2008,1,"(-23) BEFORE FUELING THE AIRCRAFT, THE FUEL TRUCK, OPERATED BY SWISSPORT, STRUCK THE RIGHT NAVIGATION LIGHT LENS CO

(-23) BEFORE FUELING THE AIRCRAFT, THE FUEL TRUCK, OPERATED BY SWISSPORT, STRUCK THE RIGHT NAVIGATION LIGHT LENS COVER, BREAKING THE CLEAR PLASTIC ONLY. THE DRIVER OF THE FUEL TRUCK STATED THAT HE ""...DID NOT GIVE ENOUGH DISTANCE TO PARK THE TRUCK CORRECTLY.""",CNDAIR,CL6002B19,,"Miscellaneous, Other;Fail Avd Objs Or Obs",,-0.1349986387368718,17.040358744394624,0.3746351070109455,-6.049822064056942,stable,strong_growth,stable,strong_decline,ASIAS
20080101000059I,2.0,,Unknown,Unknown,UNK,Unknown,Unknown,2008,1,"(-23) PILOT ABORTED START OF #1 ENGINE. AFM PROCEDURES FOLLOWED TO VENT FUEL PRIOR TO 2ND START ATTEMPT. MAINTENANC

(-23) PILOT ABORTED START OF #1 ENGINE. AFM PROCEDURES FOLLOWED TO VENT FUEL PRIOR TO 2ND START ATTEMPT. MAINTENANCE & FIRE PERSONNEL WERE STANDING BY DURING 2ND START SEQUENCE. START ATTEMPT WAS TERMINATED WHEN FIRE APPEARED IN THE #1 ENGINE TAILPIPE. FIRE WAS EXTINGUISHED AND AIRPLANE OCCUPANTS WERE EVACUATED WITHOUT FURTHER INCIDENT.",DORNER,DO328300,,"OPDEF, Other Than Pi;7810",,-0.1349986387368718,17.040358744394624,0.3746351070109455,-6.049822064056942,stable,strong_growth,stable,strong_decline,ASIAS
20071116828679I,2.0,,Unknown,Daylight,UNK,Unknown,<500,2007,11,"(-23) DURING CRUISE FLIGHT, WINDSHIELD CRACKED. CREW DIVERTED TO STL (FROM DFW) AND LANDED WITHOUT INCIDENT OR INJU

(-23) DURING CRUISE FLIGHT, WINDSHIELD CRACKED. CREW DIVERTED TO STL (FROM DFW) AND LANDED WITHOUT INCIDENT OR INJURY.",BOEING,737823,,"OPDEF, Other Than Pi;5610",,1.265206496760718,14.883720930232581,-4.020750994076927,-7.828970744995867,mild_growth,strong_growth,mild_decline,strong_decline,ASIAS
20071226831989I,2.0,,Unknown,Daylight,UNK,Unknown,<500,2007,12,"(-23) NWAA FLT 1676 DTW-SYR CREW SHUT DOWN #2 ENG DUE TO LOSS OIL QTY. CREW DECLARED EMERGENCY AND DIVERTED TO CLE

(-23) NWAA FLT 1676 DTW-SYR CREW SHUT DOWN #2 ENG DUE TO LOSS OIL QTY. CREW DECLARED EMERGENCY AND DIVERTED TO CLE AND LANDED WITHOUT INCIDENT. NWAA MX FOUND A DEFECTIVE B NUT ON THE FUEL OIL COOLER. LINE WAS REPLACED AND LEAK CHECKED OK.",DOUG,DC932,,"OPDEF, Other Than Pi;7921",,0.5658306296504989,20.28301886792452,-4.020750994076927,-0.4950495049505066,stable,strong_growth,mild_decline,stable,ASIAS
20071216830399I,2.0,,VMC,Unknown,UNK,Unknown,Unknown,2007,12,"(-23) AIRCRAFT N615PA, A B727 WAS PARKED ON THE CARGO RAMP OUTSIDE BUILDING #340. DURING STRONG GUSTING WINDS A CAR

(-23) AIRCRAFT N615PA, A B727 WAS PARKED ON THE CARGO RAMP OUTSIDE BUILDING #340. DURING STRONG GUSTING WINDS A CARGO CONTAINER WAS BLOWN INTO THE FUSELAGE ABOUT 16"" AFT OF THE FORWARD CARGO DOOR CAUSING A PUNCTURE APPROXIMATELY 1"" X 1"". THE FLIGHT CREW WAS ON BOARD AWAITING PASSENGERS WHO WERE ESTIMATED TO BE 20 MINUTES FROM ARRIVING AT THE AIRCRAFT. THE FLIGHT CREW DID NOT FEEL THE IMPACT AND THE INCIDENT AND DAMAGE WAS BROUGHT TO THEIR ATTENTION BY THE GROUND CREW. AN INTERIM REPAIR WAS PERFORMED PER THE STRUCTURAL REPAIR MANUAL (SRM) REFERENCE 53-30-03, FIGURE 25. THE INTERIM REPAIR CALLS FOR INSPECTION EVERY 3000 CYCLES AND IS TO BE PERMANENTLY REPAIRED 10,000 CYCLES.",BOEING,727243,,"Miscellaneous, Other;5330",,0.5658306296504989,20.28301886792452,-4.020750994076927,-0.4950495049505066,stable,strong_growth,mild_decline,stable,ASIAS
20071216831799I,4.0,,VMC,Unknown,UNK,Unknown,<500,2007,12,"(-23) DURING PUSHBACK, THE TOW BAR BROKE AND THE NOSE OF THE AIRCRAFT WENT THROUGH THE WINDSHIELD OF THE TUG. THE R

(-23) DURING PUSHBACK, THE TOW BAR BROKE AND THE NOSE OF THE AIRCRAFT WENT THROUGH THE WINDSHIELD OF THE TUG. THE RADOME OF THE AIRCRAFT SUSTAINED MINOR DAMAGE AND WAS REPLACED.",CNDAIR,CL6002B19,,"Miscellaneous, Other",,0.5658306296504989,20.28301886792452,-4.020750994076927,-0.4950495049505066,stable,strong_growth,mild_decline,stable,ASIAS
20071217829389I,0.0,,Unknown,Night,UNK,Other,Unknown,2007,12,"(-23) UPS 757 STARTED ENGINES AND COMMENCED TAXI SHORTLY BEFORE 10PM LOCAL TIME. AIRCRAFT REQUESTED TO DEPART ON RU

(-23) UPS 757 STARTED ENGINES AND COMMENCED TAXI SHORTLY BEFORE 10PM LOCAL TIME. AIRCRAFT REQUESTED TO DEPART ON RUNWAY 11 AND WAS CLEARED TO TAXI TO RUNWAY 11 VIA TAXIWAY B. AS THE 757 ROUNDED THE CORNER FROM ITS PARKING LOCATION ONTO TAXIWAY B, ITS RIGHT WING BEGAN TO PROTRUDE INTO THE RAMP AREA WHERE THE AMERICAN EAGLE SAB 340 WAS ALREADY PARKED. AS THE 757 CONTINUED ITS TAXI, THE RIGHT WINGTIP STRUCK THE RUDDER OF THE EAGLE AIRCRAFT CAUSING DAMAGE TO THE RUDDER OF THAT AIRCRAFT AND TO RIGHT WINGTIP OF THE 757. UNAWARE THERE HAD BEEN A COLLISION, THE 757 DEPARTED THE LFT AIRPORT AND SHORTLY THEREAFTER, ATC WAS NOTIFIED BY GROUND PERSONNEL THAT THERE WAS BROKEN GLASS ON THE RAMP AND THAT THE 757 HAD HIT THE AMERICAN EAGLE DURING HIS TAXI TO RUNWAY 11.",SAAB,340B,,Pilot Induced;Fail Avoid Ac None A,,0.5658306296504989,20.28301886792452,-4.020750994076927,-0.4950495049505066,stable,strong_growth,mild_decline,stable,ASIAS
20071211828209I,2.0,,IMC,Daylight,UNK,Unknown,5000+,2007,12,"(-23) CHQA FLIGHT 5839 TOOK OFF FROM KSTL BOUND FOR KIAH. DURNG THE CLIMB-OUT, THE FLIGHT ATTENDANT REPORTED SMOKE

(-23) CHQA FLIGHT 5839 TOOK OFF FROM KSTL BOUND FOR KIAH. DURNG THE CLIMB-OUT, THE FLIGHT ATTENDANT REPORTED SMOKE IN THE LAVATORY AND AFT CABIN. THE SMOKE PRODUCED A ""LAVATORY SMOKE"" EICAS MESSAGE. THE CREW DECLARED AN EMERGENCY, RETURNED TO KSTL, LANDED ON 30R AND THEN THE CAPTAIN ORDERED THE EVACUATION OF THE AIRCRAFT USING THE MAIN CABIN DOOR AND FORWARD GALLEY DOOR. THE CREW ELECTED NOT TO USE THE OVERWING EXITS. NO MALFUNCTIONS WERE NOTED WITH ANY EXITS DURING THE EVACUATION. THERE WERE NO REPORTED INJURIES DUE TO THE EVACUATION. THE EVACUATION TOOK LESS THAN ONE MINUTE.",EMB,EMB145LR,,Undetermined,,0.5658306296504989,20.28301886792452,-4.020750994076927,-0.4950495049505066,stable,strong_growth,mild_decline,stable,ASIAS
20071026825539I,2.0,,Unknown,Daylight,UNK,Unknown,2000-5000,2007,10,"(-23) THE CABIN DOOR ANNUNCIATOR ILLUMINATED IN FLIGHT. THE DOOR DID NOT COME OPEN. THE FLIGHT WAS DIVERTED TO SGF

(-23) THE CABIN DOOR ANNUNCIATOR ILLUMINATED IN FLIGHT. THE DOOR DID NOT COME OPEN. THE FLIGHT WAS DIVERTED TO SGF AND AN EMERGENCY WAS DECLARED. AIRCRAFT LANDED SAFELY, WITH THE DOOR REMAINING CLOSED. IT WAS AN INDICATION PROBLEM ONLY.",BEECH,1900D,,"OPDEF, Other Than Pi;5270",,0.7540971366707838,6.190476190476191,-4.020750994076927,-8.511627906976738,stable,strong_growth,mild_decline,strong_decline,ASIAS
20071030826239I,2.0,,Unknown,Night,UNK,Unknown,Unknown,2007,10,"(-23) N828AS, CL-600-2B19, BEING OPERATED BY ATLANTIC SOUTHEAST AIRLINES AS FLIGHT 4914, DECLARED AN EMERGENCY ON A

(-23) N828AS, CL-600-2B19, BEING OPERATED BY ATLANTIC SOUTHEAST AIRLINES AS FLIGHT 4914, DECLARED AN EMERGENCY ON APPROACH INTO OMAHA, NE, DUE TO A GEAR DISAGREEMENT MESSAGE. THE CREW EXTENDED THE LANDING GEAR BY USING THE FREE FALL METHOD. THE AIRCRAFT LANDED SAFELY. CONTRACT MAINTENANCE INSPECTED THE AIRCRAFT AND IT WAS FLOWN NON-REVENUE TO ATLANTA, GA. COMPANY MAINTENANCE PERSONNEL REPLACED THE MAIN LANDING GEAR BYPASS VALVE.",CNDAIR,CL6002B19,,"OPDEF, Other Than Pi;3230",,0.7540971366707838,6.190476190476191,-4.020750994076927,-8.511627906976738,stable,strong_growth,mild_decline,strong_decline,ASIAS
20071114831069I,2.0,,Unknown,Daylight,UNK,Unknown,Unknown,2007,11,"(-23) SOUTHWEST AIRLINES FLIGHT 570, A BOEING B737-5H4 (N528SW) ENROUTE FROM DETROIT (DTW) TO NASHVILLE (BNA) AT 36

(-23) SOUTHWEST AIRLINES FLIGHT 570, A BOEING B737-5H4 (N528SW) ENROUTE FROM DETROIT (DTW) TO NASHVILLE (BNA) AT 36,000 MSL EXPERIENCED SPIDER WEB CRACKING OF THE CAPTAIN'S (L-1) WINDSHIELD OUTER PANE WITH AN ASSOCIATE ARCING FROM THE WINDOW HEAT ELEMENTS. THE AIRCRAFT EXECUTED AN EMERGENCY DESCENT AND LOST SEPARATION WITH N906TF, A CL60. CLOSEST PROXIMITY WAS 100 FEET VERTICAL AND 2.38 MILES HORIZONTAL. THE AIRCRAFT DIVERTED INTO INDIANAPOLIS AIRPORT (IND) WHERE IT LANDED WITHOUT INCIDENT AT 2321 UTC. MAINTENANCE REMOVED AND REPLACED THE CAPTAIN'S WINDSHIELD AND WINDOW HEAT CONTROLLER AND THE AIRCRAFT WAS RETURNED TO SERVICE.",BOEING,7375H4,,"OPDEF, Other Than Pi;3040",,1.265206496760718,14.883720930232581,-4.020750994076927,-7.828970744995867,mild_growth,strong_growth,mild_decline,strong_decline,ASIAS
20071106831219I,2.0,,VMC,Night,UNK,Unknown,5000+,2007,11,"(-23) AT ACCELERATION ALTITUDE, WHEN THE FLAPS WERE SELECTED FROM 20 TO 8, THERE WAS A FLAPS FAIL CAUTION. THE FLAP

(-23) AT ACCELERATION ALTITUDE, WHEN THE FLAPS WERE SELECTED FROM 20 TO 8, THERE WAS A FLAPS FAIL CAUTION. THE FLAPS FAILED AT 16 DEGREES. AFTER RUNNING THE CFM, THE CREW RETURNED THE AIRCRAFT TO KSPI. AN EMERGENCY WAS DECLARED AND THE AIRCRAFT LANDED WITHOUT INCIDENT. THIS INCIDENT IS CLOSED WITH THIS REPORT.",CNDAIR,CL6002B19,,"OPDEF, Other Than Pi;2750",,1.265206496760718,14.883720930232581,-4.020750994076927,-7.828970744995867,mild_growth,strong_growth,mild_decline,strong_decline,ASIAS
20080213011609I,2.0,,Unknown,Unknown,UNK,PIC,5000+,2008,2,"(-23) AIRCRAFT DIVERTED FROM SGU TO CDC, DUE TO HIGH WINDS. LANDING IN A STRONG CROSSWIND AT CDC, THE AIRCRAFT'S LE

(-23) AIRCRAFT DIVERTED FROM SGU TO CDC, DUE TO HIGH WINDS. LANDING IN A STRONG CROSSWIND AT CDC, THE AIRCRAFT'S LEFT MAIN GEAR WENT OFF THE PAVEMENT AND HIT SEVERAL RUNWAY LIGHTS AND A RUNWAY MARKER SIGN. WEATHER - WIND DIRECTION VARIED CONSIDERABLY ON SHORT FINAL. INITIALLY FROM 270 DEGREES AT 20 KTS TO NW AT 14 KTS. THE CREW RECEIVES A FLAP FAIL MESSAGE AND THE PIC REVISED FLAP SETTING FROM 45 DEGREES TO 25 FOR LANDING.",EMB,EMB120ER,,"Miscellaneous, Other;Blown Over By Strong",,-0.35546011090099583,4.453441295546545,0.3746351070109455,-3.5723464405037153,stable,mild_growth,stable,mild_decline,ASIAS
20080110000249I,2.0,,VMC,Unknown,UNK,PIC,Unknown,2008,1,"(-23) TALKED WITH AALA'S MAINTENANCE CONTROL CENTER, MANAGER ON DUTY, ^PRIVACY DATA OMITTED^. ^PRIVACY DATA OMITTED

(-23) TALKED WITH AALA'S MAINTENANCE CONTROL CENTER, MANAGER ON DUTY, ^PRIVACY DATA OMITTED^. ^PRIVACY DATA OMITTED^ EXPLAINED THAT THE AIRCRAFT EXPERIENCED A FLAP OVERSPEED OF 40 KTS ON APPROACH INTO EGE. SINCE THE FLAP OVERSPEED INSPECTION IS QUITE EXTENSIVE, THE AIRCRAFT WILL BE MAINTENANCE FERRIED TO TUL, WHERE THE INSPECTION WILL BE ACCOMPLISHED. I CALLED EGE OPS ^PRIVACY DATA OMITTED^, WHO READ THE MAINTENANCE LOG ENTRY TO ME. THE CAPTAIN'S ENTRY STATED HE WAS ON APPROACH AT 220 KTS, FLAPS SET TO 1. THE AIRCRAFT EXPERIENCED MODERATE TO SEVERE TURBULENCE. THE CAPTAIN OBSERVED AIRPSPEED SPIKE TO 260 KTS FOR 5-7 SECONDS THEN DECREASE. PEAK SPEED NOT OBSERVED. (-23 AMENDMENT) AALA'S MAINTENANCE CONTROL HAS SCHEDULED A DOWN LOAD OF THE DIGITAL FLIGHT DATA RECORDER, PLUS A TURBULENT INSPECTION TO BE ACCOMPLISHED AT EGE.",BOEING,757223,,"Miscellaneous, Other;Other, Miscellaneous",,-0.1349986387368718,17.040358744394624,0.3746351070109455,-6.049822064056942,stable,strong_growth,stable,strong_decline,ASIAS
20080304832739I,2.0,,Unknown,Unknown,UNK,Unknown,<500,2008,3,"(-23) NORTHWEST 1184 DEPARTED DETROIT (DTW) FOR HOUSTON (IAH) WITH TWO ITEMS DEFERRED UNDER THE MINIMUM EQUIPMENT L

(-23) NORTHWEST 1184 DEPARTED DETROIT (DTW) FOR HOUSTON (IAH) WITH TWO ITEMS DEFERRED UNDER THE MINIMUM EQUIPMENT LIST (MEL). THE TWO ITEMS WERE THE NUMBER 2 PACK AND THE NUMBER 1 HIGH PRESSURE VALVE (HPV). DURING CRUISE FLIGHT THE FLIGHT ATTENDANTS REPORTED FEELING A ""SUDDEN, EXTREMELY ABRUPT AND LARGE CHANGE IN PRESSURIZATION CAUSING OUR EARS TO POP DEEPLY AND ABRUPTLY."" THE CAPTAIN REPORTED THAT A 2,000 FOOT PER MINUTE DESCENT RATE IN CABIN PRESSURE WAS OBSERVED ON THE AIRCRAFT INSTRUMENTS FOR ABOUT 4 SECONDS. THE PRESSURE CHANGE INDICATION WAS ACCOMPANIED BY A ""PRV-SOLENOID"" MESSAGE ON THE ELECTRONIC CENTRALIZED AIRCRAFT MONITOR (ECAM) SYSTEM. IN ADDITION TO THE EAR DISCOMFORT REPORTED BY THE FLIGHT ATTENDANTS, ONE PASSENGER COMPLAINED OF EAR PAIN, ONE PASSENGER (A CHILD) EXPERIENCED SUDDEN PROJECTILE VOMITING, AND ONE PASSENGER HAD A ""GUSHING NOSE BLEED - WITHOUT WARNING."" THE AIRCRAFT CONTINUED TO ITS DESTINATION AND WAS MET AT THE GATE BY PARAMEDICS, AND THE PASSENGERS AND FLIGHT ATTENDANTS REFUSED MEDICAL ATTENTION.",AIRBUS,A319114,,"OPDEF, Other Than Pi;2130",,-0.13667734005612386,13.333333333333353,0.3746351070109455,7.6983503534956865,stable,strong_growth,stable,strong_growth,ASIAS
20080123010169I,2.0,,Unknown,Daylight,UNK,Unknown,5000+,2008,1,"(-23) ON 1/23/2008, AIRCRAFT N603QX, FLIGHT 2509 DEPARTED PDX FROM RUNWAY 10L ENROUTE TO ONT. PASSING THROUGH 10,00

(-23) ON 1/23/2008, AIRCRAFT N603QX, FLIGHT 2509 DEPARTED PDX FROM RUNWAY 10L ENROUTE TO ONT. PASSING THROUGH 10,000 FEET THE CREW HEARD A LOUD NOISE. WHEN LANDED AT ONT THE LEFT OUTBOARD MAIN LANDING GEAR DOOR WAS MISSING. THE MAIN LANDING GEAR DOOR FAILURE IS A CLASSIC AD2006-14-05 FAILURE. A SAFETY RECOMMENDATION WAS SUBMITTED TO THE MANAGER, RECOMMENDATION AND ANALYSIS DIVISION, AAI-200, ON FEBRUARY 6, 2008. A SDR WAS ISSUED ON THIS EVENT.",CNDAIR,CL6002C10,,"OPDEF, Other Than Pi;5280",,-0.1349986387368718,17.040358744394624,0.3746351070109455,-6.049822064056942,stable,strong_growth,stable,strong_decline,ASIAS
20080122011469I,0.0,,Unknown,Night,UNK,Other,Unknown,2008,1,"(-23) ON JANUARY 22, 2008, IN SDF, A COMAIR RAMP AGENT WHILE CLEANING THE AIRCRAFT, FAILED TO FOLLOW F3LA POLICY AN

(-23) ON JANUARY 22, 2008, IN SDF, A COMAIR RAMP AGENT WHILE CLEANING THE AIRCRAFT, FAILED TO FOLLOW F3LA POLICY AND PROCEDURES, ARMED AND OPENED THE IR WHICH CAUSED AN INADVERTENT SLIDE DEPLOYMENT. (-23 AMENDMENT) INADVERTENT SLIDE DEPLOYMENT BY GROUND PERSONNEL. NO PASSENGERS OR CREW WERE ONBOARD.",AIRBUS,A319111,,"Miscellaneous, Other;Fail Follow Approved",,-0.1349986387368718,17.040358744394624,0.3746351070109455,-6.049822064056942,stable,strong_growth,stable,strong_decline,ASIAS
20080208010159I,2.0,,VMC,Daylight,UNK,Unknown,Unknown,2008,2,"(-23) N554UA, BOEING 757, OPERATED BY UNITED AIRLINES AS FLIGHT 4, WAS ENROUTE FROM SAN FRANCISCO, CA TO NEW YORK.

(-23) N554UA, BOEING 757, OPERATED BY UNITED AIRLINES AS FLIGHT 4, WAS ENROUTE FROM SAN FRANCISCO, CA TO NEW YORK. THE AIRCRAFT DIVERTED TO OMAHA, NE, AFTER THE CREW RECEIVED A FIRE WARNING INDICATION IN THE REAR CARGO. THE FLIGHT WAAS APPROXIMATELY 50 MILES NORTH OF OMAHA, WHEN THE CREW RECEIVED THE AFT AND FORWARD RED ANNUNCIATOR ON THE PEDESTAL. THEY IMMEDIATELY DISCHARGED THE FORWARD EXTINGUISHER AND SUBSEQUENTLY DISCHARGED THE AFT EXTINGUISHER DURING THE APPROACH INTO OMAHA. THE AIRCRAFT WAS FERRIED TO A COMPANY MAINTENANCE BASE. MAINTENANCE FOUND THAT THE CARD IN THE AFT CARGO FIRE WARNING SYSTEM FAILED.",BOEING,757222,,"OPDEF, Other Than Pi;2612",,-0.35546011090099583,4.453441295546545,0.3746351070109455,-3.5723464405037153,stable,mild_growth,stable,mild_decline,ASIAS
20080117009659I,2.0,,VMC,Daylight,UNK,Unknown,Unknown,2008,1,"(-23) N820AY, CL600-2B19, BEING OPERATED BY PINNACLE AIRLINES AS FLIGHT 2969 ON A FLIGHT FROM DETROIT, MI TO LINCOL

(-23) N820AY, CL600-2B19, BEING OPERATED BY PINNACLE AIRLINES AS FLIGHT 2969 ON A FLIGHT FROM DETROIT, MI TO LINCOLN, NE, HAD FLAP FAILURE ON APPROACH FOR LANDING. THE CREW DECLARED AN EMERGENCY AND LANDED THE AIRCRAFT SAFELY. THE CREW REPORTED THAT THE FLAPS FAILED AT THE ZERO POSITION. CONTRACT MAINTENANCE RESPONDED. MAINTENANCE CYCLED THE FLAPS AND COMPLIED WITH AD 2006-12-21. NO FURTHER DISCREPANCIES. AIRCRAFT PUT ON 72 HOUR FLAP WATCH PER AD 2006-12-21.",CNDAIR,CL6002B19,,"OPDEF, Other Than Pi;2750",,-0.1349986387368718,17.040358744394624,0.3746351070109455,-6.049822064056942,stable,strong_growth,stable,strong_decline,ASIAS
20080124010219I,2.0,,Unknown,Unknown,UNK,PIC,5000+,2008,1,"(-23) THE AIRCRAFT DOORS WERE CLOSED AND THE FRONT END CREW AND THE FLIGHT ATTENDANT CREW WERE PREPARING FOR THE PU

(-23) THE AIRCRAFT DOORS WERE CLOSED AND THE FRONT END CREW AND THE FLIGHT ATTENDANT CREW WERE PREPARING FOR THE PUSHBACK FROM THE GATE AT KMDW. THE FINAL PAPERWORK FOR THE FLIGHT WAS IN THE COCKPIT WITH THE SIGNED RELEASE. THIS RELEASE WAS SUPPOSED TO HAVE BEEN GIVEN TO THE GATE AGENT PRIOR TO CLOSING THE IL DOOR. THE CAPTAIN REALIZED THIS AND ASKED THE A FLIGHT ATTENDANT TO OPEN THE DOOR AND GIVE THE PAPERWORK TO THE GATE AGENT. CONTRARY TO FRONTIER PROCEDURES, THE A FLIGHT ATTENDANT OPENED THE ""ARMED"" DOOR AND THE SLIDE PACK DEPLOYED BUT DID NOT INFLATE BECAUSE IT FELL AGAINST THE JETWAY WHICH WAS STILL IN PLACE. THIS INCIDENT WAS AN INADVERTENT SLIDE DEPLOYMENT MADE POSSIBLE BECAUSE COMPANY PROCEDURES WERE NOT FOLLOWED. ^PRIVACY DATA OMITTED^",AIRBUS,A319111,,Pilot Induced;Hazd/Mater On Board,,-0.1349986387368718,17.040358744394624,0.3746351070109455,-6.049822064056942,stable,strong_growth,stable,strong_decline,ASIAS
20080214832909I,2.0,,Unknown,Daylight,UNK,Unknown,<500,2008,2,"(-23) FLIGHT 1, A B-747-400 OPERATING FROM NARITA, JAPAN TO HONG KONG HAD A MINOR FIRE IN THE OVERHEAD DURING PASSE

(-23) FLIGHT 1, A B-747-400 OPERATING FROM NARITA, JAPAN TO HONG KONG HAD A MINOR FIRE IN THE OVERHEAD DURING PASSENGER BOARDING. AFTER BEING PLACED IN THE OVERHEAD BIN, A PASSENGER'S CARRY-ON BAGGAGE CAUGHT FIRE ABOVE SEATS 35B AND C. FLIGHT ATTENDANTS ON BOARD THE AIRCRAFT USED TWO FIRE EXTINGUISHERS TO PUT OUT THE FIRE. AT THE TIME THE FIRE BEGAN, APPROXIMATELY TWO-THIRDS OF THE PASSENGERS WERE ONBOARD THE AIRCRAFT. ONE PASSENGER RECEIVED A MINOR INJURY (BURN) WHEN HE TRIED TO EXTINGUISH THE FIRE BY HAND. THE PASSENGER DECLINED MEDICAL ATTENTION. EARLY INDICATIONS REVEALED THAT A BATTERY INSIDE A FLASHLIGHT HAD CAUGHT FIRE. THE PASSENGER WHOSE LUGGAGE CAUGHT FIRE, AND HIS BAGS, WERE REMOVED FROM THE AIRCRAFT AND RE-SCREENED. THE RE-SCREENING DID NOT REVEAL ANYTHING ABNORMAL. THE BURNED FLASHLIGHT AND BAG WERE SECURED BY NORTHWEST AIRLINES PERSONNEL AND ARE BEING HELD FOR THE NTSB, IF DESIRED. THE JCAB AND NTSB WERE NOTIFIED IMMEDIATELY AFTER THE FIRE AND ALLOWED THE FLIGHT TO DEPART FOR HONG KONG. THE NTSB IS WORKING WITH THE DOT TO DETERMINE IF THEY WILL INVESTIGATE THE EVENT DUE TO RECENT INDUSTRY EVENTS INVOLVING BATTERIES.",BOEING,747451,,"Miscellaneous, Other",,-0.35546011090099583,4.453441295546545,0.3746351070109455,-3.5723464405037153,stable,mild_growth,stable,mild_decline,ASIAS
20080220013729I,2.0,,Unknown,Night,UNK,Unknown,<500,2008,2,"(-23) THIS OFFICE WAS NOTIFIED BY THE NEW ENGLAND AREA OPERATIONS CENTER THAT: ""MESA AIRLINES 2670, CRJ, AT 2204 ES

(-23) THIS OFFICE WAS NOTIFIED BY THE NEW ENGLAND AREA OPERATIONS CENTER THAT: ""MESA AIRLINES 2670, CRJ, AT 2204 EST, 2/20/08 REPORTED LOSS OF #1 ENGINE POWER 4 MILES SOUTHEAST OF PORTLAND, ME. AIRCRAFT LANDED RUNWAY SAFELY AT 2207 EST."" THIS INSPECTOR SPOKE WITH LOCAL CONTRACT AIRCRAFT MAINTENANCE PERSONNEL AND MESA AIRCRAFT MAINTENANCE PERSONNEL WHERE IT WAS DISCLOSED THAT THE MASTER VG ACTUATOR (PN 4128T48G05) AND THE SLAVE VG ACTUATOR (PN 4128T48G05) HAD BOTH FRACTURED/FAILED IN FLIGHT. MESA AIRCRAFT MAINTENANCE HAS REPLACED BOTH MASTER AND SLAVE ACTUATOR. MESA PMI HAS BEEN NOTIFIED OF THIS INCIDENT AS WELL AS AIRCRAFT EVALUATION GROUP, ENGINE CERTIFICATION OFFICE AND AAI-200. INVESTIGATION CONSIDERED CLOSED AT THIS OFFICE AS THESE ENTITIES HAVE BEEN NOTIFIED.",CNDAIR,CL6002D24,,"OPDEF, Other Than Pi;7320",,-0.35546011090099583,4.453441295546545,0.3746351070109455,-3.5723464405037153,stable,mild_growth,stable,mild_decline,ASIAS
20080213012359I,2.0,,Unknown,Daylight,UNK,PIC,5000+,2008,2,"(-23) HILO, HI: AIR SHUTTLE 1002, CRJ-2, N651BR, FLIGHT FROM HONOLULU TO HILO, HI, ON 2/13 AT 1130PST, BOTH PILOTS

(-23) HILO, HI: AIR SHUTTLE 1002, CRJ-2, N651BR, FLIGHT FROM HONOLULU TO HILO, HI, ON 2/13 AT 1130PST, BOTH PILOTS FELL ASLEEP AND OVERFLEW THE AIRPORT BY 15 MILES AT FL210. ATC WAS UNABLE TO GET PILOTS TO RESPOND. F-15 AIRCRAFT WERE ALERTED. EITHER THE FLIGHT ATTENDANT KNOCKED ON THE DOOR TO WAKE THEM OR THE PILOTS RESPONDED TO NUMEROUS CALLS FROM ATC. 3 CREW AND 40 PASSENGERS.",CNDAIR,CL6002B19,,"Miscellaneous, Other;Pilot Incap Excludes",,-0.35546011090099583,4.453441295546545,0.3746351070109455,-3.5723464405037153,stable,mild_growth,stable,mild_decline,ASIAS
20080118009869I,2.0,,VMC,Unknown,UNK,Unknown,Unknown,2008,1,"(-23) N841AY, CL600-2B19, BEING OPERATED BY PINNACLE AIRLINES AS FLIGHT 5870 ON A FLIGHT FROM DETROIT, MI TO OMAHA,

(-23) N841AY, CL600-2B19, BEING OPERATED BY PINNACLE AIRLINES AS FLIGHT 5870 ON A FLIGHT FROM DETROIT, MI TO OMAHA, NE, HAD FLAP FAILURE ON APPROACH FOR LANDING. THE CREW DECLARED AN EMERGENCY AND LANDED THE AIRCRAFT SAFELY. THE CREW REPORTED THAT THE FLAPS FAILED AT THE ZERO POSITION. CONTRACT MAINTENANCE RESPONDED. THERE WAS NO FLAP FAILURE MESSAGE AT POWER UP. MAINTENANCE COMPLIED WITH AD 2006-12-21. NO FURTHER DISCREPANCIES THRU 4 FLAP CYCLES. THE AIRCRAFT WAS PUT ON A 72 HOUR FLAP WATCH, PER AD 2006-12-21.",CNDAIR,CL6002B19,,"OPDEF, Other Than Pi;2750",,-0.1349986387368718,17.040358744394624,0.3746351070109455,-6.049822064056942,stable,strong_growth,stable,strong_decline,ASIAS
20080108000219I,2.0,,VMC,Daylight,UNK,Unknown,Unknown,2008,1,"(-23) N733TW, B-737-2H4, OPERATED BY AMERISTAR CHARTERS AS FLIGHT AJI9262, DEPARTED THE RAMP AREA WHILE TAXIING TO

(-23) N733TW, B-737-2H4, OPERATED BY AMERISTAR CHARTERS AS FLIGHT AJI9262, DEPARTED THE RAMP AREA WHILE TAXIING TO THE TERMINAL. FOLLOWING AN UNEVENTFUL LANDING THE FLIGHT CREW EXPERIENCED A LOSS OF HYDRAULIC SYSTEM PRESSURE WHILE TAXIING FROM THE TAXIWAY TO THE RAMP. THE PILOT STATED THAT AS HE WAS TRANSITIONING FROM THE TAXIWAY HE OBSERVED A MASTER CAUTION LIGHT, AND THE FIRST OFFICER CALLED OUT THAT THE AIRCRAFT HAD LOST SYSTEM A, AND SYSTEM B HYDRAULICS. THE LOSS OF THE A,B AND STANDBY HYDRAULIC SYSTEM PRESSURE RENDERED THE NOSE WHEEL STEERING AND THE MAIN WHEEL BRAKING SYSTEMS INOPERATIVE. THE AIRCRAFT DEPARTED THE RAMP INTO THE SNOW. THERE WERE NO INJURIES AND NO DAMAGE TO THE AIRCRAFT. THE COMPANY MECHANIC STATED THAT HE HAD REMOVED THE LEFT MLG, LEFT HAND AFT SWIVEL VALVE AND REINSTALLED THE VALVE INCORRECTLY.",BOEING,7372H4,,Improper Maintenance;2910,,-0.1349986387368718,17.040358744394624,0.3746351070109455,-6.049822064056942,stable,strong_growth,stable,strong_decline,ASIAS
20080219833119I,2.0,,Unknown,Daylight,UNK,Unknown,2000-5000,2008,2,"(-23) THE AIRCRAFT DEPARTED PIA (PEORIA, IL) FOR ORD (CHICAGO, IL) AND RETURNED TO PIA DUE TO A NOSE WHEEL STEERING

(-23) THE AIRCRAFT DEPARTED PIA (PEORIA, IL) FOR ORD (CHICAGO, IL) AND RETURNED TO PIA DUE TO A NOSE WHEEL STEERING INDICATION DISAGREE ANNUNCIATION. THE CREW DECLARED AN EMERGENCY AND LANDED WITHOUT INCIDENT AT PIA.",CNDAIR,CL6002B19,,"OPDEF, Other Than Pi;3233",,-0.35546011090099583,4.453441295546545,0.3746351070109455,-3.5723464405037153,stable,mild_growth,stable,mild_decline,ASIAS
20080109000289I,2.0,,Unknown,Daylight,UNK,Unknown,<500,2008,1,"(-23) AT FL340, 70 MILES SOUTHWEST OF DFW, CABIN ALTITUDE WARNING HORN SOUNDED (10,500 FT)- WENT TO STBY SYSTEM - N

(-23) AT FL340, 70 MILES SOUTHWEST OF DFW, CABIN ALTITUDE WARNING HORN SOUNDED (10,500 FT)- WENT TO STBY SYSTEM - NO HELP - O2 MASKS DID NOT DEPLOY - EMERG. DESCENT TO DFW --. FOUND CLAMP AROUND APU PNUEMATIC DUCT WHICH HOLDS SURROUNDING PRESSURE BOOT SLIPPED OFF. REALIGNED AFT CARGO FWD BULKHEAD TO DUCT BOOT AND REINSTALLED CLAMP PER M/M 36-19-15. THIS INCIDENT IS CLOSED.",BOEING,7373TO,,"OPDEF, Other Than Pi;2120",,-0.1349986387368718,17.040358744394624,0.3746351070109455,-6.049822064056942,stable,strong_growth,stable,strong_decline,ASIAS
20080303011639I,2.0,,VMC,Unknown,UNK,Unknown,<500,2008,3,"(-23) ON 3/3/08 WHILE ON APPROACH TO PITTSBURGH INTERNATIONAL, THE NUMBER 1 ENGINE OIL PRESSURE WARNING SYSTEM SHOW

(-23) ON 3/3/08 WHILE ON APPROACH TO PITTSBURGH INTERNATIONAL, THE NUMBER 1 ENGINE OIL PRESSURE WARNING SYSTEM SHOWED LOW OIL PRESSURE. A PRECAUTIONARY ENGINE SHUTDOWN WAS PERFORMED, AND THE AIRCRAFT LANDED AND TAXIED TO THE RAMP WITHOUT FURTHER INCIDENT. LOCAL MAINTENANCE AND MASA PERSONNEL TROUBLE SHOT THE DISCREPANCY, REPLACED OIL PUMP, FLUSHED AND CLEANED ENGINE OIL SYSTEM. THE AIRCRAFT WAS RETURNED TO SERVICE BY MASA MAINTENANCE PERSONNEL. AIRCRAFT LOG PAGES 279066/279067. THE MASA PMI WAS GIVEN THE AIRCRAFT LOGBOOK PAGES FOR FOLLOW-UP.",CNDAIR,CL6002B19,,"OPDEF, Other Than Pi;7261",,-0.13667734005612386,13.333333333333353,0.3746351070109455,7.6983503534956865,stable,strong_growth,stable,strong_growth,ASIAS
20080309833429I,2.0,,Unknown,Unknown,UNK,Other,<500,2008,3,"(-23) CREW HAD JUST FINISHED BOARDING PASSENGERS FOR SWIA FLIGHT #5886 ON GATE ""FIC."" TUG #1 WAS PULLING FOUR BAGGA

(-23) CREW HAD JUST FINISHED BOARDING PASSENGERS FOR SWIA FLIGHT #5886 ON GATE ""FIC."" TUG #1 WAS PULLING FOUR BAGGAGE CARTS ENROUTE FROM THE DEPRESSED ROAD WAY APPROACHING GATE ""FIC"" AT TERMINAL ""2"" WHICH IS WHERE N970SW WAS PARKED. TUG #2 WAS GOING IN THE OPPOSITE DIRECTION AND SPUN-OUT ON THE GLYCOL DE-ICING FLUID ON THE RAMP AND HIT THE LAST CART BEING TOWED BY TUG #1, WHICH CAUSED THE CART TO IMPACT THE RIGHT WING WINGLET CAUSING SUBSTANTIAL DAMAGE TO THE WINGLET. THE PASSENGERS AND CREW DEPLANED NORMALLY. THERE WERE NO REPORTED INJURIES TO PASSENGERS, FLIGHT CREW OR GROUND PERSONNEL. THE DRIVER OF TUG #2 ADMITTED SHE WAS ""DRIVING TOO FAST FOR CONDITIONS"", LOST CONTROL OF THE TUG AND HIT THE CART. THE RESPONSIBLE GROUND HANDLING AGENCY, UNITED AIRLINES (UALA), HAS TAKEN REMEDIAL ACTION AND PLACED THE DRIVER ON PROBATION.",CNDAIR,CL6002B19,,"Miscellaneous, Other;Other, Miscellaneous",,-0.13667734005612386,13.333333333333353,0.3746351070109455,7.6983503534956865,stable,strong_growth,stable,strong_growth,ASIAS
20080226832919I,2.0,,Unknown,Unknown,UNK,Unknown,<500,2008,2,"(-23) AT CRUISE, SMOKE WAS FOUND COMING FROM AN OVEN IN GALLEY #2. THERE WERE FLIGHT ATTENDANTS IN THE GALLEY AREA

(-23) AT CRUISE, SMOKE WAS FOUND COMING FROM AN OVEN IN GALLEY #2. THERE WERE FLIGHT ATTENDANTS IN THE GALLEY AREA AT THE TIME CONDUCTING THEIR DUTY FREE INVENTORY. THE FLIGHT ATTENDANTS IMMEDIATELY TURNED OFF THE OVEN, PULLED THE CIRCUIT BREAKER AND INFORMED THE FLIGHT DECK WHILE TWO OTHER FLIGHT ATTENDANTS RETRIEVED FIRE EXTINGUISHERS FROM THE NEAREST STATION. THE FIRE HORN WENT OFF ABOUT THE SAME TIME. THE PURSER APPROACHED THE OVEN AND USED A HALON EXTINGUISHER TO SATURATE THE AREA IN THE OVEN THAT WAS CAUSING THE SMOKE. THERE WAS NO FIRE, ONLY SMOKE. ONCE THE SMOKE WAS CONTAINED, THE PURSER CONFIRMED WITH THE FD THAT THE FIRE HORN COULD BE RESET. THE CREW CONTINUED TO MONITOR THE OVEN. THE CAUSE OF THE SMOKE APPEARED TO BE A RESULT OF RESIDUAL LIQUID FROM THE CATERED MEALS BEING COOKED IN THE OVEN. FAS ALSO REPORTED THAT THE OVEN TIMER WAS MALFUNCTIONING AND REPORTED THIS ACCORDINGLY IN THE MAINTENANCE LOGBOOK.",BOEING,747451,,"Miscellaneous, Other;2530",,-0.35546011090099583,4.453441295546545,0.3746351070109455,-3.5723464405037153,stable,mild_growth,stable,mild_decline,ASIAS
20080308011619I,2.0,,Unknown,Daylight,UNK,Unknown,<500,2008,3,"(-23) DURING ROTATION, THE NUMBER 1 ENGINE DEVELOPED A VIBRATION. THE ENGINE WAS SHUT DOWN EVENTUALLY. THE AIRCRAFT

(-23) DURING ROTATION, THE NUMBER 1 ENGINE DEVELOPED A VIBRATION. THE ENGINE WAS SHUT DOWN EVENTUALLY. THE AIRCRAFT RETURNED AND LANDED AT PIT RUNWAY 28L AND TAXIED TO THE RAMP WITH NO FURTHER INCIDENT. SKY KING MAINTENANCE PERSONNEL TROUBLE SHOT THE DISCREPANCY AND DETERMINED THAT THE #1 ENGINE SPINNER HAD SEPARATED AND REMNANTS HAD HIT THE INSIDE DIAMETER OF THE ENGINE INTAKE COWLING. THE ENGINE WAS INSPECTED IN ACCORDANCE WITH OPERATOR GUIDANCE. THE SPINNER AND FORWARD ENGINE INTAKE WERE REPLACED. AN E-MAIL WAS SENT TO THE PMI ^PRIVACY DATA OMITTED^.",BOEING,737232,,"OPDEF, Other Than Pi;7220",,-0.13667734005612386,13.333333333333353,0.3746351070109455,7.6983503534956865,stable,strong_growth,stable,strong_growth,ASIAS
20080310011399I,2.0,,Unknown,Night,UNK,PIC,Unknown,2008,3,"(-23) ON APPROACH TO SLC, THE AIRCRAFT STRUCK NUMEROUS BIRDS. DAMAGE WAS TO: 1) LEFT WING TIP LIGHT LENS, 2) LOWER

(-23) ON APPROACH TO SLC, THE AIRCRAFT STRUCK NUMEROUS BIRDS. DAMAGE WAS TO: 1) LEFT WING TIP LIGHT LENS, 2) LOWER LEFT NACELLE SKIN, 3) THE OIL COOLER SCOOP SKINS, 4) CENTER SECTION LEADING EDGE, 5) FUSELAGE TO WING FAIRING, 6) AUX SPAR WEB. THE AIRCRAFT LANDED WITHOUT INCIDENT.",EMB,EMB120ER,,"Miscellaneous, Other;Struck Birds In Flig",,-0.13667734005612386,13.333333333333353,0.3746351070109455,7.6983503534956865,stable,strong_growth,stable,strong_growth,ASIAS
20080229833889I,2.0,,Unknown,Daylight,UNK,Other,<500,2008,2,"(-23) THE AIRCRAFT WAS PARKED AT THE GATE BEING DEICED FOR DEPARTURE WHEN THE DEICE TRUCK STRUCK THE AIRCRAFT RT WI

(-23) THE AIRCRAFT WAS PARKED AT THE GATE BEING DEICED FOR DEPARTURE WHEN THE DEICE TRUCK STRUCK THE AIRCRAFT RT WING. THE #1 SLAT WAS DAMAGED AND HAD TO BE REPLACED. THE WORK WAS COMPLETED AND THE AIRCRAFT WAS RETURNED TO SERVICE ON MARCH 2ND.",DOUG,DC932,,"Miscellaneous, Other;Fail Avd Objs Or Obs",,-0.35546011090099583,4.453441295546545,0.3746351070109455,-3.5723464405037153,stable,mild_growth,stable,mild_decline,ASIAS
20080301832719I,2.0,,Unknown,Unknown,UNK,Unknown,<500,2008,3,"(-23) NWA FLIGHT #1749 DEPARTED KMSP ENROUTE TO MMCZ. SHORTLY AFTER LEVEL OFF THE FIRST OFFICER NOTICED A FUEL IMBA

(-23) NWA FLIGHT #1749 DEPARTED KMSP ENROUTE TO MMCZ. SHORTLY AFTER LEVEL OFF THE FIRST OFFICER NOTICED A FUEL IMBALANCE GREATER THAN THAT ALLOWABLE. THE AMOUNT OF FUEL USED (TOTAL FUEL LOADED MINUS FUEL ONBOARD) AND THE FUEL BURN NUMBERS WERE CORRECT, HOWEVER IT APPEARED ALL OF THE FUEL, FOR BOTH ENGINES WAS BEING BURNED OUT OF THE RIGHT MAIN FUEL TANK. AFTER DISCUSSION WITH DISPATCH AND MTC, THE DECISION WAS MADE TO DIVERT TO KMEM. IT WAS DISCOVERED THAT THE FUELER IN KMSP HAD LEFT THE MODE SELECT SWITCH ON THE REFUELING CONTROL PANEL IN THE REFUEL POSITION AND THE REFUELING VALVE FOR THE LEFT WING IN THE OPEN POSITION. ALSO, A RELAY, REMOVED AFTER THE EVENT, WAS DETERMINED TO HAVE FAILED IN SUCH A MANNER THAT NO ELECTRICAL POWER WAS AVAILABLE TO CLOSE THE TWO OPEN FUELING VALVES WHEN THE LANDING GEAR SELECTOR WAS RAISED. THE FAILED RELAY PREVENTED THE FLOW OF POWER TO THE SHUT SECTION OF THE TWO VALVES INVOLVED. THUS THE FUEL BOOST PUMP PRESSURE MOVED THE FUEL FROM THE CENTER/RIGHT WING TANK TO THE LEFT WING TANK.",AIRBUS,A320211,,"Miscellaneous, Other;2824",,-0.13667734005612386,13.333333333333353,0.3746351070109455,7.6983503534956865,stable,strong_growth,stable,strong_growth,ASIAS
20080218833109I,2.0,,Unknown,Daylight,UNK,Unknown,2000-5000,2008,2,"(-23) THE AIRCRAFT DEPARTED SPI (SPRINGFIELD, IL) FOR ORD (CHICAGO, IL) AND RETURNED TO SPI DUE TO A NOSE WHEEL STE

(-23) THE AIRCRAFT DEPARTED SPI (SPRINGFIELD, IL) FOR ORD (CHICAGO, IL) AND RETURNED TO SPI DUE TO A NOSE WHEEL STEERING INDICATION DISAGREE ANNUNCIATION. THE CREW DECLARED AN EMERGENCY AND LANDED WITHOUT INCIDENT AT SPI.",CNDAIR,CL6002B19,,"OPDEF, Other Than Pi;3230",,-0.35546011090099583,4.453441295546545,0.3746351070109455,-3.5723464405037153,stable,mild_growth,stable,mild_decline,ASIAS
20080215833199A,2.0,,Unknown,Daylight,UNK,Unknown,<500,2008,2,"(-23) FLIGHT ATTENDANT SLIPPED AND FELL IN FORWARD CABIN AREA BETWEEN JUMPSEAT AND GALLEY DURING AIRCRAFT CLIMB, AT

(-23) FLIGHT ATTENDANT SLIPPED AND FELL IN FORWARD CABIN AREA BETWEEN JUMPSEAT AND GALLEY DURING AIRCRAFT CLIMB, AT APPROXIMATELY 11,000. FLIGHT ATTENDANT BROKE LEG IN THREE LOCATIONS AS A RESULT OF FALL. FLIGHT ATTENDANT STATED SHE TRIED TO CLEAN UP A SLICK/STICKY SUBSTANCE ON FLOOR PRIOR TO AND AFTER BOARDING.",EMB,EMB145LR,,"Miscellaneous, Other",,-0.35546011090099583,4.453441295546545,0.3746351070109455,-3.5723464405037153,stable,mild_growth,stable,mild_decline,ASIAS
20080213011499I,2.0,,Unknown,Daylight,UNK,Unknown,Unknown,2008,2,"(-23) FOLLOWING PLEASE FIND ADDITIONAL INFORMATION CONCERNING THE INJURIES THAT OCCURRED DUE TO SEVERE TURBULENCE E

(-23) FOLLOWING PLEASE FIND ADDITIONAL INFORMATION CONCERNING THE INJURIES THAT OCCURRED DUE TO SEVERE TURBULENCE ENCOUNTERED BY AIRCRAFT N937FR, FLIGHT 571, SCHEDULED TO OPERATE FROM KDEN TO KSLC, ON 2/13/08. THREE PASSENGERS AND TWO FLIGHT ATTENDANTS (""A"" AND ""B"") COMPLAINED OF INJURY AND WERE ATTENDED TO BY PARAMEDICS. OF THE FIVE WHO COMPLAINED OF INJURY, ONLY TWO WERE TRANSPORTED TO LOCAL HOSPITALS. (-23 AMENDMENT) TURBULENCE ENCOUNTERED BY F3LA ENROUTE TO SLC. AIRCRAFT N937FR, FLIGHT 571, ENCOUNTERED WHAT IS DESCRIBED AS SEVERE TURBULENCE. OF THE 132 SOULS ON BOARD, THREE PASSENGERS AND TWO FLIGHT ATTENDANTS (""A"" AND ""B"") COMPLAINED OF INJURY AND WERE ATTENDED TO BY PARAMEDICS ON THE GROUND IN SLC. OF THE FIVE WHO COMPLAINED OF INJURY, ONLY TWO WERE TRANSPORTED TO LOCAL HOSPITALS. BOTH WERE TREATED FOR MINOR INJURIES AND RELEASED.",AIRBUS,A319111,,"Miscellaneous, Other",,-0.35546011090099583,4.453441295546545,0.3746351070109455,-3.5723464405037153,stable,mild_growth,stable,mild_decline,ASIAS
20080212833409I,2.0,,VMC,Unknown,UNK,Unknown,5000+,2008,2,"(-23) AFTER TAKEOFF, THE STAB TRIM WOULD NOT ENGAGE. AN EMERGENCY WAS DECLARED. THE AIRCRAFT WAS CLEARED TO RETURN

(-23) AFTER TAKEOFF, THE STAB TRIM WOULD NOT ENGAGE. AN EMERGENCY WAS DECLARED. THE AIRCRAFT WAS CLEARED TO RETURN TO SPI. ON APPROACH TO SPI, THE STAB TRIM WAS ACTIVATED USING THE FIRST OFFICER'S CONTROL. THE EMERGENCY WAS CANCELLED AND THE AIRCRAFT LANDED AT SPI WITHOUT INCIDENT. THIS INCIDENT IS CLOSED WITH THIS REPORT.",CNDAIR,CL6002B19,,"OPDEF, Other Than Pi;2740",,-0.35546011090099583,4.453441295546545,0.3746351070109455,-3.5723464405037153,stable,mild_growth,stable,mild_decline,ASIAS
20080210833099I,2.0,,Unknown,Daylight,UNK,PIC,5000+,2008,2,"(-23) MESABA AIRCRAFT N903XJ DE-ICING ON 22L PAD. AIRCRAFT MOVED FORWARD APPROXIMATELY 15-20 FEET. AIRCRAFT'S RIGHT

(-23) MESABA AIRCRAFT N903XJ DE-ICING ON 22L PAD. AIRCRAFT MOVED FORWARD APPROXIMATELY 15-20 FEET. AIRCRAFT'S RIGHT WING TIP STRUCK THE RIGHT SIDE OF DE-ICING TRUCK CAB LEVEL. DAMAGE TO RIGHT WING VORTEX ASSEMBLY. AIRCRAFT ATTEMPTED TO DEPART PAD PRIOR TO RECEIVING CLEARANCE FROM DE-ICE CREW. AIRCRAFT STILL IN PROCESS OF DE-ICE. REPORTS INDICATED THAT THERE WAS APPARENT CONFUSION ON VHF DE-ICE FREQUENCY.",CNDAIR,CL6002D24,,Pilot Induced;Taxi/Park Without Pr,,-0.35546011090099583,4.453441295546545,0.3746351070109455,-3.5723464405037153,stable,mild_growth,stable,mild_decline,ASIAS
20080204010809I,2.0,,Unknown,Daylight,UNK,Unknown,Unknown,2008,2,"(-23) ON 2/04/2008 AT 15:40Z, UALA FLIGHT 871 ENROUTE FROM IAD TO SFO REPORTED THAT THE AIRCRAFT WAS DIVERTING TO M

(-23) ON 2/04/2008 AT 15:40Z, UALA FLIGHT 871 ENROUTE FROM IAD TO SFO REPORTED THAT THE AIRCRAFT WAS DIVERTING TO MCI DUE TO SMOKE IN THE CABIN. THE SMOKE APPEARED TO BE AN ELECTRICAL ODOR AND SEEMED TO COME FROM THE SEAT 12D AND 12E AREA. ALL CABIN POWER WAS ISOLATED ALONG WITH THE RECIRCULATION AND GALLEY FANS. THE CREW DECLARED AN EMERGENCY, ARFF WAS ON STAND-BY, AND THE AIRCRAFT LANDED WITHOUT INCIDENT. UAL MAINTENANCE WAS UNABLE TO DETERMINE THE SOURCE OF THE ELECTRICAL ODOR. ON FEBRUARY 5, 2008, UALA SENT TWO MECHANICS TO MCI TO FURTHER TROUBLESHOOT AND LOCATE THE SOURCE OF THE SMOKE. THEY INSPECTED AND OPERATED THE ENGINES, APU AND RELATED FANS. NO SMOKE WAS NOTED. A VERIFICATION FLIGHT WAS CONDUCTED FROM MCI TO ORD. NO SMOKE WAS NOTED AND THE AIRCRAFT WAS RETURNED TO SERVICE. AIRCRAFT N677UA HAS NO HISTORY OF ""SMOKE""/""FUMES""/""FIRE"" INCIDENTS OR DISCREPANCIES. THIS INCIDENT WILL BE ENTERED INTO THE UALA CASS PROGRAM TO DETERMINE THE ROOT-CAUSE. INCIDENT ^PRIVACY DATA OMITTED^ IS CLOSED.",BOEING,767322,,"OPDEF, Other Than Pi;2120",,-0.35546011090099583,4.453441295546545,0.3746351070109455,-3.5723464405037153,stable,mild_growth,stable,mild_decline,ASIAS
20080206009849I,2.0,,VMC,Daylight,UNK,Unknown,Unknown,2008,2,"(-23) FLAPS FAIL CAUTION MESSAGE ILLUMINATED. FLAPS FAIL AT 0 DEGREES. EXECUTE FLAPS FAIL QRH PROCEDURES. LANDED NO

(-23) FLAPS FAIL CAUTION MESSAGE ILLUMINATED. FLAPS FAIL AT 0 DEGREES. EXECUTE FLAPS FAIL QRH PROCEDURES. LANDED NORMALLY.",CNDAIR,CL6002B19,,"OPDEF, Other Than Pi;2750",,-0.35546011090099583,4.453441295546545,0.3746351070109455,-3.5723464405037153,stable,mild_growth,stable,mild_decline,ASIAS
20080201011709I,2.0,,VMC,Unknown,UNK,Unknown,5000+,2008,2,"(-23) LEFT SIDE MAIN LANDING GEAR TIRES FAILED/SEPARATED DURING TAKEOFF ROLL. CAPTAIN INITIATED ABORT, TAXIED CLEAR

(-23) LEFT SIDE MAIN LANDING GEAR TIRES FAILED/SEPARATED DURING TAKEOFF ROLL. CAPTAIN INITIATED ABORT, TAXIED CLEAR OF RUNWAY, AND PASSENGERS WERE DISEMBARKED FROM AIRCRAFT ON TAXIWAY AND BUSSED TO TERMINAL.",CNDAIR,CL6002B19,,"OPDEF, Other Than Pi;3244",,-0.35546011090099583,4.453441295546545,0.3746351070109455,-3.5723464405037153,stable,mild_growth,stable,mild_decline,ASIAS
20080415831979I,2.0,,Unknown,Daylight,UNK,Unknown,<500,2008,4,"(-23) CARRIER REPORTED RUNWAY RUDDER TRIM TO THE RIGHT, WHEN APPLYING RUDDER TRIM TO THE LEFT DURING CLIMB.

(-23) CARRIER REPORTED RUNWAY RUDDER TRIM TO THE RIGHT, WHEN APPLYING RUDDER TRIM TO THE LEFT DURING CLIMB.",BOMBDR,DHC8402,,"OPDEF, Other Than Pi;2721",,-0.1614753133121205,15.325670498084287,10.758710549667484,7.264610389610393,stable,strong_growth,strong_growth,strong_growth,ASIAS
20080326014529I,2.0,,VMC,Night,UNK,Unknown,<500,2008,3,"(-23) CARRIER REPORTED UNCOMMANDED SHUT OFF OF #2 HYDRAULIC PRESSURE; LANDED WITH NO FLAPS AND NO NOSE WHEEL STEERI

(-23) CARRIER REPORTED UNCOMMANDED SHUT OFF OF #2 HYDRAULIC PRESSURE; LANDED WITH NO FLAPS AND NO NOSE WHEEL STEERING AND LIMITED BRAKING. AIRCRAFT TOWED OFF RUNWAY. FDR INDICATED INTERMITTENT FAILURE OF #1 HYDRAULIC SYSTEM IN ADDITION TO LOSS OF #2 SYSTEM.",BOMBDR,DHC8402,,"OPDEF, Other Than Pi;2930",,-0.13667734005612386,13.333333333333353,0.3746351070109455,7.6983503534956865,stable,strong_growth,stable,strong_growth,ASIAS
20080325832999I,2.0,,VMC,Daylight,UNK,Unknown,5000+,2008,3,"(-23) IMMEDIATELY AFTER TAKEOFF THE FLIGHT CREW RECEIVED THE EICAS MESSAGE ""LG AIR/GND FAIL."" SAFETY HOOK IN GEAR L

(-23) IMMEDIATELY AFTER TAKEOFF THE FLIGHT CREW RECEIVED THE EICAS MESSAGE ""LG AIR/GND FAIL."" SAFETY HOOK IN GEAR LEVER REMAINED LOCKED. CREW PERFORMED A LOW APPROACH SO THAT TOWER COULD VERIFY LANDING GEAR DOWN. AIRCRAFT LANDED WITHOUT INCIDENT. THIS INCIDENT IS CLOSED WITH THIS REPORT.",EMB,EMB145EP,,"OPDEF, Other Than Pi;3260",,-0.13667734005612386,13.333333333333353,0.3746351070109455,7.6983503534956865,stable,strong_growth,stable,strong_growth,ASIAS
20080504833869I,2.0,,VMC,Daylight,UNK,Unknown,5000+,2008,5,"(-23) ALLEGIANT FLIGHT 464 LANDED ON RW 15 AT FNL 5-4-2008. THE FLIGHT CAME TO A STOP WITH THE NOSEWHEEL APPROXIMAT

(-23) ALLEGIANT FLIGHT 464 LANDED ON RW 15 AT FNL 5-4-2008. THE FLIGHT CAME TO A STOP WITH THE NOSEWHEEL APPROXIMATELY 10' PAST THE END OF THE RUNWAY. LANDING WEIGHT WAS 138,000 LBS (1,500 LBS BELOW MAX LANDING) APPROACH WAS AT F28 INSTEAD OF F40, WITH VREF OF 140 KTS. ESTIMATED GROUND SPEED WAS 160-165 KTS. TOUCHDOWN AT 1500' MARK. DIFFICULTY GETTING #1 REVERSER DEPLOYED AND THRUST SET. CREW BECAME DISTRACTED WITH REVERSER AND BY THE TIME THEY REALIZED HOW CLOSE THEY WERE TO THE END, THERE WAS NOT ENOUGH RUNWAY TO STOP. AUTO-BRAKES WERE NOT USED AND MAXIMUM REVERSE WAS NOT EMPLOYED.",DOUG,MD88,,Pilot Induced,,-0.16437157626230103,25.1937984496124,10.758710549667484,7.849147121535172,stable,strong_growth,strong_growth,strong_growth,ASIAS
20080410013429I,2.0,,Unknown,Daylight,UNK,Unknown,<500,2008,4,"(-23) SKYWEST AIRLINES FLIGHT 3751 HAD A SCHEDULED DEPARTURE TIME OF 0750 LOCAL FROM YYC (CALGARY). CALGARY AIRPORT

(-23) SKYWEST AIRLINES FLIGHT 3751 HAD A SCHEDULED DEPARTURE TIME OF 0750 LOCAL FROM YYC (CALGARY). CALGARY AIRPORT AUTHORITY REPORTED HEAVY, WET SNOW BEGAN TO FALL BETWEEN 0700 AND 0800. INCIDENT WAS THE FIRST FLIGHT OF THE DAY. DURING LANDING IN SLC (SALT LAKE CITY, UTAH) BLEW BOTH RIGHT MAIN TIRES. BRAKES REPORTED TO BE ""PACKED WITH ICE."" RIGHT MAIN GEAR DOOR DEPARTED THE AIRCRAFT DAMAGING THE RIGHT MAIN GEAR WIRE HARNESS, BRAKE LINES, AND RIGHT FLAP.",CNDAIR,CL6002B19,,"Miscellaneous, Other;3242",,-0.1614753133121205,15.325670498084287,10.758710549667484,7.264610389610393,stable,strong_growth,strong_growth,strong_growth,ASIAS
20080318011949I,2.0,,Unknown,Daylight,UNK,PIC,<500,2008,3,"(-23) DURING CLIMB AFTER TAKEOFF FROM SALT LAKE CITY, UTAH, STRUCK A BIRD AT 8,000 FEET. BIRD HIT JUST BELOW RIGHT

(-23) DURING CLIMB AFTER TAKEOFF FROM SALT LAKE CITY, UTAH, STRUCK A BIRD AT 8,000 FEET. BIRD HIT JUST BELOW RIGHT PITOT TUBE AND THE RIGHT WING SLAT. DAMAGED RIGHT SIDE NOSE SKIN PANEL, STRINGER 15A, UPPER FRAME SECTORS AT FUSELAGE STATIONS (F.S.) 210.00, 220.00, AND 235.00. DENTED RIGHT WING SLAT.",CNDAIR,CL6002C10,,"Miscellaneous, Other;Struck Birds In Flig",,-0.13667734005612386,13.333333333333353,0.3746351070109455,7.6983503534956865,stable,strong_growth,stable,strong_growth,ASIAS
20080411832639I,2.0,,VMC,Night,UNK,Unknown,<500,2008,4,"(-23) THE RIGHT PROPELLER OVERSPED. THE CREW FEATHERED THE PROPELLER MANUALLY AND LANDED THE AIRCRAFT WITHOUT FURTH

(-23) THE RIGHT PROPELLER OVERSPED. THE CREW FEATHERED THE PROPELLER MANUALLY AND LANDED THE AIRCRAFT WITHOUT FURTHER INCIDENT.",EMB,EMB120ER,,"OPDEF, Other Than Pi;6122",,-0.1614753133121205,15.325670498084287,10.758710549667484,7.264610389610393,stable,strong_growth,strong_growth,strong_growth,ASIAS
20080314013249I,2.0,,VMC,Daylight,UNK,Unknown,2000-5000,2008,3,"(-23) AIRCRAFT CRJ N403AW FLT3957 DEPARTED ON RUNWAY 1. CREW REPORTED DURING TAKEOFF AT APPROX 123KTS THEY RECEIVED

(-23) AIRCRAFT CRJ N403AW FLT3957 DEPARTED ON RUNWAY 1. CREW REPORTED DURING TAKEOFF AT APPROX 123KTS THEY RECEIVED A LEFT ENGINE FIRE WARNING. CREW ABORTED TAKEOFF AND USED BOTH FIRE BOTTLES. PASSENGERS WERE EVACUATED FROM CABIN DOOR AND RETURNED TO TERMINAL.",CNDAIR,CL6002B19,,"OPDEF, Other Than Pi;2612",,-0.13667734005612386,13.333333333333353,0.3746351070109455,7.6983503534956865,stable,strong_growth,stable,strong_growth,ASIAS
20080407832299I,2.0,,Unknown,Unknown,UNK,Unknown,<500,2008,4,"(-23) C2XA FLIGHT 2285 MHT-CLE CREW REPORTED RUDDER SYSTEMS 1&2 AND YAW DAMPNER WERE INOP, DECLARED AN EMERGENCY, C

(-23) C2XA FLIGHT 2285 MHT-CLE CREW REPORTED RUDDER SYSTEMS 1&2 AND YAW DAMPNER WERE INOP, DECLARED AN EMERGENCY, COMPLIED WITH THE QRC AND LANDED AT CLE. C2XA CLE MAINTENANCE REMOVED AND REPLACED BOTH #1 AND #2 RUDDER PRESSURE SWITCHES, OPS AND LEAK CHECKS WERE GOOD.",EMB,EMB145XR,,"OPDEF, Other Than Pi;2720",,-0.1614753133121205,15.325670498084287,10.758710549667484,7.264610389610393,stable,strong_growth,strong_growth,strong_growth,ASIAS
20080316841489I,2.0,,Unknown,Daylight,UNK,Unknown,<500,2008,3,"(-23) ON MRCH 15, 2008, AT 19:06 THE FLIGHT CREW FOR GREAT LAKES AVIATION LTD OPERATING AS FLIGHT NR. 5163 DEPARTED

(-23) ON MRCH 15, 2008, AT 19:06 THE FLIGHT CREW FOR GREAT LAKES AVIATION LTD OPERATING AS FLIGHT NR. 5163 DEPARTED DODGE CITY, KANSAS, (DDC) TO LIBERAL, KANSAS (LBL) DECLARED AN EMERGENCY DUE TO THE LANDING GEAR NOT EXTENDING.  THE FLIGHT CREW HAD TO MANUALLY EXTEND THE GEAR FOR LANDING.  THE AIRCRAFT WAS THEN FERRIED TO CHEYENNE, WY (CSY) FOR AIRCRAFT REPAIRS.",BEECH,1900D,,"OPDEF, Other Than Pi;3233",,-0.13667734005612386,13.333333333333353,0.3746351070109455,7.6983503534956865,stable,strong_growth,stable,strong_growth,ASIAS
20080618835169I,2.0,,Unknown,Daylight,UNK,Unknown,5000+,2008,6,"(-23) AMERICAN EAGLE FLIGHT 3354, ENROUTE FROM DALLAS LOVE (DAL) TO KANSAS CITY INTERNATIONAL AIRPORT (MCI), WAS GE

(-23) AMERICAN EAGLE FLIGHT 3354, ENROUTE FROM DALLAS LOVE (DAL) TO KANSAS CITY INTERNATIONAL AIRPORT (MCI), WAS GETTING A BURNING ELECTRICAL ODOR ON APPROACH INTO MCI.  THE EMERGENCY EQUIPMENT WAS CALLED OUT TO MEET THE AIRCRAFT AFTER IT LANDED.  THE AIRCRAFT LANDED AT MCI AND TAXIED OFF THE RUNWAY, SET THE PARKING BRAKES, AND SHUT DOWN THE ENGINES.  THE PASSENGERS (4) WERE ALL SAFELY EVACUATED AS A PRECAUTIONARY MEASURE.  THE FIRE FIGHTERS ENTERED THE AIRCRAFT BUT COULD NOT FIND THE SOURCE OF THE FUMES.  THE COCKPIT CREW TURNED ALL ELECTRICAL POWER OFF AND WHEN THAT WAS COMPLETE THE ODOR DISSIPATED.  THE AIRCRAFT WAS TOWED TO THE GATE AND MAINTENANCE PERSONNEL FOUND THAT THE AFT FLIGHT ATTENDANT STATION FLASHLIGHT HOLDER WAS THE SOURCE OF THE BURNING ELECTRICAL SMELL. INCIDENT ^PRIVACY DATA OMITTED^ CLOSED.",EMB,EMB145LR,,"OPDEF, Other Than Pi;2432",,-0.3809311937993498,19.723183391003452,10.758710549667484,1.969365426695835,stable,strong_growth,strong_growth,mild_growth,ASIAS
20080523833829I,2.0,,Unknown,Daylight,UNK,Unknown,<500,2008,5,"(-23) N760EV, CL-600-2C10, WAS OPERATED BY ATLANTIC SOUTHEAST AIRLINES AS DELTA FLIGHT 4189, BETWEEN ATLANTA, GA AN

(-23) N760EV, CL-600-2C10, WAS OPERATED BY ATLANTIC SOUTHEAST AIRLINES AS DELTA FLIGHT 4189, BETWEEN ATLANTA, GA AND OMAHA, NE. FLIGHT 4189 REPORTED TO AIR TRAFFIC THAT THE AIRCRAFT HAD A HYDRAULIC FAILURE AND WAS CONTINUING ON TO OMAHA. AN UNEVENTFUL LANDING WAS MADE. THE CREW REPORTED THAT THEY HAD RECEIVED A HYDRAULIC NUMBER 2 LOW PRESSURE CAUTION LIGHT IN-FLIGHT. THEY ALSO NOTED ZERO HYDRAULIC PRESSURE AND FLUID IN THE NUMBER 2 RESERVOIR. THE CREW NOTED NO OTHER ABNORMALITIES. THEY FOLLOWED THE QRH PROCEDURES AND CONTINUED THE FLIGHT TO OMAHA. COMPANY MECHANICS REMOVED AND REPLACED THE NUMBER 2 ENGINE DRIVEN HYDRAULIC PUMP IAW THE CRJ700 AIRCRAFT MAINTENANCE MANUAL.",CNDAIR,CL6002C10,,"OPDEF, Other Than Pi;2910",,-0.16437157626230103,25.1937984496124,10.758710549667484,7.849147121535172,stable,strong_growth,strong_growth,strong_growth,ASIAS
20080524838429I,2.0,,Unknown,Daylight,UNK,Unknown,5000+,2008,5,"(-23)  ON MAY 24, 2008, AT 0730 LOCAL CENTRAL TIME, THE FLIGHT CREW FOR AMERICAN AIRLINES, OPERATING AS FLIGHT NR 6

(-23)  ON MAY 24, 2008, AT 0730 LOCAL CENTRAL TIME, THE FLIGHT CREW FOR AMERICAN AIRLINES, OPERATING AS FLIGHT NR 684 DEPARTING FROM KANSAS CITY, MISSOURI INTL. (MCI) TO DALLAS/FT WORTH, TEXAS (DFW), DIVERTED TO WICHITA KANSAS (ICT) DUE TO SMOKE IN COCKPIT AND GALLEY AREA.  EMERGENCY WAS DECLARED.  THE AIRCRAFT HAD 142 SOULS ONBOARD AND 11,200 POUND OF FUEL AT THE TIME OF NOTIFICATION.  ALL WICHITA AUTHORITY SAFETY VEHCILE RESPONED TO THEIR LOCATION FOR 19R RUNWAY.  THE AIRCRAFT LANDED ON 19R RUNWAY AND EXITED THE RUNWAY AT DELTA 4.  IT TAXIED TO GATE 5 ON ITS OWN POWER.  NO DAMAGE TO THE AIRCRAFT OR AIRPORT PROPERTY.  THE PROBABLE CAUSE OF THE SMOKE IN THE COCKPIT AND GALLEY AREA WAS DUE TO AN OVEN BEING TURNED ON TO FIX CAPTAIN'S BISCUITS. SMOKE MOVED FROM THE FRONT OF THE AIRCRAFT TO THE GALLEY AREA.  THE ELCTRICAL POWER WAS TUNRED OFF AND THE SMOKE CLEARED THE COCKPIT AND GALLEY AREAS.",DOUG,DC982,,"OPDEF, Other Than Pi;2530",,-0.16437157626230103,25.1937984496124,10.758710549667484,7.849147121535172,stable,strong_growth,strong_growth,strong_growth,ASIAS
20080512837239I,2.0,,Unknown,Daylight,UNK,Unknown,<500,2008,5,"(-23)  ON MAY 12, 2008, AT 16:54 LOCAL TIME, THE FLIGHT CREW FOR SKY WEST AIRLINES INC. OPERATING AS FLIGHT NR 5931

(-23)  ON MAY 12, 2008, AT 16:54 LOCAL TIME, THE FLIGHT CREW FOR SKY WEST AIRLINES INC. OPERATING AS FLIGHT NR 5931 DEPARTED OKLAHOMA CITY, OK (OKC) TO DENVER COLORADO, (DEN) DIVERTED TO WICHITA KANSAS DUE TO A LEFT BLEED AIR DUCT WARNING MESSAGE AT 28,000 FEET AND LOST CABIN PRESSURE.  THE AIRCRAFT LANDED SAFELY AT ICT WITHOUT EMERGENCY RESPONSE VEHICLES DISPATCHED.  THE AIRCRAFT PASSENGERS WERE DE-PLANED AND THE AIRCRAFT WAS FERRIED TO COLORADO SPRINGS, CO (COS).",CNDAIR,CL6002C10,,"OPDEF, Other Than Pi;3620",,-0.16437157626230103,25.1937984496124,10.758710549667484,7.849147121535172,stable,strong_growth,strong_growth,strong_growth,ASIAS
20080808845069I,2.0,,VMC,Unknown,UNK,Other,<500,2008,8,"ON 8/8/08 AT APPROXIMATELY 8:30PM LOCAL TIME, NORTHWEST AIRLINES FLIGHT 649, A DC9-51, STRUCK A JETWAY STAND ON PUS

ON 8/8/08 AT APPROXIMATELY 8:30PM LOCAL TIME, NORTHWEST AIRLINES FLIGHT 649, A DC9-51, STRUCK A JETWAY STAND ON PUSHBACK FROM GATE 40 AT EWR. NO INJURIES OR EVACUATIONS OCCURRED BUT THE AIRCRAFT DID RECEIVE DAMAGE TO THE LH WINGTIP. WING WALKER FAILED TO KEEP THE AIRCRAFT CLEAR OF THE STAND.",DOUG,DC951,,"Miscellaneous, Other;Fail Avd Objs Or Obs",,-2.3394657988851986,9.287925696594424,2.0447278741794417,2.8790312615840863,mild_decline,strong_growth,mild_growth,mild_growth,ASIAS
20080729842319I,2.0,,VMC,Daylight,UNK,Unknown,5000+,2008,7,"(-23) WHEN THE AIRCRAFT LANDED AT LEX THE LEFT ENGINE LOWER COWL DEPARTED THE AIRCRAFT. THERE WERE NO INJURIES AND

(-23) WHEN THE AIRCRAFT LANDED AT LEX THE LEFT ENGINE LOWER COWL DEPARTED THE AIRCRAFT. THERE WERE NO INJURIES AND NO OTHER DAMAGE TO THE AIRCRAFT. INVESTIGATION REVEALED THAT SEVERAL OF THE COWL FASTENERS HAD PULLED THROUGH THE GROMMETS IN THE COWL, ALLOWING THE COWL TO DROP DOWN INTO THE AIR STREAM. CHDO FOLLOW UP.",CNDAIR,CL6002B19,,"OPDEF, Other Than Pi;7110",,-0.9444053074124104,26.91029900332227,2.0447278741794417,6.015891032917131,stable,strong_growth,mild_growth,strong_growth,ASIAS
20080804843689I,2.0,,Unknown,Night,UNK,Unknown,5000+,2008,8,"(-23) ON AUGUST 4, 2008, AT 21:28 LOCAL TIME, THE FLIGHT CREW FOR LYNX AVIATION DOING BUSINESS AS FRONTIER AIRLINES

(-23) ON AUGUST 4, 2008, AT 21:28 LOCAL TIME, THE FLIGHT CREW FOR LYNX AVIATION DOING BUSINESS AS FRONTIER AIRLINES: OPERATING AS FLIGHT NR 3258 DEPARTED DENVER, COLORADO, (DEN) TO WICHITA, KANSAS, (ICT) DECLARED AN EMERGENCY DUE TO AN ANTI SKID INDICATION PROBLEM.  THE EMERGENCY RESPONSE VEHICLES WERE DISPATCHED FOR THE AIRCRAFT LANDING WITHOUT FURTHER INCIDENT.  THE MECHANICAL IRREGULARITY WAS DEFERRED IN ACCORDANCE WITH 32-40-2.",BOMBDR,DHC8402,,"OPDEF, Other Than Pi;3241",,-2.3394657988851986,9.287925696594424,2.0447278741794417,2.8790312615840863,mild_decline,strong_growth,mild_growth,mild_growth,ASIAS
20080727841319I,2.0,,VMC,Daylight,UNK,Unknown,<500,2008,7,"(-23) SKY WEST FLIGHT 6665, ABORTED TAKEOFF DUE TO BOTH LEFT MLG TIRES BLOWING OUT.  THE TIRES DAMAGED THE LEFT FLA

(-23) SKY WEST FLIGHT 6665, ABORTED TAKEOFF DUE TO BOTH LEFT MLG TIRES BLOWING OUT.  THE TIRES DAMAGED THE LEFT FLAP, FUSELAGE FAIRING, AND COMPONENTS IN THE LEFT WHEEL WELL.",CNDAIR,CL6002C10,,"OPDEF, Other Than Pi;3244",,-0.9444053074124104,26.91029900332227,2.0447278741794417,6.015891032917131,stable,strong_growth,mild_growth,strong_growth,ASIAS
20080710839159I,2.0,,Unknown,Daylight,UNK,Unknown,<500,2008,7,"(-23) ENROUTE DTW TO EWR FLIGHT 656, WHEN THE POWER WAS RETARDED TO START THE DESCENT THE RIGHT ENGINE FLAMED OUT.

(-23) ENROUTE DTW TO EWR FLIGHT 656, WHEN THE POWER WAS RETARDED TO START THE DESCENT THE RIGHT ENGINE FLAMED OUT.  RESTART WAS ATTEMPTED WITHOUT SUCCESS.  THE CAPTAIN DIVERTED TO ALLENTOWN, PA (ABE) LANDING ON RUNWAY 24 WITHOUT INCIDENT.  THE FIGHT WAS BEING OPERATED UNDER 14 CFR PART 121.",DOUG,DC932,,"OPDEF, Other Than Pi;7200",,-0.9444053074124104,26.91029900332227,2.0447278741794417,6.015891032917131,stable,strong_growth,mild_growth,strong_growth,ASIAS
20080803842369I,2.0,,VMC,Unknown,UNK,Unknown,<500,2008,8,"(-23) AFTER TAKEOFF FROM SEATAC ROW 3, SEATS A, B, C CAME LOOSE FROM THE SEAT TRACK AND ROCKED BACK ONTO ROW 4.  AL

(-23) AFTER TAKEOFF FROM SEATAC ROW 3, SEATS A, B, C CAME LOOSE FROM THE SEAT TRACK AND ROCKED BACK ONTO ROW 4.  ALL SEATS WERE OCCUPIED WITH PASSENGERS, ONE PASSENGER IN ROW 4 WAS REMOVED FROM AIRPLANE AND TRANSPORTED TO THE HOSPITAL FOR X-RAYS AND POSSIBLE TREATMENT.",BOEING,737322,,Improper Maintenance;2520,,-2.3394657988851986,9.287925696594424,2.0447278741794417,2.8790312615840863,mild_decline,strong_growth,mild_growth,mild_growth,ASIAS
20080811842899I,2.0,,IMC,Unknown,UNK,Unknown,5000+,2008,8,"(-23) AIRPLANE, N916XJ, CL-600, S/N 15154, HAD A NR 2 TIRE FAILURE ON TAKEOFF FROM GERORGE BUSH INTERCONTINENTAL AI

(-23) AIRPLANE, N916XJ, CL-600, S/N 15154, HAD A NR 2 TIRE FAILURE ON TAKEOFF FROM GERORGE BUSH INTERCONTINENTAL AIRPORT, ON 08/12/2008.  AIRPLANE HAD 84 PERSONS ONBOARD, AIRPLANE DID FLY-BY OF TOWER, WHO REPORTED THEY OBSERVED TIRE DAMAGE, AIRPLANE LANDED WITHOUT INCIDENT, ALL PASSENGER WERE OFF LOADED ON RUNWAY.  BOTH NR 1 AND NR 2 TIRE WERE CHANGED, AIRPLANE TOWED TO MAINTENANCE FACILITY.",CNDAIR,CL6002D24,,"OPDEF, Other Than Pi;3244",,-2.3394657988851986,9.287925696594424,2.0447278741794417,2.8790312615840863,mild_decline,strong_growth,mild_growth,mild_growth,ASIAS
