key,source,origin,phase
20080118X00073,NTSB,NTSB-corpus,pushback_or_towing
20080125X00103,NTSB,NTSB-corpus,approach
20080212X00178,NTSB,NTSB-corpus,cruise
20080220X00214,NTSB,NTSB-corpus,descent
20080304X00260,NTSB,NTSB-corpus,climb
20080228X00243,NTSB,NTSB-corpus,approach
20081124X34243,NTSB,NTSB-corpus,taxi
20080305X00267,NTSB,NTSB-corpus,descent
20080312X00305,NTSB,NTSB-corpus,landing
20080413X00464,NTSB,NTSB-corpus,approach
20080307X00283,NTSB,NTSB-corpus,taxi
20080509X00640,NTSB,NTSB-corpus,cruise
20080331X00404,NTSB,NTSB-corpus,climb
20080404X00426,NTSB,NTSB-corpus,landing
20080722X01094,NTSB,NTSB-corpus,descent
20081003X63355,NTSB,NTSB-corpus,climb
20081219X16532,NTSB,NTSB-corpus,parked_or_ground_service
20081003X16303,NTSB,NTSB-corpus,cruise
20080723X01111,NTSB,NTSB-corpus,cruise
20080703X00974,NTSB,NTSB-corpus,descent
20080701X00963,NTSB,NTSB-corpus,parked_or_ground_service
20080720X01081,NTSB,NTSB-corpus,pushback_or_towing
20080808X01189,NTSB,NTSB-corpus,climb
20081003X17330,NTSB,NTSB-corpus,landing
20080915X01465,NTSB,NTSB-corpus,parked_or_ground_service
20081007X03940,NTSB,NTSB-corpus,landing
20081027X75039,NTSB,NTSB-corpus,landing
20081110X15316,NTSB,NTSB-corpus,pushback_or_towing
20081113X92722,NTSB,NTSB-corpus,taxi
20081116X33137,NTSB,NTSB-corpus,landing
20081219X65313,NTSB,NTSB-corpus,landing
20081215X93019,NTSB,NTSB-corpus,landing
20081215X14936,NTSB,NTSB-corpus,cruise
20081216X41655,NTSB,NTSB-corpus,pushback_or_towing
20081217X83220,NTSB,NTSB-corpus,landing
20081221X14648,NTSB,NTSB-corpus,takeoff
20081223X70710,NTSB,NTSB-corpus,unknown
20081228X25156,NTSB,NTSB-corpus,pushback_or_towing
20081229X40417,NTSB,NTSB-corpus,descent
20081229X80551,NTSB,NTSB-corpus,pushback_or_towing
20090102X60836,NTSB,NTSB-corpus,taxi
20090105X01036,NTSB,NTSB-corpus,takeoff
20090114X61852,NTSB,NTSB-corpus,parked_or_ground_service
20090115X73226,NTSB,NTSB-corpus,climb
20090127X92950,NTSB,NTSB-corpus,approach
20090213X13613,NTSB,NTSB-corpus,approach
20090223X03403,NTSB,NTSB-corpus,taxi
20090303X74824,NTSB,NTSB-corpus,parked_or_ground_service
20090401X82602,NTSB,NTSB-corpus,approach
20090421X81417,NTSB,NTSB-corpus,descent
20090422X95319,NTSB,NTSB-corpus,taxi
20090505X04553,NTSB,NTSB-corpus,landing
20090507X00926,NTSB,NTSB-corpus,landing
20090513X31333,NTSB,NTSB-corpus,landing
20090522X80352,NTSB,NTSB-corpus,taxi
20090527X25328,NTSB,NTSB-corpus,cruise
20090610X65600,NTSB,NTSB-corpus,pushback_or_towing
20090611X13753,NTSB,NTSB-corpus,landing
20090712X94532,NTSB,NTSB-corpus,approach
20090714X83900,NTSB,NTSB-corpus,cruise
20090724X12005,NTSB,NTSB-corpus,cruise
20090724X34459,NTSB,NTSB-corpus,approach
20090728X71721,NTSB,NTSB-corpus,climb
20090730X12915,NTSB,NTSB-corpus,parked_or_ground_service
20090805X42956,NTSB,NTSB-corpus,cruise
20090806X21108,NTSB,NTSB-corpus,cruise
20090810X21314,NTSB,NTSB-corpus,climb
20090828X61756,NTSB,NTSB-corpus,climb
20090909X82446,NTSB,NTSB-corpus,landing
20090910X95942,NTSB,NTSB-corpus,cruise
20090910X53412,NTSB,NTSB-corpus,landing
20090921X73211,NTSB,NTSB-corpus,taxi
20090921X05830,NTSB,NTSB-corpus,unknown
20091020X14635,NTSB,NTSB-corpus,cruise
20091029X02444,NTSB,NTSB-corpus,descent
20091030X64143,NTSB,NTSB-corpus,descent
20091102X82140,NTSB,NTSB-corpus,climb
20091117X55556,NTSB,NTSB-corpus,climb
20091124X94107,NTSB,NTSB-corpus,cruise
20091214X41802,NTSB,NTSB-corpus,landing
20091223X50505,NTSB,NTSB-corpus,parked_or_ground_service
20091228X15816,NTSB,NTSB-corpus,cruise
20100112X10853,NTSB,NTSB-corpus,landing
20100114X11754,NTSB,NTSB-corpus,takeoff
20100121X82958,NTSB,NTSB-corpus,takeoff
20100216X20235,NTSB,NTSB-corpus,descent
20100216X34257,NTSB,NTSB-corpus,taxi
20100219X11249,NTSB,NTSB-corpus,taxi
20100222X84927,NTSB,NTSB-corpus,descent
20100312X84023,NTSB,NTSB-corpus,cruise
20100315X12046,NTSB,NTSB-corpus,approach
20100405X40816,NTSB,NTSB-corpus,cruise
20100410X34740,NTSB,NTSB-corpus,pushback_or_towing
20100423X01145,NTSB,NTSB-corpus,cruise
20100423X02633,NTSB,NTSB-corpus,cruise
20100503X82523,NTSB,NTSB-corpus,takeoff
20100507X94749,NTSB,NTSB-corpus,cruise
20100517X92932,NTSB,NTSB-corpus,cruise
20100520X02527,NTSB,NTSB-corpus,approach
20100523X62317,NTSB,NTSB-corpus,landing
20100525X31845,NTSB,NTSB-corpus,cruise
20100606X02721,NTSB,NTSB-corpus,taxi
20100608X35931,NTSB,NTSB-corpus,pushback_or_towing
20100617X02311,NTSB,NTSB-corpus,parked_or_ground_service
20100701X93344,NTSB,NTSB-corpus,cruise
20100714X63624,NTSB,NTSB-corpus,parked_or_ground_service
20100719X80209,NTSB,NTSB-corpus,cruise
20100720X43639,NTSB,NTSB-corpus,climb
20100806X53016,NTSB,NTSB-corpus,parked_or_ground_service
20100809X75512,NTSB,NTSB-corpus,cruise
20100811X20501,NTSB,NTSB-corpus,approach
20100827X20401,NTSB,NTSB-corpus,landing
20100928X12406,NTSB,NTSB-corpus,landing
20100930X00358,NTSB,NTSB-corpus,landing
20101006X00507,NTSB,NTSB-corpus,parked_or_ground_service
20101019X33258,NTSB,NTSB-corpus,parked_or_ground_service
20101027X04916,NTSB,NTSB-corpus,climb
20101103X34855,NTSB,NTSB-corpus,parked_or_ground_service
20101103X44221,NTSB,NTSB-corpus,parked_or_ground_service
20101108X84714,NTSB,NTSB-corpus,approach
20101116X51712,NTSB,NTSB-corpus,climb
20101124X20432,NTSB,NTSB-corpus,pushback_or_towing
20101130X64248,NTSB,NTSB-corpus,cruise
20101203X60119,NTSB,NTSB-corpus,parked_or_ground_service
20101203X90900,NTSB,NTSB-corpus,climb
20101208X40921,NTSB,NTSB-corpus,taxi
20101220X14621,NTSB,NTSB-corpus,pushback_or_towing
20110207X84026,NTSB,NTSB-corpus,landing
20110209X55126,NTSB,NTSB-corpus,parked_or_ground_service
20110219X32035,NTSB,NTSB-corpus,approach
20110222X20316,NTSB,NTSB-corpus,pushback_or_towing
20110228X54428,NTSB,NTSB-corpus,descent
20110317X14552,NTSB,NTSB-corpus,cruise
20110318X05118,NTSB,NTSB-corpus,landing
20110323X24235,NTSB,NTSB-corpus,approach
20110328X80923,NTSB,NTSB-corpus,climb
20110329X33129,NTSB,NTSB-corpus,landing
20110401X24330,NTSB,NTSB-corpus,climb
20110404X21934,NTSB,NTSB-corpus,approach
20110406X54825,NTSB,NTSB-corpus,parked_or_ground_service
20110407X95823,NTSB,NTSB-corpus,approach
20110412X23201,NTSB,NTSB-corpus,taxi
20110417X11718,NTSB,NTSB-corpus,descent
20110418X12310,NTSB,NTSB-corpus,climb
20110426X03427,NTSB,NTSB-corpus,pushback_or_towing
20110426X53639,NTSB,NTSB-corpus,approach
20110502X93814,NTSB,NTSB-corpus,takeoff
20110510X84704,NTSB,NTSB-corpus,taxi
20110510X01046,NTSB,NTSB-corpus,cruise
20110513X41407,NTSB,NTSB-corpus,taxi
20110517X80339,NTSB,NTSB-corpus,landing
20110525X42547,NTSB,NTSB-corpus,cruise
20110607X73034,NTSB,NTSB-corpus,descent
20110607X83931,NTSB,NTSB-corpus,landing
20110615X10113,NTSB,NTSB-corpus,approach
20110621X20741,NTSB,NTSB-corpus,climb
20110621X32040,NTSB,NTSB-corpus,pushback_or_towing
20110628X11855,NTSB,NTSB-corpus,descent
20110701X11957,NTSB,NTSB-corpus,pushback_or_towing
20110715X40120,NTSB,NTSB-corpus,taxi
20110730X60307,NTSB,NTSB-corpus,climb
20110808X94427,NTSB,NTSB-corpus,takeoff
20110830X63935,NTSB,NTSB-corpus,landing
20110902X54326,NTSB,NTSB-corpus,landing
20110912X61152,NTSB,NTSB-corpus,cruise
20110927X91721,NTSB,NTSB-corpus,landing
20110930X20857,NTSB,NTSB-corpus,descent
20111011X01145,NTSB,NTSB-corpus,takeoff
20111018X03714,NTSB,NTSB-corpus,pushback_or_towing
20111020X14740,NTSB,NTSB-corpus,climb
20111024X74546,NTSB,NTSB-corpus,climb
20111206X05636,NTSB,NTSB-corpus,descent
20111208X41332,NTSB,NTSB-corpus,descent
20111214X53854,NTSB,NTSB-corpus,taxi
20120105X34138,NTSB,NTSB-corpus,parked_or_ground_service
20120118X91324,NTSB,NTSB-corpus,taxi
20120207X34555,NTSB,NTSB-corpus,parked_or_ground_service
20120217X44044,NTSB,NTSB-corpus,descent
20120221X03231,NTSB,NTSB-corpus,takeoff
20120221X32033,NTSB,NTSB-corpus,descent
20120224X25922,NTSB,NTSB-corpus,climb
20120224X42146,NTSB,NTSB-corpus,descent
20120229X70237,NTSB,NTSB-corpus,cruise
20120302X00956,NTSB,NTSB-corpus,cruise
20120302X22622,NTSB,NTSB-corpus,descent
20120312X00949,NTSB,NTSB-corpus,parked_or_ground_service
20120312X10202,NTSB,NTSB-corpus,parked_or_ground_service
20120322X25316,NTSB,NTSB-corpus,cruise
20120409X05702,NTSB,NTSB-corpus,landing
20120410X01241,NTSB,NTSB-corpus,descent
20120417X44353,NTSB,NTSB-corpus,descent
20120511X73555,NTSB,NTSB-corpus,descent
20120530X64155,NTSB,NTSB-corpus,taxi
20120531X95046,NTSB,NTSB-corpus,parked_or_ground_service
20120608X43116,NTSB,NTSB-corpus,descent
20120612X01249,NTSB,NTSB-corpus,descent
20120613X32202,NTSB,NTSB-corpus,climb
20120719X94744,NTSB,NTSB-corpus,approach
20120727X13551,NTSB,NTSB-corpus,approach
20120802X03552,NTSB,NTSB-corpus,descent
20120807X32623,NTSB,NTSB-corpus,descent
20120924X32520,NTSB,NTSB-corpus,descent
20121005X05550,NTSB,NTSB-corpus,parked_or_ground_service
20121018X62210,NTSB,NTSB-corpus,cruise
20121231X42414,NTSB,NTSB-corpus,climb
20130103X44411,NTSB,NTSB-corpus,taxi
20130128X11324,NTSB,NTSB-corpus,landing
20130220X85257,NTSB,NTSB-corpus,parked_or_ground_service
20130220X32821,NTSB,NTSB-corpus,cruise
20130220X51849,NTSB,NTSB-corpus,cruise
20130312X23544,NTSB,NTSB-corpus,climb
20130314X14422,NTSB,NTSB-corpus,landing
20130314X15433,NTSB,NTSB-corpus,approach
20130408X10949,NTSB,NTSB-corpus,landing
20130429X12734,NTSB,NTSB-corpus,takeoff
20130502X52359,NTSB,NTSB-corpus,taxi
20130511X04905,NTSB,NTSB-corpus,pushback_or_towing
20130515X53650,NTSB,NTSB-corpus,parked_or_ground_service
20130517X14847,NTSB,NTSB-corpus,parked_or_ground_service
20130519X11737,NTSB,NTSB-corpus,landing
20130614X14844,NTSB,NTSB-corpus,taxi
20130712X61436,NTSB,NTSB-corpus,descent
20130723X13256,NTSB,NTSB-corpus,landing
20130814X15751,NTSB,NTSB-corpus,approach
20130901X95021,NTSB,NTSB-corpus,landing
20130930X75500,NTSB,NTSB-corpus,descent
20131018X11441,NTSB,NTSB-corpus,climb
20131023X24855,NTSB,NTSB-corpus,landing
20131121X13345,NTSB,NTSB-corpus,cruise
20131220X70905,NTSB,NTSB-corpus,takeoff
20131224X22946,NTSB,NTSB-corpus,climb
20140106X40632,NTSB,NTSB-corpus,approach
20140109X32656,NTSB,NTSB-corpus,landing
20140110X14059,NTSB,NTSB-corpus,cruise
20140110X15754,NTSB,NTSB-corpus,descent
20140203X35450,NTSB,NTSB-corpus,parked_or_ground_service
20140211X00047,NTSB,NTSB-corpus,landing
20140212X03156,NTSB,NTSB-corpus,cruise
20140314X21725,NTSB,NTSB-corpus,takeoff
20140320X53321,NTSB,NTSB-corpus,cruise
20140507X51410,NTSB,NTSB-corpus,parked_or_ground_service
20140515X92350,NTSB,NTSB-corpus,pushback_or_towing
20140516X81837,NTSB,NTSB-corpus,cruise
20140529X04134,NTSB,NTSB-corpus,approach
20140603X95748,NTSB,NTSB-corpus,parked_or_ground_service
20140619X52159,NTSB,NTSB-corpus,cruise
20140620X45424,NTSB,NTSB-corpus,landing
20140624X40942,NTSB,NTSB-corpus,cruise
20140714X45633,NTSB,NTSB-corpus,climb
20140806X21104,NTSB,NTSB-corpus,landing
20140814X52213,NTSB,NTSB-corpus,pushback_or_towing
20140814X52852,NTSB,NTSB-corpus,parked_or_ground_service
20140815X53015,NTSB,NTSB-corpus,takeoff
20140826X64917,NTSB,NTSB-corpus,cruise
20140828X43935,NTSB,NTSB-corpus,climb
20140829X32709,NTSB,NTSB-corpus,cruise
20140918X21722,NTSB,NTSB-corpus,landing
20140918X52311,NTSB,NTSB-corpus,climb
20141001X94301,NTSB,NTSB-corpus,taxi
20141006X73012,NTSB,NTSB-corpus,taxi
20141011X20926,NTSB,NTSB-corpus,climb
20141017X44013,NTSB,NTSB-corpus,climb
20141023X80357,NTSB,NTSB-corpus,taxi
20141121X15631,NTSB,NTSB-corpus,taxi
20141211X62917,NTSB,NTSB-corpus,cruise
20141217X43728,NTSB,NTSB-corpus,approach
20150116X52840,NTSB,NTSB-corpus,descent
20150211X14605,NTSB,NTSB-corpus,landing
20150219X14806,NTSB,NTSB-corpus,descent
20150224X45723,NTSB,NTSB-corpus,parked_or_ground_service
20150305X42958,NTSB,NTSB-corpus,landing
20150314X74553,NTSB,NTSB-corpus,landing
20150422X71127,NTSB,NTSB-corpus,approach
20150506X41316,NTSB,NTSB-corpus,taxi
20150511X92031,NTSB,NTSB-corpus,cruise
20150523X13659,NTSB,NTSB-corpus,climb
20150605X52542,NTSB,NTSB-corpus,approach
20150608X90730,NTSB,NTSB-corpus,parked_or_ground_service
20150611X74851,NTSB,NTSB-corpus,cruise
20150701X91130,NTSB,NTSB-corpus,cruise
20150701X91338,NTSB,NTSB-corpus,cruise
20150717X41748,NTSB,NTSB-corpus,descent
20150805X75232,NTSB,NTSB-corpus,pushback_or_towing
20150811X22104,NTSB,NTSB-corpus,cruise
20150812X63537,NTSB,NTSB-corpus,descent
20150818X14949,NTSB,NTSB-corpus,approach
20150824X02325,NTSB,NTSB-corpus,taxi
20151005X22228,NTSB,NTSB-corpus,cruise
20151005X35533,NTSB,NTSB-corpus,cruise
20151022X65901,NTSB,NTSB-corpus,cruise
20151023X50751,NTSB,NTSB-corpus,parked_or_ground_service
20151026X81321,NTSB,NTSB-corpus,cruise
20151029X44249,NTSB,NTSB-corpus,taxi
20151107X52955,NTSB,NTSB-corpus,descent
20151124X65446,NTSB,NTSB-corpus,cruise
20151130X61148,NTSB,NTSB-corpus,descent
20151213X84149,NTSB,NTSB-corpus,descent
20151216X41606,NTSB,NTSB-corpus,taxi
20160106X80332,NTSB,NTSB-corpus,cruise
20160112X24550,NTSB,NTSB-corpus,cruise
20160119X15230,NTSB,NTSB-corpus,descent
20160119X20258,NTSB,NTSB-corpus,approach
20160126X75122,NTSB,NTSB-corpus,parked_or_ground_service
20160129X24835,NTSB,NTSB-corpus,descent
20160216X30252,NTSB,NTSB-corpus,descent
20160218X94149,NTSB,NTSB-corpus,taxi
20160222X93713,NTSB,NTSB-corpus,cruise
20160225X92701,NTSB,NTSB-corpus,approach
20160330X72920,NTSB,NTSB-corpus,landing
20160415X02200,NTSB,NTSB-corpus,parked_or_ground_service
20160502X75955,NTSB,NTSB-corpus,parked_or_ground_service
20160516X92239,NTSB,NTSB-corpus,descent
20160609X10842,NTSB,NTSB-corpus,cruise
20160614X04330,NTSB,NTSB-corpus,approach
20160627X21034,NTSB,NTSB-corpus,climb
20160707X02944,NTSB,NTSB-corpus,takeoff
20160723X91246,NTSB,NTSB-corpus,cruise
20160803X71952,NTSB,NTSB-corpus,cruise
20160805X44633,NTSB,NTSB-corpus,pushback_or_towing
20160805X50153,NTSB,NTSB-corpus,descent
20160805X51304,NTSB,NTSB-corpus,descent
20160811X81653,NTSB,NTSB-corpus,parked_or_ground_service
20160812X71506,NTSB,NTSB-corpus,cruise
20160822X94859,NTSB,NTSB-corpus,descent
20160827X31134,NTSB,NTSB-corpus,climb
20160908X11147,NTSB,NTSB-corpus,cruise
20160927X51937,NTSB,NTSB-corpus,landing
20161011X51744,NTSB,NTSB-corpus,parked_or_ground_service
20161027X20715,NTSB,NTSB-corpus,landing
20161028X72837,NTSB,NTSB-corpus,takeoff
20161028X93712,NTSB,NTSB-corpus,landing
20161205X55455,NTSB,NTSB-corpus,landing
20161216X60544,NTSB,NTSB-corpus,descent
20170216X44213,NTSB,NTSB-corpus,takeoff
20170222X80758,NTSB,NTSB-corpus,descent
20170224X03359,NTSB,NTSB-corpus,parked_or_ground_service
20170308X73155,NTSB,NTSB-corpus,takeoff
20170317X92137,NTSB,NTSB-corpus,cruise
20170331X95128,NTSB,NTSB-corpus,taxi
20170419X83518,NTSB,NTSB-corpus,cruise
20170426X40247,NTSB,NTSB-corpus,approach
20170508X85232,NTSB,NTSB-corpus,climb
20170523X12020,NTSB,NTSB-corpus,landing
20170523X15143,NTSB,NTSB-corpus,cruise
20170608X90705,NTSB,NTSB-corpus,cruise
20170612X10422,NTSB,NTSB-corpus,takeoff
20170625X04604,NTSB,NTSB-corpus,landing
20170703X71412,NTSB,NTSB-corpus,taxi
20170712X12448,NTSB,NTSB-corpus,landing
20170721X61556,NTSB,NTSB-corpus,descent
20170813X71654,NTSB,NTSB-corpus,cruise
20170816X35104,NTSB,NTSB-corpus,taxi
20170824X42626,NTSB,NTSB-corpus,cruise
20170911X34051,NTSB,NTSB-corpus,approach
20170913X72254,NTSB,NTSB-corpus,taxi
20170920X64035,NTSB,NTSB-corpus,taxi
20171002X95003,NTSB,NTSB-corpus,taxi
20171003X23920,NTSB,NTSB-corpus,parked_or_ground_service
20171005X44145,NTSB,NTSB-corpus,cruise
20171108X55532,NTSB,NTSB-corpus,landing
20171212X00211,NTSB,NTSB-corpus,pushback_or_towing
20171212X50255,NTSB,NTSB-corpus,taxi
20171219X90251,NTSB,NTSB-corpus,descent
20171220X52223,NTSB,NTSB-corpus,descent
20171226X41907,NTSB,NTSB-corpus,climb
20180109X22437,NTSB,NTSB-corpus,parked_or_ground_service
20180213X95634,NTSB,NTSB-corpus,cruise
20180228X30813,NTSB,NTSB-corpus,descent
20180417X23642,NTSB,NTSB-corpus,climb
20180419X80338,NTSB,NTSB-corpus,climb
20180420X04304,NTSB,NTSB-corpus,landing
20180503X92154,NTSB,NTSB-corpus,taxi
20180507X00658,NTSB,NTSB-corpus,taxi
20180611X85348,NTSB,NTSB-corpus,descent
20180613X62240,NTSB,NTSB-corpus,parked_or_ground_service
20180618X30834,NTSB,NTSB-corpus,cruise
20180725X32722,NTSB,NTSB-corpus,descent
20180727X04921,NTSB,NTSB-corpus,landing
20180803X35058,NTSB,NTSB-corpus,cruise
20180816X41010,NTSB,NTSB-corpus,landing
20180905X90334,NTSB,NTSB-corpus,landing
20180907X10419,NTSB,NTSB-corpus,descent
20180913X21320,NTSB,NTSB-corpus,climb
20180922X71035,NTSB,NTSB-corpus,approach
20181001X90405,NTSB,NTSB-corpus,parked_or_ground_service
20181009X10416,NTSB,NTSB-corpus,parked_or_ground_service
20181012X03918,NTSB,NTSB-corpus,unknown
20181012X11804,NTSB,NTSB-corpus,approach
20181016X60635,NTSB,NTSB-corpus,descent
20181017X61323,NTSB,NTSB-corpus,climb
20181206X81036,NTSB,NTSB-corpus,cruise
20181206X02227,NTSB,NTSB-corpus,pushback_or_towing
20181206X45642,NTSB,NTSB-corpus,landing
20181206X51048,NTSB,NTSB-corpus,descent
20181206X53303,NTSB,NTSB-corpus,taxi
20181231X63848,NTSB,NTSB-corpus,landing
20190130X94935,NTSB,NTSB-corpus,landing
20190205X55712,NTSB,NTSB-corpus,climb
20190208X10711,NTSB,NTSB-corpus,pushback_or_towing
20190214X42337,NTSB,NTSB-corpus,cruise
20190223X60222,NTSB,NTSB-corpus,descent
20190301X50148,NTSB,NTSB-corpus,descent
20190304X65511,NTSB,NTSB-corpus,approach
20190305X42937,NTSB,NTSB-corpus,cruise
20190306X80709,NTSB,NTSB-corpus,descent
20190311X35306,NTSB,NTSB-corpus,pushback_or_towing
20190311X61805,NTSB,NTSB-corpus,taxi
20190401X22803,NTSB,NTSB-corpus,approach
20190411X53531,NTSB,NTSB-corpus,takeoff
20190412X45210,NTSB,NTSB-corpus,landing
20190504X04947,NTSB,NTSB-corpus,approach
20190506X84901,NTSB,NTSB-corpus,taxi
20190528X32306,NTSB,NTSB-corpus,descent
20190531X35155,NTSB,NTSB-corpus,climb
20190617X92437,NTSB,NTSB-corpus,landing
20190617X11841,NTSB,NTSB-corpus,parked_or_ground_service
20190619X25315,NTSB,NTSB-corpus,landing
20190726X91707,NTSB,NTSB-corpus,pushback_or_towing
20190805X55405,NTSB,NTSB-corpus,cruise
20190808X43724,NTSB,NTSB-corpus,taxi
20190808X62316,NTSB,NTSB-corpus,approach
20190813X05139,NTSB,NTSB-corpus,landing
20190816X35649,NTSB,NTSB-corpus,climb
20190830X64106,NTSB,NTSB-corpus,descent
20190830X60449,NTSB,NTSB-corpus,descent
20190916X91526,NTSB,NTSB-corpus,descent
20191018X02019,NTSB,NTSB-corpus,landing
20191030X64711,NTSB,NTSB-corpus,climb
20191111X02542,NTSB,NTSB-corpus,landing
20191217X93140,NTSB,NTSB-corpus,cruise
20191218X82112,NTSB,NTSB-corpus,approach
20191220X85302,NTSB,NTSB-corpus,cruise
20191227X84547,NTSB,NTSB-corpus,taxi
20200107X35017,NTSB,NTSB-corpus,landing
20200109X21704,NTSB,NTSB-corpus,parked_or_ground_service
20200110X80637,NTSB,NTSB-corpus,descent
20200125X54545,NTSB,NTSB-corpus,climb
20200207X52205,NTSB,NTSB-corpus,descent
20200211X10757,NTSB,NTSB-corpus,takeoff
20200321X14202,NTSB,NTSB-corpus,landing
20200521X63755,NTSB,NTSB-corpus,climb
20200603X55158,NTSB,NTSB-corpus,pushback_or_towing
20200619X60815,NTSB,NTSB-corpus,cruise
20200714X42039,NTSB,NTSB-corpus,descent
20200826X34514,NTSB,NTSB-corpus,landing
20200914X31949,NTSB,NTSB-corpus,unknown
20201109102250,NTSB,NTSB-corpus,cruise
20201119102304,NTSB,NTSB-corpus,parked_or_ground_service
20201229102469,NTSB,NTSB-corpus,approach
20210210102620,NTSB,NTSB-corpus,descent
20210220102652,NTSB,NTSB-corpus,climb
20210316102768,NTSB,NTSB-corpus,approach
20210317102773,NTSB,NTSB-corpus,parked_or_ground_service
20210330102835,NTSB,NTSB-corpus,descent
20210409102901,NTSB,NTSB-corpus,unknown
20210524103134,NTSB,NTSB-corpus,taxi
20210529103164,NTSB,NTSB-corpus,taxi
20210628103350,NTSB,NTSB-corpus,cruise
20210702103407,NTSB,NTSB-corpus,climb
20210706103420,NTSB,NTSB-corpus,descent
20210726103537,NTSB,NTSB-corpus,taxi
20210825103753,NTSB,NTSB-corpus,taxi
20210826103756,NTSB,NTSB-corpus,descent
20210827103762,NTSB,NTSB-corpus,approach
20210921103922,NTSB,NTSB-corpus,parked_or_ground_service
20210927103969,NTSB,NTSB-corpus,pushback_or_towing
20211001104013,NTSB,NTSB-corpus,descent
20211001104015,NTSB,NTSB-corpus,landing
20211004104029,NTSB,NTSB-corpus,takeoff
20211005104043,NTSB,NTSB-corpus,landing
20211007104064,NTSB,NTSB-corpus,taxi
20211025104153,NTSB,NTSB-corpus,cruise
20211025104161,NTSB,NTSB-corpus,pushback_or_towing
20211206104355,NTSB,NTSB-corpus,unknown
20211213104393,NTSB,NTSB-corpus,landing
20220103104463,NTSB,NTSB-corpus,parked_or_ground_service
20220124104551,NTSB,NTSB-corpus,takeoff
20220204104596,NTSB,NTSB-corpus,landing
20220601105167,NTSB,NTSB-corpus,cruise
20220623105307,NTSB,NTSB-corpus,cruise
20220718105497,NTSB,NTSB-corpus,landing
20220811105714,NTSB,NTSB-corpus,landing
20220816105749,NTSB,NTSB-corpus,landing
20220825105801,NTSB,NTSB-corpus,descent
20220901105843,NTSB,NTSB-corpus,descent
20220907105884,NTSB,NTSB-corpus,approach
20220910105895,NTSB,NTSB-corpus,approach
20220915105950,NTSB,NTSB-corpus,taxi
20221006106077,NTSB,NTSB-corpus,landing
20221006106083,NTSB,NTSB-corpus,cruise
20221114106279,NTSB,NTSB-corpus,descent
20221117106309,NTSB,NTSB-corpus,descent
20221121106329,NTSB,NTSB-corpus,approach
20221202106401,NTSB,NTSB-corpus,descent
20221205106414,NTSB,NTSB-corpus,descent
20221212106439,NTSB,NTSB-corpus,descent
20221219106472,NTSB,NTSB-corpus,cruise
20230101106517,NTSB,NTSB-corpus,parked_or_ground_service
20230104106534,NTSB,NTSB-corpus,taxi
20230213106723,NTSB,NTSB-corpus,descent
20230301106804,NTSB,NTSB-corpus,parked_or_ground_service
20230303106815,NTSB,NTSB-corpus,descent
20230217106744,NTSB,NTSB-corpus,descent
20230322106933,NTSB,NTSB-corpus,climb
20230328106964,NTSB,NTSB-corpus,landing
20230411107036,NTSB,NTSB-corpus,landing
20230425107126,NTSB,NTSB-corpus,cruise
20230511135369,NTSB,NTSB-corpus,landing
20230602192290,NTSB,NTSB-corpus,descent
20230602192293,NTSB,NTSB-corpus,descent
20230628192485,NTSB,NTSB-corpus,landing
20230630192493,NTSB,NTSB-corpus,taxi
20230725192698,NTSB,NTSB-corpus,descent
20230731192742,NTSB,NTSB-corpus,cruise
20230731192743,NTSB,NTSB-corpus,descent
20230731192744,NTSB,NTSB-corpus,landing
20230804192791,NTSB,NTSB-corpus,cruise
20230814192860,NTSB,NTSB-corpus,unknown
20230814192864,NTSB,NTSB-corpus,descent
20230821192903,NTSB,NTSB-corpus,landing
20230823192927,NTSB,NTSB-corpus,cruise
20230830192959,NTSB,NTSB-corpus,descent
20230911193031,NTSB,NTSB-corpus,descent
20230925193129,NTSB,NTSB-corpus,cruise
20231003193179,NTSB,NTSB-corpus,climb
20231005193196,NTSB,NTSB-corpus,approach
20231007193204,NTSB,NTSB-corpus,takeoff
20231019193272,NTSB,NTSB-corpus,climb
20231201193459,NTSB,NTSB-corpus,taxi
20231222193561,NTSB,NTSB-corpus,climb
20240106193617,NTSB,NTSB-corpus,climb
20240110193637,NTSB,NTSB-corpus,landing
20240119193682,NTSB,NTSB-corpus,climb
20240208193765,NTSB,NTSB-corpus,taxi
20240211193772,NTSB,NTSB-corpus,landing
20240212193784,NTSB,NTSB-corpus,descent
20240308193898,NTSB,NTSB-corpus,taxi
20240311193920,NTSB,NTSB-corpus,descent
20240319193963,NTSB,NTSB-corpus,cruise
20240328194001,NTSB,NTSB-corpus,descent
20240403194028,NTSB,NTSB-corpus,cruise
20240403194029,NTSB,NTSB-corpus,descent
20240427194158,NTSB,NTSB-corpus,descent
20240515194260,NTSB,NTSB-corpus,cruise
20240718194718,NTSB,NTSB-corpus,taxi
20240729194782,NTSB,NTSB-corpus,taxi
20240805194848,NTSB,NTSB-corpus,cruise
20240809194881,NTSB,NTSB-corpus,cruise
20240809194882,NTSB,NTSB-corpus,descent
20240823194995,NTSB,NTSB-corpus,descent
20240829195021,NTSB,NTSB-corpus,climb
20240902195036,NTSB,NTSB-corpus,taxi
20240924195189,NTSB,NTSB-corpus,descent
20241030195412,NTSB,NTSB-corpus,landing
20241104195438,NTSB,NTSB-corpus,descent
20241105195439,NTSB,NTSB-corpus,cruise
20241105195444,NTSB,NTSB-corpus,landing
20241120195519,NTSB,NTSB-corpus,cruise
20241121195527,NTSB,NTSB-corpus,climb
20241121195532,NTSB,NTSB-corpus,cruise
20241125195541,NTSB,NTSB-corpus,cruise
20241211199406,NTSB,NTSB-corpus,descent
20250112199530,NTSB,NTSB-corpus,takeoff
20250114199538,NTSB,NTSB-corpus,landing
20250121199575,NTSB,NTSB-corpus,cruise
20250130199620,NTSB,NTSB-corpus,approach
20250205199653,NTSB,NTSB-corpus,taxi
20250207199663,NTSB,NTSB-corpus,taxi
20250214199703,NTSB,NTSB-corpus,descent
20250310199820,NTSB,NTSB-corpus,cruise
20250403199959,NTSB,NTSB-corpus,cruise
20250417200028,NTSB,NTSB-corpus,parked_or_ground_service
20250422200055,NTSB,NTSB-corpus,descent
20250505200101,NTSB,NTSB-corpus,descent
20250611200304,NTSB,NTSB-corpus,taxi
20250617200337,NTSB,NTSB-corpus,climb
20250618200351,NTSB,NTSB-corpus,descent
20250623200361,NTSB,NTSB-corpus,descent
20250623200362,NTSB,NTSB-corpus,climb
20250623200379,NTSB,NTSB-corpus,descent
20250708200488,NTSB,NTSB-corpus,landing
20250723200619,NTSB,NTSB-corpus,parked_or_ground_service
20250724200620,NTSB,NTSB-corpus,climb
20250724200627,NTSB,NTSB-corpus,descent
20250809200742,NTSB,NTSB-corpus,unknown
20250828200898,NTSB,NTSB-corpus,descent
20250829200899,NTSB,NTSB-corpus,cruise
20250902200930,NTSB,NTSB-corpus,unknown
20250915201001,NTSB,NTSB-corpus,unknown
20251003201780,NTSB,NTSB-corpus,descent
20260128202353,NTSB,NTSB-corpus,taxi
20001212X20225,NTSB,NTSB-corpus,takeoff
20001212X20388,NTSB,NTSB-corpus,cruise
20001212X20339,NTSB,NTSB-corpus,cruise
20001212X20517,NTSB,NTSB-corpus,descent
20001212X20463,NTSB,NTSB-corpus,parked_or_ground_service
20001212X20452,NTSB,NTSB-corpus,landing
20001212X20503,NTSB,NTSB-corpus,landing
20001212X20472,NTSB,NTSB-corpus,climb
20001212X20332,NTSB,NTSB-corpus,parked_or_ground_service
20001212X20714,NTSB,NTSB-corpus,pushback_or_towing
20001212X20571,NTSB,NTSB-corpus,takeoff
20001212X20606,NTSB,NTSB-corpus,landing
20001212X20693,NTSB,NTSB-corpus,cruise
20001212X20664,NTSB,NTSB-corpus,landing
20001212X20700,NTSB,NTSB-corpus,taxi
20001212X20732,NTSB,NTSB-corpus,climb
20001212X20609,NTSB,NTSB-corpus,landing
20001212X20624,NTSB,NTSB-corpus,landing
20001212X20564,NTSB,NTSB-corpus,cruise
20001212X20894,NTSB,NTSB-corpus,takeoff
20001212X20788,NTSB,NTSB-corpus,takeoff
20001212X20794,NTSB,NTSB-corpus,cruise
20001212X20972,NTSB,NTSB-corpus,takeoff
20001212X20896,NTSB,NTSB-corpus,approach
20001212X21038,NTSB,NTSB-corpus,landing
20001212X21060,NTSB,NTSB-corpus,climb
20001212X21079,NTSB,NTSB-corpus,parked_or_ground_service
20001212X21300,NTSB,NTSB-corpus,descent
20001212X21288,NTSB,NTSB-corpus,taxi
20001212X21264,NTSB,NTSB-corpus,takeoff
20001212X21540,NTSB,NTSB-corpus,taxi
20001212X20729,NTSB,NTSB-corpus,parked_or_ground_service
20001212X21365,NTSB,NTSB-corpus,cruise
20001212X21701,NTSB,NTSB-corpus,landing
20001212X21726,NTSB,NTSB-corpus,descent
20001212X21656,NTSB,NTSB-corpus,pushback_or_towing
20001212X21686,NTSB,NTSB-corpus,descent
20001212X21738,NTSB,NTSB-corpus,cruise
20001212X21420,NTSB,NTSB-corpus,descent
20001212X22049,NTSB,NTSB-corpus,takeoff
20001212X22032,NTSB,NTSB-corpus,landing
20001212X22037,NTSB,NTSB-corpus,descent
20001212X22040,NTSB,NTSB-corpus,descent
20001212X22065,NTSB,NTSB-corpus,pushback_or_towing
20001212X21929,NTSB,NTSB-corpus,taxi
20001212X22066,NTSB,NTSB-corpus,parked_or_ground_service
20001212X22103,NTSB,NTSB-corpus,cruise
20001212X22091,NTSB,NTSB-corpus,takeoff
20001212X22163,NTSB,NTSB-corpus,descent
20001212X22101,NTSB,NTSB-corpus,landing
20001212X22245,NTSB,NTSB-corpus,taxi
20001220X45467,NTSB,NTSB-corpus,descent
20001212X22266,NTSB,NTSB-corpus,approach
20001212X22320,NTSB,NTSB-corpus,descent
20001212X22314,NTSB,NTSB-corpus,parked_or_ground_service
20010108X00056,NTSB,NTSB-corpus,climb
20010105X00035,NTSB,NTSB-corpus,cruise
20010108X00063,NTSB,NTSB-corpus,takeoff
20010104X00013,NTSB,NTSB-corpus,landing
20010117X00316,NTSB,NTSB-corpus,parked_or_ground_service
20010110X00085,NTSB,NTSB-corpus,cruise
20001226X45475,NTSB,NTSB-corpus,descent
20001212X21909,NTSB,NTSB-corpus,cruise
20020204X00171,NTSB,NTSB-corpus,taxi
20001212X20648,NTSB,NTSB-corpus,parked_or_ground_service
20010112X00292,NTSB,NTSB-corpus,landing
20001215X45420,NTSB,NTSB-corpus,climb
20001212X21253,NTSB,NTSB-corpus,landing
20001212X20847,NTSB,NTSB-corpus,cruise
20001212X20553,NTSB,NTSB-corpus,parked_or_ground_service
20001212X20713,NTSB,NTSB-corpus,pushback_or_towing
20001212X21299,NTSB,NTSB-corpus,landing
20001220X45463,NTSB,NTSB-corpus,landing
20010205X00392,NTSB,NTSB-corpus,approach
20010226X00510,NTSB,NTSB-corpus,parked_or_ground_service
20010223X00504,NTSB,NTSB-corpus,pushback_or_towing
20010214X00449,NTSB,NTSB-corpus,landing
20010216X00462,NTSB,NTSB-corpus,taxi
20010307X00558,NTSB,NTSB-corpus,descent
20010308X00561,NTSB,NTSB-corpus,landing
20010329X00669,NTSB,NTSB-corpus,takeoff
20010322X00633,NTSB,NTSB-corpus,takeoff
20010319X00608,NTSB,NTSB-corpus,takeoff
20020124X00119,NTSB,NTSB-corpus,cruise
20010402X00689,NTSB,NTSB-corpus,pushback_or_towing
20010507X00899,NTSB,NTSB-corpus,cruise
20010416X00753,NTSB,NTSB-corpus,taxi
20010423X00790,NTSB,NTSB-corpus,descent
20010502X00851,NTSB,NTSB-corpus,landing
20010501X00841,NTSB,NTSB-corpus,cruise
20010503X00872,NTSB,NTSB-corpus,climb
20010507X00887,NTSB,NTSB-corpus,parked_or_ground_service
20010531X01039,NTSB,NTSB-corpus,landing
20010529X01018,NTSB,NTSB-corpus,taxi
20010531X01037,NTSB,NTSB-corpus,climb
20010608X01107,NTSB,NTSB-corpus,landing
20010712X01409,NTSB,NTSB-corpus,landing
20010713X01428,NTSB,NTSB-corpus,descent
20010717X01445,NTSB,NTSB-corpus,descent
20010720X01466,NTSB,NTSB-corpus,takeoff
20010727X01542,NTSB,NTSB-corpus,descent
20010904X01867,NTSB,NTSB-corpus,taxi
20010816X01695,NTSB,NTSB-corpus,landing
20010821X01745,NTSB,NTSB-corpus,cruise
20010821X01739,NTSB,NTSB-corpus,takeoff
20010910X01911,NTSB,NTSB-corpus,climb
20010830X01825,NTSB,NTSB-corpus,landing
20010911X01915,NTSB,NTSB-corpus,descent
20010316X00598,NTSB,NTSB-corpus,parked_or_ground_service
20010405X00701,NTSB,NTSB-corpus,approach
20010612X01155,NTSB,NTSB-corpus,parked_or_ground_service
20010308X00571,NTSB,NTSB-corpus,approach
20020123X00103,NTSB,NTSB-corpus,unknown
20020123X00104,NTSB,NTSB-corpus,unknown
20020123X00105,NTSB,NTSB-corpus,unknown
20020123X00106,NTSB,NTSB-corpus,unknown
20011004X02036,NTSB,NTSB-corpus,pushback_or_towing
20011022X02123,NTSB,NTSB-corpus,pushback_or_towing
20011018X02112,NTSB,NTSB-corpus,cruise
20011030X02159,NTSB,NTSB-corpus,landing
20020411X00491,NTSB,NTSB-corpus,unknown
20011106X02201,NTSB,NTSB-corpus,landing
20011130X02321,NTSB,NTSB-corpus,climb
20011129X02310,NTSB,NTSB-corpus,approach
20011204X02343,NTSB,NTSB-corpus,descent
20020104X00022,NTSB,NTSB-corpus,parked_or_ground_service
20020114X00069,NTSB,NTSB-corpus,takeoff
20020110X00051,NTSB,NTSB-corpus,pushback_or_towing
20020125X00135,NTSB,NTSB-corpus,parked_or_ground_service
20020214X00216,NTSB,NTSB-corpus,pushback_or_towing
20020306X00309,NTSB,NTSB-corpus,approach
20020306X00308,NTSB,NTSB-corpus,climb
20020301X00292,NTSB,NTSB-corpus,climb
20020319X00362,NTSB,NTSB-corpus,parked_or_ground_service
20020311X00325,NTSB,NTSB-corpus,parked_or_ground_service
20020313X00335,NTSB,NTSB-corpus,takeoff
20020328X00415,NTSB,NTSB-corpus,pushback_or_towing
20020322X00387,NTSB,NTSB-corpus,descent
20020408X00474,NTSB,NTSB-corpus,descent
20020402X00443,NTSB,NTSB-corpus,cruise
20020412X00510,NTSB,NTSB-corpus,climb
20020419X00545,NTSB,NTSB-corpus,descent
20020429X00592,NTSB,NTSB-corpus,cruise
20020501X00603,NTSB,NTSB-corpus,cruise
20020506X00632,NTSB,NTSB-corpus,climb
20020521X00710,NTSB,NTSB-corpus,cruise
20020520X00704,NTSB,NTSB-corpus,pushback_or_towing
20020612X00859,NTSB,NTSB-corpus,parked_or_ground_service
20020612X00871,NTSB,NTSB-corpus,landing
20020606X00822,NTSB,NTSB-corpus,landing
20020606X00821,NTSB,NTSB-corpus,descent
20020625X00969,NTSB,NTSB-corpus,descent
20020625X00967,NTSB,NTSB-corpus,parked_or_ground_service
20020621X00955,NTSB,NTSB-corpus,landing
20020718X01166,NTSB,NTSB-corpus,approach
20020702X01033,NTSB,NTSB-corpus,takeoff
20020703X01048,NTSB,NTSB-corpus,taxi
20011003X02029,NTSB,NTSB-corpus,landing
20020717X01153,NTSB,NTSB-corpus,parked_or_ground_service
20010608X01136,NTSB,NTSB-corpus,descent
20020604X00806,NTSB,NTSB-corpus,descent
20020731X01263,NTSB,NTSB-corpus,climb
20020729X01242,NTSB,NTSB-corpus,parked_or_ground_service
20020801X01282,NTSB,NTSB-corpus,landing
20020813X01372,NTSB,NTSB-corpus,landing
20020814X01387,NTSB,NTSB-corpus,descent
20020913X01603,NTSB,NTSB-corpus,landing
20020923X05198,NTSB,NTSB-corpus,landing
20020919X05176,NTSB,NTSB-corpus,approach
20020923X05202,NTSB,NTSB-corpus,pushback_or_towing
20020925X05213,NTSB,NTSB-corpus,taxi
20020930X05249,NTSB,NTSB-corpus,takeoff
20021029X05398,NTSB,NTSB-corpus,approach
20021030X05404,NTSB,NTSB-corpus,taxi
20030423X00550,NTSB,NTSB-corpus,climb
20021118X05480,NTSB,NTSB-corpus,parked_or_ground_service
20021112X05460,NTSB,NTSB-corpus,approach
20021125X05520,NTSB,NTSB-corpus,landing
20021204X05561,NTSB,NTSB-corpus,climb
20030109X00039,NTSB,NTSB-corpus,landing
20030110X00049,NTSB,NTSB-corpus,takeoff
20030205X00166,NTSB,NTSB-corpus,approach
20030116X00075,NTSB,NTSB-corpus,cruise
20030129X00123,NTSB,NTSB-corpus,parked_or_ground_service
20030122X00086,NTSB,NTSB-corpus,pushback_or_towing
20030128X00117,NTSB,NTSB-corpus,landing
20030214X00221,NTSB,NTSB-corpus,parked_or_ground_service
20030220X00241,NTSB,NTSB-corpus,landing
20030304X00276,NTSB,NTSB-corpus,descent
20030305X00291,NTSB,NTSB-corpus,cruise
20030314X00332,NTSB,NTSB-corpus,landing
20030317X00344,NTSB,NTSB-corpus,descent
20030409X00464,NTSB,NTSB-corpus,landing
20030327X00400,NTSB,NTSB-corpus,takeoff
20030425X00566,NTSB,NTSB-corpus,cruise
20030409X00468,NTSB,NTSB-corpus,climb
20030423X00557,NTSB,NTSB-corpus,taxi
20030421X00540,NTSB,NTSB-corpus,climb
20030423X00554,NTSB,NTSB-corpus,taxi
20030501X00608,NTSB,NTSB-corpus,pushback_or_towing
20030514X00654,NTSB,NTSB-corpus,cruise
20030509X00638,NTSB,NTSB-corpus,cruise
20030505X00618,NTSB,NTSB-corpus,climb
20030514X00656,NTSB,NTSB-corpus,parked_or_ground_service
20030612X00865,NTSB,NTSB-corpus,descent
20030605X00800,NTSB,NTSB-corpus,taxi
20030603X00763,NTSB,NTSB-corpus,landing
20030530X00743,NTSB,NTSB-corpus,parked_or_ground_service
20030612X00863,NTSB,NTSB-corpus,landing
20030606X00808,NTSB,NTSB-corpus,descent
20030729X01210,NTSB,NTSB-corpus,taxi
20030609X00820,NTSB,NTSB-corpus,climb
20030624X00945,NTSB,NTSB-corpus,climb
20030616X00873,NTSB,NTSB-corpus,cruise
20030624X00944,NTSB,NTSB-corpus,descent
20030715X01106,NTSB,NTSB-corpus,pushback_or_towing
20030702X00998,NTSB,NTSB-corpus,pushback_or_towing
20030707X01028,NTSB,NTSB-corpus,descent
20030902X01433,NTSB,NTSB-corpus,climb
20030807X01283,NTSB,NTSB-corpus,descent
20030812X01306,NTSB,NTSB-corpus,cruise
20030813X01324,NTSB,NTSB-corpus,cruise
20030813X01321,NTSB,NTSB-corpus,pushback_or_towing
20030905X01467,NTSB,NTSB-corpus,descent
20030822X01387,NTSB,NTSB-corpus,climb
20030827X01408,NTSB,NTSB-corpus,taxi
20030826X01395,NTSB,NTSB-corpus,climb
20030826X01404,NTSB,NTSB-corpus,landing
20030910X01507,NTSB,NTSB-corpus,landing
20031017X01759,NTSB,NTSB-corpus,parked_or_ground_service
20030909X01495,NTSB,NTSB-corpus,climb
20030917X01555,NTSB,NTSB-corpus,pushback_or_towing
20031021X01788,NTSB,NTSB-corpus,pushback_or_towing
20031114X01902,NTSB,NTSB-corpus,parked_or_ground_service
20031010X01706,NTSB,NTSB-corpus,pushback_or_towing
20031105X01861,NTSB,NTSB-corpus,parked_or_ground_service
20031022X01799,NTSB,NTSB-corpus,taxi
20031027X01814,NTSB,NTSB-corpus,taxi
20031023X01800,NTSB,NTSB-corpus,takeoff
20031105X01865,NTSB,NTSB-corpus,descent
20031113X01896,NTSB,NTSB-corpus,cruise
20031121X01938,NTSB,NTSB-corpus,approach
20031122X01939,NTSB,NTSB-corpus,takeoff
20031201X01968,NTSB,NTSB-corpus,taxi
20031209X02011,NTSB,NTSB-corpus,parked_or_ground_service
20040121X00082,NTSB,NTSB-corpus,landing
20031219X02063,NTSB,NTSB-corpus,pushback_or_towing
20040121X00083,NTSB,NTSB-corpus,landing
20040528X00692,NTSB,NTSB-corpus,climb
20040205X00163,NTSB,NTSB-corpus,parked_or_ground_service
20040226X00241,NTSB,NTSB-corpus,pushback_or_towing
20040305X00271,NTSB,NTSB-corpus,descent
20040310X00315,NTSB,NTSB-corpus,taxi
20040315X00323,NTSB,NTSB-corpus,landing
20040319X00351,NTSB,NTSB-corpus,landing
20040408X00430,NTSB,NTSB-corpus,taxi
20040421X00488,NTSB,NTSB-corpus,cruise
20040419X00477,NTSB,NTSB-corpus,taxi
20040510X00578,NTSB,NTSB-corpus,landing
20040601X00708,NTSB,NTSB-corpus,descent
20040603X00726,NTSB,NTSB-corpus,parked_or_ground_service
20040714X00967,NTSB,NTSB-corpus,landing
20040618X00835,NTSB,NTSB-corpus,cruise
20040630X00887,NTSB,NTSB-corpus,cruise
20040714X00969,NTSB,NTSB-corpus,taxi
20040715X00985,NTSB,NTSB-corpus,landing
20040719X01004,NTSB,NTSB-corpus,takeoff
20040730X01113,NTSB,NTSB-corpus,descent
20060111X00048,NTSB,NTSB-corpus,cruise
20040812X01200,NTSB,NTSB-corpus,cruise
20040825X01286,NTSB,NTSB-corpus,approach
20040813X01219,NTSB,NTSB-corpus,descent
20040816X01227,NTSB,NTSB-corpus,takeoff
20050323X00350,NTSB,NTSB-corpus,cruise
20040902X01347,NTSB,NTSB-corpus,landing
20041104X01757,NTSB,NTSB-corpus,approach
20041209X01953,NTSB,NTSB-corpus,approach
20040921X01471,NTSB,NTSB-corpus,climb
20040930X01552,NTSB,NTSB-corpus,climb
20041019X01653,NTSB,NTSB-corpus,cruise
20041020X01659,NTSB,NTSB-corpus,approach
20041028X01714,NTSB,NTSB-corpus,climb
20041027X01709,NTSB,NTSB-corpus,pushback_or_towing
20041109X01790,NTSB,NTSB-corpus,taxi
20041118X01838,NTSB,NTSB-corpus,parked_or_ground_service
20041122X01849,NTSB,NTSB-corpus,landing
20050104X00010,NTSB,NTSB-corpus,climb
20050106X00021,NTSB,NTSB-corpus,climb
20050111X00033,NTSB,NTSB-corpus,pushback_or_towing
20050118X00060,NTSB,NTSB-corpus,parked_or_ground_service
20050118X00061,NTSB,NTSB-corpus,taxi
20050120X00079,NTSB,NTSB-corpus,parked_or_ground_service
20050207X00140,NTSB,NTSB-corpus,landing
20050310X00294,NTSB,NTSB-corpus,approach
20050323X00356,NTSB,NTSB-corpus,takeoff
20050317X00323,NTSB,NTSB-corpus,landing
20050413X00446,NTSB,NTSB-corpus,taxi
20050322X00346,NTSB,NTSB-corpus,landing
20050621X00819,NTSB,NTSB-corpus,cruise
20050502X00534,NTSB,NTSB-corpus,parked_or_ground_service
20050518X00630,NTSB,NTSB-corpus,cruise
20051213X01965,NTSB,NTSB-corpus,taxi
20050607X00723,NTSB,NTSB-corpus,taxi
20050526X00682,NTSB,NTSB-corpus,climb
20050520X00650,NTSB,NTSB-corpus,climb
20050603X00716,NTSB,NTSB-corpus,landing
20050609X00744,NTSB,NTSB-corpus,parked_or_ground_service
20050929X01547,NTSB,NTSB-corpus,parked_or_ground_service
20050613X00760,NTSB,NTSB-corpus,landing
20050627X00874,NTSB,NTSB-corpus,landing
20050616X00793,NTSB,NTSB-corpus,landing
20050617X00804,NTSB,NTSB-corpus,landing
20050616X00796,NTSB,NTSB-corpus,descent
20050620X00811,NTSB,NTSB-corpus,descent
20050623X00849,NTSB,NTSB-corpus,descent
20050628X00880,NTSB,NTSB-corpus,taxi
20050629X00896,NTSB,NTSB-corpus,taxi
20050701X00915,NTSB,NTSB-corpus,parked_or_ground_service
20051110X01830,NTSB,NTSB-corpus,parked_or_ground_service
20051028X01749,NTSB,NTSB-corpus,cruise
20050713X01012,NTSB,NTSB-corpus,pushback_or_towing
20050825X01313,NTSB,NTSB-corpus,taxi
20050817X01269,NTSB,NTSB-corpus,taxi
20050921X01501,NTSB,NTSB-corpus,landing
20050825X01311,NTSB,NTSB-corpus,taxi
20050901X01366,NTSB,NTSB-corpus,taxi
20051025X01717,NTSB,NTSB-corpus,landing
20050927X01540,NTSB,NTSB-corpus,landing
20050927X01539,NTSB,NTSB-corpus,takeoff
20051026X01739,NTSB,NTSB-corpus,approach
20051020X01700,NTSB,NTSB-corpus,taxi
20051018X01675,NTSB,NTSB-corpus,taxi
20051026X01729,NTSB,NTSB-corpus,takeoff
20051104X01781,NTSB,NTSB-corpus,cruise
20051101X01766,NTSB,NTSB-corpus,climb
20051103X01780,NTSB,NTSB-corpus,parked_or_ground_service
20060109X00026,NTSB,NTSB-corpus,taxi
20051210X01960,NTSB,NTSB-corpus,landing
20051130X01905,NTSB,NTSB-corpus,parked_or_ground_service
20051202X01925,NTSB,NTSB-corpus,taxi
20051209X01956,NTSB,NTSB-corpus,taxi
20051213X01964,NTSB,NTSB-corpus,landing
20060106X00018,NTSB,NTSB-corpus,climb
20060119X00088,NTSB,NTSB-corpus,takeoff
20051229X02027,NTSB,NTSB-corpus,pushback_or_towing
20051229X02026,NTSB,NTSB-corpus,climb
20060131X00140,NTSB,NTSB-corpus,parked_or_ground_service
20060126X00127,NTSB,NTSB-corpus,parked_or_ground_service
20060627X00840,NTSB,NTSB-corpus,unknown
20060308X00278,NTSB,NTSB-corpus,parked_or_ground_service
20060323X00337,NTSB,NTSB-corpus,climb
20060330X00368,NTSB,NTSB-corpus,landing
20060329X00359,NTSB,NTSB-corpus,cruise
20060329X00364,NTSB,NTSB-corpus,parked_or_ground_service
20060504X00511,NTSB,NTSB-corpus,climb
20060425X00486,NTSB,NTSB-corpus,descent
20060508X00522,NTSB,NTSB-corpus,descent
20060510X00542,NTSB,NTSB-corpus,taxi
20060522X00602,NTSB,NTSB-corpus,parked_or_ground_service
20060522X00596,NTSB,NTSB-corpus,approach
20060618X00758,NTSB,NTSB-corpus,landing
20060616X00745,NTSB,NTSB-corpus,taxi
20060720X00974,NTSB,NTSB-corpus,parked_or_ground_service
20060622X00799,NTSB,NTSB-corpus,taxi
20060623X00811,NTSB,NTSB-corpus,landing
20060711X00910,NTSB,NTSB-corpus,descent
20060721X00983,NTSB,NTSB-corpus,descent
20060803X01079,NTSB,NTSB-corpus,pushback_or_towing
20060808X01115,NTSB,NTSB-corpus,landing
20060808X01112,NTSB,NTSB-corpus,pushback_or_towing
20060925X01395,NTSB,NTSB-corpus,pushback_or_towing
20060828X01244,NTSB,NTSB-corpus,takeoff
20060908X01321,NTSB,NTSB-corpus,landing
20060908X01318,NTSB,NTSB-corpus,landing
20061015X01521,NTSB,NTSB-corpus,taxi
20061006X01478,NTSB,NTSB-corpus,cruise
20061017X01529,NTSB,NTSB-corpus,landing
20071128X01867,NTSB,NTSB-corpus,taxi
20070426X00458,NTSB,NTSB-corpus,taxi
20061117X01683,NTSB,NTSB-corpus,taxi
20061219X01807,NTSB,NTSB-corpus,cruise
20070105X00013,NTSB,NTSB-corpus,parked_or_ground_service
20070111X00042,NTSB,NTSB-corpus,taxi
20070131X00119,NTSB,NTSB-corpus,climb
20070223X00215,NTSB,NTSB-corpus,landing
20070228X00237,NTSB,NTSB-corpus,landing
20070309X00265,NTSB,NTSB-corpus,cruise
20070313X00281,NTSB,NTSB-corpus,climb
20070423X00446,NTSB,NTSB-corpus,climb
20070323X00325,NTSB,NTSB-corpus,pushback_or_towing
20070610X00702,NTSB,NTSB-corpus,takeoff
20070409X00387,NTSB,NTSB-corpus,landing
20070501X00494,NTSB,NTSB-corpus,landing
20070418X00436,NTSB,NTSB-corpus,descent
20070502X00501,NTSB,NTSB-corpus,climb
20070503X00504,NTSB,NTSB-corpus,cruise
20070520X00598,NTSB,NTSB-corpus,descent
20070504X00513,NTSB,NTSB-corpus,descent
20070601X00676,NTSB,NTSB-corpus,climb
20070614X00724,NTSB,NTSB-corpus,approach
20070712X00920,NTSB,NTSB-corpus,pushback_or_towing
20070625X00787,NTSB,NTSB-corpus,landing
20070705X00879,NTSB,NTSB-corpus,taxi
20070720X00966,NTSB,NTSB-corpus,cruise
20070718X00958,NTSB,NTSB-corpus,parked_or_ground_service
20070911X01360,NTSB,NTSB-corpus,pushback_or_towing
20071130X01878,NTSB,NTSB-corpus,climb
20070817X01201,NTSB,NTSB-corpus,descent
20071005X01522,NTSB,NTSB-corpus,climb
20071029X01680,NTSB,NTSB-corpus,climb
20071023X01634,NTSB,NTSB-corpus,landing
20071023X01635,NTSB,NTSB-corpus,landing
20071108X01763,NTSB,NTSB-corpus,cruise
20081219X65251,NTSB,NTSB-corpus,parked_or_ground_service
20071231X02010,NTSB,NTSB-corpus,climb
20071204X01893,NTSB,NTSB-corpus,takeoff
20071217X01939,NTSB,NTSB-corpus,landing
20081003X62958,NTSB,NTSB-corpus,takeoff
20080107X00024,NTSB,NTSB-corpus,descent
20080107X00025,NTSB,NTSB-corpus,cruise
20071231X02012,NTSB,NTSB-corpus,taxi
20071231X02013,NTSB,NTSB-corpus,approach
20180906X30904,NTSB,NTSB-kg,takeoff
20130117X95034,NTSB,NTSB-kg,approach
20151002X53723,NTSB,NTSB-kg,climb
20151002X84211,NTSB,NTSB-kg,approach
20150927X61012,NTSB,NTSB-kg,climb
20150915X52520,NTSB,NTSB-kg,takeoff
20080211X00169,NTSB,NTSB-kg,approach
20111027X32938,NTSB,NTSB-kg,approach
20150925X54323,NTSB,NTSB-kg,climb
20180821X62945,NTSB,NTSB-kg,descent
20180816X32919,NTSB,NTSB-kg,climb
20180818X33405,NTSB,NTSB-kg,approach
20180906X35852,NTSB,NTSB-kg,approach
20180909X20438,NTSB,NTSB-kg,approach
20180904X52324,NTSB,NTSB-kg,landing
20140716X94855,NTSB,NTSB-kg,approach
20180810X81812,NTSB,NTSB-kg,cruise
20090428X81708,NTSB,NTSB-kg,climb
20140707X41002,NTSB,NTSB-kg,climb
20140708X15409,NTSB,NTSB-kg,approach
20180811X51444,NTSB,NTSB-kg,approach
20180811X71550,NTSB,NTSB-kg,landing
20180805X60932,NTSB,NTSB-kg,cruise
20180809X51217,NTSB,NTSB-kg,landing
20150910X75635,NTSB,NTSB-kg,descent
20150914X71046,NTSB,NTSB-kg,approach
20111031X10241,NTSB,NTSB-kg,cruise
20130919X04513,NTSB,NTSB-kg,approach
20111031X25724,NTSB,NTSB-kg,landing
20180802X34004,NTSB,NTSB-kg,approach
20180730X13125,NTSB,NTSB-kg,landing
20180731X41318,NTSB,NTSB-kg,approach
20180912X65838,NTSB,NTSB-kg,unknown
20151010X62028,NTSB,NTSB-kg,cruise
20151013X50647,NTSB,NTSB-kg,descent
20111004X71245,NTSB,NTSB-kg,climb
20151008X02333,NTSB,NTSB-kg,climb
20151007X51551,NTSB,NTSB-kg,climb
20180731X84010,NTSB,NTSB-kg,climb
20140722X24951,NTSB,NTSB-kg,landing
20140722X53457,NTSB,NTSB-kg,unknown
20180919X15343,NTSB,NTSB-kg,cruise
20140723X03322,NTSB,NTSB-kg,unknown
20180723X93813,NTSB,NTSB-kg,landing
20180726X90912,NTSB,NTSB-kg,parked_or_ground_service
20180721X41413,NTSB,NTSB-kg,takeoff
20180717X95107,NTSB,NTSB-kg,cruise
20180719X32511,NTSB,NTSB-kg,climb
20140726X45400,NTSB,NTSB-kg,landing
20110929X31009,NTSB,NTSB-kg,cruise
20131016X31510,NTSB,NTSB-kg,cruise
20151015X81026,NTSB,NTSB-kg,descent
20150908X35241,NTSB,NTSB-kg,takeoff
20150908X84919,NTSB,NTSB-kg,unknown
20140727X14613,NTSB,NTSB-kg,descent
20180927X41915,NTSB,NTSB-kg,landing
20130210X93918,NTSB,NTSB-kg,climb
20130204X05610,NTSB,NTSB-kg,climb
20180921X14852,NTSB,NTSB-kg,approach
20121203X03615,NTSB,NTSB-kg,landing
20180929X15228,NTSB,NTSB-kg,descent
20180930X33629,NTSB,NTSB-kg,climb
20140731X70148,NTSB,NTSB-kg,landing
20130206X71903,NTSB,NTSB-kg,approach
20130213X43319,NTSB,NTSB-kg,climb
20110919X64454,NTSB,NTSB-kg,approach
20110924X61935,NTSB,NTSB-kg,approach
20151026X43000,NTSB,NTSB-kg,approach
20150907X44940,NTSB,NTSB-kg,approach
20151017X04139,NTSB,NTSB-kg,climb
20090712X93925,NTSB,NTSB-kg,unknown
20181013X10104,NTSB,NTSB-kg,descent
20180610X42028,NTSB,NTSB-kg,approach
20090715X15408,NTSB,NTSB-kg,takeoff
20090724X05537,NTSB,NTSB-kg,cruise
20180602X62747,NTSB,NTSB-kg,climb
20181013X75622,NTSB,NTSB-kg,climb
20140627X84708,NTSB,NTSB-kg,descent
20140629X51219,NTSB,NTSB-kg,approach
20090724X13440,NTSB,NTSB-kg,unknown
20140812X45951,NTSB,NTSB-kg,descent
20140813X65210,NTSB,NTSB-kg,landing
20140814X24748,NTSB,NTSB-kg,climb
20121027X02310,NTSB,NTSB-kg,unknown
20151029X24739,NTSB,NTSB-kg,landing
20130910X93340,NTSB,NTSB-kg,landing
20130911X14426,NTSB,NTSB-kg,takeoff
20110918X02047,NTSB,NTSB-kg,cruise
20130215X10538,NTSB,NTSB-kg,descent
20130215X30422,NTSB,NTSB-kg,approach
20130218X22833,NTSB,NTSB-kg,cruise
20140819X12142,NTSB,NTSB-kg,descent
20140820X60812,NTSB,NTSB-kg,climb
20121020X72847,NTSB,NTSB-kg,descent
20181025X55256,NTSB,NTSB-kg,climb
20140823X82338,NTSB,NTSB-kg,descent
20140824X22102,NTSB,NTSB-kg,climb
20121015X92424,NTSB,NTSB-kg,cruise
20110906X72514,NTSB,NTSB-kg,descent
20151109X40213,NTSB,NTSB-kg,climb
20040306008239I,ASIAS,ASIAS,taxi
20030106000139A,ASIAS,ASIAS,landing
20020214006599I,ASIAS,ASIAS,taxi
20051003033639A,ASIAS,ASIAS,approach
20010426010029A,ASIAS,ASIAS,cruise
20030521010181A,ASIAS,ASIAS,taxi
20070412006299A,ASIAS,ASIAS,landing
20030623015869A,ASIAS,ASIAS,parked_or_ground_service
20010409006949A,ASIAS,ASIAS,descent
20021024038359A,ASIAS,ASIAS,taxi
20080310838229A,ASIAS,ASIAS,landing
20070329005669I,ASIAS,ASIAS,pushback_or_towing
20030512017219I,ASIAS,ASIAS,taxi
20061006025869I,ASIAS,ASIAS,landing
20020716016819A,ASIAS,ASIAS,parked_or_ground_service
20001230026629I,ASIAS,ASIAS,landing
20061226029532A,ASIAS,ASIAS,taxi
20020702013659A,ASIAS,ASIAS,taxi
20060116030699A,ASIAS,ASIAS,parked_or_ground_service
20060225002549A,ASIAS,ASIAS,parked_or_ground_service
20060219003559I,ASIAS,ASIAS,climb
20000321008219A,ASIAS,ASIAS,landing
20030903029909I,ASIAS,ASIAS,pushback_or_towing
20000318006449A,ASIAS,ASIAS,taxi
20020102017029A,ASIAS,ASIAS,pushback_or_towing
20071216828009A,ASIAS,ASIAS,landing
20001206032489A,ASIAS,ASIAS,landing
20000214000579A,ASIAS,ASIAS,descent
20000121040559I,ASIAS,ASIAS,taxi
20000312017979A,ASIAS,ASIAS,pushback_or_towing
20021019030979I,ASIAS,ASIAS,climb
20040630017239I,ASIAS,ASIAS,taxi
20051022028229A,ASIAS,ASIAS,taxi
20000823014639A,ASIAS,ASIAS,cruise
20020822027169I,ASIAS,ASIAS,cruise
20030316003669I,ASIAS,ASIAS,takeoff
20030215002579I,ASIAS,ASIAS,landing
20080517835079I,ASIAS,ASIAS,landing
20030806021379A,ASIAS,ASIAS,cruise
20000221017949A,ASIAS,ASIAS,parked_or_ground_service
20040117002589I,ASIAS,ASIAS,landing
20080508836829I,ASIAS,ASIAS,taxi
20050718022369I,ASIAS,ASIAS,parked_or_ground_service
20030424036909A,ASIAS,ASIAS,cruise
20050527010529I,ASIAS,ASIAS,taxi
20050627013759A,ASIAS,ASIAS,pushback_or_towing
20020915025429I,ASIAS,ASIAS,landing
20060813015659I,ASIAS,ASIAS,taxi
20041123032609I,ASIAS,ASIAS,taxi
20071210827779I,ASIAS,ASIAS,landing
20051119031829A,ASIAS,ASIAS,landing
20030618022019A,ASIAS,ASIAS,cruise
20050128002099I,ASIAS,ASIAS,landing
20000702010089A,ASIAS,ASIAS,taxi
20061107029449A,ASIAS,ASIAS,taxi
20050512007219I,ASIAS,ASIAS,climb
20080119000489I,ASIAS,ASIAS,landing
20050103000799I,ASIAS,ASIAS,parked_or_ground_service
20041107029069I,ASIAS,ASIAS,cruise
20030807019999A,ASIAS,ASIAS,cruise
20051227033149I,ASIAS,ASIAS,taxi
20050610013729A,ASIAS,ASIAS,cruise
20070620011629A,ASIAS,ASIAS,landing
20040810019009I,ASIAS,ASIAS,landing
20070202004689I,ASIAS,ASIAS,landing
20040614010079I,ASIAS,ASIAS,cruise
20000308018749I,ASIAS,ASIAS,landing
20020101000199I,ASIAS,ASIAS,landing
20051212031589I,ASIAS,ASIAS,landing
20070918021049I,ASIAS,ASIAS,pushback_or_towing
20000817026129I,ASIAS,ASIAS,descent
20010528012229I,ASIAS,ASIAS,landing
20070518014589A,ASIAS,ASIAS,climb
20030613019179I,ASIAS,ASIAS,landing
20051206032689I,ASIAS,ASIAS,parked_or_ground_service
20000812014489A,ASIAS,ASIAS,descent
20001001031279I,ASIAS,ASIAS,cruise
20051213033019I,ASIAS,ASIAS,landing
20001124023109I,ASIAS,ASIAS,taxi
20070620011589I,ASIAS,ASIAS,landing
20070926830979I,ASIAS,ASIAS,landing
20030624012029A,ASIAS,ASIAS,pushback_or_towing
20041206030639I,ASIAS,ASIAS,landing
20010425013839I,ASIAS,ASIAS,cruise
20001108038739A,ASIAS,ASIAS,approach
20030708019089I,ASIAS,ASIAS,parked_or_ground_service
20041204029789A,ASIAS,ASIAS,climb
20030308008249A,ASIAS,ASIAS,landing
20020409035729I,ASIAS,ASIAS,landing
20060512008339A,ASIAS,ASIAS,parked_or_ground_service
20031004024399A,ASIAS,ASIAS,parked_or_ground_service
20000519040359A,ASIAS,ASIAS,parked_or_ground_service
20000611035039I,ASIAS,ASIAS,taxi
20001226041509I,ASIAS,ASIAS,climb
20031002032599I,ASIAS,ASIAS,climb
20060130001289I,ASIAS,ASIAS,pushback_or_towing
20050802017969I,ASIAS,ASIAS,parked_or_ground_service
20020721019019I,ASIAS,ASIAS,takeoff
20030904023949I,ASIAS,ASIAS,approach
20001229043439A,ASIAS,ASIAS,landing
20060921019279I,ASIAS,ASIAS,parked_or_ground_service
20060322004329I,ASIAS,ASIAS,parked_or_ground_service
20000731029339I,ASIAS,ASIAS,takeoff
20020124001709A,ASIAS,ASIAS,parked_or_ground_service
20050530012029I,ASIAS,ASIAS,pushback_or_towing
20050815017589I,ASIAS,ASIAS,landing
20080301012782I,ASIAS,ASIAS,taxi
20010306002919I,ASIAS,ASIAS,unknown
20011203031759I,ASIAS,ASIAS,cruise
20060620030979A,ASIAS,ASIAS,landing
20050518019619I,ASIAS,ASIAS,taxi
20000917039419I,ASIAS,ASIAS,parked_or_ground_service
20080214012409I,ASIAS,ASIAS,takeoff
20000710025209I,ASIAS,ASIAS,cruise
20030902036869A,ASIAS,ASIAS,parked_or_ground_service
20070411006339I,ASIAS,ASIAS,pushback_or_towing
20030904021109A,ASIAS,ASIAS,climb
20060926020369I,ASIAS,ASIAS,landing
20030127036329I,ASIAS,ASIAS,unknown
20050402009979I,ASIAS,ASIAS,descent
20010513013399I,ASIAS,ASIAS,taxi
20011105032099I,ASIAS,ASIAS,climb
20000609017679I,ASIAS,ASIAS,descent
20010404009319I,ASIAS,ASIAS,takeoff
20051215029949I,ASIAS,ASIAS,taxi
20061110031149A,ASIAS,ASIAS,taxi
20000926015509A,ASIAS,ASIAS,descent
20020418037339A,ASIAS,ASIAS,cruise
20021201033189I,ASIAS,ASIAS,landing
20050531033219A,ASIAS,ASIAS,parked_or_ground_service
20000913027119I,ASIAS,ASIAS,taxi
20020909025549I,ASIAS,ASIAS,parked_or_ground_service
20041008029519A,ASIAS,ASIAS,takeoff
20031107028099I,ASIAS,ASIAS,landing
20020910025279I,ASIAS,ASIAS,parked_or_ground_service
20070825019769I,ASIAS,ASIAS,taxi
20000322021369I,ASIAS,ASIAS,parked_or_ground_service
20010326004709I,ASIAS,ASIAS,climb
20040915031309I,ASIAS,ASIAS,unknown
20070221005369I,ASIAS,ASIAS,taxi
20061107028781A,ASIAS,ASIAS,taxi
20030602011659A,ASIAS,ASIAS,taxi
20061114025179I,ASIAS,ASIAS,landing
20040205001099I,ASIAS,ASIAS,landing
20080127010539I,ASIAS,ASIAS,landing
20000519017729I,ASIAS,ASIAS,climb
20061107029479A,ASIAS,ASIAS,taxi
20030816022969A,ASIAS,ASIAS,descent
20080414833969I,ASIAS,ASIAS,takeoff
20051208033429I,ASIAS,ASIAS,descent
20040407005039I,ASIAS,ASIAS,taxi
20010125000699I,ASIAS,ASIAS,climb
20001218030909I,ASIAS,ASIAS,climb
20030422009199A,ASIAS,ASIAS,pushback_or_towing
20001227041499A,ASIAS,ASIAS,takeoff
20050905025029I,ASIAS,ASIAS,taxi
20000518016109I,ASIAS,ASIAS,taxi
20041209034419I,ASIAS,ASIAS,landing
20071201829519I,ASIAS,ASIAS,taxi
20060424007859I,ASIAS,ASIAS,taxi
20060727018679I,ASIAS,ASIAS,taxi
20070428008899A,ASIAS,ASIAS,descent
20031214036119A,ASIAS,ASIAS,pushback_or_towing
20051016025159A,ASIAS,ASIAS,takeoff
20070507826629I,ASIAS,ASIAS,cruise
20051226030609A,ASIAS,ASIAS,cruise
20040414023199A,ASIAS,ASIAS,cruise
20031114035379A,ASIAS,ASIAS,takeoff
20070214007719I,ASIAS,ASIAS,approach
20041027035229A,ASIAS,ASIAS,taxi
20040417007889I,ASIAS,ASIAS,climb
20031016032439A,ASIAS,ASIAS,taxi
20020511038299A,ASIAS,ASIAS,parked_or_ground_service
20010314005829I,ASIAS,ASIAS,landing
20010227002939I,ASIAS,ASIAS,takeoff
20001204021319I,ASIAS,ASIAS,climb
20010304003669I,ASIAS,ASIAS,landing
20040315003719A,ASIAS,ASIAS,landing
20060209010299I,ASIAS,ASIAS,cruise
20051128033419I,ASIAS,ASIAS,landing
20060609023289I,ASIAS,ASIAS,climb
20020517018099I,ASIAS,ASIAS,taxi
20010924028399I,ASIAS,ASIAS,landing
20080224013409I,ASIAS,ASIAS,parked_or_ground_service
20080224013419I,ASIAS,ASIAS,parked_or_ground_service
20021224035559I,ASIAS,ASIAS,takeoff
20000504022369I,ASIAS,ASIAS,takeoff
20050911023629I,ASIAS,ASIAS,landing
20000223001489I,ASIAS,ASIAS,taxi
20030530009779I,ASIAS,ASIAS,landing
20080218011489I,ASIAS,ASIAS,approach
20070105013319A,ASIAS,ASIAS,climb
20010816019969I,ASIAS,ASIAS,takeoff
20070218004919I,ASIAS,ASIAS,approach
20030927022979A,ASIAS,ASIAS,pushback_or_towing
20030121004649A,ASIAS,ASIAS,landing
20021114032569I,ASIAS,ASIAS,cruise
20000811037919I,ASIAS,ASIAS,parked_or_ground_service
20040422008819I,ASIAS,ASIAS,climb
20030802023909I,ASIAS,ASIAS,landing
20041024034749I,ASIAS,ASIAS,climb
20070508015689I,ASIAS,ASIAS,cruise
20070221004719I,ASIAS,ASIAS,taxi
20050606012319I,ASIAS,ASIAS,pushback_or_towing
20050409007059I,ASIAS,ASIAS,approach
20021122038539I,ASIAS,ASIAS,landing
20030504008839I,ASIAS,ASIAS,taxi
20070221004819I,ASIAS,ASIAS,taxi
20010213002349I,ASIAS,ASIAS,approach
20010619013479I,ASIAS,ASIAS,taxi
20070331013999I,ASIAS,ASIAS,taxi
20041007025889I,ASIAS,ASIAS,taxi
20030510014809I,ASIAS,ASIAS,taxi
20040211001169I,ASIAS,ASIAS,taxi
20021107036519I,ASIAS,ASIAS,climb
20040129000689I,ASIAS,ASIAS,landing
20000509022739I,ASIAS,ASIAS,landing
20050127001719A,ASIAS,ASIAS,landing
20000816043069A,ASIAS,ASIAS,pushback_or_towing
20041029028569I,ASIAS,ASIAS,taxi
20030305003699I,ASIAS,ASIAS,takeoff
20070322005859I,ASIAS,ASIAS,taxi
20031024028329I,ASIAS,ASIAS,takeoff
20080331832779I,ASIAS,ASIAS,descent
20030219002549I,ASIAS,ASIAS,taxi
20020722017089I,ASIAS,ASIAS,cruise
20000820029089I,ASIAS,ASIAS,landing
20080217011189I,ASIAS,ASIAS,taxi
20050519008669I,ASIAS,ASIAS,climb
20030610019729I,ASIAS,ASIAS,parked_or_ground_service
20030501008859I,ASIAS,ASIAS,takeoff
20040702024639I,ASIAS,ASIAS,landing
20080515837759I,ASIAS,ASIAS,landing
20010818025329I,ASIAS,ASIAS,descent
20020207003079I,ASIAS,ASIAS,landing
20040125002479I,ASIAS,ASIAS,approach
20000519033069I,ASIAS,ASIAS,parked_or_ground_service
20010411007029I,ASIAS,ASIAS,parked_or_ground_service
20041229033409A,ASIAS,ASIAS,climb
20011220035019I,ASIAS,ASIAS,takeoff
20001119030609I,ASIAS,ASIAS,landing
20030111037909I,ASIAS,ASIAS,climb
20050610009889I,ASIAS,ASIAS,taxi
20011216035739I,ASIAS,ASIAS,taxi
20080326835639I,ASIAS,ASIAS,takeoff
20050810020289I,ASIAS,ASIAS,landing
20000731035709I,ASIAS,ASIAS,cruise
20080303011109I,ASIAS,ASIAS,climb
20060302003989I,ASIAS,ASIAS,landing
20020929032419I,ASIAS,ASIAS,taxi
20041113032139A,ASIAS,ASIAS,parked_or_ground_service
20010907031159I,ASIAS,ASIAS,descent
20010603018259I,ASIAS,ASIAS,taxi
20020503019539I,ASIAS,ASIAS,cruise
20001224025419I,ASIAS,ASIAS,landing
20031223033979I,ASIAS,ASIAS,parked_or_ground_service
20060608015749I,ASIAS,ASIAS,takeoff
20050311024829A,ASIAS,ASIAS,landing
20040712018299A,ASIAS,ASIAS,descent
20050320005449A,ASIAS,ASIAS,climb
20070114000809I,ASIAS,ASIAS,taxi
20010308005179I,ASIAS,ASIAS,cruise
20040117010689I,ASIAS,ASIAS,descent
20080128009759I,ASIAS,ASIAS,approach
20030525009369A,ASIAS,ASIAS,landing
20080130010079I,ASIAS,ASIAS,landing
20060226002189I,ASIAS,ASIAS,landing
20021230034539I,ASIAS,ASIAS,descent
20030226003329I,ASIAS,ASIAS,landing
20080802842299I,ASIAS,ASIAS,takeoff
20050108000679A,ASIAS,ASIAS,parked_or_ground_service
20080808842779I,ASIAS,ASIAS,landing
20080410837829I,ASIAS,ASIAS,taxi
20080410837819I,ASIAS,ASIAS,taxi
20030723018029I,ASIAS,ASIAS,taxi
20020823020999I,ASIAS,ASIAS,taxi
20071102824759I,ASIAS,ASIAS,landing
20040301005549I,ASIAS,ASIAS,taxi
20001213031499I,ASIAS,ASIAS,taxi
20021107030859I,ASIAS,ASIAS,approach
20030302007489I,ASIAS,ASIAS,approach
20070730826329I,ASIAS,ASIAS,landing
20010724024969I,ASIAS,ASIAS,takeoff
20080417014229I,ASIAS,ASIAS,approach
20010220013879I,ASIAS,ASIAS,landing
20050525012419I,ASIAS,ASIAS,climb
20011122036009I,ASIAS,ASIAS,parked_or_ground_service
20020516009509I,ASIAS,ASIAS,approach
20040921022759I,ASIAS,ASIAS,parked_or_ground_service
20020803020809I,ASIAS,ASIAS,cruise
20050302019029A,ASIAS,ASIAS,takeoff
20050528012049I,ASIAS,ASIAS,landing
20070602007989I,ASIAS,ASIAS,approach
20030610010689I,ASIAS,ASIAS,taxi
20050930025659I,ASIAS,ASIAS,climb
20030214006269I,ASIAS,ASIAS,landing
20001129038279I,ASIAS,ASIAS,climb
20000402002129I,ASIAS,ASIAS,landing
20051211033439I,ASIAS,ASIAS,landing
20050626012819I,ASIAS,ASIAS,parked_or_ground_service
20010323032499I,ASIAS,ASIAS,taxi
20070603011019I,ASIAS,ASIAS,landing
20021015030929I,ASIAS,ASIAS,landing
20060423011349I,ASIAS,ASIAS,taxi
20080308832979I,ASIAS,ASIAS,landing
20000903029849I,ASIAS,ASIAS,taxi
20071201830749I,ASIAS,ASIAS,taxi
20040921026549I,ASIAS,ASIAS,landing
20041022026599I,ASIAS,ASIAS,taxi
20020521011559I,ASIAS,ASIAS,parked_or_ground_service
20040305003079I,ASIAS,ASIAS,climb
20070814020609I,ASIAS,ASIAS,taxi
20040726019579I,ASIAS,ASIAS,taxi
20000102000129I,ASIAS,ASIAS,approach
20020416007909I,ASIAS,ASIAS,taxi
20020913025649I,ASIAS,ASIAS,pushback_or_towing
20020529011699I,ASIAS,ASIAS,climb
20030507008139A,ASIAS,ASIAS,parked_or_ground_service
20200208003749I,ASIAS,ASIAS,landing
20200207007509A,ASIAS,ASIAS,descent
20000127003699I,ASIAS,ASIAS,taxi
20030401005799I,ASIAS,ASIAS,descent
20040629016449I,ASIAS,ASIAS,cruise
20020428011729I,ASIAS,ASIAS,approach
20030111000229I,ASIAS,ASIAS,cruise
20010426006779I,ASIAS,ASIAS,landing
20030604011999I,ASIAS,ASIAS,landing
20060212005729I,ASIAS,ASIAS,landing
20060831018039I,ASIAS,ASIAS,taxi
20010717020489I,ASIAS,ASIAS,climb
20020708020469I,ASIAS,ASIAS,taxi
20011102030469I,ASIAS,ASIAS,cruise
20060725016289I,ASIAS,ASIAS,pushback_or_towing
20020829024749I,ASIAS,ASIAS,landing
20020201005089I,ASIAS,ASIAS,takeoff
20060429005269I,ASIAS,ASIAS,descent
20060318003349I,ASIAS,ASIAS,cruise
20020816020729I,ASIAS,ASIAS,descent
20021121035499I,ASIAS,ASIAS,landing
20040106005519I,ASIAS,ASIAS,cruise
20080614839669I,ASIAS,ASIAS,unknown
20010309005759I,ASIAS,ASIAS,landing
20080527857569I,ASIAS,ASIAS,cruise
20040102000399I,ASIAS,ASIAS,landing
20030225004089A,ASIAS,ASIAS,descent
20010917025219I,ASIAS,ASIAS,pushback_or_towing
20080419837739I,ASIAS,ASIAS,taxi
20030611014549I,ASIAS,ASIAS,taxi
20030921026619A,ASIAS,ASIAS,pushback_or_towing
20030710019649I,ASIAS,ASIAS,taxi
20001122022059I,ASIAS,ASIAS,taxi
20050831031369I,ASIAS,ASIAS,taxi
20071201831649I,ASIAS,ASIAS,taxi
20040521008779I,ASIAS,ASIAS,takeoff
20020406009929I,ASIAS,ASIAS,parked_or_ground_service
20000308000779I,ASIAS,ASIAS,cruise
20040426020569I,ASIAS,ASIAS,climb
20040206001079I,ASIAS,ASIAS,taxi
20050509007649I,ASIAS,ASIAS,parked_or_ground_service
20030725022279I,ASIAS,ASIAS,takeoff
20040527011719I,ASIAS,ASIAS,parked_or_ground_service
20050828029359I,ASIAS,ASIAS,climb
20001110024489I,ASIAS,ASIAS,landing
20080301012821I,ASIAS,ASIAS,taxi
20060220011319I,ASIAS,ASIAS,taxi
20040715028289A,ASIAS,ASIAS,descent
20080307012399I,ASIAS,ASIAS,landing
20030116006049I,ASIAS,ASIAS,pushback_or_towing
20040724022159I,ASIAS,ASIAS,approach
20020614012569I,ASIAS,ASIAS,cruise
20040306002229I,ASIAS,ASIAS,parked_or_ground_service
20000221003129I,ASIAS,ASIAS,cruise
20061201024459I,ASIAS,ASIAS,landing
20010531013689I,ASIAS,ASIAS,taxi
20031025026389I,ASIAS,ASIAS,pushback_or_towing
20051123027839I,ASIAS,ASIAS,parked_or_ground_service
20011208034899I,ASIAS,ASIAS,takeoff
20020725020539I,ASIAS,ASIAS,cruise
20061117030259I,ASIAS,ASIAS,landing
20070605016969I,ASIAS,ASIAS,cruise
20020612038749I,ASIAS,ASIAS,climb
20001119028279I,ASIAS,ASIAS,taxi
20050207005179I,ASIAS,ASIAS,landing
20050808034199A,ASIAS,ASIAS,parked_or_ground_service
20010410009279I,ASIAS,ASIAS,takeoff
20050918028769A,ASIAS,ASIAS,landing
20000112000069I,ASIAS,ASIAS,taxi
20080628839649I,ASIAS,ASIAS,taxi
20080209009629I,ASIAS,ASIAS,pushback_or_towing
20000202000099I,ASIAS,ASIAS,cruise
20071225830739A,ASIAS,ASIAS,descent
20030410007269A,ASIAS,ASIAS,parked_or_ground_service
20000215041409A,ASIAS,ASIAS,landing
20010902029059I,ASIAS,ASIAS,landing
20080113000361A,ASIAS,ASIAS,pushback_or_towing
20000927019009I,ASIAS,ASIAS,taxi
20000227002219I,ASIAS,ASIAS,approach
20050921026559I,ASIAS,ASIAS,landing
20070716825439I,ASIAS,ASIAS,taxi
20020127001479I,ASIAS,ASIAS,cruise
20030803027409A,ASIAS,ASIAS,cruise
20030215001979I,ASIAS,ASIAS,approach
20050808032619I,ASIAS,ASIAS,parked_or_ground_service
20001219027959I,ASIAS,ASIAS,takeoff
20031101027999A,ASIAS,ASIAS,descent
20080824843509I,ASIAS,ASIAS,takeoff
20001019031699I,ASIAS,ASIAS,climb
20010617013179I,ASIAS,ASIAS,parked_or_ground_service
20060305002449I,ASIAS,ASIAS,takeoff
20060922028919I,ASIAS,ASIAS,landing
20000911029249I,ASIAS,ASIAS,parked_or_ground_service
20041019031679I,ASIAS,ASIAS,takeoff
20040920025259I,ASIAS,ASIAS,landing
20050325009449I,ASIAS,ASIAS,climb
20030406005019A,ASIAS,ASIAS,cruise
20031110028709I,ASIAS,ASIAS,parked_or_ground_service
20010522012019I,ASIAS,ASIAS,taxi
20040202002289I,ASIAS,ASIAS,taxi
20060322012849I,ASIAS,ASIAS,approach
20000626034749I,ASIAS,ASIAS,parked_or_ground_service
20030604020189I,ASIAS,ASIAS,landing
20020323006589I,ASIAS,ASIAS,landing
20040126011689I,ASIAS,ASIAS,landing
20071229831899I,ASIAS,ASIAS,taxi
20050814018529A,ASIAS,ASIAS,landing
20030104006349I,ASIAS,ASIAS,taxi
20040326020509I,ASIAS,ASIAS,landing
20021208034519I,ASIAS,ASIAS,cruise
20000627032639I,ASIAS,ASIAS,cruise
20001018029879I,ASIAS,ASIAS,landing
20040713030279I,ASIAS,ASIAS,takeoff
20040301016789A,ASIAS,ASIAS,descent
20051128032179A,ASIAS,ASIAS,taxi
20020210002929I,ASIAS,ASIAS,parked_or_ground_service
20030524009299I,ASIAS,ASIAS,takeoff
20020610011279I,ASIAS,ASIAS,climb
20050510034229A,ASIAS,ASIAS,taxi
20040417009129I,ASIAS,ASIAS,taxi
20000216022419I,ASIAS,ASIAS,climb
20080325012339I,ASIAS,ASIAS,taxi
20020913029049I,ASIAS,ASIAS,climb
20000812030209I,ASIAS,ASIAS,landing
20051210030539I,ASIAS,ASIAS,taxi
20060206002709I,ASIAS,ASIAS,cruise
20040624016459I,ASIAS,ASIAS,cruise
20000503033649I,ASIAS,ASIAS,taxi
20020402005509I,ASIAS,ASIAS,taxi
20020614015549I,ASIAS,ASIAS,landing
20071101826149I,ASIAS,ASIAS,descent
20050607009629A,ASIAS,ASIAS,landing
20030223003129I,ASIAS,ASIAS,taxi
20000110000659I,ASIAS,ASIAS,cruise
20020309037559A,ASIAS,ASIAS,takeoff
20060728018319I,ASIAS,ASIAS,taxi
20010909038089I,ASIAS,ASIAS,takeoff
20000128000929I,ASIAS,ASIAS,landing
20000315015589I,ASIAS,ASIAS,parked_or_ground_service
20000212002429I,ASIAS,ASIAS,descent
20000628028249I,ASIAS,ASIAS,taxi
20031005027599I,ASIAS,ASIAS,climb
20031007025842A,ASIAS,ASIAS,taxi
20000419001829I,ASIAS,ASIAS,takeoff
20001222029259I,ASIAS,ASIAS,parked_or_ground_service
20031124036469I,ASIAS,ASIAS,taxi
20010812028419I,ASIAS,ASIAS,climb
20020930025319I,ASIAS,ASIAS,cruise
20061024021079I,ASIAS,ASIAS,pushback_or_towing
20050831023129I,ASIAS,ASIAS,taxi
20060908021582A,ASIAS,ASIAS,taxi
20001005031799I,ASIAS,ASIAS,taxi
20050831023019I,ASIAS,ASIAS,taxi
20060728014379A,ASIAS,ASIAS,landing
20060212004629I,ASIAS,ASIAS,parked_or_ground_service
20050829019919A,ASIAS,ASIAS,taxi
20080405832239I,ASIAS,ASIAS,unknown
20030207001969I,ASIAS,ASIAS,approach
20040830021459A,ASIAS,ASIAS,landing
20050409007049I,ASIAS,ASIAS,takeoff
20020418007189I,ASIAS,ASIAS,parked_or_ground_service
20010820026919I,ASIAS,ASIAS,landing
20030414007329I,ASIAS,ASIAS,taxi
20050829019959A,ASIAS,ASIAS,taxi
20001016031469I,ASIAS,ASIAS,landing
20040303002549I,ASIAS,ASIAS,takeoff
20040201003099A,ASIAS,ASIAS,parked_or_ground_service
20001216036579I,ASIAS,ASIAS,landing
20000523033449I,ASIAS,ASIAS,taxi
20000904030749I,ASIAS,ASIAS,pushback_or_towing
20050709020229I,ASIAS,ASIAS,taxi
20000914027359I,ASIAS,ASIAS,taxi
20080727842109I,ASIAS,ASIAS,parked_or_ground_service
20040409014969I,ASIAS,ASIAS,parked_or_ground_service
20021110032959I,ASIAS,ASIAS,descent
20000112000019I,ASIAS,ASIAS,taxi
20060315003269I,ASIAS,ASIAS,cruise
20021022030119I,ASIAS,ASIAS,taxi
20030628022079I,ASIAS,ASIAS,descent
20050820027299A,ASIAS,ASIAS,taxi
20020121004539I,ASIAS,ASIAS,approach
20060313005579I,ASIAS,ASIAS,landing
20080420833149I,ASIAS,ASIAS,climb
20040303003429I,ASIAS,ASIAS,landing
20010519013549I,ASIAS,ASIAS,takeoff
20040213001379I,ASIAS,ASIAS,cruise
20030201002059I,ASIAS,ASIAS,landing
20020512008419I,ASIAS,ASIAS,taxi
20000822043129A,ASIAS,ASIAS,descent
20050808026099A,ASIAS,ASIAS,taxi
20010126005429I,ASIAS,ASIAS,taxi
20030428020479I,ASIAS,ASIAS,landing
20010105000709I,ASIAS,ASIAS,taxi
20050701012579I,ASIAS,ASIAS,climb
20020116008109I,ASIAS,ASIAS,taxi
20010727020211I,ASIAS,ASIAS,takeoff
20000716035449I,ASIAS,ASIAS,landing
20000622035789I,ASIAS,ASIAS,cruise
20060119001329I,ASIAS,ASIAS,parked_or_ground_service
20061207028729I,ASIAS,ASIAS,landing
20031008032049I,ASIAS,ASIAS,parked_or_ground_service
20001208030589I,ASIAS,ASIAS,unknown
20000605033639I,ASIAS,ASIAS,takeoff
20051125028269I,ASIAS,ASIAS,taxi
20060319008279I,ASIAS,ASIAS,climb
20060825024369I,ASIAS,ASIAS,taxi
20001002030299I,ASIAS,ASIAS,taxi
20080203010179I,ASIAS,ASIAS,landing
20001108028059I,ASIAS,ASIAS,taxi
20060409012809I,ASIAS,ASIAS,takeoff
20020810020829I,ASIAS,ASIAS,approach
20080222839409I,ASIAS,ASIAS,descent
20030105000449I,ASIAS,ASIAS,takeoff
20020917026659I,ASIAS,ASIAS,unknown
20030819021769A,ASIAS,ASIAS,landing
20060512009759I,ASIAS,ASIAS,taxi
20040125000599I,ASIAS,ASIAS,taxi
20080512836529I,ASIAS,ASIAS,climb
20061011021509A,ASIAS,ASIAS,landing
20000627032909I,ASIAS,ASIAS,landing
20021024033449I,ASIAS,ASIAS,unknown
20051227033539I,ASIAS,ASIAS,landing
20010605022959I,ASIAS,ASIAS,landing
20000229020239I,ASIAS,ASIAS,landing
20040611014779I,ASIAS,ASIAS,landing
20001221024179I,ASIAS,ASIAS,landing
20080228013929I,ASIAS,ASIAS,taxi
20010412014909I,ASIAS,ASIAS,landing
20080203010389A,ASIAS,ASIAS,descent
20060717024869I,ASIAS,ASIAS,climb
20000808024109I,ASIAS,ASIAS,takeoff
20010827027219I,ASIAS,ASIAS,landing
20001213028239I,ASIAS,ASIAS,takeoff
20080125010209I,ASIAS,ASIAS,climb
20080217011261A,ASIAS,ASIAS,parked_or_ground_service
20021102034669I,ASIAS,ASIAS,approach
20080129009879I,ASIAS,ASIAS,climb
20050803016821I,ASIAS,ASIAS,pushback_or_towing
20050803016822I,ASIAS,ASIAS,pushback_or_towing
20070825829649I,ASIAS,ASIAS,cruise
20001120022069I,ASIAS,ASIAS,parked_or_ground_service
20051125032509I,ASIAS,ASIAS,taxi
20040113002099I,ASIAS,ASIAS,cruise
20001220041679A,ASIAS,ASIAS,unknown
20000203038769A,ASIAS,ASIAS,cruise
20020123009389I,ASIAS,ASIAS,parked_or_ground_service
20050119000869I,ASIAS,ASIAS,parked_or_ground_service
20020221003989I,ASIAS,ASIAS,unknown
20010219012309I,ASIAS,ASIAS,climb
20050126001869I,ASIAS,ASIAS,parked_or_ground_service
20041029028739I,ASIAS,ASIAS,landing
20050726031629I,ASIAS,ASIAS,parked_or_ground_service
20000321001709I,ASIAS,ASIAS,landing
20030717016449I,ASIAS,ASIAS,climb
20070125001359I,ASIAS,ASIAS,taxi
20020130001349I,ASIAS,ASIAS,landing
20000704021749I,ASIAS,ASIAS,cruise
20050103000129I,ASIAS,ASIAS,landing
20041101027189I,ASIAS,ASIAS,approach
20040616011429I,ASIAS,ASIAS,parked_or_ground_service
20040324011669I,ASIAS,ASIAS,landing
20030420009679I,ASIAS,ASIAS,parked_or_ground_service
20020707022069I,ASIAS,ASIAS,climb
20030815024069I,ASIAS,ASIAS,climb
20010106000319I,ASIAS,ASIAS,takeoff
20021122031669I,ASIAS,ASIAS,climb
20010221002659I,ASIAS,ASIAS,parked_or_ground_service
20060415009719I,ASIAS,ASIAS,takeoff
20060611013829I,ASIAS,ASIAS,pushback_or_towing
20040324009519I,ASIAS,ASIAS,landing
20000202002499I,ASIAS,ASIAS,landing
20051020029749I,ASIAS,ASIAS,taxi
20000619035799I,ASIAS,ASIAS,cruise
20040419005299I,ASIAS,ASIAS,landing
20000726021919I,ASIAS,ASIAS,landing
20030816024099I,ASIAS,ASIAS,landing
20071225829119A,ASIAS,ASIAS,cruise
20010923028089I,ASIAS,ASIAS,taxi
20021015032499I,ASIAS,ASIAS,cruise
20060430007199A,ASIAS,ASIAS,taxi
20070826018419I,ASIAS,ASIAS,taxi
20020214003979I,ASIAS,ASIAS,taxi
20020614027159I,ASIAS,ASIAS,taxi
20041023030899I,ASIAS,ASIAS,climb
20080415832049I,ASIAS,ASIAS,climb
20030222002829I,ASIAS,ASIAS,cruise
20000727030429I,ASIAS,ASIAS,takeoff
20000530033289I,ASIAS,ASIAS,unknown
20020405010799I,ASIAS,ASIAS,parked_or_ground_service
20001229031759I,ASIAS,ASIAS,cruise
20040114001959I,ASIAS,ASIAS,landing
20040105000069I,ASIAS,ASIAS,taxi
20011215036639I,ASIAS,ASIAS,parked_or_ground_service
20020113004019I,ASIAS,ASIAS,taxi
20010821032669I,ASIAS,ASIAS,taxi
20001006018369I,ASIAS,ASIAS,descent
20000427022329I,ASIAS,ASIAS,takeoff
20031128032559I,ASIAS,ASIAS,taxi
20000802037589I,ASIAS,ASIAS,landing
20201020020109I,ASIAS,ASIAS,landing
20000616034139I,ASIAS,ASIAS,unknown
20011130032479I,ASIAS,ASIAS,taxi
20040203003089I,ASIAS,ASIAS,climb
20010612012809I,ASIAS,ASIAS,takeoff
20050922030889I,ASIAS,ASIAS,takeoff
20000216001539I,ASIAS,ASIAS,landing
20000723027699I,ASIAS,ASIAS,cruise
20020105001449I,ASIAS,ASIAS,landing
20000718035389I,ASIAS,ASIAS,climb
20020101000279I,ASIAS,ASIAS,climb
20010722021939I,ASIAS,ASIAS,takeoff
20050526007949I,ASIAS,ASIAS,cruise
20060518009919I,ASIAS,ASIAS,approach
20010809028229I,ASIAS,ASIAS,descent
20070412005169A,ASIAS,ASIAS,descent
20051015032639I,ASIAS,ASIAS,unknown
20020103038769I,ASIAS,ASIAS,climb
20031008029099I,ASIAS,ASIAS,climb
20030214005739I,ASIAS,ASIAS,approach
20071221829409A,ASIAS,ASIAS,parked_or_ground_service
20060320009319I,ASIAS,ASIAS,landing
20000620027549I,ASIAS,ASIAS,descent
20010304036739I,ASIAS,ASIAS,landing
20050221006359I,ASIAS,ASIAS,taxi
20040616012339I,ASIAS,ASIAS,approach
20030909024809I,ASIAS,ASIAS,cruise
20000927030009I,ASIAS,ASIAS,landing
20060321007369I,ASIAS,ASIAS,landing
20060905020909I,ASIAS,ASIAS,landing
20201230021489I,ASIAS,ASIAS,landing
20010619018149I,ASIAS,ASIAS,approach
20050510019479I,ASIAS,ASIAS,parked_or_ground_service
20000924037609I,ASIAS,ASIAS,takeoff
20021213035519I,ASIAS,ASIAS,descent
20010322009639I,ASIAS,ASIAS,taxi
20020725021649I,ASIAS,ASIAS,landing
20000119022679I,ASIAS,ASIAS,landing
20040526010379I,ASIAS,ASIAS,parked_or_ground_service
20000122003369I,ASIAS,ASIAS,taxi
20000713035089I,ASIAS,ASIAS,cruise
20070320003559I,ASIAS,ASIAS,parked_or_ground_service
20040910023079I,ASIAS,ASIAS,takeoff
20020104001569I,ASIAS,ASIAS,cruise
20051214029829A,ASIAS,ASIAS,pushback_or_towing
20011012029889I,ASIAS,ASIAS,parked_or_ground_service
20031216033949I,ASIAS,ASIAS,cruise
20020423008349I,ASIAS,ASIAS,climb
20010124002589I,ASIAS,ASIAS,landing
20001218025149I,ASIAS,ASIAS,cruise
20000612032309I,ASIAS,ASIAS,landing
20040623023579I,ASIAS,ASIAS,landing
20020713028499I,ASIAS,ASIAS,parked_or_ground_service
20010830026849I,ASIAS,ASIAS,takeoff
20080327831619I,ASIAS,ASIAS,takeoff
20080319832649I,ASIAS,ASIAS,cruise
20040409009269I,ASIAS,ASIAS,taxi
20010928027919I,ASIAS,ASIAS,landing
20071217831309I,ASIAS,ASIAS,takeoff
20070429008119I,ASIAS,ASIAS,climb
20060927028719I,ASIAS,ASIAS,landing
20000722034199I,ASIAS,ASIAS,landing
20001111038089I,ASIAS,ASIAS,cruise
20060727030729A,ASIAS,ASIAS,pushback_or_towing
20041221033089I,ASIAS,ASIAS,parked_or_ground_service
20010304003309I,ASIAS,ASIAS,climb
20060502007249I,ASIAS,ASIAS,takeoff
20000413023299I,ASIAS,ASIAS,climb
20030124006669I,ASIAS,ASIAS,landing
20060621016179I,ASIAS,ASIAS,climb
20010324005289I,ASIAS,ASIAS,landing
20021101029329I,ASIAS,ASIAS,climb
20080322837869I,ASIAS,ASIAS,descent
20000430016339I,ASIAS,ASIAS,landing
20001120044009A,ASIAS,ASIAS,unknown
20070312003149I,ASIAS,ASIAS,takeoff
20010704013559I,ASIAS,ASIAS,descent
20050117001589A,ASIAS,ASIAS,parked_or_ground_service
20040114002919I,ASIAS,ASIAS,landing
20030902021119A,ASIAS,ASIAS,landing
20070710017209A,ASIAS,ASIAS,parked_or_ground_service
20030912030559A,ASIAS,ASIAS,parked_or_ground_service
20080222012039I,ASIAS,ASIAS,takeoff
20070324004299I,ASIAS,ASIAS,taxi
20010830030329I,ASIAS,ASIAS,landing
20030924031009I,ASIAS,ASIAS,landing
20020430013159I,ASIAS,ASIAS,taxi
20040803021279I,ASIAS,ASIAS,parked_or_ground_service
20020209001049I,ASIAS,ASIAS,taxi
20070511010769I,ASIAS,ASIAS,unknown
20060827030719A,ASIAS,ASIAS,takeoff
20070727016479I,ASIAS,ASIAS,pushback_or_towing
20021130035189I,ASIAS,ASIAS,unknown
20010327008409I,ASIAS,ASIAS,descent
20080416832309I,ASIAS,ASIAS,takeoff
20041223034819I,ASIAS,ASIAS,parked_or_ground_service
20061226026159I,ASIAS,ASIAS,takeoff
20080213012489I,ASIAS,ASIAS,climb
20050706017799I,ASIAS,ASIAS,climb
20050819020349A,ASIAS,ASIAS,landing
20000709034939I,ASIAS,ASIAS,parked_or_ground_service
20050718019199I,ASIAS,ASIAS,landing
20030619019589I,ASIAS,ASIAS,cruise
20080125011129I,ASIAS,ASIAS,takeoff
20030515011899I,ASIAS,ASIAS,cruise
20050612013649A,ASIAS,ASIAS,landing
20000328001919I,ASIAS,ASIAS,landing
20020510018949I,ASIAS,ASIAS,landing
20070713011969I,ASIAS,ASIAS,climb
20010218004229I,ASIAS,ASIAS,landing
20031113035869I,ASIAS,ASIAS,landing
20020811037509A,ASIAS,ASIAS,climb
20040105000079I,ASIAS,ASIAS,taxi
20010416007469I,ASIAS,ASIAS,climb
20070223004699I,ASIAS,ASIAS,landing
20071223831369I,ASIAS,ASIAS,pushback_or_towing
20030607020529I,ASIAS,ASIAS,takeoff
20040404004999I,ASIAS,ASIAS,unknown
20030929026409I,ASIAS,ASIAS,parked_or_ground_service
20030215007589I,ASIAS,ASIAS,climb
20031113028689I,ASIAS,ASIAS,approach
20020522019049I,ASIAS,ASIAS,descent
20051220029759I,ASIAS,ASIAS,takeoff
20050705021619I,ASIAS,ASIAS,takeoff
20001201022039I,ASIAS,ASIAS,taxi
20031031028679I,ASIAS,ASIAS,climb
20000221022249I,ASIAS,ASIAS,descent
20030510011579I,ASIAS,ASIAS,descent
20010324006749I,ASIAS,ASIAS,pushback_or_towing
20021219033519I,ASIAS,ASIAS,parked_or_ground_service
20000217003429I,ASIAS,ASIAS,unknown
20060809019289I,ASIAS,ASIAS,unknown
20011116032879I,ASIAS,ASIAS,approach
20040813035189A,ASIAS,ASIAS,descent
20040206001159I,ASIAS,ASIAS,taxi
20000417001779I,ASIAS,ASIAS,landing
20040919025229I,ASIAS,ASIAS,descent
20060407006629I,ASIAS,ASIAS,cruise
20040408007939I,ASIAS,ASIAS,landing
20000830026849I,ASIAS,ASIAS,taxi
20051012026429A,ASIAS,ASIAS,taxi
20040305006859I,ASIAS,ASIAS,parked_or_ground_service
20051018023409I,ASIAS,ASIAS,taxi
20010826021789I,ASIAS,ASIAS,taxi
20000811027339I,ASIAS,ASIAS,approach
20041220033499A,ASIAS,ASIAS,pushback_or_towing
20000218002919I,ASIAS,ASIAS,cruise
20001129036519I,ASIAS,ASIAS,taxi
20030826021799I,ASIAS,ASIAS,approach
20070424011229A,ASIAS,ASIAS,pushback_or_towing
20001221037739I,ASIAS,ASIAS,cruise
20000226023309I,ASIAS,ASIAS,cruise
20061203029659A,ASIAS,ASIAS,taxi
20030529017059I,ASIAS,ASIAS,landing
20060924019699I,ASIAS,ASIAS,taxi
20001120039659I,ASIAS,ASIAS,takeoff
20061005023699I,ASIAS,ASIAS,climb
20030801020079A,ASIAS,ASIAS,pushback_or_towing
20001213021609I,ASIAS,ASIAS,climb
20001029024639I,ASIAS,ASIAS,parked_or_ground_service
20060331011259I,ASIAS,ASIAS,approach
20050526013309I,ASIAS,ASIAS,approach
20020411008429I,ASIAS,ASIAS,approach
20050609013869I,ASIAS,ASIAS,landing
20040907030999I,ASIAS,ASIAS,descent
20200804013379I,ASIAS,ASIAS,landing
20050901032859A,ASIAS,ASIAS,takeoff
20080607834169I,ASIAS,ASIAS,unknown
20030301034319A,ASIAS,ASIAS,cruise
20060724023089A,ASIAS,ASIAS,pushback_or_towing
20031220036029I,ASIAS,ASIAS,climb
20030605017249I,ASIAS,ASIAS,landing
20050313004309I,ASIAS,ASIAS,approach
20000213003309I,ASIAS,ASIAS,landing
20021127035479I,ASIAS,ASIAS,pushback_or_towing
20030902020279I,ASIAS,ASIAS,parked_or_ground_service
20060303008299I,ASIAS,ASIAS,landing
20051108031929I,ASIAS,ASIAS,cruise
20060211009149I,ASIAS,ASIAS,landing
20010801020009I,ASIAS,ASIAS,takeoff
20040329004319I,ASIAS,ASIAS,approach
20040524011759I,ASIAS,ASIAS,takeoff
20071117832019I,ASIAS,ASIAS,climb
20051010025549I,ASIAS,ASIAS,unknown
20011005032699I,ASIAS,ASIAS,cruise
20021005031739I,ASIAS,ASIAS,parked_or_ground_service
20040918026289I,ASIAS,ASIAS,descent
20010302008469I,ASIAS,ASIAS,parked_or_ground_service
20010614023139I,ASIAS,ASIAS,taxi
20041228034279I,ASIAS,ASIAS,landing
20040918032249I,ASIAS,ASIAS,takeoff
20030110001139I,ASIAS,ASIAS,taxi
20050702019319I,ASIAS,ASIAS,climb
20030227002619I,ASIAS,ASIAS,parked_or_ground_service
20050316004729I,ASIAS,ASIAS,climb
20030508014979I,ASIAS,ASIAS,cruise
20010306005709I,ASIAS,ASIAS,cruise
20070723013599I,ASIAS,ASIAS,climb
20000305041579A,ASIAS,ASIAS,landing
20040927023879I,ASIAS,ASIAS,parked_or_ground_service
20010512015479I,ASIAS,ASIAS,cruise
20041129029259I,ASIAS,ASIAS,cruise
20040721017019A,ASIAS,ASIAS,cruise
20010104000889I,ASIAS,ASIAS,cruise
20000616033779I,ASIAS,ASIAS,climb
20020530011759I,ASIAS,ASIAS,unknown
20031026028409I,ASIAS,ASIAS,unknown
20031202033139I,ASIAS,ASIAS,parked_or_ground_service
20000602020479I,ASIAS,ASIAS,landing
20000905027259I,ASIAS,ASIAS,descent
20051012026399A,ASIAS,ASIAS,taxi
20011013028359I,ASIAS,ASIAS,cruise
20010316004949I,ASIAS,ASIAS,landing
20010804024349I,ASIAS,ASIAS,unknown
20030120001339I,ASIAS,ASIAS,approach
20000307001029I,ASIAS,ASIAS,takeoff
20001026018619I,ASIAS,ASIAS,descent
20031202033289A,ASIAS,ASIAS,parked_or_ground_service
20020923028509I,ASIAS,ASIAS,approach
20020217003559I,ASIAS,ASIAS,landing
20060913020689I,ASIAS,ASIAS,parked_or_ground_service
20020326004329I,ASIAS,ASIAS,landing
20000829028349I,ASIAS,ASIAS,taxi
20010114000379I,ASIAS,ASIAS,unknown
20020117000559I,ASIAS,ASIAS,parked_or_ground_service
20050909024959I,ASIAS,ASIAS,cruise
20000809035889I,ASIAS,ASIAS,landing
20030923029889I,ASIAS,ASIAS,climb
20070406014429I,ASIAS,ASIAS,climb
20030925031499I,ASIAS,ASIAS,taxi
20030304002439I,ASIAS,ASIAS,climb
20010211002559I,ASIAS,ASIAS,climb
20060719016239I,ASIAS,ASIAS,descent
20030303007419I,ASIAS,ASIAS,unknown
20080324837649I,ASIAS,ASIAS,descent
20040714027509I,ASIAS,ASIAS,climb
20020610011909I,ASIAS,ASIAS,parked_or_ground_service
20020305006309I,ASIAS,ASIAS,taxi
20020510018049I,ASIAS,ASIAS,landing
20020905029409I,ASIAS,ASIAS,takeoff
20030913024469I,ASIAS,ASIAS,landing
20021116034609I,ASIAS,ASIAS,unknown
20060513029749A,ASIAS,ASIAS,cruise
20021108035539I,ASIAS,ASIAS,cruise
20070329005549A,ASIAS,ASIAS,landing
20061226027309I,ASIAS,ASIAS,landing
20040721020559I,ASIAS,ASIAS,parked_or_ground_service
20040327005989I,ASIAS,ASIAS,parked_or_ground_service
20020202000999I,ASIAS,ASIAS,cruise
20070604016919I,ASIAS,ASIAS,pushback_or_towing
20000630034929I,ASIAS,ASIAS,taxi
20020516027239I,ASIAS,ASIAS,climb
20050213006089I,ASIAS,ASIAS,landing
20060323013409I,ASIAS,ASIAS,landing
20000212003239I,ASIAS,ASIAS,parked_or_ground_service
20000715035499I,ASIAS,ASIAS,landing
20010317039169A,ASIAS,ASIAS,unknown
20000315016899I,ASIAS,ASIAS,taxi
20030628021789I,ASIAS,ASIAS,cruise
20050614014859I,ASIAS,ASIAS,cruise
20080211833029I,ASIAS,ASIAS,approach
20031218037819A,ASIAS,ASIAS,landing
20000427017119I,ASIAS,ASIAS,cruise
20000712034079I,ASIAS,ASIAS,descent
20020325020589I,ASIAS,ASIAS,taxi
20000525016589I,ASIAS,ASIAS,taxi
20040919034489A,ASIAS,ASIAS,approach
20030204006139I,ASIAS,ASIAS,cruise
20050218002669I,ASIAS,ASIAS,taxi
20020726027129I,ASIAS,ASIAS,unknown
20051021033279I,ASIAS,ASIAS,unknown
20030625011829I,ASIAS,ASIAS,climb
20001212026559I,ASIAS,ASIAS,approach
20020531012959I,ASIAS,ASIAS,takeoff
20000714034869I,ASIAS,ASIAS,climb
20200316001349I,ASIAS,ASIAS,climb
20050220003439I,ASIAS,ASIAS,taxi
20041111028689I,ASIAS,ASIAS,climb
20001108036269I,ASIAS,ASIAS,cruise
20080316012429I,ASIAS,ASIAS,climb
20011024034799I,ASIAS,ASIAS,landing
20070928832029A,ASIAS,ASIAS,approach
20020114000489I,ASIAS,ASIAS,cruise
20020309011739I,ASIAS,ASIAS,pushback_or_towing
20001007038359I,ASIAS,ASIAS,cruise
20070530013049A,ASIAS,ASIAS,landing
20030822018579I,ASIAS,ASIAS,parked_or_ground_service
20000914028819I,ASIAS,ASIAS,cruise
20070717015229I,ASIAS,ASIAS,taxi
20061025028539I,ASIAS,ASIAS,unknown
20001025031419I,ASIAS,ASIAS,takeoff
20020302005869I,ASIAS,ASIAS,parked_or_ground_service
20010911039199A,ASIAS,ASIAS,unknown
20010911039189A,ASIAS,ASIAS,unknown
20010627017479I,ASIAS,ASIAS,climb
20040227008209I,ASIAS,ASIAS,cruise
20001221026459I,ASIAS,ASIAS,takeoff
20060704018609I,ASIAS,ASIAS,takeoff
20061025022749I,ASIAS,ASIAS,landing
20030411004249I,ASIAS,ASIAS,pushback_or_towing
20050627011979I,ASIAS,ASIAS,parked_or_ground_service
20030731024139I,ASIAS,ASIAS,pushback_or_towing
20080121011649I,ASIAS,ASIAS,approach
20011129031609I,ASIAS,ASIAS,climb
20001006031409I,ASIAS,ASIAS,climb
20001010026639I,ASIAS,ASIAS,unknown
20000124000959I,ASIAS,ASIAS,parked_or_ground_service
20030612015339I,ASIAS,ASIAS,landing
20000920021579I,ASIAS,ASIAS,parked_or_ground_service
20020807036979I,ASIAS,ASIAS,approach
20011201038379I,ASIAS,ASIAS,takeoff
20020523019639I,ASIAS,ASIAS,climb
20040731022769I,ASIAS,ASIAS,taxi
20001127031519I,ASIAS,ASIAS,descent
20050820021439I,ASIAS,ASIAS,cruise
20011118032459I,ASIAS,ASIAS,cruise
20040617020529I,ASIAS,ASIAS,pushback_or_towing
20000403020199I,ASIAS,ASIAS,cruise
20031015026689I,ASIAS,ASIAS,approach
20040217010589I,ASIAS,ASIAS,descent
20041029028789I,ASIAS,ASIAS,cruise
20060205002429I,ASIAS,ASIAS,unknown
20020405008359I,ASIAS,ASIAS,approach
20080215832279I,ASIAS,ASIAS,descent
20020225012049I,ASIAS,ASIAS,parked_or_ground_service
20000219002939I,ASIAS,ASIAS,taxi
20080619834949I,ASIAS,ASIAS,cruise
20030223010089I,ASIAS,ASIAS,takeoff
20070906018679I,ASIAS,ASIAS,pushback_or_towing
20050607019039A,ASIAS,ASIAS,parked_or_ground_service
20031201031359I,ASIAS,ASIAS,approach
20010414009589I,ASIAS,ASIAS,pushback_or_towing
20031124029529I,ASIAS,ASIAS,taxi
20051010025679I,ASIAS,ASIAS,taxi
20000308001309I,ASIAS,ASIAS,takeoff
20070125003229I,ASIAS,ASIAS,parked_or_ground_service
20040401005249A,ASIAS,ASIAS,taxi
20050321008189I,ASIAS,ASIAS,parked_or_ground_service
20040306014959I,ASIAS,ASIAS,unknown
20050405014299I,ASIAS,ASIAS,climb
20021030030839I,ASIAS,ASIAS,unknown
20070205002049I,ASIAS,ASIAS,pushback_or_towing
20020614015849I,ASIAS,ASIAS,landing
20000213002619I,ASIAS,ASIAS,climb
20000717034439I,ASIAS,ASIAS,climb
20011116034929I,ASIAS,ASIAS,climb
20020515012389I,ASIAS,ASIAS,cruise
20021008028999I,ASIAS,ASIAS,taxi
20000219004319I,ASIAS,ASIAS,cruise
20020505008809I,ASIAS,ASIAS,takeoff
20001213039359I,ASIAS,ASIAS,taxi
20031006030719I,ASIAS,ASIAS,takeoff
20070819825929I,ASIAS,ASIAS,unknown
20061110023159I,ASIAS,ASIAS,parked_or_ground_service
20030602015539I,ASIAS,ASIAS,takeoff
20070210001439I,ASIAS,ASIAS,climb
20010326007609I,ASIAS,ASIAS,landing
20020809022469I,ASIAS,ASIAS,parked_or_ground_service
20010816021249I,ASIAS,ASIAS,parked_or_ground_service
20010712016619I,ASIAS,ASIAS,cruise
20070513008519I,ASIAS,ASIAS,climb
20050123000929I,ASIAS,ASIAS,climb
20080628839489A,ASIAS,ASIAS,parked_or_ground_service
20060530015759I,ASIAS,ASIAS,landing
20010613011449I,ASIAS,ASIAS,takeoff
20001006031709I,ASIAS,ASIAS,cruise
20020712037199I,ASIAS,ASIAS,taxi
20020911024109I,ASIAS,ASIAS,unknown
20080409014509I,ASIAS,ASIAS,pushback_or_towing
20000620033949I,ASIAS,ASIAS,taxi
20040525014689I,ASIAS,ASIAS,approach
20040529008599I,ASIAS,ASIAS,takeoff
20031116029039I,ASIAS,ASIAS,cruise
20011202033869I,ASIAS,ASIAS,unknown
20000121000639I,ASIAS,ASIAS,takeoff
20040918022829I,ASIAS,ASIAS,takeoff
20010411007659I,ASIAS,ASIAS,unknown
20060617029759A,ASIAS,ASIAS,parked_or_ground_service
20021001034579I,ASIAS,ASIAS,cruise
20020921029089I,ASIAS,ASIAS,landing
20070929829729I,ASIAS,ASIAS,climb
20031215035819I,ASIAS,ASIAS,climb
20080317833069I,ASIAS,ASIAS,landing
2317180,ASRS,ASRS,cruise
2322417,ASRS,ASRS,pushback_or_towing
1550462,ASRS,ASRS,approach
1546417,ASRS,ASRS,approach
847834,ASRS,ASRS,taxi
957138,ASRS,ASRS,climb
1876901,ASRS,ASRS,cruise
1876856,ASRS,ASRS,cruise
1409896,ASRS,ASRS,cruise
1409665,ASRS,ASRS,approach
929266,ASRS,ASRS,approach
1298683,ASRS,ASRS,descent
929660,ASRS,ASRS,landing
929575,ASRS,ASRS,landing
1131038,ASRS,ASRS,cruise
1130149,ASRS,ASRS,parked_or_ground_service
1129371,ASRS,ASRS,approach
957043,ASRS,ASRS,takeoff
1554017,ASRS,ASRS,climb
847201,ASRS,ASRS,climb
957890,ASRS,ASRS,parked_or_ground_service
1242312,ASRS,ASRS,unknown
1552129,ASRS,ASRS,approach
846884,ASRS,ASRS,approach
1327347,ASRS,ASRS,unknown
914902,ASRS,ASRS,cruise
1046633,ASRS,ASRS,approach
1557670,ASRS,ASRS,approach
1555036,ASRS,ASRS,cruise
846268,ASRS,ASRS,taxi
2316135,ASRS,ASRS,taxi
2315981,ASRS,ASRS,parked_or_ground_service
2305879,ASRS,ASRS,takeoff
2304857,ASRS,ASRS,climb
1046048,ASRS,ASRS,approach
1041174,ASRS,ASRS,cruise
1409450,ASRS,ASRS,approach
1410244,ASRS,ASRS,descent
1410005,ASRS,ASRS,approach
1877983,ASRS,ASRS,parked_or_ground_service
1877269,ASRS,ASRS,unknown
1879254,ASRS,ASRS,climb
1411812,ASRS,ASRS,approach
1411761,ASRS,ASRS,unknown
845853,ASRS,ASRS,approach
1562139,ASRS,ASRS,climb
1557529,ASRS,ASRS,climb
1240414,ASRS,ASRS,cruise
1239743,ASRS,ASRS,cruise
848679,ASRS,ASRS,descent
956817,ASRS,ASRS,unknown
1544870,ASRS,ASRS,landing
913986,ASRS,ASRS,climb
1412760,ASRS,ASRS,approach
879618,ASRS,ASRS,parked_or_ground_service
1881952,ASRS,ASRS,landing
1881545,ASRS,ASRS,cruise
1880955,ASRS,ASRS,cruise
1880910,ASRS,ASRS,climb
1880888,ASRS,ASRS,parked_or_ground_service
1880530,ASRS,ASRS,cruise
1409598,ASRS,ASRS,climb
1559774,ASRS,ASRS,cruise
1562196,ASRS,ASRS,descent
1562195,ASRS,ASRS,cruise
1559340,ASRS,ASRS,descent
846082,ASRS,ASRS,landing
1331276,ASRS,ASRS,parked_or_ground_service
1330996,ASRS,ASRS,climb
1134137,ASRS,ASRS,descent
1867076,ASRS,ASRS,approach
1869667,ASRS,ASRS,approach
993410,ASRS,ASRS,parked_or_ground_service
1412398,ASRS,ASRS,unknown
1137763,ASRS,ASRS,approach
1137249,ASRS,ASRS,climb
1137119,ASRS,ASRS,climb
993428,ASRS,ASRS,approach
2293409,ASRS,ASRS,approach
959261,ASRS,ASRS,approach
959260,ASRS,ASRS,climb
959227,ASRS,ASRS,parked_or_ground_service
848387,ASRS,ASRS,climb
1543542,ASRS,ASRS,approach
848715,ASRS,ASRS,unknown
2300564,ASRS,ASRS,landing
1330871,ASRS,ASRS,takeoff
1323552,ASRS,ASRS,landing
1238259,ASRS,ASRS,approach
1237849,ASRS,ASRS,approach
1564295,ASRS,ASRS,unknown
849103,ASRS,ASRS,climb
956080,ASRS,ASRS,approach
1867811,ASRS,ASRS,taxi
1867341,ASRS,ASRS,approach
878646,ASRS,ASRS,approach
1414397,ASRS,ASRS,taxi
1413537,ASRS,ASRS,climb
1414839,ASRS,ASRS,climb
996096,ASRS,ASRS,climb
1881453,ASRS,ASRS,takeoff
1870745,ASRS,ASRS,approach
1140346,ASRS,ASRS,cruise
992828,ASRS,ASRS,takeoff
1872787,ASRS,ASRS,pushback_or_towing
1872593,ASRS,ASRS,unknown
1297240,ASRS,ASRS,unknown
1416854,ASRS,ASRS,parked_or_ground_service
632820,ASRS,ASRS,parked_or_ground_service
1407592,ASRS,ASRS,approach
1406975,ASRS,ASRS,pushback_or_towing
844629,ASRS,ASRS,parked_or_ground_service
1568451,ASRS,ASRS,unknown
1539992,ASRS,ASRS,cruise
1539979,ASRS,ASRS,descent
1564644,ASRS,ASRS,unknown
1408599,ASRS,ASRS,approach
1882772,ASRS,ASRS,climb
617948,ASRS,ASRS,climb
1885934,ASRS,ASRS,cruise
1884529,ASRS,ASRS,unknown
2280326,ASRS,ASRS,climb
2279951,ASRS,ASRS,approach
843807,ASRS,ASRS,approach
844471,ASRS,ASRS,taxi
1246657,ASRS,ASRS,parked_or_ground_service
956159,ASRS,ASRS,unknown
473765,ASRS,ASRS,parked_or_ground_service
1887693,ASRS,ASRS,descent
1300752,ASRS,ASRS,approach
1300700,ASRS,ASRS,climb
1300686,ASRS,ASRS,approach
929021,ASRS,ASRS,takeoff
1407596,ASRS,ASRS,approach
1124958,ASRS,ASRS,descent
1049853,ASRS,ASRS,descent
2273417,ASRS,ASRS,approach
849466,ASRS,ASRS,approach
1538375,ASRS,ASRS,unknown
1538349,ASRS,ASRS,climb
1538089,ASRS,ASRS,climb
1537890,ASRS,ASRS,climb
1569742,ASRS,ASRS,parked_or_ground_service
1569469,ASRS,ASRS,climb
1323300,ASRS,ASRS,approach
1323954,ASRS,ASRS,taxi
878111,ASRS,ASRS,taxi
1295786,ASRS,ASRS,climb
1294461,ASRS,ASRS,parked_or_ground_service
1862274,ASRS,ASRS,parked_or_ground_service
1403883,ASRS,ASRS,climb
1889770,ASRS,ASRS,climb
1888011,ASRS,ASRS,cruise
991140,ASRS,ASRS,approach
1572793,ASRS,ASRS,approach
1571794,ASRS,ASRS,approach
843980,ASRS,ASRS,approach
1573591,ASRS,ASRS,takeoff
844191,ASRS,ASRS,climb
1864086,ASRS,ASRS,climb
1864033,ASRS,ASRS,landing
1892421,ASRS,ASRS,takeoff
1418611,ASRS,ASRS,climb
961512,ASRS,ASRS,cruise
1574155,ASRS,ASRS,climb
1574128,ASRS,ASRS,cruise
2266855,ASRS,ASRS,approach
1051114,ASRS,ASRS,approach
916413,ASRS,ASRS,descent
850287,ASRS,ASRS,approach
1248088,ASRS,ASRS,descent
877752,ASRS,ASRS,takeoff
1294203,ASRS,ASRS,taxi
1142116,ASRS,ASRS,approach
928330,ASRS,ASRS,climb
928300,ASRS,ASRS,climb
1301295,ASRS,ASRS,takeoff
1891122,ASRS,ASRS,descent
1855349,ASRS,ASRS,parked_or_ground_service
1248641,ASRS,ASRS,approach
1535138,ASRS,ASRS,unknown
1534601,ASRS,ASRS,cruise
1535298,ASRS,ASRS,approach
1573968,ASRS,ASRS,approach
1576625,ASRS,ASRS,takeoff
1052695,ASRS,ASRS,parked_or_ground_service
637551,ASRS,ASRS,approach
1858899,ASRS,ASRS,climb
1858187,ASRS,ASRS,approach
1419447,ASRS,ASRS,approach
1419443,ASRS,ASRS,unknown
990237,ASRS,ASRS,takeoff
1122380,ASRS,ASRS,takeoff
1122232,ASRS,ASRS,approach
2260879,ASRS,ASRS,landing
962218,ASRS,ASRS,taxi
1052175,ASRS,ASRS,cruise
1038336,ASRS,ASRS,descent
1051545,ASRS,ASRS,cruise
2263090,ASRS,ASRS,takeoff
1036263,ASRS,ASRS,approach
1053870,ASRS,ASRS,climb
1053830,ASRS,ASRS,unknown
1053109,ASRS,ASRS,approach
1893730,ASRS,ASRS,unknown
1893194,ASRS,ASRS,climb
877092,ASRS,ASRS,approach
875721,ASRS,ASRS,parked_or_ground_service
1851021,ASRS,ASRS,takeoff
1400681,ASRS,ASRS,cruise
882388,ASRS,ASRS,cruise
1893097,ASRS,ASRS,climb
1893085,ASRS,ASRS,approach
1579045,ASRS,ASRS,approach
842937,ASRS,ASRS,climb
842393,ASRS,ASRS,unknown
1533375,ASRS,ASRS,approach
1249901,ASRS,ASRS,approach
1249351,ASRS,ASRS,approach
1248747,ASRS,ASRS,approach
2266100,ASRS,ASRS,pushback_or_towing
910961,ASRS,ASRS,cruise
932134,ASRS,ASRS,approach
874883,ASRS,ASRS,parked_or_ground_service
1895244,ASRS,ASRS,climb
1893956,ASRS,ASRS,taxi
1893881,ASRS,ASRS,descent
1582580,ASRS,ASRS,unknown
1251357,ASRS,ASRS,cruise
2263395,ASRS,ASRS,approach
1054314,ASRS,ASRS,climb
1037301,ASRS,ASRS,climb
1233224,ASRS,ASRS,approach
1233088,ASRS,ASRS,approach
1420514,ASRS,ASRS,approach
1145948,ASRS,ASRS,taxi
1145938,ASRS,ASRS,taxi
1895833,ASRS,ASRS,parked_or_ground_service
1895766,ASRS,ASRS,climb
641471,ASRS,ASRS,descent
1841555,ASRS,ASRS,approach
931878,ASRS,ASRS,unknown
1901271,ASRS,ASRS,parked_or_ground_service
1900688,ASRS,ASRS,approach
1896181,ASRS,ASRS,parked_or_ground_service
1121208,ASRS,ASRS,cruise
932721,ASRS,ASRS,takeoff
851203,ASRS,ASRS,cruise
841862,ASRS,ASRS,approach
1581939,ASRS,ASRS,approach
1582818,ASRS,ASRS,approach
841759,ASRS,ASRS,approach
2261953,ASRS,ASRS,climb
645520,ASRS,ASRS,landing
1423350,ASRS,ASRS,approach
1422677,ASRS,ASRS,cruise
1291779,ASRS,ASRS,landing
1398179,ASRS,ASRS,cruise
1399935,ASRS,ASRS,takeoff
1898859,ASRS,ASRS,climb
1898214,ASRS,ASRS,descent
911178,ASRS,ASRS,climb
911083,ASRS,ASRS,approach
1231910,ASRS,ASRS,climb
963308,ASRS,ASRS,taxi
917057,ASRS,ASRS,approach
1323068,ASRS,ASRS,approach
2251900,ASRS,ASRS,climb
2251468,ASRS,ASRS,cruise
1584265,ASRS,ASRS,takeoff
1829214,ASRS,ASRS,approach
1828803,ASRS,ASRS,cruise
989059,ASRS,ASRS,descent
1904871,ASRS,ASRS,climb
1900237,ASRS,ASRS,parked_or_ground_service
999019,ASRS,ASRS,takeoff
998888,ASRS,ASRS,taxi
1398203,ASRS,ASRS,unknown
1529333,ASRS,ASRS,cruise
1584583,ASRS,ASRS,climb
1584037,ASRS,ASRS,unknown
1232575,ASRS,ASRS,unknown
1231914,ASRS,ASRS,unknown
2248059,ASRS,ASRS,climb
1055883,ASRS,ASRS,cruise
1036134,ASRS,ASRS,descent
1427007,ASRS,ASRS,climb
1828389,ASRS,ASRS,taxi
1827576,ASRS,ASRS,takeoff
1826670,ASRS,ASRS,parked_or_ground_service
1906728,ASRS,ASRS,cruise
883803,ASRS,ASRS,takeoff
883795,ASRS,ASRS,pushback_or_towing
1903198,ASRS,ASRS,cruise
2245213,ASRS,ASRS,approach
1230663,ASRS,ASRS,parked_or_ground_service
964185,ASRS,ASRS,taxi
1230301,ASRS,ASRS,takeoff
1252345,ASRS,ASRS,taxi
1530288,ASRS,ASRS,parked_or_ground_service
1902041,ASRS,ASRS,cruise
1901875,ASRS,ASRS,parked_or_ground_service
987846,ASRS,ASRS,landing
988391,ASRS,ASRS,cruise
1821354,ASRS,ASRS,climb
1119041,ASRS,ASRS,approach
1118670,ASRS,ASRS,approach
1035162,ASRS,ASRS,descent
1228234,ASRS,ASRS,approach
1588003,ASRS,ASRS,approach
1589075,ASRS,ASRS,landing
1587139,ASRS,ASRS,approach
1327911,ASRS,ASRS,unknown
910489,ASRS,ASRS,approach
2238876,ASRS,ASRS,climb
1825720,ASRS,ASRS,approach
1824526,ASRS,ASRS,climb
1823945,ASRS,ASRS,cruise
1823199,ASRS,ASRS,takeoff
1303547,ASRS,ASRS,approach
1303487,ASRS,ASRS,climb
1303147,ASRS,ASRS,descent
1302961,ASRS,ASRS,climb
927485,ASRS,ASRS,taxi
1397805,ASRS,ASRS,cruise
1906163,ASRS,ASRS,approach
1905846,ASRS,ASRS,cruise
839501,ASRS,ASRS,climb
1524063,ASRS,ASRS,cruise
1525793,ASRS,ASRS,approach
1588904,ASRS,ASRS,approach
917302,ASRS,ASRS,parked_or_ground_service
2235512,ASRS,ASRS,cruise
1254113,ASRS,ASRS,takeoff
1591769,ASRS,ASRS,climb
1591395,ASRS,ASRS,parked_or_ground_service
1591358,ASRS,ASRS,takeoff
910121,ASRS,ASRS,parked_or_ground_service
1330473,ASRS,ASRS,climb
1330358,ASRS,ASRS,unknown
1329734,ASRS,ASRS,descent
2233354,ASRS,ASRS,approach
1592865,ASRS,ASRS,descent
1822205,ASRS,ASRS,climb
988108,ASRS,ASRS,climb
1428180,ASRS,ASRS,cruise
1427663,ASRS,ASRS,cruise
1427302,ASRS,ASRS,unknown
1909015,ASRS,ASRS,cruise
1907185,ASRS,ASRS,descent
1033884,ASRS,ASRS,cruise
1033738,ASRS,ASRS,climb
1595786,ASRS,ASRS,climb
1329350,ASRS,ASRS,cruise
1329324,ASRS,ASRS,approach
1320913,ASRS,ASRS,cruise
2227845,ASRS,ASRS,descent
999793,ASRS,ASRS,climb
1814266,ASRS,ASRS,approach
1813934,ASRS,ASRS,approach
1817538,ASRS,ASRS,climb
884190,ASRS,ASRS,takeoff
883561,ASRS,ASRS,parked_or_ground_service
1396110,ASRS,ASRS,unknown
1395545,ASRS,ASRS,parked_or_ground_service
1000517,ASRS,ASRS,parked_or_ground_service
1331217,ASRS,ASRS,climb
1225179,ASRS,ASRS,parked_or_ground_service
853017,ASRS,ASRS,climb
1254907,ASRS,ASRS,cruise
1523724,ASRS,ASRS,approach
1226705,ASRS,ASRS,cruise
1226699,ASRS,ASRS,cruise
1594199,ASRS,ASRS,approach
1816958,ASRS,ASRS,parked_or_ground_service
1429840,ASRS,ASRS,descent
1429605,ASRS,ASRS,approach
1116807,ASRS,ASRS,cruise
1811827,ASRS,ASRS,climb
1811543,ASRS,ASRS,approach
1811457,ASRS,ASRS,takeoff
1290705,ASRS,ASRS,takeoff
1290644,ASRS,ASRS,approach
1290282,ASRS,ASRS,takeoff
1808272,ASRS,ASRS,cruise
1303872,ASRS,ASRS,taxi
1303695,ASRS,ASRS,parked_or_ground_service
926923,ASRS,ASRS,cruise
1060838,ASRS,ASRS,taxi
1596615,ASRS,ASRS,cruise
1226133,ASRS,ASRS,climb
1225454,ASRS,ASRS,approach
2228819,ASRS,ASRS,cruise
1060088,ASRS,ASRS,parked_or_ground_service
1912128,ASRS,ASRS,climb
1916153,ASRS,ASRS,unknown
1811004,ASRS,ASRS,descent
1810944,ASRS,ASRS,cruise
1804760,ASRS,ASRS,approach
1148813,ASRS,ASRS,takeoff
1148640,ASRS,ASRS,approach
1918413,ASRS,ASRS,climb
1915630,ASRS,ASRS,parked_or_ground_service
1520570,ASRS,ASRS,takeoff
1522790,ASRS,ASRS,approach
1521926,ASRS,ASRS,takeoff
1521830,ASRS,ASRS,landing
853054,ASRS,ASRS,taxi
853039,ASRS,ASRS,climb
1598327,ASRS,ASRS,unknown
1598186,ASRS,ASRS,taxi
1331001,ASRS,ASRS,cruise
1320299,ASRS,ASRS,parked_or_ground_service
1320039,ASRS,ASRS,approach
853410,ASRS,ASRS,parked_or_ground_service
852991,ASRS,ASRS,cruise
966739,ASRS,ASRS,unknown
1223893,ASRS,ASRS,cruise
967070,ASRS,ASRS,climb
1917406,ASRS,ASRS,parked_or_ground_service
1917366,ASRS,ASRS,taxi
600857,ASRS,ASRS,cruise
1916489,ASRS,ASRS,parked_or_ground_service
1919611,ASRS,ASRS,cruise
1431311,ASRS,ASRS,climb
1431261,ASRS,ASRS,cruise
1149569,ASRS,ASRS,cruise
1391454,ASRS,ASRS,descent
1390415,ASRS,ASRS,parked_or_ground_service
885522,ASRS,ASRS,climb
885466,ASRS,ASRS,climb
836334,ASRS,ASRS,taxi
966991,ASRS,ASRS,descent
1255136,ASRS,ASRS,approach
1600715,ASRS,ASRS,approach
1334273,ASRS,ASRS,approach
1334206,ASRS,ASRS,climb
1063672,ASRS,ASRS,descent
1392127,ASRS,ASRS,approach
1392092,ASRS,ASRS,pushback_or_towing
1149493,ASRS,ASRS,unknown
1804712,ASRS,ASRS,descent
1434053,ASRS,ASRS,approach
1002216,ASRS,ASRS,approach
1115085,ASRS,ASRS,climb
1114578,ASRS,ASRS,takeoff
1256415,ASRS,ASRS,unknown
1256155,ASRS,ASRS,cruise
1256128,ASRS,ASRS,descent
1256107,ASRS,ASRS,approach
1603975,ASRS,ASRS,approach
835731,ASRS,ASRS,cruise
1031999,ASRS,ASRS,taxi
2205470,ASRS,ASRS,descent
2203982,ASRS,ASRS,landing
853367,ASRS,ASRS,descent
1434798,ASRS,ASRS,cruise
1434628,ASRS,ASRS,landing
1799686,ASRS,ASRS,climb
1289395,ASRS,ASRS,cruise
1389190,ASRS,ASRS,climb
1221606,ASRS,ASRS,taxi
967541,ASRS,ASRS,climb
952490,ASRS,ASRS,approach
2210517,ASRS,ASRS,takeoff
2208593,ASRS,ASRS,cruise
1333888,ASRS,ASRS,approach
1333754,ASRS,ASRS,cruise
1317734,ASRS,ASRS,climb
2201642,ASRS,ASRS,climb
870338,ASRS,ASRS,landing
870180,ASRS,ASRS,takeoff
870479,ASRS,ASRS,approach
1437486,ASRS,ASRS,takeoff
1788464,ASRS,ASRS,pushback_or_towing
1113650,ASRS,ASRS,pushback_or_towing
1934023,ASRS,ASRS,landing
1927207,ASRS,ASRS,taxi
1221334,ASRS,ASRS,climb
1516979,ASRS,ASRS,taxi
1516745,ASRS,ASRS,takeoff
1516715,ASRS,ASRS,cruise
497876,ASRS,ASRS,cruise
1065588,ASRS,ASRS,takeoff
1063841,ASRS,ASRS,taxi
1924826,ASRS,ASRS,takeoff
935133,ASRS,ASRS,climb
1305550,ASRS,ASRS,cruise
885419,ASRS,ASRS,landing
1002607,ASRS,ASRS,approach
1066833,ASRS,ASRS,cruise
1066819,ASRS,ASRS,descent
1066801,ASRS,ASRS,approach
1316987,ASRS,ASRS,unknown
1607708,ASRS,ASRS,approach
1607543,ASRS,ASRS,approach
1606129,ASRS,ASRS,cruise
918807,ASRS,ASRS,approach
1317358,ASRS,ASRS,takeoff
1317314,ASRS,ASRS,parked_or_ground_service
1113770,ASRS,ASRS,descent
1781737,ASRS,ASRS,approach
1784530,ASRS,ASRS,parked_or_ground_service
1440428,ASRS,ASRS,cruise
1780604,ASRS,ASRS,climb
1112567,ASRS,ASRS,climb
1111719,ASRS,ASRS,descent
1113274,ASRS,ASRS,parked_or_ground_service
1386960,ASRS,ASRS,landing
1610776,ASRS,ASRS,cruise
1220314,ASRS,ASRS,approach
1609117,ASRS,ASRS,unknown
1259008,ASRS,ASRS,approach
1515888,ASRS,ASRS,unknown
1606694,ASRS,ASRS,cruise
2199402,ASRS,ASRS,descent
1029240,ASRS,ASRS,climb
1316936,ASRS,ASRS,takeoff
906034,ASRS,ASRS,approach
1067354,ASRS,ASRS,cruise
2200410,ASRS,ASRS,approach
1152849,ASRS,ASRS,climb
1783091,ASRS,ASRS,cruise
1154057,ASRS,ASRS,unknown
1153619,ASRS,ASRS,approach
1154757,ASRS,ASRS,approach
1154567,ASRS,ASRS,approach
1943473,ASRS,ASRS,takeoff
1441667,ASRS,ASRS,approach
869210,ASRS,ASRS,parked_or_ground_service
869209,ASRS,ASRS,cruise
1286956,ASRS,ASRS,climb
936937,ASRS,ASRS,climb
937376,ASRS,ASRS,takeoff
925811,ASRS,ASRS,climb
1616049,ASRS,ASRS,parked_or_ground_service
820362,ASRS,ASRS,parked_or_ground_service
1218299,ASRS,ASRS,unknown
1217879,ASRS,ASRS,cruise
951802,ASRS,ASRS,descent
1512695,ASRS,ASRS,cruise
1513436,ASRS,ASRS,approach
1338132,ASRS,ASRS,landing
1029292,ASRS,ASRS,climb
1259761,ASRS,ASRS,climb
1259701,ASRS,ASRS,parked_or_ground_service
1612427,ASRS,ASRS,climb
1612409,ASRS,ASRS,taxi
1067963,ASRS,ASRS,landing
1067908,ASRS,ASRS,approach
2192055,ASRS,ASRS,climb
1028542,ASRS,ASRS,descent
1068288,ASRS,ASRS,cruise
1778510,ASRS,ASRS,approach
1780179,ASRS,ASRS,landing
1155986,ASRS,ASRS,cruise
1155551,ASRS,ASRS,approach
1779080,ASRS,ASRS,approach
1778255,ASRS,ASRS,taxi
1944696,ASRS,ASRS,parked_or_ground_service
1948006,ASRS,ASRS,climb
1028894,ASRS,ASRS,descent
2181833,ASRS,ASRS,cruise
2189705,ASRS,ASRS,cruise
1614620,ASRS,ASRS,climb
816910,ASRS,ASRS,takeoff
1316353,ASRS,ASRS,climb
904412,ASRS,ASRS,unknown
1511898,ASRS,ASRS,taxi
855778,ASRS,ASRS,approach
592514,ASRS,ASRS,taxi
1005393,ASRS,ASRS,approach
1777654,ASRS,ASRS,takeoff
868417,ASRS,ASRS,climb
868987,ASRS,ASRS,climb
1444941,ASRS,ASRS,climb
1773986,ASRS,ASRS,climb
1949624,ASRS,ASRS,approach
1382634,ASRS,ASRS,approach
2178548,ASRS,ASRS,cruise
1261143,ASRS,ASRS,climb
1259784,ASRS,ASRS,approach
968784,ASRS,ASRS,landing
1777230,ASRS,ASRS,parked_or_ground_service
1773722,ASRS,ASRS,parked_or_ground_service
1775291,ASRS,ASRS,descent
1947507,ASRS,ASRS,cruise
1951033,ASRS,ASRS,cruise
1950812,ASRS,ASRS,approach
951343,ASRS,ASRS,taxi
969300,ASRS,ASRS,approach
1510703,ASRS,ASRS,cruise
855617,ASRS,ASRS,parked_or_ground_service
1511365,ASRS,ASRS,descent
2187514,ASRS,ASRS,approach
2186646,ASRS,ASRS,approach
1069791,ASRS,ASRS,approach
1446055,ASRS,ASRS,unknown
1446009,ASRS,ASRS,climb
1445035,ASRS,ASRS,parked_or_ground_service
1769659,ASRS,ASRS,parked_or_ground_service
1769046,ASRS,ASRS,approach
888550,ASRS,ASRS,descent
887662,ASRS,ASRS,takeoff
1949610,ASRS,ASRS,climb
1005611,ASRS,ASRS,unknown
1768437,ASRS,ASRS,parked_or_ground_service
1070001,ASRS,ASRS,unknown
2173415,ASRS,ASRS,descent
1617725,ASRS,ASRS,unknown
1615285,ASRS,ASRS,parked_or_ground_service
1214979,ASRS,ASRS,climb
1509172,ASRS,ASRS,parked_or_ground_service
950949,ASRS,ASRS,approach
1339065,ASRS,ASRS,unknown
1510098,ASRS,ASRS,climb
1617238,ASRS,ASRS,parked_or_ground_service
1617184,ASRS,ASRS,approach
1214122,ASRS,ASRS,descent
1616742,ASRS,ASRS,approach
806833,ASRS,ASRS,parked_or_ground_service
2177303,ASRS,ASRS,approach
2175581,ASRS,ASRS,climb
1070261,ASRS,ASRS,parked_or_ground_service
1770825,ASRS,ASRS,climb
1765081,ASRS,ASRS,approach
1158690,ASRS,ASRS,approach
1769883,ASRS,ASRS,approach
1446968,ASRS,ASRS,climb
867580,ASRS,ASRS,climb
1285954,ASRS,ASRS,approach
939052,ASRS,ASRS,cruise
1006554,ASRS,ASRS,approach
1006482,ASRS,ASRS,descent
1952580,ASRS,ASRS,descent
1073830,ASRS,ASRS,climb
1262517,ASRS,ASRS,unknown
1262307,ASRS,ASRS,cruise
1618120,ASRS,ASRS,climb
1339202,ASRS,ASRS,unknown
2168904,ASRS,ASRS,approach
516003,ASRS,ASRS,unknown
1211805,ASRS,ASRS,takeoff
1956279,ASRS,ASRS,climb
1762902,ASRS,ASRS,climb
1761771,ASRS,ASRS,takeoff
1959770,ASRS,ASRS,parked_or_ground_service
1378941,ASRS,ASRS,parked_or_ground_service
1380859,ASRS,ASRS,takeoff
1380770,ASRS,ASRS,climb
903122,ASRS,ASRS,unknown
903113,ASRS,ASRS,taxi
1619437,ASRS,ASRS,approach
1625030,ASRS,ASRS,taxi
1620213,ASRS,ASRS,approach
1025084,ASRS,ASRS,climb
1026217,ASRS,ASRS,cruise
1074513,ASRS,ASRS,approach
1109034,ASRS,ASRS,approach
1960805,ASRS,ASRS,pushback_or_towing
1960562,ASRS,ASRS,approach
1960091,ASRS,ASRS,climb
1960081,ASRS,ASRS,parked_or_ground_service
1957662,ASRS,ASRS,climb
1959895,ASRS,ASRS,climb
987613,ASRS,ASRS,approach
1159678,ASRS,ASRS,climb
2154169,ASRS,ASRS,climb
522211,ASRS,ASRS,descent
2158972,ASRS,ASRS,descent
798858,ASRS,ASRS,parked_or_ground_service
1626989,ASRS,ASRS,parked_or_ground_service
1632074,ASRS,ASRS,climb
858355,ASRS,ASRS,cruise
1340458,ASRS,ASRS,cruise
1315341,ASRS,ASRS,climb
1206395,ASRS,ASRS,pushback_or_towing
2161561,ASRS,ASRS,cruise
1160141,ASRS,ASRS,unknown
1448616,ASRS,ASRS,taxi
1452439,ASRS,ASRS,approach
1757549,ASRS,ASRS,takeoff
1760747,ASRS,ASRS,parked_or_ground_service
1756195,ASRS,ASRS,parked_or_ground_service
1756163,ASRS,ASRS,parked_or_ground_service
678159,ASRS,ASRS,climb
1107149,ASRS,ASRS,takeoff
1266526,ASRS,ASRS,cruise
1266070,ASRS,ASRS,approach
949631,ASRS,ASRS,descent
973205,ASRS,ASRS,unknown
1647844,ASRS,ASRS,unknown
794108,ASRS,ASRS,approach
1450978,ASRS,ASRS,approach
1284267,ASRS,ASRS,taxi
939543,ASRS,ASRS,cruise
1753006,ASRS,ASRS,parked_or_ground_service
986685,ASRS,ASRS,taxi
1964588,ASRS,ASRS,climb
1307952,ASRS,ASRS,cruise
1962339,ASRS,ASRS,approach
1204152,ASRS,ASRS,parked_or_ground_service
973630,ASRS,ASRS,unknown
1645893,ASRS,ASRS,approach
1650246,ASRS,ASRS,cruise
2152381,ASRS,ASRS,takeoff
1077866,ASRS,ASRS,climb
1077670,ASRS,ASRS,takeoff
1077355,ASRS,ASRS,takeoff
1963498,ASRS,ASRS,climb
1453572,ASRS,ASRS,descent
1453409,ASRS,ASRS,descent
1454820,ASRS,ASRS,approach
1454754,ASRS,ASRS,approach
1752617,ASRS,ASRS,approach
1752003,ASRS,ASRS,approach
1373428,ASRS,ASRS,climb
1375898,ASRS,ASRS,approach
1375004,ASRS,ASRS,approach
2148079,ASRS,ASRS,cruise
1079627,ASRS,ASRS,climb
1203520,ASRS,ASRS,approach
859917,ASRS,ASRS,taxi
903156,ASRS,ASRS,descent
1314929,ASRS,ASRS,taxi
1106085,ASRS,ASRS,climb
1105906,ASRS,ASRS,cruise
1105818,ASRS,ASRS,approach
1105423,ASRS,ASRS,landing
1007414,ASRS,ASRS,takeoff
1007386,ASRS,ASRS,approach
1968153,ASRS,ASRS,climb
682592,ASRS,ASRS,taxi
1751195,ASRS,ASRS,taxi
1751027,ASRS,ASRS,parked_or_ground_service
902105,ASRS,ASRS,taxi
2134060,ASRS,ASRS,climb
1268141,ASRS,ASRS,parked_or_ground_service
1268057,ASRS,ASRS,approach
1653143,ASRS,ASRS,parked_or_ground_service
1652070,ASRS,ASRS,climb
1651031,ASRS,ASRS,takeoff
1204098,ASRS,ASRS,parked_or_ground_service
683155,ASRS,ASRS,parked_or_ground_service
682891,ASRS,ASRS,climb
1750803,ASRS,ASRS,parked_or_ground_service
986235,ASRS,ASRS,approach
1283225,ASRS,ASRS,approach
1457413,ASRS,ASRS,parked_or_ground_service
1165682,ASRS,ASRS,takeoff
1164782,ASRS,ASRS,climb
1022355,ASRS,ASRS,taxi
1079686,ASRS,ASRS,cruise
1507977,ASRS,ASRS,unknown
1507594,ASRS,ASRS,parked_or_ground_service
783006,ASRS,ASRS,parked_or_ground_service
1655033,ASRS,ASRS,takeoff
1654829,ASRS,ASRS,cruise
1655779,ASRS,ASRS,cruise
920395,ASRS,ASRS,landing
1343643,ASRS,ASRS,parked_or_ground_service
1372048,ASRS,ASRS,climb
1967184,ASRS,ASRS,parked_or_ground_service
1748506,ASRS,ASRS,landing
1747727,ASRS,ASRS,parked_or_ground_service
686351,ASRS,ASRS,parked_or_ground_service
1750007,ASRS,ASRS,unknown
1749217,ASRS,ASRS,parked_or_ground_service
1370883,ASRS,ASRS,takeoff
1370617,ASRS,ASRS,climb
1373083,ASRS,ASRS,approach
1020551,ASRS,ASRS,cruise
1662353,ASRS,ASRS,takeoff
948711,ASRS,ASRS,climb
1656593,ASRS,ASRS,approach
1659674,ASRS,ASRS,climb
1659062,ASRS,ASRS,cruise
775900,ASRS,ASRS,landing
940635,ASRS,ASRS,unknown
1461320,ASRS,ASRS,approach
1461055,ASRS,ASRS,pushback_or_towing
1167372,ASRS,ASRS,approach
1166510,ASRS,ASRS,pushback_or_towing
1081896,ASRS,ASRS,climb
1021135,ASRS,ASRS,cruise
1663899,ASRS,ASRS,takeoff
861249,ASRS,ASRS,approach
861612,ASRS,ASRS,parked_or_ground_service
1507005,ASRS,ASRS,approach
772268,ASRS,ASRS,unknown
1345738,ASRS,ASRS,taxi
1345494,ASRS,ASRS,cruise
1345472,ASRS,ASRS,approach
1345222,ASRS,ASRS,takeoff
1665327,ASRS,ASRS,climb
1663730,ASRS,ASRS,cruise
1662674,ASRS,ASRS,cruise
1199615,ASRS,ASRS,parked_or_ground_service
1199138,ASRS,ASRS,takeoff
770396,ASRS,ASRS,taxi
1201009,ASRS,ASRS,landing
1080423,ASRS,ASRS,cruise
687555,ASRS,ASRS,landing
1746738,ASRS,ASRS,approach
1462284,ASRS,ASRS,cruise
1462200,ASRS,ASRS,approach
1104304,ASRS,ASRS,descent
1104062,ASRS,ASRS,cruise
1104057,ASRS,ASRS,cruise
1019287,ASRS,ASRS,climb
1020506,ASRS,ASRS,climb
1314366,ASRS,ASRS,cruise
1314098,ASRS,ASRS,climb
1347051,ASRS,ASRS,takeoff
1666234,ASRS,ASRS,parked_or_ground_service
1665677,ASRS,ASRS,climb
1741839,ASRS,ASRS,taxi
1740233,ASRS,ASRS,climb
923722,ASRS,ASRS,descent
1309772,ASRS,ASRS,climb
1309333,ASRS,ASRS,taxi
1664949,ASRS,ASRS,approach
1664581,ASRS,ASRS,taxi
1197953,ASRS,ASRS,descent
975830,ASRS,ASRS,cruise
975375,ASRS,ASRS,climb
2122732,ASRS,ASRS,cruise
2113376,ASRS,ASRS,climb
891807,ASRS,ASRS,landing
1281534,ASRS,ASRS,approach
1971601,ASRS,ASRS,climb
1102847,ASRS,ASRS,takeoff
1970251,ASRS,ASRS,landing
1504429,ASRS,ASRS,approach
1504254,ASRS,ASRS,parked_or_ground_service
1503661,ASRS,ASRS,approach
1666960,ASRS,ASRS,descent
901305,ASRS,ASRS,approach
1313845,ASRS,ASRS,parked_or_ground_service
1313292,ASRS,ASRS,approach
947324,ASRS,ASRS,cruise
573579,ASRS,ASRS,descent
1168793,ASRS,ASRS,approach
1739967,ASRS,ASRS,unknown
1978585,ASRS,ASRS,parked_or_ground_service
891919,ASRS,ASRS,takeoff
892414,ASRS,ASRS,unknown
1281490,ASRS,ASRS,climb
1463618,ASRS,ASRS,approach
1463011,ASRS,ASRS,climb
1169825,ASRS,ASRS,pushback_or_towing
1982755,ASRS,ASRS,climb
1980543,ASRS,ASRS,approach
1974630,ASRS,ASRS,descent
1271314,ASRS,ASRS,unknown
1271300,ASRS,ASRS,cruise
1669646,ASRS,ASRS,approach
1669545,ASRS,ASRS,approach
1669076,ASRS,ASRS,takeoff
1668610,ASRS,ASRS,approach
1668574,ASRS,ASRS,climb
1502195,ASRS,ASRS,approach
1019525,ASRS,ASRS,unknown
1979603,ASRS,ASRS,unknown
1979449,ASRS,ASRS,climb
1735514,ASRS,ASRS,climb
1735134,ASRS,ASRS,approach
1727619,ASRS,ASRS,parked_or_ground_service
1171884,ASRS,ASRS,approach
1463854,ASRS,ASRS,approach
1984534,ASRS,ASRS,parked_or_ground_service
1977525,ASRS,ASRS,climb
1976665,ASRS,ASRS,cruise
1085281,ASRS,ASRS,climb
2102826,ASRS,ASRS,approach
1498775,ASRS,ASRS,cruise
1500980,ASRS,ASRS,approach
1197475,ASRS,ASRS,cruise
1347678,ASRS,ASRS,descent
1347601,ASRS,ASRS,approach
901055,ASRS,ASRS,taxi
2101664,ASRS,ASRS,cruise
1670684,ASRS,ASRS,cruise
1196111,ASRS,ASRS,climb
1196045,ASRS,ASRS,unknown
976458,ASRS,ASRS,cruise
1670622,ASRS,ASRS,takeoff
1672181,ASRS,ASRS,taxi
2097155,ASRS,ASRS,taxi
1085306,ASRS,ASRS,climb
1281255,ASRS,ASRS,approach
1281245,ASRS,ASRS,approach
1725462,ASRS,ASRS,approach
1725146,ASRS,ASRS,cruise
1722387,ASRS,ASRS,takeoff
1986750,ASRS,ASRS,parked_or_ground_service
1985858,ASRS,ASRS,approach
1102319,ASRS,ASRS,approach
1674943,ASRS,ASRS,climb
1272832,ASRS,ASRS,approach
2094603,ASRS,ASRS,climb
2099770,ASRS,ASRS,taxi
1467361,ASRS,ASRS,taxi
1174038,ASRS,ASRS,approach
1989977,ASRS,ASRS,climb
1989381,ASRS,ASRS,takeoff
1366228,ASRS,ASRS,approach
1365911,ASRS,ASRS,unknown
1366672,ASRS,ASRS,pushback_or_towing
982652,ASRS,ASRS,parked_or_ground_service
1718709,ASRS,ASRS,approach
1721211,ASRS,ASRS,climb
1720285,ASRS,ASRS,descent
1720182,ASRS,ASRS,landing
1993175,ASRS,ASRS,unknown
1993008,ASRS,ASRS,cruise
1016751,ASRS,ASRS,unknown
2086028,ASRS,ASRS,pushback_or_towing
2091249,ASRS,ASRS,parked_or_ground_service
1496354,ASRS,ASRS,climb
751798,ASRS,ASRS,unknown
2098069,ASRS,ASRS,climb
1086302,ASRS,ASRS,climb
921248,ASRS,ASRS,landing
1717041,ASRS,ASRS,unknown
1716043,ASRS,ASRS,takeoff
1174285,ASRS,ASRS,cruise
982936,ASRS,ASRS,landing
982187,ASRS,ASRS,taxi
1176611,ASRS,ASRS,approach
1993646,ASRS,ASRS,approach
1310746,ASRS,ASRS,taxi
1677602,ASRS,ASRS,approach
747765,ASRS,ASRS,parked_or_ground_service
1679803,ASRS,ASRS,approach
746497,ASRS,ASRS,climb
1193327,ASRS,ASRS,climb
1676025,ASRS,ASRS,takeoff
1193858,ASRS,ASRS,approach
1494424,ASRS,ASRS,approach
1494383,ASRS,ASRS,taxi
900232,ASRS,ASRS,landing
