ev_id,entities_json,hfacs_json,relationships_json,extraction_status
20080118X00073,"[{""text"": ""UAL tug operator"", ""role"": ""Maintenance personnel / Tug Operator"", ""tier"": ""unsafe_skill""}, {""text"": ""Ground controller"", ""role"": ""ATC Personnel"", ""tier"": ""unsafe_decision""}]","{""operator_mental"": [""Loss of Situational Awareness (Tug Operator)"", ""Channelized Attention (Ground Controller)""], ""personnel_crm"": [""Failed to Communicate (ATC Ground Controller)"", ""Failed to Coordinate (UAL Maintenance Crew)""], ""unsafe_skill"": [""UAL tug operator: 'looking over his shoulder and didn't see the other aircraft pushback from Gate 79' (Breakdown in Visual Scan)"", ""Ground controller: 'did not foresee a traffic conflict' despite clearing adjacent gates for simultaneous pushback onto same taxiway (Failed to Prioritize Attention)""], ""unsafe_decision"": [""UAL tug operator: 'pushing the 757-222 back from gate 80 without the use of wing-walkers or tail walkers' in close quarters/night conditions, violating company procedure for assistants (Improper Procedure)"", ""Ground controller: 'believed there was room for both aircraft to push back and did not advise either aircraft of near simultaneous adjacent pushback operations' (Poor Decision)""]}","[{""subject"": ""unsafe_decision"", ""relation"": ""CO_OCCURS_WITH"", ""object"": ""unsafe_skill"", ""evidence"": ""The company tug operator's failure to maintain clearance with another aircraft during the pushback process. Also causal was the ground controller's failure to alert the pilot of this aircraft and tug operator of the other airplane of the simultaneous pushback occurring from adjacent gates.""}]",success
20080125X00103,[],"{""operator_mental"": [""Distraction (Maintenance personnel)"", ""Complacency (Maintenance personnel)""], ""personnel_crm"": [""Failed to Coordinate (Maintenance personnel)""], ""unsafe_decision"": [""Maintenance personnel - F: 'Neither mechanic returned to the accident airplane to either latch or verify that the fan cowling was latched.'"", ""Maintenance personnel - C: 'The maintenance log stated... This section of the AMM states, \""Close the fan cowl doors\""... According to the maintenance personnel, this task was not completed prior to the airplane being returned to service.'""]}","[{""subject"": ""unsafe_decision"", ""relation"": ""LEADS_TO"", ""object"": ""unsafe_violation"", ""evidence"": ""The mechanics left the accident airplane to assist the other mechanic. Neither mechanic returned to the accident airplane to either latch or verify that the fan cowling had been latched.""}, {""subject"": ""unsafe_violation"", ""relation"": ""LEADS_TO"", ""object"": ""situational_tech"", ""evidence"": ""The separation of the engine cowling which resulted from maintenance personnel failing to follow maintenance procedures in that they did not latch the engine cowling following the maintenance inspection.""}]",success
20080212X00178,[],"{""situational_tech"": [""Equipment Design (windshield heat terminal block connection design prone to arcing/loose connections)""], ""unsafe_violation"": [""Boeing Service Bulletin 757-30-0019 calling for inspection of the lower, aft terminal block for a loose connection had not been performed on the windshield at the time of the incident - Maintenance""]}",[],success
20080220X00214,[],"{""operator_mental"": [""Complacency (Captain)"", ""Loss of Situational Awareness (Flight Attendant)""], ""personnel_crm"": [""Failed to Coordinate (Captain)""], ""unsafe_decision"": [""The flight was descending from 14,000 feet to 13,000 feet when it encountered severe turbulence... The FASTEN SEATBELTS sign was reportedly illuminated. (Captain/Flight Crew)""]}",[],success
20080304X00260,[],"{""operator_mental"": [""Loss of Situational Awareness - Flight Attendant""], ""situational_tech"": [""Equipment Design (Contaminated Floor) - Maintenance/Cabin Crew""], ""unsafe_skill"": [""Flight attendant slipped and fell on glycol-contaminated floor""]}",[],success
20080228X00243,[],"{""operator_mental"": [""Loss of Situational Awareness (Captain/First Officer)""], ""unsafe_decision"": [""Austin Airport representative: 'does not have an FAA approved Wildlife Management Plan' (Failure to implement required hazard management despite regulatory context)""]}",[],success
20081124X34243,[],"{""operator_mental"": [""Loss of Situational Awareness - Pilot in Command (Embraer E170)"", ""Haste - Pilot in Command (Embraer E170)""], ""personnel_crm"": [""Failed to Coordinate - Pilot in Command (Embraer E170) and ATC""], ""unsafe_perception"": [""The captain stated that he checked the proximity of the Airbus, and it looked like he could clear it and then felt the impact - Pilot of Embraer E170""]}",[],success
20080305X00267,[],"{""situational_tech"": [""Equipment Design (D-ring seat attachment failure mode) - Aircraft Manufacturer/Operator"", ""Interface (Non-mandatory SAIB compliance leading to known defect retention) - Operator""], ""unsafe_violation"": [""failure of the operator to comply with the SAIB""]}",[],success
20080312X00305,"[{""text"": ""mechanic"", ""role"": ""maintenance personnel"", ""tier"": ""unsafe_skill""}]","{""operator_mental"": [""Complacency (Maintenance mechanic)"", ""Haste (Maintenance mechanic)""], ""personnel_readiness"": [""Inadequate Training/Preparation (Maintenance mechanic)""], ""unsafe_skill"": [""The mechanic who installed all four tachometers had never installed one before... He indicated he had no issues with the installation (Maintenance Mechanic)""]}",[],success
20080413X00464,[],"{""personnel_crm"": [""Flight crew failed to communicate turbulence encounter or adjust cabin safety protocols for flight attendants""], ""unsafe_decision"": [""Flight crew continued approach at 30,000 feet in IMC/Night conditions without diverting or requesting vectors to avoid turbulence, resulting in unexpected moderate turbulence""]}",[],success
20080307X00283,[],"{""operator_mental"": [""Loss of Situational Awareness - Pilot (SWA411 Captain)"", ""Complacency - Pilot (SWA411 Captain)""], ""personnel_crm"": [""Failure to Back-up - First Officer (SWA411)""], ""unsafe_perception"": [""The captain of SWA411 later stated that it appeared to him that they could safely pass SWA15 on their left (Captain, SWA411)"", ""the first officer of SWA411 said he asked the captain about wing clearance as they approached SWA15 and the captain looked over his left shoulder and said they had enough room (First Officer/Captain, SWA411)""]}","[{""subject"": ""unsafe_perception"", ""relation"": ""LEADS_TO"", ""object"": ""unsafe_decision"", ""evidence"": ""The captain of SWA411 later stated that it appeared to him that they could safely pass SWA15 on their left... the first officer of SWA411 said he asked the captain about wing clearance as they approached SWA15 and the captain looked over his left shoulder and said they had enough room.""}, {""subject"": ""unsafe_decision"", ""relation"": ""LEADS_TO"", ""object"": ""unsafe_skill"", ""evidence"": ""The failure of the taxiing flight crew to maintain an adequate clearance from the stationary airplane... the left winglet of SWA411 collided with the left horizontal stabilizer of SWA15.""}]",success
20080509X00640,[],"{""situational_tech"": [""Ambiguous Service Bulletin instructions and figures regarding clip orientation (Manufacturer)""], ""unsafe_skill"": [""Maintenance personnel installed the clips on the incorrect side of the vertical stiffener and omitted required spacers, resulting in a 'Poor Technique' or improper execution of the installation task.""]}",[],success
20080331X00404,"[{""text"": ""flight crew"", ""role"": ""pilot"", ""tier"": ""unsafe_skill""}, {""text"": ""flight crew"", ""role"": ""pilot"", ""tier"": ""unsafe_decision""}]","{""operator_mental"": [""Distraction (Captain)"", ""Complacency (First Officer)""], ""personnel_crm"": [""Failed to Coordinate (Flight Crew)"", ""Failure of Leadership (Captain)""], ""unsafe_skill"": [""Omitted Checklist Step: The flight crew 'most likely did not see that the light was illuminated prior to departure' and failed to verify the cargo door security as required by the Before Takeoff checklist."", ""Failed to Prioritize Attention: The CVR indicated the crew made 'comments and jokes about a variety of topics' and spoke of 'personal matters', distracting them from proper duties during critical phases.""], ""unsafe_decision"": [""Improper Procedure: Management noted the crew acted 'unprofessionally... through their lack of professionalism and failure to act in accordance with standard operating procedures' by engaging in non-essential conversation during taxi/takeoff."", ""Poor Decision: The flight crew continued the takeoff despite not properly verifying the status of the cargo door annunciator light, leading to an emergency landing.""]}","[{""subject"": ""unsafe_decision"", ""relation"": ""LEADS_TO"", ""object"": ""unsafe_skill"", ""evidence"": ""The flight crew spoke of personal matters and did not follow the sterile cockpit regulations... Due to the flight crew's lack of professionalism and deviation from standard operating procedures, they most likely did not see that the light was illuminated prior to departure.""}]",success
20080404X00426,[],"{""operator_mental"": [""Loss of Situational Awareness - Flight Crew"", ""Complacency - Flight Crew""], ""personnel_crm"": [""Failed to Coordinate - Flight Crew"", ""Failure of Leadership - Captain""], ""unsafe_decision"": [""Flight crew - C: The flight crew's improper landing technique for an inoperative anti-skid system resulting in locked brakes and four blown main landing gear tires."", ""Flight crew - C: FDR data revealed the speed brakes were not extended and the thrust reversers were not used, despite the QRH detailing that speed brakes are to be deployed manually immediately upon landing.""]}","[{""subject"": ""unsafe_decision"", ""relation"": ""LEADS_TO"", ""object"": ""unsafe_skill"", ""evidence"": ""The flight crew's improper landing technique for an inoperative anti-skid system resulting in locked brakes and four blown main landing gear tires.""}, {""subject"": ""unsafe_decision"", ""relation"": ""LEADS_TO"", ""object"": ""unsafe_violation"", ""evidence"": ""The flight crew departed for the destination airport knowing that the anti-skid system was inoperative... During the landing the flight crew encountered four blown main landing gear tires""}]",success
20080722X01094,[],"{""operator_mental"": [""Complacency (Captain)""], ""personnel_crm"": [""Failed to Coordinate (Captain)""], ""unsafe_decision"": [""Pilot flying (captain) asked flight attendants to prepare the cabin earlier than usual due to weather, but continued descent into turbulence despite radar showing no convective activity and subsequent unexpected encounter""]}",[],success
20081003X63355,[],"{""situational_tech"": [""Equipment Design (Manufacturer): Inadequate hose fire sleeves and lack of life limits/pressure test requirements for fuel/hydraulic hoses""], ""unsafe_decision"": [""Maintenance personnel failed to identify the compromised hoses during visual inspections, as the narrative states 'the only requirements were a visual inspection/check... and a leak check any time the hoses are disconnected' but the leaks persisted until fire, indicating a failure in judgment or thoroughness of the maintenance crew.""]}",[],success
20081219X16532,[],"{""operator_mental"": [""Complacency (Maintenance Personnel)""], ""personnel_readiness"": [""Inadequate Preparation/Procedure Adherence (Maintenance Personnel)""], ""unsafe_skill"": [""Maintenance personnel used a chemical cleaning solution that caused hydrogen embrittlement, leading to intergranular cracking (Poor Technique)""]}",[],success
20081003X16303,[],"{""operator_mental"": [""Complacency (Pilot)"", ""Loss of Situational Awareness (Pilot)""], ""unsafe_decision"": [""Flight crew failed to prepare for flight by not anticipating turbulence or adjusting altitude/route despite overflying a cloud, leading to an inadvertent encounter""]}",[],success
20080723X01111,[],"{""operator_mental"": [""Complacency (Captain)"", ""Loss of Situational Awareness (Captain)""], ""personnel_crm"": [""Failed to Coordinate (Lead Flight Attendant)""], ""unsafe_decision"": [""Captain: 'seatbelt sign had been off' despite 'thunderstorm activity in the area' and 'towering cumulus clouds', leading to unsecured cabin crew during turbulence""]}",[],success
20080703X00974,"[{""text"": ""Captain"", ""role"": ""Pilot in Command"", ""tier"": ""unsafe_decision""}, {""text"": ""First Officer"", ""role"": ""Co-Pilot"", ""tier"": ""unsafe_decision""}]","{""operator_mental"": [""Loss of Situational Awareness - Captain"", ""Channelized Attention - First Officer""], ""situational_tech"": [""Automation - FMS/Autopilot bank angle logic vs. pilot expectation""], ""unsafe_decision"": [""Captain decided to command the FMS to maintain an airspeed of 240 knots... Both pilots expected the FMS to automatically default to the ICAO maximum holding speed of 265 knots"", ""First officer recommended extending the slats... When the slats extended, the maximum slat extension speed indicator on the airspeed indicator fell to below 220 knots""], ""unsafe_perception"": [""He stated that he expected the bank to be limited to 15 degrees, but the autopilot actually commanded 23 degrees of bank"", ""The captain then immediately ordered the first officer to retract the slats... He stated that at this point the airplane began to buffet""]}","[{""subject"": ""unsafe_decision"", ""relation"": ""LEADS_TO"", ""object"": ""unsafe_perception"", ""evidence"": ""The captain decided to command the FMS to maintain an airspeed of 240 knots... He also stated that he expected the bank to be limited to 15 degrees, but the autopilot actually commanded 23 degrees.""}, {""subject"": ""unsafe_perception"", ""relation"": ""LEADS_TO"", ""object"": ""unsafe_decision"", ""evidence"": ""The first officer recommended extending the slats... When the slats extended, the maximum slat extension speed indicator on the airspeed indicator fell to below 220 knots.""}]",success
20080701X00963,[],"{""situational_tech"": [""Equipment Design (Oxygen system hose/wiring separation) - Aircraft Manufacturer/FAA"", ""Equipment Design (Fire protection/detection system) - Aircraft Manufacturer""], ""personnel_crm"": [""Failure of Leadership / Policy & Procedure Management - Operator (ABX Air)""], ""unsafe_decision"": [""FAA/Regulator: Failure to require the installation of nonconductive oxygen hoses after the safety issue concerning conductive hoses was initially identified by Boeing""]}",[],success
20080720X01081,[],"{""operator_mental"": [""Distraction (Tug driver)"", ""Loss of Situational Awareness (Tug driver)""], ""personnel_crm"": [""Failed to Communicate (Ground crew/Tug driver)"", ""Failure of Leadership (Tug driver)""], ""unsafe_skill"": [""Tug driver: 'focused on the cockpit of the airplane and was directing the starting of the airplane's number 2 engine' (Failed to Prioritize Attention / Breakdown in Visual Scan)""], ""unsafe_decision"": [""Ground crew: 'due to lightning... ground crew members were not utilizing headsets' (Improper Procedure / Poor Decision regarding communication protocol)""]}",[],success
20080808X01189,[],"{""operator_mental"": [""Complacency (Maintenance Mechanic)""], ""situational_tech"": [""Equipment Design (Slide Cover Retention System)""], ""unsafe_skill"": [""Omitted Checklist Step - Maintenance mechanic (failed to secure slide cover tie-down straps)""]}",[],success
20081003X17330,[],"{""operator_mental"": [""Misplaced Motivation (First Officer)""], ""personnel_crm"": [""Failure of Leadership / Failed to Back-up (Captain)""], ""unsafe_skill"": [""The flying pilot's excessive angle of attack during the landing flare resulting in abnormal runway contact""]}",[],success
20080915X01465,[],"{""operator_mental"": [""Loss of Situational Awareness (Flight Crew)"", ""Distraction (Flight Crew)""], ""personnel_crm"": [""Failed to Coordinate (Ground Crew & Flight Crew)"", ""Failed to Communicate (Flight Crew)""], ""unsafe_skill"": [""Ground crew - C: 'It was the perception of the marshaler and the wing walker that the empennage was clear of the building during the turn.' (Failure to maintain proper visual scan/clearance awareness)""], ""unsafe_decision"": [""Flight crew - F: 'the flight crew's unprofessional behavior... led to a lack of situational awareness' and 'deviated from the sterile cockpit environment' (Poor decision-making regarding task prioritization and professional conduct during critical phase)""]}","[{""subject"": ""unsafe_violation"", ""relation"": ""LEADS_TO"", ""object"": ""personnel_crm"", ""evidence"": ""The flight crew's lack of professionalism and deviation from essential communications led to a lack of situational awareness.""}, {""subject"": ""unsafe_violation"", ""relation"": ""LEADS_TO"", ""object"": ""unsafe_perception"", ""evidence"": ""The flight crew's unprofessional behavior... led to a lack of situational awareness.""}]",success
20081007X03940,[],"{""operator_mental"": [""Get-home-itis (Flight Crew)"", ""Loss of Situational Awareness (Flight Crew)""], ""personnel_crm"": [""Failed to Coordinate with Maintenance/Dispatch (Flight Crew & Company Tech Support)""], ""unsafe_decision"": [""Flight crew elected to continue the flight on battery power despite knowing the battery would be depleted in approximately 30 minutes and losing critical systems like stabilizer trim"", ""Maintenance personnel cleared EICAS status messages without making logbook entries or investigating the underlying electrical anomalies, stating they were 'good to go'""]}","[{""subject"": ""unsafe_decision"", ""relation"": ""LEADS_TO"", ""object"": ""situational_tech"", ""evidence"": ""the flight crew's decision to continue a flight that was operating on battery power""}, {""subject"": ""situational_tech"", ""relation"": ""CO_OCCURS_WITH"", ""object"": ""unsafe_decision"", ""evidence"": ""The failure of an electrical relay due to eroded contacts and the flight crew's decision to continue a flight that was operating on battery power.""}]",success
20081027X75039,[],"{""operator_mental"": [""Loss of Situational Awareness (First Officer)"", ""Channelized Attention (First Officer)""], ""personnel_crm"": [""Failed to Back-up (Captain)""], ""unsafe_skill"": [""First Officer: 'increased back pressure on the side-stick to arrest the sink rate' resulting in a touchdown pitch attitude of 12.3 degrees, exceeding the limit""]}","[{""subject"": ""unsafe_perception"", ""relation"": ""LEADS_TO"", ""object"": ""unsafe_decision"", ""evidence"": ""The first officer stated that he felt a \u201csense of ground rush\u201d during the flare at about 70 feet and he increased back pressure on the side-stick to arrest the sink rate.""}, {""subject"": ""unsafe_decision"", ""relation"": ""LEADS_TO"", ""object"": ""unsafe_skill"", ""evidence"": ""The failure of the flightcrew to arrest an excessive sink rate during the flare for landing.""}]",success
20081110X15316,[],"{""operator_mental"": [""Distraction (Tug driver)"", ""Loss of Situational Awareness (Tug driver)""], ""personnel_crm"": [""Failed to Coordinate (Wing-walker/Tug driver)""], ""unsafe_decision"": [""tug driver attempted to maneuver the tug in a manner that would result in the nose of the airplane clearing the jetway""], ""unsafe_perception"": [""the tug driver's attention became focused upon the jetway, and he therefore did not see or hear the signals given by the wing-walker""]}","[{""subject"": ""unsafe_decision"", ""relation"": ""LEADS_TO"", ""object"": ""unsafe_perception"", ""evidence"": ""instead of terminating the pushback and realigning the tug, the tug driver attempted to maneuver... his attention became focused upon the jetway, and he therefore did not see or hear the signals""}]",success
20081113X92722,[],"{""operator_mental"": [""Loss of Situational Awareness (Ramp Agent)"", ""Channelized Attention (Ramp Agent)""], ""personnel_crm"": [""Failed to Coordinate (Ramp Controller/Ramp Agent)""], ""unsafe_skill"": [""Breakdown in Visual Scan - Ramp agent (tug driver)""]}",[],success
20081116X33137,[],"{""situational_tech"": [""Equipment Design (Nose wheel steering link material strength insufficient for operational loads)""], ""unsafe_decision"": [""The flight crew performed a go-around; left the landing gear extended, and departed the area to attempt to rectify the situation... The first officer transferred airplane control to the captain, and performed the alternate landing gear extension checklist. However, the anomalous indications remained... The flight crew then flew the airplane past the air traffic control tower (ATCT) to enable the ATCT personnel to determine the status of the nose landing gear... The crew subsequently elected to return to the airport to perform a nose-gear-up landing""]}",[],success
20081219X65313,[],"{""operator_mental"": [""Complacency (Maintenance/Inspection Personnel)"", ""Loss of Situational Awareness (Pilot)""], ""personnel_crm"": [""Failed to Coordinate (Maintenance Organization)""], ""unsafe_decision"": [""Captain reported he felt a bump, but then everything seemed fine and he taxied to the gate (Pilot)""]}",[],success
20081215X93019,[],"{""operator_mental"": [""Haste (Maintenance mechanic)"", ""Complacency (RII Inspector)""], ""operator_limits"": [""Inexperience (Maintenance mechanic)"", ""Lack of specific training (Maintenance mechanic)"", ""Insufficient knowledge (RII Inspector)""], ""situational_tech"": [""Confusing maintenance manual instructions (Manufacturer/Company documentation)""], ""personnel_crm"": [""Failed to Communicate (Maintenance mechanics)"", ""Failure of Leadership (Day shift supervisor)""], ""unsafe_skill"": [""The upper attachment bolt used to mount the left MLG uplock assembly to the structure was installed and cotter pinned, but did not engage the uplock assembly (Maintenance Mechanic)"", ""the RII inspector stated that he could not actually see the gear being extended from his position during the test as he was only watching the flight instrument panel for the indication of a full extension (RII Inspector)""], ""unsafe_decision"": [""Both mechanics signed off the work package as being complete having made a verbal turnover to the day shift supervisor, inconsistent with Air Wisconsin, Inc., policies and procedures (Maintenance Mechanics)"", ""the RII inspector did not follow the manual extend procedures outlined in the manuals, but instead followed an abbreviated procedure (RII Inspector)""]}","[{""subject"": ""unsafe_skill"", ""relation"": ""LEADS_TO"", ""object"": ""unsafe_violation"", ""evidence"": ""The mechanic who replaced the left gear uplock assembly had never before done such installation, nor had he received pertinent training... Both mechanics signed off the work package as being complete having made a verbal turnover to the day shift supervisor, inconsistent with Air Wisconsin, Inc., policies and procedures""}, {""subject"": ""unsafe_violation"", ""relation"": ""LEADS_TO"", ""object"": ""unsafe_perception"", ""evidence"": ""The RII inspector stated that he could not actually see the gear being extended from his position during the test as he was only watching the flight instrument panel for the indication of a full extension... The RII inspector did not use a flash light or inspection mirror as part of the inspection to see in the darkened MLG wheel-well""}, {""subject"": ""unsafe_perception"", ""relation"": ""LEADS_TO"", ""object"": ""unsafe_decision"", ""evidence"": ""the RII inspector did not follow the manual extend procedures outlined in the manuals, but instead followed an abbreviated procedure... The discrepancies were corrected by the mechanic... however the discrepancies were not properly documented""}]",success
20081215X14936,[],"{""situational_tech"": [""Equipment Design (DC Ground Service Tie Relay and Blocking Diode Assemblies malfunction/arcing)""], ""unsafe_decision"": [""Misdiagnosed Emergency: The captain assumed the smoke to be 'electrical in nature' and instructed the first officer to initiate the Smoke and Fumes Fire/Electrical checklist, which involved turning off generators that did not resolve the issue (smoke continued), indicating a potential misidentification of the source or procedure selection based on initial assumption rather than definitive evidence.""]}",[],success
20081216X41655,[],"{""operator_mental"": [""Loss of Situational Awareness (Tug Operator)"", ""Haste (Pilot)""], ""personnel_crm"": [""Failed to Coordinate (Pilot and Tug Operator)""], ""unsafe_decision"": [""Tug driver initiated movement on snow-covered surface without adequate traction assessment (Tug Driver)""]}",[],success
20081217X83220,[],"{""operator_mental"": [""Complacency (Maintenance personnel)""], ""situational_tech"": [""Equipment Design (Manufacturer)"", ""Interface (Manufacturer)""], ""unsafe_decision"": [""Maintenance personnel rigged and checked the door with the use of the aircraft hydraulic pumps instead of the external hydraulic power unit as required by AMM Task 32-12-01-220-801 (Config A01)""]}",[],success
20081221X14648,[],"{""operator_limits"": [""Insufficient crosswind experience/training (Captain)""], ""personnel_crm"": [""Failure to disseminate key wind information between ATC and pilots (ATC System/Controllers)""], ""unsafe_skill"": [""The captain's cessation of right rudder input, which was needed to maintain directional control of the airplane... when the airplane encountered a strong and gusty crosswind that exceeded the captain's training and experience""]}","[{""subject"": ""personnel_readiness"", ""relation"": ""LEADS_TO"", ""object"": ""unsafe_decision"", ""evidence"": ""inadequate crosswind training in the airline industry due to deficient simulator wind gust modeling""}, {""subject"": ""situational_tech"", ""relation"": ""CO_OCCURS_WITH"", ""object"": ""personnel_readiness"", ""evidence"": ""an air traffic control system that did not require or facilitate the dissemination of key, available wind information""}]",success
20081223X70710,[],"{""operator_mental"": [""Complacency (Captain)"", ""Loss of Situational Awareness (Ground Crew)""], ""personnel_crm"": [""Failed to Coordinate (Ground Crew & Captain)""], ""unsafe_decision"": [""Ground crew started the push-back unit in the proximity of the heater's fresh air intake""]}",[],success
20081228X25156,[],"{""operator_mental"": [""Loss of Situational Awareness - Ground crew (757 tug operator and wing walker)"", ""Channelized Attention - Ramp Controller""], ""personnel_crm"": [""Failed to Communicate - Ramp Controller"", ""Misinterpretation of Traffic Calls - Ramp Controller"", ""Failed to Coordinate - Ground crew (both aircraft)""], ""unsafe_skill"": [""Tug operator and wing walker of the Boeing 757-351 failed to maintain clearance with the other aircraft during the pushback process in dark night"", ""Tug operator and wing walker of the Boeing 737-832 failed to maintain clearance with this aircraft during the pushback process in dark night""], ""unsafe_decision"": [""Ramp controller's misinterpretation of the other airplane's gate location and her improper clearance for both airplanes to simultaneously push back from nearly opposing gates""]}","[{""subject"": ""unsafe_perception"", ""relation"": ""LEADS_TO"", ""object"": ""unsafe_decision"", ""evidence"": ""The controller stated that she thought that the Boeing 737-832 was requesting to push back from a different gate than they had requested; however, the recorded communications tapes clearly have flight crew of the Boeing 737 stating their correct gate in their initial call for a pushback clearance.""}, {""subject"": ""unsafe_decision"", ""relation"": ""LEADS_TO"", ""object"": ""unsafe_violation"", ""evidence"": ""Also causal was the ramp controller's misinterpretation of the other airplane's gate location and her improper clearance for both airplanes to simultaneously push back from nearly opposing gates.""}, {""subject"": ""unsafe_perception"", ""relation"": ""LEADS_TO"", ""object"": ""unsafe_violation"", ""evidence"": ""The failure of the tug operator and wing walker of this airplane to maintain clearance with the other aircraft during the pushback process in dark night.""}]",success
20081229X40417,[],"{""operator_mental"": [""Loss of Situational Awareness (Flight Attendant)""], ""unsafe_decision"": [""Flight attendant transported the beverage cart to the aft galley... while securing the beverage cart in the aft galley, the airplane encountered a 'violent surge of turbulence' which resulted in the flight attendant being thrown upwards""]}",[],success
20081229X80551,[],"{""operator_mental"": [""Loss of Situational Awareness (First Officer)"", ""Distraction (First Officer)""], ""personnel_crm"": [""Failed to Communicate (First Officer)"", ""Failure of Leadership (Captain)""], ""unsafe_decision"": [""First Officer advanced the left engine throttle during pushback without parking brakes set, violating the explicit procedure 'Do not advance throttles until parking brakes are parked' and acting on a misdiagnosis of a stuck bleed valve rather than waiting for stabilization.""]}","[{""subject"": ""unsafe_decision"", ""relation"": ""LEADS_TO"", ""object"": ""unsafe_violation"", ""evidence"": ""The first officer indicated that he advanced the left engine throttle during the airplane's taxi in order to clear what he suspected was a stuck bleed air valve... This action, which occurred without the knowledge of the captain or the tug operator and without application of the parking brakes""}, {""subject"": ""unsafe_violation"", ""relation"": ""LEADS_TO"", ""object"": ""situational_tech"", ""evidence"": ""resulted in a substantial increase in thrust that overwhelmed the tug's resistance until the airplane impacted the tug""}]",success
20090102X60836,[],"{""operator_mental"": [""Loss of Situational Awareness - Ground crew""], ""personnel_crm"": [""Failed to Coordinate - Ground crew""], ""unsafe_perception"": [""ground crew's failure to maintain clearance from the light pole while directing the airplane to parking""]}",[],success
20090105X01036,[],"{""situational_tech"": [""Inadequate lubrication schedule established by the engine manufacturer (Rolls-Royce) not reflective of operator usage"", ""Design/Task design issues regarding maintenance intervals for plasma spray coating and dry film lubricant""], ""unsafe_decision"": [""Engine manufacturer established an inadequate lubrication schedule that was not reflective of the operator's use of the engine, leading to breakdown of the lubrication system""]}",[],success
20090114X61852,[],"{""operator_mental"": [""Loss of Situational Awareness (Tug Operator)"", ""Distraction (Tug Operator)""], ""personnel_crm"": [""Failure to Coordinate (Ground Crew/Tug Operator)""], ""unsafe_decision"": [""failure to follow procedures when operating motorized equipment inside the Diamond of Safety (tug operator)"", ""failure to properly position safety cones on the right wing (tug operator)"", ""failure to ensure safe driving in inclement weather (tug operator)"", ""failure to take a safety time out when unsure of the intended path of the moving vehicle (tug operator)""]}","[{""subject"": ""unsafe_perception"", ""relation"": ""LEADS_TO"", ""object"": ""unsafe_decision"", ""evidence"": ""due to heavy winds and pelting sleet his vision was impaired and that he had closed his eyes just prior to his tug nearing the wing""}, {""subject"": ""unsafe_decision"", ""relation"": ""LEADS_TO"", ""object"": ""unsafe_violation"", ""evidence"": ""failure to follow procedures when operating motorized equipment inside the Diamond of Safety, failure to properly position safety cones on the right wing""}]",success
20090115X73226,[],"{""operator_mental"": [""Task Saturation (Captain)""], ""personnel_readiness"": [""Lack of industry flight crew training and guidance on ditching techniques (Flight Crew)""], ""unsafe_skill"": [""captain's resulting difficulty maintaining his intended airspeed on final approach due to the task saturation""]}",[],success
20090127X92950,[],"{""operator_mental"": [""Loss of Situational Awareness (Captain)"", ""Task Saturation (Flight Crew)""], ""operator_physical"": [""Physical Fatigue (Captain)"", ""Impaired Physiological State (Captain)""], ""personnel_crm"": [""Failed to Coordinate (Flight Crew)"", ""Failure of Leadership (Captain)""], ""unsafe_decision"": [""flight crew's failure to follow published standard operating procedures in response to a flap anomaly"", ""captain's decision to continue with the unstabilized approach""], ""unsafe_perception"": [""failure to monitor and maintain a minimum safe airspeed while executing an instrument approach""]}","[{""subject"": ""personnel_readiness"", ""relation"": ""LEADS_TO"", ""object"": ""unsafe_decision"", ""evidence"": ""fatigue due to the time of day in which the accident occurred and a cumulative sleep debt, which likely impaired the captain's performance""}, {""subject"": ""personnel_readiness"", ""relation"": ""LEADS_TO"", ""object"": ""unsafe_skill"", ""evidence"": ""fatigue due to the time of day in which the accident occurred and a cumulative sleep debt, which likely impaired the captain's performance""}, {""subject"": ""personnel_crm"", ""relation"": ""LEADS_TO"", ""object"": ""unsafe_decision"", ""evidence"": ""the flight crew's poor crew resource management""}, {""subject"": ""unsafe_violation"", ""relation"": ""CO_OCCURS_WITH"", ""object"": ""unsafe_skill"", ""evidence"": ""failure to follow published standard operating procedures in response to a flap anomaly""}]",success
20090213X13613,[],"{""operator_mental"": [""Loss of Situational Awareness (Captain)"", ""Channelized Attention (Flight Crew)""], ""personnel_crm"": [""Failure of Leadership (Captain)"", ""Failed to Coordinate (First Officer)""], ""unsafe_skill"": [""captain's inappropriate response to the activation of the stick shaker (Captain)"", ""flight crew's failure to monitor airspeed in relation to the rising position of the low-speed cue (Flight Crew)""], ""unsafe_decision"": [""failure to adhere to sterile cockpit procedures (Flight Crew)"", ""captain's failure to effectively manage the flight (Captain)""]}","[{""subject"": ""unsafe_perception"", ""relation"": ""LEADS_TO"", ""object"": ""unsafe_decision"", ""evidence"": ""the flight crew's failure to monitor airspeed in relation to the rising position of the low-speed cue""}, {""subject"": ""unsafe_decision"", ""relation"": ""LEADS_TO"", ""object"": ""unsafe_skill"", ""evidence"": ""The captain\u2019s inappropriate response to the activation of the stick shaker, which led to an aerodynamic stall from which the airplane did not recover""}, {""subject"": ""personnel_crm"", ""relation"": ""LEADS_TO"", ""object"": ""unsafe_decision"", ""evidence"": ""the captain\u2019s failure to effectively manage the flight""}]",success
20090223X03403,[],"{""operator_mental"": [""Loss of Situational Awareness (Captain)"", ""Channelized Attention (First Officer)""], ""operator_limits"": [""Visual Limitation (First Officer)""], ""unsafe_perception"": [""first officer stated that he had a 'hard time' judging the distance between the right wing and fuel truck due to sun glare on the wing and fuel truck""]}","[{""subject"": ""unsafe_perception"", ""relation"": ""LEADS_TO"", ""object"": ""unsafe_decision"", ""evidence"": ""The first officer stated that due to sun glare on the wing and fuel truck, he had a hard time judging the clearance between the wingtip and fuel truck.""}, {""subject"": ""unsafe_decision"", ""relation"": ""LEADS_TO"", ""object"": ""unsafe_skill"", ""evidence"": ""The captain stated that he then positioned the airplane about four feet to the left of the taxiway centerline in an attempt to avoid the fuel truck... Subsequently, the right wingtip of the airplane struck the fuel truck""}]",success
20090303X74824,[],"{""personnel_readiness"": [""Maintenance crew failed to resolve recurring electrical anomalies in the AC power distribution system despite multiple component replacements over several weeks""], ""unsafe_decision"": [""Maintenance crew: Repeatedly replaced components (relays, contactors) to remedy recurring electrical anomalies without identifying the root cause or systemic issue, leading to continued operation of a defective system.""]}",[],success
20090401X82602,[],"{""operator_mental"": [""Complacency - Flight Attendant"", ""Distraction - Flight Attendant""], ""personnel_crm"": [""Failed to Coordinate - Flight Crew/Flight Attendants""], ""unsafe_decision"": [""Flight attendant: 'Neither FA fastened their restraints.'"", ""Flight attendant: 'it took about 1 minute to get everything put away in the galley... Then he and the third FA went to the aft jumpseat to be seated.'""]}",[],success
20090421X81417,[],"{""operator_mental"": [""Complacency (Passenger)"", ""Misplaced Motivation (Passenger)""], ""personnel_crm"": [""Failed to Communicate (Flight Attendant)""], ""unsafe_decision"": [""Passenger - C: The injured passenger's failure to comply with the requirement to remain seated with a fastened seatbelt.""]}",[],success
20090422X95319,[],"{""operator_mental"": [""Loss of Situational Awareness (Captain)"", ""Complacency (First Officer)""], ""personnel_crm"": [""Failed to Coordinate (Flight Crew and Ramp Personnel)""], ""unsafe_skill"": [""Breakdown in Visual Scan - First Officer (responded that they were clear of the GPU when clearance was not maintained)"", ""Failed to Prioritize Attention - Captain (lost sight of the power cart and relied on FO's incorrect assessment)""]}",[],success
20090505X04553,[],"{""operator_mental"": [""Loss of Situational Awareness (First Officer)"", ""Channelized Attention (First Officer)""], ""personnel_crm"": [""Failed to Coordinate (Captain and First Officer)"", ""Failure of Leadership (Captain)""], ""unsafe_skill"": [""The first officer (FO) initiated the flare at about 45 feet... attempted to arrest the sink rate with larger than normal aft stick deflection"", ""During the bounce, the FO held 16 degrees aft stick input (approximately full aft travel)... and moved the thrust levers to idle during the bounce"", ""The first officer's excessive pitch-up of the airplane while landing with a tailwind... resulted in a tailstrike""], ""unsafe_decision"": [""Despite the callout, the thrust levers remained at climb and the autothrust system commanded increased engine power... The FO then retarded the thrust levers"", ""Contributing to the bounced landing were... excessive thrust resulting from the first officer's delay in retarding the thrust levers to idle""]}","[{""subject"": ""unsafe_perception"", ""relation"": ""LEADS_TO"", ""object"": ""unsafe_decision"", ""evidence"": ""The FO initiated the flare at about 45 feet. He stated that he attempted to arrest the sink rate with larger than normal aft stick deflection.""}, {""subject"": ""unsafe_decision"", ""relation"": ""LEADS_TO"", ""object"": ""unsafe_skill"", ""evidence"": ""The thrust levers remained in the climb detent (CLB)... The FO held 16 degrees aft stick input... and moved the thrust levers to idle during the bounce.""}, {""subject"": ""unsafe_skill"", ""relation"": ""LEADS_TO"", ""object"": ""operator_limits"", ""evidence"": ""The airplane touched down on both main landing gear with a vertical load of about 1.56 G... the aircraft then bounced.""}, {""subject"": ""unsafe_decision"", ""relation"": ""LEADS_TO"", ""object"": ""operator_limits"", ""evidence"": ""During the second touchdown, the FO began pitching the airplane nose up to about 12.5 degrees, which is greater than the specified maximum pitch angle and which resulted in the tailstrike.""}]",success
20090507X00926,[],"{""operator_mental"": [""Loss of Situational Awareness - Captain""], ""operator_physical"": [""Physical Fatigue - Captain"", ""Medical Illness - Captain""], ""operator_limits"": [""Insufficient Reaction Time - Captain"", ""Inexperience with Type Rating - Captain""], ""unsafe_skill"": [""Over-controlled Aircraft: The captain's inappropriate control inputs following a firm landing, resulting in two hard nose-gear impacts before executing a go-around.""]}","[{""subject"": ""operator_physical"", ""relation"": ""LEADS_TO"", ""object"": ""unsafe_decision"", ""evidence"": ""It is likely that the captain\u2019s performance was degraded by fatigue and some degree of physical discomfort brought on by a short-term illness.""}, {""subject"": ""personnel_readiness"", ""relation"": ""LEADS_TO"", ""object"": ""unsafe_decision"", ""evidence"": ""a possible lack of practical consolidation of skills and experience due to a protracted and fragmented training period""}]",success
20090513X31333,[],"{""operator_mental"": [""Loss of Situational Awareness (Captain)"", ""Complacency (Captain)""], ""situational_tech"": [""Equipment Design/Configuration (Inoperative Anti-skid System)""], ""unsafe_skill"": [""Pilot - Inadvertent Flight Control Use (inadvertent application of excessive braking after touchdown)""]}","[{""subject"": ""unsafe_decision"", ""relation"": ""LEADS_TO"", ""object"": ""unsafe_skill"", ""evidence"": ""The pilot's inadvertent application of excessive braking after touchdown, which caused the right wheels to lock and several tires to blow""}]",success
20090522X80352,[],"{""operator_mental"": [""Loss of Situational Awareness - Captain"", ""Channelized Attention - Captain""], ""personnel_crm"": [""Failed to Coordinate - Ramp Personnel""], ""unsafe_skill"": [""Flight crew's failure to adequately monitor and maintain clearance from a parked aircraft while taxiing""]}","[{""subject"": ""unsafe_perception"", ""relation"": ""LEADS_TO"", ""object"": ""unsafe_decision"", ""evidence"": ""The flight crew's failure to adequately monitor and maintain clearance from a parked aircraft while taxiing.""}, {""subject"": ""unsafe_decision"", ""relation"": ""CO_OCCURS_WITH"", ""object"": ""unsafe_violation"", ""evidence"": ""the parked airplane had been improperly parked with the right wing tip and horizontal stabilizer well outside the safety lines.""}]",success
20090527X25328,[],"{""operator_mental"": [""Complacency (Captain)""], ""personnel_crm"": [""Failed to Coordinate (Captain and Flight Attendants)""], ""unsafe_decision"": [""Captain communicated preflight information indicating only light chop to flight attendants, leading them to be unprepared for severe turbulence""]}",[],success
20090610X65600,[],"{""situational_tech"": [""Equipment Design (EEC Pb sensor malfunction causing erroneous fuel scheduling)"", ""Automation (Electronic Engine Control failed to provide accurate feedback/warning)""], ""unsafe_decision"": [""Pilots continued to motor the engine after noting significantly higher than normal starting fuel flow and EGT, rather than immediately aborting or securing the engine before the fire became visible to ground crew.""]}",[],success
20090611X13753,"[{""text"": ""Maintenance crew"", ""role"": ""maintenance"", ""tier"": ""unsafe_decision""}]","{""personnel_readiness"": [""Maintenance crew failed to monitor hydraulic fluid contamination levels (maintenance program deficiency)""], ""unsafe_decision"": [""Maintenance crew: The narrative states that 'ASA Technical Operations implemented a formal program of hydraulic fluid acidity and contamination analysis... Previously, only acidity was tested, not contamination.' This indicates the maintenance organization failed to perform required or best-practice checks for hydraulic fluid condition (contamination), which led to the failure. While often an organizational issue, in HFACS Tier 1, this is classified as a decision by the maintenance personnel/organization to omit a critical check step (Omitted Checklist Step / Improper Procedure) rather than a knowing violation of a specific regulation if no explicit rule was cited as broken knowingly.""]}","[{""subject"": ""unsafe_decision"", ""relation"": ""LEADS_TO"", ""object"": ""situational_tech"", ""evidence"": ""The failure of the left main landing gear to extend due to high levels of particulate contamination in the hydraulic fluid.""}]",success
20090712X94532,[],"{""operator_mental"": [""Complacency (Passenger)"", ""Misplaced Motivation (Passenger)""], ""unsafe_decision"": [""Passenger in seat 24C failed to fasten seatbelt despite illuminated sign and announcements"", ""Passenger in aft lavatory remained standing/unsecured during turbulence""]}",[],success
20090714X83900,[],"{""situational_tech"": [""Equipment Design (Boeing/Manufacturer)""], ""unsafe_decision"": [""Boeing (Manufacturer) - Failure to identify stress concentrations at chemically milled steps during design/manufacturing, leading to fatigue cracking""]}",[],success
20090724X12005,[],"{""personnel_crm"": [""Failed to Communicate (First Officer)""], ""unsafe_decision"": [""The captain stated that the event probably lasted about a minute, or slightly longer. The first officer called the cabin to assess any injuries; he was informed by a flight attendant that at least two, and perhaps three passengers appeared to be injured... The captain contacted the destination controller and requested that medical personnel meet the flight.""]}",[],success
20090724X34459,[],"{""personnel_crm"": [""Failed to Enforce Compliance (Cabin Attendant)""], ""unsafe_decision"": [""Passenger - C: 'The passenger did not comply and entered the lavatory.'"", ""Passenger - C: 'a passenger elected to leave his seat to use the lavatory.'""]}",[],success
20090728X71721,[],"{""personnel_crm"": [""Failed to Coordinate (Captain/Flight Attendants)""], ""unsafe_decision"": [""Captain: 'turned off the sterile cockpit' and initiated beverage service while deviating around a convective cell in moderate turbulence conditions""]}",[],success
20090730X12915,[],"{""operator_mental"": [""Complacency (AAR maintenance technician)""], ""personnel_readiness"": [""Inadequate Preparation/Training (AAR maintenance technician)""], ""unsafe_skill"": [""AAR performed the last overhaul... The oversized I.D. surface was then chrome plated and ground to the design diameter per standard operating procedures manual (SOPM) 20-42-03... abusive grinding/polishing of the chrome plate (Maintenance Personnel)""]}","[{""subject"": ""unsafe_skill"", ""relation"": ""LEADS_TO"", ""object"": ""situational_tech"", ""evidence"": ""The failure of the left hand main landing gear was caused by heat induced cracks resulting from abusive grinding/polishing of the chrome plate that was applied during the last overhaul.""}]",success
20090805X42956,[],"{""operator_mental"": [""Loss of Situational Awareness (Flight Crew)""], ""personnel_crm"": [""Failed to Coordinate (Flight Attendant)""], ""unsafe_decision"": [""Flight crew continued flight into cloud formation despite IMC conditions and lack of radar indications, resulting in inadvertent encounter with convective turbulence""]}",[],success
20090806X21108,[],"{""operator_mental"": [""Complacency (Captain)"", ""Loss of Situational Awareness (First Officer)""], ""personnel_crm"": [""Failed to Coordinate (Captain and First Officer)""], ""unsafe_decision"": [""The flightcrew stated that after leveling off at 14,000 feet mean sea level (msl), both conferred and it was decided to let the flight attendant begin beverage service. ... shortly afterwards they noticed a layer of clouds 10 miles ahead""]}",[],success
20090810X21314,[],"{""operator_mental"": [""Complacency (Pilot Flying)"", ""Loss of Situational Awareness (Pilot Flying)""], ""personnel_crm"": [""Failed to Coordinate (Crew)""], ""unsafe_decision"": [""The relief first officer, who was the pilot flying at the time, stated that he has requested the climb... and after entering the desired altitude in the autopilot system the airplane initiated the climb and then severe turbulence was encountered""]}",[],success
20090828X61756,[],"{""operator_mental"": [""Loss of Situational Awareness (Flight Crew)"", ""Complacency (Dispatch)""], ""personnel_crm"": [""Failed to Communicate (Dispatch)"", ""Failed to Coordinate (Flight Crew)"", ""Failed to Communicate (ATC Personnel)""], ""unsafe_decision"": [""Dispatch department failed to provide current adverse weather information (SIGMETs) contrary to regulatory requirements"", ""Flight crew did not check with dispatch for updated SIGMETs or detect/avoid existing convective conditions despite available data""], ""unsafe_violation"": [""ATC controllers failed to relay hazardous weather information/SIGMETs as required by FAA Order 7110.65R"", ""Flight crew failed to provide relevant forecast information to the cabin crew, violating operator FOM requirements for preflight briefings""]}","[{""subject"": ""unsafe_decision"", ""relation"": ""LEADS_TO"", ""object"": ""personnel_readiness"", ""evidence"": ""the flight crew did not check with dispatch to determine whether any SIGMETS were current for the planned departure time""}, {""subject"": ""unsafe_decision"", ""relation"": ""LEADS_TO"", ""object"": ""personnel_crm"", ""evidence"": ""the flight crew did not advise or instruct the cabin crew to remain seated, nor did they advise the cabin crew of any anticipated turbulence""}, {""subject"": ""unsafe_perception"", ""relation"": ""LEADS_TO"", ""object"": ""personnel_readiness"", ""evidence"": ""the flightcrew could have anticipated the turbulence... and the flight attendants could have either been instructed to remain seated""}]",success
20090909X82446,[],"{""situational_tech"": [""Equipment Design (Lack of torque verification requirement/guidance for brake mounting bolts)"", ""Maintenance Procedure Deficiency (No post-installation torque check mandated)""], ""unsafe_skill"": [""Maintenance personnel failed to detect scoring and fretting damage during the February 17, 2001 AD inspection (or subsequent maintenance) which was the likely area of fatigue crack initiation""]}",[],success
20090910X95942,[],"{""situational_tech"": [""Equipment Design (wire routing/installation error leading to chafing)""], ""unsafe_decision"": [""Maintenance/Manufacturing personnel routed the wire bundle incorrectly and failed to secure it properly, deviating from Boeing installation drawings""]}",[],success
20090910X53412,[],"{""personnel_readiness"": [""Inadequate installation procedure documentation (Omission of O-ring installation steps in CF34-10E EM) - Manufacturer/Engineer"", ""Failure to track document revisions and update maintenance manuals promptly - Manufacturer/Oversight""], ""unsafe_skill"": [""Engine manufacturer assembly personnel: Cross-threaded the B-nut on the HPTACC valve fitting during final engine assembly, resulting in a gap at the primary seal location and reliance on the secondary O-ring seal.""]}",[],success
20090921X73211,[],"{""situational_tech"": [""Equipment Design (Maintenance/Manufacturing): Inadequate corrosion protection system design or maintenance procedures allowing hydraulic/deicing fluid contamination to compromise the truck beam interior coating, leading to stress corrosion cracking.""], ""unsafe_decision"": [""Maintenance personnel failed to detect the deterioration of protective finishes and corrosion during inspection, leading to continued operation with a compromised structural component""]}",[],success
20090921X05830,[],"{""operator_mental"": [""Complacency (Maintenance Personnel)"", ""Channelized Attention (Maintenance Personnel)""], ""unsafe_skill"": [""maintenance personnel likely missed the damage during these inspections (Maintenance Personnel)"", ""pilots performing preflight checks of the airplane would be just as likely to miss the damage (Pilots)""]}",[],success
20091020X14635,[],"{""operator_mental"": [""Loss of Situational Awareness (Flight Attendant)""], ""personnel_crm"": [""Failed to Communicate (Cockpit Crew)"", ""Failed to Coordinate (Cabin Crew)""], ""unsafe_decision"": [""Flight attendant continued with her duties for the remainder of the flight despite sustaining two fractured ribs and a whiplash injury, failing to recognize or report the severity of the medical emergency.""]}",[],success
20091029X02444,[],"{""personnel_crm"": [""Failed to Coordinate (Flight Attendants)""], ""unsafe_decision"": [""Flight attendants were securing the galley (unrestrained) during descent in IMC without anticipating turbulence risk, leading to injury""]}",[],success
20091030X64143,[],"{""operator_mental"": [""Distraction (Captain)"", ""Loss of Situational Awareness (Captain)""], ""personnel_crm"": [""Failed to Coordinate (Captain and First Officer)""], ""unsafe_skill"": [""Over-controlled Aircraft (Captain): The captain initiated a series of excessive control inputs which resulted in a positive vertical acceleration of approximately 1.6g, significantly exceeding the typical \u00b10.25G required for TCAS RAs.""], ""unsafe_decision"": [""Inappropriate Maneuver (Captain): The captain's response to the TCAS Resolution Advisory was not 'promptly but smoothly' as per manufacturer guidance, leading to excessive g-forces and injuries."", ""Poor Decision (Operator/Training Dept): The operator failed to include specific TCAS RA response guidance in the Boeing 717 training program, unlike their Boeing 737 program, leaving pilots without proper procedural instruction.""]}","[{""subject"": ""personnel_readiness"", ""relation"": ""LEADS_TO"", ""object"": ""unsafe_decision"", ""evidence"": ""Review of the airline's training and guidance materials... revealed that this information was included in the training and guidance material for one of the airplane types in their fleet but was not included in the training and guidance materials for the accident airplane type.""}, {""subject"": ""unsafe_decision"", ""relation"": ""LEADS_TO"", ""object"": ""operator_limits"", ""evidence"": ""the captain initiated a series of excessive control inputs which resulted in a positive vertical acceleration of approximately 1.6g.""}]",success
20091102X82140,[],"{""operator_mental"": [""Loss of Situational Awareness (First Officer)""], ""unsafe_decision"": [""Flight crew: 'decided it was a bird strike' (Misdiagnosed Emergency/Improper Procedure - The narrative implies the initial assessment and subsequent handling were based on an assumption rather than full verification, though they did declare an emergency. However, looking closer at the few-shot example, the classification often targets the operator's failure to manage hazards or the crew's specific error. In this case, the primary human factor is often the lack of prior awareness or the decision-making process during the event. Given the 'Effect on operation' finding and the nature of bird strikes, if no specific pilot error like a crash is cited, the classification often falls back to the operator's failure to mitigate risk (unsafe_decision) or the crew's perception. Let's look at the few-shot again: 'Austin Airport representative... Failure to implement required hazard management'. This suggests an organizational/operational unsafe decision. In this narrative, there is no explicit mention of a specific pilot error like flying into known traffic or violating a clearance. The bird strike itself is an environmental factor. However, HFACS requires an unsafe act. Often in bird strikes where the crew handles it well (landed uneventfully), the 'unsafe act' might be attributed to the operator's failure to have adequate wildlife management plans (similar to the few-shot) OR if we must stick to the flight crew, perhaps a lack of situational awareness regarding bird activity? But the prompt says 'Assign an unsafe-act TIER only when the narrative SPECIFICALLY supports that type of act'. The narrative does NOT support a specific pilot error. It describes a successful emergency response. Wait, looking at the few-shot example provided in the prompt: `{""]}",[],success
20091117X55556,[],"{""operator_mental"": [""Loss of Situational Awareness (Pilot in Command)""], ""unsafe_decision"": [""Frontier Airlines: 'does not have an FAA approved Wildlife Management Plan' (Failure to implement required hazard management despite regulatory context)""]}",[],success
20091124X94107,[],"{""operator_mental"": [""Complacency (Captain)"", ""Loss of Situational Awareness (First Officer)""], ""personnel_crm"": [""Failed to Coordinate (Flight Crew)""], ""unsafe_decision"": [""Captain: 'seat belt sign in the cabin, which had previously been off because conditions had been smooth' (Failure to maintain seatbelt sign during cruise where turbulence risk exists)""]}",[],success
20091214X41802,[],"{""operator_mental"": [""Loss of Situational Awareness - Captain"", ""Complacency - First Officer""], ""personnel_crm"": [""Failed to Communicate - First Officer"", ""Failure of Leadership - Captain""], ""unsafe_decision"": [""Captain's decision to execute a Category III autoland approach on a runway without rollout guidance contrary to company Flight Manual guidance"", ""Captain's decision to deviate from the Category III approach and continue it manually contrary to the company Operating Manual"", ""First Officer's failure to call for a go-around when the approach became unstable""]}","[{""subject"": ""unsafe_decision"", ""relation"": ""LEADS_TO"", ""object"": ""unsafe_skill"", ""evidence"": ""The Captain's decision to deviate from the Category III approach and continue it manually contrary to the company Operating Manual... resulting in excessive bank angle maneuvers at low altitude.""}, {""subject"": ""personnel_readiness"", ""relation"": ""LEADS_TO"", ""object"": ""unsafe_decision"", ""evidence"": ""The captain stated that 'he hadn't flown an autoland in 10-12 years... and he didn't feel comfortable with it'... The Captain's decision to execute a Category III autoland approach on a runway without rollout guidance contrary to company Flight Manual guidance.""}, {""subject"": ""unsafe_perception"", ""relation"": ""LEADS_TO"", ""object"": ""unsafe_decision"", ""evidence"": ""The first officer noticed a 'momentary vibration' of the localizer needle... but he did not mention the needle movement to the captain... The First Officer's failure to call for a go-around when the approach became unstable.""}, {""subject"": ""unsafe_decision"", ""relation"": ""LEADS_TO"", ""object"": ""unsafe_violation"", ""evidence"": ""The Captain's decision to execute a Category III autoland approach on a runway without rollout guidance contrary to company Flight Manual guidance.""}]",success
20091223X50505,[],"{""operator_physical"": [""Physical Fatigue (Fuel Truck Driver)""], ""personnel_readiness"": [""Crew Rest Violation (Fuel Truck Driver)""], ""unsafe_decision"": [""Fuel truck driver left vehicle in neutral without setting emergency brake""]}",[],success
20091228X15816,[],"{""operator_mental"": [""Complacency (Maintenance personnel)"", ""Loss of Situational Awareness (Flight crew)""], ""personnel_crm"": [""Failed to Coordinate (Maintenance personnel and Flight crew)""], ""unsafe_decision"": [""Maintenance personnel improperly installed shim stacks (exceeding maximum allowed thickness) and misaligned L-brackets, leading to fatigue failure"", ""Flight crew failed to properly engage the gust lock before takeoff and after landing on approximately 9 of 92 recorded flights, generating cyclic stresses""]}",[],success
20100112X10853,"[{""text"": ""Captain"", ""role"": ""Pilot"", ""tier"": ""unsafe_decision""}, {""text"": ""First Officer"", ""role"": ""Pilot"", ""tier"": ""unsafe_decision""}]","{""operator_mental"": [""Task Saturation (Captain and First Officer)"", ""Loss of Situational Awareness regarding checklist flow (First Officer)""], ""personnel_crm"": [""Failed to Coordinate with Maintenance Control due to communication difficulties (First Officer)"", ""Failure to Adhere to Checklist Timing for Engine Shutdown (Captain)""], ""personnel_readiness"": [""Inadequate Procedural Documentation/Training on Circular References (United Airlines Organization)""], ""unsafe_decision"": [""Captain: 'The Captain acknowledged but said \""get \u2018em now, we don't need \u2018em\""' (deviating from the checklist instruction to shut down engines at touchdown for a single main gear abnormality)"", ""First Officer: 'the crew reported that the checklists were confusing with circular references' (leading to procedural confusion and delay in identifying the correct partial gear landing procedure)""]}","[{""subject"": ""unsafe_decision"", ""relation"": ""CO_OCCURS_WITH"", ""object"": ""unsafe_decision"", ""evidence"": ""The Captain elected to execute a 360 degree turn... the FO read the checklist item 'engine master switch is off at touchdown,' but just prior to landing... the Captain said, 'you wanna get those engines, ya think, now?'""}]",success
20100114X11754,[],"{""situational_tech"": [""Equipment Design (Manufacturer quality control failure leading to defective fuel manifold adapter and transfer tubes)""], ""unsafe_violation"": [""EA maintenance staff repaired a fuel leak... The No. 2 fuel manifold adapter was removed and re-assembled at this time... PWCs\u2019 quality control system failed to capture this quality escape""]}",[],success
20100121X82958,[],"{""operator_mental"": [""Distraction (Captain)"", ""Complacency (First Officer)"", ""Loss of Situational Awareness (Captain)""], ""personnel_crm"": [""Failed to Coordinate (Flight Crew)"", ""Failure of Leadership (Captain)"", ""Failed to Back-up (First Officer)""], ""unsafe_skill"": [""The rapid and perfunctory manner in which the flight crew conducted the Taxi checklist resulted in the captain not visually comparing the airplane\u2019s flap position with the aircraft communications addressing and reporting system data (Captain)"", ""the first officer stated, \u201cflaps 8\u201d ... indicating that he had selected the flap handle to the flaps 8 position, not to the flaps 20 position as called for by the captain (First Officer)""], ""unsafe_decision"": [""the captain\u2019s decision to attempt to reconfigure the flaps and delay the RTO ... resulted in the rejected takeoff beginning when the airplane was about 13 knots above the takeoff decision speed (Captain)"", ""the flight crewmembers\u2019 lack of checklist discipline, which contributed to their failure to detect the incorrect flap setting before initiating the takeoff roll (Flight Crew)""], ""unsafe_violation"": [""The flight crewmembers' unprofessional behavior, including their nonadherence to sterile cockpit procedures by engaging in nonpertinent conversation ... throughout the entire taxi (Flight Crew)""]}","[{""subject"": ""unsafe_violation"", ""relation"": ""LEADS_TO"", ""object"": ""unsafe_perception"", ""evidence"": ""The flight crewmembers' unprofessional behavior, including their nonadherence to sterile cockpit procedures by engaging in nonpertinent conversation... led to their failure to correctly set and verify the flaps""}, {""subject"": ""unsafe_violation"", ""relation"": ""LEADS_TO"", ""object"": ""unsafe_skill"", ""evidence"": ""The rapid and perfunctory manner in which the flight crew conducted the Taxi checklist resulted in the captain not visually comparing the airplane\u2019s flap position with the aircraft communications addressing and reporting system data""}, {""subject"": ""unsafe_perception"", ""relation"": ""LEADS_TO"", ""object"": ""unsafe_decision"", ""evidence"": ""The captain's decision to reconfigure the flaps during the takeoff roll instead of rejecting the takeoff when he first identified the misconfiguration""}, {""subject"": ""unsafe_skill"", ""relation"": ""LEADS_TO"", ""object"": ""unsafe_decision"", ""evidence"": ""The flight crewmembers' lack of checklist discipline, which contributed to their failure to detect the incorrect flap setting before initiating the takeoff roll""}]",success
20100216X20235,[],"{""operator_mental"": [""Loss of Situational Awareness (Captain)"", ""Distraction (Captain)""], ""personnel_crm"": [""Failed to Coordinate (First Officer)""], ""unsafe_skill"": [""Breakdown in Visual Scan (Captain failed to monitor heading during descent)"", ""Inadvertent Flight Control Use (Captain inadvertently allowed airplane to turn off assigned heading)""]}","[{""subject"": ""unsafe_perception"", ""relation"": ""LEADS_TO"", ""object"": ""unsafe_decision"", ""evidence"": ""The captain stated that he noticed that he had inadvertently allowed the airplane to turn to a 163-degree heading and immediately initiated a turn back to the assigned heading of 190 degrees.""}, {""subject"": ""unsafe_decision"", ""relation"": ""LEADS_TO"", ""object"": ""operator_mental"", ""evidence"": ""The captain stated that he began to shallow the airplane's rate of descent to its assigned altitude of 6,000 feet to avoid the traffic.""}, {""subject"": ""unsafe_perception"", ""relation"": ""LEADS_TO"", ""object"": ""operator_mental"", ""evidence"": ""The captain stated that he responded by making a shallow turn to the right to avoid the traffic.""}]",success
20100216X34257,"[{""text"": ""Captain"", ""role"": ""Flight crew"", ""tier"": ""unsafe_skill""}, {""text"": ""First Officer"", ""role"": ""Flight crew"", ""tier"": ""unsafe_skill""}, {""text"": ""Marshaller"", ""role"": ""Ground crew"", ""tier"": ""unsafe_perception""}]","{""operator_mental"": [""Channelized Attention (Captain)"", ""Loss of Situational Awareness (First Officer)"", ""Distraction (Marshaller)""], ""personnel_crm"": [""Failed to Coordinate (Flight Crew and Marshaller)""], ""unsafe_skill"": [""Flight crew: 'chose to maintain visual attention on the marshaller' and 'never saw the jet bridge on the left side', indicating a breakdown in visual scan/monitoring of the environment"", ""Ground crew (Marshaller): 'concentrating on his left side view... due to the fuel truck being parked... he did not want to hit the wing tip', indicating failure to prioritize attention and monitor the correct stop line""], ""unsafe_perception"": [""Ground crew (Marshaller): 'misjudged the EMB line because he had been looking at the fuel truck', indicating a misjudgment of distance/position relative to the gate markings""]}","[{""subject"": ""unsafe_perception"", ""relation"": ""LEADS_TO"", ""object"": ""unsafe_skill"", ""evidence"": ""The marshaller reported that he was concentrating on the airplane\u2019s right side... and misjudged the stop line marked for EMB airplanes... The captain... chose to maintain visual attention on the marshaller. Just as the marshaller raised his hands to perform the stop signal, the left propeller struck the jet bridge.""}]",success
20100219X11249,[],"{""operator_mental"": [""Complacency (Maintenance Technician)"", ""Haste (Maintenance Technician)""], ""personnel_readiness"": [""Inadequate Preparation/Inspection (Maintenance Technician)""], ""unsafe_skill"": [""AAR LGS maintenance personnel performed abusive grinding/polishing of the chrome plating to size, resulting in circumferential grinding burns and intergranular cracking (Maintenance Personnel)""]}",[],success
20100222X84927,[],"{""operator_mental"": [""Complacency (Flight Crew)"", ""Loss of Situational Awareness (Flight Crew)""], ""personnel_crm"": [""Failed to Coordinate (Flight Crew and Flight Attendants)""], ""unsafe_decision"": [""The flight crew requested a descent to FL300 and began to encounter moderate turbulence after starting the descent (Flight Crew)""]}",[],success
20100312X84023,[],"{""operator_mental"": [""Complacency (Flight Attendants)"", ""Loss of Situational Awareness (Flight Attendants)""], ""personnel_crm"": [""Failed to Coordinate (Captain/Flight Attendants)""], ""unsafe_decision"": [""Flight attendants began the final preparation for landing... All three flight attendants were standing at the time, preparing the cabin""]}",[],success
20100315X12046,[],"{""situational_tech"": [""Equipment Design (Tailcone lightning protection inadequacy leading to bulkhead displacement and elevator binding) - Aircraft Manufacturer/Design""], ""unsafe_decision"": [""Dispatch: The dispatch did not forecast lightning in the area of the lightning strike about the time of the strike, despite available meteorological data indicating thunderstorms and lightning potential.""]}",[],success
20100405X40816,[],"{""personnel_crm"": [""Failed to Coordinate (Captain/Flight Attendants)""], ""unsafe_decision"": [""Captain: 'asked the cabin flight attendants to be seated' shortly before encountering moderate turbulence, failing to ensure compliance or delay departure from sterile cockpit procedures until secured""]}",[],success
20100410X34740,[],"{""operator_mental"": [""Complacency (Ground Service Employee)"", ""Distraction (Ground Service Employee)""], ""situational_tech"": [""Equipment Design/Defect: Inoperative seat switch failed to disengage motor (Tug Manufacturer/Maintenance)""], ""unsafe_decision"": [""The tug operator exited the vehicle without setting its parking brake, turning off its engine, or placing the gear selector in neutral or park (Ground Service Employee)""]}","[{""subject"": ""unsafe_violation"", ""relation"": ""CO_OCCURS_WITH"", ""object"": ""situational_tech"", ""evidence"": ""The tug operator's failure to comply with company procedures when parking an unoccupied baggage tug, and the failure of the tug's seat switch to disengage the electric motor""}]",success
20100423X01145,[],"{""operator_mental"": [""Loss of Situational Awareness (Pilot)"", ""Distraction (Flight Attendant)""], ""personnel_crm"": [""Failed to Coordinate (Crew)""], ""unsafe_decision"": [""Flight crew deviated around clouds and entered a buildup of clouds that was 'unavoidable' due to their course correction decision, resulting in moderate to severe turbulence""]}",[],success
20100423X02633,[],"{""operator_mental"": [""Distraction - Flight Attendant""], ""unsafe_skill"": [""Flight attendant tripped and fell""]}",[],success
20100503X82523,[],"{""operator_mental"": [""Complacency (Mechanic)"", ""Channelized Attention (Inspector)""], ""situational_tech"": [""Equipment Design (Latch Assembly False Latch Condition)""], ""unsafe_skill"": [""Maintenance personnel - Mechanic: 'failure of the mechanic to unstow and properly latch and lock the fan cowl latches after the engine maintenance had been completed'"", ""Maintenance personnel - Inspector: 'failure of the maintenance inspector to detect and identify the unlatched condition'""]}","[{""subject"": ""unsafe_skill"", ""relation"": ""LEADS_TO"", ""object"": ""unsafe_violation"", ""evidence"": ""failure of the mechanic to unstow and properly latch and lock the fan cowl latches""}, {""subject"": ""unsafe_perception"", ""relation"": ""LEADS_TO"", ""object"": ""unsafe_violation"", ""evidence"": ""failure of the maintenance inspector to detect and identify the unlatched condition""}]",success
20100507X94749,[],"{""operator_mental"": [""Loss of Situational Awareness (Flight Crew)"", ""Complacency (Flight Crew)""], ""personnel_crm"": [""Failed to Coordinate (Cabin Crew)""], ""unsafe_decision"": [""The flight crew's inadequate separation from convective activity that resulted in serious injury to an unrestrained flight attendant""]}",[],success
20100517X92932,[],"{""operator_mental"": [""Complacency (Maintenance Technician)"", ""Loss of Situational Awareness (Maintenance Technician)""], ""personnel_crm"": [""Failed to Coordinate (Maintenance Lead and Mechanic)""], ""unsafe_decision"": [""JFK maintenance technician decided to defer the maintenance write-up for 50 flight hours based on a customized AMM limitation, despite the captain reporting the connector was 'hot to the touch' and 'charred', leading to inadequate troubleshooting of a failing component.""]}",[],success
20100520X02527,[],"{""personnel_readiness"": [""Maintenance crew failed to perform adequate lubrication and inspection of the fore flap carriage assembly, allowing corrosion and grease buildup to block lubrication passages""], ""unsafe_skill"": [""Maintenance personnel failed to properly lubricate the fore flap carriage assembly attachment fitting, evidenced by 'large amount of contamination and grease buildup around the lubrication fitting' and 'Extensive corrosion byproducts covered up the lubrication passage', resulting in a breakdown in maintenance technique.""]}",[],success
20100523X62317,[],"{""situational_tech"": [""Equipment Design (Nose landing gear system malfunction/undetermined cause)""], ""unsafe_decision"": [""The pilots followed the emergency procedures in the operator's Quick Reference Handbook but were unable to lower the nose landing gear... The pilots then performed a low-level flyby so air traffic control tower (ATCT) and ground personnel could evaluate the condition of the nose landing gear. When ATCT and ground personnel confirmed that the landing gear doors were open and the nose landing gear remained retracted, the pilots decided to make an emergency landing with the nose landing gear retracted.""]}",[],success
20100525X31845,[],"{""operator_mental"": [""Complacency (Flight Crew)""], ""unsafe_decision"": [""Captain decided to keep the seat belt sign off for approximately 30 minutes prior to the turbulence encounter, despite operating in conditions conducive to severe turbulence (icecap wave instability), leading to injuries.""]}",[],success
20100606X02721,[],"{""operator_mental"": [""Loss of Situational Awareness - First Officer"", ""Complacency - Captain""], ""personnel_crm"": [""Failed to Coordinate - Flight Crew (Captain and First Officer)""], ""unsafe_perception"": [""The first officer replied affirmative and continued with preparing for takeoff (First Officer misjudged clearance)""], ""unsafe_violation"": [""The flight crew subsequently felt a jolt as the right wing tip of the A330 contacted the rudder of the A321 (Flight Crew failed to maintain required taxiway clearance)""]}","[{""subject"": ""unsafe_perception"", ""relation"": ""LEADS_TO"", ""object"": ""unsafe_decision"", ""evidence"": ""The first officer replied that there was adequate clearance and continued with preparing for takeoff.""}, {""subject"": ""unsafe_decision"", ""relation"": ""LEADS_TO"", ""object"": ""unsafe_skill"", ""evidence"": ""The flight crew subsequently felt a jolt as the right wing tip of the A330 contacted the rudder of the A321.""}]",success
20100608X35931,[],"{""operator_mental"": [""Complacency (Maintenance Technician)"", ""Loss of Situational Awareness (Quality Control Inspector)""], ""personnel_crm"": [""Failed to Coordinate (Maintenance Crew / Quality Assurance)""], ""unsafe_skill"": [""Maintenance personnel used a chemical cleaning solution that caused hydrogen embrittlement, leading to intergranular cracking (Poor Technique)"", ""AAR performed the last overhaul... The oversized I.D. surface was then chrome plated and ground to the design diameter per standard operating procedures manual (SOPM) 20-42-03... abusive grinding/polishing of the chrome plate (Maintenance Personnel)""], ""unsafe_decision"": [""The cracked condition was not identified during the 2007 shop visit and the cylinder was returned to service in 2008 (Improper Procedure/Inspection Failure by Maintenance Personnel)"", ""Review of overhaul records revealed that the component experienced multiple plating, stripping, and machining/honing/polishing operations during the overhaul in 2004... The evidence collected during this investigation indicates that the observed discrepant pitting and heat damage conditions were created at that time (Poor Decision/Technique by Maintenance Personnel)""]}",[],success
20100617X02311,[],"{""situational_tech"": [""Equipment Design (Fire protection system wiring malfunction/short circuit in squib test panel L3)""], ""unsafe_decision"": [""Ground maintenance personnel: Performed a 'push to test' on the right sidewall accessory panel (P61) which initiated a short circuit and fire, indicating an improper procedure or failure to verify system integrity before testing.""]}",[],success
20100701X93344,"[{""text"": ""Flight crew's failure to detect and avoid the thunderstorm cell earlier in the flight"", ""role"": ""Captain/First Officer"", ""tier"": ""unsafe_decision""}, {""text"": ""Failure of air traffic controllers to provide the convective weather information to the flight crew as required per FAA Order 7110.65"", ""role"": ""ATC Controllers"", ""tier"": ""unsafe_decision""}]","{""operator_mental"": [""Loss of Situational Awareness (Flight Crew)"", ""Complacency (Flight Crew)""], ""personnel_crm"": [""Failed to Communicate (ATC Personnel)"", ""Failure to Coordinate (Flight Crew)""], ""unsafe_decision"": [""Flight crew's failure to detect and avoid the thunderstorm cell earlier in the flight (Captain/First Officer)"", ""Failure of air traffic controllers to provide the convective weather information to the flight crew as required per FAA Order 7110.65 (ATC Controllers)""]}","[{""subject"": ""unsafe_decision"", ""relation"": ""CO_OCCURS_WITH"", ""object"": ""unsafe_decision"", ""evidence"": ""Contributing to the accident was the flight crew's failure to detect and avoid the thunderstorm cell earlier in the flight, and the failure of air traffic controllers to provide the convective weather information to the flight crew.""}]",success
20100714X63624,[],"{""operator_mental"": [""Complacency (Baggage Handler)""], ""personnel_crm"": [""Failed to Coordinate (Ground Crew/ATC)""], ""unsafe_skill"": [""baggage handler 'made sure that it was locked' by giving the cart a 'push' from the left side""]}",[],success
20100719X80209,[],"{""operator_mental"": [""Complacency (Captain)"", ""Loss of Situational Awareness (Flight Attendant)""], ""personnel_crm"": [""Failed to Communicate (Captain/Flight Deck)""], ""unsafe_decision"": [""Captain: 'seatbelt sign was not illuminated' despite navigating around scattered cloud build-ups and encountering turbulence, leading to unsecured cabin crew""]}",[],success
20100720X43639,[],"{""situational_tech"": [""Equipment Design (Switch failure/defect)""], ""unsafe_decision"": [""Maintenance crew: Failed to identify the root cause of the electrical anomaly (broken wire) during the repair on 9/2/2008, leading to continued operation with a latent defect that eventually caused a fire.""]}",[],success
20100806X53016,[],"{""personnel_readiness"": [""Maintenance organization failed to incorporate known service bulletin requirements (Boeing AMM/Honeywell SB) into their maintenance procedures, resulting in inadequate inspection criteria for carbon brake oxidation""], ""unsafe_decision"": [""United AMM767-32-41-08 Main gear wheel brakes inspection/check dated June 6, 2009 did not contain any inspection criteria for carbon brake oxidation (Maintenance/Operator)""]}",[],success
20100809X75512,[],"{""operator_mental"": [""Loss of Situational Awareness - FAST13 Pilot""], ""situational_tech"": [""Radar System Limitation (Failed to Display Altitude Change) - ATC Controller"", ""Lack of TCAS Equipment - FAST13 Pilot""], ""unsafe_decision"": [""FAST13 began a brief climb to FL286 before returning to FL280 (T-38 pilot)""]}",[],success
20100811X20501,[],"{""operator_mental"": [""Channelized Attention (Captain)""], ""unsafe_skill"": [""Breakdown in Visual Scan (Captain/First Officer)""]}",[],success
20100827X20401,[],"{""operator_mental"": [""Loss of Situational Awareness - First Officer"", ""Complacency - First Officer""], ""situational_tech"": [""Interface Design (Proximity of Speed Brake and Parking Brake Controls) - Aircraft System"", ""Automation/Alerting Logic (ECAM Emergency Cancel Functionality) - Aircraft System""], ""unsafe_skill"": [""Inadvertent Flight Control Use: The first officer inadvertently activated the parking brake at the same time as he activated the speed brakes.""], ""unsafe_decision"": [""Improper Procedure: The first officer used a nonstandard procedure to cancel the airplane's monitoring alert system (ECAM emergency cancel) to preempt autopilot disconnect audio, which inhibited warnings for the in-flight parking brake activation.""]}","[{""subject"": ""unsafe_skill"", ""relation"": ""LEADS_TO"", ""object"": ""unsafe_decision"", ""evidence"": ""The first officer stated that he activated the speed brake. It is likely that the first officer inadvertently activated the parking brake at the same time... and his use of a nonstandard procedure to cancel the airplane's monitoring alert system.""}, {""subject"": ""unsafe_decision"", ""relation"": ""LEADS_TO"", ""object"": ""unsafe_perception"", ""evidence"": ""This action also terminated, in part, most of the visual alert indications associated with the in-flight parking brake activation... The flight crew stated that they were unaware of any indications or warnings related to the parking brake system during flight.""}]",success
20100928X12406,[],"{""situational_tech"": [""Equipment Design (Landing gear door seal wear/jamming mechanism)""], ""unsafe_decision"": [""Maintenance personnel failed to identify and correct the improper positioning/rigging of the MLG door or worn seal during previous maintenance, leading to the jammed condition (implied by 'Improper positioning of the door (possibly due to rigging)' and failure to prevent recurrence after similar event)""]}",[],success
20100930X00358,[],"{""operator_mental"": [""Misinterpretation of checklist note by Captain"", ""Failure to recognize incomplete procedure (Step 9) by Flight Crew""], ""personnel_crm"": [""Inadequate crew coordination during emergency troubleshooting by Flight Crew""], ""unsafe_decision"": [""The captain stated that the notes in the checklist implied to him that the landing gear could come back up if he stowed the manual extension handle... After discussing their interpretation of the note, the flight crew decided to leave the landing gear manual release handle in the extended position and proceeded to land."", ""The captain indicated that he may have initially used the 'Gear UP Disagree' procedure but eventually used the 'Gear DN Disagree' procedure for trouble shooting prior to landing.""]}",[],success
20101006X00507,[],"{""operator_limits"": [""Insufficient Reaction Time - Passenger""], ""unsafe_skill"": [""Passenger lost her balance and fell to the ground""]}",[],success
20101019X33258,[],"{""situational_tech"": [""Equipment Design (Power-assist motor cable lodged in door assembly causing jam)"", ""Interface (Door latch mechanism failure requiring excessive force)""], ""personnel_crm"": [""Failed to Coordinate (Captain and ground personnel did not effectively coordinate the opening procedure, leading to conflicting forces or lack of synchronized action)""], ""unsafe_decision"": [""Captain exerted a large force with his shoulder and was able to get the door to open... The door opened and extended beyond its normal limits (Captain)""]}",[],success
20101027X04916,[],"{""situational_tech"": [""Equipment Design (Manufacturer): The Boeing 757 fuselage crown skin panel was manufactured with a single-step chemical milling process that resulted in nonconforming thickness (0.034-0.035 inch vs 0.039 inch minimum), creating a structural weakness susceptible to fatigue cracking.""], ""unsafe_decision"": [""Manufacturer (Boeing) failed to implement adequate quality control or inspection procedures during the single-step chemical milling process, resulting in skin thickness below specified minimums (0.034-0.035 inch vs 0.037/0.039 inch required), which led to fatigue failure.""]}",[],success
20101103X34855,[],"{""operator_mental"": [""Haste (Ground crew worker)""], ""unsafe_decision"": [""attempted to pull the cart away from the airplane without disconnecting the hose (Ground Crew Worker)""]}",[],success
20101103X44221,[],"{""operator_mental"": [""Complacency (United Airlines driver)"", ""Loss of Situational Awareness (United Airlines driver)""], ""personnel_crm"": [""Failure of Leadership (United Airlines Maintenance Management)"", ""Failed to Coordinate (United Airlines Ground Operations)""], ""unsafe_decision"": [""Driver stated that he put the truck in park, and exited the truck with the engine running... He also stated that he did not apply the parking brake (Ground Vehicle Driver)"", ""The driver had not accomplished a complete user check of the truck at the beginning of his shift, as required by airline policy (Ground Vehicle Driver)""]}","[{""subject"": ""unsafe_decision"", ""relation"": ""LEADS_TO"", ""object"": ""unsafe_violation"", ""evidence"": ""The driver stated that he put the truck in park, and exited the truck with the engine running... He also stated that he did not apply the parking brake.""}, {""subject"": ""unsafe_decision"", ""relation"": ""LEADS_TO"", ""object"": ""unsafe_violation"", ""evidence"": ""The driver had not accomplished a complete user check of the truck at the beginning of his shift, as required by airline policy.""}, {""subject"": ""unsafe_violation"", ""relation"": ""LEADS_TO"", ""object"": ""situational_tech"", ""evidence"": ""The pickup truck driver's failure to follow airport and company policies regarding ground vehicle operations, which allowed for the unattended truck to collide with the airplane.""}, {""subject"": ""unsafe_violation"", ""relation"": ""CO_OCCURS_WITH"", ""object"": ""situational_tech"", ""evidence"": ""Contributing to the accident were the truck's misadjusted shift lever and disconnected parking brake.""}]",success
20101108X84714,[],"{""operator_mental"": [""Loss of Situational Awareness (Captain/First Officer)""], ""unsafe_perception"": [""Breakdown in Visual Scan - Flight Crew""]}",[],success
20101116X51712,[],"{""operator_mental"": [""Loss of Situational Awareness (Pilot-in-Command)""], ""unsafe_skill"": [""Breakdown in Visual Scan (Captain/First Officer)""]}",[],success
20101124X20432,[],"{""operator_mental"": [""Haste (Captain)"", ""Misplaced Motivation (Captain)""], ""personnel_crm"": [""Failed to Coordinate (Tug Driver & Captain)"", ""Failed to Communicate (Tug Driver)""], ""unsafe_decision"": [""Captain started both engines due to a concern that, by starting one engine only, he would encounter control problems taxiing in the slippery conditions"", ""Tug driver began the process of pushing the airplane back... with the larger tug attached, he began the pushback""]}","[{""subject"": ""unsafe_decision"", ""relation"": ""LEADS_TO"", ""object"": ""unsafe_skill"", ""evidence"": ""The captain started both engines due to a concern that, by starting one engine only, he would encounter control problems taxiing in the slippery conditions.""}, {""subject"": ""personnel_readiness"", ""relation"": ""LEADS_TO"", ""object"": ""unsafe_decision"", ""evidence"": ""No guidance existed for either the flight or ground crew regarding pushback procedures in low traction ramp conditions with an inoperative APU.""}, {""subject"": ""unsafe_skill"", ""relation"": ""LEADS_TO"", ""object"": ""situational_tech"", ""evidence"": ""The thrust from the airplane's engines, which were running at idle, exceeded the traction available to the tug.""}]",success
20101130X64248,[],"{""operator_mental"": [""Complacency (Flight Attendant)"", ""Loss of Situational Awareness (Flight Attendant)""], ""personnel_crm"": [""Failed to Coordinate (Captain/Dispatcher)""], ""unsafe_decision"": [""Flight attendant was standing by the forward wardrobe closet and was thrown up into the ceiling... She broke her nose and fractured her left wrist (Crew member failed to remain seated during known turbulence conditions despite seat belt sign being illuminated)""]}",[],success
20101203X60119,[],"{""operator_physical"": [""Medical Illness (Passenger)""], ""personnel_crm"": [""Failed to Coordinate (Gate Agent/Flight Attendant)""], ""unsafe_decision"": [""Passenger decided to deplane without assistance despite having a preexisting condition that limited her mobility""]}",[],success
20101203X90900,[],"{""personnel_crm"": [""Flight attendant failed to secure self and equipment during turbulence""], ""unsafe_decision"": [""Flight Attendant: 'preparing a beverage cart' in the aft cabin during climb-out despite known thunderstorm activity and turbulence risk, failing to secure self or equipment""]}",[],success
20101208X40921,[],"{""operator_mental"": [""Loss of Situational Awareness - First Officer"", ""Complacency - Captain""], ""operator_limits"": [""Inexperience in position - First Officer"", ""Visual Limitation (Night conditions) - First Officer""], ""personnel_crm"": [""Failure of Leadership (Captain accepted inadequate clearance check) - Captain"", ""Failed to Coordinate (Insufficient verification of wingtip clearance) - First Officer""], ""unsafe_perception"": [""The first officer indicated that based on the time of the night, conditions of the field, and the lighting, he thought they had enough clearance to taxi by that regional jet (First Officer)""]}","[{""subject"": ""unsafe_perception"", ""relation"": ""LEADS_TO"", ""object"": ""unsafe_decision"", ""evidence"": ""The first officer indicated that based on the time of the night, conditions of the field, and the lighting, he thought they had enough clearance to taxi by that regional jet.""}, {""subject"": ""unsafe_decision"", ""relation"": ""LEADS_TO"", ""object"": ""unsafe_skill"", ""evidence"": ""The Boeing 747 first officer's failure to maintain clearance from another airplane while taxiing due to his inadequate judgment of the distance between the airplanes.""}]",success
20101220X14621,[],"{""operator_mental"": [""Distraction (Tug operator)"", ""Loss of Situational Awareness (Tug operator)""], ""personnel_crm"": [""Failed to Coordinate (Wing walker and Tug operator)""], ""unsafe_skill"": [""Breakdown in Visual Scan - Tug operator""]}",[],success
20110207X84026,[],"{""operator_mental"": [""Loss of Situational Awareness - Pilot in Command"", ""Complacency - First Officer""], ""personnel_crm"": [""Failed to Coordinate - Flight Crew (Captain and First Officer)""], ""unsafe_decision"": [""The pilots' lack of consideration for developing and known weather conditions en route to and at the destination airport, resulting in a runway excursion (Pilot - Captain)""]}",[],success
20110209X55126,[],"{""operator_mental"": [""Distraction (Captain)"", ""Loss of Situational Awareness (First Officer)""], ""personnel_crm"": [""Failed to Coordinate (Maintenance Technician)""], ""unsafe_skill"": [""The AMT who conducted the preflight engine test stated he does not pull the FDR circuit breaker, he did not remember pulling it, and thought it was depressed, but the readout showed no ground operation prior to the incident (Omitted Checklist Step / Failure to secure recorder)""]}",[],success
20110219X32035,[],"{""personnel_crm"": [""Failed to Coordinate (Flight Attendants not secured/briefed for turbulence)""], ""unsafe_decision"": [""Flight attendants were not secured in their jump seats during the approach phase (6,000 ft MSL) despite the risk of turbulence, leading to injury""]}",[],success
20110222X20316,[],"{""operator_mental"": [""Complacency (Tractor Driver)"", ""Haste (Tractor Driver)""], ""personnel_crm"": [""Failed to Coordinate (Tractor Driver and Flight Crew)""], ""unsafe_skill"": [""The tractor driver said that he checked the tow bar and ascertained that the bypass pin was in place... The tractor driver's failure to confirm that the tow bar head/handle was secured correctly to the airplane.""]}",[],success
20110228X54428,[],"{""operator_mental"": [""Complacency (Captain/First Officer)""], ""personnel_crm"": [""Failed to Coordinate (Flight Attendants)""], ""unsafe_decision"": [""Captain advised flight attendants to finish up their duties early... as the initial and final chimes would be given earlier than the normal 20 and 10 minutes out (Captain)""]}",[],success
20110317X14552,[],"{""operator_mental"": [""Loss of Situational Awareness - Flight Crew"", ""Complacency - Flight Crew""], ""situational_tech"": [""Equipment Design (Fire Detection System) - Aircraft Manufacturer/Operator"", ""Equipment Design (Engine Oil Pump/Bearing) - Engine Manufacturer""], ""unsafe_decision"": [""The flight crew did not shut down the engine following an engine oil pressure master warning, which led to a hard rub inside the engine that served as an ignition point for a titanium fire.""]}","[{""subject"": ""unsafe_decision"", ""relation"": ""LEADS_TO"", ""object"": ""situational_tech"", ""evidence"": ""The flight crew did not shut down the engine... The continued operation without oil flow elevated engine operating temperatures, and the No. 5 engine bearing cavity temperature increased beyond the material properties of the No. 5 bearing seal runner.""}]",success
20110318X05118,[],"{""operator_mental"": [""Distraction (Captain)""], ""situational_tech"": [""Interface (Nosewheel Steering System/Tiller)""], ""unsafe_skill"": [""Inadvertent Flight Control Use (Captain: 'the book may have been in the area of the nosewheel tiller control but was not on the tiller', 'it is possible that the weight of a book engaged the tiller')""]}",[],success
20110323X24235,[],"{""operator_mental"": [""Loss of Situational Awareness (Captain)""], ""situational_tech"": [""Equipment Design (Spoiler-induced pitch-up tendency not adequately anticipated by crew due to system behavior)""], ""unsafe_skill"": [""The captain's failure to control the airplane pitch-up induced by ground spoiler deployment during the go-around (Captain)""]}","[{""subject"": ""unsafe_perception"", ""relation"": ""LEADS_TO"", ""object"": ""unsafe_decision"", ""evidence"": ""It is likely that the crew did not anticipate the spoiler-induced pitch-up after touchdown, which resulted in the tailstrike.""}, {""subject"": ""unsafe_decision"", ""relation"": ""LEADS_TO"", ""object"": ""unsafe_skill"", ""evidence"": ""The captain's failure to control the airplane pitch-up induced by ground spoiler deployment during the go-around.""}]",success
20110328X80923,[],"{""personnel_crm"": [""Dispatch failed to communicate latest convective SIGMET information to the flight crew""], ""unsafe_decision"": [""Dispatch failed to include the latest convective significant meteorological information (SIGMET) 22C for an area of severe thunderstorms, which existed in the immediate vicinity of the upset location""]}",[],success
20110329X33129,[],"{""operator_mental"": [""Complacency (Cabin Crew)"", ""Loss of Situational Awareness (Cabin Crew)""], ""unsafe_decision"": [""Improper latching of the aft galley cart prior to landing (Cabin Crew)""]}",[],success
20110401X24330,[],"{""operator_mental"": [""Complacency - Flight Attendant A"", ""Loss of Situational Awareness - Flight Attendant A""], ""personnel_readiness"": [""Inadequate Training/Preparation - Manufacturing Personnel (Improper installation)""], ""unsafe_decision"": [""Flight attendant A's incorrect assessment of his time of useful consciousness, which led to his failure to follow procedures requiring immediate donning of an oxygen mask (Cabin Crew)""]}","[{""subject"": ""unsafe_perception"", ""relation"": ""LEADS_TO"", ""object"": ""unsafe_decision"", ""evidence"": ""flight attendant A's incorrect assessment of his time of useful consciousness, which led to his failure to follow procedures requiring immediate donning of an oxygen mask""}]",success
20110404X21934,[],"{""operator_mental"": [""Haste (Captain)"", ""Loss of Situational Awareness (First Officer)"", ""Distraction (Captain)""], ""personnel_crm"": [""Failure of Leadership (Captain)"", ""Failed to Communicate (Captain)"", ""Failed to Coordinate (Flight Crew)""], ""unsafe_skill"": [""Omitted Checklist Step (Captain)"", ""Failed to Prioritize Attention (First Officer)""], ""unsafe_decision"": [""Improper Procedure (Captain)"", ""Poor Decision (Captain)""]}","[{""subject"": ""personnel_crm"", ""relation"": ""LEADS_TO"", ""object"": ""unsafe_decision"", ""evidence"": ""The captain's failure to set the tone in the cockpit and ineffective management of the emergency resulted in neither crewmember fully understanding the situation they were faced with""}, {""subject"": ""personnel_crm"", ""relation"": ""LEADS_TO"", ""object"": ""unsafe_skill"", ""evidence"": ""The flight crew did not adequately transfer control of the airplane \u2013 the first officer did not brief the captain on the status of the airplane and the captain did not brief the status of the emergency procedures""}, {""subject"": ""unsafe_decision"", ""relation"": ""LEADS_TO"", ""object"": ""unsafe_skill"", ""evidence"": ""The captain continued with the Avionics Smoke procedure but did not do so with the necessary thoughtfulness and made several missed steps""}, {""subject"": ""personnel_readiness"", ""relation"": ""LEADS_TO"", ""object"": ""unsafe_decision"", ""evidence"": ""The captain said he knew he would be in direct law with no antiskid or nose wheel steering, but he did not recall telling the first officer this""}]",success
20110406X54825,[],"{""operator_limits"": [""Lack of training on jet bridge operation with deactivated brake system - Gate Agent""], ""situational_tech"": [""Inoperable Emergency Stop button due to deactivated brakes - Jet Bridge Equipment"", ""Deactivated brake system creating unsafe condition - Airport Management/Equipment""], ""unsafe_decision"": [""Gate agent selected incorrect action by attempting to maneuver the jet bridge with the brake system deactivated and emergency stop inoperable, despite observing it being blown toward the airplane"", ""Airport management made an unsafe decision to deactivate the jet bridge braking system for two years without providing adequate alternative safety measures or training""]}","[{""subject"": ""unsafe_decision"", ""relation"": ""LEADS_TO"", ""object"": ""situational_tech"", ""evidence"": ""The airport authorities' improper decision to deactivate the jet bridge braking system which created an unsafe condition by the gate agents not being able to stop the bridge from impacting the airplane during a wind gust.""}, {""subject"": ""unsafe_decision"", ""relation"": ""LEADS_TO"", ""object"": ""personnel_readiness"", ""evidence"": ""They did not receive training on the jet bridge when the brake system was deactivated.""}]",success
20110407X95823,[],"{""situational_tech"": [""Equipment Design (Maintenance/Manufacturing): Inadequate clearance between IDG power cables and hydraulic lines violating installation specifications"", ""Equipment Design (Maintenance/Manufacturing): Fractured hydraulic line support brackets leading to chafing""], ""unsafe_decision"": [""Maintenance/Manufacturing: Installed IDG power feeder cable with clearance of 0.0625 inches from hydraulic line, violating Bombardier wiring installation specifications requiring 2.0 inch separation (or minimum 0.5 inch deflection clearance), leading to chafing and arcing.""]}",[],success
20110412X23201,[],"{""operator_mental"": [""Distraction (A380 Captain checking taxi map)"", ""Loss of Situational Awareness (A380 Flight Crew failing to identify wingtip clearance path)""], ""personnel_crm"": [""Failed to Communicate (CRJ701 Flight Crew not advising ATC of deviation/clearance status)"", ""Failed to Coordinate (CRJ701 Ramp Controller and Flight Crew not coordinating with ATC regarding tail position on active taxiway)""], ""unsafe_perception"": [""the two A380 pilots stated that they did not notice the CRJ on M taxiway - Pilot of Air France A380"", ""The A380 captain in the right seat may have been momentarily distracted when he checked his taxi map for an intersection shortly before the collision occurred - Captain (Air France A380)"", ""the A380 pilot in the jumpseat said that he saw the CRJ but did not think there was a danger of collision with it - Jumpseat Pilot (Air France A380)""], ""unsafe_violation"": [""Neither the accident flight crew nor the Comair ramp controller advised ATC that a portion of the airplane was extended onto an active taxiway - Pilot of Comair CRJ701""]}","[{""subject"": ""personnel_readiness"", ""relation"": ""LEADS_TO"", ""object"": ""unsafe_perception"", ""evidence"": ""they did not receive any guidance or training on wingtip clearance in the airplane""}, {""subject"": ""situational_tech"", ""relation"": ""LEADS_TO"", ""object"": ""unsafe_perception"", ""evidence"": ""there was nothing in the airplane to provide an indication of wingtip clearance""}, {""subject"": ""personnel_readiness"", ""relation"": ""CO_OCCURS_WITH"", ""object"": ""situational_tech"", ""evidence"": ""they did not receive any guidance or training on wingtip clearance... there was nothing in the airplane to provide an indication of wingtip clearance""}, {""subject"": ""unsafe_perception"", ""relation"": ""LEADS_TO"", ""object"": ""unsafe_decision"", ""evidence"": ""the A380 flight crew's inability to identify that the wingtip path of their airplane would not maintain safe clearance from the CRJ701""}, {""subject"": ""personnel_readiness"", ""relation"": ""LEADS_TO"", ""object"": ""unsafe_violation"", ""evidence"": ""Neither the accident flight crew nor the Comair ramp controller advised ATC that a portion of the airplane was extended onto an active taxiway""}, {""subject"": ""unsafe_perception"", ""relation"": ""CO_OCCURS_WITH"", ""object"": ""unsafe_violation"", ""evidence"": ""the A380 flight crew's inability to identify that the wingtip path... Contributing to the accident was the failure of the CRJ701 flight crew to advise ATC""}]",success
20110417X11718,[],"{""personnel_crm"": [""Flight attendants failed to coordinate with the flight deck regarding cabin status and readiness for turbulence, continuing prelanding tasks instead of securing themselves as instructed""], ""unsafe_decision"": [""Flight attendants were standing and completing the prelanding requirements at the time, when they were unable to maintain their balance (Flight Attendants)""]}",[],success
20110418X12310,[],"{""personnel_crm"": [""Flight attendants failed to coordinate with flight crew regarding cabin status before entering turbulence"", ""ATC delayed clearance for deviation, contributing to the encounter""], ""personnel_readiness"": [""American Airlines dispatch provided a weather package that did not forecast turbulence or include SIGMETs despite known frontal activity""], ""unsafe_decision"": [""Flight Attendants: 'working in the cabin' and 'washing her hands' despite 'seatbelt signs were still illuminated from takeoff', leading to injuries during severe turbulence""]}",[],success
20110426X03427,[],"{""operator_physical"": [""Physiological Incapacitation - Flight Attendant""], ""unsafe_skill"": [""Flight attendant placed her right foot too close to her left foot, she stepped on her right foot and lost her balance""]}",[],success
20110426X53639,"[{""text"": ""Flight Crew"", ""role"": ""Pilot"", ""tier"": ""unsafe_skill""}, {""text"": ""Flight Crew"", ""role"": ""Pilot"", ""tier"": ""unsafe_decision""}]","{""operator_mental"": [""Distraction (Flight Crew)"", ""Task Saturation (Flight Crew)"", ""Loss of Situational Awareness (Flight Crew)""], ""personnel_crm"": [""Failed to Coordinate (Flight Crew)"", ""Failure of Leadership (Captain)""], ""unsafe_skill"": [""Omitted Checklist Step: The narrative states, 'No mention of speedbrakes or the Before Landing checklist is heard on the cockpit voice recording... data from the flight data recorder (FDR) indicate that the speedbrakes were not armed.' This omission was committed by the Flight Crew."", ""Failed to Prioritize Attention: The narrative notes, 'Contributing to the delay in deployment of these stopping devices was the flight crew's inadequate monitoring of the airplane's configuration after touchdown, likely as a result of being distracted by a perceived lack of wheel braking effectiveness.' This failure to monitor critical systems (speedbrakes/reversers) during rollout was committed by the Flight Crew.""], ""unsafe_decision"": [""Improper Procedure: The narrative states, 'The flight crew's omission of the Before Landing checklist... as a result of workload and operational distractions.' Additionally, the crew initially briefed and loaded the wrong approach procedure ('RNAV GPS Z' instead of 'RNP Y'), leading to confusion and extra workload. These procedural deviations were committed by the Flight Crew.""]}","[{""subject"": ""unsafe_decision"", ""relation"": ""LEADS_TO"", ""object"": ""unsafe_skill"", ""evidence"": ""Contributing to the incident was the flight crew's omission of the Before Landing checklist, which includes an item to verify speedbrake arming before touchdown... The automatic speedbrakes were not armed and, therefore, would not deploy upon touchdown without crew action.""}]",success
20110502X93814,[],"{""operator_mental"": [""Expectation/assumption (Captain assumed V1 callout indicated Vr)"", ""Loss of Situational Awareness (First Officer failed to monitor airspeed against correct rotation speed)""], ""personnel_crm"": [""Failed to Communicate (First Officer did not intervene or correct the Captain's early rotation due to fear of confusion)"", ""Failure of Leadership (Captain accepted erroneous automated callout without cross-checking with First Officer)""], ""unsafe_skill"": [""The First Officer made a keystroke entry error when manually entering takeoff data, resulting in an incorrect V1 speed of 123 knots instead of the correct 153 knots (First Officer)""], ""unsafe_decision"": [""The Captain initiated rotation at approximately 123 knots based on the erroneous automated V1 callout, assuming it corresponded to the correct Vr, rather than waiting for the proper rotation speed or cross-checking with the First Officer (Captain)"", ""The First Officer observed the Captain rotate early but said nothing to avoid causing confusion, failing to intervene or correct the action despite knowing the speeds were incorrect (First Officer)""]}","[{""subject"": ""unsafe_skill"", ""relation"": ""LEADS_TO"", ""object"": ""unsafe_decision"", ""evidence"": ""The erroneous automated callout was likely due to a keystroke entry error by the FO when manually entering takeoff data... Contributing to early rotation was the Captain's reaction to the erroneous V1 automated callout""}, {""subject"": ""unsafe_decision"", ""relation"": ""LEADS_TO"", ""object"": ""operator_limits"", ""evidence"": ""The airplane pitched up to about 11 degrees just prior to liftoff... The manual also states that 'Early, rapid or over-rotation may result in a tailstrike.'""}]",success
20110510X84704,[],"{""personnel_crm"": [""Failure of Maintenance/Operations to Coordinate Ramp Inspection with Flight Operations (Maintenance Crew)""], ""unsafe_decision"": [""The failure of the airport maintenance/operations personnel to detect and repair the large void (6 feet deep, 20 feet across) beneath the ramp surface before allowing aircraft operations in that area.""]}",[],success
20110510X01046,[],"{""operator_mental"": [""Complacency (Flight Crew)"", ""Channelized Attention (First Officer)""], ""situational_tech"": [""Equipment Design/Interface Limitations (Weather Radar) (Flight Crew)""], ""unsafe_decision"": [""The seatbelt sign was turned off at FL320... The flight crew received no weather updates from Air Traffic Control, no pilot reports (PIREPS)... the flight crew was not actively manipulating the aircraft radar at the time of the event given the lack of severe weather indications (Flight Crew)""]}",[],success
20110513X41407,[],"{""operator_mental"": [""Loss of Situational Awareness - Captain (B737-700)"", ""Channelized Attention - Captain (B737-700)""], ""personnel_crm"": [""Failed to Coordinate - Captain (B737-800) and Ramp Tower"", ""Misinterpretation of Traffic Calls - Captain (B737-700)""], ""unsafe_skill"": [""The captain of the B737-700 was concerned with the clearance between his left wingtip and the tail and the right wingtip of the B737-800. While shifting his attention between his wingtip and the B-737-800, he felt the shudder as the upper part of B737-700 left winglet contacted the outer part of the B737-800 right elevator.""]}",[],success
20110517X80339,"[{""text"": ""Captain"", ""role"": ""Pilot in Command"", ""tier"": ""unsafe_decision""}, {""text"": ""Maintenance Technician"", ""role"": ""Maintenance Crew"", ""tier"": ""unsafe_decision""}]","{""operator_mental"": [""Complacency (Captain)"", ""Loss of Situational Awareness (Captain)""], ""personnel_crm"": [""Failure to Coordinate (First Officer)"", ""Failed to Back-up (First Officer)""], ""personnel_readiness"": [""Inadequate Training (Great Lakes Aviation / Captain / First Officer)""], ""unsafe_decision"": [""Captain elected not to go-around and run the Quick Reference Handbook (QRH) checklists, since all three landing gear down annunciators were illuminated"", ""Maintenance performed a visual inspection of the main landing gear actuators... There were no non-routine work cards for the landing gear generated as a result of this inspection""]}","[{""subject"": ""unsafe_perception"", ""relation"": ""LEADS_TO"", ""object"": ""unsafe_decision"", ""evidence"": ""The captain was confident that even though the \u201cH\u201d light was not illuminated; the fact that the \u201cL\u201d was, indicated that the gear was down and locked... elected not to go-around""}, {""subject"": ""personnel_readiness"", ""relation"": ""LEADS_TO"", ""object"": ""unsafe_perception"", ""evidence"": ""Both crewmembers stated that their training told them that if at least one light was illuminated for each annunciator, the landing gear was safe.""}, {""subject"": ""unsafe_decision"", ""relation"": ""LEADS_TO"", ""object"": ""situational_tech"", ""evidence"": ""The maintenance corrective action stated \u201cPerformed landing gear swing... Couldn\u2019t duplicate discrepancy. No defects noted at this time.\u201d""}]",success
20110525X42547,[],"{""operator_mental"": [""Complacency (Passenger)""], ""unsafe_decision"": [""Passenger: 'the passenger was out of her seat and fell' (contrary to the lighted seat belt sign)""]}",[],success
20110607X73034,[],"{""personnel_crm"": [""Flight attendant failed to secure self during turbulence""], ""unsafe_decision"": [""Flight attendants were informing the passengers of their gates... when the airplane encountered the turbulence (implying they were not secured in jump seats despite prior briefing about bumpy conditions)""]}",[],success
20110607X83931,[],"{""operator_mental"": [""Task Saturation (Flight Crew)"", ""Loss of Situational Awareness (First Officer)""], ""personnel_crm"": [""Failed to Coordinate (Captain and First Officer)"", ""Failure of Leadership (Captain)""], ""personnel_readiness"": [""Inadequate Preparation (Maintenance Personnel)""], ""unsafe_skill"": [""The first officer reported his seat height typically is in a very low seat position and he did not reposition its height... He pulled the T-handle from his seat and felt like he had complete ability to apply all his strength to move the T-handle. The first time he pulled the T-handle it was an abrupt pull and he felt the T-handle reach the stop. The T-handle then sank back a few inches as if a spring was pulling it back down... Neither crewmember got out of their seats to pull the T-handle.""]}",[],success
20110615X10113,[],"{""personnel_crm"": [""Flight crew failed to coordinate with flight attendants regarding turbulence preparation and securing of personnel""], ""unsafe_decision"": [""flight attendants (FAs) had just stowed the galley service carts when the turbulence was encountered""]}",[],success
20110621X20741,[],"{""situational_tech"": [""Maintenance technician used reused washers contrary to service bulletin requirements due to ambiguous maintenance documentation"", ""Maintenance technician applied inconsistent amount of graphite lubricant due to lack of specific procedural guidance in the Component Maintenance Manual""], ""unsafe_skill"": [""Maintenance personnel applied graphite lubricant to the end housing bolts without specifying or controlling the amount, leading to inconsistent preload and eventual joint failure""]}",[],success
20110621X32040,[],"{""operator_mental"": [""Loss of Situational Awareness (Ramp employee)"", ""Complacency (Ramp employee)""], ""personnel_crm"": [""Failed to Coordinate (Ramp employee and PLB operator)"", ""Failed to Communicate (Ramp employee)""], ""unsafe_decision"": [""ramp employee responsible for the airplane pushback reported that he heard the PLB bell ringing for about one minute, which he thought was enough time for the jetway to be cleared from the airplane. He reported that he then removed the chalks, received clearance from the flight crew, and then commenced to push back the airplane.""]}","[{""subject"": ""unsafe_perception"", ""relation"": ""LEADS_TO"", ""object"": ""unsafe_decision"", ""evidence"": ""he heard the PLB bell ringing for about one minute, which he thought was enough time for the jetway to be cleared from the airplane""}, {""subject"": ""unsafe_decision"", ""relation"": ""LEADS_TO"", ""object"": ""unsafe_violation"", ""evidence"": ""the ramp personnel proceeded to push back the airplane... The ramp personnel's failure to visually verify the position of the jetway before beginning the airplane pushback""}]",success
20110628X11855,[],"{""personnel_crm"": [""Failed to Coordinate (Captain/Cabin Crew): The captain notified the cabin crew of anticipated turbulence, but the timing or clarity was insufficient for them to secure the cabin before the encounter occurred.""], ""unsafe_decision"": [""Flight attendants were providing beverage services and had not yet secured themselves when the turbulence was encountered, despite notification to take seats (implying a delay or failure in immediate compliance with safety protocol during active service)""]}",[],success
20110701X11957,[],"{""personnel_crm"": [""Ground crew failed to communicate the abnormal condition and specific intent (tow bar removal) to flight crew, leading to misinterpretation"", ""Flight crew failed to clarify or verify the request to release brakes against known procedures due to lack of context from ground crew""], ""personnel_readiness"": [""Ground crew failure to reference proper company tow bar removal procedures for abnormal conditions""], ""unsafe_decision"": [""Ground crew requested flight crew to release parking brakes despite procedure prohibiting it (Ground Crew)"", ""Flight crew released parking brakes believing they were resuming pushback, failing to recognize the abnormal tow bar situation (Pilot)""]}","[{""subject"": ""unsafe_perception"", ""relation"": ""LEADS_TO"", ""object"": ""unsafe_decision"", ""evidence"": ""The flight crew assumed they were resuming the pushback since they were not made aware of any difficulty in removing the tow bar.""}, {""subject"": ""unsafe_decision"", ""relation"": ""LEADS_TO"", ""object"": ""unsafe_violation"", ""evidence"": ""the flight crew complied with the ground crew\u2019s request... Although, the company flight manual has a caution for flight crews not to release the parking brakes""}, {""subject"": ""unsafe_perception"", ""relation"": ""LEADS_TO"", ""object"": ""unsafe_violation"", ""evidence"": ""the pilots stated that they released the brakes believing that they were going to resume pushback... specified that the airplane's parking brakes should not be released""}]",success
20110715X40120,[],"{""operator_mental"": [""Haste (Captain)"", ""Loss of Situational Awareness (First Officer)""], ""personnel_crm"": [""Failed to Coordinate (Flight Crew)""], ""unsafe_perception"": [""The captain stated that after turning on to taxiway B, he noticed the CRJ900 that was stopped on taxiway M and thought that it looked clear of taxiway B (Captain)""], ""unsafe_violation"": [""the ground controller instructed them to 'taxi to runway 4R, good rate around the corner' (Ground Controller)""]}","[{""subject"": ""unsafe_perception"", ""relation"": ""LEADS_TO"", ""object"": ""unsafe_decision"", ""evidence"": ""The captain stated that after turning on to taxiway B, he noticed the CRJ900... and thought that it looked clear of taxiway B. The captain stated that it looked like they would be clear of the CRJ900 but the distance was going to be close so he steered the B767 slightly to the right""}, {""subject"": ""unsafe_decision"", ""relation"": ""LEADS_TO"", ""object"": ""unsafe_skill"", ""evidence"": ""the B767 flight crew's failure to maintain a safe clearance with the CRJ900 that was stopped on a taxiway.""}]",success
20110730X60307,[],"{""operator_mental"": [""Complacency (Captain)"", ""Loss of Situational Awareness (Captain)""], ""situational_tech"": [""Equipment Design/Limitations (Weather Radar) (Captain)""], ""unsafe_decision"": [""Captain advised the cabin crew that they could begin service at their own discretion despite a SIGMET for embedded thunderstorms and lack of clear radar returns, leading to flight attendants being unsecured during severe turbulence""]}","[{""subject"": ""unsafe_perception"", ""relation"": ""LEADS_TO"", ""object"": ""unsafe_decision"", ""evidence"": ""Based on the lack of weather radar returns, the Captain kept the cabin seat belt sign illuminated, but advised the cabin crew that they could begin service.""}, {""subject"": ""situational_tech"", ""relation"": ""LEADS_TO"", ""object"": ""unsafe_perception"", ""evidence"": ""precipitation attenuation and/or radar over-scanning may have contributed to the lack of visibility of the condition""}]",success
20110808X94427,[],"{""personnel_readiness"": [""Maintenance organization failed to implement recommended fan blade refurbishment (MAN-JT8D-2-06) prior to AD mandate, leading to excessive erosion and fatigue failure""], ""unsafe_decision"": [""Engine operator (Delta Air Lines) failed to perform recommended fan blade refurbishment every 4,000 cycles as advised by P&W MAN-JT8D-2-06, leading to excessive erosion and high cycle fatigue failure""]}",[],success
20110830X63935,[],"{""situational_tech"": [""Maintenance technician failed to verify critical dimensional requirements (filter plug outer diameters) during EHSV maintenance/screening, leading to premature seal deterioration and uncommanded steering""], ""unsafe_decision"": [""Maintenance personnel: 'The plug diameters were required to be checked when the EHSV was subjected to Service Bulletin (SB) 145-32-0099; however, the out of tolerance condition remained.'""]}",[],success
20110902X54326,[],"{""operator_limits"": [""Lack of experience/qualifications in uplock assembly installation (Maintenance Mechanic)"", ""Lack of training/experience in inspecting uplock assembly (Maintenance Inspector)""], ""unsafe_skill"": [""Mechanic: 'The mechanic who performed the maintenance did not have prior experience performing the installation of the uplock assembly' (improper installation technique)"", ""Maintenance Inspector: 'the maintenance inspector who inspected its installation did not have training on inspecting the uplock assembly... Neither the mechanic nor the maintenance inspector observed any problems during the postinstallation inspection' (failure to detect error)""]}","[{""subject"": ""personnel_readiness"", ""relation"": ""LEADS_TO"", ""object"": ""unsafe_skill"", ""evidence"": ""The mechanic who performed the maintenance did not have training on nor prior experience performing the installation of the uplock assembly""}, {""subject"": ""personnel_readiness"", ""relation"": ""LEADS_TO"", ""object"": ""unsafe_perception"", ""evidence"": ""the maintenance inspector who inspected its installation did not have training on inspecting the uplock assembly... Neither the mechanic nor the maintenance inspector observed any problems""}, {""subject"": ""unsafe_skill"", ""relation"": ""LEADS_TO"", ""object"": ""situational_tech"", ""evidence"": ""the upper attachment bolt for the left main landing gear uplock assembly... was attached to the airplane structure only""}, {""subject"": ""unsafe_perception"", ""relation"": ""LEADS_TO"", ""object"": ""situational_tech"", ""evidence"": ""Neither the mechanic nor the maintenance inspector observed any problems during the postinstallation inspection""}]",success
20110912X61152,[],"{""operator_mental"": [""Complacency - Passenger""], ""unsafe_decision"": [""Passenger ignored the fasten seatbelt sign and remained unbuckled during continuous moderate turbulence, resulting in serious injury""]}",[],success
20110927X91721,[],"{""operator_mental"": [""Loss of Situational Awareness (Pilot-in-Command)""], ""unsafe_perception"": [""Flight crew failed to detect the presence of hawks on the runway centerline during the landing roll and reverse thrust application, leading to bird ingestion""]}",[],success
20110930X20857,[],"{""operator_mental"": [""Complacency (Captain)"", ""Loss of Situational Awareness (Captain)""], ""personnel_crm"": [""Failed to Communicate (Captain/Flight Attendant)""], ""unsafe_decision"": [""Flight attendant was in the galley preparing for landing (unrestrained) despite the seat belt sign being illuminated and the captain's prior deviation for weather, indicating a failure to secure self during descent with potential turbulence risk""]}",[],success
20111011X01145,[],"{""situational_tech"": [""Inadequate inspection procedure (FPI method) - Maintenance/Inspection Personnel""], ""unsafe_skill"": [""Maintenance personnel at Pratt & Whitney Cheshire Engine Center failed to detect existing fatigue cracks during the fluorescent penetrant inspection (FPI) of the diffuser and HPT cases, resulting in the return of overhauled parts with undetected defects""]}",[],success
20111018X03714,[],"{""operator_mental"": [""Loss of Situational Awareness (Tug Driver)"", ""Distraction (Tug Driver)""], ""personnel_crm"": [""Failed to Coordinate (Pilot and Tug Driver)""], ""unsafe_skill"": [""tug driver did not straighten the tug in time"", ""inadequate control of the tug while maneuvering""]}",[],success
20111020X14740,[],"{""operator_mental"": [""Complacency (Passenger)""], ""unsafe_decision"": [""Passenger moved about the cabin and exited the lavatory while the fasten seatbelt sign remained illuminated, failing to remain seated during a phase of flight where turbulence was possible.""]}",[],success
20111024X74546,[],"{""situational_tech"": [""Equipment Design (Engine manufacturer/Designers): Failure of the stage 3 LPT outer transition duct segment rear seal plate design to contain hot gas leakage, leading to thermal distortion and disengagement"", ""Equipment Design (Engine manufacturer/Designers): Inadequate engine debris containment capability in the rear turbine case, allowing blade fragments to penetrate the casing""], ""personnel_crm"": [""Failure of Leadership / Maintenance Decision Making (Maintenance Crew/Maintenance Management): Installation of approved but non-preferred stage 3 LPT outer transition duct segments with riveted rear seal configuration despite known failure history and availability of superior integral seal design""], ""unsafe_decision"": [""Delta Air Lines maintenance/engineering personnel installed the older riveted rear seal plate configuration instead of the preferred integral rear seal configuration, despite service bulletin PW4ENG 72-488 addressing known failure modes and providing a superior design option.""]}",[],success
20111206X05636,[],"{""operator_mental"": [""Loss of Situational Awareness - Pilot"", ""Complacency - Pilot""], ""personnel_crm"": [""Failed to Coordinate - Pilot"", ""Failure of Leadership - Captain""], ""unsafe_decision"": [""The flight crew's decision to descend into the area of known severe turbulence (FL300) despite having a filed plan to descend earlier (to FL260) and receiving SIGMET/AIRMET warnings, resulting in 'Poor Decision' by the Pilot.""]}",[],success
20111208X41332,[],"{""personnel_crm"": [""Flight attendant failed to comply with captain's instruction to remain seated/near seat during known turbulence risk""], ""unsafe_decision"": [""Flight attendant went into the lavatory to brush her teeth after being instructed to stay near their seats and be seated immediately if turbulence was encountered""]}",[],success
20111214X53854,[],"{""operator_mental"": [""Loss of Situational Awareness - Captain of N303DQ"", ""Visual Illusion/Disorientation - Captain of N303DQ""], ""personnel_crm"": [""Failed to Coordinate with ATC regarding spatial clearance - Captain of N303DQ""], ""unsafe_perception"": [""The captain of N303DQ indicated that he looked out his left window and it appeared there was sufficient clearance with the N583NW (Captain)""], ""unsafe_violation"": [""the failure of the captain of N303DQ to maintain a safe clearance from N583NW that was stopped on the taxiway (Captain)""]}",[],success
20120105X34138,[],"{""operator_physical"": [""Physical Fatigue (Snowplow Operator)"", ""Physiological Incapacitation (Snowplow Operator)""], ""personnel_readiness"": [""Crew Rest Violation (Snowplow Operator)""], ""unsafe_decision"": [""The snowplow operator reported to the supervisor that he was tired or fatigued... His supervisor concurred. He continued with snow removal operations""]}","[{""subject"": ""operator_physical"", ""relation"": ""LEADS_TO"", ""object"": ""unsafe_perception"", ""evidence"": ""The snowplow operator reported that he fell asleep while driving... The investigation revealed that the snowplow operator... was most likely fatigued.""}, {""subject"": ""personnel_readiness"", ""relation"": ""LEADS_TO"", ""object"": ""operator_physical"", ""evidence"": ""The company did not have, and was not required to have, guidance or a policy addressing fatigue management... The snowplow operator's responsibilities were the same as other employees at Aero Snow \u2013 he did not have a standard shift or start time and generally worked 12 to 14 hour shifts.""}]",success
20120118X91324,[],"{""personnel_crm"": [""Failed to Coordinate (Ground crew)"", ""Misinterpretation of Visual Signals (Deicing vendor personnel)""], ""personnel_readiness"": [""Inadequate Preparation for New Deicing Procedure (Ramp agent)""], ""unsafe_decision"": [""Ground crew (deicing team) misunderstood the thumbs up signal as authorization to begin deicing and moved into a position behind the left wing"", ""Ramp agent working the radio could not see the airplane, assumed it was still at the gate, and instructed the flight crew to taxi 50 feet without verifying visual contact""]}","[{""subject"": ""unsafe_perception"", ""relation"": ""LEADS_TO"", ""object"": ""unsafe_decision"", ""evidence"": ""the vendor\u2019s deicing team misunderstood the agent\u2019s thumbs up signal as the signal that deicing could begin""}, {""subject"": ""unsafe_decision"", ""relation"": ""LEADS_TO"", ""object"": ""unsafe_skill"", ""evidence"": ""Consequently, the deicing team moved into a position behind the left wing and in front of the left horizontal tail when the aircraft first stopped""}, {""subject"": ""unsafe_perception"", ""relation"": ""LEADS_TO"", ""object"": ""unsafe_decision"", ""evidence"": ""the agent could not see the airplane and did not realize the aircraft had left the gate... Assuming that the aircraft was still at the gate, the agent told the crew to taxi 50 feet or so and stop""}, {""subject"": ""unsafe_decision"", ""relation"": ""LEADS_TO"", ""object"": ""unsafe_skill"", ""evidence"": ""the flight crew initiated taxiing and almost immediately felt a bump, then stopped... the aircraft tail had already struck the boom arm""}]",success
20120207X34555,[],"{""operator_mental"": [""Loss of Situational Awareness (Belt Loader Driver)"", ""Complacency (Belt Loader Driver)""], ""unsafe_decision"": [""driver of the belt loader ... believed there was sufficient room between the loader and the airplane to make a forward right turn instead of backing up""]}","[{""subject"": ""unsafe_perception"", ""relation"": ""LEADS_TO"", ""object"": ""unsafe_decision"", ""evidence"": ""the driver of the belt loader that had been parked at the rear cargo door believed there was sufficient room between the loader and the airplane to make a forward right turn instead of backing up""}, {""subject"": ""unsafe_decision"", ""relation"": ""LEADS_TO"", ""object"": ""unsafe_skill"", ""evidence"": ""the front left corner of the loader impacted the airplane during the turn and caused substantial damage to the skin, stringers and a frame""}]",success
20120217X44044,[],"{""operator_limits"": [""Inexperience in EMB-120 elevator removal and reinstallation procedures (Maintenance personnel)""], ""personnel_crm"": [""Failure to communicate undocumented non-routine maintenance procedures to the RII inspector (Maintenance personnel)"", ""Failure of leadership/supervision to ensure adherence to approved manual procedures (Maintenance management/Supervisor)""], ""unsafe_decision"": [""Maintenance personnel used non-routine procedures to remove and reinstall the left elevator, deviating from the EMB 120 maintenance manual"", ""Maintenance personnel failed to document the non-routine procedure they used""], ""unsafe_violation"": [""Maintenance personnel did not follow the EMB 120 maintenance manual procedure for removal of the left elevator, resulting in missing cotter pins on hinge bolts""]}","[{""subject"": ""unsafe_skill"", ""relation"": ""LEADS_TO"", ""object"": ""unsafe_violation"", ""evidence"": ""The maintenance teams that removed and reinstalled the elevator were inexperienced in EMB 120 elevator removal and reinstallation procedures... The maintenance team did not follow the EMB 120 maintenance manual procedure""}, {""subject"": ""unsafe_violation"", ""relation"": ""LEADS_TO"", ""object"": ""situational_tech"", ""evidence"": ""cotter pin safeties that were removed from castellated nuts on the 2 outboard vertical hinge bolts on the left elevator were not reinstalled... which resulted in the left elevator partially detaching in flight""}, {""subject"": ""unsafe_violation"", ""relation"": ""CO_OCCURS_WITH"", ""object"": ""unsafe_decision"", ""evidence"": ""The maintenance team did not document the non-routine procedure they used to remove and reinstall the left elevator""}]",success
20120221X03231,[],"{""operator_mental"": [""Complacency (Maintenance personnel)""], ""personnel_crm"": [""Failed to Coordinate (Maintenance personnel)""], ""unsafe_skill"": [""Maintenance personnel - C: Failure to detect corrosion pitting and stress corrosion cracking during maintenance inspections, evidenced by the presence of 'localized areas of corrosion pitting... throughout the inner diameter' and 'cracks initiating from the inner diameter surface' which were not identified prior to flight.""]}",[],success
20120221X32033,[],"{""personnel_crm"": [""Cabin crew failed to follow instructions/coordinate with flight deck regarding seating status before turbulence encounter""], ""unsafe_decision"": [""Flight attendant did not have her seatbelt fastened when the encounter occurred"", ""Two flight attendants and one passenger, who also did not have their seatbelts fastened""]}",[],success
20120224X25922,[],"{""operator_mental"": [""Loss of Situational Awareness (First Officer)""], ""unsafe_decision"": [""First Officer: 'increased the rate of climb to attempt to avoid the flock' (Inappropriate Maneuver)""]}",[],success
20120224X42146,[],"{""operator_mental"": [""Complacency (Flight Attendant)"", ""Loss of Situational Awareness (Flight Attendant)""], ""unsafe_decision"": [""Flight attendants got out of their jump seats to finish cleaning up the aft galley despite being advised by the captain to be seated and close galleys due to expected turbulence""]}",[],success
20120229X70237,[],"{""personnel_crm"": [""Flight attendants failed to coordinate with flight crew regarding safety status before serving drinks"", ""Cabin crew failed to communicate readiness for turbulence encounter""], ""personnel_readiness"": [""Inadequate preparation by cabin crew for potential turbulence during service""], ""unsafe_decision"": [""The flight attendants continued serving drinks and moving in the cabin despite the passenger seatbelt sign being on, which is a poor decision to ignore safety protocols during potentially turbulent conditions.""]}",[],success
20120302X00956,[],"{""operator_mental"": [""Distraction (Flight Attendant)""], ""personnel_crm"": [""Failed to Coordinate (Passenger)""], ""unsafe_skill"": [""Flight attendant tripped over a passenger's bag during meal service""]}",[],success
20120302X22622,[],"{""operator_mental"": [""Loss of Situational Awareness (Flight Attendant)""], ""personnel_crm"": [""Failed to Coordinate (Cabin Crew)""], ""unsafe_decision"": [""Passenger ignored the seatbelt sign and entered the lavatory""]}",[],success
20120312X00949,[],"{""situational_tech"": [""Ineffective inspection method (ultrasonic) for detecting fatigue cracks in NLG end cap - Manufacturer"", ""Design flaw regarding grain direction orientation relative to stress loads - Manufacturer""], ""unsafe_skill"": [""Maintenance personnel performed an ultrasonic inspection that failed to detect the existing fatigue crack, indicating a breakdown in technical execution or technique (ineffective inspection method).""]}",[],success
20120312X10202,[],"{""situational_tech"": [""Ineffective ultrasonic inspection method for detecting fatigue cracks in NLG end cap (Manufacturer/Inspection Personnel)"", ""Design flaw regarding grain direction orientation relative to principal tensile stresses (Manufacturer)""], ""unsafe_skill"": [""Ineffective Inspection: The narrative states 'The crack was present at the time of the inspection which indicated that the inspection method was ineffective in detecting the crack' and notes the maintenance crew performed an ultrasonic inspection 337 cycles prior, failing to detect a fatigue crack that had propagated for over 15,000 cycles.""]}",[],success
20120322X25316,[],"{""operator_mental"": [""Complacency (Flight Attendant)"", ""Loss of Situational Awareness (Flight Crew)""], ""personnel_crm"": [""Failed to Coordinate (Flight Crew and Flight Attendants)""], ""unsafe_decision"": [""Flight crew turned off the seatbelt sign and allowed cabin service to resume after turbulence subsided, failing to anticipate or account for the recurring nature of the clear-air turbulence environment (AIRMET/SIGMET active), leading to the flight attendant being unsecured during a subsequent jolt.""]}",[],success
20120409X05702,[],"{""operator_mental"": [""Loss of Situational Awareness (First Officer)""], ""situational_tech"": [""Equipment Design (Flight Simulator vs. Aircraft Discrepancy)"", ""Interface (Lack of Force Feedback/Warning in Procedure)""], ""unsafe_skill"": [""The first officer pulled the nose gear release handle but did not apply sufficient force or distance to release the uplocks, resulting in the nose landing gear remaining retracted.""]}","[{""subject"": ""personnel_readiness"", ""relation"": ""LEADS_TO"", ""object"": ""unsafe_skill"", ""evidence"": ""the dissimilar pull force and pull length set on the flight simulator that was used for flight crew training of alternate landing gear extension procedures""}, {""subject"": ""personnel_readiness"", ""relation"": ""LEADS_TO"", ""object"": ""unsafe_perception"", ""evidence"": ""the lack of information available to crew members advising of the dissimilar pull force""}, {""subject"": ""unsafe_skill"", ""relation"": ""CO_OCCURS_WITH"", ""object"": ""unsafe_perception"", ""evidence"": ""the nose landing gear alternate release handle was not pulled with sufficient enough force or distance to release the uplocks""}]",success
20120410X01241,[],"{""personnel_crm"": [""Flight attendant failed to secure self in jumpseat during turbulence""], ""unsafe_decision"": [""Flight attendant was in the galley securing the beverage cart (instead of being secured in jumpseat) during severe turbulence""]}",[],success
20120417X44353,[],"{""operator_mental"": [""Complacency (Captain/First Officer)"", ""Loss of Situational Awareness (Captain)""], ""personnel_crm"": [""Failed to Coordinate (Captain and First Officer)""], ""unsafe_decision"": [""The B flight attendant and C flight attendant were sitting in their jumpseats without their seatbelts on (Flight Attendants)""]}",[],success
20120511X73555,[],"{""operator_mental"": [""Complacency (Flight Crew)"", ""Loss of Situational Awareness (ATC Controller)""], ""situational_tech"": [""Equipment Design/Interface (Weather Radar System - Flight Crew)""], ""personnel_crm"": [""Failed to Coordinate (ATC Controller)"", ""Failed to Communicate (Frontier Airlines Dispatch/Station Personnel)""], ""unsafe_decision"": [""Crew used 'Weather Only' radar mode and failed to use the Turbulence detection function despite FCTM guidance for detecting wet turbulence"", ""ATC approach controller failed to forward the request for paramedics during position split""]}","[{""subject"": ""unsafe_decision"", ""relation"": ""LEADS_TO"", ""object"": ""unsafe_perception"", ""evidence"": ""The crew reported that they were 'not painting any weather' on the radar... The Airbus weather radar system includes a Turbulence detection function, which was not used by the crew.""}, {""subject"": ""personnel_crm"", ""relation"": ""LEADS_TO"", ""object"": ""unsafe_decision"", ""evidence"": ""The ATC approach controller did not forward the request for paramedics... ineffective communications monitoring by Frontier Airlines.""}]",success
20120530X64155,[],"{""operator_mental"": [""Loss of Situational Awareness - B747 Captain"", ""Complacency - B747 First Officer""], ""personnel_crm"": [""Failed to Coordinate - B747 Flight Crew""], ""unsafe_perception"": [""Both of these crew members stated that there should be enough clearance based on their perspective in the cockpit (747 First Officer/Second Pilot)""], ""unsafe_violation"": [""The EMB-135 was holding in the ramp area with its tail protruding into taxiway (TWY) A (EMB-135 Captain/Ground Crew)""]}","[{""subject"": ""unsafe_perception"", ""relation"": ""LEADS_TO"", ""object"": ""unsafe_decision"", ""evidence"": ""Both of these crew members stated that there should be enough clearance based on their perspective in the cockpit.""}, {""subject"": ""unsafe_decision"", ""relation"": ""LEADS_TO"", ""object"": ""unsafe_skill"", ""evidence"": ""As the 747 taxied past the EMB-135, the leading edge slat of the B747 struck the vertical stabilizer of the EMB-135.""}]",success
20120531X95046,[],"{""situational_tech"": [""Ineffective ultrasonic inspection method for detecting fatigue cracks in NLG end cap (Maintenance/Manufacturer)"", ""Design flaw regarding grain direction orientation relative to principal tensile stresses (Manufacturer)""], ""unsafe_skill"": [""Ineffective Inspection: The narrative states 'The crack was present at the time of the inspection which indicated that the inspection method was ineffective in detecting the crack' and notes the maintenance crew performed an ultrasonic inspection 3 cycles prior, failing to detect a fatigue crack that had propagated for over 22,000 cycles.""]}",[],success
20120608X43116,[],"{""personnel_crm"": [""Failed to Coordinate (Flight Attendant)""], ""unsafe_decision"": [""Flight attendant performing final landing preparations in the aft galley during descent through moderate turbulence""]}",[],success
20120612X01249,[],"{""personnel_crm"": [""Flight attendant failed to secure self during turbulence""], ""unsafe_decision"": [""Flight attendant standing in the aft galley (implying failure to secure self or remain seated during descent despite turbulence forecast and seatbelt sign illumination)""]}",[],success
20120613X32202,[],"{""operator_mental"": [""Loss of Situational Awareness (Pilot)"", ""Complacency (Pilot)""], ""personnel_crm"": [""Failed to Communicate (Captain)"", ""Misinterpretation of Instructions (Flight Attendants)""], ""unsafe_decision"": [""The flight crew's penetration of a rapidly developing thunderstorm cell in an area of forecasted convective activity"", ""The weather radar tilt setting of +1 degree used by the flight crew would be useful for detecting the tops of medium range and distant storms but would not be useful in detecting the rapidly developing nearby cells below and in front of the airplane""], ""unsafe_perception"": [""The captain and FAs differed in their recollection about the turbulence discussion during the pre-flight briefing"", ""The FAs were not aware of the turbulence potential during the flight and began their service before the captain instructed them as he intended""]}","[{""subject"": ""unsafe_perception"", ""relation"": ""LEADS_TO"", ""object"": ""unsafe_decision"", ""evidence"": ""The weather radar tilt setting of +1 degree used by the flight crew would be useful for detecting the tops of medium range and distant storms but would not be useful in detecting the rapidly developing nearby cells below and in front of the airplane.""}, {""subject"": ""unsafe_decision"", ""relation"": ""LEADS_TO"", ""object"": ""personnel_crm"", ""evidence"": ""The serious injuries were the result of a misunderstanding between the captain and cabin crew regarding the potential for turbulence.""}]",success
20120719X94744,[],"{""operator_mental"": [""Loss of Situational Awareness - Passenger""], ""situational_tech"": [""Equipment Design (Environmental System Failure) - Aircraft Systems"", ""Interface (Ram Air Inlet allowing external smoke entry) - Aircraft Systems""], ""unsafe_skill"": [""Passenger - C (Contributing factor: Incorrect action performance during emergency egress resulting in broken ankle)""]}",[],success
20120727X13551,[],"{""operator_mental"": [""Complacency (Maintenance Technician)""], ""situational_tech"": [""Equipment Design (Maintenance Technician)"", ""Interface (Maintenance Technician)""], ""unsafe_skill"": [""Maintenance personnel installed the restrictor fitting in the head end and union fitting on the rod end cap, contrary to engineering documentation requirements (Incorrect installation of union and restrictor)""]}",[],success
20120802X03552,[],"{""situational_tech"": [""Equipment Design (Pilot/First Officer): The loss of airspeed and altitude indications on the primary flight displays, combined with unreliable standby instruments that did not match ATC ground speed callouts, created a degraded interface situation requiring reliance on non-standard cues.""], ""unsafe_perception"": [""Misjudged Instrument Readings - Flight Crew""]}",[],success
20120807X32623,[],"{""operator_mental"": [""Misplaced Motivation (Passenger)""], ""personnel_crm"": [""Failed to Communicate (Flight Crew/ATC)""], ""unsafe_decision"": [""Passenger ignored the seatbelt sign and entered the lavatory""]}",[],success
20120924X32520,[],"{""operator_mental"": [""Haste (Flight Attendant)"", ""Complacency (Flight Attendant)""], ""personnel_crm"": [""Failed to Coordinate (Cabin Crew)""], ""unsafe_decision"": [""Flight Attendants: 'began preparing the cabin for arrival after receiving the turbulence advisory' and were 'still out of their seats collecting service items and securing the galley when the turbulence encounter occurred'""]}",[],success
20121005X05550,[],"{""operator_mental"": [""Distraction (Catering Truck Driver)""], ""situational_tech"": [""Equipment Design/Interface (Catering Truck Brake Pedal Obstruction by Foreign Object)""], ""unsafe_skill"": [""The driver said he attempted to stop, applying the brakes 3 times. The truck did not stop and struck the airplane.""]}",[],success
20121018X62210,[],"{""operator_mental"": [""Loss of Situational Awareness - Flight Attendant""], ""personnel_crm"": [""Failed to Coordinate - Passenger""], ""unsafe_skill"": [""Breakdown in Visual Scan - flight attendant""]}",[],success
20121231X42414,[],"{""personnel_crm"": [""Failed to Coordinate (Ground Crew/Flight Attendant)""], ""unsafe_decision"": [""Flight attendant began beverage service shortly after departure despite the presence of de-icing fluid on the floor, failing to assess the slip hazard or wait for conditions to be safe.""]}",[],success
20130103X44411,[],"{""operator_limits"": [""Lack of experience/knowledge regarding specific aircraft clearance requirements (Ground crew)""], ""personnel_crm"": [""Failure to coordinate/communicate correct positioning instructions due to unclear documentation (Ground crew)"", ""Inadequate briefing or preparation for the deicing pad operation (Ground crew)""], ""unsafe_decision"": [""Marshaller and maintenance technician working on pad E had never worked at the location before, and were unaware of the requirement to taxi MD-11 airplanes off centerline""]}","[{""subject"": ""personnel_readiness"", ""relation"": ""LEADS_TO"", ""object"": ""unsafe_perception"", ""evidence"": ""The marshaller and maintenance technician working on pad E had never worked at the location before, and were unaware of the requirement to taxi MD-11 airplanes off centerline.""}, {""subject"": ""personnel_readiness"", ""relation"": ""LEADS_TO"", ""object"": ""unsafe_decision"", ""evidence"": ""the operator's failure to provide appropriate training and documentation for ground personnel, leading the marshaller to inadvertently guide the airplane into the collision.""}, {""subject"": ""situational_tech"", ""relation"": ""LEADS_TO"", ""object"": ""unsafe_perception"", ""evidence"": ""The diagrams provided to the marshaller and coordinator were unclear and not sufficient to be standalone documents.""}]",success
20130128X11324,[],"{""operator_mental"": [""Loss of Situational Awareness (Captain)"", ""Complacency (First Officer)""], ""personnel_crm"": [""Failed to Coordinate (Flight Crew)"", ""Failure of Leadership (Captain)""], ""unsafe_skill"": [""Flight crew - C: Erroneously entered an airplane zero fuel weight (ZFW) that was 100,000 lbs. less than the actual ZFW"", ""Flight crew - F: Did not notice indications that the target landing airspeed was too low, such as the Angle of Attack (AOA) indicator... and the pitch of the airplane""], ""unsafe_decision"": [""Flight crew - C: The flight crew did not perform another takeoff performance data briefing, and therefore did not recognize the captain's entry error"", ""Flight crew - F: Failure to recognize and respond to various visual cues indicating the airplane's airspeed was too slow""]}","[{""subject"": ""unsafe_decision"", ""relation"": ""LEADS_TO"", ""object"": ""unsafe_perception"", ""evidence"": ""the flight crew did not perform another takeoff performance data briefing, and therefore did not recognize the captain's entry error""}, {""subject"": ""unsafe_decision"", ""relation"": ""LEADS_TO"", ""object"": ""situational_tech"", ""evidence"": ""did not recognize the captain's entry error that resulted in incorrect landing speeds calculated by the flight management software""}, {""subject"": ""unsafe_perception"", ""relation"": ""LEADS_TO"", ""object"": ""unsafe_skill"", ""evidence"": ""the failure of the flight crew to recognize and respond to various visual cues indicating the airplane's airspeed was too slow, resulting in a higher than normal pitch during landing""}]",success
20130220X85257,[],"{""operator_mental"": [""Distraction (Flight Attendant)"", ""Loss of Situational Awareness (Flight Attendant)""], ""personnel_crm"": [""Failed to Coordinate (Flight Attendant / Galley Service Crew)""], ""unsafe_decision"": [""Flight attendant failed to attach the safety strap before opening the service door in high wind conditions""]}",[],success
20130220X32821,[],"{""operator_mental"": [""Loss of Situational Awareness (Captain)"", ""Channelized Attention (Captain)""], ""personnel_crm"": [""Failed to Back-up (First Officer)""], ""unsafe_decision"": [""Captain set an unsustainable vertical speed command in the autopilot during climb and intentionally allowed the airspeed to decrease well below the recommended climb speed"", ""Captain's actions were contrary to the manufacturer's and company's stall recovery procedures, pulling back on the yoke in response to stick pusher activation instead of allowing the nose to lower""], ""unsafe_perception"": [""Captain did not check the minimum buffet boundary speed applicable to the flight and was not aware of company guidance cautioning against allowing the speed to decay during climbs to high altitude"", ""Captain failed to monitor airspeed during level off at FL 340 and allowed it to fall to stick shaker speed""]}","[{""subject"": ""unsafe_decision"", ""relation"": ""LEADS_TO"", ""object"": ""unsafe_perception"", ""evidence"": ""The captain stated that he believed it was company policy to fly at the minimum speed for climb out... He did not check the minimum buffet boundary speed applicable to the flight and was not aware of company guidance cautioning against allowing the speed to decay during climbs to high altitude.""}, {""subject"": ""unsafe_perception"", ""relation"": ""LEADS_TO"", ""object"": ""unsafe_skill"", ""evidence"": ""He failed to monitor airspeed during level off at FL 340 and allowed it to fall to stick shaker speed.""}, {""subject"": ""unsafe_perception"", ""relation"": ""LEADS_TO"", ""object"": ""unsafe_skill"", ""evidence"": ""The captain stated he initially thought they were experiencing a false stick shaker because he had experienced a false stall warning two or three weeks earlier.""}, {""subject"": ""unsafe_decision"", ""relation"": ""LEADS_TO"", ""object"": ""unsafe_skill"", ""evidence"": ""The captain stated that he pulled back on the yoke in an effort to maintain altitude, which caused the pusher to fire... The crew then pulled back increasing the angle of attack (AOA) and reactivating the shaker and pusher.""}, {""subject"": ""unsafe_skill"", ""relation"": ""LEADS_TO"", ""object"": ""operator_limits"", ""evidence"": ""The captain's actions were contrary to the manufacturer's and company's stall recovery procedures, and the airplane regained stable flight only after AOA was reduced by allowing the airplane to descend.""}]",success
20130220X51849,[],"{""operator_mental"": [""Complacency (Flight Attendant)"", ""Loss of Situational Awareness (Flight Attendant)""], ""personnel_crm"": [""Failed to Communicate (Cabin Crew/Flight Deck)""], ""personnel_readiness"": [""Inadequate Preparation (United Airlines Management)""], ""unsafe_decision"": [""Flight attendant decided to leave her bunk and walk to the lavatory based on a misinterpretation of the seatbelt sign status ('thought she could hear a faint ding') despite known turbulence conditions""]}",[],success
20130312X23544,[],"{""situational_tech"": [""Manufacturer (Pratt & Whitney Canada) - Equipment Design/Manufacture: Improper weld penetration in Small Exit Duct (SED) assembly due to quality escape"", ""Manufacturer (Kidde Aerospace) - Equipment Design: Fire detection system diaphragm switch deformation preventing reset after fire extinguishment""], ""unsafe_skill"": [""The mechanic who performed the electron beam weld inadvertently adjusted the current level, resulting in insufficient weld penetration (Maintenance/Manufacturing Technician)""]}",[],success
20130314X14422,[],"{""operator_mental"": [""Loss of Situational Awareness - Captain"", ""Channelized Attention - First Officer""], ""personnel_crm"": [""Failed to Coordinate - Flight Crew""], ""unsafe_skill"": [""The captain reported he felt the airplane 'float' and attempted to maintain landing attitude... pitch attitude increased to about 11 degrees (Captain)""], ""unsafe_decision"": [""the pilot's failure to maintain correct airspeed and pitch attitude at touchdown (Flight Crew)""]}","[{""subject"": ""unsafe_decision"", ""relation"": ""LEADS_TO"", ""object"": ""unsafe_skill"", ""evidence"": ""the pilot's failure to maintain correct airspeed and pitch attitude at touchdown""}]",success
20130314X15433,[],"{""operator_mental"": [""Loss of Situational Awareness (Pilot in Command)""], ""unsafe_decision"": [""Continued the approach and made a normal landing (Flight Crew)""]}",[],success
20130408X10949,[],"{""operator_mental"": [""Loss of Situational Awareness (Captain)"", ""Channelized Attention (Captain)""], ""situational_tech"": [""Interface/Display Anomaly (Speed Tape) affecting Captain's decision making""], ""unsafe_skill"": [""The captain initiated the flare within about 20 feet above the ground and pitched up 'just a tad' for the flare, but stated he did not feel any pitch response, so he brought the nose up a little more to arrest the descent (Captain)""], ""unsafe_decision"": [""The captain's improper recovery from a bounced landing which resulted in a tailstrike (Captain)"", ""He said that he started to initiate the flare within about 20 feet above the ground and pitched up 'just a tad' for the flare, but did not feel any pitch, so he brought it up a little more to arrest the descent and still did not feel any pitch change (Captain)""]}","[{""subject"": ""unsafe_perception"", ""relation"": ""LEADS_TO"", ""object"": ""unsafe_decision"", ""evidence"": ""he did not feel any pitch response, so he brought the nose up a little more to arrest the descent""}, {""subject"": ""unsafe_decision"", ""relation"": ""LEADS_TO"", ""object"": ""unsafe_skill"", ""evidence"": ""the captain's improper recovery from a bounced landing which resulted in a tailstrike""}]",success
20130429X12734,[],"{""operator_mental"": [""Complacency (Loadmaster)"", ""Loss of Situational Awareness (Crew)""], ""personnel_readiness"": [""Inadequate Preparation/Training (National Airlines Management)"", ""Insufficient Supervision (FAA Oversight)""], ""unsafe_decision"": [""improper restraint of the cargo (Loadmaster)""]}",[],success
20130502X52359,[],"{""operator_mental"": [""Channelized Attention (Flight 908 Captain)"", ""Loss of Situational Awareness (Flight 908 Captain)""], ""personnel_crm"": [""Failed to Communicate (Flight 908 Crew)"", ""Failure of Leadership/Supervision (Check Pilot)""], ""personnel_readiness"": [""Inadequate Training/Guidance on Wingtip Clearance (SAS Organization/Crew)""], ""unsafe_perception"": [""Flight 908's crew said they evaluated the clearance between their airplane and flight 4226, and they estimated that their wing would clear the other airplane (Captain)"", ""the captain stated he was watching the winglet of his airplane relative to the wingtip of flight 4226 but did not see the tail of the other airplane, which was struck (Captain)""], ""unsafe_violation"": [""SAS manuals... indicate that... taxiing past obstructions should only be attempted if the distance separating the obstruction was greater than one-quarter length the span of the airplane's wing... Flight 908's crew said they evaluated the clearance... and estimated that their wing would clear (Captain)""]}","[{""subject"": ""unsafe_perception"", ""relation"": ""LEADS_TO"", ""object"": ""unsafe_decision"", ""evidence"": ""Flight 908's crew said they evaluated the clearance between their airplane and flight 4226, and they estimated that their wing would clear the other airplane.""}, {""subject"": ""unsafe_decision"", ""relation"": ""LEADS_TO"", ""object"": ""unsafe_skill"", ""evidence"": ""As flight 908 turned on taxiway M, the winglet of their airplane contacted the tail section of flight 4226.""}, {""subject"": ""personnel_readiness"", ""relation"": ""LEADS_TO"", ""object"": ""unsafe_perception"", ""evidence"": ""A review of SAS manuals did not locate any specific training, guidance, procedures or techniques to ensure wingtip clearance during ground operations.""}]",success
20130511X04905,[],"{""operator_mental"": [""Distraction (Tug Operator)"", ""Loss of Situational Awareness (Wing Walker)""], ""personnel_crm"": [""Failed to Coordinate (Tug Operator and Wing Walker)"", ""Failure to Communicate (Wing Walker)""], ""unsafe_skill"": [""Breakdown in Visual Scan - Tug operator and wing walker (attention focused on clearing the airplane's engine from the nearby carts, unable to get tug operators attention in time)"", ""Poor Technique - Tug operator (turn was performed too tightly)""], ""unsafe_decision"": [""Improper Procedure - Tug operator and wing walker (pre-brief for the pushback not being accomplished)""]}","[{""subject"": ""unsafe_perception"", ""relation"": ""LEADS_TO"", ""object"": ""unsafe_decision"", ""evidence"": ""With their attention focused on clearing the airplane's engine from the nearby carts, the wing walker looked back... but was unable to get the tug operators attention in time to stop.""}, {""subject"": ""unsafe_decision"", ""relation"": ""LEADS_TO"", ""object"": ""unsafe_skill"", ""evidence"": ""the pushback tug operator turned tight""}]",success
20130515X53650,[],"{""operator_mental"": [""Haste - Flight Attendant"", ""Task Saturation - Flight Attendant""], ""situational_tech"": [""Equipment Design (Galley Cart Stability/Transition Strip) - Aircraft Manufacturer/Cabin Crew""], ""unsafe_decision"": [""Flight attendant decided to push two galley carts simultaneously, an unnecessary and unsafe action that led to the cart tipping over.""]}",[],success
20130517X14847,[],"{""operator_mental"": [""Loss of Situational Awareness (Flight Attendant)""], ""situational_tech"": [""Equipment Design / Automation Failure (Jumpseat mechanism)""], ""unsafe_skill"": [""Breakdown in Visual Scan: The flight attendant did not notice that the jumpseat had not stowed automatically""]}",[],success
20130519X11737,[],"{""operator_mental"": [""Distraction (First Officer)""], ""personnel_crm"": [""Failed to Back-up (Captain)"", ""Failure of Leadership (Maintenance Control Supervisor)""], ""unsafe_skill"": [""Omitted Checklist Step (First Officer): The FO stated that when he pulled the main gear release handle, the gear did not extend. When asked by the captain if the checklist was complete, the FO said it was. However, he had not read the notes at the bottom of the checklist, which discussed the use of a hydraulic pump handle and the high force that might be needed on the alternate gear extension handle.""]}",[],success
20130614X14844,[],"{""operator_mental"": [""Loss of Situational Awareness (Captain)""], ""personnel_crm"": [""Failed to Back-up (First Officer)"", ""Failure of Leadership (Captain)""], ""unsafe_skill"": [""Breakdown in Visual Scan (Captain): The Captain reported that he had not seen the light pole before impact while at the controls."", ""Failed to Prioritize Attention (First Officer): The First Officer observed the hazard but failed to intervene or take control, noting only that the Captain was turning away from the pole.""]}",[],success
20130712X61436,[],"{""personnel_crm"": [""Failed to Coordinate (Captain/Flight Attendants): The captain cycled the seatbelt sign and notified only one flight attendant before turbulence struck, failing to ensure all cabin crew were secured or that the message was relayed effectively in time.""], ""personnel_readiness"": [""Inadequate Preparation (Flight Attendants): Cabin crew were actively preparing for arrival rather than being seated and ready for potential turbulence despite weather advisories.""], ""unsafe_decision"": [""Flight attendants were preparing the cabin for arrival (standing in aisle) despite captain's instruction to be seated and notification of rain/turbulence risk""]}",[],success
20130723X13256,[],"{""operator_mental"": [""Loss of Situational Awareness (Captain)"", ""Get-home-itis / Misplaced Motivation to continue unstabilized approach (Captain)""], ""personnel_crm"": [""Failed to Communicate (Captain failed to make standard glideslope callouts and used non-standard transfer phraseology)"", ""Failure of Leadership (Captain failed to direct a mandatory go-around when stabilized approach criteria were not met)""], ""unsafe_decision"": [""Captain's attempt to recover from an unstabilized approach by transferring airplane control at low altitude instead of performing a go-around"", ""Failure to perform a go-around when stabilized approach criteria were not met (flaps not configured until 500 ft, above glideslope)""], ""unsafe_violation"": [""Captain's failure to comply with standard operating procedures regarding callouts and transfer of control"", ""Failure to execute mandatory go-around as required by Southwest Airlines Flight Operations Manual""]}","[{""subject"": ""unsafe_decision"", ""relation"": ""LEADS_TO"", ""object"": ""unsafe_violation"", ""evidence"": ""The captain's attempt to recover from an unstabilized approach by transferring airplane control at low altitude instead of performing a go-around... Contributing to the accident was the captain's failure to comply with standard operating procedures.""}, {""subject"": ""unsafe_violation"", ""relation"": ""LEADS_TO"", ""object"": ""personnel_crm"", ""evidence"": ""The flight crew's performance was indicative of poor crew resource management... Rather than make this callout, however, the captain repeatedly said 'get down' to the first officer before stating 'I got it.'""}, {""subject"": ""unsafe_decision"", ""relation"": ""LEADS_TO"", ""object"": ""unsafe_perception"", ""evidence"": ""The late transfer of control resulted in neither pilot being able to effectively monitor the airplane's altitude and attitude... he became distracted by the runway 'rushing' up to them""}]",success
20130814X15751,"[{""text"": ""flight crew"", ""role"": ""pilot"", ""tier"": ""unsafe_skill""}, {""text"": ""first officer"", ""role"": ""copilot"", ""tier"": ""unsafe_skill""}, {""text"": ""flight crew"", ""role"": ""pilot"", ""tier"": ""unsafe_decision""}, {""text"": ""captain"", ""role"": ""pilot_in_command"", ""tier"": ""unsafe_decision""}]","{""operator_mental"": [""Loss of Situational Awareness (Captain)"", ""Distraction (Captain)"", ""Channelized Attention (First Officer)""], ""operator_physical"": [""Physical Fatigue (Captain)"", ""Physical Fatigue (First Officer)""], ""personnel_crm"": [""Failed to Communicate (Captain)"", ""Failed to Back-up (First Officer)""], ""personnel_readiness"": [""Crew Rest Violation (First Officer)""], ""unsafe_skill"": [""failure to monitor the aircraft's altitude during the approach (Flight Crew)"", ""first officer's failure to make the required minimums callouts (First Officer)""], ""unsafe_decision"": [""continuation of an unstabilized approach (Flight Crew)"", ""captain's failure to communicate his intentions to the first officer once it became apparent the vertical profile was not captured (Captain)"", ""failure to properly configure and verify the flight management computer for the profile approach (Flight Crew)""]}","[{""subject"": ""unsafe_decision"", ""relation"": ""LEADS_TO"", ""object"": ""unsafe_skill"", ""evidence"": ""the flight crew's continuation of an unstabilized approach and their failure to monitor the aircraft's altitude during the approach""}, {""subject"": ""personnel_readiness"", ""relation"": ""LEADS_TO"", ""object"": ""unsafe_skill"", ""evidence"": ""the first officer's fatigue due to acute sleep loss resulting from her ineffective off-duty time management and circadian factors""}, {""subject"": ""personnel_readiness"", ""relation"": ""LEADS_TO"", ""object"": ""unsafe_decision"", ""evidence"": ""the captain's performance deficiencies likely due to factors including, but not limited to, fatigue, distraction, or confusion""}]",success
20130901X95021,[],"{""operator_mental"": [""Get-home-itis (Captain)""], ""situational_tech"": [""Equipment Design/Manufacturing Defect (Maintenance/Organization)""], ""unsafe_decision"": [""Maintenance performed a visual inspection of the main landing gear actuators... There were no non-routine work cards for the landing gear generated as a result of this inspection""]}",[],success
20130930X75500,[],"{""personnel_crm"": [""Failed to Coordinate (Cabin Crew): Flight attendants continued cabin service and announcements during a known severe turbulence descent, failing to coordinate their readiness with the flight crew's warning."", ""Failed to Communicate (Flight Attendant A): Did not ensure passenger compliance with seatbelt instructions before leaving the area, leading to injury.""], ""personnel_readiness"": [""Inadequate Preparation (Cabin Crew): Flight attendants were not fully secured in jump seats when severe turbulence was imminent and known, indicating a failure in pre-descent readiness procedures.""], ""unsafe_decision"": [""Flight attendant A continued cabin service (picking up items, checking on passenger) after receiving the landing chime and captain's announcement to be seated due to high likelihood of turbulence"", ""Flight attendant B was in the process of making a public announcement and securing herself into the jump seat when severe turbulence struck, indicating she had not fully completed the required safety positioning procedure before the encounter""]}",[],success
20131018X11441,[],"{""operator_mental"": [""Loss of Situational Awareness (Captain)"", ""Complacency (Captain)""], ""situational_tech"": [""Equipment Design (ECAM/FADEC Interface)"", ""Automation (FADEC Control Logic)""], ""unsafe_decision"": [""Captain advanced throttles to TO/GA power setting contrary to NKS Crew Operating Manual (COM) instructions, which did not instruct this action for the EPR mode fault procedure, thereby subjecting the damaged engine to excessive gas path temperatures and vibration levels.""]}",[],success
20131023X24855,[],"{""operator_mental"": [""Distraction (First Officer)"", ""Loss of Situational Awareness (First Officer)""], ""personnel_crm"": [""Failed to Coordinate (Captain and First Officer)"", ""Failure of Leadership (Captain)""], ""unsafe_skill"": [""First officer inadvertently selected the landing gear handle up while intending to retract the flaps""], ""unsafe_decision"": [""First officer's decision to reconfigure the airplane while still on the active runway""]}","[{""subject"": ""unsafe_decision"", ""relation"": ""LEADS_TO"", ""object"": ""unsafe_skill"", ""evidence"": ""The first officer indicated that, after touchdown on the runway, while intending to retract the flaps, he inadvertently selected the landing gear handle up.""}]",success
20131121X13345,[],"{""operator_mental"": [""Complacency (Flight Attendant)""], ""unsafe_decision"": [""Flight attendant failed to secure self in jump seat during cruise flight despite illuminated seatbelt sign (implying a decision to remain unsecured or move about the cabin during a period where securing was required by standard safety protocols)""]}",[],success
20131220X70905,[],"{""operator_mental"": [""Complacency (Crew)"", ""Loss of Situational Awareness (Captain)""], ""personnel_readiness"": [""Inadequate Preparation for Cargo Securing (Ground Crew/Cargo Handlers)""], ""unsafe_decision"": [""Crew failed to account for ice/snow on cargo and floor, leading to inadequate securing (Flight Crew)"", ""Captain decided not to declare an emergency despite substantial structural damage and control issues (Captain)""]}",[],success
20131224X22946,[],"{""operator_mental"": [""Loss of Situational Awareness (Pilot-in-Command)""], ""unsafe_perception"": [""Pilot failed to detect/avoid birds during takeoff climb (implied by 'impacted multiple birds' and lack of prior avoidance action)""]}",[],success
20140106X40632,[],"{""operator_mental"": [""Complacency (Flight Crew)""], ""unsafe_decision"": [""The first officer notified ATC of the bird strike and did not declare an emergency (First Officer)""]}",[],success
20140109X32656,[],"{""operator_mental"": [""Loss of Situational Awareness - Captain"", ""Channelized Attention - Captain""], ""personnel_crm"": [""Failed to Back-up - First Officer""], ""unsafe_skill"": [""The captain hand flew the airplane and transitioned from HGS to runway environment, noting it appeared 'pitch black,' then noticed an increased sink rate (Captain)""], ""unsafe_decision"": [""the captain's over rotation during the bounced landing""]}",[],success
20140110X14059,[],"{""situational_tech"": [""Equipment Design (Coffee maker/filter package pressure buildup and lack of adequate safety interlocks or warnings)""], ""unsafe_decision"": [""The FA lifted the potlocking lever on the coffee pot (Flight Attendant)""]}",[],success
20140110X15754,[],"{""operator_mental"": [""Loss of Situational Awareness (Flight Attendant)""], ""personnel_crm"": [""Failed to Coordinate (Flight Crew/Flight Attendants)""], ""unsafe_decision"": [""Flight attendant was moving to her seat (unrestrained) during descent in IMC while turbulence increased, failing to secure herself despite the fasten seatbelt sign being on and prior notification of expected turbulence""]}",[],success
20140203X35450,[],"{""operator_mental"": [""Inattention by ground crew personnel""], ""unsafe_skill"": [""Inattention by ground crew personnel which resulted in the airplane being substantially damaged""]}",[],success
20140211X00047,[],"{""operator_mental"": [""Complacency (Flight Crew)"", ""Channelized Attention (First Officer)""], ""personnel_crm"": [""Failed to Coordinate (Captain and First Officer)""], ""personnel_readiness"": [""Inadequate Training on Manual Ice Protection Activation (Trans States Airlines / Flight Crew)""], ""unsafe_decision"": [""The crew's overreliance on automation for the activation and proper operation of the ice and rain protection system resulted in their failure to adequately monitor the system and respond appropriately when it did not activate automatically (Flight Crew)"", ""the crew recognized that the airplane was operating in icing conditions and accumulating ice and should have manually activated the ice protection system (Flight Crew)""]}","[{""subject"": ""unsafe_decision"", ""relation"": ""LEADS_TO"", ""object"": ""unsafe_perception"", ""evidence"": ""the crew's overreliance on automation for the activation and proper operation of the ice and rain protection system resulted in their failure to adequately monitor the system""}, {""subject"": ""personnel_readiness"", ""relation"": ""LEADS_TO"", ""object"": ""unsafe_decision"", ""evidence"": ""it is possible that because the manual operation of the airplane's ice protection system was not emphasized during training, the crew may not have recognized the need to perform this task""}, {""subject"": ""situational_tech"", ""relation"": ""CO_OCCURS_WITH"", ""object"": ""unsafe_perception"", ""evidence"": ""the nonactivation of the automatic ice detection system for reasons that could not be determined... the crew did not see the ice light come on and there were no icing messages""}]",success
20140212X03156,[],"{""operator_mental"": [""Complacency (Flight Crew)"", ""Loss of Situational Awareness (Flight Crew)""], ""personnel_crm"": [""Failed to Coordinate (Flight Crew and Flight Attendants)""], ""unsafe_decision"": [""The flight crew extinguished the seat belt sign when the ride smoothed out... The flight encountered an area of severe mountain wave turbulence when the flight was cruising at flight level (FL) 340 in smooth air with the seat belt sign off seriously injuring two flight attendants. (Flight Crew)""]}",[],success
20140314X21725,[],"{""operator_mental"": [""Haste (Captain)"", ""Loss of Situational Awareness (First Officer)"", ""Complacency (Captain)""], ""personnel_crm"": [""Failed to Communicate (Flight Crew)"", ""Failure of Leadership (Captain)"", ""Failed to Back-up (First Officer)""], ""personnel_readiness"": [""Inadequate Preparation (First Officer)""], ""unsafe_skill"": [""First Officer failed to enter FLEX temperature and V-speeds after changing runway in FMC"", ""Captain made erratic pitch inputs (cycling nose up/down) during the rejected takeoff maneuver""], ""unsafe_decision"": [""Captain decided to continue the takeoff roll despite missing V-speeds on PFD and active ECAM/RETARD alerts"", ""Captain failed to move thrust levers to TO/GA detent in response to 'ENG THR LEVERS NOT SET' ECAM message"", ""Captain initiated a rejected takeoff after rotation (above V1) instead of committing to the takeoff""]}","[{""subject"": ""unsafe_decision"", ""relation"": ""LEADS_TO"", ""object"": ""unsafe_perception"", ""evidence"": ""the captain's decision to abort the takeoff after rotation... led the captain to have a heightened concern for the airplane's state as rotation occurred""}, {""subject"": ""unsafe_decision"", ""relation"": ""LEADS_TO"", ""object"": ""unsafe_skill"", ""evidence"": ""the captain initiated a rejected takeoff after the airplane's speed was beyond V1... FDR data indicate that the captain made erratic pitch inputs after the initial rotation""}, {""subject"": ""personnel_crm"", ""relation"": ""LEADS_TO"", ""object"": ""unsafe_decision"", ""evidence"": ""The flight crewmembers exhibited a self-induced pressure to continue the takeoff rather than taking the time to ensure the airplane was properly configured... indicative of poor crew resource management""}, {""subject"": ""personnel_crm"", ""relation"": ""LEADS_TO"", ""object"": ""unsafe_violation"", ""evidence"": ""the flight crew's failure to verify the correct departure runway before gate departure... were all contrary to the operator's SOPs""}, {""subject"": ""situational_tech"", ""relation"": ""LEADS_TO"", ""object"": ""unsafe_perception"", ""evidence"": ""the cascading alerts (the ECAM message and the RETARD alert) and the lack of V-speed callouts eventually led the captain to have a heightened concern for the airplane's state""}, {""subject"": ""situational_tech"", ""relation"": ""LEADS_TO"", ""object"": ""unsafe_decision"", ""evidence"": ""the captain... did not plan to reject the takeoff because they were in a high-speed regime, they had no red warning lights, and there was nothing to suggest that the takeoff should be rejected""}]",success
20140320X53321,[],"{""operator_mental"": [""Loss of Situational Awareness (Flight Attendant)""], ""personnel_crm"": [""Failed to Coordinate (Passenger)""], ""unsafe_skill"": [""Breakdown in Visual Scan (Flight Attendant)""]}",[],success
20140507X51410,[],"{""operator_mental"": [""Loss of Situational Awareness (Flight Attendant)""], ""unsafe_skill"": [""Breakdown in Visual Scan: The flight attendant stated that the tray had obscured her view of the floor, leading to an inadvertent trip over a passenger's bag.""]}",[],success
20140515X92350,[],"{""operator_mental"": [""Distraction (Captain)"", ""Loss of Situational Awareness (Captain)""], ""personnel_crm"": [""Failed to Communicate (Captain)"", ""Misinterpretation of Traffic Calls (Captain)""], ""unsafe_skill"": [""Failed to Prioritize Attention (Captain: 'the captain heard on the interphone what he believed was \""set brakes\"" and, because he did not discern any aircraft motion, began to apply the brakes')""]}","[{""subject"": ""unsafe_perception"", ""relation"": ""LEADS_TO"", ""object"": ""unsafe_decision"", ""evidence"": ""the captain heard on the interphone what he believed was \""set brakes\"" and, because he did not discern any aircraft motion, began to apply the brakes""}, {""subject"": ""situational_tech"", ""relation"": ""LEADS_TO"", ""object"": ""unsafe_perception"", ""evidence"": ""the interphone conversation quality was degraded due to low volume, and there was considerable radio traffic on both clearance delivery and ramp frequencies""}]",success
20140516X81837,[],"{""operator_mental"": [""Loss of Situational Awareness (ATC Controller)"", ""Complacency (Flight Crew)""], ""personnel_crm"": [""Failed to Communicate (ATC Controller)"", ""Failure to Coordinate (ATC Center Management)""], ""unsafe_decision"": [""ATC controller failed to provide required advisories about significant radar-observed convective precipitation along both airplanes' flight routes"", ""Flight crews failure to detect the precipitation using on-board radar and request deviations, as necessary, to avoid the hazard""]}","[{""subject"": ""unsafe_violation"", ""relation"": ""LEADS_TO"", ""object"": ""unsafe_perception"", ""evidence"": ""the controller did not advise any pilots of flights under his control of the significant areas of radar-observed precipitation along their routes of flight""}, {""subject"": ""unsafe_violation"", ""relation"": ""LEADS_TO"", ""object"": ""operator_limits"", ""evidence"": ""led to both airplanes encountering severe turbulence""}]",success
20140529X04134,[],"{""operator_mental"": [""Loss of Situational Awareness (Pilot)""], ""unsafe_perception"": [""Breakdown in Visual Scan - Flight Crew (Pilot/First Officer)""]}",[],success
20140603X95748,[],"{""situational_tech"": [""Inadequate inspection procedures/methods (Manufacturer/Operator)""], ""unsafe_skill"": [""Maintenance personnel failed to detect the crack during x-ray inspection despite it being present on the films (implied by 'difficult to detect' and 'highly likely to be missed')""]}",[],success
20140619X52159,[],"{""operator_mental"": [""Complacency (Flight Attendant)"", ""Loss of Situational Awareness (Flight Attendant)""], ""situational_tech"": [""Equipment Design (Coffee Maker/Filter Package)""], ""unsafe_decision"": [""The FA lifted the potlocking lever on the coffee pot (Flight Attendant)""]}",[],success
20140620X45424,[],"{""operator_mental"": [""Loss of Situational Awareness - Captain"", ""Task Saturation - Captain""], ""personnel_crm"": [""Failed to Coordinate - First Officer""], ""unsafe_skill"": [""The captain reduced power to correct from being above glide path and slightly fast, resulting in an excessive sink rate (Captain)"", ""the CA increased pitch attitude to arrest the sink rate but landed hard and over rotated in the flare (Captain)""], ""unsafe_decision"": [""the early reduction of engine thrust that resulted in an excessive sink rate and nose high pitch attitude during the landing flare (Captain)""]}","[{""subject"": ""unsafe_decision"", ""relation"": ""LEADS_TO"", ""object"": ""unsafe_skill"", ""evidence"": ""the early reduction of engine thrust that resulted in an excessive sink rate and nose high pitch attitude during the landing flare""}, {""subject"": ""situational_tech"", ""relation"": ""LEADS_TO"", ""object"": ""unsafe_decision"", ""evidence"": ""a significant change in the vertical and horizontal wind components just prior to touchdown""}]",success
20140624X40942,[],"{""operator_mental"": [""Distraction - Flight Attendant""], ""situational_tech"": [""Equipment Design - Galley/Meal Container""], ""unsafe_skill"": [""pulling meal boxes from the oven when a hot liquid splashed... onto her left hand (flight attendant)""]}",[],success
20140714X45633,[],"{""operator_mental"": [""Complacency (Maintenance personnel)"", ""Loss of Situational Awareness (Maintenance personnel)""], ""situational_tech"": [""Equipment Design (IDG fuel/oil heat exchanger fatigue crack)"", ""Interface (Ambiguous cable routing instructions/work cards)""], ""unsafe_skill"": [""Maintenance personnel misrouted IDG power feeder cables creating excessive slack and dangling below the support bracket, contrary to installation drawings requiring straight and tight routing"", ""Maintenance personnel added extra tape to bundle chaffed IDG power feeder cables without identifying or correcting the root cause of the chaffing (slack/pinching)""]}",[],success
20140806X21104,[],"{""operator_mental"": [""Loss of Situational Awareness - First Officer""], ""personnel_crm"": [""Failed to Back-up - Captain""], ""unsafe_skill"": [""First Officer failed to maintain correct airspeed and pitch attitude during landing, resulting in a tailstrike""]}","[{""subject"": ""unsafe_decision"", ""relation"": ""LEADS_TO"", ""object"": ""unsafe_skill"", ""evidence"": ""the first officer's failure to maintain the correct airspeed and pitch attitude during landing that resulted in a tailstrike""}]",success
20140814X52213,[],"{""operator_physical"": [""Impaired Physiological State (Tug Driver)""], ""personnel_crm"": [""Failed to Communicate (Tug Driver)"", ""Lack of Communication (Ground Crew/Flight Crew)""], ""unsafe_decision"": [""Tug driver stated after turning the airplane onto the taxiway he \""reversed back,\"" pulling the airplane forward (Ground Crew)""]}",[],success
20140814X52852,[],"{""operator_mental"": [""Loss of Situational Awareness (Delta tug driver)"", ""Complacency (Delta tug driver)""], ""personnel_crm"": [""Failure of Leadership (Airport Management)"", ""Failed to Coordinate (Delta Airlines / Airport Authority)""], ""unsafe_decision"": [""The Delta Employee drove over a drain cover east of Gate B-15, causing the second baggage cart to disconnect (Delta Tug Driver)""]}",[],success
20140815X53015,[],"{""operator_limits"": [""Insufficient Reaction Time (Captain)""], ""unsafe_decision"": [""The captain initiated a rejected takeoff after the airplane had already impacted multiple geese, resulting in damage to the propeller and fuselage (Captain)""]}",[],success
20140826X64917,[],"{""personnel_crm"": [""Flight crew failed to communicate/coordinate with cabin crew regarding turbulence risk or securement protocols""], ""unsafe_decision"": [""Flight attendants were standing in the rear galley and not secured in jump seats during cruise flight with the seat belt sign off, despite standard safety protocols requiring cabin crew to be secured or aware of potential turbulence risks (implying a decision to remain unsecured or move about the cabin without adequate situational awareness of wake turbulence hazards)""]}",[],success
20140828X43935,[],"{""situational_tech"": [""Equipment Design (Beverage cart capability exceeded/stability issue)""], ""personnel_crm"": [""Failed to Coordinate (Flight attendant failed to ensure clear area before deploying cart)""], ""unsafe_decision"": [""Exceeded Ability (Flight Attendant)""]}",[],success
20140829X32709,[],"{""situational_tech"": [""Equipment Design (Beverage cart capability exceeded by load)""], ""unsafe_decision"": [""Exceeded Ability (Flight Attendant)""]}",[],success
20140918X21722,[],"{""operator_limits"": [""Inexperience in aircraft type (First Officer)""], ""personnel_crm"": [""Failure to intervene/coordinate effectively during unstable landing phase (Captain)""], ""unsafe_skill"": [""The failure of the first officer to control the airplane pitch after touchdown (First Officer)""]}","[{""subject"": ""personnel_readiness"", ""relation"": ""LEADS_TO"", ""object"": ""unsafe_skill"", ""evidence"": ""Contributing to the accident was the first officers inexperience in the aircraft type.""}, {""subject"": ""unsafe_skill"", ""relation"": ""LEADS_TO"", ""object"": ""operator_mental"", ""evidence"": ""The failure of the first officer to control the airplane pitch after touchdown.""}]",success
20140918X52311,[],"{""personnel_readiness"": [""Inadequate inspection of tooling and final parts by Avio Aero manufacturing personnel""], ""unsafe_skill"": [""Avio Aero manufacturing personnel failed to detect the 'divot' tool marks on the HPT stage 2 disk lugs during final parts inspection, allowing defective components with fatigue initiation sites to be released for service""]}",[],success
20141001X94301,[],"{""operator_mental"": [""Loss of Situational Awareness - Baggage Tractor Driver""], ""unsafe_decision"": [""The tractor driver's failure to give way to the taxiing airplane (Ground Crew)""]}","[{""subject"": ""unsafe_perception"", ""relation"": ""LEADS_TO"", ""object"": ""unsafe_decision"", ""evidence"": ""The tractor driver's failure to give way to the taxiing airplane.""}]",success
20141006X73012,[],"{""operator_mental"": [""Loss of Situational Awareness (RJA Captain)"", ""Complacency (CHQ Crew)""], ""personnel_crm"": [""Failure of Leadership (RJA Captain)"", ""Failed to Coordinate (RJA FO and RJA Captain)""], ""unsafe_decision"": [""The A340 captain believed that there was enough clearance and continued on taxiway A (A340 Captain)"", ""incorrectly identified the start of taxiway Q and instead of holding short proceeded through the intersection onto taxiway Q before coming to a stop (EMB-145 Flight Crew)""], ""unsafe_perception"": [""The A340 first officer stated that they were too close... The A340 captain believed that there was enough clearance (A340 Captain)"", ""discussed the taxiway orientation and signage but incorrectly identified the start of taxiway Q (EMB-145 Flight Crew)""]}","[{""subject"": ""unsafe_perception"", ""relation"": ""LEADS_TO"", ""object"": ""unsafe_decision"", ""evidence"": ""The A340 captain believed that there was enough clearance and continued on taxiway A striking the tail of the EMB-145 with the left wing of the A340.""}, {""subject"": ""unsafe_perception"", ""relation"": ""LEADS_TO"", ""object"": ""unsafe_skill"", ""evidence"": ""The A340 captain's failure to maintain adequate clearance between his wing and the tail of the EMB-145.""}]",success
20141011X20926,[],"{""situational_tech"": [""Equipment Design (Display unit susceptibility to transient electric fields)"", ""Interface (Lack of in-flight power reset procedure/checklist for partial display loss)""], ""unsafe_decision"": [""The crew elected to use the checklist for 'Loss of All Displays' when there was no checklist for a partial loss, and this procedure did not recover the displays (Flight Crew)"", ""No procedures existed for a power reset of the displays to occur while in flight, which most likely would have resulted in a restoration of the displays (Flight Crew)""]}",[],success
20141017X44013,[],"{""operator_mental"": [""Haste (Mechanic/Load Planner)"", ""Misplaced Motivation (Dispatch)""], ""personnel_crm"": [""Failed to Coordinate (Dispatch/Mechanic)"", ""Failure of Leadership (Aloha Air Cargo Management)""], ""personnel_readiness"": [""Inadequate Preparation (Mechanic/Load Planner)""], ""unsafe_decision"": [""Aloha Air Cargo dispatch: 'recommended that all the pallets be placed in position 9 due to concerns about weight and balance' contrary to load planner's guidance"", ""Mechanic/Load crew: 'decision was made to secure the stacked pallets with a cargo strap which was insufficient to keep the pallets from moving'"", ""Aloha Air Cargo management/dispatch: 'choice was made to leave the load planner behind and take the aircraft mechanic... This was contrary to company guidance'""], ""unsafe_violation"": [""Mechanic/Load crew: 'locks between station 8 and 9 were down/unlocked' despite verification claims, violating cargo securing procedures"", ""Aloha Air Cargo management: 'made the decision to take the mechanic... which was against the company loading procedures since the mechanic was not trained on cargo securing'""]}","[{""subject"": ""unsafe_decision"", ""relation"": ""LEADS_TO"", ""object"": ""unsafe_violation"", ""evidence"": ""The choice was made to leave the load planner behind and take the aircraft mechanic as the Additional Crew Member (ACM). This was contrary to company guidance.""}, {""subject"": ""unsafe_decision"", ""relation"": ""LEADS_TO"", ""object"": ""unsafe_violation"", ""evidence"": ""Aloha Air Cargo dispatch recommended that all the pallets be placed in position 9 due to concerns about weight and balance... even though before departure from HNL the load planner had discussed with the mechanic that each pallet should go back in their original position""}, {""subject"": ""unsafe_violation"", ""relation"": ""LEADS_TO"", ""object"": ""situational_tech"", ""evidence"": ""The decision was made to secure the stacked pallets with a cargo strap which was insufficient to keep the pallets from moving... resulting in substantial damage to the aft pressure bulkhead""}]",success
20141023X80357,[],"{""operator_mental"": [""Loss of Situational Awareness (B757 Captain)"", ""Complacency (B757 Captain)""], ""personnel_crm"": [""Failed to Coordinate (Ground Personnel / Wing Walker)""], ""unsafe_perception"": [""The captain reported that he observed the ERJ-170 and ground personnel, however, it was difficult to judge the distance so he offset his taxi to the left - Pilot of B757""]}",[],success
20141121X15631,[],"{""operator_mental"": [""Loss of Situational Awareness - Captain"", ""Channelized Attention - Captain""], ""personnel_crm"": [""Failed to Coordinate - First Officer""], ""unsafe_perception"": [""The captain believed his wingtip was clear of the left-hand horizontal stabilizer of N8314L (Captain)""], ""unsafe_violation"": [""N263WN captain's failure to maintain a safe clearance from the parked N8314L resulting in a ground collision (Captain)""]}",[],success
20141211X62917,[],"{""personnel_crm"": [""Flight attendants failed to comply with immediate seating instructions due to task saturation/coordination failure""], ""unsafe_decision"": [""Flight attendants were in the process of returning meal service carts to the aft galley and had not yet secured themselves when severe turbulence was encountered, despite prior notification from the captain to stow carts and be seated (implying a delay or failure in immediate compliance with safety protocol during active service)""]}",[],success
20141217X43728,[],"{""operator_mental"": [""Loss of Situational Awareness (Captain)""], ""unsafe_perception"": [""The captain stated that while descending through about 2,500 feet on approach to land the airplane struck multiple birds (Failure to detect/avoid hazard during visual scan)""]}",[],success
20150116X52840,[],"{""operator_mental"": [""Distraction (Flight Attendant)""], ""personnel_crm"": [""Failed to Communicate (Flight Attendant)""], ""unsafe_decision"": [""The FA further stated that she was able to perform all required duties through the remainder of the flight and thought she only had a mild sprain. She did not inform the flight crew or other FAs of her injury.""]}",[],success
20150211X14605,[],"{""situational_tech"": [""Equipment Design (NWSCM failure mode allowing 'last command' to persist without safe state)"", ""Interface (Maintenance procedure requiring manual rigging data entry that was not verified by system)""], ""personnel_readiness"": [""Inadequate Preparation/Verification (Maintenance personnel failed to verify rigging data in NVM despite stamping task as accomplished)""], ""unsafe_skill"": [""Maintenance personnel failed to record the rigging data in the NWSCM memory, likely indicating that the rigging process was improperly completed (Maintenance Personnel)""]}",[],success
20150219X14806,[],"{""operator_mental"": [""Loss of Situational Awareness (Flight Attendants)"", ""Complacency (Flight Attendants)""], ""personnel_crm"": [""Failed to Coordinate (Captain/Lead Flight Attendant)""], ""unsafe_decision"": [""Flight Attendants: 'securing the galleys, preparing the cabin for landing, and distributing agriculture documents' despite captain's advice to 'remain seated' and seatbelt sign being illuminated""]}",[],success
20150224X45723,[],"{""situational_tech"": [""Equipment Design (Evacuation slide/raft system failure to fully inflate due to strap obstruction)"", ""Inadequate Inspection (Maintenance personnel failed to detect improper stowing of storage straps during overhaul)""], ""personnel_crm"": [""Failed to Coordinate (ARFF personnel and First Officer did not coordinate the stabilization of the partially inflated slide before evacuation attempt)""], ""unsafe_skill"": [""Maintenance personnel - C: Failure to properly stow or secure the evacuation slide assembly straps during installation/overhaul, evidenced by 'storage side straps... showed signs of drag marks across the top of the snap, torn webbing sections' and manufacturer findings in similar incidents that 'container assembly straps had not been properly stowed during installation and prevented complete deployment', leading to the slide being caught up in the straps.""]}",[],success
20150305X42958,[],"{""operator_mental"": [""Task Saturation (Captain)"", ""Channelized Attention (Captain)""], ""personnel_crm"": [""Failed to Back-up (First Officer)""], ""unsafe_skill"": [""captain's inability to maintain directional control of the airplane due to his application of excessive reverse thrust""], ""unsafe_decision"": [""attentional limitations due to the high workload during the landing, which prevented him from immediately recognizing the use of excessive reverse thrust""]}","[{""subject"": ""personnel_readiness"", ""relation"": ""LEADS_TO"", ""object"": ""unsafe_decision"", ""evidence"": ""the captain's inability to maintain directional control of the airplane due to his application of excessive reverse thrust""}, {""subject"": ""operator_mental"", ""relation"": ""CO_OCCURS_WITH"", ""object"": ""personnel_readiness"", ""evidence"": ""situational stress resulting from his concerns about stopping performance and (2) attentional limitations due to the high workload during the landing""}]",success
20150314X74553,[],"{""operator_mental"": [""Complacency (Captain)"", ""Loss of Situational Awareness (First Officer)""], ""personnel_crm"": [""Failed to Communicate (Captain)"", ""Failure of Leadership (Captain)""], ""unsafe_decision"": [""Captain entered 'placard strap bent' in the airplane logbook and did not write up the 'bang' sound, leading to insufficient maintenance inspection"", ""First officer performed the LDG GEAR Lever Jammed in the UP Position checklist instead of the Landing Gear Up/Unsafe Landing procedure as directed by the GEAR DISAGREE checklist""]}","[{""subject"": ""unsafe_decision"", ""relation"": ""LEADS_TO"", ""object"": ""unsafe_perception"", ""evidence"": ""The captain stated that he did not write up the \u201cbang\u201d sound but based his logbook entry on his conversation with maintenance control.""}, {""subject"": ""unsafe_perception"", ""relation"": ""LEADS_TO"", ""object"": ""unsafe_decision"", ""evidence"": ""The first officer performed the LDG GEAR Lever Jammed in the UP Position checklist... Instead, the first officer performed the LDG GEAR Lever Jammed in the UP Position checklist""}]",success
20150422X71127,[],"{""operator_mental"": [""Loss of Situational Awareness (Pilot)""], ""unsafe_perception"": [""Flight Crew: Failure to detect/avoid hazard during visual scan (Bird strike while on approach)""]}",[],success
20150506X41316,[],"{""operator_mental"": [""Loss of Situational Awareness (Captain)"", ""Misjudgment of Clearance (Captain)""], ""personnel_crm"": [""Failure to Coordinate/Communicate with Marshaller (Flight Crew)""], ""unsafe_perception"": [""the CRJ900 captain's misjudgment of the clearance between their horizontal stabilizer and the B757 winglet (Captain)""]}","[{""subject"": ""unsafe_perception"", ""relation"": ""LEADS_TO"", ""object"": ""unsafe_decision"", ""evidence"": ""the CRJ900 captain's misjudgment of the clearance between their horizontal stabilizer and the B757 winglet""}]",success
20150511X92031,[],"{""situational_tech"": [""Equipment Design (Windshield moisture seal design allowing ingress leading to arcing)"", ""Interface (Ambiguous QRH procedure or lack of clear ECAM indication for windshield arcing)""], ""unsafe_decision"": [""The flightcrew could not determine if it was the inner or outer ply that was cracked and the window appeared to possibly be melted in the bottom right corner. Since there was also smoke in the cockpit, they were unsure and assumed it was associated (Flight Crew)""]}",[],success
20150523X13659,[],"{""operator_mental"": [""Complacency (Flight Attendant)"", ""Haste (Flight Attendant)""], ""personnel_crm"": [""Failed to Coordinate (Crew)""], ""unsafe_decision"": [""flight attendant's failure to secure her lap belt and shoulder harness prior to the takeoff""]}",[],success
20150605X52542,[],"{""personnel_readiness"": [""Lack of specific training for windshield arcing/fire events (Flight Crew)"", ""Absence of guidance in emergency checklist to cut power to windshield heat (Operator/Management)""], ""unsafe_decision"": [""Failure to turn off windshield heat switch to cut power to the circuit during fire (Flight Crew): The narrative states 'Switching the windshield heat selector to off would have cut power to the circuit eliminating the arcing and fire' but the crew did not do so, likely due to lack of specific guidance/training for this scenario.""]}","[{""subject"": ""personnel_readiness"", ""relation"": ""LEADS_TO"", ""object"": ""unsafe_decision"", ""evidence"": ""There is no training or guidance provided to the crew for selecting the windshield heat to off that would cut power to the circuit.""}]",success
20150608X90730,[],"{""operator_mental"": [""Loss of Situational Awareness - Flight crew (failed to assess cabin conditions during delay)""], ""personnel_crm"": [""Failed to Communicate - Emergency services personnel (ARFF firefighter failed to respond to verification requests)"", ""Misinterpretation of Traffic Calls - Flight crew (misinterpreted lack of response as ARFF being busy rather than a communication breakdown)"", ""Failure of Leadership - Captain (failed to coordinate effectively with cabin crew and ground personnel)""], ""unsafe_decision"": [""Flight crew: Did not communicate with the cabin crew during this time to assess the conditions in the cabin"", ""Emergency services personnel (ARFF): Advised the crew to hold off on the evacuation while he contacted the Lieutenant, creating a delay without immediate verification""]}","[{""subject"": ""personnel_crm"", ""relation"": ""LEADS_TO"", ""object"": ""unsafe_decision"", ""evidence"": ""Flight crew statements indicated the flight deck crew did not communicate with the cabin crew during this time to assess the conditions in the cabin... the crew completed the evacuation checklist and advised passengers and cabin crew to proceed with evacuation.""}, {""subject"": ""unsafe_decision"", ""relation"": ""LEADS_TO"", ""object"": ""operator_physical"", ""evidence"": ""During the evacuation, one passenger sustained a serious injury (fractured wrist) and six passengers and one cabin crew member received minor injuries.""}]",success
20150611X74851,[],"{""operator_mental"": [""Complacency (Pilot)"", ""Loss of Situational Awareness (Pilot)""], ""unsafe_decision"": [""Flight attendants were not secured in their jumpseats prior to the turbulence encounter (Cabin Crew)""]}",[],success
20150701X91130,[],"{""operator_mental"": [""Distraction (Flight Attendant)""], ""unsafe_skill"": [""Inadvertent contact by beverage cart during cabin service (Flight Attendant)""]}",[],success
20150701X91338,[],"{""situational_tech"": [""Worn tread on crew rest ladder (Equipment Design/Maintenance)""], ""unsafe_skill"": [""Flight attendant slipped off a worn tread descending the crew rest ladder""]}",[],success
20150717X41748,[],"{""operator_mental"": [""Complacency (Passenger)""], ""situational_tech"": [""Equipment Design (Aircraft Lavatory Floor Surface/Drainage)"", ""Automation (Autopilot Disconnection/Takeover)""], ""unsafe_decision"": [""Passenger: 'a passenger fell when exiting the aft lavatory... while the airplane was in descent' (contrary to the illuminated seatbelt sign and PA announcement)""]}",[],success
20150805X75232,[],"{""operator_mental"": [""Distraction (Gate Lead/Tug Driver)"", ""Loss of Situational Awareness (Provisioning Truck Driver)"", ""Complacency (Guide Agent)""], ""personnel_crm"": [""Failed to Communicate (Provisioning Truck Driver)"", ""Failed to Coordinate (Guide Agent)""], ""unsafe_skill"": [""Gate lead/pushback driver: 'did not recall seeing the provisioning truck parked inside of the safety area' due to distractions (headset issues, personal stress) during walkaround"", ""Guide agent: 'assumed that it was clear and no issue as the lead agent/tug driver had walked passed it... He assumed that it was clear'"", ""Provisioning agent: 'acknowledged later that he was likely within the safety area for gate 28' but failed to recognize this during parking""]}","[{""subject"": ""unsafe_perception"", ""relation"": ""LEADS_TO"", ""object"": ""unsafe_decision"", ""evidence"": ""The gate lead/pushback driver's failure to recognize that the provisioning truck was within the safety zone of the gate during his walkaround due to distractions, which resulted in the subsequent collision""}, {""subject"": ""unsafe_perception"", ""relation"": ""LEADS_TO"", ""object"": ""unsafe_decision"", ""evidence"": ""the guide agent's improper assumption that the safety zone was properly cleared by the gate lead/pushback driver""}, {""subject"": ""unsafe_perception"", ""relation"": ""LEADS_TO"", ""object"": ""unsafe_violation"", ""evidence"": ""the provisioning truck driver's failure to recognize he was parked in the safety zone of an active gate adjacent to his assigned gate""}, {""subject"": ""personnel_readiness"", ""relation"": ""LEADS_TO"", ""object"": ""unsafe_perception"", ""evidence"": ""He also commented that he was stressed and potentially distracted by personal issues... It is likely that the gate lead was distracted by both during his walk around""}]",success
20150811X22104,[],"{""operator_mental"": [""Loss of Situational Awareness - Pilot (Captain)"", ""Complacency - Air Traffic Controller (ZDV)""], ""personnel_crm"": [""Failed to Communicate - Air Traffic Controller (ZDV)"", ""Failed to Coordinate - Flight Dispatcher""], ""unsafe_decision"": [""Flight crew continued flight into a closing gap between areas of thunderstorm activity and failed to maintain the required lateral separation from the thunderstorms"", ""Dispatcher suggested an amended routing that put them directly toward a gap in the weather which was rapidly closing""], ""unsafe_violation"": [""ZDV controller did not issue known weather information as required by FAA Order JO 7110.65 because he felt the pilot was already aware"", ""ZDV controller failed to disseminate significant PIREP information (Southwest Airlines flight 3318 report) to the incident flight crew as required by FAA Order JO 7110.65"", ""Dispatcher did not provide adequate weather information including NWS severe thunderstorm watch/warning and relevant turbulence plots (TP CN12, TP CN13) as required by 14 CFR Part 121.601""]}","[{""subject"": ""unsafe_decision"", ""relation"": ""LEADS_TO"", ""object"": ""unsafe_perception"", ""evidence"": ""The flight crew chose to continue toward the gap in the weather, and both pilots believed they would be able to maintain at least 20 miles lateral separation... By 0154... the gap in thunderstorm activity had closed to 12 miles.""}, {""subject"": ""unsafe_perception"", ""relation"": ""LEADS_TO"", ""object"": ""unsafe_decision"", ""evidence"": ""The ZDV controller did not provide this PIREP to the incident flight crew... the Delta flight, which continued toward the thunderstorms.""}, {""subject"": ""unsafe_violation"", ""relation"": ""LEADS_TO"", ""object"": ""unsafe_decision"", ""evidence"": ""The ZDV controller failed to issue the displayed weather... and also failed to disseminate significant PIREP information... which led to the airplane's encounter with hail.""}, {""subject"": ""unsafe_violation"", ""relation"": ""LEADS_TO"", ""object"": ""unsafe_decision"", ""evidence"": ""The company flight dispatcher's failure to provide complete and timely weather information... led to the airplane's encounter with hail.""}]",success
20150812X63537,[],"{""operator_mental"": [""Complacency (Aft Flight Attendant)"", ""Loss of Situational Awareness (Aft Flight Attendant)""], ""personnel_crm"": [""Failed to Communicate (Captain/Flight Crew)""], ""unsafe_decision"": [""Aft flight attendant's decision to continue securing items despite an initial encounter with turbulence because they did not feel endangered by it at the time""]}","[{""subject"": ""unsafe_decision"", ""relation"": ""LEADS_TO"", ""object"": ""unsafe_violation"", ""evidence"": ""Both flight attendants continued to secure items because \""there was a little rattling, nothing even close to needing to sit down.\"" ... The aft flight attendant reported that after the main cabin service was completed... Both flight attendants continued to secure items""}, {""subject"": ""unsafe_violation"", ""relation"": ""LEADS_TO"", ""object"": ""operator_physical"", ""evidence"": ""The aft flight attendant sustained a broken ankle after being thrown in the air twice and landing hard.""}]",success
20150818X14949,[],"{""operator_mental"": [""Complacency (Captain)"", ""Loss of Situational Awareness (Captain)""], ""personnel_crm"": [""Failure to Coordinate (First Officer)""], ""unsafe_decision"": [""The captain did not reference the available windshear guidance in the quick reference handbook, which recommended landing with Flaps 3 and increasing the approach speed by 15 knots, and approached with Full flaps and no speed increment (Captain)""]}","[{""subject"": ""unsafe_perception"", ""relation"": ""LEADS_TO"", ""object"": ""unsafe_decision"", ""evidence"": ""The captain did not perceive the windshear advisory as a threat since it was an advisory and not a warning... He did not reference the QRH for this flight since he did not perceive any hazardous convective weather in the area.""}, {""subject"": ""unsafe_decision"", ""relation"": ""LEADS_TO"", ""object"": ""unsafe_violation"", ""evidence"": ""The captain did not reference the available windshear guidance... and approached with Full flaps and no speed increment.""}]",success
20150824X02325,[],"{""personnel_crm"": [""Failed to Coordinate (Ground Operations Specialist)"", ""Failed to Communicate (Pilot)""], ""personnel_readiness"": [""Inadequate Preparation (Ground Operations Specialist)""], ""unsafe_decision"": [""Ground operations personnel were servicing another SWA aircraft parked one gate over, at gate 28 (Ground Operations Specialist)""]}",[],success
20151005X22228,[],"{""operator_mental"": [""Loss of Situational Awareness (Flight Crew)""], ""unsafe_decision"": [""Flight crew continued cruise at Flight Level 360 in instrument meteorological conditions despite the presence of convective turbulence, failing to deviate or descend to a safer altitude/track to avoid the hazard.""]}",[],success
20151005X35533,[],"{""personnel_readiness"": [""Inadequate maintenance inspection procedures (Maintenance Organization)""], ""unsafe_decision"": [""Maintenance personnel (P&W Cheshire Engine Center) swapped LPT module D17579 from another engine to expedite the build, installing a component with significantly higher accumulated hours and cycles since last heavy maintenance than the engine core it was paired with, despite available records showing its history.""]}",[],success
20151022X65901,[],"{""operator_mental"": [""Distraction (Flight Attendant)""], ""situational_tech"": [""Equipment Design (Tray/Cup Securing Mechanism)""], ""unsafe_skill"": [""moving from the galley to the cabin to serve a tray of drinks... cup of hot water fell off the tray (flight attendant)""]}",[],success
20151023X50751,[],"{""operator_mental"": [""Haste (Gate Agents)"", ""Loss of Situational Awareness (Gate Agents)""], ""personnel_crm"": [""Failed to Coordinate (Gate Agents and Flight Crew)""], ""unsafe_decision"": [""Gate agents proceeded with boarding a quadriplegic passenger... When the belts were removed in order to transfer the passenger from the aisle chair to the airplane seat the passenger slid to the floor. The passenger was then lifted into his seat by the gate agents.""]}","[{""subject"": ""unsafe_decision"", ""relation"": ""LEADS_TO"", ""object"": ""unsafe_skill"", ""evidence"": ""When the belts were removed in order to transfer the passenger from the aisle chair to the airplane seat the passenger slid to the floor. The passenger was then lifted into his seat by the gate agents.""}]",success
20151026X81321,[],"{""operator_mental"": [""Complacency (Flight Attendants)""], ""unsafe_decision"": [""Captain advised the FAs they could leave their seats but not use the carts (implying a decision to allow cabin crew to be unsecured in an environment where turbulence was recently encountered and forecasted, leading to injury when severe turbulence recurred)""]}",[],success
20151029X44249,[],"{""operator_mental"": [""Complacency (Maintenance Technician)"", ""Loss of Situational Awareness (Flight Crew)""], ""personnel_crm"": [""Failed to Coordinate (Cabin Crew and Flight Crew)"", ""Failed to Communicate (Cabin Crew and Flight Crew)""], ""unsafe_skill"": [""Maintenance personnel failed to install the required safety lockwire on the fuel line flexible coupling as required by the maintenance manual""], ""unsafe_decision"": [""Cabin crew initiated evacuation without coordination with the flight deck"", ""Flight crew did not immediately shut down the right engine while passengers were evacuating""]}","[{""subject"": ""unsafe_violation"", ""relation"": ""LEADS_TO"", ""object"": ""situational_tech"", ""evidence"": ""The fuel leak was the result of a fuel line flexible coupling (Wiggins fitting) loosening and becoming disengaged due to the lack of a safety lockwire on the coupling as required by the maintenance manual.""}, {""subject"": ""unsafe_decision"", ""relation"": ""LEADS_TO"", ""object"": ""personnel_crm"", ""evidence"": ""The cabin crew initiated the evacuation without coordination with the flight crew. After the evacuation had already begun, the flight crew advised over the PA to evacuate out the right side of the airplane.""}, {""subject"": ""unsafe_decision"", ""relation"": ""LEADS_TO"", ""object"": ""operator_limits"", ""evidence"": ""The flight crew did not immediately shut down the right engine and an evacuating passenger ran behind the engine and was blown to the pavement resulting in serious injuries.""}]",success
20151107X52955,[],"{""operator_mental"": [""Complacency (Flight Crew)"", ""Loss of Situational Awareness (Flight Crew)""], ""personnel_crm"": [""Failed to Coordinate (Flight Crew and Cabin Crew)""], ""unsafe_decision"": [""Flight crew advised the cabin crew to 'complete service and be seated' (implying a decision to allow unsecured movement in an environment where turbulence was recently encountered and forecasted, leading to injury when severe turbulence recurred)""]}",[],success
20151124X65446,[],"{""operator_mental"": [""Complacency (Flight Crew)"", ""Loss of Situational Awareness (Dispatcher)""], ""personnel_crm"": [""Failed to Communicate (Flight Crew)""], ""unsafe_decision"": [""Flight crew failed to illuminate the seatbelt sign during cruise despite prior turbulence experience and dispatcher advice, leading to injuries""]}",[],success
20151130X61148,[],"{""operator_mental"": [""Complacency (Flight Attendants)"", ""Loss of Situational Awareness (Flight Attendants)""], ""personnel_crm"": [""Failed to Coordinate (Crew/Flight Attendants)""], ""unsafe_decision"": [""Flight attendants were completing cabin service during descent in severe turbulence, indicating a decision to continue non-essential tasks despite the risk of injury.""]}",[],success
20151213X84149,[],"{""personnel_crm"": [""Failed to Coordinate (Captain/Flight Attendants): The captain instructed the FAs to secure galleys but did not ensure they were secured or coordinate a safe return to jumpseats before turbulence hit, leading to injury.""], ""unsafe_decision"": [""FA #2 fell when attempting to return to her jumpseat (Flight Attendant)""]}",[],success
20151216X41606,[],"{""operator_mental"": [""Loss of Situational Awareness - Pilot"", ""Channelized Attention - ATC Controller""], ""operator_limits"": [""Visual Limitation - Pilot""], ""situational_tech"": [""Equipment Design (Lighting Panel Interface) - ATC Controller"", ""Automation (Screensaver Function) - ATC Controller""], ""unsafe_skill"": [""The CIC inadvertently turned off the 'TWY J & Apron 2' selector (ATC Controller-in-Charge)""], ""unsafe_perception"": [""the flight crew had difficulty locating taxiway T4 as it appeared dark and there was glare from the terminal lights ahead (Pilot)"", ""The flight crew could not see T4 or the grassy area because the taxiway lights were off and the glare from the terminal lights (Pilot)""]}",[],success
20160106X80332,[],"{""operator_mental"": [""Complacency (Flight Attendant)""], ""unsafe_decision"": [""Flight attendant continued to stow the beverage cart and perform duties during unexpected turbulence, failing to immediately secure herself or stop work upon encountering the hazard (implied by 'FA was stowing a beverage cart... During that time')""]}",[],success
20160112X24550,[],"{""personnel_crm"": [""Flight attendants failed to coordinate/communicate readiness status (securing galley) with flight crew before turbulence encounter""], ""unsafe_decision"": [""Flight crew deviated north of the filed routing to avoid a strong convective area near thunderstorms, resulting in an inadvertent encounter with turbulence earlier than expected""]}",[],success
20160119X15230,[],"{""operator_mental"": [""Distraction (Flight Attendant)""], ""unsafe_decision"": [""Flight attendants were standing in the aft galley preparing to secure the cabin during descent, indicating a decision to remain unsecured despite the risk of turbulence.""]}",[],success
20160119X20258,[],"{""operator_mental"": [""Loss of Situational Awareness (Flight Attendant)""], ""unsafe_decision"": [""Flight attendant was securing the galley for landing when she was thrown into the air, indicating a decision to remain unsecured during descent despite the risk of turbulence.""]}",[],success
20160126X75122,[],"{""operator_mental"": [""Loss of Situational Awareness (Ground Crew Tug Driver)""], ""personnel_crm"": [""Failed to Coordinate (Ground Crew / Flight Crew)""], ""unsafe_perception"": [""the ground crew's misjudgment of the distance between the B767 wingtip and the MD-88 tail (Tug Driver)""]}",[],success
20160129X24835,[],"{""personnel_crm"": [""Flight crew failed to coordinate with cabin crew regarding turbulence encounter timing and safety protocols""], ""unsafe_decision"": [""Flight attendant was securing the aft galley for landing while descending through approximately FL320 (Cabin Crew)""]}",[],success
20160216X30252,[],"{""operator_mental"": [""Complacency (Passenger)""], ""unsafe_decision"": [""Passenger stood up 'to stretch' just before the turbulence despite the seatbelt sign being on""]}",[],success
20160218X94149,[],"{""operator_mental"": [""Loss of Situational Awareness - American Airlines Pilot"", ""Incorrect Evaluation of Clearance - American Airlines Pilot""], ""personnel_crm"": [""Failed to Coordinate with Ground Crew/Deice Team - Southwest Airlines Deice Crew""], ""unsafe_perception"": [""N925NN flight crew's incorrect evaluation of the clearance between the two aircraft (American Airlines Flight Crew)""]}","[{""subject"": ""unsafe_perception"", ""relation"": ""LEADS_TO"", ""object"": ""unsafe_decision"", ""evidence"": ""N925NN flight crew's incorrect evaluation of the clearance between the two aircraft, leading to the inadvertent collision""}]",success
20160222X93713,[],"{""personnel_readiness"": [""Maintenance crew failed to perform adequate inspection of the forward pressure bulkhead canted web due to inadequate procedures and intervals""], ""unsafe_decision"": [""Maintenance/inspections-Scheduled maint checks-Related maintenance info - F (Maintenance crew)""]}",[],success
20160225X92701,[],"{""operator_mental"": [""Loss of Situational Awareness (First Officer)"", ""Misplaced Motivation / Get-home-itis (Flight Crew)""], ""personnel_crm"": [""Failed to Coordinate (Captain and First Officer)"", ""Failure of Leadership (Captain)""], ""unsafe_decision"": [""Flight crew failed to consider all available runways for landing to minimize the gusty crosswind component, specifically ignoring runway 6 which was more aligned with the wind and had performance numbers available"", ""Captain reduced engine thrust to idle for about 1 second immediately after the first officer applied maximum thrust to conduct a go-around""]}","[{""subject"": ""unsafe_decision"", ""relation"": ""LEADS_TO"", ""object"": ""unsafe_skill"", ""evidence"": ""The first officer questioned the captain on the use of flaps 45... but ultimately decided to land with flaps 45... The airplane rolled left and then right when they encountered a wind gust.""}, {""subject"": ""personnel_crm"", ""relation"": ""LEADS_TO"", ""object"": ""unsafe_skill"", ""evidence"": ""After the first officer advanced the thrust levers as the pilot flying, the captain, as pilot monitoring, reduced the engine power to idle for about 1 second before advancing them back to max thrust without a positive transfer of control.""}, {""subject"": ""unsafe_decision"", ""relation"": ""CO_OCCURS_WITH"", ""object"": ""personnel_crm"", ""evidence"": ""The flight crews' failure to consider all available runways for landing... Contributing to the accident was the captain's reduction of the engine thrust...""}]",success
20160330X72920,[],"{""operator_mental"": [""Loss of Situational Awareness - Captain"", ""Channelized Attention - First Officer""], ""personnel_crm"": [""Failed to Back-up - First Officer""], ""unsafe_skill"": [""pilot flying's failure to maintain airspeed and correct pitch attitude"", ""first officer's failure to monitor the decaying airspeed and increasing pitch""], ""unsafe_decision"": [""pilot's failure to maintain appropriate thrust after disconnecting the autothrottles""]}","[{""subject"": ""unsafe_decision"", ""relation"": ""LEADS_TO"", ""object"": ""unsafe_skill"", ""evidence"": ""the pilot's failure to maintain appropriate thrust after disconnecting the autothrottles""}, {""subject"": ""unsafe_perception"", ""relation"": ""CO_OCCURS_WITH"", ""object"": ""unsafe_skill"", ""evidence"": ""first officer's failure to monitor the decaying airspeed and increasing pitch""}]",success
20160415X02200,[],"{""operator_mental"": [""Distraction (Ramp Agent)"", ""Complacency (Ramp Agent)""], ""personnel_crm"": [""Failed to Coordinate (Ramp Agents)""], ""unsafe_decision"": [""the ramp agent's arm became lodged in the beltloader... He then placed his hand at the bottom of the belt and appeared to attempt the same behavior (riding his hand on the belt) (Ramp Agent)""]}","[{""subject"": ""unsafe_decision"", ""relation"": ""LEADS_TO"", ""object"": ""unsafe_violation"", ""evidence"": ""the ramp agents failure to keep his right hand at a safe distance from the underside of the moving belt""}]",success
20160502X75955,[],"{""operator_mental"": [""Haste (Tug Driver)"", ""Loss of Situational Awareness (Tug Driver)""], ""personnel_crm"": [""Failed to Coordinate (Tug Driver and Wing Walkers)"", ""Failed to Communicate (Tug Driver)""], ""unsafe_decision"": [""Improper Procedure - Tug driver (started pushing the Boeing 777 in reverse before asking if he and the other walkers were ready)""], ""unsafe_perception"": [""Misjudged Distance/Altitude/Airspeed - Tug driver (stated that he never saw any signal from the wing walker's signal wands indicating to stop)""]}","[{""subject"": ""unsafe_perception"", ""relation"": ""LEADS_TO"", ""object"": ""unsafe_decision"", ""evidence"": ""He stated that he never saw any signal from the wing walker's signal wands indicating to stop.""}, {""subject"": ""unsafe_decision"", ""relation"": ""LEADS_TO"", ""object"": ""unsafe_violation"", ""evidence"": ""The tug driver started pushing the Boeing 777 in reverse before asking if he and the other walkers were ready""}, {""subject"": ""unsafe_perception"", ""relation"": ""LEADS_TO"", ""object"": ""unsafe_violation"", ""evidence"": ""The tug driver's failure to comply with the wing walkers direction to stop, which resulted in the towed airplane colliding with N961SW.""}]",success
20160516X92239,[],"{""personnel_crm"": [""Flight crew failed to ensure flight attendant was secured in jump seat before turbulence encounter""], ""unsafe_decision"": [""Flight attendant was not secured in jumpseat during turbulence""]}",[],success
20160609X10842,[],"{""operator_mental"": [""Complacency (Captain/First Officer)""], ""personnel_crm"": [""Failed to Coordinate (Flight Crew/Cabin Crew)""], ""unsafe_decision"": [""The flight crew continued the descent into IAH immediately after encountering moderate to severe turbulence, despite the captain only turning on the seat belt sign and making an announcement shortly after the event, indicating a failure to secure the cabin or alter course/altitude promptly enough to prevent injury""]}",[],success
20160614X04330,[],"{""personnel_crm"": [""Failed to Communicate (Flight Crew)""], ""unsafe_decision"": [""Flight attendant was preparing the galley for landing (unsecured) when thrown to the ground, indicating a failure to secure self/equipment in anticipation of turbulence or during approach phase""]}",[],success
20160627X21034,[],"{""operator_mental"": [""Complacency (Flight Attendants)"", ""Distraction (Flight Attendants)""], ""personnel_readiness"": [""Inadequate Preparation/Provisioning (United Airlines Ground Crew/Catering)""], ""unsafe_decision"": [""The FAs stated that the beverage cart pull out trays were not pulled out for the coffee pots but instead, the metal coffee pot was placed on top of the cart in the center (Flight Attendant)"", ""the FAs stated that they could not find the safe-pour lids in their provisioning supplies so they had placed a plastic cup in the opening of the coffee pot (Flight Attendant)""]}","[{""subject"": ""unsafe_decision"", ""relation"": ""LEADS_TO"", ""object"": ""unsafe_violation"", ""evidence"": ""the FAs stated that they could not find the safe-pour lids in their provisioning supplies so they had placed a plastic cup in the opening of the coffee pot""}, {""subject"": ""unsafe_decision"", ""relation"": ""LEADS_TO"", ""object"": ""unsafe_violation"", ""evidence"": ""the beverage cart pull out trays were not pulled out for the coffee pots but instead, the metal coffee pot was placed on top of the cart in the center""}]",success
20160707X02944,[],"{""operator_mental"": [""Complacency (Maintenance Technician)"", ""Haste (Maintenance Technician)""], ""situational_tech"": [""Equipment Design / Interface (Boeing AMM Procedure Errors)""], ""unsafe_skill"": [""Maintenance personnel failed to lubricate the O-ring prior to installation, contrary to Parker Aerospace recommendations and standard practice, resulting in abrasion damage during assembly"", ""Maintenance personnel installed the fuel tube O-ring onto the FFT rather than into the fuel tube gland, following erroneous AMM instructions, which led to improper seating and subsequent failure""], ""unsafe_decision"": [""Maintenance crew deferred further maintenance on the anomalous fuel flow signal in accordance with MEL procedures despite a previous repair failing to correct the issue, releasing the aircraft to service with a known latent defect"", ""Maintenance personnel did not verify proper torque values for tube attachment bolts as they were missing from the AMM, leading to potential under-torquing or over-torquing of the joint""]}","[{""subject"": ""unsafe_skill"", ""relation"": ""LEADS_TO"", ""object"": ""unsafe_decision"", ""evidence"": ""Maintenance personnel's failure to ensure proper installation of a fuel tube O-ring... The FFT installation task used by the DAL technician to install the FFT directly aligned with the Boeing AMM and so included these omissions/errors.""}, {""subject"": ""unsafe_decision"", ""relation"": ""LEADS_TO"", ""object"": ""unsafe_violation"", ""evidence"": ""An O-ring was severed when being installed on a fuel tube during maintenance. The damage degraded the O-ring sealing function... high-pressure fuel flowed past the damaged seal and sprayed into the engine core compartment.""}]",success
20160723X91246,[],"{""operator_mental"": [""Complacency (Captain)"", ""Loss of Situational Awareness (Flight Attendant)""], ""personnel_crm"": [""Failed to Communicate (Captain)""], ""unsafe_decision"": [""The captain announced it was safe to move about the cabin a few minutes after advising them to remain in jumpseats, despite the seat belt sign still being illuminated and no visible indications of convective activity, leading to an unrestrained flight attendant being injured.""]}",[],success
20160803X71952,[],"{""operator_mental"": [""Complacency (Flight Attendant)"", ""Loss of Situational Awareness (Flight Crew)""], ""personnel_crm"": [""Failed to Communicate (Flight Crew)""], ""unsafe_decision"": [""Flight attendant carried a pot of hot water and swung it while moving in the cabin during cruise, failing to secure herself or the item against sudden turbulence""]}",[],success
20160805X44633,[],"{""operator_mental"": [""Haste (Tug Operator)""], ""personnel_crm"": [""Failed to Coordinate (Flight Crew / Tug Operator)""], ""unsafe_violation"": [""tug operators excessive speed during pushback (Ground Crew)""]}","[{""subject"": ""unsafe_decision"", ""relation"": ""LEADS_TO"", ""object"": ""unsafe_violation"", ""evidence"": ""The tug specifications indicate that speed could be achieved only in second gear or higher. The airline general operating manual specifies that pushback must be conducted in low or first gear, and at a walking speed.""}, {""subject"": ""unsafe_violation"", ""relation"": ""LEADS_TO"", ""object"": ""operator_mental"", ""evidence"": ""the tug operators excessive speed during pushback""}]",success
20160805X50153,[],"{""personnel_crm"": [""Failed to Communicate (First Officer)""], ""unsafe_decision"": [""First Officer: 'was in the process of notifying the cabin when the aircraft encountered turbulence', failing to ensure flight attendants were secured before proceeding with descent through known moderate turbulence""]}",[],success
20160805X51304,[],"{""situational_tech"": [""Weather radar limitation (unable to detect clear air turbulence) - Pilot""], ""unsafe_decision"": [""Flight crew continued descent through FL180 in visual meteorological conditions despite the presence of clear air turbulence, failing to deviate or request a different altitude/track to avoid the hazard.""]}",[],success
20160811X81653,[],"{""operator_mental"": [""Complacency (Ground Service Personnel)""], ""personnel_crm"": [""Failed to Coordinate (Ground Service Personnel)""], ""unsafe_skill"": [""The ground crew reported that the truck had problems with the handbrake and jumped the chock, impacting the airplane (Catering Truck Driver)""]}",[],success
20160812X71506,[],"{""operator_mental"": [""Complacency (Flight Attendants)"", ""Loss of Situational Awareness (Pilots)""], ""personnel_crm"": [""Failed to Coordinate (Pilots and Flight Attendants)""], ""unsafe_decision"": [""Flight attendants got up from their seats to conduct various tasks throughout the cabin after turbulence smoothed out, despite prior warning of continued severe conditions""]}",[],success
20160822X94859,[],"{""operator_mental"": [""Complacency (Flight Attendant)"", ""Loss of Situational Awareness (Flight Attendant)""], ""personnel_crm"": [""Failed to Coordinate (Captain/First Officer and Flight Attendants)""], ""unsafe_decision"": [""The flight crew's penetration of a rapidly developing thunderstorm cell in an area of forecasted convective activity"", ""The weather radar tilt setting of +1 degree used by the flight crew would be useful for detecting the tops of medium range and distant storms but would not be useful in detecting the rapidly developing nearby cells below and in front of the airplane""], ""unsafe_perception"": [""The captain and FAs differed in their recollection about the turbulence discussion during the pre-flight briefing"", ""The FAs were not aware of the turbulence potential during the flight and began their service before the captain instructed them as he intended""]}",[],success
20160827X31134,[],"{""personnel_readiness"": [""Maintenance crew failed to detect sub-surface fatigue cracks in fan blade dovetails during visual inspections and relubrications due to reliance on inadequate inspection methods (FPI/visual) that could not see through the coating""], ""unsafe_decision"": [""Maintenance personnel allowed the fan blade to continue in service with a restricted inspection interval (50 cycles/75 hours) after finding coating loss during relubrication, rather than removing it for immediate overhaul or more rigorous inspection that would have detected the underlying fatigue crack.""]}",[],success
20160908X11147,[],"{""operator_mental"": [""Complacency (Flight Crew)"", ""Loss of Situational Awareness (Flight Crew)""], ""situational_tech"": [""Automation (Onboard Weather Radar AUTO mode failure to detect isolated convection)""], ""unsafe_decision"": [""The flight crew's penetration of a rapidly developing thunderstorm cell in an area of forecasted convective activity"", ""The weather radar tilt setting of +1 degree used by the flight crew would be useful for detecting the tops of medium range and distant storms but would not be useful in detecting the rapidly developing nearby cells below and in front of the airplane""], ""unsafe_perception"": [""The FAs were not aware of the turbulence potential during the flight and began their service before the captain instructed them as he intended"", ""The seat belt sign had been off for about 2 hours prior to the event, leading to a lack of caution regarding forecasted turbulence""]}",[],success
20160927X51937,[],"{""operator_mental"": [""Complacency (Maintenance Personnel)""], ""personnel_crm"": [""Failure of Leadership / Supervision (Maintenance Supervisor/Sign-off Authority)""], ""unsafe_skill"": [""Maintenance personnel incorrectly installed the frangible towing fuse, which prevented the nose landing gear from extending""]}","[{""subject"": ""unsafe_skill"", ""relation"": ""LEADS_TO"", ""object"": ""situational_tech"", ""evidence"": ""Inspection of the nose gear system found that the frangible towing fuse, which was replaced before the flight, was incorrectly installed.""}]",success
20161011X51744,[],"{""operator_mental"": [""Distraction (Flight Attendant)""], ""situational_tech"": [""Equipment Design (Cabin Interior/Seat Bar)""], ""unsafe_skill"": [""Flight attendant lost her balance while retrieving her carryon bag from an overhead bin""]}",[],success
20161027X20715,[],"{""operator_mental"": [""Loss of Situational Awareness (Captain)"", ""Complacency (First Officer)""], ""personnel_crm"": [""Failure of Leadership (Captain)"", ""Failed to Communicate (Captain)"", ""Failed to Coordinate (Flight Crew)""], ""unsafe_skill"": [""First Officer initiated the landing flare at a relatively high altitude (38 ft) and delayed reducing throttles to idle until after touchdown, causing the aircraft to float beyond the touchdown zone"", ""Captain manually deployed speed brakes approximately 4.5 seconds after touchdown instead of immediately upon landing as required by MEL procedures for inoperative auto-speedbrakes""], ""unsafe_decision"": [""Flight crew failed to call for a go-around when the aircraft was not stabilized and predicted to land outside the touchdown zone, choosing to continue the landing despite floating"", ""Captain assumed control of directional inputs during rollout without verbally transferring controls as required by operator procedures, leading to conflicting rudder inputs with the First Officer""], ""unsafe_violation"": [""Flight crew engaged in non-essential conversation below 10,000 feet, violating sterile cockpit regulations (14 CFR 121.542)""]}","[{""subject"": ""personnel_readiness"", ""relation"": ""LEADS_TO"", ""object"": ""unsafe_decision"", ""evidence"": ""the operator's go-around training did not include any scenarios that addressed performing go-arounds in which pilots must decide to perform the maneuver... contributed to the captain's and first officer's failure to call for a go-around""}, {""subject"": ""unsafe_decision"", ""relation"": ""LEADS_TO"", ""object"": ""unsafe_skill"", ""evidence"": ""the initiation of the flare at a relatively high altitude above the runway and the significant delay in the reduction of thrust resulted in the airplane floating down the runway""}, {""subject"": ""personnel_readiness"", ""relation"": ""LEADS_TO"", ""object"": ""unsafe_skill"", ""evidence"": ""the captain's manual deployment of the speed brakes was not timely... contributed to the airplane's runway departure into the EMAS""}, {""subject"": ""personnel_crm"", ""relation"": ""LEADS_TO"", ""object"": ""unsafe_skill"", ""evidence"": ""The captain did not announce that he was assuming airplane control... and commanded directional control inputs that countered those commanded by the first officer""}, {""subject"": ""personnel_readiness"", ""relation"": ""LEADS_TO"", ""object"": ""unsafe_perception"", ""evidence"": ""The captain later reported that he had forgotten that an EMAS was installed at the end of runway 22""}]",success
20161028X72837,[],"{""personnel_crm"": [""Lack of communication between flight and cabin crews after the airplane came to a stop (Flight crew, Cabin crew)"", ""Failure to coordinate emergency evacuation procedures with engine shutdown status (Cabin crew)""], ""personnel_readiness"": [""Inadequate training on specific ground engine fire procedures for Boeing 767 (FAA/Regulator, Manufacturer)"", ""Lack of separate checklist procedure for ground engine fires leading to procedural deviation (Manufacturer, FAA/Regulator)""], ""unsafe_decision"": [""Flight crew: Delayed action in shutting down the left engine"", ""Cabin crew: Deviation from company procedures resulting in passengers evacuating while the left engine was still operating""]}","[{""subject"": ""unsafe_decision"", ""relation"": ""LEADS_TO"", ""object"": ""unsafe_violation"", ""evidence"": ""a flight attendant's deviation from company procedures, which resulted in passengers evacuating from the left overwing exit while the left engine was still operating""}, {""subject"": ""personnel_crm"", ""relation"": ""LEADS_TO"", ""object"": ""unsafe_decision"", ""evidence"": ""the lack of communication between the flight and cabin crews after the airplane came to a stop""}]",success
20161028X93712,[],"{""personnel_crm"": [""Maintenance technician failed to report or properly document the out-of-limit radius measurement (0.090 inch vs 0.030 inch limit) during MLG overhaul"", ""FedEx management failed to enforce manufacturer-recommended inspection intervals and adequacy of maintenance policies""], ""unsafe_decision"": [""Maintenance technician recorded an out-of-limit radius (0.090 inch vs max 0.030 inch) for the air fill valve bore and proceeded with service without proper engineering disposition or rejection, despite ASB/CMM requirements"", ""FedEx management adopted a 9-year MLG overhaul limit exceeding the manufacturer's recommended 8-year limit without sufficient data analysis to ensure crack detection before failure""]}",[],success
20161205X55455,[],"{""operator_mental"": [""Complacency (Pilot-in-Command/First Officer)""], ""situational_tech"": [""Equipment Design (Manufacturer/Maintenance)""], ""unsafe_decision"": [""The crew decided to proceed to MMTY after hearing a loud 'thud/pop' just aft of the flight deck, despite no warnings being displayed (Flight Crew)""]}",[],success
20161216X60544,[],"{""personnel_crm"": [""Failed to Communicate (Captain)""], ""unsafe_decision"": [""Flight attendant was securing the galley at the time of the turbulence and was thrown to the ceiling (Flight Attendant)""]}",[],success
20170216X44213,[],"{""operator_mental"": [""Loss of Situational Awareness (Pilot)""], ""unsafe_perception"": [""The flight crew failed to detect the deer on the runway during the takeoff roll, resulting in a collision (Flight Crew)""]}",[],success
20170222X80758,[],"{""personnel_crm"": [""Failed to Coordinate (Flight Attendant not secured during descent)""], ""unsafe_decision"": [""Flight attendant was in the final stages of preparing the cabin for landing (implying she was not secured or seated during descent) - Flight Attendant""]}",[],success
20170224X03359,[],"{""operator_mental"": [""Loss of Situational Awareness (Catering Agent)""], ""unsafe_perception"": [""The agent lost situational awareness and stepped backwards, falling through the gap (Catering Agent)""]}",[],success
20170308X73155,[],"{""situational_tech"": [""Lack of means to detect jammed elevator during preflight checks (Flight Crew)""], ""unsafe_skill"": [""Failure to detect the jammed right elevator during preflight checks (Flight Crew)""]}",[],success
20170317X92137,[],"{""operator_mental"": [""Complacency (Flight Attendants)""], ""unsafe_violation"": [""The #2 and the #4 FAs were seated in their jumpseats in the rear of the aircraft, however, their seatbelts were not fastened (Flight Attendants)""]}",[],success
20170331X95128,[],"{""situational_tech"": [""Equipment Design (Parking Brake Electrical Control Valve Malfunction)""], ""unsafe_decision"": [""The captain stated that he... began the 'delayed after-start check', when he noticed that the airplane was rolling. He then looked down and verified that the parking brake was set, which it was, and as he was applying the brakes they locked, and the airplane came to a 'jarring stop'. (Captain)""]}",[],success
20170419X83518,[],"{""operator_mental"": [""Loss of Situational Awareness (Flight Attendant)""], ""situational_tech"": [""Equipment Design (Galley Retractable Table Interface)""], ""unsafe_skill"": [""Breakdown in Visual Scan: The lead flight attendant stated that she struck her right middle ribcage with 'full force' on edge of the galley retractable table, which had been pulled out without her awareness.""]}",[],success
20170426X40247,[],"{""personnel_crm"": [""Flight attendant failed to comply with crew instruction to remain seated""], ""unsafe_decision"": [""Flight attendant failed to secure self in jumpseat despite captain's explicit instruction and illuminated seat belt sign""]}",[],success
20170508X85232,[],"{""operator_mental"": [""Complacency (Flight Attendant)"", ""Loss of Situational Awareness (Captain)""], ""personnel_crm"": [""Failed to Communicate (Captain)""], ""unsafe_decision"": [""Flight attendant stood up and began to prepare for cabin service after the ride seemed to have smoothed out, despite the fasten seatbelt sign being illuminated""]}",[],success
20170523X12020,[],"{""operator_mental"": [""Loss of Situational Awareness - First Officer""], ""personnel_crm"": [""Failed to Back-up - Captain""], ""unsafe_skill"": [""first officer ... pushed the nose down to correct. He then determined that he had overcorrected and began to pull the control column aft""]}","[{""subject"": ""unsafe_perception"", ""relation"": ""LEADS_TO"", ""object"": ""unsafe_decision"", ""evidence"": ""the first officer... recalled that the airplane was slightly high and fast when he began the landing flare and he pushed the nose down to correct. He then determined that he had overcorrected and began to pull the control column aft.""}, {""subject"": ""unsafe_decision"", ""relation"": ""LEADS_TO"", ""object"": ""unsafe_skill"", ""evidence"": ""the first officer's failure to attain a proper landing flare, which resulted in a tail strike.""}]",success
20170523X15143,[],"{""operator_mental"": [""Complacency (Flight Attendant)""], ""unsafe_violation"": [""one of the FAs was seated in the aft galley without her seatbelt fastened""]}",[],success
20170608X90705,[],"{""situational_tech"": [""Equipment Design (Lack of AGB vibration sensors preventing detection of changing vibratory response)"", ""Manufacturing Process Deficiency (Additional machining and chemical etching to address corrosion reduced high cycle fatigue capability)""], ""unsafe_decision"": [""CFMI manufacturing personnel performed additional machining and chemical etching operations to address corrosion non-conformances, which reduced the high cycle fatigue capability of the L3 gearshaft""]}",[],success
20170612X10422,[],"{""operator_mental"": [""Complacency (SkyWest Maintenance Crew)"", ""Misplaced Motivation (SkyWest Maintenance Management)""], ""personnel_crm"": [""Failure of Leadership (SkyWest Maintenance Management)""], ""unsafe_decision"": [""SkyWest maintenance/engineering personnel elected to cease further maintenance on the engine and instead scheduled it for removal and replacement, failing to perform the recommended HPT borescope inspection despite ineffective water washes and ITT exceedances which were strong indicators of a potential core engine issue.""]}",[],success
20170625X04604,[],"{""operator_limits"": [""Inexperience (First Officer on third day of initial operating experience, fourth A320-series landing)"", ""Lack of specific type rating proficiency (First Officer's first A321 landing)""], ""personnel_crm"": [""Failure to intervene/take control in time (Captain failed to assume control during unstable flare/bounce)"", ""Ineffective instruction/coordination (Captain provided verbal cues 'pull back' but did not physically correct the input sequence effectively)""], ""unsafe_skill"": [""first officer ... improper landing flare, which resulted in a hard, bounced landing"", ""flight crew's improper bounced landing recovery procedures""]}","[{""subject"": ""personnel_readiness"", ""relation"": ""LEADS_TO"", ""object"": ""unsafe_skill"", ""evidence"": ""The first officer was on her third day of initial operating experience training... and the first officer's improper landing flare""}, {""subject"": ""personnel_readiness"", ""relation"": ""LEADS_TO"", ""object"": ""unsafe_decision"", ""evidence"": ""The captain instructed the first officer to bring the nose up three times... and the flight crew's improper bounced landing recovery procedures""}, {""subject"": ""unsafe_skill"", ""relation"": ""LEADS_TO"", ""object"": ""unsafe_decision"", ""evidence"": ""The first officer's improper landing flare, which resulted in a hard, bounced landing, and the flight crew's improper bounced landing recovery procedures""}]",success
20170703X71412,[],"{""operator_mental"": [""Loss of Situational Awareness - A321 Flight Crew"", ""Channelized Attention - A321 Flight Crew""], ""personnel_crm"": [""Failed to Coordinate - A321 Flight Crew & CRJ200 Pilot""], ""unsafe_perception"": [""The A321 flight crew's incorrect evaluation of the clearance between the aircraft, leading to the inadvertent collision with the horizontal stabilizer of the CRJ200 (A321 Flight Crew)""]}",[],success
20170712X12448,[],"{""situational_tech"": [""Equipment Design (OBV fitting/housing design susceptible to wear and pullout under vibration)"", ""Inadequate Inspection (Maintenance procedures lacked ECS link alignment checks and condition monitoring)""], ""unsafe_skill"": [""Maintenance personnel failed to inspect for wear caused by poor rod end alignment because instructions were missing from the base engine assembly drawing and ECS links were not part of scheduled maintenance""]}",[],success
20170721X61556,[],"{""personnel_crm"": [""Captain failed to ensure flight attendants were secured in jumpseats before turbulence encounter""], ""unsafe_decision"": [""Captain briefed FAs to be seated within 'about 10 to 13 minutes of the weather' while allowing them to prepare galleys and perform compliance checks, resulting in an FA being unsecured during turbulence""]}",[],success
20170813X71654,[],"{""personnel_crm"": [""ATC failed to communicate hazardous weather returns to the flight crew prior to encounter""], ""unsafe_decision"": [""ATC: 'ATC did not advise the flight crew of the returns until after the crew reported the turbulence encounter' (failure to provide timely weather information despite radar depiction)""]}",[],success
20170816X35104,[],"{""operator_mental"": [""Loss of Situational Awareness - Delta Captain"", ""Complacency - Delta Captain""], ""unsafe_perception"": [""The Delta captain stated he steered slightly to the right of the taxiway centerline to keep clear of the stopped American B757. He then steered back towards the centerline once he thought his left winglet had cleared the American B757s tail when he felt a bump (Delta Captain)""]}","[{""subject"": ""unsafe_perception"", ""relation"": ""LEADS_TO"", ""object"": ""unsafe_decision"", ""evidence"": ""He then steered back towards the centerline once he thought his left winglet had cleared the American B757s tail when he felt a bump.""}, {""subject"": ""unsafe_decision"", ""relation"": ""LEADS_TO"", ""object"": ""unsafe_skill"", ""evidence"": ""the Delta B737 captain's failure to maintain proper clearance between his airplane and the stopped American B757.""}]",success
20170824X42626,[],"{""operator_mental"": [""Complacency (Captain)"", ""Loss of Situational Awareness (Flight Crew)""], ""personnel_crm"": [""Failed to Communicate (Captain/First Officer to Flight Attendants)""], ""unsafe_decision"": [""Captain decided to keep the seat belt sign off based on flight conditions and lack of radar indication, despite FOM requirement to ensure personnel are seated before entering thunderstorm areas"", ""Flight crew complied with ATC turn instruction into weather after initially declining due to adverse weather concerns, resulting in entry into convective turbulence""]}",[],success
20170911X34051,[],"{""personnel_crm"": [""Flight attendant failed to coordinate with flight crew regarding turbulence encounter before moving""], ""unsafe_decision"": [""Flight Attendant: 'While one of the flight attendants was performing final safety checks and walking to her jumpseat, the airplane encountered turbulence' (continued moving in cabin during approach despite seatbelt sign being on)""]}",[],success
20170913X72254,[],"{""operator_mental"": [""Loss of Situational Awareness - First Officer (B737)"", ""Distraction - First Officer (B737)""], ""personnel_crm"": [""Failed to Coordinate - Flight Crew (B737) and Marshaller/Ground Crew""], ""unsafe_perception"": [""The B737 flight crew's misjudgment of the clearance between their wingtip and the B767 horizontal stabilizer (B737 Flight Crew)""]}",[],success
20170920X64035,[],"{""operator_mental"": [""Loss of Situational Awareness (Tug Driver)"", ""Channelized Attention (Tug Driver)""], ""personnel_crm"": [""Failed to Coordinate (Tug Driver and Pilot)""], ""unsafe_decision"": [""The tug driver initiated a right turn onto the perpendicular terminal road in proximity to the airplane, failing to yield the right of way as required by airline ground movement procedures (Ground Crew)""]}",[],success
20171002X95003,[],"{""operator_mental"": [""Loss of Situational Awareness - Pilot in Command (N841NN)"", ""Channelized Attention - Pilot in Command (N841NN)""], ""personnel_crm"": [""Failed to Coordinate - Flight Crews (N841NN and N982VJ)""], ""unsafe_perception"": [""The failure N841NNs captain to maintain appropriate clearance from N982VJ, which was stopped on the taxiway (Captain of N841NN)""]}","[{""subject"": ""unsafe_decision"", ""relation"": ""LEADS_TO"", ""object"": ""unsafe_skill"", ""evidence"": ""The failure N841NNs captain to maintain appropriate clearance from N982VJ, which was stopped on the taxiway.""}]",success
20171003X23920,[],"{""operator_limits"": [""Lack of knowledge regarding emergency procedures for ground support equipment (Ramp Agent)""], ""situational_tech"": [""Mechanical failure of fuel governor causing runaway condition (Baggage Tug)""], ""unsafe_decision"": [""The ramp agent jumped off the tug as the tug continued to accelerate forward (Ramp Agent)""]}",[],success
20171005X44145,[],"{""operator_mental"": [""Distraction - Flight Attendant""], ""unsafe_skill"": [""The 'A' position flight attendant accidentally poured hot water onto his hand""]}",[],success
20171108X55532,[],"{""personnel_readiness"": [""Maintenance provider failed to perform required fuel tank sumping during the 10-day inactivity period, violating maintenance planning procedures and leaving water in the system""], ""unsafe_decision"": [""Maintenance provider omitted to sump the fuel tanks during the 10-day period of inactivity, failing to follow recommended water management procedures despite low temperatures preventing standard sumping and an alternative method being available"", ""Maintenance personnel failed to apply the AMM alternative sumping method (adding fuel to increase temperature) when ambient temperatures were below 5\u00b0C, leading to unmanaged water accumulation""]}",[],success
20171212X00211,[],"{""operator_mental"": [""Channelized Attention (Flight Crew)"", ""Loss of Situational Awareness (Flight Crew)""], ""personnel_crm"": [""Failed to Coordinate (Flight Crew)""], ""unsafe_skill"": [""Omitted Checklist Step (Flight Crew)"", ""Failed to Prioritize Attention (Flight Crew)""]}",[],success
20171212X50255,[],"{""operator_mental"": [""Loss of Situational Awareness - First Officer (N9011P)"", ""Distraction - First Officer (N9011P)""], ""operator_limits"": [""Visual Limitation - First Officer (N9011P)""], ""unsafe_perception"": [""The FO stated that he was temporarily blinded by the glare from the ramp lights (First Officer of N9011P)""], ""unsafe_violation"": [""The failure of the flight crew of N9011P to maintain an appropriate clearance from N344PP, which was stopped on the taxiway (Flight Crew of N9011P)""]}","[{""subject"": ""unsafe_perception"", ""relation"": ""LEADS_TO"", ""object"": ""unsafe_decision"", ""evidence"": ""The FO stated that he was temporarily blinded by the glare from the ramp lights and the airplanes collided.""}, {""subject"": ""unsafe_decision"", ""relation"": ""LEADS_TO"", ""object"": ""unsafe_skill"", ""evidence"": ""The failure of the flight crew of N9011P to maintain an appropriate clearance from N344PP, which was stopped on the taxiway.""}]",success
20171219X90251,[],"{""operator_mental"": [""Loss of Situational Awareness (Captain/First Officer)""], ""personnel_crm"": [""Failure to Coordinate (Captain/First Officer)"", ""Failed to Back-up (Captain)""], ""unsafe_decision"": [""Captain had the FO select flight level change... and the descent rate briefly exceeded 5,000 feet/minute (Captain)"", ""Captain disconnected the autopilot and pitched the nose up to prevent an overspeed condition (Captain)""]}",[],success
20171220X52223,[],"{""personnel_crm"": [""Flight attendants failed to coordinate with flight crew regarding turbulence encounter timing and cabin safety status""], ""unsafe_decision"": [""Flight attendants were conducting their final cabin checks when all five FAs were thrown to the floor""]}",[],success
20171226X41907,[],"{""personnel_readiness"": [""Cargo handler failed to secure pallet jack tie-down fastener""], ""unsafe_decision"": [""failure to properly secure cargo tie-down fastener (ground crew/cargo handler)""]}",[],success
20180109X22437,[],"{""operator_mental"": [""Loss of Situational Awareness (Provisioning Agent)""], ""situational_tech"": [""Equipment Design/Functionality Failure (Ground Equipment)""], ""unsafe_perception"": [""Provisioning agent lost situational awareness while moving from the airplane to the platform""]}",[],success
20180213X95634,[],"{""personnel_readiness"": [""Inadequate Training (TAI Inspector)"", ""Lack of Certification Program (P&W Management)""], ""unsafe_decision"": [""TAI inspector accepted a thermal indication as 'paint' defect and allowed the blade to continue the overhaul process and be returned to service, failing to identify it as a fatigue crack origin""]}","[{""subject"": ""personnel_readiness"", ""relation"": ""LEADS_TO"", ""object"": ""unsafe_perception"", ""evidence"": ""The lack of training resulted in the inspector making an incorrect evaluation of an indication that resulted in a blade with a crack being returned to service""}, {""subject"": ""personnel_readiness"", ""relation"": ""LEADS_TO"", ""object"": ""unsafe_decision"", ""evidence"": ""the inspectors attributed the indication to a defect in the paint... and allowed the blade to continue the overhaul process""}]",success
20180228X30813,[],"{""personnel_crm"": [""Failed to Coordinate (Flight Crew/ATC): Reliance on ATC reports of no significant turbulence without adequate independent verification or caution regarding clear air turbulence risks during descent""], ""unsafe_decision"": [""Flight attendants were beginning their cabin preparations for landing and the flight attendants were thrown to the floor (moved in cabin during descent despite seatbelt sign being illuminated)""]}",[],success
20180417X23642,[],"{""personnel_crm"": [""Cabin crew failed to act/secure cabin during rapid depressurization""], ""unsafe_skill"": [""Maintenance personnel failed to detect the low-cycle fatigue crack in the dovetail of fan blade No. 13 during inspection, resulting in the return of a defective component (Maintenance Personnel)""]}",[],success
20180419X80338,[],"{""operator_mental"": [""Loss of Situational Awareness (Flight Crew)"", ""Complacency (Flight Crew)""], ""situational_tech"": [""Equipment Design (Airbus ECAM System / Fire Detection Logic)"", ""Interface (ECAM Message Priority/Stacking)""], ""unsafe_decision"": [""Flight crew delayed landing and extended the downwind leg to complete non-urgent ECAM items, misinterpreting the loss of fire warning indications as evidence that the fire was extinguished"", ""Maintenance personnel returned the aircraft to service after replacing seals without identifying or correcting the improper installation of the rigid fuel pipe flange on the wrong side of the hydraulic interface panel""]}","[{""subject"": ""unsafe_perception"", ""relation"": ""LEADS_TO"", ""object"": ""unsafe_decision"", ""evidence"": ""Contributing to the delayed landing was likely the flight crew's perception that the fire had been extinguished due to the disappearance of the primary engine fire warning indications... and that a landing as soon as possible was not perceived to be necessary.""}, {""subject"": ""personnel_readiness"", ""relation"": ""LEADS_TO"", ""object"": ""unsafe_perception"", ""evidence"": ""Thus, because the accident flight crew had not been trained on an in-flight engine fire event in which the cockpit fire indications cease after a significant time but a fire remains, may have been another reason why the flight crew believed the fire had been extinguished.""}]",success
20180420X04304,[],"{""operator_mental"": [""Complacency (Maintenance Personnel)""], ""personnel_readiness"": [""Inadequate Training/Procedures (Maintenance Personnel)"", ""Failure to Follow Inspection Procedures (Maintenance Personnel)""], ""unsafe_skill"": [""Maintenance personnel failed to detect a fatigue crack (0.059 inch) during the AD inspection on November 16, 2017, despite it being above the minimum detectable length of 0.050 inch""]}",[],success
20180503X92154,[],"{""operator_mental"": [""Loss of Situational Awareness - Captain of Delta 212"", ""Complacency - Captain of Delta 212""], ""personnel_crm"": [""Failed to Coordinate - Captain of Delta 212 and Ramp Control/Ground Crew""], ""unsafe_perception"": [""the captain indicated that he lost sight of airplane out the right window (Captain)""], ""unsafe_violation"": [""After he thought they would be safety clear of the airplane, he then turned back onto the taxiway centerline (Captain)""]}","[{""subject"": ""unsafe_perception"", ""relation"": ""LEADS_TO"", ""object"": ""unsafe_decision"", ""evidence"": ""the captain indicated that he lost sight of airplane out the right window... After he thought they would be safety clear of the airplane, he then turned back onto the taxiway centerline""}, {""subject"": ""unsafe_decision"", ""relation"": ""LEADS_TO"", ""object"": ""unsafe_skill"", ""evidence"": ""the failure of the captain of Delta 212 to ensure adequate clearance while taxiing behind Endeavor 3413""}]",success
20180507X00658,[],"{""operator_mental"": [""Haste (Maintenance Truck Driver)"", ""Loss of Situational Awareness (Maintenance Truck Driver)""], ""personnel_crm"": [""Failed to Coordinate (Maintenance Truck Driver / Ground Crew)""], ""unsafe_decision"": [""Maintenance truck driver increased speed to pass in front of the airplane before it could enter the gate""]}",[],success
20180611X85348,[],"{""operator_mental"": [""Complacency - Passenger""], ""unsafe_decision"": [""Passenger ignored the seatbelt sign and instructions to remain seated""]}","[{""subject"": ""unsafe_violation"", ""relation"": ""CO_OCCURS_WITH"", ""object"": ""situational_tech"", ""evidence"": ""the passengers failure to comply with the fasten seatbelt sign when the airplane encountered convective turbulence""}]",success
20180613X62240,[],"{""operator_mental"": [""Distraction (Flight Attendant)"", ""Loss of Situational Awareness (Passenger)""], ""personnel_crm"": [""Failed to Coordinate (Cabin Crew/Passengers)""], ""unsafe_skill"": [""The 'B' position flight attendant was holding a pot of hot water while moving in the aisle, resulting in an unsafe handling technique that led to splashing when bumped.""]}",[],success
20180618X30834,[],"{""operator_mental"": [""Distraction - Flight Attendant""], ""situational_tech"": [""Equipment Design - Beverage Cart""], ""unsafe_skill"": [""The two injured flight attendants were in the aft galley setting up the beverage cart when the cart overturned""]}",[],success
20180725X32722,[],"{""personnel_crm"": [""Failed to Coordinate (Captain/Lead Flight Attendant): The captain requested the final walkthrough and seating, but the coordination failed as the flight attendants were still in the aisle during the turbulence encounter, indicating a lack of confirmed status or adequate time buffer for the cabin crew to secure themselves.""], ""unsafe_decision"": [""Flight attendants were in the aisle (unsecured) during final walkthrough when severe turbulence occurred, indicating a failure to secure self/equipment in anticipation of expected bumpy conditions""]}",[],success
20180727X04921,[],"{""operator_mental"": [""Loss of Situational Awareness (First Officer)"", ""Task Saturation (First Officer)""], ""personnel_crm"": [""Failure to Back-up (Captain)""], ""unsafe_skill"": [""an improper landing flare technique (First Officer)""], ""unsafe_decision"": [""the lack of the appropriate bounced landing recovery procedure (Flight Crew)""]}",[],success
20180803X35058,[],"{""operator_mental"": [""Complacency (Flight Attendant)"", ""Loss of Situational Awareness (Flight Attendant)""], ""personnel_crm"": [""Failed to Coordinate (Crew/ATC regarding turbulence reports)""], ""unsafe_decision"": [""Flight attendant continued beverage service and was not secured in the jumpseat despite the seatbelt sign being illuminated, failing to adhere to safety protocols for potential turbulence.""]}",[],success
20180816X41010,[],"{""operator_mental"": [""Loss of Situational Awareness - Captain""], ""unsafe_skill"": [""The captain's improper control of the airplane during the landing flare (Captain)""]}",[],success
20180905X90334,[],"{""operator_mental"": [""Loss of Situational Awareness (Flight Crew)"", ""Channelized Attention (First Officer)""], ""situational_tech"": [""Equipment Design/Functionality Failure (Radio Altimeter over water)""], ""unsafe_skill"": [""inappropriate recovery technique after a bounced landing (First Officer)""], ""unsafe_decision"": [""failure of the radio altimeter... that was not recognized by the flight crew (Flight Crew)""]}",[],success
20180907X10419,[],"{""operator_mental"": [""Loss of Situational Awareness (Captain)"", ""Channelized Attention (Captain)""], ""personnel_crm"": [""Failed to Back-up (First Officer)""], ""unsafe_skill"": [""Failed to Prioritize Attention (Captain)"", ""Over-controlled Aircraft (Captain)""]}","[{""subject"": ""unsafe_perception"", ""relation"": ""LEADS_TO"", ""object"": ""unsafe_decision"", ""evidence"": ""The flight crew's failure to adequately monitor the airplane's airspeed, which led to the captain's aggressive control inputs""}, {""subject"": ""unsafe_decision"", ""relation"": ""LEADS_TO"", ""object"": ""operator_limits"", ""evidence"": ""these aggressive inputs resulted in injuries to three cabin crewmembers""}]",success
20180913X21320,[],"{""situational_tech"": [""Equipment Design (Pratt & Whitney lenticular seal design with chromium carbide coating prone to fatigue)"", ""Maintenance Procedure/Policy (Decision to introduce improved seal on attrition basis without recoat option)""], ""unsafe_decision"": [""Pratt & Whitney's decision to introduce the temperature-resistant knife-edge coating as a new-part number lenticular seal on an attrition basis without the option to recoat existing lenticular seals, which delayed implementation of the more durable seal material into the fleet""]}",[],success
20180922X71035,[],"{""personnel_crm"": [""Failed to Coordinate (Flight Attendant)""], ""unsafe_decision"": [""Flight attendant was securing items in the galley during descent through 3,100 feet on approach, failing to remain seated and secured despite the seat belt sign being on and 'prepare for landing' announcement made (Flight Attendant)""]}",[],success
20181001X90405,[],"{""operator_mental"": [""Loss of Situational Awareness - Passenger""], ""unsafe_skill"": [""Breakdown in Visual Scan: The flight attendant tripped over a bag left by a passenger""]}",[],success
20181009X10416,[],"{""operator_mental"": [""Haste (Caterer personnel)"", ""Loss of Situational Awareness (Flight attendant)""], ""personnel_crm"": [""Failed to Coordinate (Caterer personnel and Flight crew)""], ""unsafe_skill"": [""Breakdown in Visual Scan (Caterer personnel)""]}",[],success
20181012X03918,[],"{""operator_mental"": [""Distraction (Flight Attendant)""], ""unsafe_skill"": [""tripped over a passenger's knee, causing her to spill her beverage tray (flight attendant)""]}",[],success
20181012X11804,[],"{""operator_mental"": [""Distraction (Passenger)""], ""unsafe_decision"": [""Passenger exited the lavatory and tripped as she was returning to her seat despite the illuminated seatbelt sign (Passenger)""]}",[],success
20181016X60635,[],"{""personnel_crm"": [""Flight attendant failed to remain seated in designated position during anticipated turbulence""], ""unsafe_decision"": [""Flight attendant was in the aft galley and not secured in a jumpseat despite being asked to be seated, indicating a decision to remain unsecured during descent.""]}",[],success
20181017X61323,[],"{""personnel_crm"": [""Failed to Communicate (Flight Crew)""], ""unsafe_decision"": [""Flight attendants were preparing for cabin service and moving to get into their jump seats when the turbulence intensified, resulting in injury (Flight Attendants)""]}",[],success
20181206X81036,[],"{""operator_mental"": [""Complacency (Captain)"", ""Loss of Situational Awareness (Captain)""], ""personnel_crm"": [""Failed to Coordinate (Captain and First Officer)""], ""unsafe_decision"": [""Captain: 'deactivated the seat belt sign, and released the flight attendants to begin cabin service' despite continuous light turbulence during climb and green radar returns indicating potential convective activity nearby""]}",[],success
20181206X02227,[],"{""operator_mental"": [""Loss of Situational Awareness (Captain)"", ""Haste (Captain)""], ""personnel_crm"": [""Failed to Coordinate (Captain and Ground Crew)"", ""Misinterpretation of Traffic Calls (Captain)""], ""unsafe_skill"": [""Omitted Checklist Step (Flight Crew): 'the captain initiated the cross-bleed start while still under tow after receiving clearance from the ground crew' despite checklist requirement to set parking brake""]}",[],success
20181206X45642,[],"{""operator_mental"": [""Plan continuation bias (Captain and First Officer)"", ""Loss of Situational Awareness regarding touchdown point (Captain and First Officer)"", ""Channelized Attention on tailwind/braking rather than approach speed/distance (Captain and First Officer)""], ""personnel_crm"": [""Failure to coordinate go-around decision despite exceeding limits (Captain and First Officer)"", ""Failure to request updated landing data report from PWB system (First Officer)""], ""personnel_readiness"": [""Lack of experience with adverse weather at specific airport (Captain and First Officer)""], ""unsafe_decision"": [""The flight crew's decision, due to plan continuation bias, to continue the approach despite indications of windshear and a higher-than-expected tailwind (Captain/First Officer)"", ""Failure to execute a go-around after receiving reports of an 11-knot wind exceeding the 10-knot limit and acknowledging 'right on the edge' conditions (Captain)""], ""unsafe_perception"": [""The flight crew's misperception of the airplane's touchdown point, assuming it was within the 1,500 ft zone when it was actually at 2,504 ft due to higher groundspeed (Captain/First Officer)"", ""Narrowing of attention leading to failure to recognize the long touchdown and invalid stopping margin (Flight Crew)""]}","[{""subject"": ""unsafe_decision"", ""relation"": ""LEADS_TO"", ""object"": ""unsafe_perception"", ""evidence"": ""The flight crew's decision, due to plan continuation bias, to continue the approach despite indications of windshear and a higher-than-expected tailwind... The captain estimated that the airplane touched down between 1,300 and 1,500 ft from the runway threshold. This estimate was based on the expected timing... and not based on external cues""}, {""subject"": ""unsafe_perception"", ""relation"": ""LEADS_TO"", ""object"": ""unsafe_decision"", ""evidence"": ""The flight crew's misperception of the airplane's touchdown point, which was farther down the runway than the crew assumed because of the faster-than-expected groundspeed... The captain reported that he had not previously encountered conditions such as those on the day of the incident; his previous flights into BUR occurred in visual flight rules flight and without any significant precipitation""}, {""subject"": ""unsafe_decision"", ""relation"": ""CO_OCCURS_WITH"", ""object"": ""unsafe_perception"", ""evidence"": ""(1) The flight crewmembers' decision, due to plan continuation bias, to continue the approach despite indications of windshear and a higher-than-expected tailwind and (2) the flight crew's misperception of the airplane's touchdown point""}]",success
20181206X51048,[],"{""personnel_crm"": [""Flight crew failed to coordinate cabin safety protocols with flight attendants during descent""], ""unsafe_decision"": [""Flight attendants were preparing the cabin for landing (unsecured) when thrown to the ground, indicating a failure to secure self/equipment in anticipation of turbulence or during approach phase""]}",[],success
20181206X53303,[],"{""operator_mental"": [""Complacency (Flight Attendant)""], ""personnel_crm"": [""Failed to Coordinate (Cabin Crew)""], ""unsafe_decision"": [""Flight attendant opened an overhead bin while taxiing, failing to secure the laptop or assess the risk of it falling""]}",[],success
20181231X63848,[],"{""operator_mental"": [""Loss of Situational Awareness - First Officer"", ""Channelized Attention - First Officer""], ""personnel_crm"": [""Failed to Back-up - Captain""], ""unsafe_perception"": [""The FO indicated that he perceived the aural radar altitude countdown was fast (First Officer)""]}",[],success
20190130X94935,[],"{""operator_mental"": [""Get-home-itis (Captain)"", ""Complacency (Captain)""], ""personnel_crm"": [""Failure of Leadership (Captain)"", ""Failed to Coordinate (First Officer, Flight Engineer)""], ""unsafe_decision"": [""Captain declined recommendations to recycle gear or go around despite red warning light and audible horn, choosing to continue the approach with an unsafe indication"", ""Captain failed to conduct abnormal checklists for landing gear indications as required by procedures""], ""unsafe_violation"": [""Captain intentionally continued the landing with a known unsafe nose gear status (red light/horn) in violation of standard operating procedures requiring a go-around or stabilized approach criteria""]}","[{""subject"": ""unsafe_decision"", ""relation"": ""LEADS_TO"", ""object"": ""unsafe_skill"", ""evidence"": ""The Captain declined and continued the approach. He did not call for or conduct any checklists for abnormal gear operation.""}, {""subject"": ""personnel_crm"", ""relation"": ""LEADS_TO"", ""object"": ""unsafe_decision"", ""evidence"": ""The flight engineer recommended recycling the gear lever, and the First Officer recommended a go-around to troubleshoot. The Captain declined.""}, {""subject"": ""situational_tech"", ""relation"": ""LEADS_TO"", ""object"": ""unsafe_perception"", ""evidence"": ""A red status light for the nose gear illuminated indicating it was not down and locked. All flight crewmembers reported they saw the light.""}]",success
20190205X55712,[],"{""operator_mental"": [""Complacency (Flight Attendants)""], ""unsafe_decision"": [""Flight attendants had just started to prepare for beverage service in the aft galley when they were thrown to the floor, indicating a decision to remain unsecured and perform non-essential tasks during climb despite the risk of turbulence.""]}",[],success
20190208X10711,[],"{""personnel_crm"": [""Failed to Coordinate (Tug driver ignored ramp management instruction for straight-back push due to snow, deviating from standard operating procedure without effective coordination with flight crew or ground control)""], ""personnel_readiness"": [""Inadequate Preparation (Ramp management failed to ensure ground personnel were adequately prepared/briefed on the specific hazards of snowy conditions requiring straight-back pushes, leading to unsafe decision-making by the tug driver)""], ""unsafe_decision"": [""Improper Procedure (Tug Driver)""]}",[],success
20190214X42337,[],"{""operator_mental"": [""Complacency (Captain)"", ""Loss of Situational Awareness (Flight Crew)""], ""personnel_crm"": [""Failed to Coordinate (Captain and Flight Attendants)""], ""unsafe_decision"": [""Captain informed the flight attendants that they could begin cabin service but left the seatbelt sign illuminated for passengers because there was a report of 'occasional light chop' (Captain)""]}",[],success
20190223X60222,[],"{""operator_mental"": [""Loss of Situational Awareness (First Officer)"", ""Spatial Disorientation (First Officer)""], ""operator_limits"": [""Incompatible Intelligence/Aptitude (First Officer)"", ""Maladaptive Stress Response (First Officer)""], ""situational_tech"": [""Unintentional Activation of Go-Around Mode (Automation/Interface)""], ""personnel_crm"": [""Failure to Monitor Flightpath (Captain)"", ""Failure to Assume Positive Control (Captain)""], ""unsafe_skill"": [""Inappropriate response by the first officer as the pilot flying to an inadvertent activation of the go-around mode, which led to his spatial disorientation and nose-down control inputs that placed the airplane in a steep descent (First Officer)""], ""unsafe_decision"": [""The captain's failure to adequately monitor the airplane's flightpath and assume positive control of the airplane to effectively intervene (Captain)""]}","[{""subject"": ""unsafe_perception"", ""relation"": ""LEADS_TO"", ""object"": ""unsafe_decision"", ""evidence"": ""inappropriate response by the first officer as the pilot flying to an inadvertent activation of the go-around mode, which led to his spatial disorientation and nose-down control inputs""}, {""subject"": ""personnel_crm"", ""relation"": ""LEADS_TO"", ""object"": ""unsafe_decision"", ""evidence"": ""captain's failure to adequately monitor the airplane's flightpath and assume positive control of the airplane to effectively intervene""}, {""subject"": ""personnel_readiness"", ""relation"": ""LEADS_TO"", ""object"": ""unsafe_decision"", ""evidence"": ""systemic deficiencies in the aviation industry's selection and performance measurement practices, which failed to address the first officer's aptitude-related deficiencies and maladaptive stress response""}]",success
20190301X50148,[],"{""personnel_crm"": [""Failed to Coordinate (Captain failed to ensure cabin crew were fully secured before turbulence onset despite warning)""], ""unsafe_decision"": [""Flight Attendant: 'in the aft galley' during initial descent despite captain's instruction to 'stowing the carts and securing the cabin', failing to secure self or equipment""]}",[],success
20190304X65511,[],"{""operator_mental"": [""Confirmation Bias (Captain)"", ""Confirmation Bias (First Officer)"", ""Loss of Situational Awareness (First Officer)""], ""operator_physical"": [""Physical Fatigue (First Officer)"", ""Medical Illness (First Officer)""], ""personnel_crm"": [""Failure to Communicate (CommutAir Pilots)"", ""Failure of Leadership (Captain)""], ""unsafe_decision"": [""The flight crew's decision, due to confirmation bias, to continue the descent below the decision altitude when the runway had not been positively identified (Flight Crew)"", ""Captain instructed the first officer to 'stay in' on instruments and continued the approach despite seeing a tower that indicated misalignment or lack of visual reference (Captain)"", ""Failure of CommutAir pilots who had observed the localizer misalignment to report it to the company and air traffic before the accident (Other Pilots)""], ""unsafe_perception"": [""First officer saw 'white on white' and a structure with an antenna but failed to identify the runway environment correctly, leading to continued descent (First Officer)"", ""Captain saw a tower that looked 'very close' during both approaches but did not recognize this as a sign of misalignment or lack of visual reference sufficient for a go-around (Captain)""]}","[{""subject"": ""personnel_readiness"", ""relation"": ""LEADS_TO"", ""object"": ""unsafe_decision"", ""evidence"": ""The first officer's fatigue likely exacerbated the cognitive bias that he experienced during the flight.""}, {""subject"": ""unsafe_perception"", ""relation"": ""CO_OCCURS_WITH"", ""object"": ""unsafe_decision"", ""evidence"": ""Confirmation bias is a type of cognitive bias... In this case, the localizer and glideslope information indicated that the airplane was aligned with the runway centerline... However, the first officer did not have the runway in sight""}, {""subject"": ""unsafe_decision"", ""relation"": ""LEADS_TO"", ""object"": ""unsafe_skill"", ""evidence"": ""The flight crew's decision, due to confirmation bias, to continue the descent below the decision altitude when the runway had not been positively identified.""}]",success
20190305X42937,[],"{""operator_physical"": [""Physical Fatigue (Flight Attendant)""], ""situational_tech"": [""Equipment Design: Handrail/Step Interface (Boeing 787-800 Cabin Stairs)""], ""unsafe_skill"": [""Flight attendant lost her grip on the handrail while climbing the stairs to the crew rest area and fell down the stairs""]}",[],success
20190306X80709,[],"{""operator_mental"": [""Complacency (Flight Attendants)"", ""Loss of Situational Awareness (Flight Attendants)""], ""personnel_crm"": [""Failed to Coordinate (Flight Crew and Flight Attendants)""], ""unsafe_decision"": [""Flight Attendant: 'The two FAs were making their final walkthrough of the cabin when the captain made the public address announcement to discontinue cabin service, when the turbulence was encountered' (continued moving in cabin during descent despite seatbelt sign being on and crew instruction to take seats)""]}",[],success
20190311X35306,[],"{""operator_mental"": [""Loss of Situational Awareness (Ground Crew)""], ""personnel_crm"": [""Failed to Coordinate (Ground Crew and ATC/Flight Crew)""], ""unsafe_decision"": [""failure of the ground crew to maintain visual separation and avoid the holding aircraft (Ground Crew)""]}",[],success
20190311X61805,[],"{""operator_mental"": [""Loss of Situational Awareness (B737 Captain)"", ""Channelized Attention (B737 First Officer)""], ""personnel_crm"": [""Failed to Coordinate (B737 Crew and B757 Crew)"", ""Failure of Leadership (B737 Captain)""], ""unsafe_perception"": [""The B737 crew reported taxiing to the right of centerline to provide clearance with the B757 tail on their left (B737 Captain)""], ""unsafe_violation"": [""failure of the B737 captain to maintain separation with the airplane stopped on the taxiway (B737 Captain)""]}",[],success
20190401X22803,[],"{""operator_mental"": [""Loss of Situational Awareness (Pilot)""], ""unsafe_perception"": [""Failure to detect/avoid hazard during visual scan (Flight Crew)""]}",[],success
20190411X53531,[],"{""operator_mental"": [""Loss of Situational Awareness (Captain)"", ""Complacency (Captain)""], ""personnel_crm"": [""Failed to Back-up (First Officer)""], ""unsafe_skill"": [""Over-controlled Aircraft (Captain)"", ""Inadvertent Flight Control Use (Captain)""]}","[{""subject"": ""unsafe_decision"", ""relation"": ""LEADS_TO"", ""object"": ""unsafe_skill"", ""evidence"": ""The accident captain\u2019s left rudder pedal input was excessive and not necessary for the crosswind that was present during the takeoff.""}, {""subject"": ""unsafe_skill"", ""relation"": ""LEADS_TO"", ""object"": ""situational_tech"", ""evidence"": ""The large left roll angle immediately after liftoff resulted in the left wingtip striking the ground and a runway distance marker.""}]",success
20190412X45210,[],"{""operator_mental"": [""Complacency (Maintenance personnel)""], ""personnel_readiness"": [""Inadequate Preparation (Maintenance personnel)""], ""unsafe_skill"": [""Maintenance personnel failed to secure or inspect the aft galley oven attach screws, resulting in missing fasteners (Maintenance Personnel)""]}",[],success
20190504X04947,[],"{""operator_mental"": [""Get-home-itis (Captain)"", ""Task Saturation (Captain)"", ""Loss of Situational Awareness (First Officer)""], ""operator_limits"": [""Insufficient Experience with Equipment (First Officer)""], ""personnel_crm"": [""Failure to Back-up (First Officer)"", ""Failed to Coordinate (Captain)""], ""unsafe_skill"": [""Captain failed to arm the speedbrake handle as specified in the Landing checklist, likely due to increased workload and oversight"", ""First Officer failed to monitor the approach parameters (airspeed, glidepath, descent rate) effectively despite being the Pilot Monitoring""], ""unsafe_decision"": [""Captain decided to continue the approach and land on runway 10 despite the aircraft not meeting stabilized approach criteria (above glidepath, excessive speed, high sink rate) and contrary to mandatory go-around SOPs"", ""Flight crew failed to request or obtain braking action reports from ATC prior to landing in heavy rain conditions""]}","[{""subject"": ""unsafe_decision"", ""relation"": ""LEADS_TO"", ""object"": ""unsafe_perception"", ""evidence"": ""The captain's continuation of the approach, contrary to the operator\u2019s stabilized approach criteria, was likely due to a combination of factors. The first was plan continuation bias (an unconscious cognitive bias to continue with the original plan despite changing conditions).""}, {""subject"": ""unsafe_decision"", ""relation"": ""LEADS_TO"", ""object"": ""unsafe_skill"", ""evidence"": ""The captain's increased workload from performing additional tasks narrowed his attention and limited his ability to recognize and correctly respond to the cues of an unstabilized approach.""}, {""subject"": ""personnel_readiness"", ""relation"": ""LEADS_TO"", ""object"": ""unsafe_skill"", ""evidence"": ""Thus, his lack of experience flying jet aircraft likely played a role in his inadequate monitoring of the approach (his lack of experience was also exemplified by his failure to note, as part of his monitoring duties, that the speedbrake handle had not been armed after calling the item as part of the Landing checklist).""}, {""subject"": ""unsafe_skill"", ""relation"": ""LEADS_TO"", ""object"": ""unsafe_decision"", ""evidence"": ""The first officer's failure to note that the speedbrake handle had not been armed... contributed to the delayed deployment of speedbrakes, which increased the energy with which the airplane departed the runway.""}]",success
20190506X84901,[],"{""operator_mental"": [""Loss of Situational Awareness (Tug Driver)""], ""personnel_crm"": [""Failed to Coordinate with Air Traffic Control/Ground Crew (Tug Driver)""], ""unsafe_decision"": [""failure of the tug driver to give way to the taxiing airplane (Tug Driver)""]}",[],success
20190528X32306,[],"{""operator_mental"": [""Complacency (Captain)"", ""Loss of Situational Awareness (Captain)""], ""personnel_crm"": [""Failed to Coordinate (Captain and First Officer)""], ""unsafe_decision"": [""Flight crew turned off the weather radar about 5 minutes before because they had observed no weather between the airplane and KJAX, leading to a failure to detect convective activity"", ""Captain elected to provide the 10,000-foot chime early while descending through a scattered layer of clouds, initiating cabin service during a period of potential turbulence risk""], ""unsafe_perception"": [""Flight crew observed no weather between the airplane and KJAX on radar, misjudging the presence of towering cumulus clouds and convective turbulence ahead"", ""Flight attendants were not aware of the turbulence potential during the flight and began their final walkthrough shortly after receiving the chime""]}",[],success
20190531X35155,[],"{""situational_tech"": [""Equipment Design (coffee brewer/filter package pressure buildup) affecting flight attendant""], ""unsafe_decision"": [""The flight attendant lifted the handle for the left coffee brewer (Flight Attendant)""]}",[],success
20190617X92437,[],"{""operator_limits"": [""Inexperience (IOE flight) - First Officer""], ""personnel_crm"": [""Failure to Coordinate/Intervene effectively during bounce - Captain"", ""Delayed Action in correcting pitch attitude - First Officer""], ""unsafe_skill"": [""Improper landing flare (First Officer): The narrative states the accident was caused by 'an improper landing flare, which resulted in a bounced landing', and the FDR data shows significant variations in vertical acceleration and pitch immediately after touchdown, indicating poor technique in managing the aircraft's attitude during the critical phase of landing.""]}",[],success
20190617X11841,[],"{""operator_physical"": [""Physiological Incapacitation (Ground Crew Driver)""], ""unsafe_skill"": [""The driver of the provisioning truck was unconscious when the truck impacted the airplane""]}",[],success
20190619X25315,[],"{""operator_mental"": [""Loss of Situational Awareness (First Officer)"", ""Haste (Captain)""], ""personnel_crm"": [""Failure to Coordinate (Flight Crew)""], ""unsafe_decision"": [""The early initiation of the landing flare that resulted in a high pitch attitude and tailstrike (First Officer)""]}",[],success
20190726X91707,[],"{""operator_mental"": [""Loss of Situational Awareness (Tug driver)"", ""Distraction (Tug driver)""], ""personnel_crm"": [""Failed to Coordinate (Ground crew)"", ""Failed to Communicate (Wing walker)""], ""unsafe_decision"": [""Tug driver started to move the airplane again after losing sight of the wing walker and before confirming clearance (Ground crew)""]}",[],success
20190805X55405,[],"{""personnel_crm"": [""Flight crew failed to ensure flight attendant was secured before turbulence onset""], ""unsafe_decision"": [""Flight attendant: 'reaching for the handset to repeat the seatbelt instructions' (Failure to secure self and equipment in galley during turbulence warning)""]}",[],success
20190808X43724,[],"{""personnel_crm"": [""Ramp Controller failed to verify aircraft type compatibility with parking spot designation before issuing instructions"", ""Ramp Controller issued incorrect clearance for a Boeing 737 to occupy a spot designated for regional jets""], ""personnel_readiness"": [""Operator provided outdated pilot charts that did not reflect current taxi line spacing and restriping changes"", ""Operator failed to update Ramp Tower Procedures Manual to accurately reflect maximum aircraft size limits for specific spots""], ""unsafe_decision"": [""United Ramp Tower directed UA flight 435, a Boeing 737, to park on Spot 11-1 (Ramp Controller)""]}",[],success
20190808X62316,[],"{""operator_mental"": [""Loss of Situational Awareness (Pilot)"", ""Haste (Pilot)""], ""situational_tech"": [""Equipment Design (Tailstrike prevention option deactivation logic)""], ""unsafe_decision"": [""The crew's decision to do a go-around at a low altitude with an excessive rotation rate (Flight Crew)""]}",[],success
20190813X05139,[],"{""operator_mental"": [""Loss of Situational Awareness - Captain"", ""Misplaced Motivation (Get-home-itis) - Captain""], ""personnel_crm"": [""Failed to Coordinate - First Officer/Flight Engineer""], ""unsafe_perception"": [""Captain misjudged the glide path, resulting in the airplane flying low and dragging landing gear through vegetation""], ""unsafe_violation"": [""Flight crew failed to maintain an adequate glidepath during the approach as required by standard operating procedures for a short-field landing""]}","[{""subject"": ""unsafe_perception"", ""relation"": ""LEADS_TO"", ""object"": ""unsafe_decision"", ""evidence"": ""The pilot's failure to maintain an adequate glidepath during the approach, which resulted in the airplane impacting rocks and dirt at the runway threshold""}]",success
20190816X35649,[],"{""personnel_crm"": [""Flight crew failed to coordinate with cabin crew regarding turbulence encounter and securement of service equipment""], ""unsafe_decision"": [""Flight attendants had just started beverage service when the turbulence began, indicating a decision to perform non-essential tasks and remain unsecured during a climb phase where turbulence was reported at lower levels.""]}",[],success
20190830X64106,[],"{""personnel_crm"": [""Captain failed to ensure adequate time for flight attendants to secure themselves before turbulence encounter""], ""unsafe_decision"": [""The flight attendants were moving to get into their jump seats when the turbulence occurred, resulting in injury (Flight Attendants)""]}",[],success
20190830X60449,[],"{""personnel_crm"": [""Failed to Coordinate (Captain/Flight Attendant): The captain provided a warning of turbulence 'coming in three to five minutes' but did not ensure the aft flight attendant was secured before the event occurred, resulting in an injury.""], ""unsafe_decision"": [""Flight Attendant: 'The aft flight attendant was returning to his jumpseat when the turbulence was encountered' (continued moving in cabin despite captain's instruction to be seated and warning of upcoming turbulence)""]}",[],success
20190916X91526,[],"{""personnel_crm"": [""Flight attendants failed to coordinate with flight crew regarding cabin readiness status before turbulence encounter""], ""unsafe_decision"": [""Flight attendants were conducting final compliance checks in the cabin (unsecured) when thrown to the ground, indicating a failure to secure self/equipment in anticipation of turbulence or during approach phase""]}",[],success
20191018X02019,[],"{""operator_mental"": [""Plan continuation bias (Pilot-in-Command)"", ""Misplaced motivation to continue flight despite tailwind limits (Flight Crew)""], ""operator_limits"": [""Limited experience at the airport and in the Saab 2000 aircraft (Accident Captain)""], ""situational_tech"": [""Equipment design of wheel speed transducer wire harnesses not protecting against human error (Maintenance Crew)"", ""Lack of runway safety area dimensions at Unalaska Airport (FAA/Regulator)""], ""unsafe_skill"": [""Landing gear manufacturer's incorrect wiring of the wheel speed transducer harnesses on the left main landing gear during overhaul (Maintenance Technician)""], ""unsafe_decision"": [""Flight crewmembers' inappropriate decision, due to their plan continuation bias, to land on a runway with a reported tailwind that exceeded the airplane manufacturer's limit (Pilot-in-Command and First Officer)""]}","[{""subject"": ""unsafe_decision"", ""relation"": ""CO_OCCURS_WITH"", ""object"": ""personnel_readiness"", ""evidence"": ""flight crewmembers' inappropriate decision, due to their plan continuation bias... The safety margin was further reduced because of PenAir's failure to correctly apply its company-designated pilot-in-command airport qualification policy""}]",success
20191030X64711,[],"{""operator_mental"": [""Complacency (Pilot in Command)"", ""Loss of Situational Awareness (Flight Crew)""], ""unsafe_decision"": [""The flight crew... determined there were no indications of control problems, and decided to continue to Seattle/Tacoma International Airport (KSEA)... where the flight landed with no further incident. Postflight inspection... revealed that the bird impact had partially severed the left wing leading edge composite structure and cracked the front spar web.""]}",[],success
20191111X02542,[],"{""operator_mental"": [""Get-home-itis (Flight Crew)"", ""Loss of Situational Awareness (Airport Operations Personnel)""], ""personnel_crm"": [""Failed to Communicate (ATC Controller)"", ""Failed to Coordinate (Airport Operations Personnel)""], ""unsafe_decision"": [""Airport personnel: Delayed action in performing the required runway assessment (90-minute timer elapsed, vehicles held short) despite deteriorating braking reports"", ""ATC personnel: Failure to advise the flight crew that reported braking action was no longer consistent with the published Runway Condition Code of 5/5/5""]}",[],success
20191217X93140,[],"{""operator_mental"": [""Loss of Situational Awareness (Captain/First Officer)""], ""personnel_crm"": [""Failed to Coordinate (Captain/First Officer)""], ""unsafe_decision"": [""The captain made an announcement about impeding weather and possible turbulence... As the flight approached the weather, the first officer (FO), who was the pilot flying, began to maneuver around several cells visually. The airplane radar did not show any returns. Upon entering visible moisture... increased rapidly in intensity.""]}",[],success
20191218X82112,[],"{""operator_mental"": [""Distraction (Captain)"", ""Loss of Situational Awareness (Captain)""], ""situational_tech"": [""Interface Design (Autopilot/TCS Button Proximity) (Captain)""], ""unsafe_skill"": [""Inadvertent Flight Control Use (Captain)""]}",[],success
20191220X85302,[],"{""operator_mental"": [""Complacency (Flight Crew)"", ""Loss of Situational Awareness (Flight Crew)""], ""personnel_crm"": [""Failed to Coordinate (Cabin Crew)""], ""unsafe_decision"": [""Flight crew extinguished the seatbelt sign and allowed cabin service to continue based on 'smooth' PIREPs and clear skies, despite being in a jet stream boundary with forecasted moderate turbulence (Captain/First Officer)""]}",[],success
20191227X84547,[],"{""personnel_crm"": [""ATC failed to coordinate conflicting taxi instructions for UAL 2390 and E175"", ""UAL 2390 flight crew failed to communicate or clarify right-of-way with ATC""], ""personnel_readiness"": [""Flight attendant was not secured in a jump seat during taxi operations""], ""unsafe_decision"": [""Outbound Ground Control issued conflicting taxi instructions to two aircraft without resolving the conflict or providing right-of-way guidance""]}",[],success
20200107X35017,[],"{""operator_mental"": [""Complacency (Maintenance personnel)"", ""Haste (Maintenance personnel)""], ""personnel_crm"": [""Failed to Coordinate (Maintenance personnel)""], ""unsafe_skill"": [""Maintenance personnel: 'The grinding operation on the trunnion pin that occurred during the May 2008 overhaul created heat damage and areas of over-tempering to the base alloy steel material.'"", ""Maintenance personnel: 'No inspection was performed to detect the excessive grinding, so the trunnion pin was returned to service with the crack undetected under the chromium electroplating layer'""], ""unsafe_decision"": [""Maintenance personnel: 'According to the work order for the last trunnion pin overhaul... the chromium layer had not been stripped from the trunnion pin before the cadmium electroplating process.'"", ""Maintenance personnel: 'Postaccident testing performed at Boeing on the accident pin demonstrated that the underlying cracks could not be detected by magnetic particle inspection when the chromium electroplating layer was present.'""]}","[{""subject"": ""unsafe_skill"", ""relation"": ""LEADS_TO"", ""object"": ""unsafe_violation"", ""evidence"": ""Maintenance personnel's excessive grinding of the left main landing gear's aft trunnion pin during its initial overhaul, which caused heat damage to the base metal and led to the fatigue crack that caused the pin to fail""}, {""subject"": ""unsafe_violation"", ""relation"": ""LEADS_TO"", ""object"": ""unsafe_skill"", ""evidence"": ""Contributing to the accident was the failure of maintenance personnel to detect the excessive grinding during the initial overhaul and the fatigue crack during the subsequent overhaul""}]",success
20200109X21704,[],"{""operator_mental"": [""Loss of Situational Awareness (Deicing Truck Driver)""], ""personnel_crm"": [""Failed to Coordinate (Deicing Truck Driver and Ground Crew/Flight Deck)""], ""unsafe_skill"": [""Failure of the deicing truck driver to maintain appropriate clearance from the airplane, resulting in contact with the right wing""]}",[],success
20200110X80637,[],"{""operator_mental"": [""Loss of Situational Awareness (Flight Crew)""], ""unsafe_perception"": [""Failure to detect/avoid hazard during visual scan (Flight Crew)""]}",[],success
20200125X54545,[],"{""personnel_crm"": [""Flight crew failed to ensure flight attendants were secured in jumpseats before encountering turbulence, issuing the announcement only after the initial bumps occurred""], ""unsafe_decision"": [""Flight attendants were preparing for cabin service and moving to get into their jump seats when the turbulence occurred, resulting in injury (Flight Attendants)""]}",[],success
20200207X52205,[],"{""operator_mental"": [""Loss of Situational Awareness (Pilot Flying)"", ""Complacency (Flight Crew)""], ""personnel_crm"": [""Failed to Coordinate (Flight Crew)""], ""unsafe_decision"": [""Flight crew continued descent into cloud layers despite a current SIGMET for severe turbulence and PIREPs of moderate to severe turbulence in the area, resulting in an inadvertent encounter with convective turbulence""]}",[],success
20200211X10757,[],"{""operator_limits"": [""Insufficient Reaction Time (Captain)""], ""unsafe_perception"": [""Failure to detect the object on the runway during the takeoff roll (Pilot Flying)""]}",[],success
20200321X14202,[],"{""operator_mental"": [""Loss of Situational Awareness (Captain)""], ""personnel_crm"": [""Failed to Coordinate (First Officer)""], ""unsafe_skill"": [""The captain disconnected the autopilot at about 400 feet above the ground and the autothrottle at 200 feet, resulting in an excessive pitch attitude of 10.9 degrees at touchdown (Captain)""]}",[],success
20200521X63755,[],"{""operator_mental"": [""Complacency (Maintenance personnel)"", ""Haste (Maintenance personnel)""], ""personnel_crm"": [""Failure of Leadership (Quality Control Inspectors)"", ""Failed to Coordinate (Maintenance personnel and Quality Control Inspectors)""], ""unsafe_skill"": [""Failure to note the type and location of bolts removed to ensure each bolt would be returned to the same location (Maintenance Personnel)"", ""Installation of incorrect bolt part numbers/grip lengths in dorsal fin attach points (Maintenance Personnel)""], ""unsafe_decision"": [""Decision to continue flight to destination despite hearing a loud bang and subsequent structural separation, relying on normal instrument indications rather than investigating the anomaly (Flight Crew)""]}",[],success
20200603X55158,[],"{""operator_mental"": [""Loss of Situational Awareness (Tug Driver)"", ""Channelized Attention (Tug Driver)""], ""personnel_crm"": [""Failed to Coordinate (Wing Walkers and Tug Driver)"", ""Failed to Communicate (Wing Walkers and Tug Driver)""], ""unsafe_skill"": [""Breakdown in Visual Scan (Tug driver)"", ""Failed to Prioritize Attention (Tug driver)""], ""unsafe_decision"": [""Improper Procedure - Tug driver (started pushing without getting the 'all clear' signal from both wing walkers)""]}","[{""subject"": ""unsafe_perception"", ""relation"": ""LEADS_TO"", ""object"": ""unsafe_decision"", ""evidence"": ""The tug driver started to push flight 3019 without getting the \u201call clear\u201d signal from both wing walkers.""}, {""subject"": ""unsafe_perception"", ""relation"": ""LEADS_TO"", ""object"": ""unsafe_violation"", ""evidence"": ""The tug driver also stated he could not see the captain\u2019s side wing walker during a portion of the push and was focused on where the landing gear was proceeding, rather than viewing the surrounding area""}]",success
20200619X60815,[],"{""operator_mental"": [""Complacency (Pilot in Command)""], ""unsafe_decision"": [""Flight Crew: 'The crew noted that the weather was clear when they accepted the hold' (Accepted holding instructions in an area with potential for convective turbulence without adequate margin or deviation, leading to inadvertent encounter)""]}",[],success
20200714X42039,[],"{""personnel_crm"": [""Flight attendants failed to secure themselves and complete cabin checks in response to the flight crew's turbulence warning""], ""unsafe_decision"": [""Flight attendants were collecting trash and completing their compliance checks when the first turbulence hit (Flight Attendants)""]}",[],success
20200826X34514,[],"{""personnel_readiness"": [""Maintenance personnel failed to properly secure the No. 6 brake rod pin during installation, leading to hardware separation""], ""unsafe_skill"": [""Maintenance personnel who performed the No. 6 brake assembly change did not recall anything unusual or concerning about the installation of the No. 6 brake assembly or brake rod (implied failure to properly secure/verify the brake rod pin and retaining hardware during reinstallation)""]}",[],success
20200914X31949,[],"{""situational_tech"": [""Equipment Design (Maintenance/Manufacturing): Inadequate solder connection at anti-ice power terminal block leading to arcing""], ""unsafe_skill"": [""Maintenance/Manufacturing personnel: 'There was no visible solder at the connection point of braid wire A', indicating a failure to properly execute the soldering task or verify the integrity of the electrical connection during installation.""]}",[],success
20201109102250,[],"{""operator_mental"": [""Loss of Situational Awareness (Flight Crew)"", ""Complacency (Flight Crew)""], ""personnel_crm"": [""Failed to Communicate (Cabin Crew)""], ""unsafe_decision"": [""Flight attendant standing in the aft main cabin galley during the encounter fell onto the galley cart restraint latch (implying failure to secure self or follow safety protocols for turbulence risk)""]}",[],success
20201119102304,[],"{""operator_mental"": [""Distraction (Flight Attendant)""], ""unsafe_decision"": [""The FA indicated that she was aware of how to operate the MCD but that she was distracted by a passenger when opening the door, which may have been why she guided the MCD down with her hands resulting in her being pulled from the top of the main cabin doorsteps (Flight Attendant)""]}",[],success
20201229102469,[],"{""operator_mental"": [""Loss of Situational Awareness (Flight Attendants)""], ""personnel_crm"": [""Failed to Coordinate (Cabin Crew)""], ""unsafe_decision"": [""The flight crew's penetration of a towering cumulous cloud in an area of forecasted convective activity""], ""unsafe_perception"": [""The two other FAs had just reached the aft galley and were about to sit down, indicating they did not fully appreciate the immediate severity or timing of the turbulence warning despite the captain's PA announcement""]}",[],success
20210210102620,[],"{""operator_mental"": [""Loss of Situational Awareness (First Officer)"", ""Channelized Attention (First Officer)""], ""personnel_crm"": [""Failed to Back-up (Captain)""], ""unsafe_skill"": [""Inadvertent Flight Control Use - First Officer (engaged 'open descent' mode causing airspeed to increase towards red line)""]}",[],success
20210220102652,[],"{""personnel_readiness"": [""Inadequate inspection (Maintenance Inspector/Engineer)""], ""unsafe_decision"": [""TAI inspector categorized low-level indications as 'extraneous' (likely camera sensor noise or loose grit) and approved the blade for continued service, failing to escalate for team review or second inspection as required by NDIP procedure""]}",[],success
20210316102768,[],"{""personnel_crm"": [""Failed to Communicate (Captain used a direct phone call instead of an 'all call' priority announcement for turbulence warning)""], ""unsafe_decision"": [""The number 1 FA stated that he believed the turbulence call to his position should have been an \u201call call\u201d priority as opposed to a phone call (Captain)""]}",[],success
20210317102773,[],"{""operator_limits"": [""Lack of specific knowledge regarding CRJ-700 main cabin door handrail pinning procedure (Flight Attendant)""], ""personnel_crm"": [""Failure to coordinate with ground handling personnel to pin handrails before closing the door (Flight Attendant)"", ""Inadequate training transfer from ERJ-175 to CRJ-700 regarding specific equipment differences (Operator/Training Staff)""], ""personnel_readiness"": [""Operating in a disoriented, dizzy, and nauseated state due to head injury prior to landing (Flight Attendant)""], ""unsafe_decision"": [""The FA did not indicate knowledge of that procedure requirement when interviewed following the accident (Flight Attendant)"", ""the MCD was closed without pinning the handrails when the normal procedure was for the FA to call ground handling personnel to pin the railings before closing the door (Flight Attendant)""]}","[{""subject"": ""personnel_readiness"", ""relation"": ""LEADS_TO"", ""object"": ""unsafe_decision"", ""evidence"": ""The FA did not indicate knowledge of that procedure requirement when interviewed following the accident.""}, {""subject"": ""operator_physical"", ""relation"": ""CO_OCCURS_WITH"", ""object"": ""unsafe_decision"", ""evidence"": ""prior to landing, she hit her head on an open galley compartment door and felt disoriented, dizzy, and nauseated.""}]",success
20210330102835,[],"{""personnel_crm"": [""Failed to Coordinate (Flight Attendant failed to ensure passenger compliance with seatbelt sign)""], ""unsafe_decision"": [""Passenger got up while the seatbelt sign was on and was in the lavatory when the turbulence was encountered (Passenger)""]}",[],success
20210409102901,[],"{""operator_mental"": [""Complacency (Maintenance Personnel)""], ""personnel_readiness"": [""Inadequate Preparation/Training (Maintenance Personnel)""], ""unsafe_skill"": [""Improper humpseal repair techniques were noted (Maintenance personnel)""]}",[],success
20210524103134,[],"{""operator_mental"": [""Loss of Situational Awareness - Pilot of N8686A"", ""Distraction - Pilot of N8686A""], ""personnel_crm"": [""Failed to Coordinate - Flight crew of N8686A and N289CT""], ""unsafe_perception"": [""failure of the flight crew of N8686A to provide sufficient clearance while taxiing past N289CT, which was stopped (N8686A Flight Crew)""]}",[],success
20210529103164,[],"{""operator_mental"": [""Distraction (Captain)"", ""Loss of Situational Awareness (Captain)""], ""personnel_crm"": [""Failed to Coordinate (Captain and First Officer)""], ""unsafe_decision"": [""Captain's decision to adjust his flight instruments while taxiing the airplane""]}",[],success
20210628103350,[],"{""operator_mental"": [""Complacency (Captain/First Officer)"", ""Loss of Situational Awareness (Captain/First Officer)""], ""personnel_crm"": [""Failed to Coordinate (Flight Attendants/Captain)""], ""unsafe_decision"": [""Crew turned off the fasten seatbelt indication to passengers while in cruise flight, allowing passengers and crew to move about during a period where securing was required by standard safety protocols (implying a decision to relax safety constraints based on smooth ride conditions)""]}",[],success
20210702103407,[],"{""operator_mental"": [""Loss of Situational Awareness (First Officer)"", ""Task Saturation (Captain)"", ""Distraction (Captain)""], ""personnel_crm"": [""Failure of Leadership (Captain)"", ""Failed to Coordinate (Flight Crew)"", ""Failed to Communicate (Captain)""], ""unsafe_decision"": [""First Officer: 'reduced thrust on both engines' to near flight idle without verifying the affected engine, leading to a low-energy state"", ""Captain: 'accepted the first officer\u2019s assessment and did not take action to verify the information', misidentifying the left engine as failed"", ""Captain: 'continued handling ATC radio communications' during critical emergency phases, delaying checklist execution and situational awareness""], ""unsafe_perception"": [""First Officer: 'misidentification of the affected engine' due to ambiguous gauge indications and high workload/stress"", ""Flight Crew: 'attentional narrowing' leading to fixation on right EGT and basic flight parameters while neglecting the left engine's available thrust""], ""unsafe_violation"": [""First Officer: 'independently move the left and then the right thrust lever was inappropriate' per operator training procedures for single-engine failure after V1"", ""Flight Crew: 'did not perform key steps of the checklist, including identifying, confirming, and shutting down the affected (right) engine'""]}","[{""subject"": ""personnel_crm"", ""relation"": ""CO_OCCURS_WITH"", ""object"": ""unsafe_decision"", ""evidence"": ""the captain did not ensure that the first officer... continued performing the checklist so that the affected engine could be confirmed""}, {""subject"": ""personnel_crm"", ""relation"": ""CO_OCCURS_WITH"", ""object"": ""unsafe_perception"", ""evidence"": ""the captain accepted the first officer\u2019s assessment and did not take action to verify the information""}, {""subject"": ""unsafe_decision"", ""relation"": ""LEADS_TO"", ""object"": ""unsafe_skill"", ""evidence"": ""the flight crew relied exclusively on thrust from the damaged right engine as thrust on the left engine remained near flight idle""}]",success
20210706103420,[],"{""personnel_crm"": [""Failed to Coordinate (Flight crew failed to ensure flight attendant was secured in a jump seat or designated safe area before descending through convective activity)""], ""unsafe_decision"": [""Flight Crew: 'they observed convective activity that they would descend through during the approach' (Chose to penetrate known convective activity rather than deviate or request a different routing/altitude, leading to an inadvertent encounter with moderate turbulence)""]}",[],success
20210726103537,[],"{""operator_limits"": [""Visual Limitation (Bus Driver)""], ""personnel_readiness"": [""Inadequate Training/Preparation (Bus Driver)""], ""unsafe_perception"": [""Bus driver failed to observe the airplane moving towards the roadway due to difficulty in seeing from the perspective of the bus driver and the 45-degree pushback (Ground Crew/Bus Driver)""]}",[],success
20210825103753,[],"{""operator_mental"": [""Loss of Situational Awareness (Captain)""], ""unsafe_decision"": [""Captain commanded an evacuation on taxiway A spot 6A ... One passenger broke their elbow while descending on the evacuation slide""]}",[],success
20210826103756,[],"{""personnel_crm"": [""Flight attendant failed to secure self in time despite warning""], ""unsafe_decision"": [""Flight attendant was walking through the aisle to prepare for landing when turbulence was encountered, despite being informed of the possibility of moderate chop (implying a decision to remain mobile rather than securing in jump seat immediately upon notification)""]}",[],success
20210827103762,[],"{""operator_mental"": [""Loss of Situational Awareness - Pilot Flying""], ""unsafe_decision"": [""The flight crew's incorrect pitch attitude during go-around (Pilot Flying)""]}",[],success
20210921103922,[],"{""operator_mental"": [""Loss of Situational Awareness (Fuel Truck Driver)""], ""personnel_crm"": [""Failed to Coordinate (Ground Crew/Fuel Truck Driver)""], ""unsafe_decision"": [""Fuel truck driver backed up without the assistance of marshallers""]}",[],success
20210927103969,[],"{""operator_mental"": [""Loss of Situational Awareness (Captain)"", ""Channelized Attention (First Officer)""], ""personnel_crm"": [""Failed to Back-up (First Officer)"", ""Failure of Leadership (Captain)""], ""unsafe_skill"": [""Omitted Checklist Step (Flight Crew): 'the configuration and status of the hydraulic panel was missed by both crew members'"", ""Failed to Prioritize Attention (Flight Crew): 'as the first officer read through the pushback checklist, the configuration and status of the hydraulic panel was missed'""]}",[],success
20211001104013,[],"{""personnel_crm"": [""Flight crew failed to communicate the severity of expected turbulence or provide adequate warning time for cabin crew to secure themselves before encountering moderate convective turbulence""], ""unsafe_decision"": [""Flight attendants were securing the cabin (standing in aft galley) when turbulence was encountered, implying a decision to remain unsecured during active turbulence despite prior warning of significant weather""]}",[],success
20211001104015,[],"{""operator_mental"": [""Loss of Situational Awareness (LCA misinterpreted pitch-up as normal spoiler deployment)"", ""Complacency (Captain failed to verify speedbrake arming before landing)""], ""personnel_crm"": [""Failed to Coordinate (LCA advised Captain to continue landing despite uncertainty, overriding go-around suggestion)"", ""Failure of Leadership (LCA as PIC did not take control earlier or ensure proper configuration check)""], ""unsafe_skill"": [""LCA: 'the LCA failed to mitigate' the nose-up pitch tendency resulting in a tailstrike""], ""unsafe_decision"": [""Captain: 'suggested a go-around... but the LCA thought the pitch was like the pitch up caused by ground spoiler deployment and advised the captain to continue the landing' (misdiagnosed the aircraft state due to un-deployed spoilers)""]}","[{""subject"": ""unsafe_decision"", ""relation"": ""LEADS_TO"", ""object"": ""unsafe_perception"", ""evidence"": ""the LCA thought the pitch was like the pitch up caused by ground spoiler deployment and advised the captain to continue the landing""}, {""subject"": ""unsafe_decision"", ""relation"": ""LEADS_TO"", ""object"": ""unsafe_skill"", ""evidence"": ""the LCA failed to mitigate [the nose-up pitch tendency]""}]",success
20211004104029,[],"{""situational_tech"": [""Equipment Design (Engine manufacturer/IAE): Engine design did not account for bird ingestion exceeding certification limits, leading to fan blade fracture and subsequent structural failure of TMS mounts"", ""Equipment Design (Engine manufacturer/IAE): Structural weakness in TMS manifold mounting bolts and CP-09 fuel tube under vibration loads following fan blade release""], ""unsafe_decision"": [""IAE/Manufacturer: Engine was operated with a bird ingestion capability (9.1 lbs) exceeding the FAA certification basis (6.05 lbs), representing an 'Exceeded Ability' or design limitation violation by the manufacturer/operator in accepting the risk of fan blade release under these conditions.""]}",[],success
20211005104043,[],"{""operator_mental"": [""Loss of Situational Awareness (Captain)""], ""unsafe_skill"": [""The captain's improper landing flare, which resulted in an excessive sink rate and subsequent hard landing (Captain)""]}",[],success
20211007104064,[],"{""operator_mental"": [""Loss of Situational Awareness (SkyWest Flight Crew)"", ""Complacency (SkyWest Flight Crew)""], ""situational_tech"": [""Automation/Interface Misinterpretation (SkyWest Flight Crew)""], ""unsafe_perception"": [""SkyWest flight crew said they thought it indicated that Gate B21's Safety Zone was clear of obstacles (Flight Crew)""]}",[],success
20211025104153,[],"{""operator_mental"": [""Loss of Situational Awareness (Pilot)"", ""Complacency (Pilot)""], ""personnel_crm"": [""Failed to Coordinate (Cabin Crew)""], ""unsafe_decision"": [""Flight crew continued flight into cloud formation despite IMC conditions and lack of radar indications, resulting in inadvertent encounter with convective turbulence""]}",[],success
20211025104161,[],"{""situational_tech"": [""Interphone malfunction causing signal degradation (Ground crew/Pilot)""], ""personnel_crm"": [""Misinterpretation of ground crew instructions due to accent and poor audio quality (Pilot)"", ""Failure to clarify ambiguous communication before acting (Pilot)""], ""unsafe_perception"": [""The captain said that as a result he applied the parking brake while the tug operator was pulling the airplane forward, which resulted in a sudden jerk (Captain)""]}",[],success
20211206104355,[],"{""operator_mental"": [""Complacency (Maintenance Technician)""], ""personnel_readiness"": [""Inadequate Preparation / Failure to Follow Service Bulletin (Maintenance Technician)""], ""unsafe_decision"": [""Maintenance personnel failed to lubricate the right inboard foreflap fitting assembly in accordance with a manufacturer's service bulletin (Maintenance Crew)""]}",[],success
20211213104393,[],"{""operator_mental"": [""Loss of Situational Awareness (Captain)""], ""situational_tech"": [""Equipment Design/Interface (Seat Position) (Captain)""], ""unsafe_perception"": [""The captain's failure to maintain proper pitch attitude during landing, likely caused by improper seat position which altered his sight picture (Captain)""]}",[],success
20220103104463,[],"{""operator_mental"": [""Loss of Situational Awareness (Turkish Airlines Captain)"", ""Complacency (Turkish Airlines Captain)""], ""personnel_crm"": [""Failed to Communicate (Gate Personnel/ATC regarding stopped aircraft status)""], ""unsafe_perception"": [""The captain said that no information had been relayed that an airplane had stopped short of the parking area, and he slowed his taxi speed, but did not realize that the stopped airplane had not fully pulled into and parked at the gate. He perceived that there was sufficient clearance (Turkish Airlines Captain)""]}",[],success
20220124104551,[],"{""operator_mental"": [""Expectation bias leading to loss of situational awareness - Flight crew"", ""Channelized attention on checklist and departure clearance - Flight crew""], ""operator_limits"": [""Limited experience flying out of non-towered airports - Flight crew"", ""Insufficient knowledge of QRH procedures for tail strike - Flight crew""], ""personnel_crm"": [""Misinterpretation of traffic calls due to non-standard phraseology from other aircraft - Flight crew"", ""Failure to effectively monitor CTAF and scan for conflicting traffic - Flight crew""], ""unsafe_skill"": [""The captain pitched the airplane up, 24 knots before rotation speed... to avoid the approaching King Air and subsequently struck the tail of the airplane on the runway\u2019s surface (Captain)""], ""unsafe_decision"": [""JetBlue\u2019s flight crew believed the King Air traffic was approaching runway 10... This assumption also caused them to only scan for traffic on the approach end of runway 10 before entering the runway (Flight Crew)"", ""The JetBlue crew took about 6 minutes to establish they had a tail strike... However, the crew did not discuss the QRH, and recorded climb/descent rates and altitudes reached above 16,600 suggest they did not reference the QRH (Flight Crew)""]}","[{""subject"": ""unsafe_perception"", ""relation"": ""LEADS_TO"", ""object"": ""unsafe_decision"", ""evidence"": ""The flight crew's expectation bias that the incoming aircraft was landing on the same runway... resulted in their commencing a takeoff roll when [the other] was landing on an intersecting runway.""}, {""subject"": ""unsafe_decision"", ""relation"": ""LEADS_TO"", ""object"": ""unsafe_skill"", ""evidence"": ""The captain's rotation of the airplane pitch before the rotation speed... resulted in an exceedance of the airplane's pitch limit and a subsequent tail strike.""}]",success
20220204104596,[],"{""operator_mental"": [""Complacency (Maintenance Technician)""], ""personnel_readiness"": [""Inadequate Preparation/Training (Maintenance Technician)""], ""unsafe_skill"": [""Maintenance personnel performed stylus cadmium plating operations where the anode made physical contact with the cathode due to a missing or deteriorated nonconductive sleeve, causing electrical arcing and base metal heat damage (Poor Technique / Inadvertent Damage)""]}",[],success
20220601105167,[],"{""operator_mental"": [""Complacency (Flight Attendant)"", ""Distraction (Flight Attendant)""], ""personnel_crm"": [""Failed to Coordinate (Flight Attendants)""], ""unsafe_decision"": [""The two flight attendants decided to \u201cbring the cart back into the galley to finish the service\u201d while light turbulence was present and the seatbelt sign had been on for five minutes, continuing in-flight service instead of securing themselves immediately.""]}",[],success
20220623105307,[],"{""operator_physical"": [""Medical Illness (Passenger)""], ""unsafe_decision"": [""Passenger remained in the lavatory for an unusually long time (10-15 minutes) and did not exit despite unlocking the door, leading to a fall and serious injury""]}",[],success
20220718105497,[],"{""operator_mental"": [""Loss of Situational Awareness (Pilot in Command)""], ""personnel_crm"": [""Failed to Coordinate (Flight Crew)""], ""unsafe_skill"": [""Pilot's failure to execute a proper landing flare, resulting in a firm landing that caused injury despite aiming for the touchdown zone""]}",[],success
20220811105714,[],"{""operator_limits"": [""Inexperience (First time landing Boeing 757-200) - First Officer""], ""personnel_crm"": [""Failure to intervene/take control in time - Captain"", ""Lack of effective monitoring/coordination during critical phase - Captain""], ""unsafe_skill"": [""The FO reported that he applied too much aft pressure on the yoke causing the plane to lift back off the ground (First Officer)""]}",[],success
20220816105749,[],"{""operator_mental"": [""Loss of Situational Awareness (Captain)""], ""situational_tech"": [""Equipment Design/Functionality (Nosewheel Steering System/Tiller)""], ""unsafe_skill"": [""Inadequate Control Inputs (Captain) - The narrative states the pilot 'used some differential braking to counter the right turn, though not to the fullest extent available' and that his inputs were insufficient to arrest the turn.""]}",[],success
20220825105801,[],"{""operator_limits"": [""Flight crew knowledge of meteorologic conditions""], ""unsafe_decision"": [""Flight crew: 'no turbulence was forecasted for the arrival in the flight release weather information' and 'no pilot reports (PIREPS) of turbulence were relayed to the flight crew by air traffic control (ATC)' leading to a decision to descend through cloud tops without adequate avoidance or deviation, despite observing scattered clouds with tops at 10,000 ft while leveling at that altitude.""]}",[],success
20220901105843,[],"{""personnel_crm"": [""Failed to Coordinate (Captain failed to ensure Flight Attendant was secured prior to descent)""], ""unsafe_decision"": [""Flight attendant was in the forward galley (unsecured) when the airplane encountered turbulence, despite prior briefing of possible chop and recent moderate turbulence encounter (implying a decision to remain unsecured or move during active descent conditions)""]}",[],success
20220907105884,[],"{""operator_mental"": [""Loss of Situational Awareness (Flight Attendant)""], ""unsafe_decision"": [""Flight attendant was in the process of seating herself and placing her hand on her jumpseat to lower it when turbulence occurred, implying a decision to remain unsecured or be in motion during final approach despite seatbelt sign being on""]}",[],success
20220910105895,[],"{""personnel_crm"": [""Flight crew failed to communicate turbulence intensity or secure cabin early enough""], ""unsafe_decision"": [""Flight attendant was standing assisting a passenger when turbulence occurred (implying a decision to remain unsecured and mobile in the cabin despite the seatbelt sign being on and pre-landing preparations underway, leading to injury)""]}",[],success
20220915105950,[],"{""operator_mental"": [""Loss of Situational Awareness (Captain)"", ""Misjudgment of Distance/Spacing (Captain)""], ""personnel_crm"": [""Failure to Coordinate Visual Checks (First Officer)""], ""unsafe_perception"": [""Southwest Airlines flight crew's misjudgment of the distance required to safely pass the American Airlines airplane (SWA2659 Flight Crew)""]}",[],success
20221006106077,[],"{""operator_mental"": [""Loss of Situational Awareness (Captain)"", ""Channelized Attention (Captain)""], ""personnel_crm"": [""Failed to Coordinate (First Officer)""], ""unsafe_decision"": [""Pilot's reliance primarily on differential braking, rather than sufficient and sustained opposing rudder pedal (Captain)""]}","[{""subject"": ""unsafe_decision"", ""relation"": ""LEADS_TO"", ""object"": ""unsafe_skill"", ""evidence"": ""Contributing to the incident was the pilot's reliance primarily on differential braking, rather than sufficient and sustained opposing rudder pedal, when attempting to arrest the turn.""}]",success
20221006106083,[],"{""operator_mental"": [""Complacency (Flight Attendant)"", ""Loss of Situational Awareness (Flight Attendant)""], ""personnel_crm"": [""Failed to Communicate (Captain/Flight Crew)""], ""unsafe_decision"": [""Flight attendant was pouring coffee into cups while in the front galley, indicating a decision to perform non-essential service tasks and remain unsecured during cruise despite the risk of turbulence.""]}",[],success
20221114106279,[],"{""operator_mental"": [""Loss of Situational Awareness (Pilot in Command)""], ""situational_tech"": [""Equipment Design/Display Limitation (Weather Radar) (Pilot in Command)""], ""unsafe_decision"": [""Pilot: Unable to maneuver around the cloud build up, the airplane passed through the tops of the cumulus clouds""]}",[],success
20221117106309,[],"{""operator_mental"": [""Loss of Situational Awareness (Copilot)"", ""Task Saturation (Captain)""], ""situational_tech"": [""Automation (Autopilot/Flight Management System)""], ""unsafe_skill"": [""Inadvertent Flight Control Use - First Officer (selected 'Managed Descent' mode causing rapid nose-over and airspeed increase towards maximum allowable)""], ""unsafe_decision"": [""Poor Decision - Captain (pitched up to avoid overspeed condition, resulting in abrupt maneuver that injured flight attendant)"", ""Inappropriate Maneuver - First Officer (deployed speed brakes to about 50% simultaneously with captain's pitch-up input)""]}",[],success
20221121106329,[],"{""operator_mental"": [""Loss of Situational Awareness (Flight Crew)""], ""personnel_crm"": [""Failed to Communicate (ATC/Dispatch - Lack of Bird Activity Info)""], ""unsafe_perception"": [""Flight Crew: Failure to detect/avoid hazard during visual scan (Bird strike while on approach)""]}",[],success
20221202106401,[],"{""personnel_crm"": [""Failed to Communicate (FA A)""], ""personnel_readiness"": [""Inadequate Preparation/Information Dissemination (FA A)""], ""unsafe_decision"": [""FA 'A' stated that she had been busy with her duties and about 4 hours had passed since the briefing. Subsequently, she had forgot to share this information with the other FAs.""]}",[],success
20221205106414,[],"{""operator_mental"": [""Loss of Situational Awareness (Flight Crew)""], ""personnel_crm"": [""Failed to Coordinate (Cabin Crew)""], ""unsafe_decision"": [""Flight attendants were standing in the aft galley despite the seatbelt sign being on and the crew's awareness of potential turbulence from the heavy jet ahead, failing to secure themselves immediately (Flight Attendants)""]}",[],success
20221212106439,[],"{""operator_limits"": [""Insufficient knowledge of meteorologic conditions - Flight crew""], ""unsafe_decision"": [""Flight attendants were in the aft galley and not secured when the turbulence occurred, despite being advised to expect turbulence and receiving a 'be seated immediately' announcement only after the initial roll, indicating a failure to secure themselves proactively during the descent phase.""]}",[],success
20221219106472,[],"{""operator_mental"": [""Loss of Situational Awareness (Flight Crew)"", ""Complacency (Flight Crew)""], ""personnel_crm"": [""Failed to Communicate (Captain/Lead Flight Attendant)""], ""unsafe_decision"": [""Flight Crew: 'decision to overfly the active storm cell' instead of deviating around it, despite sufficient meteorological information and operator guidance stating not to overfly storm cells with tops at or above 25,000 ft"", ""Captain: 'did not make an announcement over the public address system about the anticipated turbulence', failing to provide a direct verbal warning to cabin crew and passengers before the encounter""]}","[{""subject"": ""unsafe_decision"", ""relation"": ""LEADS_TO"", ""object"": ""unsafe_perception"", ""evidence"": ""the flight crew\u2019s decision to overfly the active storm cell was a factor in the severe turbulence encounter""}, {""subject"": ""unsafe_perception"", ""relation"": ""CO_OCCURS_WITH"", ""object"": ""situational_tech"", ""evidence"": ""weather radar has reduced sensitivity at higher altitudes... saw \u201cnothing\u201d displayed""}]",success
20230101106517,[],"{""operator_mental"": [""Loss of Situational Awareness (Ramp Agent)"", ""Distraction (Ramp Agent)""], ""operator_physical"": [""Impaired Physiological State due to Illicit Drug Use (Ramp Agent)"", ""Medical Illness / Neurological Impairment (Multiple Sclerosis) (Ramp Agent)""], ""personnel_readiness"": [""Self-medicating with Cannabis/Delta-8 THC (Ramp Agent)""], ""unsafe_decision"": [""Accident ramp agent: 'The accident ramp agent\u2019s decision to walk in front of the engine, despite operating engine cues, was also inconsistent with her training and the briefings that she received before the airplane landed.'"", ""Accident ramp agent: 'No task on the day of the accident or on any day that accident ramp agent worked would have placed her in front of the left wing and engine.'""]}","[{""subject"": ""operator_mental"", ""relation"": ""LEADS_TO"", ""object"": ""unsafe_decision"", ""evidence"": ""The ramp agent\u2019s behavior at the time of the accident demonstrated that her judgment was deficient. Given her identified medical and toxicological cognitive risk factors, the ramp agent\u2019s deficient judgment was likely due to cognitive impairment.""}, {""subject"": ""unsafe_decision"", ""relation"": ""LEADS_TO"", ""object"": ""unsafe_violation"", ""evidence"": ""The accident ramp agent\u2019s decision to walk in front of the engine, despite operating engine cues, was also inconsistent with her training and the briefings that she received before the airplane landed.""}]",success
20230104106534,[],"{""operator_mental"": [""Loss of Situational Awareness (ITA Airways Captain)"", ""Complacency (ITA Airways Captain)""], ""personnel_crm"": [""Failed to Coordinate (Endeavor Air Flight Crew and ITA Airways Flight Crew)""], ""unsafe_perception"": [""The ITA Airways flight crew stated they presumed they were clear of the Endeavor Air airplane since their airplane was taxiing on the centerline of taxiway alpha (ITA Airways Flight Crew)""]}",[],success
20230213106723,[],"{""operator_mental"": [""Complacency (Flight Crew)"", ""Loss of Situational Awareness (Cabin Crew)""], ""personnel_crm"": [""Failed to Coordinate (Captain/Cabin Crew)""], ""unsafe_decision"": [""Captain: 'The captain informed the cabin crew to expect moderate turbulence in about 10 minutes and advised them to prepare the cabin for landing and take their seats.' (Failed to ensure all cabin crew were secured before encountering severe turbulence, resulting in injury)""]}",[],success
20230301106804,[],"{""situational_tech"": [""Faulty connection interface between GPU and aircraft (Ground Service Agent)""], ""unsafe_decision"": [""Ground service agent: Proceeded to re-engage with the electrical connection point after observing that power was not being supplied, without first isolating the circuit or verifying the safety of the connection, leading to exposure to arcing.""]}",[],success
20230303106815,[],"{""operator_mental"": [""Complacency (Captain)"", ""Loss of Situational Awareness (Captain)""], ""personnel_crm"": [""Failed to Coordinate (Captain and First Officer)""], ""unsafe_decision"": [""Captain turned off the seat belt sign as the flight was descending on the arrival at DFW, despite later encountering turbulence (Captain)"", ""Flight attendants were preparing the cabin for landing and were about to be seated when the turbulence occurred (Cabin Crew)""]}",[],success
20230217106744,[],"{""operator_mental"": [""Complacency (Captain/First Officer)"", ""Loss of Situational Awareness (Lead Flight Attendant)""], ""personnel_crm"": [""Failed to Coordinate (Flight Crew and Cabin Crew)""], ""unsafe_decision"": [""Flight attendants were conducting final checks from the aft cabin and front of the aircraft (unsecured) when thrown to the floor, indicating a failure to secure self/equipment in anticipation of turbulence or during approach phase""]}",[],success
20230322106933,[],"{""personnel_crm"": [""Flight crew failed to coordinate with cabin crew regarding turbulence risk, allowing service to begin despite forecast convective conditions and AIRMETs""], ""unsafe_decision"": [""Flight attendant was in the aft galley preparing her cart for the initial service when she felt 'violent up and down jolting turbulence' despite being aware of weather conditions""]}",[],success
20230328106964,[],"{""operator_mental"": [""Loss of Situational Awareness (First Officer)""], ""personnel_crm"": [""Failed to Coordinate (Captain and First Officer)""], ""unsafe_skill"": [""The first officer's failure to maintain the correct airspeed and pitch attitude during landing which resulted in a tailstrike (First Officer)""]}",[],success
20230411107036,[],"{""operator_mental"": [""Loss of Situational Awareness (Pilot)""], ""personnel_crm"": [""Failed to Coordinate (Crew)""], ""unsafe_skill"": [""The pilot's failure to adequately compensate for a wind shift while on short final approach which resulted in a higher than normal sink rate and a tailstrike (Pilot)""]}",[],success
20230425107126,[],"{""operator_mental"": [""Loss of Situational Awareness (Flight Crew)"", ""Complacency (Flight Crew)""], ""personnel_crm"": [""Failed to Communicate (Flight Crew)""], ""unsafe_decision"": [""Flight crew: 'concluded the weather to have passed and subsequently decided to no longer deviate from the original course' (Poor Decision to cancel deviation based on transient radar data)"", ""Flight crew: 'no announcement was made to inform passengers or cabin crew of potential turbulence' (Failure to communicate risk despite known thunderstorms)""]}",[],success
20230511135369,[],"{""operator_mental"": [""Loss of Situational Awareness (Captain)""], ""personnel_crm"": [""Failed to Coordinate (First Officer)""], ""unsafe_skill"": [""The captain applied back sidestick in an effort to correct for the sink rate, resulting in a nose high attitude and tailstrike (Captain)""], ""unsafe_decision"": [""The captain's failure to maintain the appropriate airspeed and pitch attitude during landing which resulted in a tailstrike (Captain)""]}",[],success
20230602192290,"[{""text"": ""Captain"", ""role"": ""Pilot Monitoring"", ""tier"": ""unsafe_decision""}, {""text"": ""First Officer"", ""role"": ""Pilot Flying"", ""tier"": ""unsafe_decision""}, {""text"": ""Flight Attendants"", ""role"": ""Cabin Crew"", ""tier"": ""unsafe_perception""}]","{""operator_mental"": [""Complacency (Flight Crew)"", ""Loss of Situational Awareness (Flight Crew)""], ""personnel_crm"": [""Failed to Communicate (Captain/First Officer to Flight Attendants)""], ""unsafe_decision"": [""The flight crew's decision to continue the descent through a scattered cumulus layer with low-topped convective activity despite the potential for turbulence, relying on the absence of PIREPS/SIGMETS rather than avoiding the cloud base"", ""The captain briefed the flight attendants that 'normal inflight service could be expected' and did not issue an immediate 'be seated immediately' command upon entering the cloud layer, allowing FAs to remain in a vulnerable position during the initial turbulence encounter""], ""unsafe_perception"": [""The flight crew perceived the weather as benign ('no turbulence concerns', 'ride was expected to be good') and failed to appreciate the hazard of low-topped convective activity below 13,000 feet"", ""Flight attendants were not aware of the immediate turbulence potential and were in the process of moving/preparing for service rather than being secured when the first encounter occurred""]}","[{""subject"": ""unsafe_decision"", ""relation"": ""LEADS_TO"", ""object"": ""unsafe_perception"", ""evidence"": ""The captain briefed the flight attendants that the ride was expected to be good, and normal inflight service could be expected.""}]",success
20230602192293,[],"{""personnel_crm"": [""Flight crew failed to communicate turbulence encounter or specific weather hazards to cabin crew prior to the event, leaving them unprepared for the sudden change in conditions""], ""unsafe_decision"": [""Flight attendant: 'shortly after they heard the double chime... a flight attendant lost her balance' (Failed to secure self in jump seat immediately upon receiving landing preparation signal, resulting in injury during turbulence encounter)""]}",[],success
20230628192485,[],"{""personnel_readiness"": [""Inadequate Preparation (Maintenance Provider: IAI failed to adequately comply with Service Bulletin 717-32-002, leaving stress-concentrating scratches on the upper lock link)""], ""unsafe_skill"": [""IAI maintenance personnel failed to adequately verify surface finish and remove transverse manufacturing machining marks/scratches during the accomplishment of Service Bulletin 717-32-002, resulting in stress concentration areas for fatigue crack initiation""]}","[{""subject"": ""unsafe_violation"", ""relation"": ""LEADS_TO"", ""object"": ""situational_tech"", ""evidence"": ""Contributing to the accident was the overhaul facilities noncompliance with Service Bulletin 717-32-002.""}]",success
20230630192493,[],"{""operator_mental"": [""Complacency (Maintenance Mechanic)"", ""Haste (Maintenance Mechanic)""], ""situational_tech"": [""Equipment Design (CFM LEAP Fuel Nozzle Coking/Thermal Soak Back)""], ""unsafe_skill"": [""Maintenance personnel failed to properly torque the fuel nozzle 17 pilot secondary inlet b-nut, resulting in zero torque and a subsequent fuel leak""]}",[],success
20230725192698,[],"{""operator_mental"": [""Loss of Situational Awareness (Flight Crew)"", ""Complacency (Flight Crew)""], ""personnel_crm"": [""Failed to Communicate (ATC/Flight Crew)""], ""unsafe_decision"": [""Flight Crew: 'The flight crew stated that no pilot reports (PIREPS) were conveyed during the flight and airborne weather radar did not show any significant precipitation returns.' (Failed to deviate or request a different route despite ATC warning of moderate to heavy precipitation and potential deviations, relying on incomplete radar data)""]}",[],success
20230731192742,[],"{""operator_limits"": [""Flight crew knowledge of meteorologic conditions""], ""personnel_crm"": [""Failed to coordinate with flight attendants regarding turbulence risk and securing equipment/personnel prior to entering potential hazardous weather""], ""unsafe_decision"": [""Flight crew: 'With no visual indication of the cloud on the weather radar they made a right turn to avoid any potential turbulence... To avoid the buildup the captain continued the right turn to no avail. The airplane entered the clouds and immediately encountered severe turbulence' (Pilot in Command)""]}",[],success
20230731192743,[],"{""operator_limits"": [""Flight crew knowledge of meteorologic conditions""], ""personnel_crm"": [""Flight crew failed to communicate injury status to ground personnel immediately after landing"", ""Flight attendants failed to coordinate rapid securing during turbulence onset""], ""unsafe_decision"": [""Flight crew: The flight crew stated that they were not notified of the injury until after the plane had landed and they were walking to their accommodations, indicating a failure to immediately assess cabin status or communicate with cabin crew during/after the turbulence event.""]}",[],success
20230731192744,[],"{""operator_mental"": [""Loss of Situational Awareness (First Officer)"", ""Complacency (Captain)""], ""personnel_crm"": [""Failed to Back-up (Captain)""], ""unsafe_skill"": [""First Officer: 'The first officer\u2019s nose-down column inputs were contrary to United Airlines\u2019 procedures and training.'"", ""Flight Crew (Captain & First Officer): 'It is also likely that neither flight crewmember noticed that the speedbrakes were not armed before landing.'""], ""unsafe_decision"": [""First Officer: 'The first officer applied the thrust reversers, the speed brakes deployed... while the nosewheel was still in the air. This likely contributed to the second abnormal runway contact of the nosewheel and the subsequent damage to the airplane.'"", ""Flight Crew (Captain & First Officer): 'Contributing to the severity of the damage was the flight crew\u2019s lack of recognition that the speedbrakes were not armed, which led to their delayed deployment.'""]}","[{""subject"": ""personnel_readiness"", ""relation"": ""LEADS_TO"", ""object"": ""unsafe_skill"", ""evidence"": ""The first officer's training records showed inconsistencies in airplane handling... He received an unsatisfactory performance rating... due to, among other things, marginal performance with landings.""}, {""subject"": ""unsafe_skill"", ""relation"": ""LEADS_TO"", ""object"": ""unsafe_decision"", ""evidence"": ""The first officer's nose-down column inputs were contrary to United Airlines' procedures and training... These nose-down inputs contributed to the nosewheel abnormally impacting the runway.""}, {""subject"": ""personnel_crm"", ""relation"": ""LEADS_TO"", ""object"": ""unsafe_perception"", ""evidence"": ""It is also likely that neither flight crewmember noticed that the speedbrakes were not armed before landing.""}, {""subject"": ""unsafe_perception"", ""relation"": ""CO_OCCURS_WITH"", ""object"": ""unsafe_decision"", ""evidence"": ""Contributing to the severity of the damage was the flight crew's lack of recognition that the speedbrakes were not armed, which led to their delayed deployment.""}]",success
20230804192791,[],"{""operator_mental"": [""Task Saturation (Flight crew)""], ""personnel_crm"": [""Failed to Coordinate (Flight crew)""], ""unsafe_decision"": [""Flight crew performed an abrupt climb maneuver in response to a TCAS RA without ensuring cabin crew were secured or aware of the imminent pitch change, resulting in serious injury (Flight Crew)""]}",[],success
20230814192860,[],"{""personnel_crm"": [""Maintenance technician failed to follow specified maintenance procedures (applied chrome finish instead of cadmium/primer)"", ""Maintenance supervisor/quality control failed to detect improper corrosion removal and incorrect plating during inspection""], ""unsafe_skill"": [""Maintenance personnel applied chrome finish in the cross-pin hole instead of a cadmium and primer finish as specified in the component maintenance manual, failing to remove corrosion completely""]}",[],success
20230814192864,"[{""text"": ""FA2"", ""role"": ""Flight Attendant"", ""tier"": ""unsafe_decision""}, {""text"": ""Captain"", ""role"": ""Pilot in Command"", ""tier"": ""unsafe_perception""}, {""text"": ""Flight Crew"", ""role"": ""Crew Members"", ""tier"": ""unsafe_decision""}]","{""operator_mental"": [""Complacency (Captain)"", ""Loss of Situational Awareness (FA2)""], ""personnel_crm"": [""Failed to Communicate (Captain)""], ""unsafe_decision"": [""FA2: 'ultimately decided not to perform a service and remained seated until the initial descent' (Decided to remain mobile/unsecured during the initial descent phase despite prior warnings of bumps, leading to injury when turbulence was encountered)"", ""Captain/Flight Crew: 'decided to keep the fasten seatbelt sign on for the duration of the flight... decided to climb to flight level (FL) 310' (Decision to maintain altitude in a known weather buildup area rather than avoiding it, and subsequent descent into clear air turbulence zone based on ATC advice of 'no complaints')""], ""unsafe_perception"": [""Captain: 'briefed that there would be \u201cnothing serious\u201d... reiterated the same message twice' (Underestimated the severity of potential turbulence despite weather buildup, leading to a false sense of security for cabin crew)"", ""Flight Crew: 'observed a \u201csmall cumulous cloud\u201d (which was not towering)' (Misjudged the hazard potential of the cloud layer and associated wind shear/CAT risk during descent)""]}","[{""subject"": ""unsafe_perception"", ""relation"": ""LEADS_TO"", ""object"": ""unsafe_decision"", ""evidence"": ""The captain briefed that there would be 'nothing serious'... FA2... ultimately decided not to perform a service and remained seated until the initial descent.""}]",success
20230821192903,[],"{""operator_mental"": [""Complacency (Maintenance Technician)""], ""personnel_readiness"": [""Inadequate Preparation/Procedure Adherence (Maintenance Technician)""], ""unsafe_decision"": [""Maintenance technician performed excessive grinding on the aft trunnion pin during overhaul, which imparted heat damage to the base metal and led to fatigue cracking (Sunvair Inc. Maintenance Personnel)""]}",[],success
20230823192927,[],"{""operator_mental"": [""Loss of Situational Awareness (Cabin Crew)"", ""Complacency (Flight Crew)""], ""personnel_crm"": [""Failed to Communicate (First Officer)""], ""unsafe_decision"": [""Flight crew: 'The flight crew reported that their preflight weather briefing revealed no significant areas of weather or turbulence over their planned route to LHR' (Failure to account for clear air turbulence risk despite lack of specific forecast, leading to complacency in cabin management)"", ""First Officer: 'the first officer (FO), who was the pilot flying, made the PA announcement: \u201cFlight Attendants take your seats.\u201d' (Issuing a non-emergency advisory rather than an immediate command to secure, which failed to ensure compliance before the turbulence spike)""], ""unsafe_perception"": [""Cabin crew: 'According to the cabin crew, they did not hear the PA announcement \u201cFlight Attendants take your seats\u201d and therefore they were completing their normal duties' (Failure to perceive the safety hazard or urgency of the situation due to communication breakdown/assumption that service could continue)"", ""Captain: 'because he did not hear the PA announcement over the lavatory speaker he didn\u2019t know if the rest of the crew or passengers heard this announcement' (Misjudgment of the effectiveness of the warning and failure to verify cabin status before turbulence onset)""]}",[],success
20230830192959,[],"{""operator_mental"": [""Loss of Situational Awareness (Flight Crew): The crew failed to perceive the rapidly developing convective cell due to its lack of precipitation returns on radar and visual cues, leading to an unexpected encounter with severe turbulence.""], ""personnel_crm"": [""Failed to Coordinate (Cabin Crew/Flight Crew): The timing of the turbulence event coincided with a gap in coordination where cabin crew were not yet secured for duty, despite the flight crew's earlier warning about potential weather deviations, resulting in injuries.""], ""personnel_readiness"": [""Inadequate Preparation (Cabin Crew): Cabin crew members were not seated and belted at the time of the severe turbulence event, indicating a failure to maintain readiness for sudden atmospheric changes despite prior warnings from the flight deck.""], ""unsafe_decision"": [""Flight crew accepted the controller's instruction to continue heading to OZZZI and noted only a small white cloud, deciding not to deviate further west despite earlier requests and awareness of potential weather deviation needs ('The flight crew accepted this instruction noting only a small white cloud near OZZZI.')""]}",[],success
20230911193031,[],"{""operator_mental"": [""Complacency (Flight Crew)"", ""Loss of Situational Awareness (Flight Crew)""], ""personnel_crm"": [""Failed to Coordinate (Flight Attendant)""], ""unsafe_decision"": [""Flight crew: With no indication of an adverse ride from air traffic control (ATC), their onboard weather applications or their weather radar, the pilots elected to continue""]}",[],success
20230925193129,[],"{""operator_mental"": [""Loss of Situational Awareness (Flight Crew)""], ""situational_tech"": [""Equipment Design/Functionality (Weather Radar System)""], ""unsafe_decision"": [""Flight crew continued flight path through area with convective activity (cloud tops at 42,000 ft) despite lack of radar returns and no SIGMETs, failing to deviate or descend to avoid potential turbulence""]}",[],success
20231003193179,[],"{""situational_tech"": [""Equipment Design (Malfunctioning brakes on service cart)""], ""unsafe_decision"": [""FA2: 'The cabin crew stated that the cart\u2019s brakes had been applied but thought it had malfunctioned causing the food cart to move and injure FA2.' (Failed to verify brake effectiveness or secure the cart properly before moving, relying on a potentially faulty mechanism during active flight operations)""]}",[],success
20231005193196,[],"{""personnel_readiness"": [""Maintenance personnel failed to detect non-compliant bannis latch configuration on R1 door during previous inspections"", ""Maintenance personnel failed to identify misrouted deployment strap on L1 door during previous inspections""], ""unsafe_decision"": [""Maintenance personnel failed to install the required bannis latch configuration (AD 86-09-09) on the R1 door, resulting in a non-compliant assembly that jammed during evacuation"", ""Maintenance personnel misrouted the deployment strap on the L1 door, preventing full door opening and slide deployment""]}",[],success
20231007193204,[],"{""operator_mental"": [""Get-home-itis (Flight Crew)"", ""Complacency (Flight Crew)""], ""situational_tech"": [""Equipment Design: Lack of brake temperature monitoring system (Boeing 737)""], ""unsafe_decision"": [""The flight crew accepted a dispatch revision requiring an extended taxi with elevated power and additional braking to burn off fuel, despite the lack of brake temperature monitoring on the aircraft type (Flight Crew)"", ""Dispatch issued a flight plan revision that required burning off excess fuel via extended taxi rather than removing weight, creating a risk of overheating brakes without adequate monitoring capability (Dispatcher)""]}","[{""subject"": ""unsafe_decision"", ""relation"": ""LEADS_TO"", ""object"": ""situational_tech"", ""evidence"": ""Overheated brakes due to the extended taxi at a higher power setting in an attempt to burn off fuel""}]",success
20231019193272,[],"{""personnel_crm"": [""Avio Aero manufacturing personnel failed to communicate the deviation from drawing requirements (pre-tapping) to GE Aerospace"", ""GE Aerospace quality assurance personnel failed to coordinate with Avio Aero regarding First Article Inspection documentation and compliance verification""], ""personnel_readiness"": [""Avio Aero manufacturing personnel lacked adequate preparation/verification of manufacturing process changes, leading to improper installation of threaded inserts without pull-out checks"", ""GE Aerospace oversight personnel failed in their readiness to monitor supplier quality, evidenced by the absence of required FAI documentation from 1996 and 2003""], ""unsafe_decision"": [""Avio Aero personnel implemented an automated pre-tap operation that deviated from GE's manufacturing print requirements without authorization or communication to the OEM, leading to improper insert installation and subsequent fuel leak""]}",[],success
20231201193459,[],"{""operator_mental"": [""Task Saturation (Captain)"", ""Channelized Attention (Captain)"", ""Loss of Situational Awareness (Captain)""], ""personnel_crm"": [""Failed to Communicate (Ground Crew)"", ""Failed to Coordinate (Flight Crew & Ground Crew)"", ""Failure of Leadership (Captain)""], ""unsafe_skill"": [""Captain: 'did not provide a salute' and failed to visually confirm the tow tractor's position due to being 'saturated in assisting the FO with the numbers and the clearance', resulting in an omitted checklist step/visual scan"", ""Ground Crew (Escort): 'discontinued use of his illuminated wands earlier during the pushback process', failing to maintain required signaling visibility""], ""unsafe_decision"": [""Captain: 'chose to perform tasks related to the load closeout during the pushback in an attempt to increase efficiency', leading to task saturation and failure to monitor ground crew"", ""Ground Crew (Tow Tractor Operator): 'parked the tractor on the captain\u2019s side of the airplane\u2019s nose' instead of moving it out of the path as required by procedure, creating a hazard""], ""unsafe_perception"": [""Captain: 'did not recall seeing anything on the left side' and failed to detect the tow tractor due to dark conditions and absence of the yellow flashing light"", ""Ground Crew (Escort): 'could not see the captain salute him' and misjudged the flight crew's readiness/acknowledgment, leading them to remain in the hazard zone""]}","[{""subject"": ""unsafe_decision"", ""relation"": ""LEADS_TO"", ""object"": ""unsafe_perception"", ""evidence"": ""the flight crew was required to complete two additional simultaneous tasks \u2013 the manual engine start procedure and reviewing/entering the load closeout information \u2013 which increased their cognitive loading and the likelihood of error""}, {""subject"": ""unsafe_decision"", ""relation"": ""LEADS_TO"", ""object"": ""unsafe_skill"", ""evidence"": ""the flight crew\u2019s rote performance of the 'departure salute' checklist item and the required visual check of the sides of the airplane before commencing the taxi""}, {""subject"": ""unsafe_perception"", ""relation"": ""LEADS_TO"", ""object"": ""unsafe_skill"", ""evidence"": ""the absence of an illuminated hazard beacon on the tow tractor, which reduced its conspicuity; ... contributed to the captain overlooking the presence of the tow tractor""}, {""subject"": ""unsafe_decision"", ""relation"": ""LEADS_TO"", ""object"": ""unsafe_perception"", ""evidence"": ""the ground crew\u2019s discarding lighted wands during the pushback, which subsequently made it more difficult for them to attract the captain\u2019s attention""}]",success
20231222193561,[],"{""operator_mental"": [""Loss of Situational Awareness (Flight Crew)""], ""unsafe_perception"": [""Failure to detect/avoid hazard during visual scan (Flight Crew)""]}",[],success
20240106193617,[],"{""personnel_readiness"": [""Inadequate training and guidance for manufacturing personnel (Boeing)""], ""unsafe_skill"": [""Manufacturing personnel failed to consistently and correctly comply with the parts removal process, specifically failing to ensure that securing bolts and hardware removed from the left MED plug were reinstalled""]}",[],success
20240110193637,[],"{""operator_mental"": [""Loss of Situational Awareness (Copilot)""], ""unsafe_skill"": [""Delayed flare (First Officer)""]}",[],success
20240119193682,[],"{""operator_mental"": [""Complacency (Maintenance Technician)"", ""Haste (Maintenance Inspector)""], ""personnel_crm"": [""Failed to Back-up (Maintenance Inspector)""], ""unsafe_skill"": [""Maintenance personnel failed to properly secure the port M borescope plug locking feature during installation, resulting in the plug backing out and causing an engine fire"", ""Inspector failed to detect that the port M borescope plug was not secured in accordance with maintenance manual procedures during post-maintenance inspection""]}","[{""subject"": ""unsafe_skill"", ""relation"": ""LEADS_TO"", ""object"": ""situational_tech"", ""evidence"": ""Maintenance personnel's improper installation and inspection of the port M borescope plug, which resulted in an engine fire.""}]",success
20240208193765,[],"{""operator_mental"": [""Loss of Situational Awareness (Ground crew driver)"", ""Channelized Attention (Flight crew)""], ""situational_tech"": [""Equipment Design / Interface (Low visibility markings and lighting conditions affecting Ground crew driver)""], ""unsafe_perception"": [""The driver of the 'follow me' vehicle indicated that he stopped the airplane (flight 551) at what he thought was the normal stopping point... He had difficulty seeing the yellow 'T'-bar due to the dark night conditions and the de-icing fluid that was present on the ground (Ground Crew)""]}",[],success
20240211193772,[],"{""operator_mental"": [""Complacency (Maintenance mechanic)"", ""Haste (Maintenance mechanic)""], ""personnel_crm"": [""Failed to Coordinate (Maintenance crew)"", ""Failure of Leadership (Maintenance supervisor/Inspector)""], ""unsafe_skill"": [""Maintenance personnel improperly reconnected flexible hydraulic hoses to the wrong flow limiters during carbon brake installation, resulting in crossed lines (Mechanic)"", ""Maintenance personnel installed wheel speed transducer wiring harness with swapped connectors for left MLG wheels (Mechanic)""]}","[{""subject"": ""unsafe_skill"", ""relation"": ""LEADS_TO"", ""object"": ""situational_tech"", ""evidence"": ""The flexible hydraulic hoses connected to the right MLG brakes had been improperly reconnected during the carbon brake and flow limiter installation.""}, {""subject"": ""unsafe_skill"", ""relation"": ""LEADS_TO"", ""object"": ""situational_tech"", ""evidence"": ""The electrical connector for the number 1 (left outboard) and the No. 2 (left inboard) wheel speed transducer were swapped.""}, {""subject"": ""unsafe_decision"", ""relation"": ""LEADS_TO"", ""object"": ""situational_tech"", ""evidence"": ""The tests and operational checks called out by the SB 737-32-1429 revision 4 and EO revision date Nov 2, 2022, did not verify that each brake hydraulic line was correctly routed.""}]",success
20240212193784,[],"{""personnel_crm"": [""ATC controller failed to disseminate PIREP from ACA548 to UAL1890"", ""ATC controller failed to acknowledge turbulence report from UAL1890""], ""personnel_readiness"": [""Flight crew knowledge of meteorologic conditions insufficient for localized CAT/convective risk"", ""Cabin crew knowledge of meteorologic conditions and injury prevention protocols insufficient""], ""unsafe_decision"": [""R24C controller did not acknowledge or disseminate the moderate turbulence PIREP from ACA548 to UAL1890 as required by FAA procedures (ATC)"", ""R24A controller did not respond to UAL1890's check-in at 1535:10 because they were completing other coordination tasks, delaying situational awareness updates (ATC)""]}","[{""subject"": ""unsafe_perception"", ""relation"": ""CO_OCCURS_WITH"", ""object"": ""unsafe_decision"", ""evidence"": ""The flight crew conducted standard preflight and in-flight turbulence risk mitigation, used available tools... The evidence indicates the flight crew performed standard preflight and in-flight turbulence risk mitigation""}, {""subject"": ""unsafe_perception"", ""relation"": ""LEADS_TO"", ""object"": ""unsafe_decision"", ""evidence"": ""The controller stated during their interview they did not hear the PIREP... The controller did not acknowledge or disseminate this report to other aircraft, including UAL1890""}]",success
20240308193898,[],"{""operator_mental"": [""Loss of Situational Awareness (Captain)"", ""Complacency (Captain)""], ""personnel_crm"": [""Failed to Coordinate (First Officer)"", ""Failure of Leadership (Captain)""], ""unsafe_decision"": [""Captain failed to follow company SOPs by retracting speedbrakes shortly after landing and using only idle reverse thrust, resulting in inadequate deceleration"", ""Captain changed autobrake setting from 2 to 1 contrary to FM requirements for RCAM code 3/3/3 without adequate crew discussion or threat mitigation"", ""First Officer accepted the captain's deviation from established autobrake SOPs without challenging it or discussing associated risks (CRM failure)""], ""unsafe_violation"": [""Captain intentionally set autobrakes to level 1 despite FM requirement for level 3 or maximum when RCAM condition code was 3/3/3""]}","[{""subject"": ""personnel_crm"", ""relation"": ""LEADS_TO"", ""object"": ""unsafe_decision"", ""evidence"": ""the flight crew did not effectively discuss potential threats... and appropriate threat mitigations in an arrival briefing""}, {""subject"": ""unsafe_decision"", ""relation"": ""LEADS_TO"", ""object"": ""unsafe_violation"", ""evidence"": ""By not using maximum reverse thrust upon touchdown and by turning off the autobrakes shortly after landing, the captain failed to follow multiple company standard operating procedures (SOPs)""}, {""subject"": ""unsafe_decision"", ""relation"": ""LEADS_TO"", ""object"": ""unsafe_violation"", ""evidence"": ""the captain delayed application of maximum manual wheel braking after turning off the autobrakes""}]",success
20240311193920,[],"{""operator_mental"": [""Complacency (Flight Deck Crew)"", ""Loss of Situational Awareness (Flight Deck Crew)""], ""personnel_crm"": [""Failed to Coordinate (Flight Deck Crew and Cabin Crew)""], ""unsafe_decision"": [""Flight attendants B and C were 'tossed around\u2026.sent into the air' before landing on the floor of the aft galley while securing the cabin, indicating they remained in a non-secured position during a descent phase where severe turbulence was reported at nearby airports (Cabin Crew)""]}",[],success
20240319193963,[],"{""operator_mental"": [""Complacency (Flight Attendant D)""], ""personnel_crm"": [""Failed to Coordinate (Captain/Flight Crew)""], ""unsafe_decision"": [""Flight attendant 'D' picked up the coffee pot by its handle to pour a cup while the aircraft was in an environment where turbulence had been explicitly forecasted and recently encountered, failing to secure herself or the equipment before the expected rough air materialized.""]}",[],success
20240328194001,[],"{""operator_mental"": [""Loss of Situational Awareness (Flight Crew)"", ""Complacency (Flight Crew)""], ""personnel_crm"": [""Failed to Coordinate (Cabin Crew)""], ""unsafe_decision"": [""Flight crew: 'The flight crew said they were unable to avoid entering the clouds and the flight briefly encountered \u201cmoderate\u201d turbulence' (continued descent into visible cloud tops despite radar showing no moisture, leading to severe turbulence encounter)""]}",[],success
20240403194028,[],"{""operator_mental"": [""Task Saturation (ATC Controller)""], ""situational_tech"": [""Equipment Design/Deficiency: VHF Antenna Failure and Satellite Relay Latency (FAA Infrastructure)"", ""Interface: Onboard Radar Limitations in Detecting Rapidly Developing Cells (Pilot)""], ""personnel_crm"": [""Failed to Communicate: ATC Controller did not provide specific information about developing weather cell""], ""unsafe_decision"": [""ATC: 'the air traffic controller overseeing the flight did not provide specific information about the developing weather cell' (failure to communicate hazardous weather despite awareness of sector complexity and workload constraints)"", ""Pilot: 'The first officer (FO) began a right turn to avoid the cell, however, was not able to complete the turn in time and entered the cloud buildup' (inadequate maneuver execution or timing relative to the developing hazard)""]}",[],success
20240403194029,[],"{""operator_mental"": [""Complacency (Captain)""], ""personnel_crm"": [""Failed to Coordinate (Captain)""], ""unsafe_decision"": [""Flight attendant was 'seated in the back of the aircraft and completing her last safety check' when turbulence lifted her out of her seat, implying a decision to remain unsecured or perform tasks during active descent despite the captain's briefing to 'remain seated because they were expecting rough air'""]}",[],success
20240427194158,[],"{""personnel_crm"": [""Flight crew failed to coordinate with cabin crew regarding turbulence risk before initiating final descent checks""], ""unsafe_decision"": [""Flight Attendant: 'Three of the four flight attendants began to get up in the aft galley to perform the final descent checks' (moved from secured position despite seatbelt sign being on and captain's chime indicating preparation for arrival, leading to injury during turbulence)""]}",[],success
20240515194260,[],"{""situational_tech"": [""Equipment Design (GE Aerospace / Manufacturer): The HPT stage 1 aft blade retainer collet feature had uniquely high stress conditions due to assembly interference fits and material behavior (OCNC clusters) that reduced fatigue life, leading to uncontained failure.""], ""unsafe_skill"": [""GE Aerospace manufacturing/quality personnel failed to detect the surface connected OCNC cluster anomaly during material inspection or final parts examination, allowing a component with reduced fatigue life capability to be released for service""]}",[],success
20240718194718,[],"{""operator_mental"": [""Complacency (Captain)"", ""Loss of Situational Awareness (Flight Attendants)""], ""personnel_crm"": [""Failed to Communicate (Flight Attendants)""], ""unsafe_skill"": [""The captain applied the brakes and inadvertently brought the airplane to an abrupt stop (Captain)""], ""unsafe_decision"": [""Contributing to the accident was the flight attendants' failure to notify the flight crew of the unsecure cabin (Flight Attendants)""]}",[],success
20240729194782,[],"{""operator_mental"": [""Loss of Situational Awareness (Flight Crew DAL 2046)"", ""Haste (Flight Crew DAL 2046)""], ""personnel_crm"": [""Failed to Coordinate (ATC Ground Controller / Flight Crew DAL 2046)""], ""unsafe_perception"": [""incorrect evaluation of the clearance between their airplane and Delta Air Lines flight 2046 as they turned onto a perpendicular taxiway (Flight Crew DAL 2046)""]}",[],success
20240805194848,[],"{""operator_mental"": [""Loss of Situational Awareness (ATC Controller)"", ""Complacency (Flight Crew)""], ""personnel_crm"": [""Failed to Communicate (ATC Controller)"", ""Failed to Coordinate (ATC Controller)""], ""unsafe_decision"": [""ATC Controller: 'The R92 controller did not issue the depicted weather that the flight crew had requested to deviate around... The controller also did not request pilot reports (PIREPS) from any flight crews in the sector.' (Failed to provide necessary traffic/weather advisories and gather situational awareness data despite having radar evidence of developing convection)""]}",[],success
20240809194881,[],"{""operator_mental"": [""Loss of Situational Awareness (Flight Crew)"", ""Channelized Attention (Flight Crew)""], ""personnel_crm"": [""Failed to Coordinate (Flight Crew)""], ""unsafe_decision"": [""Flight crew: 'the crew described going \u201cheads down\u201d for a few minutes to load performance data into the flight management computer and to review the arrival procedure' (Failed to maintain adequate visual scan of the environment during critical phase, leading to late detection of convective cloud)""]}",[],success
20240809194882,[],"{""operator_mental"": [""Misplaced Motivation (Passenger)""], ""unsafe_decision"": [""Passenger responded that she would not return to her seat because she needed to stretch, indicating a decision to remain unsecured during descent despite crew instructions.""]}",[],success
20240823194995,[],"{""operator_mental"": [""Complacency (Flight Crew)"", ""Loss of Situational Awareness (Flight Crew)""], ""personnel_crm"": [""Failed to Coordinate (Cabin Crew)""], ""unsafe_decision"": [""Flight attendant C was moving in the cabin (feet left floor) during descent despite the captain's prior instruction to sit down for 10 minutes, resulting in injury when turbulence occurred""]}",[],success
20240829195021,[],"{""operator_mental"": [""Complacency (Maintenance personnel)""], ""personnel_crm"": [""Failure of Leadership (Maintenance organization/management)""], ""unsafe_decision"": [""Maintenance personnel failed to detect the mis-rigged condition (low cable tension) of the right outboard aileron during scheduled/routine maintenance, which increased operational loads and contributed to fatigue cracking.""]}",[],success
20240902195036,[],"{""operator_mental"": [""Loss of Situational Awareness (DL105 Pilot)"", ""Complacency (DL105 Pilot)""], ""personnel_crm"": [""Failed to Coordinate (DL105 Crew & VS104 Crew/ATC)""], ""unsafe_perception"": [""Delta Air Lines flight crew's incorrect evaluation of the clearance between their airplane and the airplane directly ahead of them as they made a 90 degree right turn onto an adjacent taxiway (DL105 Flight Crew)""]}",[],success
20240924195189,[],"{""operator_mental"": [""Haste (First Officer)""], ""personnel_crm"": [""Failed to Coordinate (Cabin Crew)""], ""unsafe_skill"": [""Over-controlled Aircraft - First Officer: The narrative states 'The abrupt pitch control input by the flight crew in response to a TCAS resolution advisory resulted in two serious passenger injuries' and notes 'pitch increased by about 3\u00b0 over 1 second', indicating excessive rate of control input.""]}",[],success
20241030195412,[],"{""operator_mental"": [""Loss of Situational Awareness (Captain)""], ""situational_tech"": [""Automation/Equipment Design (Ground Spoilers/Thrust Reversers interaction with pitch control)""], ""unsafe_skill"": [""The pilot's incorrect pitch attitude during a bounced landing which resulted in a tailstrike (Captain)""]}",[],success
20241104195438,[],"{""operator_mental"": [""Loss of Situational Awareness (Pilot-in-Command)""], ""unsafe_decision"": [""Flight crew continued descent through FL350-FL310 in an area of embedded convection and high probability of moderate clear air turbulence despite AIRMETs for moderate turbulence and SIGMETs nearby, failing to request a deviation or climb to avoid the hazardous weather (Pilot)""]}",[],success
20241105195439,[],"{""operator_mental"": [""Complacency (Flight Attendant)""], ""unsafe_decision"": [""The FA elected to stand and began preparations for the water service (Flight Attendant)""]}",[],success
20241105195444,[],"{""operator_mental"": [""Haste (Captain)"", ""Loss of Situational Awareness (Captain)""], ""situational_tech"": [""Equipment Design/Deferral (Autobrake/Antiskid systems disabled by Maintenance/Crew decision)""], ""unsafe_skill"": [""The captain applied brakes and activated thrust reversers before all three landing gear had changed to 'ground' status, likely before the wheels had an opportunity to fully spin up, resulting in tire failure.""]}","[{""subject"": ""unsafe_decision"", ""relation"": ""LEADS_TO"", ""object"": ""unsafe_skill"", ""evidence"": ""The early application of the brakes during the landing likely contributed to the failure of the tires on the right MLG.""}]",success
20241120195519,[],"{""operator_mental"": [""Complacency (Captain)"", ""Loss of Situational Awareness (Captain)""], ""personnel_crm"": [""Failed to Coordinate (Captain)""], ""unsafe_decision"": [""Captain: 'The captain briefed the FAs to remain seated until he advised them it was safe to begin service... After confirming smooth conditions, the captain advised the lead FA that cabin service could begin' (Authorized cabin crew to stand up and move in the cabin while flying near an area of convection with a SIGMET active, despite the potential for sudden turbulence)""]}",[],success
20241121195527,[],"{""situational_tech"": [""Engine bleed air system design allowed smoke/fumes into cockpit during LRD activation (Manufacturer/Design)"", ""QRH checklist did not explicitly link engine failure with smoke to the Engine Fire QRC, potentially delaying correct response (Manufacturer/Procedure)""], ""unsafe_decision"": [""The flight crew did not report performing the Smoke, Fire or Fumes checklist despite the cockpit filling with 'acrid white smoke' and visibility being restricted (Flight Crew)""]}",[],success
20241121195532,[],"{""operator_mental"": [""Complacency (Flight Crew)"", ""Loss of Situational Awareness (Flight Attendants)""], ""personnel_crm"": [""Failed to Coordinate (Captain/First Officer with Flight Attendants)""], ""unsafe_decision"": [""The captain made an announcement for the FAs to be seated, but the airplane encountered moderate to severe turbulence (Captain failed to ensure cabin crew were secured before entering hazardous conditions)""]}",[],success
20241125195541,[],"{""personnel_crm"": [""Flight crew failed to ensure cabin crew were secured before encountering turbulence""], ""unsafe_decision"": [""Flight attendants reported service was concluding and they were not seated at that time, indicating a decision to remain unsecured during cruise flight despite the crew's prior briefing regarding potential turbulence.""]}",[],success
20241211199406,[],"{""operator_mental"": [""Complacency (Flight Attendant)"", ""Loss of Situational Awareness (Flight Attendant)""], ""personnel_crm"": [""Failed to Coordinate (Crew/FA)""], ""unsafe_decision"": [""Flight crew: With no radar returns observed on the aircraft's weather radar display and onboard weather applications showing no indications of an adverse ride, the pilots elected to continue through the cloud layer""]}",[],success
20250112199530,[],"{""operator_mental"": [""Loss of Situational Awareness (Passenger)""], ""unsafe_decision"": [""Flight crew initiated evacuation despite the presence of a visible fire on the wing/right engine, which likely contributed to the passenger injury (compression fracture) during egress""]}",[],success
20250114199538,[],"{""operator_limits"": [""Insufficient Reaction Time - Flight crew""], ""personnel_readiness"": [""Inadequate Preparation for Diverted Approach - Flight crew""], ""unsafe_skill"": [""The captain began a normal flare at about 100 ft agl, but he felt the airplane \u201cnose come up and sink rate accelerate\u201d at about 15 ft (Captain)""]}",[],success
20250121199575,[],"{""operator_mental"": [""Complacency (Flight Attendant)"", ""Loss of Situational Awareness (Flight Attendant)""], ""personnel_crm"": [""Failed to Coordinate (Captain/First Officer)""], ""unsafe_decision"": [""The flight attendants decided to move their service carts and secure equipment rather than immediately taking their jump seats after the 'flight attendants, please take your jump seats' announcement, leaving them in a vulnerable position when turbulence began.""]}",[],success
20250130199620,[],"{""operator_mental"": [""Loss of Situational Awareness (ATC Controller)"", ""Task Saturation (ATC Controller)"", ""Channelized Attention (Helicopter Pilot)""], ""personnel_crm"": [""Failed to Communicate (ATC Controller)"", ""Failure of Leadership (Army Safety Management System)""], ""personnel_readiness"": [""Inadequate Preparation (Helicopter Crew)""], ""unsafe_skill"": [""lack of effective pilot-applied visual separation by the helicopter crew"", ""tower team\u2019s loss of situation awareness and degraded performance due to the high workload""], ""unsafe_decision"": [""crew flying above the maximum published helicopter route altitude""]}",[],success
20250205199653,[],"{""operator_mental"": [""Loss of Situational Awareness (JAL68 Captain)"", ""Complacency (JAL68 First Officer)""], ""personnel_crm"": [""Failed to Back-up (JAL68 First Officer)""], ""unsafe_perception"": [""The first officer responded that it appeared clear, but later recognized this was a misjudgment (First Officer of JAL68)"", ""Both the captain and the observer crewmember reported they were aware of the proximity of the Delta aircraft but believed clearance would be maintained (Captain of JAL68)""]}","[{""subject"": ""unsafe_perception"", ""relation"": ""LEADS_TO"", ""object"": ""unsafe_decision"", ""evidence"": ""The first officer responded that it appeared clear, but later recognized this was a misjudgment.""}, {""subject"": ""unsafe_decision"", ""relation"": ""LEADS_TO"", ""object"": ""unsafe_skill"", ""evidence"": ""The Japan Airlines flight crew's failure to maintain adequate clearance from the parked Delta Air Lines aircraft while taxiing in congested ramp conditions.""}]",success
20250207199663,[],"{""operator_mental"": [""Loss of Situational Awareness (Tug Driver)"", ""Distraction (Captain)""], ""situational_tech"": [""Equipment Design/Deficiency: Absence of Nose-Gear Light (Aircraft Crew/Maintenance)""], ""unsafe_decision"": [""Tug driver's failure to ensure the taxiway was clear of aircraft prior to crossing, resulting in a collision with the left wing of the taxiing aircraft (Ground Crew)""], ""unsafe_perception"": [""Limited visibility of the aircraft due to ambient lighting conditions and the absence of the aircraft's nose-gear light, which reduced the tug driver's ability to detect the aircraft's presence in time to avoid the collision (Ground Crew)"", ""The left wing of flight 6181... was not visible until the last moment, leaving insufficient time to react (Ground Crew)""]}","[{""subject"": ""unsafe_perception"", ""relation"": ""LEADS_TO"", ""object"": ""unsafe_decision"", ""evidence"": ""the left wing of flight 6181... was not visible until the last moment, leaving insufficient time to react""}, {""subject"": ""situational_tech"", ""relation"": ""LEADS_TO"", ""object"": ""unsafe_perception"", ""evidence"": ""absence of a nose-gear light on flight 6181, which may have contributed to the tug driver not detecting the presence""}, {""subject"": ""unsafe_decision"", ""relation"": ""LEADS_TO"", ""object"": ""unsafe_violation"", ""evidence"": ""The tug driver's failure to ensure the taxiway was clear of aircraft prior to crossing, resulting in a collision""}]",success
20250214199703,[],"{""personnel_crm"": [""Failed to Communicate (Flight Crew)""], ""unsafe_decision"": [""Flight attendants were standing in the aft galley preparing to secure the cabin during descent, indicating a decision to remain unsecured despite the risk of turbulence.""]}",[],success
20250310199820,[],"{""operator_mental"": [""Complacency (Captain)"", ""Loss of Situational Awareness (Flight Attendant)""], ""personnel_crm"": [""Failed to Communicate (Captain)""], ""unsafe_decision"": [""Flight attendant was pouring hot coffee in the aft galley, indicating a decision to perform non-essential service tasks and remain unsecured during cruise despite the risk of turbulence."", ""Captain informed flight attendants that no turbulence was expected based on preflight briefing, leading to a false sense of security regarding cabin safety protocols.""]}",[],success
20250403199959,[],"{""operator_mental"": [""Complacency (Flight crew)"", ""Loss of Situational Awareness (Cabin crew)""], ""personnel_readiness"": [""Inadequate Preparation for Convective Turbulence (Cabin crew)"", ""Insufficient Knowledge of Meteorologic Conditions (Flight crew)""], ""unsafe_decision"": [""Flight crew: 'The flight crew reported that prior to the accident, the airplane was at flight level 400 in a thin cirrus cloud layer... The seatbelt sign was off.' (Continued cruise with cabin crew unsecured despite known scattered convection and lack of radar returns, failing to mitigate risk or secure personnel)""]}",[],success
20250417200028,[],"{""operator_physical"": [""Physical Fatigue (Captain, First Officer)"", ""Impaired Physiological State (Flight Attendant B)""], ""personnel_crm"": [""Failed to Coordinate (ARFF Personnel, Flight Crew)"", ""Failure of Leadership (Captain)""], ""unsafe_decision"": [""ARFF personnel directed passengers back into the aircraft due to concerns of injuries sliding off the wing, resulting in a flight attendant re-entering and utilizing door slides which caused injury""]}",[],success
20250422200055,[],"{""operator_mental"": [""Complacency (Flight Attendant B)"", ""Loss of Situational Awareness (Flight Attendant B)""], ""personnel_crm"": [""Failed to Coordinate (Flight Crew and Cabin Crew)""], ""unsafe_decision"": [""FA 'B' stated it was an automatic response to prepare the cabin even though she remembered afterwards being briefed to remain seated (Flight Attendant B)""]}",[],success
20250505200101,[],"{""operator_mental"": [""Loss of Situational Awareness (Flight Crew)""], ""situational_tech"": [""Equipment Design/Functionality Limitations (Onboard Weather Radar & WSI App)""], ""unsafe_decision"": [""Pilot: 'As the descent continued, the flight crew noticed below and ahead of the airplane was a flat stratus cloud layer... The flight crew reported that thunderstorm activity was forecast for their arrival at BNA... They planned and conducted a deviation to the north to avoid the weather.' (The crew decided to continue the descent into an area with known severe convective activity based on incomplete radar data, failing to divert or hold despite conflicting ATC warnings of moderate to extreme precipitation.)""]}",[],success
20250611200304,[],"{""operator_mental"": [""Loss of Situational Awareness (Captain)""], ""personnel_crm"": [""Failed to Coordinate (First Officer)""], ""unsafe_skill"": [""Over-controlled Aircraft (Captain): The captain applied the brakes to assist with the turning maneuver, using what he recalled felt like normal pressure... causing the airplane to come to an abrupt stop.""]}",[],success
20250617200337,[],"{""operator_mental"": [""Complacency (Passenger)""], ""unsafe_decision"": [""Passenger disregarded the seat belt sign and entered the aft lavatory during a climb through instrument meteorological conditions with known turbulence risk (Passenger)""]}",[],success
20250618200351,"[{""text"": ""The flight crew decided to continue the descent through developing convective activity (green and yellow radar returns) without requesting a deviation or avoiding the weather"", ""role"": ""Flight Crew"", ""tier"": ""unsafe_decision""}, {""text"": ""Flight attendants decided to remain in their working positions (securing lavatories, moving in galleys) after being instructed to 'prepare the cabin for landing' instead of immediately securing themselves in jump seats"", ""role"": ""Cabin Crew"", ""tier"": ""unsafe_decision""}, {""text"": ""The flight crew perceived the weather as benign based on initial radar and lack of ATC reports, failing to appreciate the rapid development of convective turbulence ahead"", ""role"": ""Flight Crew"", ""tier"": ""unsafe_perception""}, {""text"": ""Flight attendants misjudged the immediate risk of turbulence while performing cabin preparation tasks, believing they had sufficient time before landing"", ""role"": ""Cabin Crew"", ""tier"": ""unsafe_perception""}]","{""operator_mental"": [""Complacency (Captain/FO)"", ""Loss of Situational Awareness (Cabin Crew)""], ""personnel_crm"": [""Failed to Coordinate (Flight Crew/Cabin Crew)""], ""unsafe_decision"": [""The flight crew decided to continue the descent through developing convective activity (green and yellow radar returns) without requesting a deviation or avoiding the weather, relying on initial clear indications rather than reacting to rapidly changing conditions"", ""Flight attendants decided to remain in their working positions (securing lavatories, moving in galleys) after being instructed to 'prepare the cabin for landing' instead of immediately securing themselves in jump seats, leaving them vulnerable when turbulence struck""], ""unsafe_perception"": [""The flight crew perceived the weather as benign based on initial radar and lack of ATC reports, failing to appreciate the rapid development of convective turbulence ahead"", ""Flight attendants misjudged the immediate risk of turbulence while performing cabin preparation tasks, believing they had sufficient time before landing""]}","[{""subject"": ""unsafe_perception"", ""relation"": ""LEADS_TO"", ""object"": ""unsafe_decision"", ""evidence"": ""The flight crew perceived the weather as benign based on initial radar and lack of ATC reports... The flight crew decided to continue the descent through developing convective activity""}, {""subject"": ""unsafe_perception"", ""relation"": ""LEADS_TO"", ""object"": ""unsafe_decision"", ""evidence"": ""Flight attendants misjudged the immediate risk of turbulence... Flight attendants decided to remain in their working positions""}]",success
20250623200361,[],"{""personnel_crm"": [""Flight crew failed to ensure cabin crew was fully secured and briefed on immediate turbulence risk before initiating the turn into weather""], ""unsafe_decision"": [""Flight attendant: 'She had just returned to the aft galley and began emptying a coffee pot when the turbulence occurred' (Failed to secure self/equipment in anticipation of turbulence despite early warnings)""]}",[],success
20250623200362,[],"{""operator_mental"": [""Loss of Situational Awareness (Flight Crew)"", ""Complacency (Flight Crew)""], ""situational_tech"": [""Equipment Design/Interface Limitations (Airborne Weather Radar) (Flight Crew)""], ""unsafe_decision"": [""Flight Attendant: 'multiple FAs were conducting cabin service with beverage carts positioned in the aisle' (Conducted non-essential service during climb phase despite potential for turbulence, contributing to injury risk)""]}",[],success
20250623200379,[],"{""operator_mental"": [""Loss of Situational Awareness (Captain/First Officer)""], ""personnel_crm"": [""Failed to Coordinate (Flight Crew with Flight Attendants)""], ""unsafe_decision"": [""Flight crew: 'The captain observed scattered cumulous clouds ahead of their flight path at approximately FL200 and told the FAs to secure the cabin and be seated early.' (Continued descent through the cloud layer despite visual observation of convective activity, failing to deviate or request a different clearance to avoid the turbulence source)""]}",[],success
20250708200488,[],"{""operator_mental"": [""Loss of Situational Awareness (First Officer)""], ""personnel_crm"": [""Failed to Back-up (Captain)""], ""unsafe_skill"": [""The first officer's failure to maintain proper pitch attitude during flare which resulted in a bounced landing and a tailstrike (First Officer)""]}",[],success
20250723200619,[],"{""operator_mental"": [""Loss of Situational Awareness (Ramp Service Agent)"", ""Misinterpretation of Signals (Ramp Service Agent)""], ""personnel_crm"": [""Failed to Coordinate/Communicate (Lead Ramp Agent)"", ""Ambiguous Signaling/Marshalling Coordination Failure (Marshaller)""], ""unsafe_decision"": [""Left wing walker misinterpreted the marshaller's gestures as the all-clear signal and began approaching the aircraft carrying two wheel chocks (Ground Crew)""]}","[{""subject"": ""unsafe_perception"", ""relation"": ""LEADS_TO"", ""object"": ""unsafe_decision"", ""evidence"": ""the injured ramp agent appeared to misinterpret the marshaller\u2019s gestures as the all-clear signal and began approaching the aircraft""}, {""subject"": ""unsafe_decision"", ""relation"": ""LEADS_TO"", ""object"": ""unsafe_violation"", ""evidence"": ""He proceeded behind the left engine while carrying wheel chocks, unaware that the engine was still operating.""}]",success
20250724200620,[],"{""operator_mental"": [""Loss of Situational Awareness (Captain)""], ""personnel_crm"": [""Failed to Communicate (Captain)""], ""unsafe_decision"": [""Captain: 'The captain observed cloud tops along the flight path at about 10,000 ft and believed the flight would skim the tops. However, the airplane passed through the cloud tops' (Failed to deviate or adjust altitude/heading sufficiently to avoid convective weather based on visual observation, resulting in an unanticipated turbulence encounter)""]}",[],success
20250724200627,[],"{""operator_mental"": [""Loss of Situational Awareness (Flight Crew)"", ""Complacency (Cabin Crew)""], ""situational_tech"": [""Equipment Design/Performance Limitation (Weather Radar)""], ""unsafe_decision"": [""Flight crew: The pilots observed a cumulus cloud directly ahead that had not been displayed on the airplane\u2019s weather radar as moderate or severe returns... when the aircraft encountered severe turbulence"", ""Cabin crew: At the time of the turbulence encounter, the two flight attendants (FAs) were conducting final cabin safety checks. During the event, both FAs were lifted into the air and thrown to the floor""]}",[],success
20250809200742,[],"{""operator_mental"": [""Loss of Situational Awareness (Pilot)""], ""personnel_crm"": [""Failed to Communicate (Pilot)""], ""unsafe_decision"": [""Narrative is empty; no specific unsafe act can be identified from the provided text.""]}",[],success
20250828200898,[],"{""operator_mental"": [""Loss of Situational Awareness (Flight Crew)""], ""personnel_crm"": [""Failed to Coordinate (ATC/Flight Crew)""], ""unsafe_decision"": [""Flight Attendant: 'The FA in the aft galley was thrown to the floor' (Moved from a secured position to prepare galleys during an active descent phase where turbulence or abrupt maneuvers were possible, despite the risk of injury)""]}",[],success
20250829200899,[],"{""operator_mental"": [""Complacency (Passenger)"", ""Loss of Situational Awareness (Passenger)""], ""personnel_crm"": [""Failed to Communicate (Flight Crew/Dispatcher)""], ""unsafe_decision"": [""The flight crew's decision to continue the flight path through an area of forecasted convective activity and thunderstorms, relying on the absence of heavy precipitation returns on the onboard weather radar rather than avoiding the cells or requesting a more significant deviation"", ""The captain's failure to issue an immediate 'be seated immediately' command or ensure all personnel were secured before the sudden encounter with severe turbulence, despite having briefed FAs on the possibility of thunderstorms and deviations""], ""unsafe_perception"": [""The flight crew perceived the weather as benign based on the lack of heavy precipitation returns on the radar and failed to appreciate the hazard of clear-air or convective turbulence in an area with developing thunderstorm cells"", ""Passengers were not aware of the immediate turbulence potential and remained out of their seats (one in the aisle, one in the lavatory) despite the seatbelt sign being illuminated""]}",[],success
20250902200930,[],"{""operator_mental"": [""Loss of Situational Awareness (Pilot)""], ""personnel_crm"": [""Failed to Communicate (Pilot)""], ""unsafe_decision"": [""Narrative is empty; no specific unsafe act can be identified from the provided text.""]}",[],success
20250915201001,[],"{""operator_mental"": [""Loss of Situational Awareness (Pilot)""], ""personnel_crm"": [""Failed to Communicate (Pilot)""], ""unsafe_decision"": [""Narrative is empty; no specific unsafe act can be identified from the provided text.""]}",[],success
20251003201780,[],"{""personnel_crm"": [""Flight crew failed to ensure clear communication of turbulence warning to flight attendants""], ""personnel_readiness"": [""Flight attendant was not seated and secured during descent despite early seatbelt sign activation""], ""unsafe_decision"": [""Flight attendants were preparing the cabin for landing (unsecured) when thrown to the floor, indicating a failure to secure self/equipment in anticipation of turbulence or during approach phase""]}",[],success
20260128202353,[],"{""operator_mental"": [""Loss of Situational Awareness (Captain)"", ""Complacency (Flight Crew)""], ""personnel_readiness"": [""Inadequate Preparation (Flight Crew)""], ""unsafe_decision"": [""Captain's decision to continue taxiing onto the ramp despite FICONs indicating ice/slush and subsequent loss of braking action""]}",[],success
20001212X20225,[],"{""operator_mental"": [""Complacency (Maintenance Technician)""], ""personnel_crm"": [""Failed to Coordinate (Maintenance Crew)""], ""unsafe_skill"": [""Maintenance personnel installed an incorrect wheel bearing (part number 594 instead of 596) during the 'build up' process, resulting in improper assembly""]}",[],success
20001212X20388,[],"{""personnel_crm"": [""Failed to Communicate (Captain)"", ""Failed to Coordinate (Flight Attendants)""], ""personnel_readiness"": [""Inadequate Preparation (Flight Attendants)""], ""unsafe_decision"": [""Flight attendant did not fasten her seatbelt immediately despite being informed of expected turbulence and the crew's instruction to secure the cabin"", ""Captain failed to convey sufficient urgency regarding the timing of securing the cabin, leading to a delay in flight attendants taking their seats""]}",[],success
20001212X20339,[],"{""operator_mental"": [""Loss of Situational Awareness (Captain)"", ""Task Saturation (First Officer)""], ""personnel_crm"": [""Failed to Coordinate (Alaska Airlines Dispatch/Maintenance)"", ""Failure of Leadership (Captain)""], ""personnel_readiness"": [""Inadequate Maintenance Procedures (Alaska Airlines Maintenance)""], ""unsafe_decision"": [""Captain: 'I'm gonna click it off you got it' (attempting to troubleshoot the jammed stabilizer trim system while airborne, which resulted in a runaway nose-down pitch and loss of control)""]}",[],success
20001212X20517,[],"{""operator_mental"": [""Distraction (Flight Attendant)""], ""personnel_crm"": [""Failed to Coordinate (Captain/First Officer)""], ""unsafe_decision"": [""The flight attendant's decision to stop and instruct a passenger while the aircraft was in severe turbulence, resulting in her being thrown about the cabin""]}",[],success
20001212X20463,[],"{""operator_physical"": [""Medical Illness (Severe Obstructive Sleep Apnea) - Refueling Truck Driver"", ""Physical Fatigue (Hypersomnolence/Chronic Fatigue) - Refueling Truck Driver""], ""personnel_readiness"": [""Crew Rest Violation (Reporting to work after insufficient rest) - Refueling Truck Driver""], ""unsafe_decision"": [""The driver of the refueling truck reported to work after not getting sufficient rest and despite a prior incident where he 'dosed off', demonstrating poor judgment in assessing his fitness for duty (Ground Crew)""]}","[{""subject"": ""operator_physical"", ""relation"": ""LEADS_TO"", ""object"": ""unsafe_perception"", ""evidence"": ""severe obstructive sleep apnea and significant hypersomnolence which resulted in chronic fatigue... driver of the refueling truck fell asleep""}, {""subject"": ""unsafe_perception"", ""relation"": ""LEADS_TO"", ""object"": ""unsafe_decision"", ""evidence"": ""The same driver was involved in another accident on October 30, 1999... American Airlines concluded '[The Driver] used poor judgement when he reported to work after not getting sufficient rest.'""}, {""subject"": ""unsafe_perception"", ""relation"": ""LEADS_TO"", ""object"": ""unsafe_skill"", ""evidence"": ""the driver of the refueling truck fell asleep which resulted in him not maintaining clearance with the parked aircraft""}]",success
20001212X20452,[],"{""personnel_crm"": [""Failed to Communicate (Airport Representative/ATC)""], ""personnel_readiness"": [""Inadequate Preparation (Flight Crew)""], ""unsafe_decision"": [""Poor Decision: The flight crew continued the approach and landing despite the NOTAM indicating a 24-inch snowbank on the south side of the runway and reduced width, failing to account for the hazardous surface conditions that caused the aircraft to pull right.""]}",[],success
20001212X20503,[],"{""operator_mental"": [""Loss of Situational Awareness (Pilot in Command)""], ""unsafe_skill"": [""Pilot: 'The pilot's improper flare which resulted in a bounced landing.'""]}","[{""subject"": ""unsafe_decision"", ""relation"": ""LEADS_TO"", ""object"": ""unsafe_skill"", ""evidence"": ""The pilot's improper flare which resulted in a bounced landing.""}]",success
20001212X20472,[],"{""personnel_readiness"": [""Maintenance crew failure to properly secure and inspect the attachment bolt""], ""unsafe_skill"": [""Failure to properly secure and inspect the attachment bolt (Maintenance Crew)""]}",[],success
20001212X20332,[],"{""situational_tech"": [""Equipment Design (missing grounding strap preventing circuit breaker trip) - Maintenance/Manufacturer""], ""unsafe_decision"": [""Maintenance crew: Failed to identify the root cause of the electrical anomaly (chafed wire) during previous maintenance or inspection, leading to continued operation with a latent defect.""]}",[],success
20001212X20714,[],"{""operator_mental"": [""Loss of Situational Awareness (Tug Operator)""], ""personnel_crm"": [""Failed to Coordinate (Maintenance Crew)"", ""Failed to Communicate (Captain)""], ""unsafe_skill"": [""Tug operator's inadequate visual lookout""]}","[{""subject"": ""unsafe_perception"", ""relation"": ""LEADS_TO"", ""object"": ""unsafe_decision"", ""evidence"": ""The tug operator stated that the tug's drive mechanism was sticking in a '2-wheel,' or 'crab' mode... After receiving clearance to push, the tug driver made a gradual turn""}, {""subject"": ""unsafe_decision"", ""relation"": ""LEADS_TO"", ""object"": ""unsafe_skill"", ""evidence"": ""The tug operator's inadequate visual lookout.""}]",success
20001212X20571,[],"{""operator_mental"": [""Complacency (Maintenance Mechanic)"", ""Loss of Situational Awareness (Flight Engineer)""], ""personnel_crm"": [""Failed to Coordinate (Maintenance Mechanic)"", ""Failed to Communicate (Maintenance Mechanic)""], ""unsafe_skill"": [""Flight engineer: 'observed no abnormalities during the exterior preflight inspection, and that \""All engine cowlings [were] verified closed and latched prior to takeoff\""' (despite them being unlatched)"", ""Mechanic who took turnover report: 'did not review the tie-in log' and 'did not check the number 1 or number 2 cowlings to ensure that they were secured'""]}",[],success
20001212X20606,[],"{""operator_mental"": [""Loss of Situational Awareness (Captain)"", ""Complacency (First Officer)""], ""personnel_crm"": [""Failed to Communicate (First Officer)"", ""Failure of Leadership (Captain)""], ""unsafe_decision"": [""Captain's failure to abort the approach when stabilized approach criteria were not met (Pilot)"", ""Controller's positioning of the airplane in such a manner as to leave no safe options for the flight crew other than a go-around maneuver (ATC)""], ""unsafe_perception"": [""Captain visually perceived that the airplane was 'fast' but did not react appropriately or recognize the unstable state until too late (Pilot)"", ""First officer felt that the approach was stabilized and they were in a position to land despite high airspeed (Pilot)""]}","[{""subject"": ""unsafe_decision"", ""relation"": ""LEADS_TO"", ""object"": ""unsafe_skill"", ""evidence"": ""the flight crew's excessive airspeed and flightpath angle during the approach and landing""}, {""subject"": ""unsafe_perception"", ""relation"": ""CO_OCCURS_WITH"", ""object"": ""unsafe_decision"", ""evidence"": ""failure to abort the approach when stabilized approach criteria were not met""}]",success
20001212X20693,[],"{""operator_mental"": [""Complacency (Flight Attendant)""], ""unsafe_decision"": [""flight attendant's failure to seat and belt herself during an inflight encounter with turbulence""]}",[],success
20001212X20664,[],"{""situational_tech"": [""Equipment Design (Landing Gear Door Drive Rod/Safety Bar Mechanism Failure)""], ""unsafe_decision"": [""Delta procedures did not allow the pilot to cycle the landing gear in this situation with the intent to avoid more complications. The captain selected landing gear down... (Captain)""]}",[],success
20001212X20700,[],"{""operator_mental"": [""Loss of Situational Awareness (Tug Driver)"", ""Channelized Attention (Pilot)""], ""personnel_crm"": [""Failed to Coordinate (Ramp Supervisor / Tug Driver)""], ""unsafe_skill"": [""Breakdown in Visual Scan (Tug Driver)""]}",[],success
20001212X20732,[],"{""personnel_crm"": [""Failed to Coordinate (Security Personnel/Passenger)""], ""unsafe_decision"": [""Passenger: 'inadvertently picked up a backpack containing a Modular Bomb System (MBS)' and boarded the airplane, failing to verify the contents of the bag before carrying it onto the aircraft""]}",[],success
20001212X20609,[],"{""operator_mental"": [""Complacency (Captain and First Officer)""], ""personnel_crm"": [""Failed to Coordinate (First Officer)"", ""Failure of Leadership (Captain)""], ""unsafe_decision"": [""The captain stated, 'I should have had you go around,' indicating a failure to recognize the abnormal gear warning horn and retracting gear as an emergency requiring immediate abort of landing (Captain)""]}",[],success
20001212X20624,[],"{""operator_mental"": [""Loss of Situational Awareness (Captain)"", ""Channelized Attention (Captain)""], ""personnel_crm"": [""Failed to Coordinate (First Officer)"", ""Failure of Leadership (Captain)""], ""unsafe_skill"": [""Captain failed to maintain runway alignment following autopilot disconnect, resulting in the aircraft veering right and departing the paved surface""], ""unsafe_decision"": [""Captain touched down long (2,802 feet from approach end) despite wet runway conditions and LIFR weather, failing to follow standard operating procedures for landing on a contaminated runway"", ""Captain delayed braking initiation until 1,016 feet after touchdown, reducing available stopping distance""]}","[{""subject"": ""unsafe_decision"", ""relation"": ""LEADS_TO"", ""object"": ""unsafe_skill"", ""evidence"": ""the captain's failure to follow standard operating procedure for landing on a contaminated runway in that he touched down long, which combined with his delayed braking resulted in a runway overrun""}, {""subject"": ""unsafe_decision"", ""relation"": ""LEADS_TO"", ""object"": ""unsafe_perception"", ""evidence"": ""the captain's failure to maintain runway alignment following his disconnect of the autopilot""}]",success
20001212X20564,[],"{""operator_mental"": [""Complacency (Flight Attendant)""], ""personnel_crm"": [""Failed to Coordinate (Crew)""], ""unsafe_decision"": [""The flight attendant decided to 'put up her foot to hold the cart' during continued turbulence, attempting to secure a loose object with her body rather than evacuating the area or securing it properly.""]}",[],success
20001212X20894,[],"{""situational_tech"": [""Inadequate nozzle lock design (Equipment Design) - Engine Manufacturer""], ""unsafe_decision"": [""Maintenance personnel installed the engine in position number 1 on the accident airplane after a shop visit where LPT nozzle segments were not removed, despite previous reported failures of the same SB 72-1082 nozzle locks and known stress rupture issues.""]}",[],success
20001212X20788,[],"{""operator_mental"": [""Loss of Situational Awareness (Captain)""], ""personnel_crm"": [""Failed to Coordinate (First Officer)""], ""unsafe_perception"": [""The flight crew failed to detect the deer on the runway during the takeoff roll, resulting in a collision (Flight Crew)""]}",[],success
20001212X20794,[],"{""situational_tech"": [""Equipment Design (High-pressure bleed air duct clamp failure leading to nacelle over-pressurization and cowl separation)""], ""unsafe_decision"": [""Maintenance crew failed to secure the high-pressure bleed air duct clamp, resulting in its separation and subsequent engine cowling loss""]}",[],success
20001212X20972,[],"{""operator_limits"": [""Insufficient Reaction Time (Captain)""], ""unsafe_skill"": [""The pilot-in-command's failure to maintain directional control (Captain)""]}",[],success
20001212X20896,[],"{""personnel_readiness"": [""Comair maintenance personnel failed to comply with Service Bulletin A601R-57-027 requiring non-destructive testing of the spoiler lug, allowing a known fatigue-prone component to remain in service""], ""unsafe_violation"": [""According to personnel from Comair, the SB had not been complied with.""]}",[],success
20001212X21038,[],"{""operator_mental"": [""Loss of Situational Awareness (Captain)""], ""personnel_crm"": [""Failed to Coordinate (Flight Engineer)"", ""Failure of Leadership (Captain)""], ""unsafe_decision"": [""Captain: 'failure to maintain the proper wind-adjusted Vref airspeed, by a margin which varied from 7 to 20 knots too slow' during final approach""]}","[{""subject"": ""unsafe_decision"", ""relation"": ""LEADS_TO"", ""object"": ""unsafe_skill"", ""evidence"": ""The captain's failure to maintain the proper wind-adjusted Vref airspeed, by a margin which varied from 7 to 20 knots too slow""}]",success
20001212X21060,[],"{""operator_mental"": [""Complacency (First Officer)"", ""Loss of Situational Awareness (First Officer)""], ""situational_tech"": [""Equipment Design/Deficiency (Inoperative Annunciator System)""], ""personnel_crm"": [""Failed to Coordinate (Captain and First Officer regarding MEL item verification)"", ""Failure of Leadership (First Officer vague on procedure)""], ""unsafe_decision"": [""First Officer failed to comply with procedures and directives for his failure to assure that the forward airstair door was closed and locked"", ""Captain decided to release the aircraft for flight despite the inoperative annunciation system of the forward airstair door being MEL'd""]}","[{""subject"": ""unsafe_decision"", ""relation"": ""LEADS_TO"", ""object"": ""unsafe_skill"", ""evidence"": ""The failure of the first officer to comply with procedures and directives for his failure to assure that the forward airstair door was closed and locked.""}, {""subject"": ""situational_tech"", ""relation"": ""CO_OCCURS_WITH"", ""object"": ""unsafe_decision"", ""evidence"": ""A contributing factor in the incident was the inoperative annunciation system of the forward airstair door.""}]",success
20001212X21079,[],"{""operator_mental"": [""Distraction (Passenger)"", ""Misplaced Motivation (Passenger)""], ""personnel_crm"": [""Failed to Coordinate (Flight Attendant)""], ""unsafe_decision"": [""Flight attendant failed to prevent passenger from opening door and jumping, resulting in injury (Crew)""]}",[],success
20001212X21300,[],"{""situational_tech"": [""Equipment Design (Honeywell TPE331-12 engine bull gear misalignment leading to fatigue failure)""], ""unsafe_decision"": [""Maintenance/Operator: The decision to continue operating the engine with a known misalignment and non-uniform wear, despite available SOAP inspections that could have detected impending failure if intervals were shorter (implied by the later reduction of inspection intervals from 450 to 50 hours), represents an unsafe decision regarding maintenance thresholds.""]}",[],success
20001212X21288,[],"{""operator_mental"": [""Complacency (Captain)""], ""situational_tech"": [""Equipment Design (Maintenance/Manufacturer)""], ""unsafe_decision"": [""Pilot stayed on the step and water taxied with control yoke up to his chest, applying excessive force that caused overstress separation""]}",[],success
20001212X21264,[],"{""operator_mental"": [""Complacency (Maintenance Mechanic)""], ""personnel_crm"": [""Failed to Coordinate (Maintenance Shift Handover)""], ""unsafe_decision"": [""Maintenance personnel - F: 'The failure of the mechanic to refasten the cowling door prior to returning the aircraft to service.'"", ""Maintenance personnel - C: 'the mechanic performing the work reported that the cowl doors were closed and re-latched about 0530 - 0600... The takeoff where the cowling separated was the first flight following return to service.'""]}",[],success
20001212X21540,[],"{""operator_mental"": [""Loss of Situational Awareness (Captain)"", ""Channelized Attention (Captain)""], ""personnel_crm"": [""Failed to Coordinate (Ground Crew)"", ""Misinterpretation of Traffic Calls (Captain)""], ""unsafe_decision"": [""Captain continued to taxi into the gate after receiving stop signals from ground personnel, choosing to proceed despite conflicting instructions and potential hazard"", ""Captain failed to turn the aircraft when given a right turn signal by the marshaller to avoid ramp equipment, instead continuing straight ahead""], ""unsafe_perception"": [""Captain misjudged the position of the aircraft relative to the stop line and ground equipment, resulting in the left wing colliding with a cargo container loader"", ""Ground personnel failed to effectively communicate or coordinate the marshalling signals, leading to confusion where one signaled stop while another signaled move forward""]}","[{""subject"": ""unsafe_perception"", ""relation"": ""LEADS_TO"", ""object"": ""unsafe_decision"", ""evidence"": ""The captain continued to taxi into the gate despite ground personnel giving stop signals and directing a turn, indicating a failure to perceive or process the safety-critical cues from the marshalling team.""}, {""subject"": ""unsafe_decision"", ""relation"": ""LEADS_TO"", ""object"": ""unsafe_violation"", ""evidence"": ""The captain's decision to ignore the stop and turn signals resulted in a violation of standard taxiing procedures and safety protocols, leading directly to the collision.""}]",success
20001212X20729,[],"{""situational_tech"": [""Equipment Design (weak aluminum anchor bracket prone to failure) - Maintenance/Operator""], ""personnel_readiness"": [""Inadequate Preparation (failure to install known improved brackets before accident) - Operator/Maintenance""], ""unsafe_decision"": [""Operator deferred maintenance of known defective anchor brackets (P/N 50-440037-13) despite having problems with them on other airplanes, choosing to wait for a future maintenance window rather than addressing the safety risk immediately""]}",[],success
20001212X21365,[],"{""operator_mental"": [""Loss of Situational Awareness (Pilot)"", ""Complacency (Pilot)""], ""personnel_crm"": [""Failed to Communicate (Pilot)""], ""unsafe_decision"": [""Pilot's inadequate evaluation of weather information"", ""Pilot's delay in taking remedial action that resulted in the in-flight encounter with severe weather""]}","[{""subject"": ""unsafe_perception"", ""relation"": ""LEADS_TO"", ""object"": ""unsafe_decision"", ""evidence"": ""The pilot's inadequate evaluation of weather information, and his delay in taking remedial action that resulted in the in-flight encounter with severe weather.""}]",success
20001212X21701,[],"{""personnel_crm"": [""Flight attendants failed to coordinate or attempt to locate the source of smoke/fire"", ""First Officer removed oxygen mask without coordinating with Captain, exposing self to incapacitation risk""], ""personnel_readiness"": [""Airline training program lacked drills for hidden fires, leaving crew unprepared for this specific emergency scenario""], ""unsafe_violation"": [""unauthorized repair that was not to the manufacturer's standards (maintenance/repair personnel)"", ""neither flight attendant on board flight 913 attempted to locate the source of the smoke in the cabin or to use any of the firefighting equipment available to them (flight attendants)""]}",[],success
20001212X21726,[],"{""personnel_readiness"": [""Inadequate maintenance procedure adherence (Maintenance Crew)"", ""Failure to verify installation per manufacturer specifications (Maintenance Crew)""], ""unsafe_skill"": [""Company mechanics improperly installed the right elevator trim control wheel, failing to align the movable backstop tip correctly within the cursor gearing as required by Embraer Maintenance Manual MM 27-32-03"", ""Maintenance personnel performed an inadequate corrective action on August 11, 2000, merely lubricating the trim wheel instead of removing and inspecting it to verify proper installation after a reported discrepancy""]}","[{""subject"": ""unsafe_skill"", ""relation"": ""LEADS_TO"", ""object"": ""situational_tech"", ""evidence"": ""the improper installation of the right elevator trim control wheel by company mechanics, which resulted in an elevator trim malfunction""}]",success
20001212X21656,[],"{""situational_tech"": [""Inadequate weld quality on tow bar (Maintenance/Unknown person)""], ""unsafe_skill"": [""Inadequate weld of the tow bar by an unknown person""]}",[],success
20001212X21686,[],"{""operator_mental"": [""Complacency (Captain)"", ""Loss of Situational Awareness (First Officer)""], ""personnel_crm"": [""Failed to Coordinate (Crew)""], ""unsafe_decision"": [""Captain: 'radar was indicating cells to the west of their course, but not along their flight path' and continued descent through IMC without requesting deviation or holding despite 'unexpected moderate to severe turbulence'""]}",[],success
20001212X21738,[],"{""operator_mental"": [""Loss of Situational Awareness (Pilot in Command)""], ""situational_tech"": [""Equipment Design/Performance Limitation (Weather Radar) (Pilot in Command)""], ""unsafe_decision"": [""Flight crew chose to deviate left into a layer of stratus clouds and remained in the area despite rapidly developing convective activity, leading to an inadvertent encounter with severe turbulence""]}",[],success
20001212X21420,[],"{""operator_mental"": [""Loss of Situational Awareness (Captain)""], ""personnel_crm"": [""Failed to Coordinate (Flight Attendants)""], ""unsafe_decision"": [""Captain: 'The captain and I both immediately scanned outside in an attempt to visually acquire the traffic, though we were clear of clouds it was a dark evening and neither of us could spot the traffic.' (Failure to maintain cabin safety protocols/seatbelt sign during descent where turbulence/conflict risk exists)""]}",[],success
20001212X22049,[],"{""operator_mental"": [""Complacency (Maintenance Mechanic)""], ""personnel_readiness"": [""Inadequate Preparation/Training (Maintenance Mechanic)""], ""unsafe_skill"": [""Failure to detect failed nozzle locks during the zone inspection (Maintenance Mechanic): The narrative states that 'the zonal inspection work card did not indicate that there were any anomalies with the nozzle locks' and explicitly identifies as a factor 'the failure of the mechanic to detect any failed 2nd state nozzle locks during the zone inspection', despite the inspection being described as a general visual check where specific reference was lacking.""]}","[{""subject"": ""unsafe_perception"", ""relation"": ""LEADS_TO"", ""object"": ""unsafe_decision"", ""evidence"": ""A factor was the failure of the mechanic to detect any failed 2nd state nozzle locks during the zone inspection.""}, {""subject"": ""unsafe_decision"", ""relation"": ""LEADS_TO"", ""object"": ""unsafe_violation"", ""evidence"": ""Continental issued TR No. 00-72-01... to permit the engine to continue in service until the next shop visit with one 3rd- and 4th-stage nozzle lock broken; however, it did not permit continued service of the engine if any 2nd-stage nozzle locks were broken""}]",success
20001212X22032,[],"{""operator_mental"": [""Complacency (Maintenance Mechanic)""], ""personnel_crm"": [""Failed to Coordinate (Airline Maintenance Control / Dispatcher)""], ""personnel_readiness"": [""Inadequate Preparation (Maintenance Crew)""], ""unsafe_decision"": [""Maintenance personnel marked the emergency extension system check as 'N/A' on the task card following actuator installation, failing to perform a required operational check that would have detected the hydraulic leakage"", ""Overhaul facility failed to replace or properly hone/lap the shuttle valve and end cap during overhaul, resulting in excessive clearance not detected by functional testing""]}",[],success
20001212X22037,[],"{""operator_mental"": [""Complacency (Flight Attendants)"", ""Loss of Situational Awareness (Pilot Flying)""], ""personnel_crm"": [""Failed to Coordinate (Crew/Flight Attendants)""], ""unsafe_decision"": [""Flight attendants were in the galleys and aisles performing cabin duties associated with the beginning of descent (despite seat belt sign being ON for 10 minutes)""]}",[],success
20001212X22040,[],"{""operator_mental"": [""Complacency (Passenger)""], ""unsafe_decision"": [""Flight crew maneuvering around weather cells in severe turbulence without adequate avoidance or speed reduction, resulting in injury""]}",[],success
20001212X22065,[],"{""operator_mental"": [""Distraction (Tug Operator)""], ""personnel_crm"": [""Failed to Coordinate (Wing Walkers and Tug Operator)""], ""unsafe_skill"": [""Tug operator was looking at the other wing walker instead of maintaining visual contact with the signaling wing walker, resulting in a breakdown in visual scan and failure to prioritize attention on the immediate hazard""], ""unsafe_perception"": [""Tug operator misjudged the distance between the aircraft rudder and the parked MD-80, stating 'when I hit the brake it was too late', indicating an inability to accurately perceive spatial proximity during the pushback maneuver""]}",[],success
20001212X21929,[],"{""personnel_crm"": [""Failed to Communicate (Repair Station/Manufacturer)""], ""personnel_readiness"": [""Inadequate Inspection Procedures (Maintenance Personnel)""], ""unsafe_skill"": [""Inadequate inspection procedures prior to the issuance of a service bulletin (Maintenance/Repair Station Personnel)""]}",[],success
20001212X22066,[],"{""operator_mental"": [""Haste (Belt-loader operator)"", ""Loss of Situational Awareness (Belt-loader operator)""], ""personnel_crm"": [""Failed to Coordinate (Belt-loader operator and Flight Crew)""], ""unsafe_decision"": [""Belt-loader operator made an improper decision to depress the vehicle's accelerator in the proximity of the airplane when the control stick did not move, resulting in loss of control""]}","[{""subject"": ""unsafe_decision"", ""relation"": ""LEADS_TO"", ""object"": ""unsafe_skill"", ""evidence"": ""The operator's loss of control of the belt-loader, due to his improper decision to depress the vehicle's accelerator in the proximity of the airplane.""}]",success
20001212X22103,[],"{""operator_mental"": [""Complacency (Maintenance Personnel)""], ""situational_tech"": [""Equipment Design (Continental Airlines Engineering/Management)""], ""unsafe_decision"": [""Maintenance personnel: 'The FCD required maintenance personnel to drill two small pilot holes... There is no mention in the FCD of steps that should be taken to insure that no damage is done to items on the other side of the wall either during the drilling process or by the screws themselves once they are inserted into the holes.' (Failure to assess risk/verify clearance before installation, leading to wire damage)""]}",[],success
20001212X22091,[],"{""operator_mental"": [""Complacency (Captain)"", ""Loss of Situational Awareness (Captain)""], ""personnel_crm"": [""Failed to Coordinate (Crew)""], ""unsafe_decision"": [""The crew heard a 'thump' type of noise while taxiing... attributed the noise to the airplane tires running over a rut. The captain continued taxiing.""]}",[],success
20001212X22163,[],"{""operator_limits"": [""Inexperience in make and model (First Officer: 149 hours type time)""], ""personnel_readiness"": [""Inadequate maintenance oversight/inspection standards (Maintenance Crew/Organization: failure to detect excessive bearing wear during CAM inspection)""], ""unsafe_decision"": [""Maintenance personnel installed the engine and released it for service despite the gearbox diaphragm's bull gear bearing bore being over the allowable wear limit, failing to identify or correct a critical dimensional defect that led to component shift and failure (Maintenance Crew)""]}",[],success
20001212X22101,[],"{""operator_mental"": [""Loss of Situational Awareness (Captain)"", ""Complacency (First Officer)""], ""personnel_crm"": [""Failed to Coordinate (Captain and First Officer)""], ""unsafe_decision"": [""The crew activated the power steering system with a derived ground speed of about 40 to 50 knots... The Decoto Power Steering System flight manual supplement states: 'Use of power steering is limited to taxi operations only.' (Captain/First Officer)""]}","[{""subject"": ""unsafe_decision"", ""relation"": ""LEADS_TO"", ""object"": ""unsafe_violation"", ""evidence"": ""The Flight Data Recorder revealed that the crew activated the power steering system with a derived ground speed of about 40 to 50 knots. The Decoto Power Steering System flight manual supplement states: 'Use of power steering is limited to taxi operations only.'""}, {""subject"": ""unsafe_violation"", ""relation"": ""LEADS_TO"", ""object"": ""unsafe_skill"", ""evidence"": ""The flight crew's failure to maintain directional control during the landing roll.""}]",success
20001212X22245,[],"{""operator_mental"": [""Loss of Situational Awareness (Boeing Captain)""], ""personnel_crm"": [""Failed to Coordinate (Boeing Captain)""], ""unsafe_perception"": [""The Boeing captain was aware the CRJ's location, and believed he had adequate clearance... The Boeing captain's misjudgment of the distance between his airplane and the CRJ.""]}","[{""subject"": ""unsafe_perception"", ""relation"": ""LEADS_TO"", ""object"": ""unsafe_decision"", ""evidence"": ""The Boeing captain was aware the CRJ's location, and believed he had adequate clearance.""}, {""subject"": ""situational_tech"", ""relation"": ""CO_OCCURS_WITH"", ""object"": ""unsafe_perception"", ""evidence"": ""A factor was the nighttime conditions.""}]",success
20001220X45467,[],"{""personnel_crm"": [""Failed to Coordinate (Captain/First Officer allowed cabin service to resume prematurely despite known turbulence forecast and recent encounters)"", ""Failed to Communicate (Flight attendants initiated service based on perceived smoothness without verifying with cockpit or adhering to strict 'no service' protocol during descent)""], ""personnel_readiness"": [""Inadequate Preparation (Cabin crew failed to secure beverage cart and return to seats before turbulence encounter, indicating poor readiness for the anticipated weather conditions)""], ""unsafe_decision"": [""Captain: 'the captain advised them to \""use their best judgment regarding whether or not to continue cabin service at that time\""' (delegating safety-critical decision to flight attendants during known turbulence conditions)"", ""Flight Attendants: 'The flight attendants in the aft galley then called and reported that it had smoothed out enough for cabin service to begin... The flight attendants then began cabin service.' (resuming service based on local perception despite ongoing forecasted turbulence and previous instructions to use caution)""]}","[{""subject"": ""unsafe_decision"", ""relation"": ""LEADS_TO"", ""object"": ""unsafe_skill"", ""evidence"": ""The flight attendants were in the process of attempting to stow a beverage cart in the aft galley when the aircraft encountered turbulence that momentarily subjected the aircraft to negative G forces.""}, {""subject"": ""personnel_readiness"", ""relation"": ""LEADS_TO"", ""object"": ""unsafe_decision"", ""evidence"": ""The captain advised them to 'use their best judgment regarding whether or not to continue cabin service at that time.'""}]",success
20001212X22266,[],"{""operator_mental"": [""Loss of Situational Awareness (Captain)""], ""unsafe_decision"": [""Captain: The Captain decided to continue the approach for landing after impacting a flock of geese at 600 feet, despite significant damage including holes in the fuselage and debris striking a passenger.""]}",[],success
20001212X22320,[],"{""personnel_crm"": [""Failure of Leadership (Captain)"", ""Failed to Communicate (Captain)""], ""personnel_readiness"": [""Inadequate Preparation (Captain)""], ""unsafe_decision"": [""Captain's inadequate briefing to the cabin crew regarding known turbulence"", ""Failure to provide warning from cockpit of rough air/turbulence during descent""]}","[{""subject"": ""unsafe_decision"", ""relation"": ""LEADS_TO"", ""object"": ""personnel_crm"", ""evidence"": ""the captain's inadequate briefing to the cabin crew""}, {""subject"": ""unsafe_perception"", ""relation"": ""CO_OCCURS_WITH"", ""object"": ""unsafe_decision"", ""evidence"": ""insufficient information about the known turbulence that would be encountered during descent""}]",success
20001212X22314,[],"{""operator_mental"": [""Haste (Flight Crew)"", ""Task Saturation (Flight Crew)""], ""situational_tech"": [""Equipment Design: Absence of pressure relief system on cabin doors (Aircraft Manufacturer/Operator)"", ""Interface: RAM AIR switch indication misleading in manual mode (Aircraft Manufacturer)"", ""Equipment Design: Cabin altimeter lacked mechanical stop for negative range (Aircraft Manufacturer)""], ""personnel_crm"": [""Failed to Coordinate: Flight crew did not complete required checklists before evacuation command (Flight Crew)""], ""unsafe_decision"": [""Flight crew: 'The flight crew stated that they did not complete the procedure for switching to manual pressurization.' (Failure to follow abnormal checklist procedures during an emergency)"", ""Maintenance personnel: 'American Airlines-manufactured insulation blankets did not have fasteners for securing the insulation blankets as recommended in Airbus data.' (Improper maintenance work leading to component failure)""]}","[{""subject"": ""unsafe_decision"", ""relation"": ""LEADS_TO"", ""object"": ""unsafe_violation"", ""evidence"": ""The flight crew stated that they did not complete the procedure for switching to manual pressurization... The flight crew stated they did not have time to complete this procedure because they were on final approach when the captain declared an emergency.""}, {""subject"": ""unsafe_violation"", ""relation"": ""LEADS_TO"", ""object"": ""situational_tech"", ""evidence"": ""resulting in the airplane having an excessive cabin pressure level after landing which led to a rapid decompression of the airplane when a flight attendant opened door and was ejected out of the airplane""}, {""subject"": ""personnel_readiness"", ""relation"": ""LEADS_TO"", ""object"": ""unsafe_decision"", ""evidence"": ""The flight crew was not aware that the RAM AIR switch would not open the outflow valves if the pressurization system was being operated in manual mode.""}]",success
20010108X00056,[],"{""personnel_crm"": [""Maintenance personnel failed to communicate the missing drip shield status or ensure its reinstallation after removal, leading to a latent defect""], ""personnel_readiness"": [""Ground crew performed inadequate lavatory servicing by failing to completely drain the waste tank, resulting in fluid overflow and contamination of electrical connectors""], ""unsafe_decision"": [""Maintenance crew: Failed to ensure reinstallation of the shield over the fuselage station 237 disconnect panel, leaving electrical connectors exposed to lavatory fluid leakage."", ""Ground crew/Maintenance: Inadequate servicing of the lavatory (failure to completely drain waste tank), leading to overflow and contamination of electrical components.""]}",[],success
20010105X00035,[],"{""situational_tech"": [""Equipment Design (Maintenance/Manufacturing): Improper clamping of wire bundle causing insulation chafing/crushing, leading to arc tracking and flashover""], ""unsafe_decision"": [""Maintenance/Installation Personnel: 'improper clamping' of the wire bundle, specifically using a clamp (LS9345-7) that was too small for the bundle, resulting in insulation chafing/crimping and subsequent electrical arcing""]}",[],success
20010108X00063,[],"{""operator_mental"": [""Complacency (JFK Airport Maintenance Personnel)""], ""personnel_crm"": [""Failed to Coordinate (FAA and Port Authority of New York and New Jersey)""], ""unsafe_decision"": [""JFK facility maintenance electricians decided to only visually inspect the in-ground light fixtures and not lift the cover to inspect the integrity of securing bolts, despite knowing the bolts were on the underside and required removal for inspection.""]}",[],success
20010104X00013,[],"{""operator_mental"": [""Loss of Situational Awareness (Captain)""], ""personnel_crm"": [""Failed to Coordinate (Captain and First Officer)""], ""unsafe_skill"": [""The captain's failure to maintain the proper glide path""]}",[],success
20010117X00316,[],"{""operator_mental"": [""Complacency (van driver)"", ""Distraction (van driver)""], ""personnel_crm"": [""Failed to Coordinate (van driver and ground crew/airline personnel)""], ""unsafe_skill"": [""The vehicle driver's inadvertent failure to place the column shifter into the parking gear (Van Driver)""]}",[],success
20010110X00085,[],"{""personnel_crm"": [""ATC controller failed to communicate urgent turbulence PIREP timely due to radio contact delay"", ""Flight crew failed to establish radio contact with Anchorage ARTCC in a timely manner""], ""personnel_readiness"": [""Anchorage ARTCC personnel lacked adequate CPDLC software/procedures for efficient data link communication""], ""unsafe_decision"": [""Anchorage ARTCC controller: Delayed transmission of urgent PIREP due to delay in establishing radio contact, resulting in insufficient time for crew reaction""]}",[],success
20001226X45475,[],"{""personnel_crm"": [""Failed to Coordinate (Captain)""], ""unsafe_decision"": [""Flight attendant: Continued to secure service carts and move through the cabin after receiving explicit instruction to be seated 'now' in anticipation of turbulence, resulting in injury during a vertical drop.""]}",[],success
20001212X21909,[],"{""operator_mental"": [""Complacency (Flight Attendant)""], ""personnel_crm"": [""Failed to Coordinate (Captain, Flight Attendant)""], ""unsafe_decision"": [""Flight Attendant's decision to continue cabin duties and leave her seat during intermittent turbulence""]}",[],success
20020204X00171,"[{""text"": ""ground controller"", ""role"": ""ATC"", ""tier"": ""unsafe_decision""}, {""text"": ""Turkish Airlines flight 6 captain"", ""role"": ""Pilot"", ""tier"": ""unsafe_perception""}]","{""operator_mental"": [""Loss of Situational Awareness (Turkish Airlines Captain)"", ""Channelized Attention (ATC Ground Controller)""], ""personnel_crm"": [""Failed to Coordinate (ATC Ground Controller)"", ""Misinterpretation of Traffic Calls (ATC Ground Controller)""], ""unsafe_decision"": [""The ground controller disregarding the pilot of the other airplane's warning of the unsafe/hazardous situation... and instructed THY6 to continue taxiing despite the captain stating 'we were unable to move ahead' and 'not possible'."", ""Turkish Airlines flight 6 captain started to taxi then decided they could not get around NWA flight 142, but had already initiated movement in poor visibility (snow/mist) with a known obstruction.""], ""unsafe_perception"": [""The Turkish Airlines flight 6 captain misjudged the clearance and maneuverability required to pass the stopped DC-9 on snow-covered taxiways, leading to the statement 'I can't see back there... We started, then said no, not possible.'""]}","[{""subject"": ""unsafe_decision"", ""relation"": ""LEADS_TO"", ""object"": ""unsafe_perception"", ""evidence"": ""The ground controller disregarding the pilot's warning of the unsafe/hazardous situation... and instructed THY6 to continue taxiing, leading to the captain's failure to maintain clearance.""}]",success
20001212X20648,[],"{""operator_mental"": [""Complacency (First Officer): The first officer released the gust lock without holding the control yoke firmly, relying on the assumption that no abnormal movement would occur despite strong winds and a known procedure deviation.""], ""personnel_crm"": [""Failed to Coordinate (Captain & First Officer): The crew failed to coordinate the release of the gust lock with adequate caution; the captain delegated the task without ensuring the first officer was holding the controls firmly, and the first officer did not communicate or verify the safety of the action before releasing.""], ""personnel_readiness"": [""Inadequate Preparation (Maintenance Personnel): Maintenance personnel failed to detect the missing elevator stop bumper during preflight inspection, allowing an unsafe condition to persist into flight operations.""], ""unsafe_skill"": [""First officer released the gust lock... I didn't feel anything different (implied failure to hold control wheel firmly as per standard practice/manufacturer caution, resulting in unrestrained travel)""]}",[],success
20010112X00292,[],"{""operator_mental"": [""Loss of Situational Awareness (Captain)"", ""Channelized Attention (Captain)""], ""personnel_crm"": [""Failed to Coordinate (First Officer)""], ""unsafe_decision"": [""Misdiagnosed Emergency (Captain): The captain interpreted the red beta light as a system malfunction prohibiting reverse thrust, leading to an improper power management decision that resulted in positive thrust and excessive rollout speed."", ""Improper Procedure (Captain): The pilot reduced power by pulling levers aft to flight idle stop, then inadvertently continued through the beta range into flight idle (positive thrust) instead of selecting ground idle/beta for aerodynamic braking.""]}","[{""subject"": ""unsafe_perception"", ""relation"": ""LEADS_TO"", ""object"": ""unsafe_decision"", ""evidence"": ""The pilot noticed, and responded to a red beta light indication... The pilot pushed the power levers forward of the reverse range""}, {""subject"": ""unsafe_decision"", ""relation"": ""LEADS_TO"", ""object"": ""unsafe_skill"", ""evidence"": ""inadvertently continued through the beta range, where aerodynamic braking was optimum. The power levers continued beyond the flight idle gate into flight idle, a positive thrust setting.""}, {""subject"": ""unsafe_skill"", ""relation"": ""LEADS_TO"", ""object"": ""operator_limits"", ""evidence"": ""resulted in an excessive rollout speed and an inability to stop the airplane before it reached the end of the runway""}]",success
20001215X45420,[],"{""personnel_readiness"": [""Inadequate maintenance procedure (ECO) for Omega cable removal by American Airlines Maintenance/Engineering""], ""unsafe_decision"": [""Maintenance personnel: 'The cable ends were not protected or grounded... According to the procedure, the cable ends were to be covered with heat shrink tubing or other suitable material.' (Failure to follow the specific ECO requirement to protect cut cables during partial removal)""]}","[{""subject"": ""unsafe_violation"", ""relation"": ""LEADS_TO"", ""object"": ""situational_tech"", ""evidence"": ""the operator's inadequate maintenance procedure to disconnect the Omega navigational system, which resulted in coaxial cables being cut and not properly protected""}]",success
20001212X21253,[],"{""operator_limits"": [""Inexperience in type (First Officer had only 61 hours DC-9 time, below the 100-hour requirement for special airports)""], ""personnel_crm"": [""Failure to communicate limitations (First Officer failed to inform Captain of his lack of required experience)"", ""Failure of leadership/supervision (Captain failed to verify First Officer's qualifications and allowed him to land at a restricted airport)""], ""unsafe_skill"": [""First Officer: 'delayed and misjudged landing flare resulting in a tail strike and hard landing'""], ""unsafe_violation"": [""Captain: 'authorized the first officer to fly the route between Honolulu and Lihue' despite the First Officer having less than 100 hours experience, violating company policy that prohibits such landings at special airports"", ""First Officer: 'failed to advise the captain if he does not have the 100 hours experience in the DC-9', failing to disclose his limitation as required by operator policy""]}","[{""subject"": ""personnel_readiness"", ""relation"": ""LEADS_TO"", ""object"": ""unsafe_skill"", ""evidence"": ""The first officer had only about 61 hours of DC-9 experience, which was below the required 100 hours for special airports, and his performance during training was problematic.""}, {""subject"": ""personnel_readiness"", ""relation"": ""LEADS_TO"", ""object"": ""unsafe_decision"", ""evidence"": ""The first officer's relative inexperience flying the type of airplane contributed to his delayed and misjudged landing flare.""}, {""subject"": ""personnel_readiness"", ""relation"": ""LEADS_TO"", ""object"": ""unsafe_violation"", ""evidence"": ""Because he only had about 61 of the requisite 100 hours of DC-9 flying experience, he was not authorized to land at the Lihue Airport.""}, {""subject"": ""personnel_readiness"", ""relation"": ""LEADS_TO"", ""object"": ""unsafe_perception"", ""evidence"": ""The first officer failed to recognize his limitation and did not inform the captain of his lack of required experience.""}, {""subject"": ""personnel_readiness"", ""relation"": ""LEADS_TO"", ""object"": ""unsafe_decision"", ""evidence"": ""The captain authorized the first officer to fly the route despite the first officer's insufficient experience for special airports.""}, {""subject"": ""personnel_readiness"", ""relation"": ""LEADS_TO"", ""object"": ""unsafe_violation"", ""evidence"": ""The captain and the first officer failed to adhere to required company procedures and Federal Aviation Regulations regarding pilot experience requirements.""}, {""subject"": ""personnel_readiness"", ""relation"": ""LEADS_TO"", ""object"": ""unsafe_perception"", ""evidence"": ""The captain did not enter a write-up in the logbook and failed to recognize the severity of the tail strike, believing there was no damage.""}, {""subject"": ""personnel_readiness"", ""relation"": ""LEADS_TO"", ""object"": ""unsafe_decision"", ""evidence"": ""The captain authorized the first officer to fly the route between Honolulu and Lihue during which no mechanical abnormalities were experienced, despite the first officer's inexperience.""}, {""subject"": ""personnel_readiness"", ""relation"": ""LEADS_TO"", ""object"": ""unsafe_violation"", ""evidence"": ""The captain and the first officer failed to adhere to required company procedures and Federal Aviation Regulations regarding pilot experience requirements.""}, {""subject"": ""personnel_readiness"", ""relation"": ""LEADS_TO"", ""object"": ""unsafe_perception"", ""evidence"": ""The captain did not enter a write-up in the logbook and failed to recognize the severity of the tail strike, believing there was no damage.""}]",success
20001212X20847,[],"{""personnel_crm"": [""Failed to Communicate (Captain failed to use standard terminology 'moderate' or 'severe' as required by manual, leading to underestimation of risk)"", ""Failed to Coordinate (Flight attendants continued service and delayed securing cabin due to lack of clear urgency/standardized protocol communication)""], ""personnel_readiness"": [""Inadequate Preparation (Captain failed to conduct proper pre-flight briefing with standard turbulence terminology as required by InFlight Operations Manual)""], ""unsafe_decision"": [""Captain failed to convey sufficient urgency regarding the timing of securing the cabin, leading to a delay in flight attendants taking their seats"", ""Flight attendants did not fasten their seatbelts immediately despite being informed of expected turbulence and the crew's instruction to secure the cabin""]}",[],success
20001212X20553,[],"{""operator_mental"": [""Misplaced Motivation (Driver)"", ""Distraction (Driver)""], ""personnel_crm"": [""Failed to Coordinate (Ground Crew/Supervisor)""], ""unsafe_skill"": [""The driver of a catering truck... drove erratically, and struck the right wing of the airplane (Catering Truck Driver)""]}",[],success
20001212X20713,[],"{""operator_mental"": [""Haste (Tug Driver)"", ""Loss of Situational Awareness (Tug Driver)""], ""personnel_crm"": [""Failed to Coordinate (Ground Pushback Crew)""], ""unsafe_decision"": [""Tug driver's decision to 'ease him to a comfortable stop' rather than applying hard brakes immediately upon receiving stop signals from the three ground walkers, resulting in insufficient stopping distance and collision.""]}","[{""subject"": ""unsafe_decision"", ""relation"": ""LEADS_TO"", ""object"": ""unsafe_skill"", ""evidence"": ""I did not want to jam on the brakes and bring him to a hard stop, so I tried to ease him to a comfortable stop....""}]",success
20001212X21299,[],"{""personnel_readiness"": [""Inadequate preparation by maintenance personnel (failure to verify hydraulic line orientation and perform required functional checks after valve replacement)""], ""unsafe_skill"": [""Maintenance personnel had improperly installed the landing gear service valve ... by reversing two hydraulic lines""]}",[],success
20001220X45463,[],"{""operator_limits"": [""Visual Limitation (Pilot-in-Command)""], ""personnel_crm"": [""Failed to Coordinate (Airport Authority / Runway Inspection Crew)""], ""unsafe_perception"": [""The flight crew failed to detect the deer on the runway during the landing roll, resulting in a collision (Flight Crew)""]}",[],success
20010205X00392,[],"{""situational_tech"": [""Equipment Design (EICAS misleading indication of symmetrical spoiler deployment despite actual asymmetry)"", ""Interface (Confusing EICAS message 'Flight Spoiler Deploy' vs specific side failure, forcing checklist ambiguity)""], ""personnel_crm"": [""Failed to Coordinate (Pilot and Maintenance/Operations personnel struggled with ambiguous troubleshooting due to system limitations)""], ""unsafe_violation"": [""Comair maintenance personnel failed to comply with Service Bulletin A601R-57-027 requiring non-destructive testing of the spoiler lug, allowing a known fatigue-prone component to remain in service""]}",[],success
20010226X00510,[],"{""operator_mental"": [""Distraction (Tug Operator)"", ""Loss of Situational Awareness (Tug Operator)""], ""personnel_crm"": [""Failed to Coordinate (Tug Operator / Wing-walker)""], ""unsafe_skill"": [""The tug operator was 'watching the nosewheel and tow bar,' and was distracted by other vehicle movements. The tug operator also lost sight of the Boeing at that time.""]}",[],success
20010223X00504,"[{""text"": ""Captain"", ""role"": ""Pilot in Command"", ""tier"": ""unsafe_skill""}, {""text"": ""First Officer"", ""role"": ""Co-Pilot"", ""tier"": ""unsafe_skill""}, {""text"": ""Maintenance Personnel"", ""role"": ""Maintenance Crew"", ""tier"": ""unsafe_decision""}]","{""operator_mental"": [""Distraction (Captain)"", ""Loss of Situational Awareness (First Officer)""], ""personnel_crm"": [""Failed to Coordinate (Captain and First Officer)"", ""Failure of Leadership (Captain)""], ""unsafe_skill"": [""Omitted Checklist Step (Captain): 'The checklist was then interrupted by a cockpit visitor and a non-pertinent conversation took place for 3 1/2 minutes. When the checklist was resumed, several items had been missed.'"", ""Failed to Prioritize Attention (Captain & First Officer): 'As the first engine was being started, the captain initiated another non-pertinent conversation with the first officer... neither pilot detected that the engines were accelerating above normal idle.'""], ""unsafe_decision"": [""Improper Procedure (Maintenance Personnel): 'American Airlines maintenance procedures did not require the throttles to be returned to the idle position at the completion of the maintenance test.'"", ""Poor Decision (Captain): 'The captain initiated the BEFORE STARTING ENGINES checklist without either pilot first completing a cockpit flow setup as required by company procedures.'""]}","[{""subject"": ""unsafe_decision"", ""relation"": ""LEADS_TO"", ""object"": ""unsafe_skill"", ""evidence"": ""American Airlines maintenance procedures did not require the throttles to be returned to the idle position at the completion of the maintenance test.""}, {""subject"": ""unsafe_decision"", ""relation"": ""LEADS_TO"", ""object"": ""unsafe_perception"", ""evidence"": ""The captain reported that he thought the throttles were at idle and then touched them, and was surprised that they moved to the idle position.""}, {""subject"": ""unsafe_skill"", ""relation"": ""LEADS_TO"", ""object"": ""unsafe_perception"", ""evidence"": ""Although company checklist procedures made both pilots responsible for ensuring a normal start, neither pilot detected that the engines were accelerating above normal idle.""}]",success
20010214X00449,[],"{""operator_mental"": [""Loss of Situational Awareness (Captain)"", ""Complacency (First Officer)""], ""personnel_crm"": [""Failed to Coordinate (Captain and First Officer)"", ""Failure of Leadership (Captain)""], ""unsafe_skill"": [""Omitted Checklist Step (Captain and First Officer): The crew failed to lower the landing gear or check its position as required on the flaps-up landing checklist, normal landing checklist, and final checklist."", ""Failed to Prioritize Attention (First Officer): The FO reported that a nonstandard note was affixed near the gear handle warning not to cancel the gear warning horn, but since it was not officially documented as an MEL item, its validity was questionable, leading to potential confusion or disregard of the critical safety cue.""], ""unsafe_decision"": [""Improper Procedure (Captain): The captain did not have the most current inoperative flap system MEL revision prior to the accident flight and relied on an outdated version that only issued a cautionary statement rather than requiring a placard, contributing to the failure to properly manage the gear warning horn.""]}","[{""subject"": ""unsafe_decision"", ""relation"": ""LEADS_TO"", ""object"": ""unsafe_violation"", ""evidence"": ""The flightcrew not complying with the required minimum equipment list placard that prohibited the silencing of the landing gear warning horn.""}, {""subject"": ""unsafe_perception"", ""relation"": ""LEADS_TO"", ""object"": ""unsafe_violation"", ""evidence"": ""The crew did not lower the landing gear or check the landing gear position as required on the flaps-up landing checklist, the normal landing checklist, and final checklist.""}, {""subject"": ""personnel_readiness"", ""relation"": ""LEADS_TO"", ""object"": ""unsafe_perception"", ""evidence"": ""The captain did not have the most current inoperative flap system MEL revision prior to the accident flight... The previous revision issued only a cautionary statement, 'Do not silence the landing gear warning horn.'""}]",success
20010216X00462,[],"{""operator_mental"": [""Loss of Situational Awareness (Ramp serviceman)""], ""personnel_crm"": [""Failed to Coordinate (Ramp serviceman)""], ""unsafe_decision"": [""The vehicle driver's improper decision to pass behind an aircraft with operating engines, which resulted in an encounter with jet blast.""]}",[],success
20010307X00558,[],"{""situational_tech"": [""Equipment Design (Elevator trim actuator seal failure allowing moisture ingress)"", ""Automation (Autopilot interaction with frozen/thawing trim system)""], ""personnel_crm"": [""Failed to Coordinate (Maintenance personnel failed to address known recurring defect despite SDR history and manufacturer warnings)""], ""unsafe_decision"": [""Skywest maintenance personnel suspected frozen trim... Skywest maintenance records indicate that both unmodified (Part Number 5299) and modified (Part Number 5299-1) actuators experienced problems""]}",[],success
20010308X00561,"[{""text"": ""the flightcrew"", ""role"": ""pilot"", ""tier"": ""unsafe_decision""}, {""text"": ""the pilot"", ""role"": ""pilot"", ""tier"": ""unsafe_perception""}]","{""operator_mental"": [""Loss of Situational Awareness (Captain)"", ""Complacency (First Officer)""], ""personnel_crm"": [""Failed to Coordinate (Flight Crew)"", ""Failure of Leadership (Captain)""], ""unsafe_decision"": [""The flight crew's decision to continue the approach and land on runway 8 without conducting a required briefing or assessing the reduced landing distance available due to construction (Captain/First Officer)"", ""Failure of the flightcrew to conduct a briefing for the approach to runway eight, which is explicitly cited as a factor in the incident (Captain/First Officer)""], ""unsafe_perception"": [""The pilot's misjudgment of distance, which resulted in a runway overrun (Captain)"", ""Misjudged Distance regarding the touchdown point and stopping margin on the shortened visual runway (Captain/First Officer)""]}","[{""subject"": ""unsafe_decision"", ""relation"": ""LEADS_TO"", ""object"": ""unsafe_perception"", ""evidence"": ""A factor in the incident was the failure of the flightcrew to conduct a briefing for the approach to runway eight... the pilot's misjudgment of distance""}]",success
20010329X00669,[],"{""operator_mental"": [""Complacency (Maintenance Personnel)"", ""Loss of Situational Awareness (Maintenance Personnel)""], ""personnel_crm"": [""Failed to Coordinate (Maintenance Personnel & Flight Crew)""], ""unsafe_decision"": [""Maintenance personnel performed the de-ice and preflight inspection, noting a 'pink puddle' in the #2 engine bellmouth but failed to investigate or remove it as required by the warning that fluid collection indicates ice formation, resulting in an unsafe release of the aircraft.""]}","[{""subject"": ""unsafe_perception"", ""relation"": ""LEADS_TO"", ""object"": ""unsafe_decision"", ""evidence"": ""The maintenance personnel that performed the de-ice procedure and the preflight inspection, said that a puddle of de-ice fluid was visible in the #2 engine bellmouth area... The inadequate de-ice and preflight inspection procedure... resulted in ice ingestion""}, {""subject"": ""unsafe_decision"", ""relation"": ""LEADS_TO"", ""object"": ""unsafe_violation"", ""evidence"": ""Examination of the airplane revealed that the heated bellmouth drain-line modification that was noted in the logbook, had not been completed.""}]",success
20010322X00633,[],"{""situational_tech"": [""Equipment Design (Pratt & Whitney JT8D-219 engine design flaw leading to blade shroud fracture and subsequent imbalance)""], ""unsafe_decision"": [""Maintenance personnel continued the engine in service under a '50-cycle continue-in-service limit' despite known issues with fractured shrouds, which was insufficient to prevent the subsequent catastrophic imbalance and failure.""]}",[],success
20010319X00608,"[{""text"": ""First Officer"", ""role"": ""Pilot"", ""tier"": ""unsafe_skill""}, {""text"": ""Captain"", ""role"": ""Pilot"", ""tier"": ""unsafe_skill""}, {""text"": ""First Officer"", ""role"": ""Pilot"", ""tier"": ""unsafe_decision""}, {""text"": ""Captain"", ""role"": ""Pilot"", ""tier"": ""unsafe_decision""}]","{""operator_mental"": [""Channelized Attention (Captain)"", ""Complacency (First Officer)""], ""situational_tech"": [""Interface (Inconsistent trim data display between ACARS, ECAM, and Trim Wheel)"", ""Equipment Design (Fly-by-wire latency/rate limiting contributing to PIO)""], ""personnel_crm"": [""Failed to Back-up (Captain failed to cross-check/verify First Officer's trim setting during taxi checklist)"", ""Failed to Coordinate (Crew failed to resolve V-speed discrepancy due to missing data for full runway length)""], ""unsafe_skill"": [""The first officer set the stabilizer trim to negative 1.7 when it should have been positive 1.7, and the captain failed to identify this error during the cross-check in the taxi checklist"", ""The flight crew used incorrect V-speeds (V1-138, Vr-144) for a full-length runway takeoff instead of the correct speeds (V1-145, Vr-148), leading to an improper abort decision and loss of control""], ""unsafe_decision"": [""The captain aborted the takeoff at high speed despite being trained not to perform such maneuvers, believing the aircraft would be uncontrollable due to pitch oscillations"", ""The flight crew selected V-speeds for a shorter runway intersection (6,800 feet) rather than the full 8,500-foot runway they were cleared for takeoff on""]}","[{""subject"": ""unsafe_skill"", ""relation"": ""LEADS_TO"", ""object"": ""unsafe_decision"", ""evidence"": ""The first officer set the stabilizer trim to negative 1.7 based on a misinterpretation of the ACARS data, and the captain failed to identify this error during the cross-check, leading to an unsafe decision to proceed with takeoff.""}, {""subject"": ""unsafe_decision"", ""relation"": ""LEADS_TO"", ""object"": ""unsafe_skill"", ""evidence"": ""The decision to continue the takeoff despite abnormal pitch behavior resulted in pilot-induced oscillations (PIO) as the captain pushed the stick forward to the stop, exacerbating the situation.""}]",success
20020124X00119,[],"{""operator_mental"": [""Loss of Situational Awareness (Captain)"", ""Channelized Attention (First Officer)""], ""situational_tech"": [""Automation (Autopilot trim behavior masking ice accumulation)"", ""Equipment Design (Attitude Heading Computer failure during upset)""], ""unsafe_decision"": [""Flight crew failed to maintain airspeed during an encounter with severe icing conditions, resulting in an inadvertent stall"", ""First officer switched deicing systems from 'light' to 'heavy' and propeller deicing from 'norm' to 'cold' only immediately before the upset, indicating a delayed response to accumulating ice""]}","[{""subject"": ""unsafe_decision"", ""relation"": ""LEADS_TO"", ""object"": ""unsafe_perception"", ""evidence"": ""The first officer stated that immediately before the upset occurred, he switched the leading-edge deicing system inflation cycles switch from \""light\"" to \""heavy\""... because he saw \""more ice accumulation than he had ever seen\""""}, {""subject"": ""unsafe_perception"", ""relation"": ""LEADS_TO"", ""object"": ""unsafe_decision"", ""evidence"": ""The captain stated that he then instructed the first officer to activate the anti-icing and deicing systems""}]",success
20010402X00689,[],"{""operator_mental"": [""Loss of Situational Awareness (Powerback Coordinator)""], ""personnel_crm"": [""Failed to Coordinate (Powerback Coordinator)"", ""Failed to Communicate (Wing Walker)""], ""unsafe_decision"": [""Powerback Coordinator's failure to follow powerback procedures which resulted in jet blast injuries to the wing walker"", ""The Marshal is responsible for ensuring Wing Walkers are in proper position before giving the all clear signal. Never signal the flight deck crew to move the aircraft until the Wing Walker is in position and ready""]}",[],success
20010507X00899,[],"{""operator_mental"": [""Complacency (Pilot-in-Command)"", ""Loss of Situational Awareness (Pilot-in-Command)""], ""personnel_crm"": [""Failed to Coordinate (Pilot-in-Command and Dispatcher)""], ""unsafe_decision"": [""Captain failed to properly evaluate a hazardous weather advisory and his failure to adequately alter course and flight altitude to avoid the area of hazardous weather""]}","[{""subject"": ""unsafe_decision"", ""relation"": ""LEADS_TO"", ""object"": ""unsafe_perception"", ""evidence"": ""The captain queried air traffic control, and upon receiving reports of smooth air at FL310, he descended from FL350 to FL310 and remained on the direct routing.""}, {""subject"": ""unsafe_decision"", ""relation"": ""LEADS_TO"", ""object"": ""unsafe_violation"", ""evidence"": ""The failure of the pilot-in-command to properly evaluate a hazardous weather advisory and his failure to adequately alter course and flight altitude to avoid the area of hazardous weather.""}]",success
20010416X00753,[],"{""operator_mental"": [""Loss of Situational Awareness (American Airlines Captain)""], ""operator_limits"": [""Visual Limitation due to sunglare (American Airlines Captain)""], ""unsafe_perception"": [""The Boeing 767 captain's misjudgment of the distance between his airplane and the stationary Boeing 737 (Captain)""]}","[{""subject"": ""unsafe_perception"", ""relation"": ""LEADS_TO"", ""object"": ""unsafe_decision"", ""evidence"": ""the captain said: '...Although the aircraft was not all the way up to the hold short line, I felt there was more than adequate clearance to continue...'""}, {""subject"": ""situational_tech"", ""relation"": ""LEADS_TO"", ""object"": ""unsafe_perception"", ""evidence"": ""the sun was creating a glare on the airplane's windscreen""}]",success
20010423X00790,[],"{""personnel_crm"": [""Failed to Communicate (Flight Crew: Unable to establish communication with company facilities for weather updates)"", ""Failed to Coordinate (First Officer/Flight Attendant: Inadequate timing or effectiveness of cabin securing instructions relative to turbulence onset)""], ""personnel_readiness"": [""Inadequate Preparation (Flight Crew: Failure to obtain updated weather and landing field information prior to descent into convective activity)""], ""unsafe_decision"": [""Flight Attendant - C: 'The flight attendant stated to a fellow employee that she was facing the galley and had her arm risen to lock the cup cabinet when the airplane encountered the turbulence.'"", ""First Officer - C: 'The first officer contacted the flight attendant and advised her that there were thunderstorms in the DCA area, and she should secure the cabin due to possible encounters with turbulence.'""]}",[],success
20010502X00851,[],"{""operator_mental"": [""Complacency (Maintenance Mechanic)"", ""Haste (Maintenance Inspector)""], ""personnel_crm"": [""Failed to Coordinate (Maintenance Mechanic and Maintenance Inspector)""], ""unsafe_decision"": [""Maintenance mechanic installed a one-way check valve instead of the required restricted flow valve, resulting in an improper procedure that prevented landing gear extension"", ""Maintenance inspector failed to detect the incorrect valve installation during post-maintenance operational testing, constituting a failure to properly verify system functionality""]}","[{""subject"": ""unsafe_skill"", ""relation"": ""LEADS_TO"", ""object"": ""unsafe_decision"", ""evidence"": ""The failure of company maintenance personnel to install the correct hydraulic landing gear extension component""}, {""subject"": ""unsafe_violation"", ""relation"": ""CO_OCCURS_WITH"", ""object"": ""unsafe_skill"", ""evidence"": ""the failure of company maintenance inspection personnel to comply with proper post maintenance test procedures""}]",success
20010501X00841,[],"{""operator_mental"": [""Complacency (Captain)"", ""Loss of Situational Awareness (Captain)""], ""personnel_crm"": [""Failed to Coordinate (Captain and Flight Attendant)""], ""unsafe_decision"": [""Captain's poor in-flight planning for allowing beverage service to continue after being advised by ATC of an area of turbulence""]}",[],success
20010503X00872,[],"{""personnel_crm"": [""Dispatcher failed to communicate current turbulence information (AIRMET/PIREP) to the flight crew"", ""Flight crew failed to coordinate with dispatcher to obtain adequate weather briefing""], ""personnel_readiness"": [""Flight crew inadequate preparation for route hazards due to lack of specific turbulence data in preflight briefing""], ""unsafe_decision"": [""The flight dispatcher failure to provide the flight crew with current in-flight turbulence information (Dispatcher)"", ""A factor was the pilots failure to obtain adequate weather information (Pilot-in-Command)""]}","[{""subject"": ""unsafe_decision"", ""relation"": ""LEADS_TO"", ""object"": ""unsafe_perception"", ""evidence"": ""The flight dispatcher failure to provide the flight crew with current in-flight turbulence information that resulted in the in-flight encounter with turbulence during climb.""}, {""subject"": ""unsafe_decision"", ""relation"": ""LEADS_TO"", ""object"": ""operator_limits"", ""evidence"": ""One of the flight attendants was thrown to the floor and received serious injuries during the encounter.""}]",success
20010507X00887,[],"{""situational_tech"": [""Equipment Design (tug brake/shutoff system failure at high throttle)"", ""Interface (tug lurching behavior during gear engagement)""], ""personnel_crm"": [""Failed to Coordinate (ground crew/tug driver and pilot/other workers regarding aircraft movement status)""], ""unsafe_decision"": [""Improper Procedure (Tug Driver) - The driver of the tug said that he was moving the vehicle into position in order to connect the aircraft tow bar... He said that when he placed the tug into gear, it lurched forward into the parked aircraft.""]}",[],success
20010531X01039,[],"{""situational_tech"": [""Manufacturing defect (forging fold) in landing gear cylinder by Messier-Dowty manufacturing process""], ""unsafe_skill"": [""Forging operator performed a 'hand operation' with poor technique, resulting in overlapping bites or lack of die lubrication that created a forging fold""]}",[],success
20010529X01018,[],"{""operator_mental"": [""Complacency (Maintenance Personnel)""], ""personnel_crm"": [""Failed to Coordinate (Maintenance Personnel)""], ""unsafe_decision"": [""Maintenance personnel stated that unserviceable components had been tagged as serviceable and installed on an operational airplane"", ""Improper review of component records by company maintenance personnel of returned landing gear components from a laboratory""]}","[{""subject"": ""unsafe_perception"", ""relation"": ""LEADS_TO"", ""object"": ""unsafe_decision"", ""evidence"": ""At this time I realized that I had tagged an unserviceable part serviceable by mistake.""}, {""subject"": ""unsafe_decision"", ""relation"": ""LEADS_TO"", ""object"": ""unsafe_violation"", ""evidence"": ""Company maintenance personnel stated that unserviceable components had been tagged as serviceable and installed on an operational airplane""}]",success
20010531X01037,[],"{""operator_mental"": [""Complacency (Pilot-in-Command)""], ""personnel_crm"": [""Failed to Communicate (Flight Attendant)""], ""unsafe_decision"": [""Flight attendants: 'started back to the aft galley... preparing to serve' (despite seat belt sign being illuminated and initial turbulence bumps)""]}",[],success
20010608X01107,[],"{""operator_limits"": [""Inexperience with specific aircraft type (Boeing 757) handling characteristics, First Officer""], ""personnel_crm"": [""Failure to effectively coordinate or monitor the landing flare due to reliance on pilot flying without adequate cross-check, Captain""], ""unsafe_skill"": [""First Officer: 'The pilots improper landing flare that resulted in the tail section collision with the runway.'""]}",[],success
20010712X01409,[],"{""operator_mental"": [""Loss of Situational Awareness (Captain)"", ""Complacency (Captain)""], ""personnel_crm"": [""Failed to Coordinate (Crew)""], ""unsafe_decision"": [""The flight crew's improper recovery from a bounced landing (Captain)"", ""Selection of an unsuitable landing area (Crew)""]}","[{""subject"": ""unsafe_decision"", ""relation"": ""LEADS_TO"", ""object"": ""unsafe_skill"", ""evidence"": ""The flight crew's improper recovery from a bounced landing. Factors associated with the accident were the selection of an unsuitable landing area""}]",success
20010713X01428,[],"{""operator_mental"": [""Haste (Captain)"", ""Loss of Situational Awareness (First Officer)""], ""personnel_crm"": [""Failed to Coordinate (Flight Crew)"", ""Failure of Leadership (Captain)""], ""unsafe_decision"": [""Flight crew initiated a sudden descent... which caused her to lose her balance and fall"", ""flight crew placed the transport category airplane in a sudden rapid descent for landing""]}",[],success
20010717X01445,"[{""text"": ""The captain was reluctant to shut down the left engine due to multiple emergencies occurring at the time"", ""role"": ""Captain"", ""tier"": ""unsafe_decision""}, {""text"": ""Flight crews are not provided with instrument approach charts for SZL and are given simulator training scenarios in which flight crews are offered diversions to SZL instead of a diversion to MCI"", ""role"": ""TWA Airlines LLC / Dispatch/Operations"", ""tier"": ""unsafe_decision""}, {""text"": ""The flight crew descended below minimum vectoring altitudes of 2,500 feet mean sea level to 1,800 feet msl in order to descend below a cloud layer which was 1,400 feet above ground level during the radar approach to SZL"", ""role"": ""Flight Crew"", ""tier"": ""unsafe_violation""}, {""text"": ""ZKC transmitted 'maintain two thousand five hundred' and later 'maintain three thousand', but the flight crew reported being at 1.8 (1,800 ft) while descending"", ""role"": ""ATC / Flight Crew"", ""tier"": ""unsafe_violation""}]","{""operator_mental"": [""Loss of Situational Awareness (Captain)"", ""Task Saturation (First Officer)""], ""personnel_crm"": [""Failed to Coordinate (ATC Controller)"", ""Misinterpretation of Traffic Calls (Captain)""], ""personnel_readiness"": [""Inadequate Preparation (TWA Airlines LLC / Captain)""], ""unsafe_decision"": [""The captain was reluctant to shut down the left engine due to multiple emergencies occurring at the time (Captain)"", ""Flight crews are not provided with instrument approach charts for SZL and are given simulator training scenarios in which flight crews are offered diversions to SZL instead of a diversion to MCI (TWA Airlines LLC / Dispatch/Operations)""], ""unsafe_violation"": [""The flight crew descended below minimum vectoring altitudes of 2,500 feet mean sea level to 1,800 feet msl in order to descend below a cloud layer (Flight Crew)"", ""ZKC transmitted 'maintain two thousand five hundred' and later 'maintain three thousand', but the flight crew reported being at 1.8 (1,800 ft) while descending, violating the issued altitude restrictions (ATC / Flight Crew)""]}","[{""subject"": ""unsafe_decision"", ""relation"": ""LEADS_TO"", ""object"": ""unsafe_violation"", ""evidence"": ""Flight crews are not provided with instrument approach charts for SZL... The flight crew descended below minimum vectoring altitudes of 2,500 feet mean sea level to 1,800 feet msl""}, {""subject"": ""unsafe_decision"", ""relation"": ""LEADS_TO"", ""object"": ""unsafe_violation"", ""evidence"": ""The captain was reluctant to shut down the left engine due to multiple emergencies occurring at the time... ZKC transmitted 'maintain two thousand five hundred' and later 'maintain three thousand', but the flight crew reported being at 1.8 (1,800 ft) while descending""}]",success
20010720X01466,[],"{""operator_mental"": [""Complacency (Captain)""], ""personnel_crm"": [""Failed to Coordinate (Captain, First Officer, Second Officer)""], ""unsafe_skill"": [""Maintenance personnel failed to detect the broken starter turbine impeller vane and separated starter shaft during pre-flight or periodic maintenance inspections, evidenced by 'The starter turbine was missing from the starter assembly... The fractured airfoil had an approximately 1/8-inch long section of the forward edge that was flat'.""]}",[],success
20010727X01542,[],"{""operator_mental"": [""Complacency (Off-duty flight attendant)""], ""unsafe_decision"": [""Off-duty flight attendant: 'I chose to give all other passengers the opportunity to go before I did... While returning to my seat, the aircraft began to encounter some moderate turbulence' (decided to move in cabin despite seat belt sign being on and crew warnings of likely turbulence)""]}","[{""subject"": ""unsafe_decision"", ""relation"": ""LEADS_TO"", ""object"": ""unsafe_violation"", ""evidence"": ""The passenger (an off duty flight attendant) disregarded the flight crews warning regarding turbulence along with the seat belt sign which had been turned on.""}]",success
20010904X01867,[],"{""operator_physical"": [""Medical Illness (Hyperthyroidism) - Ramp Agent"", ""Impaired Physiological State (Heat Exhaustion/Fatigue) - Ramp Agent""], ""personnel_readiness"": [""Self-medicating (Alprazolam/Propranolol use) - Ramp Agent""], ""unsafe_decision"": [""Ramp agent: 'the ramp agent attempted to remove the chocks... he did not stop and was fatally struck by the right engine's propellers' (Ignored warnings from marshaller/coworker and proceeded into a hazardous area while aircraft engines were running)""]}","[{""subject"": ""operator_mental"", ""relation"": ""LEADS_TO"", ""object"": ""unsafe_decision"", ""evidence"": ""The ramp agent's impaired performance due to his hyperthyroidism... and possibly also due to the use of an antianxiety medication.""}, {""subject"": ""operator_mental"", ""relation"": ""LEADS_TO"", ""object"": ""unsafe_perception"", ""evidence"": ""Impaired mental functioning is common, including a decreased ability to concentrate... The ramp agent attempted to remove the chocks... but he did not stop""}, {""subject"": ""operator_physical"", ""relation"": ""LEADS_TO"", ""object"": ""unsafe_decision"", ""evidence"": ""The ramp agent was at the end of his shift on a very hot day and was taking a medication for a medical condition that had the potential to impair his judgment.""}]",success
20010816X01695,[],"{""personnel_crm"": [""Ground crew failed to coordinate removal of wheel chocks before taxi clearance"", ""Captain accepted 'all clear' confirmation without verifying visual status of landing gear area""], ""personnel_readiness"": [""Ground personnel were inadequately staffed/available to perform pre-taxi checks for the diverted flight""], ""unsafe_decision"": [""Ground personnel failed to flag out the aircraft and remove wheel chocks before engine start, relying on a verbal 'all clear' confirmation despite being busy with other tasks (Ground Crew)""]}",[],success
20010821X01745,[],"{""personnel_crm"": [""Failure of Leadership (Captain failed to direct flight attendants to be seated during turbulence encounter)""], ""unsafe_decision"": [""Captain: 'However, none of the flight attendants were directed to be seated.' (Failure to issue mandatory safety instructions during a known turbulence encounter)""]}",[],success
20010821X01739,[],"{""operator_mental"": [""Task Saturation (Local Controller)"", ""Distraction (Tower Supervisor)""], ""personnel_crm"": [""Failure of Leadership (Tower Supervisor)"", ""Failed to Back-up (Ground Control West One Controller)""], ""unsafe_skill"": [""Breakdown in Visual Scan: The local controller reported that he did not scan runway 18L before clearing the taxiing aircraft to cross (Local Controller LW1)""], ""unsafe_decision"": [""Improper Procedure: The local controller cleared COA1487 to cross runway 18L while DAL1521 was on takeoff roll, failing to control the use of the active runway as required by FAA Order 7110.65 (Local Controller LW1)""]}","[{""subject"": ""personnel_readiness"", ""relation"": ""LEADS_TO"", ""object"": ""unsafe_perception"", ""evidence"": ""the local controller's excessive workload""}, {""subject"": ""unsafe_perception"", ""relation"": ""LEADS_TO"", ""object"": ""unsafe_violation"", ""evidence"": ""failure to follow FAA procedures and directives to visually scan the runway prior to issuing the crossing clearance""}]",success
20010910X01911,[],"{""operator_mental"": [""Complacency (Flight Attendant)""], ""personnel_crm"": [""Failed to Coordinate (Crew/Company)""], ""unsafe_decision"": [""Flight attendant did not fasten her seatbelt immediately despite being informed of expected turbulence and the crew's instruction to secure the cabin""]}",[],success
20010830X01825,[],"{""operator_mental"": [""Loss of Situational Awareness (First Officer)"", ""Get-home-itis (Captain)""], ""personnel_crm"": [""Failure to Coordinate (Captain and First Officer)"", ""Failed to Back-up (Captain)""], ""unsafe_skill"": [""Failed to maintain proper runway alignment and directional control, resulting in the aircraft drifting left and departing the paved surface (First Officer)""], ""unsafe_decision"": [""Failed to execute a go-around despite the approach being unstable and landing long, contrary to company procedures for unsatisfactory approaches (Captain)"", ""Landed long at 3,200 feet from threshold instead of the recommended 1,000-foot point, reducing stopping distance margin in wet conditions (First Officer)""]}","[{""subject"": ""unsafe_decision"", ""relation"": ""LEADS_TO"", ""object"": ""unsafe_skill"", ""evidence"": ""The pilot in command failed to execute a go-around and failed to provide adequate supervision... The second in command failed to maintain proper runway alignment, directional control, and landed long.""}, {""subject"": ""personnel_crm"", ""relation"": ""LEADS_TO"", ""object"": ""unsafe_decision"", ""evidence"": ""The pilot in command failed to execute a go-around and failed to provide adequate supervision.""}]",success
20010911X01915,[],"{""personnel_crm"": [""Failed to Communicate (Captain failed to specify duration for flight attendant to remain seated)"", ""Failed to Coordinate (Lack of established protocol between flight crew and cabin crew regarding turbulence procedures)""], ""personnel_readiness"": [""Inadequate Preparation (Absence of specific guidance in company manual for cabin crew seating during turbulence)""], ""unsafe_decision"": [""Flight attendant decided to leave her seat and resume cabin preparations after initial bumps, misjudging that the turbulence had passed ('I thought we were through the turbulence and got up...')""]}","[{""subject"": ""personnel_readiness"", ""relation"": ""LEADS_TO"", ""object"": ""unsafe_decision"", ""evidence"": ""Inadequate company procedures/directives, which resulted in the flight attendant leaving her seat prematurely""}]",success
20010316X00598,[],"{""operator_mental"": [""Complacency (Ground Crew)""], ""personnel_crm"": [""Failed to Coordinate (Ground Crew)""], ""unsafe_violation"": [""the inaccurate aircraft deicing service the ground personnel performed alowing fluid injestion""]}",[],success
20010405X00701,[],"{""personnel_crm"": [""Maintenance mechanic failed to communicate the severity of the deferred defect (jet overheat loop) and potential safety implications to the flight crew""], ""personnel_readiness"": [""Comair maintenance personnel inadequate preparation/inspection protocols leading to missed critical hardware (exhaust bolts)""], ""unsafe_decision"": [""Maintenance personnel re-used and re-torqued the remaining bolts after finding the tailpipe loose, despite previous findings of cracked bolts on other engines and ongoing discussions about bolt reuse, rather than replacing all bolts or adhering to a stricter replacement standard.""]}","[{""subject"": ""unsafe_decision"", ""relation"": ""LEADS_TO"", ""object"": ""unsafe_violation"", ""evidence"": ""a mechanic advised him that the number 1, A system jet overheat loop was not operating normally, and that \""he would defer it.\""""}, {""subject"": ""unsafe_decision"", ""relation"": ""LEADS_TO"", ""object"": ""unsafe_violation"", ""evidence"": ""The remaining bolts were re-used and re-torqued.""}]",success
20010612X01155,[],"{""operator_mental"": [""Complacency (Maintenance Mechanic)""], ""situational_tech"": [""Equipment Design (Boeing 727 Wire Harness Routing/Clamping)""], ""unsafe_skill"": [""Maintenance personnel - Inadvertent mis-routing of the wire bundle during maintenance activity, resulting in chafing against a hydraulic line""]}","[{""subject"": ""unsafe_decision"", ""relation"": ""LEADS_TO"", ""object"": ""unsafe_skill"", ""evidence"": ""inadvertent mis-routing of the wire bundle during maintenance activity""}, {""subject"": ""unsafe_skill"", ""relation"": ""LEADS_TO"", ""object"": ""situational_tech"", ""evidence"": ""chafing between the standby hydraulic pump electrical power wire, and the hydraulic system \""A\"" case drain return line""}, {""subject"": ""situational_tech"", ""relation"": ""LEADS_TO"", ""object"": ""unsafe_decision"", ""evidence"": ""resulted in electrical arcing/puncture to the system \""A\"" return line, followed by ignition to the mist of hydraulic oil""}]",success
20010308X00571,[],"{""personnel_crm"": [""Maintenance crew failed to communicate the observation of the engine running during taxi-in to the maintenance personnel, relying solely on the incorrect logbook entry""], ""personnel_readiness"": [""Maintenance organization failure to execute required monitoring procedures (oil consumption and chip detector checks) following a previous oil loss event"", ""Maintenance organization failure to implement mandatory service bulletin 21446R3 during hot section inspection""], ""unsafe_decision"": [""Maintenance personnel failed to execute items 'K' and 'L' (monitor oil consumption for 65 flight hours and check chip detectors daily) as required by the maintenance manual following a low oil pressure event, relying solely on an inaccurate logbook entry that claimed the engine was shut down"", ""Engine shop personnel progressed beyond the hot section inspection work scope into the area affected by Service Bulletin 21446R3 but failed to accomplish the mandatory replacement of the accessory drive spur gearshaft and associated hardware (stop plug), leading to oil leakage""]}",[],success
20020123X00103,[],"{""unsafe_violation"": [""Intentional hijacking of aircrafts (Hijackers)""]}",[],success
20020123X00104,[],"{""unsafe_violation"": [""Intentional hijacking of aircrafts (Hijackers)""]}",[],success
20020123X00105,[],"{""unsafe_violation"": [""Intentional hijacking of aircrafts (Hijackers)""]}",[],success
20020123X00106,[],"{""unsafe_violation"": [""Intentional hijacking of aircrafts (Hijackers)""]}",[],success
20011004X02036,[],"{""operator_mental"": [""Loss of Situational Awareness (Captain)"", ""Complacency (Captain)""], ""personnel_crm"": [""Failed to Coordinate (Captain, First Officer, Wing Walker)"", ""Failed to Communicate (Captain, First Officer, Wing Walker)""], ""unsafe_skill"": [""Omitted Checklist Step: The Before Start Checklist stipulates the setting of the parking brake before engine start, but the captain did not set it until after the aircraft moved forward."", ""Breakdown in Visual Scan/Coordination: Hand signals were used instead of voice communication due to lack of headsets, leading to a misinterpretation or failure to confirm the 'brakes set' status between the wing walker and the flight crew.""], ""unsafe_decision"": [""Improper Procedure: The captain initiated engine start without verifying that the parking brake was set, contrary to the UAL Maintenance Manual which states engines must be started after the final pushback 'Brakes set' signal or at the gate with proper sequence."", ""Poor Decision: The flight crew proceeded with the pushback and engine start using hand signals in night conditions without ensuring clear verbal confirmation of brake status, despite the known risk of miscommunication.""]}","[{""subject"": ""personnel_crm"", ""relation"": ""LEADS_TO"", ""object"": ""unsafe_decision"", ""evidence"": ""inadequate crew/group coordination""}, {""subject"": ""unsafe_decision"", ""relation"": ""LEADS_TO"", ""object"": ""unsafe_violation"", ""evidence"": ""parking brakes not set by the pilot in command""}]",success
20011022X02123,[],"{""personnel_crm"": [""Failed to Communicate (Maintenance Supervisor)"", ""Failed to Coordinate (Maintenance Crew)""], ""personnel_readiness"": [""Inadequate Preparation (Maintenance Supervisor)""], ""unsafe_decision"": [""Maintenance supervisor informed the maintenance crew he did not see anything regarding strapping of the nose gear in the maintenance manuals and subsequently instructed that the gear did not need to be strapped, despite explicit warnings in the manual (Maintenance Supervisor)"", ""Maintenance crew proceeded to tow the airplane without securing the required bridle/straps after receiving conflicting information and failing to verify the unsafe condition themselves (Maintenance Crew)""], ""unsafe_violation"": [""Towed the aircraft with an unsafe nose landing gear indication, directly violating the maintenance manual caution 'DO NOT TOW THE AIRCRAFT IF A NOSE GEAR UNSAFE CONDITION IS GIVEN' and the operating manual warning that locking pins do not protect against collapse (Maintenance Crew)""]}","[{""subject"": ""unsafe_decision"", ""relation"": ""LEADS_TO"", ""object"": ""unsafe_violation"", ""evidence"": ""the supervisor informed the maintenance crew he did not see anything regarding strapping of the nose gear in the maintenance manuals... Subsequently, the captain released the airplane brakes... and the nose landing gear collapsed""}, {""subject"": ""personnel_crm"", ""relation"": ""LEADS_TO"", ""object"": ""unsafe_decision"", ""evidence"": ""inadequate communication between the company maintenance personnel, the inaccurate instructions provided to the maintenance crew""}]",success
20011018X02112,[],"{""operator_mental"": [""Loss of Situational Awareness (Pilot)""], ""unsafe_perception"": [""Failure to detect bird activity or hazard (Flight Crew): The narrative states the crew experienced a 'loud bang' and subsequent instability, indicating they did not visually perceive the approaching Canada geese prior to impact.""]}",[],success
20011030X02159,[],"{""operator_mental"": [""Loss of Situational Awareness (Captain)"", ""Complacency (First Officer)""], ""operator_limits"": [""Inexperience with swept-wing aerodynamics (Captain)"", ""Insufficient Reaction Time (Captain)""], ""personnel_crm"": [""Failure of Leadership (Captain)"", ""Failed to Communicate (First Officer)"", ""Failed to Back-up (First Officer)""], ""unsafe_decision"": [""Captain: Briefed a 'no go-around' for a night visual approach to a Special Airport, incorrectly interpreting the restriction on takeoffs as prohibiting rejected landings/go-arounds."", ""First Officer: Failed to challenge the Captain's incorrect briefing regarding the prohibition of go-arounds despite knowing it was incorrect.""], ""unsafe_perception"": [""Captain: Misjudged airspeed and sink rate, allowing the aircraft to decay from Vapp (129 KIAS) to 104.55 KIAS before applying thrust, resulting in an inadvertent stall/mush.""]}","[{""subject"": ""unsafe_decision"", ""relation"": ""LEADS_TO"", ""object"": ""unsafe_perception"", ""evidence"": ""The captain briefed a 'no go-around' for a night visual approach to a 'Special Airport.' ... the first officer knew this was incorrect, but did not challenge the captain.""}, {""subject"": ""personnel_crm"", ""relation"": ""LEADS_TO"", ""object"": ""unsafe_decision"", ""evidence"": ""Both pilots had received CRM training... however it was not followed by either pilot. ... The first officer reported that she made normal airspeed callouts initially on the approach... When asked if she continued the callouts as the airplane further slowed, she responded that the captain did not appear to be responding to her callouts and she did not make any more callouts.""}, {""subject"": ""unsafe_perception"", ""relation"": ""LEADS_TO"", ""object"": ""unsafe_skill"", ""evidence"": ""The approach was not stabilized, and the airspeed decreased to the point of a stall. ... The captain's handling of the airplane was outside the parameters specified in the company manuals.""}, {""subject"": ""personnel_readiness"", ""relation"": ""LEADS_TO"", ""object"": ""unsafe_decision"", ""evidence"": ""Mesa Airlines did not have a procedure in place to identify people who were making their initial upgrade to captain, and had no previous swept wing experience. ... The captain was upgraded during a time of company expansion.""}]",success
20020411X00491,[],"{""personnel_crm"": [""Failure of Leadership (Captain): The decision to conduct a full emergency evacuation with slides deployed for a non-immediate threat (threatening note) rather than a standard deplaning or holding pattern, indicating poor risk assessment and coordination regarding the necessity of such an extreme measure.""], ""unsafe_decision"": [""Captain: Instructed flight attendants to conduct an emergency evacuation using the slides for a non-life-threatening security threat (threatening note), resulting in unnecessary injury.""]}",[],success
20011106X02201,[],"{""operator_limits"": [""Visual Limitation (First Officer)""], ""unsafe_perception"": [""The flight crew failed to detect the deer on the runway during the landing roll, resulting in a collision (Flight Crew)""]}",[],success
20011130X02321,[],"{""operator_mental"": [""Loss of Situational Awareness (First Officer)"", ""Channelized Attention (First Officer)""], ""situational_tech"": [""Equipment Design: Rudder system characteristics (Airbus A300-600)"", ""Training Program Design: American Airlines Advanced Aircraft Maneuvering Program""], ""unsafe_skill"": [""Over-controlled Aircraft (First Officer)"", ""Inadvertent Flight Control Use (First Officer)""]}","[{""subject"": ""unsafe_decision"", ""relation"": ""LEADS_TO"", ""object"": ""unsafe_skill"", ""evidence"": ""the in-flight separation of the vertical stabilizer as a result of the loads beyond ultimate design that were created by the first officer's unnecessary and excessive rudder pedal inputs""}, {""subject"": ""personnel_readiness"", ""relation"": ""LEADS_TO"", ""object"": ""unsafe_decision"", ""evidence"": ""Contributing to these rudder pedal inputs were... elements of the American Airlines Advanced Aircraft Maneuvering Program""}]",success
20011129X02310,[],"{""operator_mental"": [""Loss of Situational Awareness (Pilot in Command)""], ""personnel_crm"": [""Failed to Communicate (ATC/Approach Control)""], ""unsafe_perception"": [""Failure to detect/avoid hazard during visual scan (Flight Crew)""]}",[],success
20011204X02343,[],"{""operator_mental"": [""Complacency (Passenger)""], ""personnel_crm"": [""Failed to Communicate (Flight Attendant)""], ""unsafe_decision"": [""Passenger: 'When I got up to go to bathroom there was no warning of any turbulence, there was no seat belt sign... He continues to the RH bathroom.' (Ignored explicit verbal warnings from flight attendants and the illuminated seatbelt sign to remain seated during known choppy conditions)""]}",[],success
20020104X00022,[],"{""operator_mental"": [""Complacency (Passenger)""], ""situational_tech"": [""Equipment Design (Airstair/Handrail interface)""], ""unsafe_perception"": [""The passengers misjudged step, which resulted in a loss of balance and subsequent fall (Passenger)""]}",[],success
20020114X00069,[],"{""operator_mental"": [""Complacency (Pilot)"", ""Loss of Situational Awareness (Crew)""], ""personnel_crm"": [""Failed to Coordinate (Crew)""], ""unsafe_decision"": [""The crew failed to account for the weight of the additional fuel, and inadvertently used the same performance cards that were used for the previous landing (Flight Crew)""]}","[{""subject"": ""unsafe_decision"", ""relation"": ""LEADS_TO"", ""object"": ""unsafe_perception"", ""evidence"": ""the crew failed to account for the weight of the additional fuel, and inadvertently used the same performance cards that were used for the previous landing""}, {""subject"": ""unsafe_decision"", ""relation"": ""LEADS_TO"", ""object"": ""operator_limits"", ""evidence"": ""The flight crew's inadequate preflight planning, and failure to calculate the airplane weight and balance prior to departure.""}]",success
20020110X00051,[],"{""operator_mental"": [""Loss of Situational Awareness (Tug Driver)""], ""personnel_crm"": [""Failed to Coordinate (Tug Driver and Pilot Crew)""], ""unsafe_decision"": [""Improper Procedure (Tug Driver) - The tug driver's failure to maintain control of the airplane during pushback resulting in the tug colliding with the airplane.""]}",[],success
20020125X00135,[],"{""situational_tech"": [""Ignition exciter box intermittent failure (Maintenance/Engineering)"", ""Fuel Control Unit high fuel scheduling (Maintenance/Engineering)""], ""personnel_crm"": [""Flight crew failed to detect fire warning indications and relied on external ARFF reports for situational awareness""], ""unsafe_decision"": [""Maintenance organization failed to detect and correct the intermittent operation of the ignition exciter box on the D.C. circuit, leading to engine start issues and subsequent fire""]}",[],success
20020214X00216,[],"{""operator_mental"": [""Loss of Situational Awareness (Walker near nose)""], ""personnel_crm"": [""Failed to Communicate (Tug driver)"", ""Failed to Back-up (Walker near nose)""], ""personnel_readiness"": [""Inadequate Training for Icy Conditions (Contract Crew/Tug Driver)""], ""unsafe_skill"": [""Breakdown in Visual Scan (Walker near nose reported he was not looking at the airplane when it began to slip)"", ""Poor Technique (Tug driver turned the nose of the airplane to the west on an icy ramp, causing the nosewheels to start slipping)""], ""unsafe_decision"": [""Improper Procedure (Captain elected to start both engines at the gate prior to pushback because a single engine crossbleed start would require an N1 of 80 percent)"", ""Poor Decision (Tug driver did not wear the headset because the chord had broken, and had been repaired several times, which shortened its overall length)""]}","[{""subject"": ""unsafe_decision"", ""relation"": ""LEADS_TO"", ""object"": ""unsafe_perception"", ""evidence"": ""The tug driver did not wear the headset because the chord had broken... he was unable to communicate this to the cockpit crew.""}, {""subject"": ""personnel_readiness"", ""relation"": ""LEADS_TO"", ""object"": ""unsafe_decision"", ""evidence"": ""Neither Air Tran Airways, nor the contract operator had any specific training directed to the problems that could be encountered with pushing airplanes on icy ramps.""}, {""subject"": ""personnel_readiness"", ""relation"": ""LEADS_TO"", ""object"": ""unsafe_perception"", ""evidence"": ""The walker near the nose of the airplane, wearing the headset, reported that he was looking away, and did not observe the airplane moving forward in time to make a call.""}, {""subject"": ""situational_tech"", ""relation"": ""LEADS_TO"", ""object"": ""unsafe_perception"", ""evidence"": ""The tug driver did not wear the headset because the chord had broken and been repaired several times, which shortened its overall length.""}]",success
20020306X00309,[],"{""operator_mental"": [""Loss of Situational Awareness (Pilot)"", ""Get-home-itis (Pilot)""], ""personnel_crm"": [""Failed to Coordinate (First Officer)""], ""unsafe_decision"": [""Pilot's decision to continue an unstabalized approach to landing"", ""Pilot overshot the centerline of the runway while making the left turn from the base leg to the final segment""], ""unsafe_perception"": [""Misjudged Distance/Altitude/Airspeed: Pilot was still 'slightly correcting to centerline' when his 'right wing dipped causing the right main to touch first'""]}","[{""subject"": ""unsafe_decision"", ""relation"": ""LEADS_TO"", ""object"": ""unsafe_skill"", ""evidence"": ""The pilot's decision to continue an unstabalized approach to landing... During the right turn, he dragged the right wing on the snow-covered ground""}]",success
20020306X00308,[],"{""personnel_crm"": [""Failure of Leadership (Captain failed to brief flight attendants on specific timing for cabin service start)"", ""Failed to Communicate (Airline management failed to provide written direction/protocol for crew coordination regarding cabin service)""], ""personnel_readiness"": [""Inadequate Preparation (Flight attendant began cabin service without explicit clearance or standardized protocol indicating it was safe to do so)""], ""unsafe_decision"": [""The flight crew's decision to continue the climb and operate in IMC with 'scattered to occasional broken lines of thunderstorms' without specific avoidance maneuvers or a clear plan for turbulence penetration, relying on radar which showed 'no significant weather' despite known convective activity"", ""The captain's failure to issue a specific instruction to delay cabin service until clear of the thunderstorm area, allowing flight attendants to begin service (pulling out beverage carts) while still in a zone with high turbulence potential""], ""unsafe_perception"": [""The flight crew perceived the weather as benign based on radar returns ('Radar was showing no significant weather') and failed to appreciate the hazard of low-topped convective activity and 'thin stratus clouds' that obscured visual cues until too close"", ""Flight attendants were not aware of the immediate turbulence potential due to lack of specific briefing or communication from the flight crew, leading them to be in a vulnerable position (standing/moving) when the aircraft encountered the cloud""]}",[],success
20020301X00292,[],"{""personnel_readiness"": [""Maintenance crew failed to adequately prepare the engine for service by allowing coke blockage of scavenge screens despite recent inspection""], ""unsafe_decision"": [""Maintenance personnel: The maintenance organization failed to adequately address the recurring B-sump scavenge screen blockage issue (coke accumulation) despite previous inspections and service bulletins, leading to oil starvation and LPT separation.""]}",[],success
20020319X00362,[],"{""operator_mental"": [""Loss of Situational Awareness (De-icing Bucket Operator)""], ""situational_tech"": [""Equipment Design (Fokker F-28 APU Inlet Lack of Flow Diverter)"", ""Automation (APU Electronic Control Unit Failure to Prevent Overspeed Damage)""], ""unsafe_skill"": [""Bucket operators failed to prevent de-icing fluid from entering the APU inlet despite windy conditions whipping the stream, resulting in inadvertent ingestion""]}",[],success
20020311X00325,[],"{""operator_mental"": [""Loss of Situational Awareness (Deicing Truck Driver)""], ""personnel_crm"": [""Failed to Coordinate (Deicing Truck Driver and Boom Operator)""], ""unsafe_skill"": [""inadvertently turned his steering wheel in the wrong direction as he attempted to back away from the aircraft (deicing truck driver)""]}",[],success
20020313X00335,[],"{""operator_mental"": [""Loss of Situational Awareness (Captain)""], ""unsafe_perception"": [""Breakdown in Visual Scan (Captain/First Officer): The narrative states the birds 'began to fly south over the runway' and hit the aircraft at 110 knots, implying a failure of the flight crew's visual scan to detect the wildlife hazard on the departure path prior to impact.""]}",[],success
20020328X00415,"[{""text"": ""The captain of the Eva Air MD-11"", ""role"": ""Pilot (MD-11)"", ""tier"": ""unsafe_skill""}, {""text"": ""The ground-marshaling attendant stationed on the east side of the Alaska Airlines MD-82"", ""role"": ""Ground Crew (Marshaller)"", ""tier"": ""unsafe_decision""}]","{""operator_mental"": [""Loss of Situational Awareness (MD-11 Captain)"", ""Complacency (Ground Marshaling Attendant)""], ""operator_limits"": [""Visual Limitation (MD-11 Relief Captain)"", ""Visual Limitation (MD-11 Non-flying First Officer)"", ""Insufficient Reaction Time (Tug Driver)""], ""personnel_crm"": [""Failed to Communicate (Ground Marshaling Attendant)"", ""Failed to Coordinate (MD-82 Captain and Tug Driver)""], ""unsafe_skill"": [""MD-11 Captain: 'kept the nose wheel over the centerline of the taxiway' and 'did not see a stop or emergency signal', failing to maintain adequate clearance from the parked MD-82 tail despite reduced visibility and snow accumulation"", ""Ground-marshaling attendant (MD-82): 'signaled the tug driver... to move towards the terminal' but failed to display an emergency stop signal (crisscrossed wands) to the taxiing MD-11 crew, resulting in a breakdown of visual communication/scan""], ""unsafe_decision"": [""MD-11 Captain: 'elected to proceed' after observing ground handling staff with lighted wands but not seeing a stop signal, failing to prioritize safety clearance over progress"", ""Ground-marshaling attendant (MD-82): Decided to signal the tug driver to move away from the taxiway rather than signaling the approaching MD-11 to stop, an improper procedural choice given the imminent collision risk""]}","[{""subject"": ""unsafe_decision"", ""relation"": ""CO_OCCURS_WITH"", ""object"": ""unsafe_skill"", ""evidence"": ""The MD-11 flight crew's failure to maintain clearance while taxiing and the other's airplane's (MD-82) ground-marshaling personnel's failure to follow procedures/directives when they did not display an emergency stop signal""}]",success
20020322X00387,[],"{""operator_mental"": [""Complacency (Flight Attendant)"", ""Loss of Situational Awareness (Lead Flight Attendant)""], ""personnel_crm"": [""Failed to Communicate (Captain/First Officer)"", ""Failed to Coordinate (Lead Flight Attendant)""], ""unsafe_decision"": [""Flight Crew: 'the flight crew did not advise the lead flight attendant (LFA) of the turbulence level and its anticipated duration nor did they use turbulence codes, as stipulated in Northwest Airlines' Flight Operations Manual.'"", ""Lead Flight Attendant: 'The investigation also revealed that the LFA did not relay the turbulence information to all of the flight attendants, as stipulated in the company's Flight Attendant Manual.'""], ""unsafe_violation"": [""Flight Crew: 'the captain stated that he did not use turbulence codes during his conversations with the flight attendants' (Failure to follow specific NWA FOM procedures for communicating turbulence severity)""]}","[{""subject"": ""unsafe_decision"", ""relation"": ""LEADS_TO"", ""object"": ""unsafe_violation"", ""evidence"": ""The flight crew did not advise the lead flight attendant (LFA) of the turbulence level and its anticipated duration nor did they use turbulence codes, as stipulated in Northwest Airlines' Flight Operations Manual.""}, {""subject"": ""unsafe_decision"", ""relation"": ""LEADS_TO"", ""object"": ""unsafe_violation"", ""evidence"": ""The LFA did not relay the turbulence information to all of the flight attendants, as stipulated in the company's Flight Attendant Manual.""}, {""subject"": ""unsafe_decision"", ""relation"": ""LEADS_TO"", ""object"": ""operator_limits"", ""evidence"": ""The first officer made large and rapid control column inputs (pitchdown) which exacerbated the turbulence effects and caused negative load factors in the aft cabin.""}, {""subject"": ""unsafe_violation"", ""relation"": ""LEADS_TO"", ""object"": ""operator_limits"", ""evidence"": ""The failure to disseminate turbulence information led to flight attendants not being properly secured or prepared, resulting in injuries when the airplane experienced oscillations.""}]",success
20020408X00474,[],"{""situational_tech"": [""Equipment Design (Embraer EMB-145LR): Vulnerability of elevator control cables to lightning strike damage due to bonding jumper configuration""], ""unsafe_decision"": [""Flight crew continued flight through weather with Level 2-3 intensity echoes and known lightning activity (4 strikes within 15nm) despite no cells being depicted on radar, failing to deviate or avoid the hazardous area""]}",[],success
20020402X00443,[],"{""operator_limits"": [""Inexperience (First Officer had only 5 hours in MD-11 type)""], ""personnel_crm"": [""Failure to coordinate/communicate checklist items (Crew failed to terminate fuel dump prior to landing despite EAD message requirement)""], ""unsafe_decision"": [""The failure of the aircraft operator to comply with, in a timely manner, on the No. 2 engine, Boeing Alert Service Bulletin MD11-71A086 (Maintenance/Engineering Personnel)"", ""did not terminate fuel dumping prior to landing (Relief Pilot)""]}","[{""subject"": ""personnel_readiness"", ""relation"": ""LEADS_TO"", ""object"": ""unsafe_decision"", ""evidence"": ""The captain was acting as a Line Check Airman providing operating experience training to the first officer, who had only 5 hours in the MD-11.""}, {""subject"": ""personnel_readiness"", ""relation"": ""LEADS_TO"", ""object"": ""unsafe_decision"", ""evidence"": ""The relief pilot left the cockpit to begin his rest period, leaving only two crew members in the cockpit during an emergency.""}, {""subject"": ""unsafe_decision"", ""relation"": ""LEADS_TO"", ""object"": ""personnel_crm"", ""evidence"": ""The captain directed the first officer to inform the flight attendants of the expected evacuation, but the communication was delayed or unclear as the onboard leader initially thought it might not be necessary.""}, {""subject"": ""unsafe_decision"", ""relation"": ""LEADS_TO"", ""object"": ""personnel_crm"", ""evidence"": ""The flight attendant at the 4R door initially thought the evacuation signal was a lavatory smoke detector and checked for smoke before initiating evacuation.""}, {""subject"": ""unsafe_decision"", ""relation"": ""LEADS_TO"", ""object"": ""personnel_crm"", ""evidence"": ""The relief pilot stated they did not terminate the fuel dumping prior to landing, which sprayed fuel on ARFF vehicles and made the runway slippery.""}, {""subject"": ""unsafe_decision"", ""relation"": ""LEADS_TO"", ""object"": ""personnel_crm"", ""evidence"": ""The onboard leader blocked the 1R exit due to the malfunctioning slide, forcing passengers to use other exits.""}]",success
20020412X00510,[],"{""operator_mental"": [""Complacency (Ground Maintenance Personnel)""], ""personnel_readiness"": [""Inadequate Preparation/Inspection (Ground Maintenance Personnel)""], ""unsafe_decision"": [""Company maintenance personnel inadequate maintenance inspection that resulted in the in-flight separation of the APU inspection doors (Maintenance Personnel)""]}",[],success
20020419X00545,[],"{""operator_mental"": [""Complacency (Flight Attendant)""], ""personnel_crm"": [""Failed to Coordinate (Cabin Crew)""], ""unsafe_decision"": [""Flight attendant unfastened her restraints and left her seat to secure a galley door during known moderate turbulence, despite crew instructions to remain seated""]}","[{""subject"": ""unsafe_decision"", ""relation"": ""LEADS_TO"", ""object"": ""unsafe_violation"", ""evidence"": ""She unfastened her restraints, got up and secured the door.""}]",success
20020429X00592,[],"{""operator_mental"": [""Complacency (Pilot-in-Command)"", ""Loss of Situational Awareness (First Officer)""], ""personnel_crm"": [""Failed to Coordinate (Crew)""], ""unsafe_decision"": [""Flight crew: 'the airplane was in cruise flight at flight level 360... when the airplane encountered clear air turbulence' (Failure to deviate from planned route/altitude despite radar indications of convective activity along the airway, leading to an inadvertent encounter with CIT)""]}",[],success
20020501X00603,[],"{""operator_mental"": [""Loss of Situational Awareness (Flight Crew)"", ""Complacency (Flight Crew)""], ""personnel_crm"": [""Failed to Coordinate (Flight Crew)""], ""unsafe_decision"": [""The flightcrew's failure to follow weather avoidance procedures and their delay in activating the seat belt sign.""]}","[{""subject"": ""unsafe_decision"", ""relation"": ""LEADS_TO"", ""object"": ""unsafe_violation"", ""evidence"": ""The flightcrew's failure to follow weather avoidance procedures""}, {""subject"": ""unsafe_perception"", ""relation"": ""CO_OCCURS_WITH"", ""object"": ""unsafe_decision"", ""evidence"": ""the captain made an additional deviation to the west... prior to being abeam the weather""}]",success
20020506X00632,[],"{""operator_mental"": [""Complacency (Flight Attendant)"", ""Loss of Situational Awareness (Flight Attendant)""], ""personnel_crm"": [""Failed to Coordinate (Cabin Crew)""], ""unsafe_decision"": [""Flight attendant: 'Two flight attendants had started counting the merchandise in the duty free carts' while seatbelt sign was illuminated and turbulence was anticipated, resulting in serious injury when cart became unsecured""]}",[],success
20020521X00710,[],"{""operator_mental"": [""Complacency (Maintenance Personnel)"", ""Misplaced Motivation (Ryan International Airlines Management)""], ""personnel_crm"": [""Failed to Communicate (Ryan International Airlines Maintenance/Management)""], ""unsafe_violation"": [""Inadequate maintenance by company maintenance personnel and failure to comply with manufacturer recommended maintence procedures (SB 737-55A1070R1), which resulted in an inflight inseparation of a section of the airplane's right hand elevator control tab - Maintenance""]}","[{""subject"": ""unsafe_decision"", ""relation"": ""CO_OCCURS_WITH"", ""object"": ""unsafe_violation"", ""evidence"": ""A factor in the incident was the flight crew's continued operation of the airplane with a known deficiency.""}]",success
20020520X00704,[],"{""operator_mental"": [""Loss of Situational Awareness (Tug Driver)"", ""Distraction (Wing Walkers)""], ""personnel_crm"": [""Failed to Coordinate (Tug Driver and Wing Walkers)"", ""Failed to Communicate (Wing Walkers and Tug Driver)""], ""unsafe_skill"": [""Breakdown in Visual Scan (Tug driver): 'I was looking for my wingwalkers, but I lost visual contact...because of the landing gear.'"", ""Failed to Prioritize Attention (Wing walker): 'mostly looking at the back wing' during the pushback""], ""unsafe_decision"": [""Poor Decision (Tug driver): 'continued pushing until a wingwalker appeared from behind the aircraft and gave him the stop sign three to five feet from the other aircraft.'""]}",[],success
20020612X00859,[],"{""situational_tech"": [""Equipment Design (Windshield Anti-Ice Controller Failure)""], ""unsafe_skill"": [""Maintenance personnel: 'engaged in the repair of a small (1 x 3 inch) hole on the underside of the left horizontal stabilizer' while leaving the aircraft powered up, failing to de-power systems during maintenance work which allowed the faulty controller to energize""]}",[],success
20020612X00871,[],"{""personnel_readiness"": [""Maintenance oversight failure regarding landing gear component life limits (Northwest Airlines Maintenance)""], ""unsafe_decision"": [""Maintenance personnel allowed the right main landing gear outer cylinder to operate beyond its recommended overhaul interval (17,866 cycles over limit) without replacement or enhanced inspection, despite known fatigue risks and material inclusions.""]}",[],success
20020606X00822,[],"{""operator_limits"": [""First Officer had limited total flight hours (3,000) and no type ratings listed in FAA records, potentially limiting effective crew resource management or backup capability during the emergency""], ""situational_tech"": [""Landing gear main fitting design susceptible to fatigue cracking at shock strut radius run-out area"", ""Inadequate maintenance inspection intervals (eddy current inspections every 500 cycles) failed to detect pre-existing fatigue cracks before failure""], ""unsafe_skill"": [""Maintenance personnel failed to detect the fatigue crack during the eddy current inspections required by AD 2001-22-09, despite the inspection being performed 384 cycles prior to the accident and the crack originating from multiple points on the exterior surface.""]}",[],success
20020606X00821,[],"{""operator_mental"": [""Distraction (Flight Attendant)""], ""personnel_crm"": [""Failed to Communicate (Cockpit Crew)""], ""unsafe_decision"": [""Flight Attendant: 'As the attendant went back towards the galley to get the passenger first aid, the airplane was suddenly jolted by turbulence' (continued moving in cabin despite seat belt sign being ON and imminent landing phase)""]}",[],success
20020625X00969,[],"{""operator_mental"": [""Loss of Situational Awareness (Captain)"", ""Haste (First Officer)""], ""personnel_crm"": [""Failed to Coordinate (Captain and First Officer)""], ""unsafe_decision"": [""The captain instructed the first officer to stop the descent... A review of Delta Airline's 757/767 operations manual revealed that deviation from an ATC clearance was authorized for an RA only.""], ""unsafe_violation"": [""A review of Delta Airline's 757/767 operations manual revealed that deviation from an ATC clearance was authorized for an RA only... The first officer disconnected the autopilot and then 'quickly' leveled the airplane.""]}",[],success
20020625X00967,[],"{""personnel_crm"": [""Failed to Coordinate (Ground Service Personnel)""], ""unsafe_decision"": [""Ground service personnel locked the door from the outside contrary to the procedure requiring them to only close it flush (Ground Service Personnel)""]}",[],success
20020621X00955,[],"{""operator_mental"": [""Loss of Situational Awareness (Captain/Check Airman)""], ""personnel_crm"": [""Failed to Back-up (Captain/Check Airman)"", ""Failure of Leadership (Captain/Check Airman)""], ""unsafe_skill"": [""The inadequate flare by the flying pilot (First Officer)""], ""unsafe_decision"": [""the remedial action not performed by the company check airman (Captain/Check Airman)""]}","[{""subject"": ""unsafe_decision"", ""relation"": ""LEADS_TO"", ""object"": ""unsafe_skill"", ""evidence"": ""The inadequate flare by the flying pilot and the remedial action not performed by the company check airman.""}]",success
20020718X01166,[],"{""situational_tech"": [""Inadequate materials specification of bolt (Manufacturer/Engineering)"", ""Lack of mandated inspection requirements for flap hinge bolts (Regulatory Authority/Operator)""], ""unsafe_decision"": [""The flight crew continued the approach and selected flaps 50 despite the aircraft being in a configuration that was not fully verified or stable, leading to an unstable approach (Flight Crew)""]}",[],success
20020702X01033,[],"{""operator_mental"": [""Loss of Situational Awareness (First Officer)"", ""Channelized Attention (First Officer)""], ""personnel_crm"": [""Failed to Back-up (Captain)""], ""unsafe_skill"": [""The first officer (PNF) failed to monitor the speed index on the PFD and did not detect that the V-speeds had reset to 100 knots before calling 'V1 rotate', resulting in rotation at an insufficient airspeed.""], ""unsafe_decision"": [""The captain (PF) rotated the aircraft at approximately 120-138 knots, well below the calculated Vr of 143 knots and V2 of 143 knots, leading to a tail strike during the subsequent rejected takeoff.""]}","[{""subject"": ""unsafe_perception"", ""relation"": ""LEADS_TO"", ""object"": ""unsafe_decision"", ""evidence"": ""The first officer called V1 rotate, and the captain responded to an aircraft pitch of approximately 12 degrees... The flight crew's failure to obtain the Vr speed prior to rotation which resulted in insufficient lift""}]",success
20020703X01048,[],"{""operator_mental"": [""Loss of Situational Awareness (Pilot)"", ""Complacency (Pilot)""], ""personnel_crm"": [""Failed to Communicate (Ground Control)"", ""Failed to Coordinate (Airport Operations/Dispatcher)""], ""unsafe_perception"": [""The pilot taxied on taxiway Zulu, which was closed due to construction; however, the construction was not posted... The ground controller also failed to mention to the flight that taxiway Zulu was closed. (Pilot)""], ""unsafe_violation"": [""Taxiway Zulu was closed by way of barricades following the mishap... Factors contributing to the accident were the airport's failure to properly identify the construction area, their failure to publish a notice to airmen. (Airport Operations/ATC)""]}",[],success
20011003X02029,[],"{""operator_mental"": [""Loss of Situational Awareness (Second Pilot)"", ""Get-home-itis (First Pilot)""], ""operator_limits"": [""Inexperience in Aircraft Type (Second Pilot)""], ""personnel_crm"": [""Failed to Coordinate (Crew)"", ""Failure of Leadership (First Pilot)""], ""unsafe_decision"": [""Pilot's decision to continue an unstabalized approach to landing"", ""Inadequate coordination between the crew""], ""unsafe_perception"": [""Misjudged Distance/Altitude/Airspeed: higher than normal sink rate was encountered... initial touchdown was 'firm'""]}","[{""subject"": ""personnel_crm"", ""relation"": ""LEADS_TO"", ""object"": ""unsafe_decision"", ""evidence"": ""inadequate coordination between the crew""}, {""subject"": ""unsafe_decision"", ""relation"": ""LEADS_TO"", ""object"": ""unsafe_skill"", ""evidence"": ""The flightcrew's continued use of an unstabilized GPS approach""}]",success
20020717X01153,[],"{""operator_mental"": [""Distraction (Ramp Agent)"", ""Loss of Situational Awareness (Ramp Agent)""], ""personnel_crm"": [""Failed to Coordinate (Ramp Agent)""], ""unsafe_skill"": [""Breakdown in Visual Scan (Ramp Agent)"", ""Failed to Prioritize Attention (Ramp Agent)""], ""unsafe_decision"": [""Improper Procedure (Ramp Agent)""]}","[{""subject"": ""unsafe_perception"", ""relation"": ""LEADS_TO"", ""object"": ""unsafe_decision"", ""evidence"": ""As she scurried to retrieve them, her right hand contacted the engine number one rotating propeller.""}, {""subject"": ""unsafe_decision"", ""relation"": ""LEADS_TO"", ""object"": ""unsafe_violation"", ""evidence"": ""The failure of the ground agent to follow procedures and directives... resulting in collision between her hand and the propeller.""}]",success
20010608X01136,[],"{""personnel_crm"": [""Failed to Communicate (Flight Crew)""], ""unsafe_decision"": [""Passenger ignored the seatbelt sign and entered the lavatory""]}",[],success
20020604X00806,[],"{""situational_tech"": [""Equipment Design (Radio Altimeter susceptibility to false signals in heavy precipitation)"", ""Automation (False GPWS warning due to lack of GPS reasonableness check)""], ""unsafe_decision"": [""Captain: 'initiation of the escape maneuver' in response to a false GPWS alert, resulting in an 'excedence of the airplane's design aerodynamic stall buffet boundary' and structural damage""]}",[],success
20020731X01263,[],"{""operator_mental"": [""Loss of Situational Awareness (Pilot)""], ""unsafe_perception"": [""Pilot failed to detect the flock of seagulls during initial climb, resulting in a bird strike""]}",[],success
20020729X01242,[],"{""operator_mental"": [""Loss of Situational Awareness (Ground Service Vehicle Driver)""], ""personnel_crm"": [""Failed to Coordinate (Flight Crew and Ground Service Vehicle Driver)""], ""unsafe_perception"": [""Misjudged Distance (Ground Service Vehicle Driver): The narrative states the vehicle driver's failure to maintain clearance of the airplane, indicating a misperception of the spatial relationship between the vehicle and the aircraft fuselage.""]}",[],success
20020801X01282,[],"{""operator_mental"": [""Loss of Situational Awareness (Captain)"", ""Loss of Situational Awareness (First Officer)""], ""operator_physical"": [""Physical Fatigue (Captain)"", ""Physical Fatigue (First Officer)""], ""operator_limits"": [""Visual Limitation (First Officer)""], ""personnel_crm"": [""Failed to Back-up (Captain)"", ""Failed to Back-up (Flight Engineer)""], ""unsafe_decision"": [""Failure to adhere to company flight procedures (Captain, First Officer)"", ""Failure to monitor the approach (Captain, Flight Engineer)""], ""unsafe_perception"": [""Failure to establish and maintain a proper glidepath during the night visual approach (Captain, First Officer)""]}",[],success
20020813X01372,[],"{""situational_tech"": [""Equipment Design (fatigue failure of MLG retract cylinder support frame)"", ""Interface (red unsafe gear lights remained illuminated due to broken proximity switch target, misleading crew)""], ""personnel_readiness"": [""Inadequate Maintenance/Inspection (failure to detect fatigue cracks in support frames prior to incident)""], ""unsafe_decision"": [""FedEx Manager of Aircraft Maintenance: Failed to implement Service Bulletin No. DC10-57-105 inspections for the fleet after acquiring aircraft post-SB issuance, leading to fatigue failure""]}",[],success
20020814X01387,[],"{""operator_mental"": [""Loss of Situational Awareness (Captain)"", ""Distraction (First Officer)""], ""personnel_crm"": [""Failed to Coordinate (Captain and First Officer)"", ""Failure of Leadership (Captain)""], ""unsafe_skill"": [""Over-controlled Aircraft (Captain excessive use of flight controls to level off from a descent)""]}",[],success
20020913X01603,[],"{""operator_mental"": [""Loss of Situational Awareness (Captain)""], ""personnel_crm"": [""Failed to Communicate (Captain)"", ""Failed to Back-up (First Officer)""], ""unsafe_skill"": [""Inadvertent Flight Control Use: The captain moved the #1 thrust lever out of reverse and inadvertently moved it to the Take-Off/Go-Around (TOGA) position, while leaving the #2 thrust lever in the full reverse position (Captain)"", ""Failed to maintain proper runway alignment and directional control, resulting in the aircraft veering right and departing the paved surface (Captain)""], ""unsafe_decision"": [""Failure to Coordinate: The captain did not brief the first officer regarding the thrust reverser's MEL'd status, nor was he specifically required to do so by the company operations manual; also, the first officer did not remind the captain of its status (Captain and First Officer)"", ""Failed to Back-up: The airline's crew resource management procedures tasked the nonflying pilot to be supportive of the flying pilot and backup his performance if pertinent items were omitted from the approach briefing, but this was not done (First Officer)""]}","[{""subject"": ""personnel_crm"", ""relation"": ""LEADS_TO"", ""object"": ""unsafe_decision"", ""evidence"": ""The captain did not brief the first officer regarding the thrust reverser's MEL'd status... Also, the first officer did not remind the captain of its status""}, {""subject"": ""personnel_crm"", ""relation"": ""LEADS_TO"", ""object"": ""unsafe_skill"", ""evidence"": ""A factor in the accident was the crew's inadequate coordination and crew resource management.""}]",success
20020923X05198,[],"{""operator_mental"": [""Get-home-itis (Captain)"", ""Channelized Attention (Captain)""], ""personnel_crm"": [""Failure of Leadership (Captain)"", ""Failed to Coordinate (First Officer)""], ""unsafe_skill"": [""The captain... pulled off too much power and did not properly arrest the sink (Captain)"", ""Both pilots reported that they were unaware that the speed brakes, which had been extended when the airplane left 5,000 feet on approach, were still extended at touchdown (Captain and First Officer)""], ""unsafe_decision"": [""The captain... elected to maneuver the airplane to that runway for landing... despite being aligned with runway 33R (Captain)"", ""I had become fixated on landing the AC... so I added power to return to the glide slope (Captain)"", ""The captain's failure to follow existing company procedures for stabilized approach, and use of speed brakes (Captain)""]}","[{""subject"": ""unsafe_decision"", ""relation"": ""LEADS_TO"", ""object"": ""unsafe_violation"", ""evidence"": ""The captain... elected to maneuver the airplane to that runway for landing... The captain's failure to follow existing company procedures for stabilized approach""}, {""subject"": ""unsafe_perception"", ""relation"": ""LEADS_TO"", ""object"": ""unsafe_decision"", ""evidence"": ""I had become fixated on landing the AC... I felt I was in a position to land""}, {""subject"": ""personnel_readiness"", ""relation"": ""CO_OCCURS_WITH"", ""object"": ""unsafe_perception"", ""evidence"": ""His previous position was a Boeing 747 first officer... his estimates were based upon his previous Boeing 747 experience""}, {""subject"": ""unsafe_violation"", ""relation"": ""LEADS_TO"", ""object"": ""operator_limits"", ""evidence"": ""speedbrakes... remained extended through the touchdown... resulted in a very firm landing... tail strike""}]",success
20020919X05176,[],"{""operator_mental"": [""Loss of Situational Awareness (Pilot of Piper PA-24)"", ""Channelized Attention (Captain and First Officer of Beech 1900D)""], ""personnel_crm"": [""Failed to Communicate (Captain and First Officer of Beech 1900D)"", ""Failed to Coordinate (Pilot of Piper PA-24 and Crew of Beech 1900D)""], ""unsafe_skill"": [""Breakdown in Visual Scan (Pilot of N8822P)"", ""Breakdown in Visual Scan (Captain of N240GL)"", ""Inadvertent Flight Control Use / Poor Technique (Pilot of N8822P)""], ""unsafe_decision"": [""Inappropriate Maneuver (Pilot of N8822P)""]}","[{""subject"": ""unsafe_perception"", ""relation"": ""LEADS_TO"", ""object"": ""unsafe_decision"", ""evidence"": ""The pilot said he saw an airplane on runway 27 at a fast roll approaching the runway 21/27 intersection... He judged that the two airplanes would meet at the intersection. The pilot said his immediate thought was that he had to take immediate action.""}, {""subject"": ""unsafe_decision"", ""relation"": ""LEADS_TO"", ""object"": ""operator_physical"", ""evidence"": ""He applied full power to the engine pulled the nose up into a landing attitude, and veered left so as to pass behind the airplane. \""Seconds later we struck the ground in a tail low attitude...\"" The PA-24-260 was substantially damaged.""}, {""subject"": ""unsafe_perception"", ""relation"": ""CO_OCCURS_WITH"", ""object"": ""unsafe_decision"", ""evidence"": ""Factors contributing to the accident were inadequate visual lookout by the pilot and the crew of the other airplane and the inadvertent stall.""}]",success
20020923X05202,[],"{""operator_mental"": [""Loss of Situational Awareness (tow tug driver)""], ""personnel_crm"": [""Failed to Communicate (tow tug driver)"", ""Failed to Coordinate (brake rider)"", ""Failure of Leadership (American Airlines management)""], ""personnel_readiness"": [""Inadequate Training (tow tug driver)"", ""Lack of Familiarity with Procedures (tow tug driver)""], ""unsafe_skill"": [""The tow tug driver reported that he did not brief the members of the tow team about the route to follow (Tow Tug Driver)"", ""Breakdown in Visual Scan - The tow tug driver entered taxi lane 6S, and reported that since the tow operation was approaching spot 6 near a 'roadway', and since he had not yet heard from the cockpit, he elected to stop the tow operation (Tow Tug Driver)""], ""unsafe_decision"": [""The brake rider in the B777 airplane reported that when he contacted ramp he received pushback clearance then routing via taxi lane 6C, which he relayed to the tow tug driver. The tow tug driver questioned what direction to position the tail... He later reported the brake rider did not specify what route to follow (Brake Rider)"", ""The tow tug driver elected to stop the tow operation short of spot 6 as he had not heard from the brake rider, but continued moving on the incorrect taxi lane 6S prior to stopping, failing to correct the path immediately upon realizing communication loss or deviation (Tow Tug Driver)""]}","[{""subject"": ""personnel_readiness"", ""relation"": ""LEADS_TO"", ""object"": ""unsafe_decision"", ""evidence"": ""The driver of the tow tug reported that prior to the incident tow, he had never been trained in the significance of the taxi lanes designated 6S, 6C, or 6N... He entered taxi lane 6S""}, {""subject"": ""personnel_readiness"", ""relation"": ""LEADS_TO"", ""object"": ""unsafe_perception"", ""evidence"": ""The brake rider in the B777 airplane is a mechanic with the airline and at the time of the tow operation his training records reflect that he had not been trained on B777 Cockpit Towing procedures""}, {""subject"": ""unsafe_decision"", ""relation"": ""LEADS_TO"", ""object"": ""unsafe_violation"", ""evidence"": ""The airplane started moving on the tow and when he noted the airplane was being towed onto taxi lane 6S... The failure of the tug driver to maintain wingtip clearance with a parked airplane""}, {""subject"": ""situational_tech"", ""relation"": ""LEADS_TO"", ""object"": ""unsafe_perception"", ""evidence"": ""He got out of the tow vehicle, and noted that the headset cord was broken... The brake rider advised the Tower Coordinator he knew, and had attempted to communicate with the tow tug driver... but was unsuccessful""}]",success
20020925X05213,[],"{""situational_tech"": [""Equipment Design (Material Flaw/Inclusions in Landing Gear Cylinder)""], ""unsafe_decision"": [""Maintenance/Operations personnel allowed the aircraft to operate with a landing gear component that had exceeded its recommended service life (105,099 cycles vs. typical overhaul intervals) and contained known material defects (inclusions/hydrogen), failing to identify or mitigate the risk of fatigue failure during pre-flight inspection.""]}",[],success
20020930X05249,[],"{""operator_mental"": [""Complacency (Maintenance Mechanic)""], ""personnel_crm"": [""Failed to Coordinate (Maintenance Mechanic)""], ""unsafe_decision"": [""Improper installation of the #2 main landing gear wheel, including the axle nut not being properly torqued and safetied (Maintenance mechanic)""]}","[{""subject"": ""unsafe_skill"", ""relation"": ""LEADS_TO"", ""object"": ""unsafe_violation"", ""evidence"": ""improper installation of the #2 main landing gear wheel, including the axle nut not being properly torqued and safetied""}]",success
20021029X05398,[],"{""operator_limits"": [""Insufficient Reaction Time (First Officer)""], ""situational_tech"": [""Automation (Autopilot engagement limiting immediate manual control response)""], ""unsafe_perception"": [""Breakdown in Visual Scan (First Officer): The narrative states the birds were illuminated by approach lights and visible, but 'there was insufficient time to avoid the flock,' implying a failure of the pilot flying to detect the hazard early enough during the descent scan.""]}",[],success
20021030X05404,[],"{""operator_mental"": [""Loss of Situational Awareness (Bus Driver)""], ""personnel_crm"": [""Failed to Coordinate (Bus Driver)""], ""unsafe_violation"": [""The driver of the bus not maintaining clearance from the taxiing airplane"", ""Vehicle Operators shall come to a complete stop where posted, prior to crossing any and all taxiways on the service roads""]}",[],success
20030423X00550,[],"{""personnel_crm"": [""ATC failed to communicate specific bird hazard warning to pilot despite knowing birds were in the vicinity""], ""unsafe_perception"": [""Breakdown in Visual Scan (Flight Crew): The narrative states the birds were 'not in their flight path' initially but then split and turned into the path, implying a failure of the flight crew's visual scan to detect the changing wildlife hazard during initial climbout prior to impact.""]}",[],success
20021118X05480,[],"{""operator_mental"": [""Complacency (Maintenance Personnel)""], ""situational_tech"": [""Equipment Design (Aircraft Manufacturer/Maintenance)""], ""unsafe_decision"": [""Maintenance personnel: 'examination of the airplane by maintenance personnel revealed a broken hydraulic line' (implied failure to detect/repair defect prior to release, leading to fluid accumulation)""]}",[],success
20021112X05460,[],"{""operator_mental"": [""Complacency (Captain)""], ""personnel_crm"": [""Failed to Coordinate (Captain)""], ""unsafe_decision"": [""Captain: 'there was nothing on the radar or visual observation of the sky condition to suggest any more than light turbulence' (Failed to recognize the potential for severe turbulence while skimming a broken cloud layer, leading to an unsafe descent profile/altitude selection that resulted in injury)""]}",[],success
20021125X05520,[],"{""operator_mental"": [""Complacency (Maintenance Mechanic)""], ""situational_tech"": [""Equipment Design (Messier-Dowty Backplate/Assembly)"", ""Interface (Airbus AMM/JIC Instructions)""], ""unsafe_skill"": [""The mechanic rotated the upper centering cam 20-30 degrees during installation, failing to align it with the lower cam as required by the CMM/AMM (Maintenance Mechanic)"", ""The maintenance crew failed to verify that the anti-rotation lugs were properly seated in the backplate slots before securing the shock absorber, resulting in improper engagement (Maintenance Crew)""]}",[],success
20021204X05561,[],"{""operator_mental"": [""Complacency (Flight Attendant)""], ""personnel_crm"": [""Failed to Coordinate (Cabin Crew)""], ""unsafe_skill"": [""The cabin flight crew not verifying the galley service cart had been properly stowed prior to departure, which resulted in the inadvertent deployment of the galley service cart during initial climb after takeoff.""]}",[],success
20030109X00039,"[{""text"": ""The captain reported that... He did not seek any braking action report from the control tower."", ""role"": ""Captain"", ""tier"": ""unsafe_decision""}, {""text"": ""When asked about landing distance, he said a rule of thumb for landing with the wing flaps set at 22 degrees, and a wet runway was 5,000 feet of runway required. He said he did not ask the first officer to compute the landing distance because he did not have the time to ask her to compute it."", ""role"": ""Captain"", ""tier"": ""unsafe_decision""}, {""text"": ""The first officer reported that... She said that she did not compute a landing distance."", ""role"": ""First Officer"", ""tier"": ""unsafe_decision""}, {""text"": ""He thought the airspeed was less than 60 knots as the airplane departed the runway. He reported that he considered a missed approach prior to hearing the aural warning for minimums and had visual reference with the runway."", ""role"": ""Captain"", ""tier"": ""unsafe_perception""}]","{""operator_mental"": [""Loss of Situational Awareness (Captain)"", ""Complacency (Captain)""], ""personnel_crm"": [""Failed to Communicate (Captain)"", ""Failure of Leadership (Captain)"", ""Failed to Coordinate (First Officer)""], ""unsafe_decision"": [""Captain decided to continue the approach and land despite RVR of 4,000 ft being below the NOTAM minimum of 5,000 ft (due to missing NOTAM) and poor braking action reports from previous flights"", ""Captain failed to compute or verify landing distance required for a contaminated runway before initiating the final approach segment"", ""First Officer failed to challenge the Captain's decision to land without verifying landing distance or minimums compliance""], ""unsafe_perception"": [""Captain misjudged the stopping capability of the aircraft on the snow-covered runway, believing he could stop within the available distance despite 'poor' braking action reports and high approach speed (150 kts)""]}","[{""subject"": ""unsafe_perception"", ""relation"": ""LEADS_TO"", ""object"": ""unsafe_decision"", ""evidence"": ""He reported that he considered a missed approach prior to hearing the aural warning for minimums and had visual reference with the runway... He said he did not ask the first officer to compute the landing distance because he did not have the time to ask her to compute it.""}, {""subject"": ""unsafe_decision"", ""relation"": ""CO_OCCURS_WITH"", ""object"": ""unsafe_perception"", ""evidence"": ""The first officer reported that... She said that she did not compute a landing distance. ... He thought the airspeed was less than 60 knots as the airplane departed the runway.""}]",success
20030110X00049,[],"{""operator_mental"": [""Complacency (Captain)"", ""Loss of Situational Awareness (First Officer)""], ""personnel_crm"": [""Failed to Coordinate (Ramp Agent and Captain)"", ""Failure of Leadership (Air Midwest Maintenance Management)""], ""personnel_readiness"": [""Inadequate Preparation (Raytheon Aerospace Quality Assurance Inspector)"", ""Inadequate Preparation (Air Midwest Weight and Balance Program Staff)""], ""unsafe_decision"": [""Captain accepted heavy baggage and justified weight discrepancy by assuming a child passenger would offset the weight, leading to an aft center of gravity (Captain)"", ""Raytheon Aerospace quality assurance inspector failed to detect incorrect rigging of the elevator control system during inspection (Quality Assurance Inspector)""]}",[],success
20030205X00166,[],"{""operator_limits"": [""Insufficient Reaction Time (Pilot in Command)""], ""situational_tech"": [""Equipment Design (Windshield Spalling Hazard) (Manufacturer/Regulator)"", ""Visual Limitation (Dark Night Conditions) (Environment)""], ""unsafe_perception"": [""Breakdown in Visual Scan (Flight Crew): The narrative states the birds 'suddenly appeared' and were only illuminated by approach lights before impact, implying a failure of the flight crew's visual scan to detect the wildlife hazard early enough during the night visual approach.""]}",[],success
20030116X00075,[],"{""situational_tech"": [""Equipment Design (Lavatory sensor circuit board layout with AC/DC wires soldered too close, leading to arcing)"", ""Equipment Design (Circuit breaker failure to trip at specified overload current)""], ""unsafe_decision"": [""Maintenance personnel installed a defective lavatory water level sensor during the heavy maintenance visit on October 28, 2002, without detecting the manufacturing defect (cracked potting material/weak circuit breaker) that led to arcing and fire.""]}",[],success
20030129X00123,[],"{""operator_mental"": [""Complacency (Taxi Mechanic-in-Charge)"", ""Haste (Taxi Mechanic-in-Charge)""], ""personnel_crm"": [""Failed to Coordinate (Taxi Mechanic-in-Charge and Taxi Assistant Mechanic)""], ""unsafe_skill"": [""The taxi mechanic-in-charge advanced the throttles out of their idle detents 'a couple of inches, about halfway' and realized they were still out of position only after the aircraft began moving at a 'fairly decent speed', indicating poor technique in throttle management.""], ""unsafe_violation"": [""The taxi mechanic-in-charge did not possess an authorization to taxi the A319, despite NWA procedures requiring the taxi mechanic-in-charge to be properly trained, qualified and current on the applicable fleet type.""]}","[{""subject"": ""unsafe_decision"", ""relation"": ""LEADS_TO"", ""object"": ""unsafe_skill"", ""evidence"": ""he advanced the throttles out of their idle detents 'a couple of inches, about halfway.' The airplane began to move at a 'fairly decent speed,' and he realized the throttles were still out of the idle detent position.""}, {""subject"": ""unsafe_skill"", ""relation"": ""LEADS_TO"", ""object"": ""operator_limits"", ""evidence"": ""He retarded the throttles and applied brakes; however, the airplane did not slow and continued until it struck the jetway.""}, {""subject"": ""unsafe_violation"", ""relation"": ""CO_OCCURS_WITH"", ""object"": ""unsafe_decision"", ""evidence"": ""he had not attended an A319/A320 taxi training class and did not possess an authorization to taxi the A319.""}]",success
20030122X00086,[],"{""operator_mental"": [""Loss of Situational Awareness (Tug Driver)"", ""Complacency (Wing Walker)""], ""personnel_crm"": [""Failed to Coordinate (Tug Driver and Wing Walker)"", ""Failed to Communicate (Tug Driver and Captain)""], ""unsafe_decision"": [""Tug driver requested the wing walker to leave his post to scrape snow, violating the requirement to maintain visual contact with all necessary guidemen (Ground Crew/Tug Driver)"", ""De-icing truck operator re-positioned the vehicle into the path of the aircraft without coordinating with the tow operation or ensuring clearance (Deicing Truck Operator)""]}","[{""subject"": ""unsafe_decision"", ""relation"": ""LEADS_TO"", ""object"": ""unsafe_violation"", ""evidence"": ""The left wing walker left his post upon request of the tug driver to scrape the snow off the lead in line with his boot.""}, {""subject"": ""unsafe_violation"", ""relation"": ""LEADS_TO"", ""object"": ""situational_tech"", ""evidence"": ""The aircraft struck the de-ice truck, dragging it approximately 15 feet. The truck went up on two wheels and was pinned at a 45-degree angle.""}]",success
20030128X00117,[],"{""operator_limits"": [""Lack of recent winter area familiarization/experience for Captain""], ""personnel_crm"": [""Failure to coordinate/control effectively between Captain and First Officer during landing roll"", ""First Officer failed to intervene or take control when Captain's inputs were ineffective""], ""unsafe_skill"": [""Captain's inadequate compensation for crosswind conditions and failure to maintain directional control during the landing roll on an icy runway""], ""unsafe_decision"": [""Captain relied too much on nose wheel steering instead of using rudders quickly enough or aggressively enough to maintain directional control"", ""Captain delayed his correction for the drift, resulting in an excursion from the runway""]}","[{""subject"": ""unsafe_decision"", ""relation"": ""LEADS_TO"", ""object"": ""unsafe_skill"", ""evidence"": ""the captain did not seem to utilize the rudders quickly enough, or aggressively enough... and relied too much on the nose wheel steering""}, {""subject"": ""personnel_readiness"", ""relation"": ""LEADS_TO"", ""object"": ""unsafe_decision"", ""evidence"": ""He said he had considerable experience flying the accident type airplane, but all of his recent winter flight experience had been to large, hard-surfaced runways... The captain said the company should have provided him with a winter-specific familiarization flight""}]",success
20030214X00221,[],"{""situational_tech"": [""Equipment Design (Handrail locking mechanism failure/collapse)""], ""unsafe_decision"": [""Crew failed to verify the securement of the aft passenger stair handrail before allowing deplaning (Flight Crew)""]}",[],success
20030220X00241,"[{""text"": ""Captain"", ""role"": ""Pilot Flying"", ""tier"": ""unsafe_decision""}, {""text"": ""Airport Personnel"", ""role"": ""Ground Crew / Airport Operator"", ""tier"": ""unsafe_decision""}]","{""operator_mental"": [""Loss of Situational Awareness (Captain)"", ""Complacency (First Officer)""], ""personnel_crm"": [""Failed to Coordinate (Captain and First Officer)"", ""Failure of Leadership (Captain)""], ""unsafe_decision"": [""Captain: 'The pilot's improper in-flight decision to land on a runway with a tailwind component that exceeded the airplane's tailwind limitation and his failure to perform a go-around which resulted in the proper touchdown point not being attained and the airplane landing long.'"", ""Captain: 'The captain did not brief the first officer concerning procedures for landing on a contaminated runway.' (Failure to follow ACA FSM requirements for contaminated runway briefing)"", ""Airport Personnel: 'BMI failed to comply with the provisions concerning \""Snow and Ice Control\"" measures... BMI did not conduct or provide friction measurement reports between the hours of 7:00 p.m. and 10:00 p.m.'"", ""Airport Personnel: 'The personnel inside the snow removal vehicles were making runway condition assessments by looking out their side view mirrors. Instead, personnel need to \""follow up behind all snow removal equipment...\""'""], ""unsafe_violation"": [""Captain: 'Neither pilot provided the correct tailwind and crosswind component... The airplane's tailwind limitation is 10 knots. The FDR data indicated that the airplane landed with a 13 knot tailwind.' (Intentionally Exceeded Aircraft Limits / Violated Operating Limitations)"", ""Airport Personnel: 'BMI had only one individual on the airport that was available and authorized to conduct airfield condition reports, issue NOTAMS... However, that person... was also tasked with other collateral duties that prevented him from providing a runway condition report' (Failed to Prepare for Flight / Violated Regulatory Requirements)""]}","[{""subject"": ""unsafe_decision"", ""relation"": ""CO_OCCURS_WITH"", ""object"": ""unsafe_decision"", ""evidence"": ""The pilot's improper in-flight decision to land on a runway with a tailwind component that exceeded the airplane's tailwind limitation... Also causal was the inadequate snow removal procedures used by the airport personnel""}]",success
20030304X00276,[],"{""operator_mental"": [""Loss of Situational Awareness (Flight Crew)""], ""personnel_crm"": [""Failed to Coordinate (Cabin Crew)""], ""unsafe_decision"": [""Flight crew maneuvering around weather cells in severe turbulence without adequate avoidance or speed reduction, resulting in injury""]}",[],success
20030305X00291,[],"{""personnel_readiness"": [""Inadequate weather briefing / failure to identify turbulence risk (Flight Crew)""], ""unsafe_decision"": [""Flight attendants were not seated and belted during the turbulence encounter (Cabin Attendants)""]}",[],success
20030314X00332,[],"{""situational_tech"": [""Equipment Design (Manufacturer/Operator): Fatigue failure of drag stay tube due to improperly machined transition radius and lack of required inspection procedure""], ""unsafe_decision"": [""Maintenance/Operations personnel allowed the aircraft to operate with a landing gear component (drag stay tube) that had accumulated 28,285 cycles and contained known fatigue initiation features from an improperly machined transition radius, failing to identify or mitigate the risk of failure during inspections.""]}",[],success
20030317X00344,[],"{""operator_mental"": [""Loss of Situational Awareness (Captain)""], ""personnel_crm"": [""Failed to Coordinate (Captain)""], ""unsafe_decision"": [""Captain requested a deviation to turn due to weather while flying through heavy rain and lightning activity, failing to avoid the hazardous area despite known conditions""]}",[],success
20030409X00464,[],"{""operator_mental"": [""Loss of Situational Awareness (Pilot-in-Command)"", ""Channelized Attention (Co-pilot)""], ""situational_tech"": [""Equipment Design: PCDU failure mode causing AC contamination and extended DU blanking (Manufacturer/Operator)"", ""Interface: Inadequate emergency lighting system reliability during power loss (Manufacturer)""], ""personnel_crm"": [""Failed to Coordinate: Flight attendants did not communicate status or check outside conditions before opening doors (Flight Attendants)"", ""Failure of Leadership: Captain failed to ensure crew coordination regarding evacuation procedures and emergency lighting activation (Pilot-in-Command)""], ""personnel_readiness"": [""Inadequate Training: Flight attendants trained on non-representative tail cone trainers leading to confusion during deployment (Airline/Operator)"", ""Inadequate Preparation: Crew did not utilize standby instruments or flashlights due to lack of preparedness for total electrical loss (Pilot-in-Command & Co-pilot)""], ""unsafe_skill"": [""Flight attendants: 'did not check conditions outside of their doors prior to opening them' (failure to perform standard safety scan before evacuation)"", ""L2 flight attendant: 'jettisoned the tail cone, but could not determine if the slide had properly inflated... exited the cabin... then re-entered' (improper technique/verification of emergency equipment deployment)""], ""unsafe_decision"": [""Flight attendants: 'cabin emergency lighting was not turned on by the flight attendants' (failure to activate available safety systems during evacuation in darkness)"", ""Captain: 'directed his vision outside of the cockpit where it remained until after landing... did not use standby instruments or flashlight' (poor decision to neglect instrument cross-check and backup tools during electrical failure)""]}",[],success
20030327X00400,[],"{""operator_mental"": [""Distraction (Captain)"", ""Haste (Captain)""], ""personnel_crm"": [""Failed to Coordinate (Crew)""], ""unsafe_skill"": [""The captain's failure to maintain directional control during takeoff (Captain)""], ""unsafe_decision"": [""Crew's diverted attention due to coordination with ATC and de-icing procedures while operating in poor weather conditions (Crew)""]}","[{""subject"": ""unsafe_decision"", ""relation"": ""LEADS_TO"", ""object"": ""unsafe_perception"", ""evidence"": ""the captain reported they coordinated with air traffic control to expedite their departure... the crew's diverted attention""}, {""subject"": ""unsafe_perception"", ""relation"": ""LEADS_TO"", ""object"": ""unsafe_skill"", ""evidence"": ""the captain said he tried to correct the situation with rudder and differential power, but the airplane continued to track left... I lost control of the situation""}]",success
20030425X00566,[],"{""personnel_crm"": [""Failed to Coordinate (Flight Attendant)""], ""unsafe_decision"": [""Flight attendant attempted to stow the beverage cart in the aft galley despite receiving instructions from the captain to leave carts stowed and sit down due to expected turbulence""]}",[],success
20030409X00468,[],"{""personnel_crm"": [""Failed to Coordinate (Captain/First Officer): The pilots issued a warning to the flight attendants only 30-60 seconds before severe turbulence, which was insufficient time for the crew to secure themselves and passengers effectively.""], ""unsafe_decision"": [""One of the pilots called to the flight attendants and asked them to sit down... 30 to 60 seconds later the airplane encountered severe turbulence (Captain/Flight Crew)""]}",[],success
20030423X00557,[],"{""operator_mental"": [""Complacency (Maintenance Crew)""], ""situational_tech"": [""Equipment Design (Aircraft Manufacturer/Maintenance)""], ""unsafe_decision"": [""First officer started the auxiliary power unit (APU) while taxiing, which ingested hydraulic fluid from a leaking pump, causing smoke in the cabin.""]}",[],success
20030421X00540,[],"{""operator_mental"": [""Complacency (Maintenance Crew)""], ""personnel_readiness"": [""Inadequate Maintenance Procedures (Maintenance Organization)""], ""unsafe_decision"": [""Maintenance personnel failed to detect the failure of the fuel flex line during routine inspections or maintenance, allowing a known wear item (flex line) to fail in service.""]}",[],success
20030423X00554,[],"{""operator_mental"": [""Loss of Situational Awareness (Captain)""], ""personnel_crm"": [""Failed to Coordinate (Ground Personnel)"", ""Failure of Leadership (Operator Management)""], ""unsafe_perception"": [""Captain: Failure to maintain adequate clearance between the airplane's wingtip and a parked vehicle""], ""unsafe_violation"": [""Ground personnel: Failure of ground personnel to utilize a wing walker as prescribed in company policy when aircraft are operated near obstacles""]}","[{""subject"": ""unsafe_decision"", ""relation"": ""LEADS_TO"", ""object"": ""unsafe_skill"", ""evidence"": ""The failure of the captain to maintain adequate clearance between the airplane's wingtip and a parked vehicle.""}, {""subject"": ""unsafe_violation"", ""relation"": ""CO_OCCURS_WITH"", ""object"": ""unsafe_decision"", ""evidence"": ""A factor contributing to the accident was the failure of ground personnel to utilize a wing walker as prescribed in company policy when aircraft are operated near obstacles.""}]",success
20030501X00608,[],"{""operator_mental"": [""Distraction (Captain)"", ""Loss of Situational Awareness (First Officer)""], ""personnel_crm"": [""Failed to Coordinate (Flight Crew)"", ""Failure of Leadership (Captain)""], ""personnel_readiness"": [""Inadequate Preparation (Flight Crew)""], ""unsafe_skill"": [""Omitted Checklist Step: The captain stated that 'prior to the engine start sequence, I did not direct re-accomplishment of the before start checklist.' (Captain)""], ""unsafe_decision"": [""Improper Procedure: The flight crew initiated pushback and engine start without verifying throttle position after maintenance advanced them for a slat check. (Flight Crew)"", ""Poor Decision: The first officer called for and received pushback clearance while the throttles were still in an advanced configuration due to the recent maintenance check. (First Officer)""]}","[{""subject"": ""unsafe_decision"", ""relation"": ""LEADS_TO"", ""object"": ""unsafe_violation"", ""evidence"": ""the captain stated that \""prior to the engine start sequence, I did not direct re-accomplishment of the before start checklist.\""""}, {""subject"": ""unsafe_decision"", ""relation"": ""LEADS_TO"", ""object"": ""unsafe_skill"", ""evidence"": ""the flight crew's failure to maintain aircraft control, which resulted in engine start with the throttles advanced""}]",success
20030514X00654,[],"{""personnel_crm"": [""Failed to Communicate (Flight Attendant)""], ""unsafe_decision"": [""Flight attendant decided to stand in the galley during cruise flight despite 'continuous light turbulence' and the illuminated fasten-seatbelt sign, misjudging the severity of the weather conditions""]}",[],success
20030509X00638,[],"{""situational_tech"": [""Equipment Design (Maintenance/Engineering): Inadequate design or maintenance standards for the accessory drive shaft universal joint, leading to bearing deterioration and failure without prior detectable warning.""], ""unsafe_decision"": [""Elected to shut down the left engine in accordance with the Precautionary Engine Shutdown checklist (Pilot/Operator)""]}",[],success
20030505X00618,[],"{""personnel_crm"": [""Flight attendant failed to remain seated and secured during known turbulence risk despite instruction""], ""unsafe_decision"": [""Flight attendant was on her way back to her jump seat when the turbulence began, failing to secure herself immediately upon receiving the instruction to strap in""]}",[],success
20030514X00656,[],"{""operator_mental"": [""Loss of Situational Awareness (Belt-loader operator)"", ""Complacency (Belt-loader operator)""], ""personnel_crm"": [""Failed to Coordinate (Belt-loader operator)""], ""unsafe_decision"": [""Belt-loader operator: 'He switched the transmission into neutral, but the belt-loader continued to roll forward... He did not think to use the emergency brake.' (Failure to employ available safety controls during a developing emergency)""]}",[],success
20030612X00865,[],"{""personnel_crm"": [""Failed to Communicate (Flight Crew)""], ""unsafe_decision"": [""Flight crew: 'The flight was given clearance to descend to 11,000 feet, and during the descent, an area of \""moderate turbulence\"" was encountered' (Failure to deviate from planned descent path or request different routing/altitude despite known thunderstorm cell activity on weather radar)""]}",[],success
20030605X00800,[],"{""operator_mental"": [""Loss of Situational Awareness (Dassault PIC)"", ""Distraction (Dassault PIC)""], ""personnel_crm"": [""Failed to Coordinate (Dassault PIC and Co-pilot)"", ""Misinterpretation of Traffic Calls (Dassault PIC)""], ""unsafe_skill"": [""Inadequate visual lookout (Dassault DA-50 Flight Crew): The narrative states 'both he and the co-pilot had their heads down in the cockpit as they were conducting checklists at the time of the collision' and 'Throughout the CVR transcript, there was no mention of... reviewing the airport layout diagram.'"", ""Failed to Prioritize Attention (Dassault DA-50 Flight Crew): The crew conducted a 36-second checklist while taxiing through an intersection with a hold-short instruction, failing to monitor the environment or confirm position.""], ""unsafe_decision"": [""Improper Procedure (Dassault DA-50 Flight Crew): The flight crew initiated and continued a non-emergency checklist during active taxi operations at night in low visibility conditions, contrary to FAA Advisory Circular 120-74 guidance which recommends conducting such checklists only when the aircraft is stopped or planning timing to allow for verbal coordination.""], ""unsafe_perception"": [""Loss of Situational Awareness (Dassault DA-50 Flight Crew): The crew failed to recognize their position relative to taxiway E and the hold-short instruction, leading to a collision at the intersection of BB and E.""]}","[{""subject"": ""unsafe_perception"", ""relation"": ""LEADS_TO"", ""object"": ""unsafe_decision"", ""evidence"": ""The PIC of the Dassault understood it as, 'make two left turns and taxi to runway 13 for takeoff, via taxiways F and BB.' ... While taxing north on taxiway BB, the Dassault collided with a Saab 340B at the intersections of taxiway's BB and E.""}, {""subject"": ""unsafe_decision"", ""relation"": ""LEADS_TO"", ""object"": ""unsafe_violation"", ""evidence"": ""The ground controller replied, 'Falcon six six four Bravo roger runway one three two left turns to join double Bravo hold short of taxiway echo.' ... At 2207:27, the LGA ground controller transmitted, 'Falcon six four bravo. I asked you to hold short of Echo.'""}, {""subject"": ""personnel_crm"", ""relation"": ""LEADS_TO"", ""object"": ""unsafe_perception"", ""evidence"": ""The PIC added that both he and the co-pilot had their heads down in the cockpit as they were conducting checklists at the time of the collision.""}, {""subject"": ""situational_tech"", ""relation"": ""LEADS_TO"", ""object"": ""unsafe_perception"", ""evidence"": ""Examination of taxiway BB, during the hours of darkness, by a Federal Aviation Administration (FAA) inspector revealed that there were no taxiway indicator markers informing a pilot that taxiway E was approaching.""}]",success
20030603X00763,[],"{""operator_mental"": [""Get-home-itis (Captain and First Officer)"", ""Complacency (Captain)""], ""personnel_crm"": [""Failed to Coordinate (Flight Crew)""], ""unsafe_skill"": [""Failure to align the airplane's ground track with the runway centerline before touchdown (First Officer)"", ""Failure to maintain directional control of the airplane after touchdown, resulting in veering off the left side of the runway (Flight Crew)""], ""unsafe_decision"": [""Decision to continue the approach and land with a thunderstorm reported at the airport and heavy rain reducing visibility on short final (Captain/First Officer)"", ""Failure to execute a go-around despite deteriorating conditions and unstable approach parameters implied by the need for manual steering corrections immediately after touchdown (Flight Crew)""]}","[{""subject"": ""unsafe_decision"", ""relation"": ""LEADS_TO"", ""object"": ""unsafe_skill"", ""evidence"": ""Contributing to the accident was the flight crew's decision to continue the approach and to land with a thunderstorm (with associated gusty and variable winds) reported at the airport... The flight crew steered the airplane back toward the runway, the nose landing gear collapsed""}, {""subject"": ""unsafe_decision"", ""relation"": ""LEADS_TO"", ""object"": ""unsafe_perception"", ""evidence"": ""the heavy rain, which reduced the flight crew's visibility on short final""}]",success
20030530X00743,[],"{""operator_mental"": [""Complacency (CFR driver)"", ""Distraction (CFR driver)""], ""personnel_readiness"": [""Inadequate Preparation (CFR driver)""], ""unsafe_decision"": [""The driver's failure to deploy the parking brake or use wheel chocks to secure the vehicle prior to leaving it unattended""]}",[],success
20030612X00863,[],"{""operator_mental"": [""Loss of Situational Awareness (Captain)""], ""personnel_crm"": [""Failed to Coordinate (First Officer)""], ""unsafe_perception"": [""Misjudged Distance/Altitude/Airspeed (Captain: 'The Captain's misjudgment of speed/distance which resulted in his failure to obtain the proper touch point resulting in an overrun.')""]}","[{""subject"": ""unsafe_perception"", ""relation"": ""LEADS_TO"", ""object"": ""unsafe_decision"", ""evidence"": ""The Captain's misjudgment of speed/distance which resulted in his failure to obtain the proper touch point resulting in an overrun.""}]",success
20030606X00808,[],"{""operator_mental"": [""Loss of Situational Awareness (Captain/First Officer)""], ""personnel_crm"": [""Failed to Coordinate (Flight Attendant)""], ""unsafe_decision"": [""The pilot made the announcement for passengers and flight attendants to take their seats... Descending through approximately 11,000 feet msl, the flight encountered turbulence (Captain/Flight Crew)""]}",[],success
20030729X01210,[],"{""operator_mental"": [""Loss of Situational Awareness (Ramp Agent)"", ""Complacency (Tug Operator)""], ""personnel_crm"": [""Failed to Coordinate (Ground Personnel)"", ""Failed to Communicate (Ramp Agent and Tug Operator)""], ""unsafe_decision"": [""The ramp agent 'came back into [the pilot's] view after a few seconds and gave [him] the command to continue' without verifying that the tug operator had not positioned vehicles behind the aircraft (Ramp Agent)"", ""He positioned the tug and baggage cart behind the airplane to unload baggage... The airplane began to move again and he was unable to move the vehicle before the collision occurred (Tug Operator)""]}","[{""subject"": ""unsafe_perception"", ""relation"": ""LEADS_TO"", ""object"": ""unsafe_decision"", ""evidence"": ""The ramp agent did not see the tug move in behind the airplane prior to re-initiating the turn.""}, {""subject"": ""unsafe_decision"", ""relation"": ""LEADS_TO"", ""object"": ""unsafe_skill"", ""evidence"": ""ground personnel's failure to maintain aircraft/ground vehicle clearance, resulting in the collision""}]",success
20030609X00820,[],"{""operator_mental"": [""Complacency (Maintenance Mechanic)""], ""personnel_readiness"": [""Inadequate Preparation/Procedure Adherence (Maintenance Mechanic)""], ""unsafe_decision"": [""The mechanic who conducted the functional check reported that the FDR functional check was routine... NTSB analysis... showed that, during the FDR functional check, the maximum values recorded for the roll parameter exceeded the maximum values recorded prior to the incident by 1.9 degrees in the aileron TED direction and 1.0 degree in the aileron TEU direction. This was the only time that both FDR values for the roll control parameter were in the TED range required by the functional check... An additional factor was the improper inspection procedure utilized by the operator's maintenance personnel, during which excessive force was applied to the control wheel in order to obtain acceptable flight data recorder readings during the functional check.""]}","[{""subject"": ""unsafe_violation"", ""relation"": ""LEADS_TO"", ""object"": ""situational_tech"", ""evidence"": ""improper braze procedure used by the part manufacturer at the time of fabrication which resulted in an inferior quality joint""}, {""subject"": ""unsafe_violation"", ""relation"": ""LEADS_TO"", ""object"": ""situational_tech"", ""evidence"": ""inadequate quality control (inspection) criteria which failed to identify the improperly brazed joint""}, {""subject"": ""unsafe_decision"", ""relation"": ""LEADS_TO"", ""object"": ""situational_tech"", ""evidence"": ""improper inspection procedure utilized by the operator's maintenance personnel, during which excessive force was applied to the control wheel in order to obtain acceptable flight data recorder readings""}]",success
20030624X00945,[],"{""operator_mental"": [""Loss of Situational Awareness (Captain/First Officer): Failed to recognize the secondary convective cell masked by the primary buildup and underestimated the turbulence hazard during deviation.""], ""personnel_crm"": [""Failed to Communicate (Flight Crew to Cabin Crew): The flight crew issued conflicting signals regarding safety; they announced 'light turbulence' while simultaneously giving two bells indicating it was safe for attendants to stand, leading to the injury."", ""Failure of Leadership (Captain/First Officer): Inadequate pre-departure briefing to the cabin crew regarding the specific severity of the weather and the requirement to remain seated during climb-out.""], ""unsafe_decision"": [""Flight crew deviated to the right of course around weather, placing the flight's path directly downwind of the buildups and potentially in the vicinity of turbulent eddies (Captain)"", ""Flight attendant was standing in the aft galley preparing to provide cabin service despite the seatbelt sign being illuminated and the warning of potential turbulence (Flight Attendant)""]}",[],success
20030616X00873,[],"{""operator_mental"": [""Complacency (Maintenance Technician)"", ""Haste (Lead Flight Attendant)""], ""situational_tech"": [""Equipment Design (C&D Aerospace / Manufacturer)"", ""Interface (Flight Deck Door Latch Mechanism)""], ""unsafe_skill"": [""The lead flight attendant slammed the door shut with a great amount of force (Lead Flight Attendant)"", ""The maintenance technician closed the flight deck door several times with 'a good amount of force' and signed off the write-up as 'door operation checks good' despite knowing the panel released during his own test (Maintenance Technician)""], ""unsafe_decision"": [""TWA maintenance was told by TWA maintenance that it was normal to have the panel release upon slamming, leading them to reinstall the panel and return the aircraft to service without correcting the underlying latch issue or reporting a defect (TWA Maintenance Personnel)"", ""The operator's improper compliance with the door manufacturer's service bulletin and inadequate service and maintenance of the flight deck door resulted in a loose doorstop requiring added force to close the door (Operator/Maintenance Organization)""]}","[{""subject"": ""unsafe_violation"", ""relation"": ""LEADS_TO"", ""object"": ""operator_physical"", ""evidence"": ""the operator's improper compliance with the door manufacturer's service bulletin... resulting in the deployment of the upper decompression panel which subsequently struck the captain""}, {""subject"": ""unsafe_violation"", ""relation"": ""CO_OCCURS_WITH"", ""object"": ""unsafe_decision"", ""evidence"": ""the operator's improper compliance with the door manufacturer's service bulletin... and the door manufacturer's inadequate service bulletin compliance determination""}]",success
20030624X00944,[],"{""personnel_crm"": [""Failed to Coordinate (Cabin Attendants)""], ""unsafe_decision"": [""Cabin Attendants: 'went to the rear of the airplane to stow an auxiliary table, and were headed to their seats when the turbulence hit' (Failed to secure themselves in jump seats immediately upon receiving the captain's announcement for expected turbulence, prioritizing non-essential tasks over safety)""]}",[],success
20030715X01106,[],"{""operator_mental"": [""Loss of Situational Awareness (Wing Walker)""], ""personnel_crm"": [""Failed to Coordinate (Tug Operator and Wing Walker)""], ""unsafe_skill"": [""Wing walker failed to straighten the steering wheel before moving the accelerator handle, causing the tug to reverse into the airplane (Ground Crew)""]}","[{""subject"": ""unsafe_decision"", ""relation"": ""LEADS_TO"", ""object"": ""unsafe_skill"", ""evidence"": ""He put the tug into reverse; however, he failed to straighten the steering wheel.""}]",success
20030702X00998,[],"{""operator_mental"": [""Loss of Situational Awareness (First Officer)"", ""Complacency (Captain)""], ""personnel_crm"": [""Failed to Coordinate (Flight Crew)""], ""unsafe_decision"": [""Failure of the flightcrew to abort the engine start due to abnormally high fuel flow indication during the right engine start""]}","[{""subject"": ""unsafe_perception"", ""relation"": ""LEADS_TO"", ""object"": ""unsafe_decision"", ""evidence"": ""The captain reported that although there were no abnormal engine indications in the cockpit, he secured the No. 2 engine... A contributing factor in the accident was the failure of the flightcrew to abort the engine start due to abnormally high fuel flow indication""}]",success
20030707X01028,[],"{""operator_mental"": [""Complacency (Captain)""], ""personnel_crm"": [""Failed to Coordinate (Flight Attendant)"", ""Failed to Communicate (Captain)""], ""unsafe_decision"": [""Passenger ignored the seatbelt sign and remained in the lavatory during known turbulence risk""]}",[],success
20030902X01433,[],"{""personnel_crm"": [""Failed to Communicate (ATC/Dispatch: Failure to provide or relay turbulence reports/warnings)""], ""unsafe_decision"": [""Flight crew failed to obtain adequate weather information regarding unreported clear air turbulence (Pilot-in-Command)""]}",[],success
20030807X01283,[],"{""operator_mental"": [""Loss of Situational Awareness (Captain)""], ""personnel_crm"": [""Failed to Communicate (Captain)""], ""unsafe_decision"": [""Passenger: 'Apparently she had been in the lavatory when I turned on the seat belt sign, and was returning to her seat at the time of the encounter.' (Failure to remain seated despite illuminated seatbelt sign during known turbulence risk)""]}",[],success
20030812X01306,[],"{""operator_mental"": [""Complacency (Pilot-in-Command)"", ""Loss of Situational Awareness (Pilot-in-Command)""], ""personnel_crm"": [""Failed to Coordinate (Pilot-in-Command and Flight Attendants)""], ""unsafe_decision"": [""Pilot-in-Command: failure to sufficiently deviate to avoid known weather"", ""Pilot-in-Command: failure to activate the seatbelt sign to ensure flight attendants and passengers were seated""]}","[{""subject"": ""unsafe_decision"", ""relation"": ""LEADS_TO"", ""object"": ""unsafe_violation"", ""evidence"": ""The pilot-in-command's failure to sufficiently deviate to avoid known weather, and his failure to activate the seatbelt sign""}]",success
20030813X01324,[],"{""operator_mental"": [""Loss of Situational Awareness (Captain)""], ""personnel_crm"": [""Failed to Coordinate (Crew)""], ""unsafe_decision"": [""Captain decided to enter a cumulus cloud that was visible ahead and 'could not be avoided' without first deviating or holding, despite the risk of severe turbulence (Pilot-in-Command)""]}",[],success
20030813X01321,[],"{""personnel_crm"": [""Failed to Coordinate (Wing walker and Tug driver)"", ""Misinterpretation of Traffic Calls (Tug driver)""], ""personnel_readiness"": [""Inadequate Preparation (Ground crew)""], ""unsafe_decision"": [""The wing walker motioned the tug driver cross before the marshaller began the powerback (Wing Walker)"", ""It is the responsibility of the ground crew to ensure that the ramp area is clear... The failure of the ground crew to follow powerback procedures and directives (Ground Crew)""]}",[],success
20030905X01467,[],"{""personnel_crm"": [""Failed to Communicate (Flight Crew)""], ""unsafe_decision"": [""Flight attendant was preparing the cabin for landing (instead of being secured in jumpseat) during turbulence""]}",[],success
20030822X01387,[],"{""situational_tech"": [""Equipment Design (Hartman relay failure causing electrical fire)""], ""unsafe_violation"": [""Comair maintenance personnel failed to detect the defective Hartman part number D-18ZZA relay during pre-flight or periodic inspections, allowing a known failure-prone component (identified by laboratory as having internal thermal event origin) to remain in service""]}",[],success
20030827X01408,[],"{""operator_mental"": [""Complacency (Maintenance Personnel)""], ""situational_tech"": [""Equipment Design (Boeing/Manufacturer - Missing Shield CDL Provision)"", ""Interface (American Airlines Maintenance Procedures - Lack of Inspection Requirement for Missing Shield)""], ""unsafe_skill"": [""Failure to identify missing truck beam shield and damage during preflight/maintenance inspection (Maintenance Personnel)""]}",[],success
20030826X01395,[],"{""operator_mental"": [""Complacency (First Officer)""], ""situational_tech"": [""Equipment Design (Door Locking Mechanism/Switch Interface)""], ""unsafe_skill"": [""The first officer's improper preflight preparation in failing to ensure the cabin airstair door was fully locked and secure (First Officer)""]}","[{""subject"": ""unsafe_perception"", ""relation"": ""LEADS_TO"", ""object"": ""unsafe_decision"", ""evidence"": ""The first officer reported that he 'did not note any abnormalities as far as the operation/locking of the forward air stair door' and verified that the annunciator lights were out, leading to the decision to take off without ensuring the door was fully secure.""}, {""subject"": ""unsafe_decision"", ""relation"": ""LEADS_TO"", ""object"": ""unsafe_violation"", ""evidence"": ""The first officer's improper preflight preparation in failing to ensure the cabin airstair door was fully locked and secure constitutes an unsafe violation of standard operating procedures.""}]",success
20030826X01404,[],"{""operator_mental"": [""Loss of Situational Awareness (Pilot)""], ""operator_limits"": [""Insufficient Reaction Time (Pilot)"", ""Visual Limitation (Pilot)""], ""unsafe_perception"": [""The flight crew failed to detect the deer on the runway during the landing roll, resulting in a collision (Flight Crew)""]}",[],success
20030910X01507,[],"{""operator_mental"": [""Complacency (Tow Operator)""], ""personnel_crm"": [""Failed to Communicate (Tow Operator)""], ""unsafe_skill"": [""Breakdown in Visual Scan (Tow Operator): The tow operator stated, 'I told the captain it looked OK to me,' despite the tow bar becoming disconnected and the subsequent physical contact with the nose gear spray deflector which caused damage that was not detected.""]}","[{""subject"": ""unsafe_perception"", ""relation"": ""LEADS_TO"", ""object"": ""situational_tech"", ""evidence"": ""A factor in this accident was the tow operator's failure to detect the damaged spray deflector.""}]",success
20031017X01759,[],"{""situational_tech"": [""Equipment Design (aircraft stairs/handrail design)""], ""personnel_crm"": [""Failure of Leadership (Atlantic Coast Airlines management/station manual policy gap regarding boarding assistance)""], ""unsafe_skill"": [""Lost balance and fell while attempting to board (Passenger)""]}",[],success
20030909X01495,[],"{""personnel_crm"": [""Failure of Leadership (Airport Operations/Management): Inadequate enforcement or resourcing of the wildlife management plan, specifically regarding the known hazard of Canada geese in the tidal flats and on the nearby island, which allowed a large flock to remain in the flight path during the morning patrol window.""], ""unsafe_decision"": [""The wildlife patrol supervisor was in the process of conducting the morning wildlife patrol and had not yet dispersed the known hazard (Canada geese) on the runway/taxiway area prior to takeoff, despite the airport's certification requirements for maintaining a wildlife maintenance plan.""]}",[],success
20030917X01555,[],"{""operator_mental"": [""Loss of Situational Awareness (pushback tractor driver)""], ""operator_limits"": [""Inexperience/Insufficient Training (pushback tractor driver)"", ""Lack of Qualification/Authorization (pushback tractor driver)""], ""situational_tech"": [""Equipment Design Deficiency - Lack of Protective Enclosure (pushback tractor driver)"", ""Interface/Ergonomics - No Rearward Facing Mirrors (pushback tractor driver)""], ""personnel_crm"": [""Failure to Coordinate/Supervise (NWA Ground Operations Management)""], ""unsafe_violation"": [""The airline employee who was killed had not received pushback training since 1992, nor was she formally qualified or authorized to conduct pushback operations at the time of the accident (Ground Crew)""]}","[{""subject"": ""personnel_readiness"", ""relation"": ""LEADS_TO"", ""object"": ""unsafe_decision"", ""evidence"": ""the airline ground person's operation of the tug without qualification or authorization""}, {""subject"": ""unsafe_decision"", ""relation"": ""LEADS_TO"", ""object"": ""unsafe_skill"", ""evidence"": ""the airline ground person's failure to properly control the pushback tug, and her subsequent failure to maintain adequate clearance between the tug and the airplane""}]",success
20031021X01788,[],"{""operator_mental"": [""Loss of Situational Awareness (Ground Agent)"", ""Distraction (Ground Agent)""], ""personnel_crm"": [""Failed to Coordinate (Ground Agent and Wing Walkers)""], ""unsafe_skill"": [""Breakdown in Visual Scan (Ground Agent): The ground agent's inadequate visual lookout during push back, which resulted in his failure to maintain clearance between the airplanes.""]}","[{""subject"": ""unsafe_perception"", ""relation"": ""LEADS_TO"", ""object"": ""unsafe_decision"", ""evidence"": ""the ground agent's inadequate visual lookout during push back, which resulted in his failure to maintain clearance between the airplanes""}, {""subject"": ""unsafe_decision"", ""relation"": ""LEADS_TO"", ""object"": ""unsafe_violation"", ""evidence"": ""did not clear the 30-foot turn line. The ground agent then pushed the tail into the Bombardier""}]",success
20031114X01902,[],"{""personnel_readiness"": [""Inadequate maintenance of evacuation slide system by airline maintenance personnel""], ""unsafe_decision"": [""Maintenance personnel: 'improperly rigged cable assembly due to improper maintenance of the tailcone evacuation system by the airline' (Failure to properly install/verify the inflation cable handle, leading to a non-functional emergency egress device)""]}",[],success
20031010X01706,[],"{""operator_mental"": [""Loss of Situational Awareness (Refuse Truck Operator)"", ""Complacency (Captain)""], ""personnel_crm"": [""Failed to Coordinate (Captain and Ground Personnel)"", ""Failed to Communicate (Tug Operator and Captain)""], ""unsafe_decision"": [""The captain did not coordinate any pushback procedures with the ground personnel prior to the pushback (Captain)"", ""the additional ground agent was not present (Ground Personnel)""], ""unsafe_violation"": [""no wing-walker was present for the left wing area (Ground Crew)"", ""communication could not be established between the tug operator and the cockpit crew... the pushback was continued (Tug Operator/Captain)""]}","[{""subject"": ""unsafe_decision"", ""relation"": ""LEADS_TO"", ""object"": ""unsafe_violation"", ""evidence"": ""The captain did not coordinate any pushback procedures with the ground personnel prior to the pushback.""}, {""subject"": ""unsafe_perception"", ""relation"": ""CO_OCCURS_WITH"", ""object"": ""unsafe_decision"", ""evidence"": ""The inadequate visual lookout by the driver of a ground vehicle, and by ground support personnel... A factor related to the accident was the failure of the pilot-in-command and ground personnel to coordinate ground-handling procedures.""}]",success
20031105X01861,[],"{""situational_tech"": [""Equipment Design (faulty gearshift lever on ground support van)""], ""unsafe_skill"": [""Mechanic: 'a mechanic had parked the ground support van... and exited the van' (Failure to verify gear position or apply parking brake effectively due to faulty lever, resulting in vehicle movement)""]}",[],success
20031022X01799,[],"{""operator_mental"": [""Loss of Situational Awareness (ANA First Officer)"", ""Complacency (Ramp Tower Controller)""], ""operator_limits"": [""Visual Limitation (ANA Flight Crew)""], ""personnel_crm"": [""Failed to Communicate (Ramp Tower Controller)""], ""unsafe_perception"": [""Misjudged Distance/Altitude/Airspeed - First Officer (NH007) ('saw a possible conflict and was maneuvering the airplane slightly to the left... when the wing tip contact occurred' despite inability to see wingtips)"", ""Loss of Situational Awareness - Ramp Tower Controller ('did not issue a cautionary advisory to either aircrew of a possible movement conflict')""], ""unsafe_violation"": [""Failed to Prepare for Flight / Not Current/Qualified - Ramp Tower Controller ('No records were located that documented ramp tower controller training or certification')""]}","[{""subject"": ""unsafe_perception"", ""relation"": ""LEADS_TO"", ""object"": ""unsafe_decision"", ""evidence"": ""None of the pilots on NH007 could visually see their airplane's wing tips from the cockpit... The first officer... was maneuvering the airplane slightly to the left... when the wing tip contact occurred.""}, {""subject"": ""unsafe_violation"", ""relation"": ""LEADS_TO"", ""object"": ""unsafe_perception"", ""evidence"": ""the ramp controller did not issue a cautionary advisory to either crew regarding the movements of the respective airplanes.""}]",success
20031027X01814,[],"{""situational_tech"": [""Equipment Design (BSCU internal failure/intermittent fault causing loss of steering and brakes)""], ""unsafe_decision"": [""Captain: failure to abort the taxi and return to gate immediately upon receiving ECAM messages for steering/brakes, instead continuing to attempt a stop which resulted in injury""]}",[],success
20031023X01800,[],"{""situational_tech"": [""Equipment Design (Manufacturer improper installation of anti-torque strut/washers causing slat conflict)""], ""unsafe_decision"": [""Maintenance personnel failed to install the two required washers (p/n S2431218-9S20G) on the lower left hand anti-torque strut, allowing the rod-end bearing to migrate and bind the slat drive mechanism"", ""Maintenance personnel failed to stake the rod-end bearing (p/n MS21232-9) per Douglas Process Specifications (DPS) 1.33-2 as required by CMM 27-83-14""]}",[],success
20031105X01865,[],"{""personnel_crm"": [""Failed to Coordinate (Captain)""], ""unsafe_decision"": [""The flight crew directed the passengers to take their seats and fasten their seatbelts... At FL 240, the captain asked the cabin crew to take their seats. At FL 210, the airplane encountered heavy to moderate turbulence (Captain/Flight Crew)""]}",[],success
20031113X01896,[],"{""situational_tech"": [""Equipment Design (Fire Detection Card A16 / Socket Connector) - Maintenance/Manufacturing""], ""unsafe_decision"": [""Maintenance/Manufacturer: Failed to identify the root cause of the electrical anomaly (thermal stress/destruction on card A16) during prior inspections or quality control, leading to continued operation with a latent defect that eventually caused a fire.""]}",[],success
20031121X01938,[],"{""operator_mental"": [""Complacency (Pilot in Command)"", ""Channelized Attention (First Officer)""], ""personnel_crm"": [""Failed to Coordinate (Crew)""], ""unsafe_skill"": [""Breakdown in Visual Scan (Pilots): The pilots visually inspected their respective wings and saw no damage, failing to detect the extensive structural damage to the vertical stabilizer, dorsal fin, and fuselage/tail which was only discovered during postflight inspection.""]}",[],success
20031122X01939,[],"{""operator_mental"": [""Loss of Situational Awareness (First Officer)""], ""personnel_crm"": [""Failed to Coordinate (Captain)""], ""unsafe_decision"": [""The PF utilized significant control wheel input (35 degrees right) to correct for crosswind, which raised spoilers and caused lift loss, rather than delaying rotation or using rudder as recommended by the manufacturer for gusty conditions (First Officer)""]}",[],success
20031201X01968,[],"{""operator_mental"": [""Loss of Situational Awareness (Flight Crew)"", ""Complacency (Ground Personnel)""], ""personnel_crm"": [""Failed to Coordinate (Ground Personnel)"", ""Failed to Communicate (Ground Personnel)""], ""unsafe_skill"": [""Breakdown in Visual Scan (Captain and First Officer)"", ""Failure to Verify Obstacle Clearance (Ground Personnel/Marshaller)""], ""unsafe_decision"": [""Proceeding with parking maneuver without verifying clearance (Captain)""]}","[{""subject"": ""unsafe_perception"", ""relation"": ""LEADS_TO"", ""object"": ""unsafe_decision"", ""evidence"": ""Obstacle clearance was not verified. The left winglet of N254GL struck the right wing""}, {""subject"": ""personnel_crm"", ""relation"": ""LEADS_TO"", ""object"": ""unsafe_perception"", ""evidence"": ""ground communications not coordinated by the ground personnel, the flight crew's inadequate visual outlook""}]",success
20031209X02011,[],"{""operator_mental"": [""Complacency (Belt Loader Operator)""], ""personnel_crm"": [""Failure of Leadership (Delta Airlines Management)""], ""unsafe_decision"": [""Belt loader operator: 'She was maneuvering belt loader when she fell off due to gusty wind conditions.' (Failure to secure self or stop operation in adverse weather)""]}","[{""subject"": ""unsafe_violation"", ""relation"": ""CO_OCCURS_WITH"", ""object"": ""operator_physical"", ""evidence"": ""The driver of the belt loader stated that she was maneuvering belt loader when she fell off due to gusty wind conditions... Delta Airlines did not require seat belt usage for ground service equipment""}]",success
20040121X00082,[],"{""operator_mental"": [""Loss of Situational Awareness (First Officer)"", ""Complacency (Captain)""], ""personnel_crm"": [""Failure to Back-up (Captain)"", ""Failed to Coordinate (Captain and First Officer)""], ""unsafe_skill"": [""First Officer: failure to properly apply control wheel and rudder inputs to align the airplane with the runway centerline"", ""First Officer: failure to apply appropriate back pressure on the control column to arrest the airplane's rate of descent before touchdown""], ""unsafe_decision"": [""Captain: did not adequately monitor the first officer's performance during the final stages of the approach and landing"", ""Captain: failed to take or initiate corrective action to prevent the accident""]}","[{""subject"": ""unsafe_skill"", ""relation"": ""LEADS_TO"", ""object"": ""operator_limits"", ""evidence"": ""the first officer did not properly apply control wheel and rudder inputs to align the airplane with the runway centerline or apply appropriate back pressure on the control column to arrest the airplane's rate of descent before touchdown""}, {""subject"": ""unsafe_decision"", ""relation"": ""LEADS_TO"", ""object"": ""operator_limits"", ""evidence"": ""the captain, who was conducting a line check of the first officer, did not adequately monitor the first officer's performance during the final stages of the approach and landing at Memphis and failed to take or initiate corrective action""}, {""subject"": ""unsafe_skill"", ""relation"": ""CO_OCCURS_WITH"", ""object"": ""unsafe_decision"", ""evidence"": ""1) the first officer's failure to properly apply crosswind landing techniques... and 2) the captain's failure to adequately monitor the first officer's performance""}]",success
20031219X02063,[],"{""operator_mental"": [""Loss of Situational Awareness (Tug Operator)""], ""personnel_crm"": [""Failed to Coordinate (Tug Operator and Pilot/Crew)""], ""unsafe_skill"": [""Loss of control (Tug Operator)"", ""Failure to maintain clearance from the aircraft during pushback operations (Tug Operator)""]}",[],success
20040121X00083,[],"{""operator_mental"": [""Loss of Situational Awareness (First Officer)"", ""Task Saturation (Captain)""], ""operator_limits"": [""Insufficient Experience/Reaction Time (First Officer)""], ""personnel_crm"": [""Failure to Coordinate (Captain and First Officer)"", ""Failed to Back-up (Captain)""], ""unsafe_skill"": [""First Officer: 'she began the correction when the nose of the airplane pitched up, the airplane veered toward the correction, and it started sinking toward the right side of the runway' (Over-controlled Aircraft / Poor Technique)"", ""Captain: 'he took control of the airplane... The captain stated the airplane was close to the right side of the runway and he added thrust at which time the ailerons became more responsive. He stated the left wing dropped, scraping the runway' (Inadvertent Flight Control Use / Poor Technique)""], ""unsafe_decision"": [""Captain: 'The captain's delay in initiating remedial action' (Delayed Response to Deviation)"", ""First Officer: 'The first officer... had approximately 15 hours of total flight time in a CL-600' while flying the approach in icing conditions (Exceeded Ability / Poor Decision)""]}","[{""subject"": ""personnel_readiness"", ""relation"": ""LEADS_TO"", ""object"": ""unsafe_skill"", ""evidence"": ""The first officer, who was flying the approach, had approximately 15 hours of total flight time in a CL-600.""}, {""subject"": ""personnel_readiness"", ""relation"": ""LEADS_TO"", ""object"": ""unsafe_decision"", ""evidence"": ""The first officer, who was flying the approach, had approximately 15 hours of total flight time in a CL-600.""}, {""subject"": ""personnel_readiness"", ""relation"": ""LEADS_TO"", ""object"": ""unsafe_perception"", ""evidence"": ""The first officer, who was flying the approach, had approximately 15 hours of total flight time in a CL-600.""}, {""subject"": ""personnel_readiness"", ""relation"": ""LEADS_TO"", ""object"": ""unsafe_violation"", ""evidence"": ""The first officer, who was flying the approach, had approximately 15 hours of total flight time in a CL-600.""}, {""subject"": ""personnel_readiness"", ""relation"": ""LEADS_TO"", ""object"": ""operator_mental"", ""evidence"": ""The first officer, who was flying the approach, had approximately 15 hours of total flight time in a CL-600.""}, {""subject"": ""personnel_readiness"", ""relation"": ""LEADS_TO"", ""object"": ""operator_physical"", ""evidence"": ""The first officer, who was flying the approach, had approximately 15 hours of total flight time in a CL-600.""}, {""subject"": ""personnel_readiness"", ""relation"": ""LEADS_TO"", ""object"": ""operator_limits"", ""evidence"": ""The first officer, who was flying the approach, had approximately 15 hours of total flight time in a CL-600.""}, {""subject"": ""personnel_readiness"", ""relation"": ""LEADS_TO"", ""object"": ""situational_tech"", ""evidence"": ""The first officer, who was flying the approach, had approximately 15 hours of total flight time in a CL-600.""}, {""subject"": ""personnel_readiness"", ""relation"": ""LEADS_TO"", ""object"": ""personnel_crm"", ""evidence"": ""The first officer, who was flying the approach, had approximately 15 hours of total flight time in a CL-600.""}, {""subject"": ""unsafe_skill"", ""relation"": ""LEADS_TO"", ""object"": ""unsafe_decision"", ""evidence"": ""The first officer then disconnected the autopilot at which time the nose came up slightly... The captain stated they were slightly left of the centerline and the first officer was making 'small' corrections back to the right.""}, {""subject"": ""unsafe_skill"", ""relation"": ""LEADS_TO"", ""object"": ""unsafe_perception"", ""evidence"": ""The first officer then disconnected the autopilot at which time the nose came up slightly... The captain stated they were slightly left of the centerline and the first officer was making 'small' corrections back to the right.""}, {""subject"": ""unsafe_skill"", ""relation"": ""LEADS_TO"", ""object"": ""unsafe_violation"", ""evidence"": ""The first officer then disconnected the autopilot at which time the nose came up slightly... The captain stated they were slightly left of the centerline and the first officer was making 'small' corrections back to the right.""}, {""subject"": ""unsafe_skill"", ""relation"": ""LEADS_TO"", ""object"": ""operator_mental"", ""evidence"": ""The first officer then disconnected the autopilot at which time the nose came up slightly... The captain stated they were slightly left of the centerline and the first officer was making 'small' corrections back to the right.""}, {""subject"": ""unsafe_skill"", ""relation"": ""LEADS_TO"", ""object"": ""operator_physical"", ""evidence"": ""The first officer then disconnected the autopilot at which time the nose came up slightly... The captain stated they were slightly left of the centerline and the first officer was making 'small' corrections back to the right.""}, {""subject"": ""unsafe_skill"", ""relation"": ""LEADS_TO"", ""object"": ""operator_limits"", ""evidence"": ""The first officer then disconnected the autopilot at which time the nose came up slightly... The captain stated they were slightly left of the centerline and the first officer was making 'small' corrections back to the right.""}, {""subject"": ""unsafe_skill"", ""relation"": ""LEADS_TO"", ""object"": ""situational_tech"", ""evidence"": ""The first officer then disconnected the autopilot at which time the nose came up slightly... The captain stated they were slightly left of the centerline and the first officer was making 'small' corrections back to the right.""}, {""subject"": ""unsafe_skill"", ""relation"": ""LEADS_TO"", ""object"": ""personnel_crm"", ""evidence"": ""The first officer then disconnected the autopilot at which time the nose came up slightly... The captain stated they were slightly left of the centerline and the first officer was making 'small' corrections back to the right.""}, {""subject"": ""unsafe_decision"", ""relation"": ""LEADS_TO"", ""object"": ""unsafe_perception"", ""evidence"": ""The captain stated that as the approach progressed he became concerned about the amount of ice accumulating on the windshield wipers... He stated they continued the approach and the first officer called '500 to minimums.'""}, {""subject"": ""unsafe_decision"", ""relation"": ""LEADS_TO"", ""object"": ""unsafe_violation"", ""evidence"": ""The captain stated that as the approach progressed he became concerned about the amount of ice accumulating on the windshield wipers... He stated they continued the approach and the first officer called '500 to minimums.'""}, {""subject"": ""unsafe_decision"", ""relation"": ""LEADS_TO"", ""object"": ""operator_mental"", ""evidence"": ""The captain stated that as the approach progressed he became concerned about the amount of ice accumulating on the windshield wipers... He stated they continued the approach and the first officer called '500 to minimums.'""}, {""subject"": ""unsafe_decision"", ""relation"": ""LEADS_TO"", ""object"": ""operator_physical"", ""evidence"": ""The captain stated that as the approach progressed he became concerned about the amount of ice accumulating on the windshield wipers... He stated they continued the approach and the first officer called '500 to minimums.'""}, {""subject"": ""unsafe_decision"", ""relation"": ""LEADS_TO"", ""object"": ""operator_limits"", ""evidence"": ""The captain stated that as the approach progressed he became concerned about the amount of ice accumulating on the windshield wipers... He stated they continued the approach and the first officer called '500 to minimums.'""}, {""subject"": ""unsafe_decision"", ""relation"": ""LEADS_TO"", ""object"": ""situational_tech"", ""evidence"": ""The captain stated that as the approach progressed he became concerned about the amount of ice accumulating on the windshield wipers... He stated they continued the approach and the first officer called '500 to minimums.'""}, {""subject"": ""unsafe_decision"", ""relation"": ""LEADS_TO"", ""object"": ""personnel_crm"", ""evidence"": ""The captain stated that as the approach progressed he became concerned about the amount of ice accumulating on the windshield wipers... He stated they continued the approach and the first officer called '500 to minimums.'""}, {""subject"": ""unsafe_perception"", ""relation"": ""LEADS_TO"", ""object"": ""unsafe_violation"", ""evidence"": ""The captain stated that as the approach progressed he became concerned about the amount of ice accumulating on the windshield wipers... He stated they continued the approach and the first officer called '500 to minimums.'""}, {""subject"": ""unsafe_perception"", ""relation"": ""LEADS_TO"", ""object"": ""operator_mental"", ""evidence"": ""The captain stated that as the approach progressed he became concerned about the amount of ice accumulating on the windshield wipers... He stated they continued the approach and the first officer called '500 to minimums.'""}, {""subject"": ""unsafe_perception"", ""relation"": ""LEADS_TO"", ""object"": ""operator_physical"", ""evidence"": ""The captain stated that as the approach progressed he became concerned about the amount of ice accumulating on the windshield wipers... He stated they continued the approach and the first officer called '500 to minimums.'""}, {""subject"": ""unsafe_perception"", ""relation"": ""LEADS_TO"", ""object"": ""operator_limits"", ""evidence"": ""The captain stated that as the approach progressed he became concerned about the amount of ice accumulating on the windshield wipers... He stated they continued the approach and the first officer called '500 to minimums.'""}, {""subject"": ""unsafe_perception"", ""relation"": ""LEADS_TO"", ""object"": ""situational_tech"", ""evidence"": ""The captain stated that as the approach progressed he became concerned about the amount of ice accumulating on the windshield wipers... He stated they continued the approach and the first officer called '500 to minimums.'""}, {""subject"": ""unsafe_perception"", ""relation"": ""LEADS_TO"", ""object"": ""personnel_crm"", ""evidence"": ""The captain stated that as the approach progressed he became concerned about the amount of ice accumulating on the windshield wipers... He stated they continued the approach and the first officer called '500 to minimums.'""}, {""subject"": ""unsafe_violation"", ""relation"": ""LEADS_TO"", ""object"": ""operator_mental"", ""evidence"": ""The captain stated that as the approach progressed he became concerned about the amount of ice accumulating on the windshield wipers... He stated they continued the approach and the first officer called '500 to minimums.'""}, {""subject"": ""unsafe_violation"", ""relation"": ""LEADS_TO"", ""object"": ""operator_physical"", ""evidence"": ""The captain stated that as the approach progressed he became concerned about the amount of ice accumulating on the windshield wipers... He stated they continued the approach and the first officer called '500 to minimums.'""}, {""subject"": ""unsafe_violation"", ""relation"": ""LEADS_TO"", ""object"": ""operator_limits"", ""evidence"": ""The captain stated that as the approach progressed he became concerned about the amount of ice accumulating on the windshield wipers... He stated they continued the approach and the first officer called '500 to minimums.'""}, {""subject"": ""unsafe_violation"", ""relation"": ""LEADS_TO"", ""object"": ""situational_tech"", ""evidence"": ""The captain stated that as the approach progressed he became concerned about the amount of ice accumulating on the windshield wipers... He stated they continued the approach and the first officer called '500 to minimums.'""}, {""subject"": ""unsafe_violation"", ""relation"": ""LEADS_TO"", ""object"": ""personnel_crm"", ""evidence"": ""The captain stated that as the approach progressed he became concerned about the amount of ice accumulating on the windshield wipers... He stated they continued the approach and the first officer called '500 to minimums.'""}, {""subject"": ""operator_mental"", ""relation"": ""LEADS_TO"", ""object"": ""operator_physical"", ""evidence"": ""The captain stated that as the approach progressed he became concerned about the amount of ice accumulating on the windshield wipers... He stated they continued the approach and the first officer called '500 to minimums.'""}, {""subject"": ""operator_mental"", ""relation"": ""LEADS_TO"", ""object"": ""operator_limits"", ""evidence"": ""The captain stated that as the approach progressed he became concerned about the amount of ice accumulating on the windshield wipers... He stated they continued the approach and the first officer called '500 to minimums.'""}, {""subject"": ""operator_mental"", ""relation"": ""LEADS_TO"", ""object"": ""situational_tech"", ""evidence"": ""The captain stated that as the approach progressed he became concerned about the amount of ice accumulating on the windshield wipers... He stated they continued the approach and the first officer called '500 to minimums.'""}, {""subject"": ""operator_mental"", ""relation"": ""LEADS_TO"", ""object"": ""personnel_crm"", ""evidence"": ""The captain stated that as the approach progressed he became concerned about the amount of ice accumulating on the windshield wipers... He stated they continued the approach and the first officer called '500 to minimums.'""}, {""subject"": ""operator_physical"", ""relation"": ""LEADS_TO"", ""object"": ""operator_limits"", ""evidence"": ""The captain stated that as the approach progressed he became concerned about the amount of ice accumulating on the windshield wipers... He stated they continued the approach and the first officer called '500 to minimums.'""}, {""subject"": ""operator_physical"", ""relation"": ""LEADS_TO"", ""object"": ""situational_tech"", ""evidence"": ""The captain stated that as the approach progressed he became concerned about the amount of ice accumulating on the windshield wipers... He stated they continued the approach and the first officer called '500 to minimums.'""}, {""subject"": ""operator_physical"", ""relation"": ""LEADS_TO"", ""object"": ""personnel_crm"", ""evidence"": ""The captain stated that as the approach progressed he became concerned about the amount of ice accumulating on the windshield wipers... He stated they continued the approach and the first officer called '500 to minimums.'""}, {""subject"": ""operator_limits"", ""relation"": ""LEADS_TO"", ""object"": ""situational_tech"", ""evidence"": ""The captain stated that as the approach progressed he became concerned about the amount of ice accumulating on the windshield wipers... He stated they continued the approach and the first officer called '500 to minimums.'""}, {""subject"": ""operator_limits"", ""relation"": ""LEADS_TO"", ""object"": ""personnel_crm"", ""evidence"": ""The captain stated that as the approach progressed he became concerned about the amount of ice accumulating on the windshield wipers... He stated they continued the approach and the first officer called '500 to minimums.'""}, {""subject"": ""situational_tech"", ""relation"": ""LEADS_TO"", ""object"": ""personnel_crm"", ""evidence"": ""The captain stated that as the approach progressed he became concerned about the amount of ice accumulating on the windshield wipers... He stated they continued the approach and the first officer called '500 to minimums.'""}]",success
20040528X00692,[],"{""situational_tech"": [""Equipment Design (Maintenance/Engineering): Failure to detect severe wear of internal threads in rudder interconnect rod during maintenance inspections""], ""unsafe_decision"": [""Maintenance personnel failed to detect severe wear of internal threads during inspection (Maintenance Crew)""]}",[],success
20040205X00163,[],"{""operator_mental"": [""Complacency (Ground Service Personnel)""], ""personnel_readiness"": [""Inadequate Maintenance/Inspection Procedures (Maintenance Crew)""], ""unsafe_decision"": [""Ground service personnel: 'During the inspection, one additional tug was identified as having a broken pin. The pin was replaced, and the vehicle was returned to service.' (Failure to remove defective equipment from service after identifying a known mechanical defect)""]}",[],success
20040226X00241,[],"{""operator_mental"": [""Distraction (Push Tug Operator)"", ""Loss of Situational Awareness (Push Tug Operator)""], ""operator_physical"": [""Impaired Physiological State (Push Tug Operator)""], ""personnel_crm"": [""Failure of Leadership (Airline Management)"", ""Failed to Coordinate (Wing Walker / Push Tug Operator)""], ""unsafe_skill"": [""Breakdown in Visual Scan (Push Tug Operator): The narrative states the operator 'stopped scanning and concentrated his view on the ground looking for another ramp line' and failed to see the wing walker's stop signal until she transgressed the propeller prohibited area.""], ""unsafe_decision"": [""Improper Procedure (Push Tug Operator): The operator continued the pushback despite losing visual contact with the Wing Walker, violating the Station Operations Manual requirement that 'if visual contact between the Pushback Operator and Wing Walker is lost, stop the pushback.'""]}","[{""subject"": ""unsafe_perception"", ""relation"": ""LEADS_TO"", ""object"": ""unsafe_decision"", ""evidence"": ""The push tug operator did not see the stop signal, as he stopped scanning and concentrated his view on the ground looking for another ramp line to stop the aircraft on.""}, {""subject"": ""unsafe_decision"", ""relation"": ""LEADS_TO"", ""object"": ""unsafe_violation"", ""evidence"": ""The Push Tug Operator stated... I had not done [a] push back [on] the west side before... The visual lookout not maintained and the procedures not followed by the Push Tug Operator during the pushback.""}, {""subject"": ""unsafe_violation"", ""relation"": ""LEADS_TO"", ""object"": ""operator_limits"", ""evidence"": ""Before the tug operator stopped the push back, he had already driven the tail of aircraft N420XJ up and over the nose section of aircraft N364PX.""}]",success
20040305X00271,[],"{""operator_mental"": [""Loss of Situational Awareness (Captain/First Officer)""], ""personnel_crm"": [""Failed to Communicate (Flight Attendants)"", ""Failed to Coordinate (Crew)""], ""unsafe_decision"": [""Flight Attendant: 'She stated she heard another flight attendant tell a passenger who was in the aft galley to sit on the floor, so she decided to do the same.' (Failure to remain secured/restrained during known turbulence risk despite seatbelt sign being on)""]}",[],success
20040310X00315,[],"{""operator_mental"": [""Loss of Situational Awareness (United Airlines Captain)"", ""Distraction (TED Ground Crew)""], ""personnel_crm"": [""Failed to Communicate (United Airlines Captain & TED Ground Crew)"", ""Misinterpretation of Traffic Calls (United Airlines First Officer)""], ""unsafe_skill"": [""Breakdown in Visual Scan - United Airlines First Officer (glanced forward, lost sight of wing walker before impact)"", ""Poor Technique - TED Ground Crew (gave confusing visual signals/hold sign that was misinterpreted or not effective)""], ""unsafe_decision"": [""Improper Procedure - United Airlines Flight Crew (taxied without confirming clearance despite ambiguous signals and close proximity)"", ""Improper Procedure - TED Ground Crew (failed to follow proper pushback procedures regarding coordination and visual observance of clearance)""]}","[{""subject"": ""unsafe_perception"", ""relation"": ""LEADS_TO"", ""object"": ""unsafe_decision"", ""evidence"": ""the flight crew's inadequate visual lookout, the other airplane ground crew's confusing visual signals to the flight crew, and the flight crew's inability to understand the signals being given to them""}, {""subject"": ""unsafe_decision"", ""relation"": ""LEADS_TO"", ""object"": ""unsafe_violation"", ""evidence"": ""the flight crew s failure to maintain clearance from the other airplane and the ground crews' failure to follow proper pushback procedures""}]",success
20040315X00323,"[{""text"": ""Captain"", ""role"": ""Pilot Not Flying / Monitor"", ""tier"": ""unsafe_skill""}, {""text"": ""First Officer"", ""role"": ""Pilot Flying"", ""tier"": ""unsafe_skill""}]","{""operator_mental"": [""Loss of Situational Awareness (Captain)"", ""Complacency (First Officer)""], ""personnel_crm"": [""Failed to Coordinate (Captain and First Officer)"", ""Failure of Leadership (Captain)""], ""personnel_readiness"": [""Crew Rest Violation (Captain and First Officer)""], ""unsafe_skill"": [""Captain inadvertently set the parking brake during the in-flight alternate braking system operational check, resulting in the aircraft landing with the parking brake applied"", ""First Officer failed to identify that the Captain had set the parking brake during the pre-landing checklist and verification of the brake system""], ""unsafe_decision"": [""Captain decided to continue the flight and land at Fort Lauderdale despite observing abnormal brake pressure indications (2,100 psi left vs 2,500 psi right) and performing unauthorized troubleshooting without resolving the underlying cause or verifying the parking brake status"", ""Flight crew failed to recognize that the 'Auto Brake Fault' and 'Brake-A/Skid Fault' ECAM messages during the in-flight check were indicative of the parking brake being set rather than a system malfunction""]}","[{""subject"": ""unsafe_skill"", ""relation"": ""LEADS_TO"", ""object"": ""unsafe_decision"", ""evidence"": ""The Captain stated that she wanted to trouble shoot the system... She positioned the BRK-A/SKID switch from NORM/ON to ALTN/ON and got a 'ding' and a message.""}, {""subject"": ""unsafe_skill"", ""relation"": ""LEADS_TO"", ""object"": ""unsafe_perception"", ""evidence"": ""The First Officer stated that he did not observe the captain applying the parking brake... He glanced at the ECAM but did not look at it in detail.""}, {""subject"": ""unsafe_decision"", ""relation"": ""LEADS_TO"", ""object"": ""unsafe_skill"", ""evidence"": ""The flight crews' inadvertent setting of the parking brake during flight resulting in the airplane being landed with the parking brake set""}]",success
20040319X00351,[],"{""operator_mental"": [""Loss of Situational Awareness (Captain)"", ""Misplaced Motivation (Captain)""], ""personnel_crm"": [""Failure to Coordinate (Captain)""], ""unsafe_decision"": [""The captain's improper decision due to his attempt to taxi back onto the runway after coming to a stop in the grass, and the resulting collapse of nose landing gear. (Captain)""]}","[{""subject"": ""unsafe_decision"", ""relation"": ""LEADS_TO"", ""object"": ""situational_tech"", ""evidence"": ""The captain's improper decision due to his attempt to taxi back onto the runway after coming to a stop in the grass, and the resulting collapse of nose landing gear.""}, {""subject"": ""unsafe_perception"", ""relation"": ""LEADS_TO"", ""object"": ""unsafe_decision"", ""evidence"": ""The captain stated that the aircraft seemed to be undamaged... He applied power in an attempt to taxi back onto the runway.""}, {""subject"": ""personnel_readiness"", ""relation"": ""LEADS_TO"", ""object"": ""unsafe_skill"", ""evidence"": ""The operator stated that they do not provide training specific to the 1900D for operations with the nose wheel steering inoperative.""}, {""subject"": ""personnel_readiness"", ""relation"": ""LEADS_TO"", ""object"": ""unsafe_decision"", ""evidence"": ""The operator did not impose a crosswind component limitation... nor did it impose a crosswind limitation for operation with the nose wheel steering inoperative under the MEL.""}]",success
20040408X00430,[],"{""operator_mental"": [""Loss of Situational Awareness (Fuel Truck Driver)""], ""personnel_crm"": [""Failed to Coordinate (Fuel Truck Driver)""], ""unsafe_decision"": [""The fuel truck driver failed to relinquish right-of-way to the taxiing aircraft as required by ramp regulations (Fuel Truck Driver)""], ""unsafe_violation"": [""The fuel truck driver operated the vehicle without lights illuminated during night hours and low visibility, violating airport ramp rules (Fuel Truck Driver)""]}","[{""subject"": ""unsafe_perception"", ""relation"": ""LEADS_TO"", ""object"": ""unsafe_decision"", ""evidence"": ""The fuel truck driver suddenly observed a red light... Realizing it was a wing light, he slammed on the brakes""}, {""subject"": ""unsafe_violation"", ""relation"": ""LEADS_TO"", ""object"": ""unsafe_decision"", ""evidence"": ""The fuel truck driver's failure to maintain clearance with a taxiing airplane... all vehicles will have lights on during the hours between dusk and dawn""}]",success
20040421X00488,[],"{""personnel_crm"": [""Failed to Coordinate (Flight Attendant)""], ""unsafe_decision"": [""Flight attendant was in the aft galley and not secured in a jumpseat despite being asked to be seated, indicating a decision to remain unsecured during descent.""]}",[],success
20040419X00477,[],"{""personnel_readiness"": [""Maintenance deferred a known overheating air conditioning pack in accordance with the Minimum Equipment List, allowing the aircraft to operate with a latent defect that led to smoke generation""], ""unsafe_decision"": [""Maintenance personnel deferred the right air conditioning pack in accordance with the airplane's minimum equipment list despite it having overheated, allowing the aircraft to operate with a known mechanical defect that led to smoke and evacuation (Maintenance Personnel)""]}",[],success
20040510X00578,[],"{""operator_mental"": [""Loss of Situational Awareness (Captain)"", ""Channelized Attention (First Officer)""], ""personnel_crm"": [""Failure of Leadership (Captain)"", ""Failed to Coordinate (Captain and First Officer)""], ""unsafe_decision"": [""Failure to execute a go-around after the initial bounced landing (Captain)""], ""unsafe_perception"": [""Misjudged altitude and airspeed during the approach, resulting in being below glideslope and slow at threshold (First Officer)""]}","[{""subject"": ""unsafe_decision"", ""relation"": ""LEADS_TO"", ""object"": ""unsafe_skill"", ""evidence"": ""the captain's failure to execute proper techniques to recover from the bounced landings and his subsequent failure to execute a go-around""}]",success
20040601X00708,[],"{""operator_mental"": [""Loss of Situational Awareness (Captain)"", ""Complacency (Captain)""], ""personnel_crm"": [""Failed to Coordinate (Captain)""], ""unsafe_decision"": [""Flight crew decided to deviate south and descend through cloud tops at high speed (280-290 knots) despite active Convective Sigmet warnings for severe turbulence in the area, resulting in an unexpected updraft encounter.""]}",[],success
20040603X00726,[],"{""personnel_crm"": [""Failed to Coordinate (Flight Attendant and Customer Service Agent)""], ""personnel_readiness"": [""Inadequate Preparation/Training (Flight Attendant)""], ""unsafe_decision"": [""Flight attendant: Gave a second thumbs-up signal and remained in the door handle area instead of moving hands clear as required by the cabin operating standards, resulting in injury when the door was opened.""]}",[],success
20040714X00967,[],"{""operator_mental"": [""Loss of Situational Awareness (Captain)""], ""situational_tech"": [""Equipment Design (Manufacturer/Operator)"", ""Interface (Pilot)""], ""unsafe_decision"": [""Captain utilized the steering handwheel in an attempt to keep the airplane on the landing surface... Just as the steering handwheel was moved to the left, the airplane veered sharply off the right side of the runway (Pilot used a control known to be malfunctioning/reversed during uncommanded swerving)""]}","[{""subject"": ""unsafe_decision"", ""relation"": ""LEADS_TO"", ""object"": ""unsafe_skill"", ""evidence"": ""The captain utilized the steering handwheel in an attempt to keep the airplane on the landing surface... Just as the steering handwheel was moved to the left, the airplane veered sharply off the right side of the runway""}, {""subject"": ""unsafe_decision"", ""relation"": ""CO_OCCURS_WITH"", ""object"": ""unsafe_perception"", ""evidence"": ""The first officer noticed that the airplane required more left rudder than usual... adding more left rudder did not correct the veer to the right. Lastly, the captain utilized the steering handwheel""}]",success
20040618X00835,[],"{""personnel_crm"": [""Failed to Communicate (Pilot/Flight Attendant)""], ""unsafe_decision"": [""Flight crew failed to ensure flight attendants were secured before turbulence intensified, evidenced by conflicting reports on seat belt sign status and the injury occurring during the encounter (Pilot-in-Command)""]}",[],success
20040630X00887,[],"{""operator_mental"": [""Complacency (Captain)"", ""Loss of Situational Awareness (Captain)""], ""personnel_crm"": [""Failed to Coordinate (Captain)""], ""unsafe_decision"": [""The captain released the flight attendants to resume service just prior to the encounter, failing to account for the active convective SIGMET and recent turbulence reports, leading to an unsecured cabin crew member during a severe jolt (Captain)""]}",[],success
20040714X00969,[],"{""operator_mental"": [""Complacency (Airbus Captain)"", ""Loss of Situational Awareness (Airbus Captain)""], ""personnel_crm"": [""Failed to Coordinate (Airbus Captain and Canadair Crew)""], ""unsafe_perception"": [""The Airbus captain's misjudged clearance, which resulted the left wing of the Airbus contacting the rudder of the stationary Canadair""]}","[{""subject"": ""unsafe_perception"", ""relation"": ""LEADS_TO"", ""object"": ""unsafe_decision"", ""evidence"": ""He felt there was adequate clearance to safely taxi past the airplane, and in addition, he positioned the Airbus 2 to 3 feet to the right of the taxiway \""A\"" centerline.""}, {""subject"": ""unsafe_decision"", ""relation"": ""LEADS_TO"", ""object"": ""unsafe_skill"", ""evidence"": ""The Airbus captain's misjudged clearance, which resulted the left wing of the Airbus contacting the rudder of the stationary Canadair.""}]",success
20040715X00985,[],"{""situational_tech"": [""Equipment Design (Maintenance/Manufacturing): Nonconforming lug radii smaller than drawing specifications contributed to fatigue initiation""], ""unsafe_decision"": [""Maintenance personnel failed to detect the pre-existing fatigue cracks and non-conforming lug radii (0.025-0.029 inch vs 0.120 inch requirement) during inspection, allowing the aircraft to remain in service with a critical structural defect.""]}",[],success
20040719X01004,[],"{""operator_mental"": [""Complacency (Mechanic)"", ""Distraction (Mechanic)""], ""situational_tech"": [""Equipment Design (Airbus A320 Fan Cowl Latch Visibility)""], ""unsafe_skill"": [""Mechanic: 'could not recall if the cowl doors on the No. 1 engine were fully latched' (Omitted Checklist Step / Incomplete Task Execution)""]}","[{""subject"": ""unsafe_skill"", ""relation"": ""LEADS_TO"", ""object"": ""unsafe_decision"", ""evidence"": ""The mechanic stated he could not recall if the cowl doors on the No. 1 engine were fully latched.""}, {""subject"": ""unsafe_decision"", ""relation"": ""LEADS_TO"", ""object"": ""unsafe_violation"", ""evidence"": ""The failure of company maintenance personnel to secure the nacelle/cowl doors, which resulted in a separation of the doors during takeoff initial climb.""}]",success
20040730X01113,[],"{""personnel_crm"": [""Failed to Communicate (Lead Flight Attendant)"", ""Failure of Leadership (Lead Flight Attendant)""], ""unsafe_decision"": [""Flight attendant was sealing the BOB cart and working in the rear galley despite receiving notification that it would get bumpy, failing to remain seated and secured (Flight Attendant)""]}",[],success
20060111X00048,[],"{""operator_mental"": [""Complacency (Flight Attendant)""], ""personnel_crm"": [""Failed to Coordinate (Captain/First Officer & Flight Attendants)""], ""unsafe_decision"": [""Flight attendants were providing meal service to the passengers during cruise, indicating a decision to remain unsecured and perform non-essential tasks despite the inherent risks of turbulence in flight.""]}",[],success
20040812X01200,[],"{""operator_mental"": [""Haste (Captain)"", ""Loss of Situational Awareness (Captain)""], ""personnel_crm"": [""Failed to Coordinate (Captain and First Officer)""], ""unsafe_skill"": [""Over-controlled Aircraft (Captain: 'proceeded to pitch the airplane at a greater angle' resulting in 1.15 G pull-up and subsequent 1.4 G level-off, exceeding the recommended 0.25g maneuver)""]}","[{""subject"": ""unsafe_decision"", ""relation"": ""LEADS_TO"", ""object"": ""operator_limits"", ""evidence"": ""The captain then announced he was taking the controls and proceeded to pitch the airplane at a greater angle... The flight attendant fell to the floor and broke her ankle.""}, {""subject"": ""unsafe_decision"", ""relation"": ""LEADS_TO"", ""object"": ""operator_mental"", ""evidence"": ""The captain then announced he was taking the controls and proceeded to pitch the airplane at a greater angle... The entire maneuver lasted about a minute and a half.""}]",success
20040825X01286,[],"{""operator_mental"": [""Distraction (Captain)"", ""Loss of Situational Awareness (Flight Crew)""], ""personnel_crm"": [""Failure of Leadership (Captain)"", ""Failed to Coordinate (Flight Crew)""], ""unsafe_decision"": [""Captain: did not recognize the importance of the cues provided by the first officer, and he failed to perform expected pilot-in-command duties"", ""Captain: was preoccupied with the weight and balance calculations during critical portions of the flight and, as a result, he did not monitor the fuel crossfeed operations"", ""Flight crew: did not monitor the fuel quantity gauges or respond properly to the airplane's changing handling characteristics""], ""unsafe_violation"": [""Captain: intentionally kept the right fuel tank shutoff valve open during fuel crossfeed operations, which was not in accordance with approved fuel crossfeed procedures"", ""Captain: preflight weight and balance calculations indicated that the airplane was not within takeoff limits; therefore, he should not have allowed the airplane to take off""]}","[{""subject"": ""unsafe_decision"", ""relation"": ""LEADS_TO"", ""object"": ""unsafe_violation"", ""evidence"": ""the captain intentionally kept the right fuel tank shutoff valve open during fuel crossfeed operations, which was not in accordance with approved fuel crossfeed procedures""}, {""subject"": ""unsafe_decision"", ""relation"": ""LEADS_TO"", ""object"": ""unsafe_perception"", ""evidence"": ""the captain did not recognize the importance of the cues provided by the first officer, and he failed to perform expected pilot-in-command duties""}, {""subject"": ""personnel_crm"", ""relation"": ""LEADS_TO"", ""object"": ""unsafe_perception"", ""evidence"": ""the flight crew did not monitor the fuel quantity gauges or respond properly to the airplane's changing handling characteristics""}, {""subject"": ""personnel_readiness"", ""relation"": ""LEADS_TO"", ""object"": ""unsafe_decision"", ""evidence"": ""the captain was preoccupied with the weight and balance calculations during critical portions of the flight and, as a result, he did not monitor the fuel crossfeed operations""}]",success
20040813X01219,[],"{""operator_mental"": [""Complacency (Captain)"", ""Loss of Situational Awareness (Captain)""], ""personnel_crm"": [""Failure of Leadership (Captain)"", ""Failed to Coordinate (Captain)""], ""unsafe_decision"": [""Captain: 'The captain declined' to deviate left despite First Officer's suggestion and radar showing activity ahead, choosing instead to descend through the cloud at high speed (280 knots) which resulted in severe turbulence.""]}",[],success
20040816X01227,[],"{""situational_tech"": [""Equipment Design (ASDE/AMASS radar system failure due to inadequate cooling redundancy)"", ""Automation (False target detection by surveillance system)""], ""personnel_crm"": [""Failed to Coordinate (Tower supervisor initiated abort based on faulty data without verifying with other sources or recognizing the anomaly immediately)""], ""unsafe_perception"": [""Misjudged Radar Information - ATC (Tower Supervisor): The tower supervisor believed there was a computer malfunction and initiated the abort call based on inaccurate radar targets, failing to recognize or verify the false positive before issuing the command.""]}",[],success
20050323X00350,[],"{""personnel_crm"": [""Failed to Coordinate (Captain)""], ""unsafe_decision"": [""Flight attendant was on the phone (engaged in non-essential task) instead of being secured in jumpseat when turbulence was imminent""]}",[],success
20040902X01347,"[{""text"": ""First Officer"", ""role"": ""Pilot Flying"", ""tier"": ""unsafe_skill""}, {""text"": ""Captain"", ""role"": ""Pilot Monitoring"", ""tier"": ""unsafe_skill""}]","{""operator_limits"": [""Insufficient experience in make and model (First Officer)""], ""personnel_crm"": [""Failure of Leadership / Delayed remedial action (Captain)"", ""Failed to Back-up (Captain)""], ""unsafe_skill"": [""First Officer: 'The correction was \""too severe,\"" and the airplane overshot the runway centerline to the left.'"", ""Captain: 'The captain then took the controls... The crew added that they were not aware that the right wing tip had struck the runway until after they exited the airplane.'""]}","[{""subject"": ""unsafe_skill"", ""relation"": ""CO_OCCURS_WITH"", ""object"": ""unsafe_decision"", ""evidence"": ""The first officer's failure to maintain aircraft control... Contributing factors were the captain's delayed remedial action""}]",success
20041104X01757,[],"{""personnel_crm"": [""Flight attendant failed to coordinate seating status with flight crew prior to descent""], ""unsafe_decision"": [""The flight crew's decision to remain level with and directly behind a heavy Boeing 747 at 10,000 feet, despite FAA recommendations to stay on/above the path or at least 1,000 feet below, resulted in an encounter with severe wake turbulence (Captain)""]}",[],success
20041209X01953,[],"{""operator_mental"": [""Loss of Situational Awareness (Captain)""], ""personnel_crm"": [""Failure to Coordinate (First Officer)""], ""unsafe_decision"": [""Captain: initiated a go-around maneuver after reverse thrust was selected, contrary to FedEx Crew Flight Manual guidance stating 'After reverse thrust is initiated, a full stop landing must be made. Do not attempt a go-around.'"", ""Captain: rotated the airplane to a nose high attitude of about 12 degrees prior to achieving sufficient airspeed and a positive rate of climb, exceeding the 10-degree pitch limit specified in FedEx tailstrike awareness training for low-level go-arounds""]}","[{""subject"": ""unsafe_decision"", ""relation"": ""LEADS_TO"", ""object"": ""unsafe_violation"", ""evidence"": ""The captain elected to conduct a go-around maneuver... after reverse thrust had been initiated, contrary to Boeing and FedEx training guidance.""}, {""subject"": ""unsafe_decision"", ""relation"": ""LEADS_TO"", ""object"": ""unsafe_skill"", ""evidence"": ""The pilot's over-rotation during a go-around maneuver... rotated the airplane to a nose high attitude of about 12 degrees prior to achieving sufficient airspeed and a positive rate of climb.""}, {""subject"": ""unsafe_violation"", ""relation"": ""CO_OCCURS_WITH"", ""object"": ""unsafe_skill"", ""evidence"": ""The go-around maneuver was initiated at a low speed and high pitch angle, and after reverse thrust was selected... The pilot's over-rotation during a go-around maneuver""}]",success
20040921X01471,[],"{""operator_limits"": [""Insufficient Reaction Time (First Officer)""], ""unsafe_perception"": [""Breakdown in Visual Scan (First Officer): The narrative states the captain noticed the flock and the first officer was 'unsuccessful in avoiding them' despite VMC conditions, implying a failure to detect the hazard early enough during the climb-out scan.""]}",[],success
20040930X01552,[],"{""operator_mental"": [""Loss of Situational Awareness (Pilot in Command)""], ""unsafe_decision"": [""The flight crew... determined there were no indications of control problems, and decided to continue to Seattle/Tacoma International Airport (KSEA)... where the flight landed with no further incident. Postflight inspection... revealed that the bird impact had partially severed the left wing leading edge composite structure and cracked the front spar web.""]}",[],success
20041019X01653,[],"{""operator_mental"": [""Complacency (Flight Attendants)"", ""Loss of Situational Awareness (First Officer)""], ""personnel_crm"": [""Failed to Coordinate (Captain/First Officer with Flight Attendants)""], ""unsafe_decision"": [""Flight attendants were cleaning and stowing catering items and were not seated (despite seat belt sign being ON and PA announcement)"", ""Captain/First Officer penetrated a cloud with no precipitation on radar display despite IFR conditions, resulting in severe turbulence""]}",[],success
20041020X01659,[],"{""operator_mental"": [""Loss of Situational Awareness (Captain)"", ""Loss of Situational Awareness (First Officer)""], ""operator_physical"": [""Physical Fatigue (Captain)"", ""Physical Fatigue (First Officer)""], ""personnel_crm"": [""Failed to Communicate (Captain)"", ""Failed to Coordinate (First Officer)""], ""unsafe_decision"": [""Pilots' failure to follow established procedures and properly conduct a nonprecision instrument approach at night in IMC (Flight Crew)"", ""Descent below the minimum descent altitude (MDA) before required visual cues were available (Flight Crew)"", ""Failure to adhere to the established division of duties between the flying and nonflying (monitoring) pilot (Flight Crew)""], ""unsafe_violation"": [""Pilots' failure to make standard callouts (Flight Crew)""]}","[{""subject"": ""personnel_readiness"", ""relation"": ""LEADS_TO"", ""object"": ""unsafe_decision"", ""evidence"": ""their fatigue likely contributed to their degraded performance""}, {""subject"": ""unsafe_decision"", ""relation"": ""LEADS_TO"", ""object"": ""unsafe_violation"", ""evidence"": ""failure to follow established procedures and properly conduct a nonprecision instrument approach... including their descent below the minimum descent altitude (MDA)""}, {""subject"": ""personnel_crm"", ""relation"": ""LEADS_TO"", ""object"": ""unsafe_violation"", ""evidence"": ""failure to adhere to the established division of duties between the flying and nonflying (monitoring) pilot""}, {""subject"": ""personnel_crm"", ""relation"": ""LEADS_TO"", ""object"": ""unsafe_violation"", ""evidence"": ""failure to make standard callouts""}]",success
20041028X01714,[],"{""operator_mental"": [""Complacency (Maintenance Personnel)"", ""Misplaced Motivation (Kalitta Air Maintenance Management)""], ""personnel_readiness"": [""Inadequate Preparation/Inspection Procedures (Kalitta Air Maintenance Crew)""], ""unsafe_decision"": [""Kalitta Air maintenance personnel performed only a visual inspection of the HPT module, which was inadequate to detect the vane shift or ascertain the integrity of the second stage turbine vane assembly"", ""Unknown maintenance personnel improperly repaired the high pressure turbine (HPT) module by using unauthorized Silver Goop anti-seize compound on the second stage turbine vane retaining bolts""]}","[{""subject"": ""unsafe_perception"", ""relation"": ""LEADS_TO"", ""object"": ""unsafe_decision"", ""evidence"": ""The accident operator's examination of the HPT was limited to a visual inspection that would not have detected a vane shift or ascertained the integrity second stage turbine vane assembly.""}, {""subject"": ""unsafe_decision"", ""relation"": ""LEADS_TO"", ""object"": ""unsafe_violation"", ""evidence"": ""The second stage turbine vanes contacted the second stage turbine disk due to... the improper repair of the module by unknown maintenance personnel.""}]",success
20041027X01709,[],"{""operator_mental"": [""Loss of Situational Awareness (Ground Employee)""], ""personnel_crm"": [""Failed to Communicate (Ground Employee)"", ""Failed to Coordinate (Ground Employee)""], ""unsafe_decision"": [""Ground employee operated the pushback vehicle alone despite headsets being inoperative, failing to follow the procedure requiring an additional ground agent for hand signal communication""], ""unsafe_violation"": [""Ground personnel failed to maintain required clearance from the turning propeller and walked backwards into the hazard zone""]}","[{""subject"": ""unsafe_decision"", ""relation"": ""LEADS_TO"", ""object"": ""unsafe_violation"", ""evidence"": ""The operator of the push-out vehicle and the wing-walker were not wearing ground-to-cockpit headsets... because the headsets were not working properly.""}, {""subject"": ""unsafe_decision"", ""relation"": ""LEADS_TO"", ""object"": ""unsafe_violation"", ""evidence"": ""The operator reported that this was the first time that the injured employee had operated the pushback vehicle alone.""}, {""subject"": ""unsafe_violation"", ""relation"": ""LEADS_TO"", ""object"": ""unsafe_perception"", ""evidence"": ""The original operator exited the vehicle... and began walking backwards toward the turning propeller.""}]",success
20041109X01790,[],"{""operator_mental"": [""Complacency (Pilot)"", ""Loss of Situational Awareness (Vehicle Operator)""], ""personnel_crm"": [""Failed to Communicate (Vehicle Operator)""], ""unsafe_perception"": [""The flightcrew also observed a larger airplane that had taxied past that point, and thought the clearance was adequate (Flight Crew)""], ""unsafe_violation"": [""the driver of the yellow vehicle parked about 6 feet from the edge of the taxiway; about 28 feet in the safety area... Additionally, the driver did not inform air traffic control (ATC) that the vehicle was parked there (Vehicle Driver)""]}","[{""subject"": ""unsafe_perception"", ""relation"": ""LEADS_TO"", ""object"": ""unsafe_decision"", ""evidence"": ""The flightcrew also observed a larger airplane that had taxied past that point, and thought the clearance was adequate.""}, {""subject"": ""unsafe_decision"", ""relation"": ""CO_OCCURS_WITH"", ""object"": ""unsafe_violation"", ""evidence"": ""A factor was the vehicle operator's improper decision to park within a taxiway safety area... the driver did not inform air traffic control (ATC) that the vehicle was parked there""}]",success
20041118X01838,[],"{""operator_mental"": [""Loss of Situational Awareness (Ramp Service Employee)""], ""personnel_crm"": [""Failure to Coordinate (Mentor/Supervisor)"", ""Failed to Back-up (Mentor/Supervisor)""], ""unsafe_skill"": [""Breakdown in Visual Scan (Ramp Service Employee): The narrative states the employee 'walked to the nose landing gear, slowed down, and then continued walking around to the other side of the aircraft' without maintaining clearance or visual awareness of the rotating propeller, resulting in inadvertent contact.""], ""unsafe_decision"": [""Improper Procedure (Ramp Service Employee): The employee approached the main landing gear from the front/nose area rather than the rear as specifically trained ('specifically trained to chock the main landing gear by approaching from the rear'), placing himself in the propeller prohibited zone.""]}","[{""subject"": ""personnel_readiness"", ""relation"": ""LEADS_TO"", ""object"": ""unsafe_skill"", ""evidence"": ""The individual involved in the accident was hired by America West on October 10, 2004, and was reportedly in training at the time... The mentor also stated that he never observed the individual install main landing gear chocks by approaching from the front of the aircraft.""}, {""subject"": ""unsafe_skill"", ""relation"": ""LEADS_TO"", ""object"": ""unsafe_decision"", ""evidence"": ""She reported that he walked to the nose landing gear, slowed down, and then continued walking around to the other side of the aircraft... Failure of the ramp employee to maintain clearance to the rotating propeller resulting in inadvertent contact with a propeller blade.""}]",success
20041122X01849,[],"{""operator_mental"": [""Loss of Situational Awareness (First Officer)"", ""Channelized Attention (Captain)""], ""operator_limits"": [""Insufficient Experience/Proficiency in Actual IMC Approaches (First Officer)""], ""personnel_crm"": [""Failure to Challenge/Intervene (Captain)"", ""Failed to Back-up (Captain)""], ""unsafe_skill"": [""First Officer: 'failure to maintain proper glide slope during the landing approach'"", ""Captain: 'failure to adequately monitor the approach and landing, and his failure to challenge and/or intervene when the first officer continued to descend below the glide slope'""], ""unsafe_decision"": [""Crew (Captain/First Officer): 'The crew said they would be okay' to continue the approach after receiving a lower altitude clearance from TRACON, despite being above the glide slope and not yet established on the localizer""]}","[{""subject"": ""personnel_readiness"", ""relation"": ""LEADS_TO"", ""object"": ""unsafe_skill"", ""evidence"": ""the first officer's lack of recent experience in flying a complete ILS approach in actual instrument conditions""}, {""subject"": ""unsafe_skill"", ""relation"": ""LEADS_TO"", ""object"": ""unsafe_decision"", ""evidence"": ""the first officer's failure to maintain proper glide slope during the landing approach""}, {""subject"": ""personnel_crm"", ""relation"": ""CO_OCCURS_WITH"", ""object"": ""unsafe_skill"", ""evidence"": ""the captain's failure to adequately monitor the approach and landing, and his failure to challenge and/or intervene when the first officer continued to descend below the glide slope""}]",success
20050104X00010,[],"{""personnel_crm"": [""Flight attendant failed to communicate evacuation instructions effectively to Spanish-speaking passenger""], ""unsafe_decision"": [""Flight attendant instructed the passenger to 'exit her way' instead of directing them to a designated emergency exit, leading the passenger to use a window exit and sustain injury (Flight Attendant)""]}",[],success
20050106X00021,[],"{""personnel_readiness"": [""Inadequate maintenance quality control / failure to verify brazing joint integrity (Maintenance Crew)""], ""unsafe_skill"": [""Maintenance crew: The torque on the retaining nut was so low that, once the safety was removed, the nut was easily removed by hand; the brazed joint did not meet the minimum requirement for filler material adhesion required in Aerospace Material Specification (AMS) 2664F.""]}",[],success
20050111X00033,[],"{""operator_mental"": [""Loss of Situational Awareness (Tug Driver)""], ""personnel_crm"": [""Failed to Coordinate (Tug Driver and Flight Crew)""], ""unsafe_skill"": [""Failure to maintain directional control of the tug on an icy ramp, resulting in a collision with the airplane (Tug Driver)""]}",[],success
20050118X00060,[],"{""operator_limits"": [""Inadequate initial ground equipment training (Tug Operator)""], ""personnel_readiness"": [""Failure to verify operator qualifications/certification (Company/Operator Management)""], ""unsafe_skill"": [""The tug operator's failure to maintain operational control of the tug, resulting in impact with an airplane (Tug Operator)""], ""unsafe_decision"": [""the tug driver's improper procedure (Tug Driver)"", ""the tug driver's inadequate initial ground equipment training (Tug Driver)""]}","[{""subject"": ""personnel_readiness"", ""relation"": ""LEADS_TO"", ""object"": ""unsafe_skill"", ""evidence"": ""the tug operator's training records did not reflect the tug operator's qualifications to operate ground equipment""}, {""subject"": ""unsafe_skill"", ""relation"": ""LEADS_TO"", ""object"": ""unsafe_decision"", ""evidence"": ""When the tug operator \""jumped\"" onto the tug, he lost his footing and slipped. As he grabbed for something to catch his balance, his right arm hit the tug's gearshift lever.""}, {""subject"": ""unsafe_decision"", ""relation"": ""LEADS_TO"", ""object"": ""operator_limits"", ""evidence"": ""the tug driver's failure to maintain operational control of the tug, resulting in impact with an airplane""}]",success
20050118X00061,[],"{""operator_mental"": [""Loss of Situational Awareness (snowplow driver)""], ""personnel_crm"": [""Failed to Communicate (airport operations/snowplow driver)""], ""unsafe_decision"": [""The snowplow driver's excessive speed (40-60 mph) while plowing the taxiway in poor visibility conditions, which exceeded safe operating limits for ground vehicles in an active airfield environment.""], ""unsafe_perception"": [""Failure to see the airplane during plowing operations due to snow throwing up in the windshield and poor visibility ('out of no where was a 737').""]}","[{""subject"": ""unsafe_perception"", ""relation"": ""LEADS_TO"", ""object"": ""unsafe_decision"", ""evidence"": ""the snowplow driver's failure to see the airplane during plowing operations""}, {""subject"": ""unsafe_decision"", ""relation"": ""CO_OCCURS_WITH"", ""object"": ""unsafe_violation"", ""evidence"": ""Factors contributing to the accident were the snowplow driver's excessive speed and the snow.""}]",success
20050120X00079,[],"{""operator_mental"": [""Distraction (Catering Truck Driver)""], ""personnel_readiness"": [""Inadequate Training/Experience (Catering Truck Driver)""], ""unsafe_skill"": [""The driver of the catering truck reported that he was approaching the airplane when he received a radio call. While talking over the radio, he inadvertently stepped on the accelerator (Catering Truck Driver)""]}","[{""subject"": ""unsafe_perception"", ""relation"": ""LEADS_TO"", ""object"": ""unsafe_skill"", ""evidence"": ""While talking over the radio, he inadvertently stepped on the accelerator""}]",success
20050207X00140,[],"{""operator_mental"": [""Loss of Situational Awareness (Captain)""], ""personnel_readiness"": [""Inadequate Preparation for Crosswind Landing (Captain)""], ""unsafe_skill"": [""Pilot's inadequate compensation for the gusty crosswind wind condition, which resulted in a loss of control during the landing roll""], ""unsafe_decision"": [""He reported he had started to add power to initiate an aborted landing... and he reduced power and continued the landing roll""]}",[],success
20050310X00294,[],"{""personnel_crm"": [""Failed to Communicate (WNI staff meteorologist failed to issue SIGMEC despite active AIRMET, resulting in incomplete weather information for the flight crew)""], ""personnel_readiness"": [""Inadequate Preparation (Flight dispatch/airline operations provided a release with outdated AIRMET Update 3 instead of valid Update 6, failing to ensure current weather data was available to the pilot in command)""], ""unsafe_decision"": [""WNI staff meteorologist made a judgment call not to issue a SIGMEC despite an active AIRMET for moderate turbulence, relying on the cancellation of a SIGMET and lack of supporting indicators""]}",[],success
20050323X00356,[],"{""operator_mental"": [""Loss of Situational Awareness (Captain)"", ""Channelized Attention (First Officer)""], ""personnel_crm"": [""Failed to Coordinate (Flight Crew)"", ""Failure of Leadership (Captain)""], ""personnel_readiness"": [""Inadequate Preparation (Operator/Management)""], ""unsafe_skill"": [""Over-controlled Aircraft (Captain): The narrative states the captain 'continued to rotate' and pulled the control column further aft, increasing pitch to 17.8 degrees, resulting in a tail strike; DFDR data showed a maximum pitch rate of 6.0 degrees/second, significantly exceeding the recommended 2.5 degrees/second.""], ""unsafe_decision"": [""Poor Decision (Flight Crew): The flight crew 'elected to not add a gust factor to the takeoff data' despite reports of wind gusts of plus or minus 10 knots and variable winds, failing to adjust performance planning for the actual meteorological conditions.""]}","[{""subject"": ""unsafe_decision"", ""relation"": ""LEADS_TO"", ""object"": ""unsafe_skill"", ""evidence"": ""The captain's failure to follow company procedures, which resulted in a tail strike.""}, {""subject"": ""personnel_readiness"", ""relation"": ""CO_OCCURS_WITH"", ""object"": ""unsafe_decision"", ""evidence"": ""the manufacturer's failure to provide adequate performance planning data to account for gusty crosswinds during takeoff""}]",success
20050317X00323,[],"{""operator_mental"": [""Get-home-itis (Captain)"", ""Loss of Situational Awareness (Captain)""], ""personnel_crm"": [""Failed to Communicate (Captain, Maintenance Operations Center)"", ""Failure of Leadership (Maintenance Operations Center)""], ""unsafe_decision"": [""Captain: 'The captain reported that he decided to continue the flight to MKE after considering MKE's weather and runway length' despite QRH instruction to 'Land at the nearest suitable airport'"", ""Captain: 'ATC did not inform the flight crew what the braking action was on runway 1L, and the flight crew did not request the braking action report for the runway'"", ""Airport Operations Coordinator: 'Instead of changing the active runway to Runway 25L after the Beechjet reported NIL braking action... ATCT switched the active runway to Runway 1L' (implied operational decision by airport ops/ATC coordination)"", ""MOC: 'MOC did not provide any guidance to the captain about any actions that the pilot should take in regards to landing at the nearest suitable runway'""], ""unsafe_violation"": [""Airport Operations: 'No MU readings were taken on Runway 1L-19R... No NOTAM was published for Runway 1L-19R until 0139 on the day after the accident' violating FAA AC 150/5200-30A requirements to conduct friction tests when visual inspections indicate changing friction"", ""Airport Operations: 'The MKE Snow Removal Plan stated \""a runway will be closed... when a major portion of the runway is covered with ... (4) any amount of ice or snow creating NIL breaking action\""' but runway remained open after Beechjet reported NIL""]}","[{""subject"": ""unsafe_decision"", ""relation"": ""LEADS_TO"", ""object"": ""unsafe_perception"", ""evidence"": ""The captain reported that he decided to continue the flight to MKE after considering MKE's weather and runway length... The last braking action reported to ATC was from a flight that landed at about 1026, which reported the braking action as FAIR. ATC did not inform the flight crew what the braking action was on runway 1L, and the flight crew did not request the braking action report for the runway.""}, {""subject"": ""unsafe_decision"", ""relation"": ""LEADS_TO"", ""object"": ""unsafe_skill"", ""evidence"": ""the captain's failure to adequately compensate for the crosswind conditions, and his failure to maintain directional control during landing... The airplane began to drift right of centerline by about 20 feet... After touchdown the airplane's ground track continued to drift right of centerline about 25 feet while the airplane nose remained to the left of the ground track. The airplane's ground track then began to turn left and departed off the side of the runway""}, {""subject"": ""unsafe_decision"", ""relation"": ""CO_OCCURS_WITH"", ""object"": ""personnel_crm"", ""evidence"": ""The captain informed the airline's maintenance control about the caution message, but he did not inform flight dispatch about the caution message or the need to land at the nearest suitable airport... Neither the captain nor the MOC informed Pinnacle Airline's flight Dispatch that Flight 2823 was having any difficulties""}]",success
20050413X00446,[],"{""operator_mental"": [""Loss of Situational Awareness (First Officer)""], ""personnel_crm"": [""Failed to Coordinate (Captain and First Officer)""], ""unsafe_perception"": [""The first officer thought it could be holding number one for takeoff, and he wanted to ensure that his airplane was on the correct taxiway before crossing the runway (First Officer)""], ""unsafe_violation"": [""the captain brought the airplane to an immediate stop... at a ground speed of 12 knots (Captain)""]}","[{""subject"": ""unsafe_perception"", ""relation"": ""LEADS_TO"", ""object"": ""unsafe_decision"", ""evidence"": ""The first officer's misjudgment of a perceived threat, which resulted in the captain's excessive braking""}, {""subject"": ""situational_tech"", ""relation"": ""CO_OCCURS_WITH"", ""object"": ""unsafe_perception"", ""evidence"": ""A factor was the night lighting conditions.""}]",success
20050322X00346,[],"{""operator_mental"": [""Haste (Captain)""], ""personnel_crm"": [""Failed to Coordinate (Flight Attendant)"", ""Failure of Leadership (Captain)""], ""unsafe_decision"": [""Captain ordered an emergency evacuation of the airplane after it stopped on the runway, despite no confirmed mechanical defect or immediate threat to life (smell only), resulting in a passenger injury""]}",[],success
20050621X00819,[],"{""operator_mental"": [""Complacency (Captain)"", ""Loss of Situational Awareness (Captain)""], ""personnel_crm"": [""Failed to Coordinate (Captain)""], ""unsafe_decision"": [""The captain kept the fasten seat belt sign on and instructed the flight attendants to take their seats if the flight became 'bumpy,' but failed to secure them or divert/alter course despite an active Convective SIGMET for severe turbulence in the immediate vicinity, resulting in a flight attendant being injured by a beverage cart (Captain)""]}",[],success
20050502X00534,[],"{""operator_limits"": [""Inexperience/Unqualified personnel (Ground Marshaller, Supervisor)""], ""personnel_crm"": [""Failed to Communicate (Supervisor on Duty)"", ""Failure of Leadership (Supervisor on Duty)""], ""unsafe_decision"": [""The Supervisor on Duty directed the marshaller to bring the [aircraft] up to the 727 stop block which is approximately 25-30 feet forward of the 737 stop block (Supervisor on Duty)"", ""A complete lack of communication among interested parties accompanied by the assigning unqualified agents and a lack of direct supervision was the major cause of this accident (Ground Operations Management/Supervision)""], ""unsafe_violation"": [""The ground personnel marshalled the airplane onto the '727' stop bar line, which was located approximately 25 feet forward of the '737' stop bar line (Marshaller)"", ""Assigning unqualified agents... to conduct marshal operations (Ground Operations Management)""]}",[],success
20050518X00630,[],"{""situational_tech"": [""Equipment Design (Manufacturer's insufficiently defined installation instructions leading to excess wiring over unshielded solenoid)""], ""unsafe_skill"": [""Maintenance crew: Inadequate installation of the cockpit security door locking device, leaving excess wiring laying atop the metal-encased, unshielded solenoid, contrary to FAA Advisory Circular (AC) 65-15A recommendations for protecting wires from high temperatures.""]}",[],success
20051213X01965,[],"{""operator_mental"": [""Loss of Situational Awareness (DC-9 Captain)"", ""Complacency (DC-9 Captain)""], ""personnel_crm"": [""Failed to Communicate (DC-9 First Officer)"", ""Failure of Leadership (DC-9 Captain)""], ""unsafe_decision"": [""The Captain decided to continue the flight and later negated the emergency after landing, failing to recognize that the loss of hydraulic pressure rendered the aircraft unable to stop or steer safely during taxi, leading to a collision with another aircraft (DC-9 Captain)"", ""The Captain shut down the left engine during taxi without ensuring the right hydraulic system was functional for braking and steering, leaving the aircraft with no means of control (DC-9 Captain)""], ""unsafe_perception"": [""The Captain misjudged the status of the hydraulic systems, believing the issue was stabilized or an indication error after the quantity rose, which led to the decision to taxi without adequate braking capability (DC-9 Captain)"", ""The First Officer failed to recognize that the left engine had been shut down and thus the left hydraulic system was inoperative, contributing to the loss of control during taxi (DC-9 First Officer)""]}","[{""subject"": ""unsafe_decision"", ""relation"": ""LEADS_TO"", ""object"": ""unsafe_perception"", ""evidence"": ""The CAPT stated that he had forgotten and was surprised that there was construction along the runway... The FO stated that it never dawned on him that the left engine was shut down.""}, {""subject"": ""unsafe_decision"", ""relation"": ""LEADS_TO"", ""object"": ""unsafe_skill"", ""evidence"": ""The Captain's decision to shutdown the left engine during taxi with no hydraulic pressure on the right side hydraulic system to effectively operate the brakes, steering, or thrust reversers.""}]",success
20050607X00723,[],"{""operator_mental"": [""Loss of Situational Awareness (Pilot in Command, N305UA)"", ""Complacency (Ground Crew, N373UA)""], ""personnel_crm"": [""Failed to Coordinate (Ground Crew, N373UA and Pilot in Command, N305UA)"", ""Failed to Communicate (Wing Walker/Tug Operator, N373UA)""], ""unsafe_decision"": [""The wing walker and tug operator had a brief discussion which resulted in the tug operator pulling the aircraft back toward the gate (Tug Operator)"", ""the pilot's failure to maintain clearance resulting in the left wing of the aircraft striking the right wing of an adjacent aircraft (Pilot)""], ""unsafe_perception"": [""N373UA was positioned a reported '5 to 10 feet too far west' at the time of the accident (Tug Operator)"", ""The pilots of N305UA visually cleared the area and began to taxi by turning to the west (Pilot)""]}",[],success
20050526X00682,[],"{""situational_tech"": [""Equipment Design (Maintenance/Engineering personnel: Failure to detect worn threads and sheared locking washer on original equipment actuator)""], ""unsafe_decision"": [""Maintenance personnel failed to detect worn threads and sheared locking washer during inspections despite high cycle count (Maintenance Personnel)""]}",[],success
20050520X00650,[],"{""situational_tech"": [""Equipment Design (Manufacturer/Engineer)""], ""unsafe_decision"": [""The manufacturer's examination of the retained parts indicated the presence of high cycle fatigue on both the spinner and the fan blade retaining ring... The combination of the radius on the retaining ring, and the sharp edge on the aft side of the spinner, resulted in an interference when the parts were assembled (Rolls-Royce / Design Engineer)""]}",[],success
20050603X00716,[],"{""operator_mental"": [""Loss of Situational Awareness (Captain/First Officer)""], ""personnel_crm"": [""Failed to Coordinate (Maintenance Crew)""], ""unsafe_decision"": [""Maintenance personnel: 'Made adjustment and test of nose gear steering as per MM (Maintenance Manual) 32-50-00-2, functional check normal on taxi' despite a prior report that 'Full left rudder and left [differential] braking would not correct drift', indicating an inadequate diagnosis or failure to identify the underlying rigging/steering issue before returning the aircraft to service (Maintenance Crew)"", ""Maintenance personnel: 'Checked rig per MM, taxi checked a-ok. Cleared log item #65' after a report that 'Nose wheels are turned [approximately] 10 [degrees] right with steering tiller centered', failing to resolve the persistent nose wheel alignment/steering discrepancy reported by flight crews (Maintenance Crew)""]}",[],success
20050609X00744,[],"{""operator_limits"": [""Inexperience in operating the specific vehicle type (belt loader) - Fleet Service Agent""], ""unsafe_skill"": [""Inexperience of the driver (fleet service agent) in the operation of a belt loader, which resulted in the belt loader being driven under, and colliding with, the airplane""]}",[],success
20050929X01547,[],"{""personnel_crm"": [""Failed to Communicate (Captain failed to convey the specific hazard of cabin pressurization by the air conditioning cart, leading to a misunderstanding of why the door needed to remain open)""], ""personnel_readiness"": [""Inadequate Training (Flight attendant did not receive training regarding the operation and warnings associated with the external air conditioning cart's ability to pressurize the cabin)""], ""unsafe_decision"": [""Captain: 'The captain did not specify that the reason the flight attendant needed to keep a door open was because the air conditioning cart pressurized the cabin if all the doors were closed.' (Failure to provide adequate briefing regarding the specific hazard of ground pressurization)"", ""Flight Attendant: 'She closed the service door, and crossed the galley and closed the main cabin door... As she lifted the handle upward, the door exploded open' (Improper procedure/decision to close all doors while connected to a pressurizing source without verifying pressure status or understanding the hazard)""]}","[{""subject"": ""personnel_readiness"", ""relation"": ""LEADS_TO"", ""object"": ""unsafe_decision"", ""evidence"": ""Air Wisconsin flight attendants do not receive training regarding the operation of the air conditioning cart and its ability to pressurize the cabin unless one door remains open.""}, {""subject"": ""personnel_readiness"", ""relation"": ""LEADS_TO"", ""object"": ""unsafe_perception"", ""evidence"": ""The captain did not specify that the reason the flight attendant needed to keep a door open was because the air conditioning cart pressurized the cabin if all the doors were closed.""}, {""subject"": ""unsafe_decision"", ""relation"": ""LEADS_TO"", ""object"": ""situational_tech"", ""evidence"": ""the captain asked her to shut the service door and the main cabin door... and the airplane began to pressurize.""}, {""subject"": ""unsafe_perception"", ""relation"": ""LEADS_TO"", ""object"": ""situational_tech"", ""evidence"": ""As she lifted the handle upward, the door exploded open and she was blown out of the airplane""}]",success
20050613X00760,[],"{""operator_mental"": [""Task Saturation (Flight Crew)""], ""personnel_crm"": [""Failed to Coordinate (Flight Crew & Company Dispatch)""], ""unsafe_decision"": [""Flight crew: 'The decision was made to perform an emergency landing with the unsafe landing gear indication.' (Decision to land with a known, unsecured right main landing gear despite inability to confirm lock status and ground personnel's uncertainty)""]}",[],success
20050627X00874,[],"{""operator_limits"": [""Inexperience in MD-11F (IOE status, low type time) - Pilot Flying""], ""personnel_crm"": [""Failure of Leadership / Inadequate Supervision during landing - Pilot-in-Command"", ""Failed to Back-up / Intervene on improper control inputs - Pilot-in-Command""], ""unsafe_skill"": [""Pilot Flying (Captain): Moved control column sharply forward after main gear touchdown, resulting in a pitch change from 5 degrees nose up to 1 degree nose down and a vertical load factor spike of 2.5 g's on nose wheel contact, causing the nose landing gear assembly to collapse.""], ""unsafe_decision"": [""Pilot-in-Command (Captain): Failed to provide adequate supervision during the landing phase while the Pilot Flying was receiving initial operating experience, allowing improper aircraft handling that led to the accident.""]}","[{""subject"": ""unsafe_decision"", ""relation"": ""LEADS_TO"", ""object"": ""unsafe_skill"", ""evidence"": ""The control column was then moved sharply forward resulting in a change in pitch angle from approximately 5 degrees nose up, to about 1 degree nose down... The vertical load factor then spiked to approximately 2.5 g's on nose wheel contact""}, {""subject"": ""personnel_crm"", ""relation"": ""LEADS_TO"", ""object"": ""unsafe_decision"", ""evidence"": ""Contributing to the accident was the pilot-in-command's inadequate supervision during the landing.""}]",success
20050616X00793,[],"{""situational_tech"": [""Equipment Design (Manufacturer/Quality Control): Manufacturing defect in hydraulic line (longitudinal defect at weld) that passed inspection due to insufficient rejection criteria for defects <0.002 inches""], ""unsafe_decision"": [""Manufacturer accepted the hydraulic line for service despite a longitudinal defect on the inner diameter, which was below the rejection threshold but indicated a manufacturing flaw that led to fatigue failure (Manufacturer/Quality Control)""]}",[],success
20050617X00804,[],"{""operator_mental"": [""Channelized Attention (Captain and First Officer)""], ""situational_tech"": [""Equipment Design (QRH Procedure/Manufacturer)"", ""Interface (EICAS/Gear System)""], ""unsafe_decision"": [""The flight crew followed the QRH checklist but did not cycle the landing gear lever, which was not required by the procedure at the time and later identified as a necessary step to resolve the hydraulic lock/friction issue (Captain and First Officer)""]}",[],success
20050616X00796,[],"{""operator_mental"": [""Complacency (Captain)"", ""Loss of Situational Awareness (Captain)""], ""personnel_crm"": [""Failed to Coordinate (Captain)""], ""unsafe_decision"": [""Captain: 'believed that the remainder of the flight \""might be bumpy, but not excessively so...\""' (Failure to exercise caution and reduce speed or deviate around developing convective activity despite visual evidence of cloud tops at 15,000-18,000 ft while descending through 13,000 ft)""]}",[],success
20050620X00811,[],"{""operator_mental"": [""Complacency (Captain)"", ""Loss of Situational Awareness (Captain)""], ""personnel_crm"": [""Failed to Coordinate (Crew)""], ""unsafe_decision"": [""The captain said the top of a thunderstorm cell was 'not painting on radar.' They had been expecting light chop but encountered moderate turbulence instead. (Captain)""]}",[],success
20050623X00849,[],"{""operator_mental"": [""Loss of Situational Awareness (Pilot)""], ""personnel_crm"": [""Failed to Coordinate (Crew)""], ""unsafe_decision"": [""Pilot's decision to continue the descent into instrument meteorological conditions despite prior deviation around thunderstorms and reports of numerous storms in the area, resulting in a lightning strike""]}",[],success
20050628X00880,[],"{""operator_mental"": [""Distraction (Captain)"", ""Loss of Situational Awareness (First Officer)""], ""personnel_crm"": [""Failed to Coordinate (Captain and First Officer)""], ""unsafe_skill"": [""Failed to Prioritize Attention: The flight crew's attention was diverted while the number 2 engine was operating and failure to maintain aircraft control which resulted in an inadvertent taxi of the airplane into an airport security fence (Captain and First Officer)""]}",[],success
20050629X00896,[],"{""operator_mental"": [""Loss of Situational Awareness (Left Wing Walker)"", ""Complacency (Operations Supervisor)""], ""operator_limits"": [""Inexperience (Left Wing Walker)""], ""personnel_crm"": [""Failed to Communicate (Gate Agent)"", ""Failed to Coordinate (Ground Crew Team)""], ""unsafe_skill"": [""Breakdown in Visual Scan (Left Wing Walker): The left wing walker stated, 'I did not anticipate the jet bridge posing a threat... I did not notice the plane would hit the bridge until it was too late.'"", ""Failed to Prioritize Attention (Gate Agent/Jetway Operator): The gate agent had been dealing with a customer issue and did not go out onto the jetway until the airplane was approaching the J-line.""], ""unsafe_decision"": [""Improper Procedure (Operations Supervisor): The operations supervisor thought the jet bridge was 'a little close to the J-line' but decided there would be enough clearance, failing to ensure proper positioning or aborting the approach."", ""Misdiagnosed Emergency (Captain): The captain stated he thought the brake may have grabbed and applied a 'little power for a moment,' misinterpreting the aircraft's status before shutting down engines.""]}","[{""subject"": ""personnel_readiness"", ""relation"": ""LEADS_TO"", ""object"": ""unsafe_perception"", ""evidence"": ""Contributing factors were his inadequate initial training... I did not anticipate the jet bridge posing a threat""}, {""subject"": ""unsafe_perception"", ""relation"": ""LEADS_TO"", ""object"": ""unsafe_decision"", ""evidence"": ""I did not notice the plane would hit the bridge until it was too late... He applied a 'little power for a moment.'""}, {""subject"": ""personnel_readiness"", ""relation"": ""LEADS_TO"", ""object"": ""unsafe_decision"", ""evidence"": ""The gate agent (and jetway operator) had been dealing with a customer issue and did not go out onto the jetway until the airplane was approaching the J-line.""}]",success
20050701X00915,[],"{""situational_tech"": [""Defective equipment design/assembly (improper lockwire installation by parts supplier leading to seal damage and hydraulic leak)"", ""Inadequate maintenance documentation/service bulletin effectivity error by airplane manufacturer""], ""unsafe_violation"": [""The operator failed to implement the inspection required by Bombardier Service Bulletin SB601R-32-090, which was distributed to 'each affected operator,' despite the valve being original equipment and subject to a known defect (Operator/Maintenance Personnel)""]}",[],success
20051110X01830,[],"{""operator_mental"": [""Channelized Attention (Captain)"", ""Channelized Attention (First Officer)"", ""Channelized Attention (Flight Engineer)""], ""personnel_crm"": [""Failure of Leadership (Captain)"", ""Failed to Back-up (First Officer)"", ""Failed to Coordinate (Flight Engineer)""], ""unsafe_skill"": [""Inadvertent Flight Control Use (Flight Crew)"", ""Breakdown in Visual Scan (Captain, First Officer, Flight Engineer)""], ""unsafe_decision"": [""Poor Decision (Maintenance Personnel)""]}","[{""subject"": ""unsafe_perception"", ""relation"": ""LEADS_TO"", ""object"": ""unsafe_decision"", ""evidence"": ""the captain had written up the number 2 thrust reverser... The captain was informed that some final rigging steps had not been accomplished... The flight crew informed maintenance that they would check the engines themselves after engine start""}, {""subject"": ""unsafe_decision"", ""relation"": ""LEADS_TO"", ""object"": ""unsafe_skill"", ""evidence"": ""the inadvertent throttle movement by one of the flight crew and the captain's inadequate supervision during the engine start sequence""}]",success
20051028X01749,[],"{""operator_mental"": [""Complacency (Captain)"", ""Loss of Situational Awareness (Captain)""], ""personnel_crm"": [""Failed to Coordinate (Captain and First Officer)""], ""unsafe_decision"": [""Flight attendants were walking in the aisle and serving beverages with carts unsecured after the seat belt sign was turned off, despite the captain's earlier warning about weather and their own intuition that 'something just didn't feel right' (Injured Flight Attendant)""]}",[],success
20050713X01012,[],"{""operator_mental"": [""Loss of Situational Awareness (Pushback Driver)"", ""Complacency (Pushback Driver)""], ""personnel_crm"": [""Failed to Coordinate (Ground Crew/Supervisor)"", ""Failed to Communicate (Wing Walker/Pushback Driver)""], ""unsafe_skill"": [""The pushback driver stated that he 'did not see anyone telling me to stop pushing that my zone was not clear.' (Pushback Driver)""], ""unsafe_decision"": [""The pushback driver, unaware of the second truck behind the aircraft, began to push the aircraft out. (Pushback Driver)"", ""The Captain ... told the driver to push at his discretion. (Captain)""]}","[{""subject"": ""unsafe_perception"", ""relation"": ""LEADS_TO"", ""object"": ""unsafe_decision"", ""evidence"": ""The pushback driver, unaware of the second truck behind the aircraft, began to push the aircraft out.""}, {""subject"": ""personnel_crm"", ""relation"": ""CO_OCCURS_WITH"", ""object"": ""unsafe_perception"", ""evidence"": ""Factors to the accident were... the inadequate group/crew coordination for the pushback""}]",success
20050825X01313,[],"{""operator_mental"": [""Loss of Situational Awareness (Boeing Captain)"", ""Complacency (Boeing First Officer)""], ""personnel_crm"": [""Failed to Coordinate (EWR ATC and PANYNJ EWR Personnel)"", ""Misinterpretation of Traffic Calls (Boeing Captain)""], ""unsafe_perception"": [""Both pilots stated that they were attentive, that the Embraers appeared to be parked in a uniform line, and that they perceived adequate clearance from the parked airplanes - Boeing 737 Flight Crew""]}",[],success
20050817X01269,[],"{""operator_mental"": [""Complacency (Captain of N496UA)"", ""Loss of Situational Awareness (Tug Operator)""], ""personnel_crm"": [""Failed to Coordinate (Tug Operator and Wing Walkers)"", ""Failed to Communicate (Ground Crews and Tug Operator)""], ""unsafe_decision"": [""Captain's failure to maintain sufficient clearance while taxiing to an assigned gate (Pilot in Command, N496UA)"", ""Tug operator's failure to follow published company procedures resulting in the holding airplane being pushed back too far (Tug Operator)""], ""unsafe_perception"": [""Captain determined there was sufficient clearance between the two airplanes despite reduced space (Pilot in Command, N496UA)"", ""Witness stated it was 'pushed back too far' indicating misjudgment of position relative to taxiway centerline (Tug Operator)""]}","[{""subject"": ""unsafe_decision"", ""relation"": ""LEADS_TO"", ""object"": ""unsafe_skill"", ""evidence"": ""The captain's failure to maintain sufficient clearance while taxiing to an assigned gate, which resulted in a collision""}, {""subject"": ""unsafe_violation"", ""relation"": ""LEADS_TO"", ""object"": ""unsafe_skill"", ""evidence"": ""the tug operator's failure to follow published company procedures resulting in the holding airplane being pushed back too far, which reduced wingtip clearance""}]",success
20050921X01501,[],"{""operator_mental"": [""Complacency (Captain, First Officer, Second Officer)"", ""Loss of Situational Awareness (Second Officer)""], ""personnel_crm"": [""Failed to Coordinate (Flight Crew)"", ""Failed to Communicate (First Officer)""], ""unsafe_decision"": [""The flight crew made only general comments regarding the gear, such as 'all gear,' 'all green,' or 'got 'em all' instead of verifying the specific count required by the checklist (Captain and Second Officer)"", ""Because the crew believed that all of the gear annunciator lights were illuminated, they considered all gear down and locked and decided not to recycle the landing gear or attempt to extend any of the gear via the alternate systems before attempting a second approach (Flight Crew)""], ""unsafe_violation"": [""The captain did not enter this event in the airplane\u2019s maintenance logbook after a previous similar malfunction on August 9, 2005 (Captain)""]}","[{""subject"": ""unsafe_perception"", ""relation"": ""LEADS_TO"", ""object"": ""unsafe_decision"", ""evidence"": ""Because the crew believed that all of the gear annunciator lights were illuminated, they considered all gear down and locked and decided not to recycle the landing gear or attempt to extend any of the gear via the alternate systems before attempting a second approach.""}, {""subject"": ""unsafe_decision"", ""relation"": ""LEADS_TO"", ""object"": ""unsafe_skill"", ""evidence"": ""the flight crews' failure to verify that the number of landing gear annunciations on the second officer's panel was consistent with the number specified in the abnormal/emergency procedures checklist, which led to a landing with the nose gear retracted.""}]",success
20050825X01311,[],"{""operator_mental"": [""Loss of Situational Awareness (Captain)"", ""Complacency (Captain)""], ""personnel_crm"": [""Failed to Coordinate (First Officer)""], ""unsafe_perception"": [""Misjudged Distance/Altitude/Airspeed (Captain): The captain stated, 'Went to place A/C in corner west of terminal C; east of hold short line as previously done. Both [captain and first officer] closely monitored the final left turn with respect to aircraft proximity to perimeter fence.' However, the narrative confirms the right wing tip struck the fence, indicating a failure to accurately perceive the spatial clearance required for the maneuver.""], ""unsafe_violation"": [""Unauthorized Approach (Captain): The operator's safety recommendation states, 'In addition to providing all of our flight crews with instructions not to enter this area... they believe that crews in general should not move off of marked taxi lines under any circumstance.' The narrative confirms the aircraft was found 'not on a taxiway centerline' and in an area designated as a movement area but effectively a restricted pushback zone, indicating the captain knowingly deviated from standard taxiing procedures by moving the aircraft into this specific corner to hold.""]}",[],success
20050901X01366,[],"{""operator_mental"": [""Loss of Situational Awareness (Airbus Captain)"", ""Complacency (Airbus Augmenting Captain)""], ""personnel_crm"": [""Failed to Coordinate (Bombardier Captain and Airbus Captain)"", ""Misinterpretation of Traffic Calls (Airbus Captain)""], ""unsafe_perception"": [""The captain of the Airbus reported that the tail of the Bombardier 'appeared to be 20-30 feet outside the taxi line' and that he was 'not comfortable', yet later stated he thought there was adequate clearance, indicating a misjudgment of the spatial relationship between the wingtip and the obstacle.""], ""unsafe_violation"": [""The captain of the Bombardier taxied his airplane 'as far forward as possible' onto the ramp area while waiting for a marshaler, despite being instructed to hold short or park in spot 14, thereby violating standard taxiway clearance procedures and creating an obstruction.""]}","[{""subject"": ""unsafe_perception"", ""relation"": ""LEADS_TO"", ""object"": ""unsafe_decision"", ""evidence"": ""The captain and augmenting captain of the Airbus visually checked for clearance between their left wingtip and the tail of the Bombardier and decided that there was adequate clearance.""}, {""subject"": ""unsafe_decision"", ""relation"": ""LEADS_TO"", ""object"": ""unsafe_skill"", ""evidence"": ""The failure of the flight crew to maintain adequate clearance while taxiing.""}]",success
20051025X01717,[],"{""operator_mental"": [""Loss of Situational Awareness (Captain)""], ""personnel_crm"": [""Failed to Coordinate (Captain)"", ""Failure of Leadership (Spirit Airlines Management)""], ""personnel_readiness"": [""Inadequate Training/Preparation (Spirit Airlines Management)""], ""unsafe_skill"": [""Captain made simultaneous side stick inputs without activating the takeover button, causing algebraic addition of pitch signals and over-controlling the aircraft (Captain)"", ""First Officer initiated an incomplete flare and lowered the nose prior to touchdown, resulting in a firm bounce (First Officer)""], ""unsafe_decision"": [""Captain attempted remedial action by pulling back on the side stick during a bounced landing without first assuming control via the takeover button (Captain)"", ""Flight crew failed to follow proper bounced landing recovery procedures by not maintaining pitch attitude or initiating a go-around after the bounce (Flight Crew)""]}","[{""subject"": ""personnel_readiness"", ""relation"": ""LEADS_TO"", ""object"": ""unsafe_decision"", ""evidence"": ""the operator's insufficient emphasis on bounced landing recovery techniques and tailstrike avoidance procedures""}, {""subject"": ""unsafe_decision"", ""relation"": ""LEADS_TO"", ""object"": ""unsafe_skill"", ""evidence"": ""the pilot-in-command's failure to properly activate his sidestick takeover push button prior to his remedial action""}]",success
20050927X01540,[],"{""situational_tech"": [""Equipment Design (BSCU logic prevented re-centering due to hydraulic sequencing)"", ""Automation (Lack of approved procedure to reset BSCU in flight)""], ""unsafe_decision"": [""The flight crew followed the FCOM and maintenance control guidance but did not cycle the landing gear lever or reset the BSCU, which was not an approved procedure at the time but later identified as a necessary step to resolve the hydraulic lock/steering fault (Captain and First Officer)""]}",[],success
20050927X01539,[],"{""operator_mental"": [""Complacency (Captain)"", ""Loss of Situational Awareness (Captain)""], ""situational_tech"": [""Equipment Design (Checklist omission)""], ""unsafe_skill"": [""Omitted Checklist Step: The Captain reported, 'Since we un-strapped the freight for off load almost 2 hours ago, we didn't think to check the freight,' and noted that the Before Start Checklist did not remind them to verify cargo restraint.""], ""unsafe_decision"": [""Poor Decision: The flight crew initiated the takeoff roll without verifying that the previously un-strapped cargo was properly secured, leading to a shift in center of gravity and tail strike.""]}","[{""subject"": ""unsafe_decision"", ""relation"": ""LEADS_TO"", ""object"": ""unsafe_perception"", ""evidence"": ""Since we un-strapped the freight for off load almost 2 hours ago, we didn't think to check the freight.""}, {""subject"": ""unsafe_perception"", ""relation"": ""LEADS_TO"", ""object"": ""unsafe_skill"", ""evidence"": ""The flight crew failed to verify that the cargo was secured before takeoff.""}]",success
20051026X01739,[],"{""operator_mental"": [""Task Saturation (First Officer)"", ""Loss of Situational Awareness (Captain)""], ""personnel_crm"": [""Failed to Back-up (Captain)"", ""Failed to Coordinate (Flight Crew)""], ""unsafe_skill"": [""Over-controlled Aircraft (First Officer)""]}","[{""subject"": ""unsafe_decision"", ""relation"": ""LEADS_TO"", ""object"": ""operator_limits"", ""evidence"": ""The flight crew responded with a pitch-up attitude of 14 degrees, with a sustained g-load of 2 g's... The manufacturer's airplane operator's manual stated that compliance with pitch guidance provided on the primary flight display should require no more than a 0.75g to 1.25g maneuver""}, {""subject"": ""unsafe_decision"", ""relation"": ""LEADS_TO"", ""object"": ""operator_physical"", ""evidence"": ""During the climb and subsequent descent maneuver, a cabin attendant sustained a serious injury.""}]",success
20051020X01700,[],"{""operator_mental"": [""Loss of Situational Awareness (Captain, Flight 1097)"", ""Complacency (Captain, Flight 1097)""], ""personnel_crm"": [""Failed to Coordinate (Flight Crew, Flight 1097)""], ""unsafe_perception"": [""The captain of flight 1097 believed there was enough clearance between his airplane and flight 2080; however, the left winglet struck the right horizontal stabilizer (Captain)""], ""unsafe_violation"": [""failure of the flight crew to maintain an adequate clearance from a stationary Boeing 737 (Flight Crew)""]}","[{""subject"": ""unsafe_perception"", ""relation"": ""LEADS_TO"", ""object"": ""unsafe_decision"", ""evidence"": ""The captain of flight 1097 believed there was enough clearance between his airplane and flight 2080; however, the left winglet struck the right horizontal stabilizer.""}, {""subject"": ""unsafe_decision"", ""relation"": ""LEADS_TO"", ""object"": ""unsafe_skill"", ""evidence"": ""The captain of flight 1097 taxied slowly until it appeared the airplane had passed flight 2080, and proceeded to intercept the J-line when the flight crew felt the airplane shudder.""}]",success
20051018X01675,[],"{""operator_mental"": [""Haste (De-ice vehicle operator)"", ""Misplaced Motivation (Captain)""], ""personnel_crm"": [""Failed to Communicate (De-ice vehicle operator)"", ""Failed to Coordinate (Flight crew and De-ice vehicle operator)""], ""unsafe_decision"": [""De-ice vehicle operator failed to follow post de-icing procedures by leaving the truck positioned on the departure side of the pad with the boom extended, rather than ensuring all trucks were in designated safety areas (Ground Crew/De-ice Vehicle Operator)""]}","[{""subject"": ""unsafe_decision"", ""relation"": ""LEADS_TO"", ""object"": ""unsafe_violation"", ""evidence"": ""In an attempt to expedite the de-icing process, the captain requested only one step (Type I de-icing fluid) of the regular two step... de-icing process.""}, {""subject"": ""unsafe_decision"", ""relation"": ""LEADS_TO"", ""object"": ""unsafe_violation"", ""evidence"": ""the de-ice vehicle operator's failure to follow post de-icing procedures, resulting in a collision.""}]",success
20051026X01729,[],"{""operator_limits"": [""Visual Limitation (Pilot)""], ""unsafe_perception"": [""Failure to detect the coyote on the runway during the takeoff roll due to nighttime conditions (Flight Crew)""]}",[],success
20051104X01781,[],"{""operator_mental"": [""Complacency (Captain)""], ""personnel_crm"": [""Failed to Coordinate (Captain)""], ""unsafe_decision"": [""The captain turned the seatbelt sign off for 10 minutes to allow passengers to move about the cabin despite forecasted turbulence ahead (Captain)""]}",[],success
20051101X01766,[],"{""operator_mental"": [""Complacency (Maintenance Crew)"", ""Misplaced Motivation (Operator Management)""], ""situational_tech"": [""Equipment Design (Manufacturer/Designers)""], ""unsafe_decision"": [""Maintenance personnel failed to comply with Service Bulletin CF34-NAC-78-024 which called for the removal of existing hardware and replacement with new, improved hardware (Maintenance Personnel)""]}",[],success
20051103X01780,[],"{""operator_mental"": [""Complacency (Passenger)""], ""situational_tech"": [""Equipment Design (Door-stair interface)""], ""unsafe_decision"": [""The passenger fell while exiting the aircraft using the door-stair during normal deplaning (Passenger)""]}",[],success
20060109X00026,[],"{""operator_mental"": [""Loss of Situational Awareness (UPS Captain)"", ""Complacency (UPS Captain)""], ""personnel_crm"": [""Failed to Coordinate (Ground Control / UPS Captain)"", ""Failed to Communicate (Airline Operations / Pilots)""], ""unsafe_perception"": [""The UPS Captain stated that... both pilots noticed the Continental 737 ahead and to their left, well inside the double yellow lines. They 'felt the 737 was clear of our path.' (UPS Captain)""], ""unsafe_violation"": [""A contributing factor was that taxi procedures were not issued by ground control to advise the captain that the ramp area where he was taxing was designated as a non-movement area and not under the tower's control. (ATC/Ground Control)""]}",[],success
20051210X01960,[],"{""operator_mental"": [""Loss of Situational Awareness (Captain)""], ""situational_tech"": [""Automation (Autothrottle mixed-mode interaction)"", ""Equipment Design (Speedbrake deployment logic dependent on throttle position)""], ""personnel_crm"": [""Failed to Coordinate (First Officer/Captain regarding autothrottle status and bounce recovery)""], ""unsafe_skill"": [""The captain did not add power after the first touchdown, contrary to manufacturer guidance for a high bounce (Captain)"", ""The captain retarded the thrust levers to idle during the bounce, causing automatic speedbrake deployment and loss of lift (Captain)""], ""unsafe_decision"": [""The captain continued the landing instead of initiating a go-around after the aircraft bounced (Captain)"", ""The captain left the autothrottles engaged while manually flying the approach in mixed-mode, contrary to manufacturer recommendations (Captain)""]}","[{""subject"": ""unsafe_decision"", ""relation"": ""LEADS_TO"", ""object"": ""unsafe_skill"", ""evidence"": ""The captain disconnected the autothrottles, but did not retard the throttles to idle. Therefore, automatic speedbrake deployment did not take place during the first touchdown.""}, {""subject"": ""unsafe_decision"", ""relation"": ""LEADS_TO"", ""object"": ""unsafe_skill"", ""evidence"": ""During the resultant bounce, the captain then retarded the thrust levers to idle, the speedbrakes deployed, there was a loss of lift and nose up pitching moment, and a tailstrike resulted.""}, {""subject"": ""personnel_readiness"", ""relation"": ""LEADS_TO"", ""object"": ""unsafe_decision"", ""evidence"": ""Factors to the accident were the operator's failure to provide sufficient information on the use of autothrottles and bounced landing recovery techniques""}, {""subject"": ""personnel_readiness"", ""relation"": ""LEADS_TO"", ""object"": ""unsafe_decision"", ""evidence"": ""along with the Federal Aviation Administration's failure to require the inclusion of mixed-mode flight control guidance and bounced landing recovery techniques in operator pilot training programs""}]",success
20051130X01905,[],"{""operator_mental"": [""Loss of Situational Awareness (tug driver)""], ""situational_tech"": [""Equipment Design (tug driver)""], ""unsafe_perception"": [""Misjudged Distance/Altitude/Airspeed (Tug Driver): The agent said he was close enough to the airplane that the top right corner of the baggage cart hit the stabilon.""], ""unsafe_violation"": [""Failed to Prepare for Flight (Tug Driver): A factor contributing to the incident was the tug driver's failure to consider the extra height of the cart in relation to the other carts used on the airport.""]}","[{""subject"": ""unsafe_perception"", ""relation"": ""LEADS_TO"", ""object"": ""unsafe_decision"", ""evidence"": ""the tug driver's failure to consider the extra height of the cart in relation to the other carts used on the airport""}, {""subject"": ""unsafe_decision"", ""relation"": ""LEADS_TO"", ""object"": ""unsafe_skill"", ""evidence"": ""the tug driver's failure to maintain adequate clearance from the airplane resulting in the baggage cart striking the airplane's stabilon""}]",success
20051202X01925,[],"{""operator_mental"": [""Distraction (First Officer)"", ""Loss of Situational Awareness (Captain)""], ""personnel_crm"": [""Failed to Back-up (First Officer)""], ""unsafe_skill"": [""Breakdown in Visual Scan (Captain): The captain reported that he 'cut the corner too tight resulting in the right propeller striking a taxiway light.'"", ""Failed to Prioritize Attention (First Officer): The first officer stated that she was switching radio frequencies and when she looked up, realized that they were too close.""], ""unsafe_perception"": [""Misjudged Distance/Altitude/Airspeed (Captain): The captain reported that he turned onto what he thought was a 90-degree taxiway... resulting in the right propeller striking a taxiway light.""]}","[{""subject"": ""unsafe_perception"", ""relation"": ""LEADS_TO"", ""object"": ""unsafe_decision"", ""evidence"": ""he turned onto what he thought was a 90-degree taxiway... cut the corner too tight""}, {""subject"": ""unsafe_decision"", ""relation"": ""LEADS_TO"", ""object"": ""unsafe_skill"", ""evidence"": ""cut the corner too tight resulting in the right propeller striking a taxiway light""}]",success
20051209X01956,[],"{""operator_mental"": [""Distraction (LCA)"", ""Loss of Situational Awareness (Captain Trainee)""], ""personnel_crm"": [""Failed to Back-up (FAA Inspector)"", ""Failure of Leadership (LCA)""], ""unsafe_skill"": [""LCA: 'he was not as focused on the surrounding area as he normally would have been' due to troubleshooting APU warning, leading to failure to detect obstacle"", ""Captain trainee: 'slowed down as the LCA was working on the APU door problem' and failed to visually scan left side where 'dark grassy area bordering the taxiway' obscured the stairs""], ""unsafe_decision"": [""LCA: prioritized troubleshooting the APU door issue over maintaining full situational awareness during night taxi in dark conditions"", ""Unknown persons (Swissport/other operator): failed to properly secure or remove the stair unit from the active taxiway area, leaving it 'partially on the grass' and obstructing the path""]}","[{""subject"": ""unsafe_perception"", ""relation"": ""CO_OCCURS_WITH"", ""object"": ""unsafe_decision"", ""evidence"": ""The LCA stated that because of the APU warning, he was not as focused on the surrounding area as he normally would have been.""}, {""subject"": ""unsafe_perception"", ""relation"": ""LEADS_TO"", ""object"": ""unsafe_decision"", ""evidence"": ""The LCA stated he began to trouble shoot the problem and the captain trainee continued to taxi the airplane.""}]",success
20051213X01964,[],"{""operator_mental"": [""Distraction (Captain)"", ""Loss of Situational Awareness (First Officer)""], ""operator_limits"": [""Lack of Familiarity with Autobrake System (Pilots)""], ""situational_tech"": [""Programming and Design of Onboard Performance Computer (Southwest Airlines)"", ""New Autobrake Procedures Implementation (Southwest Airlines)""], ""personnel_crm"": [""Failure to Coordinate/Divert Given Poor Braking Reports (Pilots)""], ""unsafe_skill"": [""Failed to Prioritize Attention (Captain): The captain stated that he believed that the use of the autobrake system distracted his attention from the thrust reversers after his initial attempt to deploy them."", ""Poor Technique (First Officer): The first officer moved the captain's hand away from the thrust reverser levers and, about 15 seconds after touchdown, initiated deployment of the thrust reversers to the maximum reverse setting.""], ""unsafe_decision"": [""Poor Decision (Pilots): Contributing to the accident was the pilots' failure to divert to another airport given reports that included poor braking action and a tailwind component greater than 5 knots."", ""Improper Procedure (Captain): The captain stated that he tried to deploy the thrust reversers immediately after touchdown but had difficulty moving the thrust reverser levers... He said that he subsequently applied the wheel brakes manually but made no further effort to activate the thrust reversers.""]}","[{""subject"": ""personnel_readiness"", ""relation"": ""LEADS_TO"", ""object"": ""unsafe_decision"", ""evidence"": ""the pilots' first experience and lack of familiarity with the airplane's autobrake system distracted them from thrust reverser usage""}, {""subject"": ""personnel_readiness"", ""relation"": ""LEADS_TO"", ""object"": ""unsafe_perception"", ""evidence"": ""the captain stated that he believed that the use of the autobrake system distracted his attention from the thrust reversers""}, {""subject"": ""personnel_readiness"", ""relation"": ""LEADS_TO"", ""object"": ""unsafe_decision"", ""evidence"": ""the pilots' failure to divert to another airport given reports that included poor braking action and a tailwind component greater than 5 knots""}]",success
20060106X00018,[],"{""personnel_crm"": [""Failure of Leadership (Maintenance Program Manager)"", ""Failed to Coordinate (FAA Oversight Personnel)""], ""personnel_readiness"": [""Inadequate Preparation (Maintenance Crew)""], ""unsafe_decision"": [""Failure of the Chalk's Ocean Airways maintenance program to identify and properly repair fatigue cracks in the right wing (Maintenance Personnel)""]}",[],success
20060119X00088,[],"{""situational_tech"": [""Equipment Design (Boeing hubcap design allowed water ingress and grease dilution)""], ""unsafe_decision"": [""The operator's maintenance personnel failed to detect water in the wheel hubs and heavily diluted grease during inspections, allowing the aircraft to operate with a known potential for bearing failure (Maintenance Personnel)""]}",[],success
20051229X02027,"[{""text"": ""Tug driver"", ""role"": ""Ground Service Employee"", ""tier"": ""unsafe_skill""}, {""text"": ""Wing-walkers"", ""role"": ""Ground Service Employee"", ""tier"": ""unsafe_skill""}, {""text"": ""Tug driver"", ""role"": ""Ground Service Employee"", ""tier"": ""unsafe_decision""}, {""text"": ""Captain"", ""role"": ""Flight Crew"", ""tier"": ""unsafe_decision""}]","{""operator_mental"": [""Loss of Situational Awareness (Tug Driver)"", ""Complacency (Tug Driver)""], ""personnel_crm"": [""Failed to Coordinate (Tug Driver, Wing-walker)"", ""Failed to Communicate (Wing-walker, Tug Driver)""], ""unsafe_skill"": [""Tug driver: 'looking back to align the airplane with the taxiway' while towing, resulting in failure to monitor the tow bar connection and detect the shear pin failure or loss of control before collision"", ""Wing-walkers: 'noticed that the airplane continued to roll forward when the tug stopped' but failed to intervene effectively until after impact, indicating a breakdown in visual scan/monitoring during critical maneuver""], ""unsafe_decision"": [""Tug driver: 'regained control of the tug, and continued the push back' despite prior loss of traction and potential equipment instability, failing to stop for inspection or re-secure before resuming tow"", ""Flight crew: 'Captain mentioned that during the initial movement the tug was out of position' but proceeded with engine start and pushback without resolving the alignment issue or verifying secure connection""]}","[{""subject"": ""unsafe_skill"", ""relation"": ""LEADS_TO"", ""object"": ""unsafe_decision"", ""evidence"": ""The tug driver stated that during the pushback they did not notice anything unusual... The tug driver regained control of the tug, and continued the push back.""}]",success
20051229X02026,[],"{""operator_mental"": [""Complacency (Ground Baggage Handler)"", ""Haste (Ground Baggage Handler)""], ""personnel_crm"": [""Failed to Communicate (Ground Baggage Handler)""], ""unsafe_skill"": [""Ground baggage handler: 'turned the tug's wheels as far as possible' and 'felt my tug going against something', failing to maintain clearance from the aircraft during maneuvering""], ""unsafe_decision"": [""Ground baggage handler: 'did a quick glance... did not see any damage' and 'did not report the incident to anyone', choosing to proceed without verifying safety or notifying flight crew of potential structural damage""]}","[{""subject"": ""unsafe_decision"", ""relation"": ""LEADS_TO"", ""object"": ""unsafe_violation"", ""evidence"": ""He did not report the incident to anyone.""}, {""subject"": ""unsafe_perception"", ""relation"": ""CO_OCCURS_WITH"", ""object"": ""unsafe_decision"", ""evidence"": ""It was a quick glance and I did not see any damage. He did not report the incident to anyone.""}]",success
20060131X00140,[],"{""operator_mental"": [""Complacency (mechanic)"", ""Loss of Situational Awareness (mechanic)""], ""personnel_crm"": [""Failed to Coordinate (Continental Maintenance Control / Julie's Aircraft Services)"", ""Failed to Communicate (El Paso Airport Authority)""], ""personnel_readiness"": [""Inadequate Training (Continental Airlines / Julie's Aircraft Services)""], ""unsafe_decision"": [""The mechanic requested that the captain increase the engine power to 70 percent for three minutes... The mechanic responded that engine oil leaks were a common occurrence, and that he continued without the instructions because of his past experience. (Mechanic)"", ""The captain complied with the request, after verifying with the mechanic that the area around the airplane was clear. (Captain)""], ""unsafe_violation"": [""Julies Aircraft Services did not make contact with Continental Airlines Maintenance Control to obtain the required maintenance approval and required documentation... The investigation revealed that Julies Aircraft Services did not make contact with the airline to obtain the requested maintenance approval and required documentation to work on the engine. (Mechanic)"", ""The mechanic was not wearing any type of safety equipment or lanyard to prevent the ingestion. (Mechanic)""]}","[{""subject"": ""unsafe_decision"", ""relation"": ""LEADS_TO"", ""object"": ""unsafe_violation"", ""evidence"": ""the mechanic's failure to maintain proper clearance with the engine intake during a jet engine run, and the failure of contract maintenance personnel to follow written procedures""}, {""subject"": ""personnel_readiness"", ""relation"": ""LEADS_TO"", ""object"": ""unsafe_decision"", ""evidence"": ""insufficient training provided to the contract mechanics by the airline... Specific training (either initial or recurrent) regarding ground engine runs and associated hazards was not provided""}, {""subject"": ""personnel_readiness"", ""relation"": ""LEADS_TO"", ""object"": ""unsafe_violation"", ""evidence"": ""the failure of the airport to disseminate a policy prohibiting ground engine runs above idle power in the terminal area""}]",success
20060126X00127,[],"{""operator_mental"": [""Loss of Situational Awareness (Boom Operator)"", ""Complacency (Deicing Truck Driver)""], ""personnel_crm"": [""Failed to Coordinate (Boom Operator and Deicing Truck Driver)""], ""unsafe_skill"": [""driver maneuvered the vehicle too close to the right wing trailing edge at the aileron resulting in the mid-section of the boom coming in contact with the wing (Deicing Truck Driver)"", ""boom operator cleared the wing for movement when she was not actually clear (Boom Operator)""], ""unsafe_perception"": [""due to falling snow, visibility was poor... driver maneuvered the vehicle too close (Deicing Truck Driver)""]}",[],success
20060627X00840,[],"{""operator_mental"": [""Complacency (Captain, First Officer)"", ""Loss of Situational Awareness (Captain, First Officer)""], ""personnel_crm"": [""Failed to Coordinate (ATC Local Controller, Captain)""], ""unsafe_decision"": [""Flight crew (Captain/First Officer): Decided to continue to destination airport instead of diverting despite detecting a strong odor 'like wood burning' and 'cardboard burning', rationalizing that there was no visible smoke or warning light, which delayed the declaration of an emergency and response to the cargo fire.""]}","[{""subject"": ""unsafe_decision"", ""relation"": ""CO_OCCURS_WITH"", ""object"": ""personnel_crm"", ""evidence"": ""The captain stated that he considered diverting to another airport soon after the odor was first detected but that he chose to continue to PHL because there was no evidence of a problem... The first officer stated that the odor did not appear to be a threat... therefore, the first officer did not believe that there was any need to divert.""}, {""subject"": ""unsafe_decision"", ""relation"": ""LEADS_TO"", ""object"": ""personnel_readiness"", ""evidence"": ""The captain and flight engineer tried to identify the source of the odor by conducting several emergency checklist steps... As the airplane was descending through about 18,000 feet... the flight engineer stated that he set the air conditioning packs to maximum flow.""}]",success
20060308X00278,[],"{""operator_mental"": [""Loss of Situational Awareness (Deice Vehicle Driver)"", ""Distraction (Ground Employee in Bucket)""], ""personnel_crm"": [""Failed to Coordinate (Deice Vehicle Driver and Ground Employee)""], ""unsafe_skill"": [""driver of the deice vehicle initiated a turn back toward the airplane, the boom of the deice vehicle struck the airplane (Deice Vehicle Driver)""], ""unsafe_decision"": [""The driver of the deice vehicle began to drive away from the airplane... As the driver of the deice vehicle initiated a turn back toward the airplane (Deice Vehicle Driver)""]}",[],success
20060323X00337,[],"{""operator_mental"": [""Complacency (Maintenance Personnel)""], ""personnel_readiness"": [""Inadequate Preparation/Training (Maintenance Personnel)""], ""unsafe_skill"": [""Maintenance personnel: 'improperly installed fastener' resulting in arcing between the terminal block lug, aircraft wiring eyelet, and fastener""]}",[],success
20060330X00368,[],"{""operator_mental"": [""Loss of Situational Awareness (Captain)"", ""Complacency (Captain)""], ""personnel_crm"": [""Failed to Coordinate (Captain and First Officer)"", ""Failure of Leadership (Captain)""], ""unsafe_decision"": [""Captain's failure to follow existing company procedures for stabilized approach (continued approach despite unstable sink rate and speed below Vref)""]}","[{""subject"": ""unsafe_decision"", ""relation"": ""LEADS_TO"", ""object"": ""unsafe_violation"", ""evidence"": ""the captain's failure to follow existing company procedures for stabilized approach""}]",success
20060329X00359,[],"{""personnel_crm"": [""Failed to Coordinate (Flight Dispatch/ATC): Failure of dispatch and ATC to provide or relay specific warnings regarding mountain wave turbulence at FL390, despite lower altitude reports, leaving the crew without critical situational data.""], ""unsafe_decision"": [""Flight attendant was located in the aft galley (unrestrained) during cruise flight despite known turbulence risk and lack of coordination with flight crew regarding cabin safety status""]}",[],success
20060329X00364,[],"{""operator_mental"": [""Distraction (Station Agent)""], ""personnel_crm"": [""Failed to Coordinate (Station Agent, Captain)""], ""unsafe_skill"": [""Poor Technique (Station Agent): The narrative states the agent 'lost his balance and dropped the stroller onto the ramp' while exiting the cargo compartment, indicating a failure in physical control of the object during movement.""], ""unsafe_decision"": [""Improper Procedure (Captain/Flight Crew): The captain shut down only the left engine to allow off-loading, leaving the right propeller operating and creating a hazardous environment for ground personnel working near the aircraft, rather than securing the entire aircraft or ensuring a safe zone.""]}",[],success
20060504X00511,[],"{""personnel_crm"": [""Failure of Leadership (Maintenance/Manufacturing Management): GE management authorized the release and continued processing of a non-conforming part after improper weld repairs and heat treat anomalies, overriding safety protocols.""], ""personnel_readiness"": [""Inadequate Preparation/Quality Control (Manufacturing Workers): The initial over-machining of the seal tooth and subsequent improper insulation during stress relief indicate failures in procedural adherence and quality assurance readiness by manufacturing personnel.""], ""unsafe_skill"": [""Maintenance personnel (GE Manufacturing): Performed dabber weld repairs on the LPT stage 1 disk that 'did not conform to the approved repair instructions' and extended into the forward arm contrary to procedures, resulting in altered material properties and accelerated crack propagation.""]}",[],success
20060425X00486,[],"{""operator_mental"": [""Loss of Situational Awareness (Captain)""], ""personnel_crm"": [""Failed to Coordinate (Captain)""], ""unsafe_decision"": [""Flight Attendant: 'The flight attendant, who was out of her seat at the time' (failure to remain seated during turbulence encounter)""]}",[],success
20060508X00522,[],"{""personnel_crm"": [""Failed to Coordinate (Captain/Flight Attendant): The captain instructed the flight attendants to prepare for landing, but did not ensure or verify that all crew members were secured in their jump seats before the turbulence encounter. This lack of coordination between the cockpit and cabin crew allowed a flight attendant to remain standing during a known turbulent phase.""], ""unsafe_decision"": [""Flight attendant: 'closing a closet after passing out coats to first class customers when the accident occurred' (Failed to secure in jump seat immediately upon instruction to prepare for landing, choosing to continue service during descent through turbulent conditions)""]}",[],success
20060510X00542,[],"{""operator_mental"": [""Complacency (Ground Service Personnel)""], ""personnel_crm"": [""Failed to Coordinate (Northwest Airlines Ground Crew / Mesa Airlines Operations)""], ""unsafe_decision"": [""Failure of ground service personnel to properly set the parking brake on the lead baggage cart (Ground Service Personnel)""]}",[],success
20060522X00602,[],"{""operator_mental"": [""Loss of Situational Awareness (Tug Driver)""], ""personnel_crm"": [""Failed to Coordinate (Tug Driver / Ramp Operations)""], ""unsafe_skill"": [""inadequate visual lookout (Tug Driver)""]}",[],success
20060522X00596,[],"{""operator_mental"": [""Loss of Situational Awareness (Captain)"", ""Channelized Attention (First Officer)""], ""personnel_crm"": [""Failed to Coordinate (Flight Crew)"", ""Failure of Leadership (Captain)""], ""unsafe_decision"": [""The first officer continued the VOR approach to runway 19R for proficiency purposes despite the unstabilized condition and misalignment, leading to an overshoot (First Officer)"", ""The captain allowed the continuation of an unstabilized approach instead of initiating a go-around earlier when the aircraft was left of centerline and descending too fast (Captain)""], ""unsafe_perception"": [""The first officer misjudged the lateral position relative to the runway centerline, applying right aileron while already overshooting/left of centerline during the turn alignment (First Officer)"", ""The flight crew failed to recognize the unstable approach parameters and the risk of wing strike until after the go-around was initiated too late (Captain/First Officer)""]}",[],success
20060618X00758,[],"{""operator_mental"": [""Complacency (Flight Crew)"", ""Loss of Situational Awareness (Maintenance Personnel)""], ""situational_tech"": [""Equipment Design (Operator/Manufacturer - PSEM-04 vs 05 discrepancy)"", ""Interface (Operator - Inadequate QRH Checklist Condition)""], ""unsafe_decision"": [""Maintenance personnel inspected the NLG and found it 'within limits' despite a pilot report of 'bottoming out', failing to detect the under-serviced strut caused by an incomplete job card procedure."", ""Flight crew decided that since there was no EICAS message displayed, there was no landing gear problem and pressed the 'Downlock Release' button to raise the gear, misdiagnosing the system failure due to outdated checklist guidance.""]}","[{""subject"": ""unsafe_decision"", ""relation"": ""CO_OCCURS_WITH"", ""object"": ""unsafe_perception"", ""evidence"": ""The flight crew discussed the situation and did not believe that there was a landing gear malfunction, as they did not observe an Engine Indicating and Crew Alerting System (EICAS) message.""}, {""subject"": ""unsafe_decision"", ""relation"": ""LEADS_TO"", ""object"": ""operator_limits"", ""evidence"": ""They decided to press the 'Downlock Release' button to raise the gear, the landing gear subsequently retracted, and the flight continued to the Dulles area uneventfully.""}]",success
20060616X00745,[],"{""personnel_crm"": [""Maintenance crew failed to adequately communicate the severity of the brake overheat condition or ensure proper follow-up inspection before returning aircraft to service""], ""personnel_readiness"": [""Maintenance crew performed inadequate inspection and preparation, failing to identify potential underlying issues despite prior warning lights""], ""unsafe_decision"": [""Maintenance personnel inspected the brakes, found no anomalies, and returned the airplane to service (Maintenance Crew)""]}",[],success
20060720X00974,[],"{""operator_mental"": [""Distraction (Ramp employee)"", ""Haste (Ramp employee)""], ""unsafe_decision"": [""The driver's failure to follow company standard operating procedures when he drove under the fuselage (Ramp Employee)""]}","[{""subject"": ""unsafe_perception"", ""relation"": ""LEADS_TO"", ""object"": ""unsafe_violation"", ""evidence"": ""Forgetting he had a baggage cart in tow, the driver drove under the fuselage to reach the guideman.""}, {""subject"": ""unsafe_decision"", ""relation"": ""LEADS_TO"", ""object"": ""unsafe_violation"", ""evidence"": ""while trying to ensure an on-time departure, he forgot he had the baggage cart attached to the tractor""}]",success
20060622X00799,[],"{""personnel_crm"": [""Failed to Coordinate (Maintenance Crew)"", ""Failure of Leadership (Airport Authority/FAA)""], ""personnel_readiness"": [""Inadequate Preparation (Construction Company)""], ""unsafe_decision"": [""Improper Procedure (Maintenance Workers): The workers used an aluminum diamond plate instead of the required thicker and heavier steel plate to cover the taxiway maintenance area, failing to follow guidance provided by the FAA and airport authority regarding jet blast resistance.""]}",[],success
20060623X00811,[],"{""situational_tech"": [""Equipment Design (fragile spray deflector component susceptible to overstress fracture from ground handling equipment)""], ""unsafe_decision"": [""The flight crew executed a landing on runway 14R with the main landing gear extended and the nose landing gear in the up position after troubleshooting attempts proved unsuccessful (Flight Crew)""]}",[],success
20060711X00910,[],"{""operator_mental"": [""Complacency (Captain/First Officer)""], ""personnel_crm"": [""Failed to Communicate (Cabin Crew/Captain)""], ""unsafe_decision"": [""The flight crew extinguished the seat belt sign when the ride smoothed out... The flight encountered an area of severe mountain wave turbulence when the flight was cruising at flight level (FL) 340 in smooth air with the seat belt sign off seriously injuring two flight attendants. (Flight Crew)""]}",[],success
20060721X00983,[],"{""operator_mental"": [""Complacency (Passenger)""], ""personnel_crm"": [""Failed to Communicate (Flight Attendant)""], ""unsafe_decision"": [""Passenger: 'A passenger subsequently got out of her seat to use the lavatory... upon leaving the lavatory... she fell' (Failure to remain seated despite illuminated seatbelt sign and PA warning during known turbulence risk)""]}",[],success
20060803X01079,[],"{""situational_tech"": [""Defective gear shift lever design allowing inadvertent movement from forward to reverse (Tug Driver)""], ""unsafe_skill"": [""Inadvertent Flight Control Use (Tug Driver: 'inadvertent movement of the tug gear shift lever from forward to reverse')""]}","[{""subject"": ""unsafe_decision"", ""relation"": ""LEADS_TO"", ""object"": ""unsafe_skill"", ""evidence"": ""The airplane tug driver's inadvertent movement of the tug gear shift lever from forward to reverse""}, {""subject"": ""situational_tech"", ""relation"": ""CO_OCCURS_WITH"", ""object"": ""unsafe_decision"", ""evidence"": ""Contributing to the accident was the defective gear shift lever... It would not lock in the neutral gate""}]",success
20060808X01115,[],"{""personnel_readiness"": [""Inadequate maintenance procedures to prevent nickel plating from entering the air filler valve hole during overhaul (Maintenance Crew)""], ""unsafe_skill"": [""Maintenance personnel: 'Discontinuous and spotty nickel plating was noted on portions of the air filler valve hole bore... Nickel plating is allowed for repairs in the bore of the outer cylinder but not in the air filler valve hole.' (Improper application of repair technique/plating)""], ""unsafe_decision"": [""Maintenance personnel: 'The records for all work performed during the July, 2005 overhaul were recovered... of note was the application of nickel plating to the inner diameter of the cylinder' (Decision to proceed with overhaul and release aircraft despite introducing a defect that reduced fatigue life below certification limits)""]}",[],success
20060808X01112,[],"{""personnel_crm"": [""Failed to Communicate (Captain and Ground Crewman used non-standard phraseology)"", ""Failed to Coordinate (Lack of standard coordination protocol between flight crew and tug operator)""], ""personnel_readiness"": [""Inadequate Preparation (Captain failed to follow company procedures for pushback with parking brake set)""], ""unsafe_decision"": [""Captain: 'The captain's failure to follow company procedures, which resulted in pushback with the parking brake set.'"", ""Tug Operator: 'A factor was the larger than preferred tug.'""], ""unsafe_violation"": [""Captain: 'the captain and guideperson used non-standard phraseology when discussing the pushback.'""]}","[{""subject"": ""unsafe_decision"", ""relation"": ""LEADS_TO"", ""object"": ""unsafe_violation"", ""evidence"": ""The captain's failure to follow company procedures, which resulted in pushback with the parking brake set.""}, {""subject"": ""situational_tech"", ""relation"": ""CO_OCCURS_WITH"", ""object"": ""unsafe_violation"", ""evidence"": ""A factor was the larger than preferred tug... The captain and guideperson used non-standard phraseology when discussing the pushback.""}]",success
20060925X01395,[],"{""operator_mental"": [""Complacency (Maintenance Technician)""], ""situational_tech"": [""Equipment Design (Boeing 737 Nose Gear/Towbar System)""], ""unsafe_decision"": [""Maintenance technician: 'riding the brakes' while the airplane was being towed (Maintenance Technician)""]}",[],success
20060828X01244,[],"{""operator_mental"": [""Loss of Situational Awareness (Flight Crew)"", ""Distraction (Flight Crew)""], ""personnel_crm"": [""Failed to Coordinate (Flight Crew)"", ""Failure of Leadership (Captain)"", ""Misinterpretation of Traffic Calls (First Officer)""], ""unsafe_skill"": [""Flight crew: failed to cross-check and confirm the airplane's position on the runway before takeoff"", ""ATC Controller: did not notice that the flight crew had stopped the airplane short of the wrong runway because he was paying more attention to his radar responsibilities than his tower responsibilities""], ""unsafe_decision"": [""Flight crew: engaged in nonpertinent conversation during taxi, which resulted in a loss of positional awareness"", ""ATC Controller: performed a lower-priority administrative task instead of monitoring the airplane's departure""]}","[{""subject"": ""unsafe_violation"", ""relation"": ""LEADS_TO"", ""object"": ""unsafe_perception"", ""evidence"": ""The flight crewmembers' nonpertinent conversation during the taxi, which was not in compliance with Federal regulations and company policy, likely contributed to their loss of positional awareness.""}, {""subject"": ""unsafe_perception"", ""relation"": ""LEADS_TO"", ""object"": ""unsafe_decision"", ""evidence"": ""The flight crewmembers failed to recognize that they were initiating a takeoff on the wrong runway because they did not cross-check and confirm the airplane's position on the runway before takeoff.""}, {""subject"": ""unsafe_violation"", ""relation"": ""LEADS_TO"", ""object"": ""unsafe_decision"", ""evidence"": ""The flight crew's noncompliance with standard operating procedures... most likely created an atmosphere in the cockpit that enabled the crew's errors.""}, {""subject"": ""personnel_readiness"", ""relation"": ""LEADS_TO"", ""object"": ""unsafe_perception"", ""evidence"": ""The controller was most likely fatigued at the time of the accident... his routine practices did not consistently include the monitoring of takeoffs.""}, {""subject"": ""personnel_readiness"", ""relation"": ""LEADS_TO"", ""object"": ""unsafe_decision"", ""evidence"": ""The controller did not detect the flight crew's attempt to take off on the wrong runway because... he performed a lower-priority administrative task.""}]",success
20060908X01321,[],"{""situational_tech"": [""Insufficient information in the quick reference handbook (QRH) and minimum equipment list (MEL) regarding the loss of touchdown protection with an inoperative anti-skid system""], ""unsafe_skill"": [""Pilot's inadvertent application of the left brakes at touchdown (Captain/Pilot Flying)""]}","[{""subject"": ""unsafe_decision"", ""relation"": ""LEADS_TO"", ""object"": ""unsafe_skill"", ""evidence"": ""The pilot's inadvertent application of the left brakes at touchdown.""}, {""subject"": ""personnel_readiness"", ""relation"": ""CO_OCCURS_WITH"", ""object"": ""unsafe_decision"", ""evidence"": ""insufficient information in the quick reference handbook on the loss of touchdown protection with an inoperative anti-skid system""}]",success
20060908X01318,[],"{""operator_mental"": [""Loss of Situational Awareness (First Officer)"", ""Channelized Attention (First Officer)""], ""personnel_crm"": [""Failed to Communicate (Flight Crew)"", ""Failure of Leadership (Captain)""], ""unsafe_skill"": [""The first officer inadvertently activated full nose up trim during the flare by gripping the trim switches while pulling back on the control column (First Officer)"", ""Recovering from the drift off-centerline led to the first officer prolonging the flare, and landing long, at a lower speed than nominal (First Officer)""], ""unsafe_decision"": [""The flight crew's improper decision to perform a practice autoland approach using a restricted procedure notated 'unusable from 0.8 nm to threshold' (Flight Crew)"", ""The failure of the flight crew to correct the airplane's drift from the centerline approach course during short final approach, leading to the prolonged flare (Flight Crew)""]}","[{""subject"": ""unsafe_decision"", ""relation"": ""LEADS_TO"", ""object"": ""unsafe_perception"", ""evidence"": ""improper decision to perform a practice autoland approach using a restricted procedure... the airplane began to drift off the centerline of the approach""}, {""subject"": ""unsafe_perception"", ""relation"": ""LEADS_TO"", ""object"": ""unsafe_skill"", ""evidence"": ""Recovering from the drift off-centerline led to the first officer prolonging the flare, and landing long... inadvertently activated full nose up trim""}, {""subject"": ""unsafe_skill"", ""relation"": ""LEADS_TO"", ""object"": ""operator_limits"", ""evidence"": ""inadvertently activated full nose-up trim during a prolonged flare, resulting in an excessive pitch angle during landing and subsequent tailstrike""}]",success
20061015X01521,[],"{""operator_mental"": [""Loss of Situational Awareness (Airbus Captain)"", ""Channelized Attention (Airbus First Officer)""], ""personnel_crm"": [""Failed to Coordinate (Ground Controller and Airbus Crew)"", ""Misinterpretation of Traffic Calls (Airbus First Officer)""], ""unsafe_perception"": [""The first officer gave a verbal response along with a 'thumbs up'... and the first officer responded 'clear but close' (Airbus First Officer)""], ""unsafe_violation"": [""the ground controller's decision to issue a taxi clearance for the Airbus to pass behind the EMB-170 (Ground Controller)""]}","[{""subject"": ""unsafe_perception"", ""relation"": ""LEADS_TO"", ""object"": ""unsafe_decision"", ""evidence"": ""The first officer gave a verbal response along with a 'thumbs up'... The first officer responded 'clear but close.' Moments later... the right wingtip of their airplane made contact""}, {""subject"": ""personnel_crm"", ""relation"": ""LEADS_TO"", ""object"": ""unsafe_perception"", ""evidence"": ""The captain then lost sight of the Embraer and asked the first officer to 'confirm clear of the Embraer.' The first officer gave a verbal response along with a 'thumbs up.'""}, {""subject"": ""personnel_readiness"", ""relation"": ""LEADS_TO"", ""object"": ""unsafe_perception"", ""evidence"": ""Sunset had occurred approximately 6 minutes prior and there was no lunar illumination... the captain of the Airbus then lost sight of the Embraer""}]",success
20061006X01478,[],"{""operator_mental"": [""Distraction (Captain)"", ""Loss of Situational Awareness (Captain)""], ""personnel_crm"": [""Failed to Coordinate (Captain)""], ""unsafe_decision"": [""Captain: 'attempted to fly the best route through the weather' (Failure to deviate from planned course/altitude despite approaching thunderstorm activity, leading to an inadvertent encounter with turbulence)""]}",[],success
20061017X01529,[],"{""situational_tech"": [""Equipment Design (Ground Tug Interface): The supertug design allowed contact with the nose gear spray deflector during towing, causing overstress fracture that later jammed the gear; this is a latent equipment/ground support interface failure.""], ""personnel_crm"": [""Failed to Coordinate (Maintenance/Ground Crew): Ground maintenance personnel failed to coordinate safe towing procedures or inspect for damage after using the supertug, leading to the undetected fracture that caused the accident.""], ""unsafe_decision"": [""Maintenance personnel failed to detect the fractured spray deflector during inspections despite high cycle count and prior fleet warnings (Maintenance Personnel)"", ""Ground crew used a towbarless tug ('supertug') which was not approved for this aircraft type, causing the overstress fracture that led to the accident (Ground Crew)""]}",[],success
20071128X01867,[],"{""situational_tech"": [""Equipment Design (Boeing/Alaska Airlines maintenance & engineering: Chafing of wire bundle due to vibration and bracket design)""], ""unsafe_skill"": [""Maintenance personnel: 'The Douglas Standard Wiring Practices (DSWPM) ... for typical plastic tie strapping techniques were utilized' but the installation resulted in a wire bundle contacting the edge of the bracket, allowing vibration to cut through insulation and cause arcing.""]}",[],success
20070426X00458,[],"{""operator_mental"": [""Loss of Situational Awareness (Pilot-in-Command, Airbus A320)"", ""Distraction (Pilot-in-Command, Boeing 737)""], ""personnel_crm"": [""Failed to Coordinate (ATC and Pilot-in-Commands)"", ""Misinterpretation of Traffic Calls (Pilot-in-Command, Airbus A320)""], ""unsafe_perception"": [""The pilot-in-command failed to maintain clearance with the parked airplane during taxi for takeoff (Pilot in Command of Airbus A-320)"", ""The pilot-in-command of the other airplane failed to maintain clearance with the parked airplane during taxi for takeoff (Pilot in Command of Boeing 737)""]}",[],success
20061117X01683,[],"{""operator_mental"": [""Loss of Situational Awareness (Captain)"", ""Channelized Attention (Captain)""], ""personnel_crm"": [""Failed to Coordinate (First Officer)"", ""Failure of Leadership (Captain)""], ""unsafe_skill"": [""Breakdown in Visual Scan (Captain): 'The captain's inadequate visual look out during taxi.'"", ""Failed to Prioritize Attention (First Officer): 'She said that once the airplane was clear of runway 36C and established on the taxiway, it was the appropriate time to be \""heads-down\"" and complete the checklist.'""], ""unsafe_decision"": [""Poor Decision (Captain): 'He saw the marshaller and turned left towards the gate... He stated that he thought that he was on the ramp pavement'""]}","[{""subject"": ""unsafe_perception"", ""relation"": ""LEADS_TO"", ""object"": ""unsafe_decision"", ""evidence"": ""He stated that he thought that he was on the ramp pavement... He saw the marshaller and turned left towards the gate.""}, {""subject"": ""unsafe_decision"", ""relation"": ""LEADS_TO"", ""object"": ""unsafe_skill"", ""evidence"": ""He continued to veer left and started to line up with the gate... until they felt the impact of the nose landing gear against the concrete drainage ditch.""}]",success
20061219X01807,[],"{""operator_mental"": [""Complacency (Passenger)""], ""situational_tech"": [""Equipment Design (Manufacturer/Device)""], ""unsafe_decision"": [""Passenger used a rechargeable battery in a device designed for non-rechargeable primary lithium batteries, leading to thermal runaway and explosion (Passenger)""]}",[],success
20070105X00013,[],"{""operator_mental"": [""Loss of Situational Awareness (Deicing Truck Operator)""], ""personnel_crm"": [""Failed to Coordinate (Deicing Truck Operator and Flight Crew)""], ""unsafe_perception"": [""Misjudged Distance/Altitude/Airspeed: Deicing truck crew failed to maintain sufficient distance from the parked airplane, resulting in a collision with the counter-balance weight""]}","[{""subject"": ""unsafe_decision"", ""relation"": ""LEADS_TO"", ""object"": ""unsafe_violation"", ""evidence"": ""The failure of the deicing truck crew to maintain sufficient distance from the parked airplane during deicing, which resulted in a collision and substantial damage to the airplane.""}]",success
20070111X00042,[],"{""operator_mental"": [""Loss of Situational Awareness (Captain)"", ""Distraction (Captain)""], ""personnel_crm"": [""Failed to Coordinate (Captain and First Officer)"", ""Failure of Leadership (First Officer)""], ""unsafe_perception"": [""The captain of the taxiing airplane (Flight 1011) misjudged the clearance required to pass the stationary airplane, evidenced by the FDR data showing a turn away and then back towards the obstacle before impact, and the crew's subsequent uncertainty about what they hit.""], ""unsafe_violation"": [""The captain of the taxiing airplane (Flight 1011) failed to maintain adequate clearance from an occupied airplane stopped on the ramp, violating standard operating procedures for ground safety and collision avoidance.""]}",[],success
20070131X00119,[],"{""personnel_readiness"": [""Maintenance inspector lack of specific training to detect arc-out damage"", ""GE assembler improper execution of electro-chemical etch match marking procedure""], ""unsafe_skill"": [""The inspector performed the inspection on the incident fan disk... No record of the arc-out training was recorded in the inspector's training record. (Inspector)""], ""unsafe_decision"": [""GE considered the more likely scenario to be that the operator/assembler inserted the brass marking rod through the fan disk bore in order to match mark the forward fan shaft with the fan disk still attached and while doing so inadvertently contacted the fan disk bore while the power was on creating the arc-out damage. (Operator/Assembler)""]}","[{""subject"": ""unsafe_skill"", ""relation"": ""LEADS_TO"", ""object"": ""unsafe_perception"", ""evidence"": ""the maintenance personnel did not receive appropriate training... the operator did not detect this damage""}, {""subject"": ""unsafe_decision"", ""relation"": ""LEADS_TO"", ""object"": ""unsafe_skill"", ""evidence"": ""improper assembly and marking procedures during the electrochemical etching process""}]",success
20070223X00215,[],"{""operator_mental"": [""Loss of Situational Awareness (Captain)"", ""Channelized Attention (First Officer)""], ""operator_physical"": [""Physical Fatigue (Captain)""], ""personnel_crm"": [""Failed to Communicate (Flight Crew)"", ""Failure of Leadership (Captain)""], ""personnel_readiness"": [""Crew Rest Violation (Captain)""], ""unsafe_decision"": [""Failure to execute a missed approach when visual cues for the runway were not distinct and identifiable (Flight Crew)"", ""Decision to descend to the ILS decision height instead of the localizer (glideslope out) minimum descent altitude due to confusion over glideslope status (Flight Crew)"", ""Failure to use reverse thrust and braking to their maximum effectiveness during landing rollout on a contaminated runway (First Officer, Captain)""], ""unsafe_perception"": [""Assumption that the glideslope was functioning normally based on 'mental math' and instrumentation, leading to incorrect minimums usage (Flight Crew)"", ""Failure to recognize the long landing distance relative to the short contaminated runway length (First Officer)""]}","[{""subject"": ""personnel_readiness"", ""relation"": ""LEADS_TO"", ""object"": ""unsafe_decision"", ""evidence"": ""the captain's fatigue, which affected his ability to effectively plan for and monitor the approach and landing""}, {""subject"": ""unsafe_perception"", ""relation"": ""LEADS_TO"", ""object"": ""unsafe_decision"", ""evidence"": ""Because the flight crewmembers assumed that the glideslope was working properly, they used the ILS decision height... instead of the localizer (glideslope out) minimum descent altitude""}, {""subject"": ""unsafe_decision"", ""relation"": ""LEADS_TO"", ""object"": ""unsafe_skill"", ""evidence"": ""the first officer's long landing on a short contaminated runway and the crew's failure to use reverse thrust and braking to their maximum effectiveness""}, {""subject"": ""personnel_readiness"", ""relation"": ""CO_OCCURS_WITH"", ""object"": ""unsafe_perception"", ""evidence"": ""the captain reported that he received only about 1 hour of sleep... and the first officer stated that he would have preferred not to be the flying pilot because he had just completed a 3-day, 6-leg trip sequence""}]",success
20070228X00237,[],"{""operator_mental"": [""Loss of Situational Awareness (Captain)""], ""personnel_crm"": [""Failed to Coordinate (Captain and First Officer)""], ""unsafe_skill"": [""The captain stated that he was unable to maintain directional control of the airplane (Captain)""], ""unsafe_decision"": [""American Eagle's Flight Manual informs crews that crosswind gust velocities and direction are advisory only... The maximum acceptable crosswind component, including gusts for a dry runway is stated as Max Demonstrated. In the limitation section of the Flight Manual the Max Demonstrated is defined as 30 knots (Captain/First Officer)""]}",[],success
20070309X00265,[],"{""operator_mental"": [""Complacency (Flight Attendant)""], ""personnel_crm"": [""Failed to Coordinate (Crew)""], ""unsafe_decision"": [""Flight Attendant: 'was working in the aft galley... putting items away' (Failure to secure self and remain at jumpseat during cruise flight despite fasten seatbelt sign being on)""]}",[],success
20070313X00281,[],"{""personnel_crm"": [""Failure of Leadership (Airport Management/Operations): Failure to adequately mitigate FOD hazards on runways/taxiways despite known high winds and recent snow removal activities, leading to unsafe operating conditions.""], ""unsafe_decision"": [""Airport operations continued flight operations and taxiing/landing activities despite known high winds (28-46 knots) and active blowing of sand/dust/FOD on runways and ramp areas, failing to implement adequate ground stop or FOD mitigation measures (Airport Operations/Ground Crew)""]}",[],success
20070423X00446,[],"{""operator_limits"": [""Insufficient Reaction Time (Pilot in Command)"", ""Visual Limitation (Pilot in Command)""], ""unsafe_perception"": [""Breakdown in Visual Scan - Flight Crew (Captain/First Officer): The narrative states the captain reported that 'the landing lights illuminated the birds for \""less than a second\"" before the airplane impacted them,' indicating a failure to detect the wildlife hazard on the departure path with sufficient time to avoid it.""]}",[],success
20070323X00325,[],"{""operator_mental"": [""Misplaced Motivation (Captain of Flight 406)"", ""Loss of Situational Awareness (Tug Driver)""], ""personnel_crm"": [""Failed to Coordinate (Ground Personnel/Marshaller)"", ""Failed to Communicate (Wing Walkers/Tug Driver)""], ""unsafe_decision"": [""The captain advised the tug driver to push the airplane back as much as possible so they would be credited with an on-time departure (Captain, Flight 406)"", ""Ground personnel failed to verify the clearance between the airplanes prior to signaling the crew that they were cleared to taxi (Ground Personnel/Marshaller)""], ""unsafe_perception"": [""The tug driver for flight 406 stated he could not see flight 157 behind them (Tug Driver, Flight 406)"", ""One wing walker stated their wands were up in an 'X' prior to flight 406 being moved because of the location of flight 157 behind them (Wing Walker, Flight 406)""]}",[],success
20070610X00702,[],"{""operator_mental"": [""Loss of Situational Awareness (LC2 controller)""], ""personnel_crm"": [""Failed to Coordinate (LC1 and LC2 controllers)"", ""Failure of Leadership (LAS ATCT Management/ATM)""], ""unsafe_decision"": [""LC2 controller decided that he could transfer control of the intersection to LC1 based on his own judgment that AAY588 was at 'taxi speed', despite the aircraft still being on the runway and not having acknowledged turnoff instructions, violating the coordination procedure requirements.""]}","[{""subject"": ""unsafe_decision"", ""relation"": ""LEADS_TO"", ""object"": ""unsafe_violation"", ""evidence"": ""The LC2 controller stated that he had observed AAY588 at \""taxi speed\"" on runway 19L, and decided that he could transfer control of the intersection to LC1.""}, {""subject"": ""unsafe_violation"", ""relation"": ""LEADS_TO"", ""object"": ""unsafe_decision"", ""evidence"": ""This incident was caused by failure of the LC2 controller to comply with coordination procedures and runway separation standards.""}]",success
20070409X00387,[],"{""operator_mental"": [""Task Saturation (Captain)"", ""Loss of Situational Awareness (First Officer)""], ""situational_tech"": [""Equipment Design (Flight Crew)""], ""unsafe_skill"": [""The flight crew's failure to complete the checklist and adhere to airplane placards (Flight Crew)""]}","[{""subject"": ""unsafe_decision"", ""relation"": ""LEADS_TO"", ""object"": ""unsafe_violation"", ""evidence"": ""The flight crew's failure to complete the checklist and adhere to airplane placards.""}]",success
20070501X00494,[],"{""operator_mental"": [""Loss of Situational Awareness (Captain/First Officer)"", ""Complacency (Captain)""], ""operator_physical"": [""Physical Fatigue (Captain/First Officer)""], ""personnel_crm"": [""Failed to Communicate (TVC Airport Operations Supervisor)"", ""Misinterpretation of Traffic Calls (Captain)""], ""unsafe_decision"": [""Pilots' failure to perform the landing distance assessment that was required by Pinnacle's Operations Specifications (Flight Crew)"", ""Poor decision-making shown by the accident pilots, including their failure to account for the changing weather and runway conditions during the approach; their failure to perform a landing distance calculation; and their failure to reassess or discontinue the approach accordingly (Flight Crew)""]}","[{""subject"": ""personnel_readiness"", ""relation"": ""LEADS_TO"", ""object"": ""unsafe_decision"", ""evidence"": ""This poor decision-making likely reflected the effects of fatigue produced by a long, demanding duty day""}, {""subject"": ""operator_limits"", ""relation"": ""LEADS_TO"", ""object"": ""personnel_readiness"", ""evidence"": ""the Federal Aviation Administration pilot flight and duty time regulations that permitted the pilots' long, demanding duty day and resulted in their fatigued condition""}, {""subject"": ""unsafe_decision"", ""relation"": ""LEADS_TO"", ""object"": ""unsafe_violation"", ""evidence"": ""The pilots failed to perform the landing distance assessment that was required by Pinnacle's Operations Specifications""}]",success
20070418X00436,[],"{""personnel_crm"": [""Failed to Coordinate (First Officer)"", ""Misinterpretation of Traffic Calls (Flight Attendants)""], ""unsafe_decision"": [""The first officer gave the 'prepare for landing' announcement... he added that the turbulence would not be as bad as it was on departure (First Officer)"", ""The flight attendants may have interpreted this added information concerning turbulence as a relaxation of the captain's earlier instructions (Flight Attendants)""]}","[{""subject"": ""unsafe_decision"", ""relation"": ""LEADS_TO"", ""object"": ""personnel_crm"", ""evidence"": ""the first officer gave the 'prepare for landing' announcement... which was after the captain had notified the flight attendants to prepare the cabin, but before the end of the stated 15 minutes""}, {""subject"": ""unsafe_decision"", ""relation"": ""LEADS_TO"", ""object"": ""unsafe_perception"", ""evidence"": ""The flight attendants may have interpreted this added information concerning turbulence as a relaxation of the captain's earlier instructions.""}]",success
20070502X00501,[],"{""operator_mental"": [""Complacency (First Officer)"", ""Haste (Mechanic)""], ""personnel_crm"": [""Failed to Coordinate (Mechanic and First Officer)""], ""unsafe_skill"": [""Mechanic: 'The mechanics failure to follow procedures and directives in securing the lower engine cowling after maintenance' (Omitted Checklist Step / Incomplete Task Execution)"", ""First Officer: 'the failure of the first officer to follow the checklist to ensure the engine cowling was secured during the walk around inspection' (Breakdown in Visual Scan / Omitted Checklist Step)""]}","[{""subject"": ""unsafe_violation"", ""relation"": ""CO_OCCURS_WITH"", ""object"": ""unsafe_perception"", ""evidence"": ""The mechanics failure to follow procedures and directives in securing the lower engine cowling after maintenance, and the failure of the first officer to follow the checklist to ensure the engine cowling was secured during the walk around inspection""}]",success
20070503X00504,[],"{""operator_mental"": [""Complacency (Captain)"", ""Misplaced Motivation (Captain)""], ""personnel_crm"": [""Failed to Communicate (Pilots of previous flights)""], ""unsafe_decision"": [""Captain: 'He had decided to return to the gate when the messages cleared. He subsequently cycled the thrust reversers two or three more times and both appeared to be operating and stowing properly. Since the thrust reversers seemed to be operating normally, he elected to depart for ORD.' (Poor Decision / Improper Procedure)"", ""Pilots of previous flights: 'The failure of the pilots of previous flights in not referring earlier reverser deployment failures for maintenance action' (Failure to Report Deficiency)""]}","[{""subject"": ""unsafe_decision"", ""relation"": ""LEADS_TO"", ""object"": ""unsafe_violation"", ""evidence"": ""The captain cycled the reverser, and had decided to return to the gate when the messages cleared. With the issue apparently resolved, he elected to takeoff.""}, {""subject"": ""unsafe_decision"", ""relation"": ""LEADS_TO"", ""object"": ""unsafe_violation"", ""evidence"": ""the failure of the pilots of previous flights in not referring earlier reverser deployment failures for maintenance action""}]",success
20070520X00598,[],"{""personnel_crm"": [""Flight crew failed to communicate forecast turbulence information to cabin crew"", ""Flight crew failed to coordinate with cabin crew regarding safety protocols during descent""], ""personnel_readiness"": [""Cabin crew inadequate preparation for potential turbulence due to lack of specific briefing content""], ""unsafe_decision"": [""Flight crew failed to advise the cabin crew of expected turbulence and did not ensure flight attendants were seated, despite an active AIRMET for moderate turbulence (Pilot-in-Command)"", ""Flight attendant was standing in the aft galley working instead of being secured in a jumpseat during a period where turbulence was forecasted and the seatbelt sign was illuminated (Flight Attendant)""]}","[{""subject"": ""unsafe_decision"", ""relation"": ""LEADS_TO"", ""object"": ""personnel_readiness"", ""evidence"": ""The flight crew had not advised the cabin crew to be seated before the event occurred.""}, {""subject"": ""unsafe_perception"", ""relation"": ""CO_OCCURS_WITH"", ""object"": ""unsafe_decision"", ""evidence"": ""The first officer stated that 'there were no reports of turbulence... and the radar did not show any significant weather.'""}]",success
20070504X00513,[],"{""personnel_crm"": [""Failed to Coordinate (Flight Attendants)""], ""unsafe_decision"": [""Flight attendants failed to remain seated and belted despite the Captain's explicit verbal warning and activation of the fasten seatbelt sign (Flight Attendants)""]}",[],success
20070601X00676,[],"{""operator_mental"": [""Misplaced Motivation (Senior Ground Agent)"", ""Complacency (Senior Ground Agent)""], ""personnel_crm"": [""Failed to Communicate (Senior Ground Agent)""], ""unsafe_decision"": [""The senior ground agent decided to use a luggage tug to push the belt loader away from the airplane by entering the 'Safety Diamond/Zone' with the luggage tug, contrary to published guidance prohibiting maneuvering equipment closer than five feet and using vehicles for purposes other than designed.""], ""unsafe_violation"": [""The senior ground agent advised 'don\u2019t say anything' to one of the other ground agents after the contact occurred, intentionally concealing a safety hazard that posed an imminent threat to life or health, in violation of company guidance requiring immediate reporting of such incidents.""]}","[{""subject"": ""unsafe_decision"", ""relation"": ""LEADS_TO"", ""object"": ""unsafe_violation"", ""evidence"": ""The senior of three ground agents working the flight decided to move the belt loader away from the airplane by pushing the belt loader with a luggage tug; however, during the attempt to move the belt loader, the tug's cab contacted the fuselage.""}, {""subject"": ""unsafe_violation"", ""relation"": ""LEADS_TO"", ""object"": ""personnel_readiness"", ""evidence"": ""The senior ground agent then advised 'don't say anything' to one of the other employees who was working the flight with him, and the airplane departed and later depressurized.""}]",success
20070614X00724,[],"{""operator_mental"": [""Complacency (Flight Attendant)""], ""personnel_crm"": [""Failed to Coordinate (Crew)""], ""unsafe_decision"": [""Captain extended spoilers to 'possibly get through the turbulence quickly' during moderate turbulence, a maneuver that increases drag and can exacerbate control difficulties or structural loads in turbulent air (Captain)"", ""Flight crew proceeded with descent into area with active Convective SIGMET and visible CBs building over mountains without securing cabin crew, despite first officer noting no specific forecast but captain acknowledging visual/radar evidence of weather activity (Pilot-in-Command)""]}",[],success
20070712X00920,[],"{""operator_mental"": [""Distraction (Mechanic)"", ""Distraction (Tow Tractor Driver)"", ""Loss of Situational Awareness (Mechanic)""], ""personnel_crm"": [""Failed to Coordinate (Mechanic and Tow Tractor Driver)""], ""unsafe_skill"": [""Distraction (Mechanic and Tow Tractor Driver)"", ""Breakdown in Visual Scan (Tow Tractor Driver failed to observe mechanic's position relative to nose gear)""], ""unsafe_decision"": [""Poor Decision (Mechanic assumed tow tractor had stopped without verifying, failing to maintain clearance from nose landing gear)""]}","[{""subject"": ""unsafe_perception"", ""relation"": ""LEADS_TO"", ""object"": ""unsafe_decision"", ""evidence"": ""the mechanic assumed the tow tractor had stopped and did not observe his position in reference to the nose landing gear""}, {""subject"": ""unsafe_decision"", ""relation"": ""LEADS_TO"", ""object"": ""unsafe_violation"", ""evidence"": ""the mechanic's failure to maintain clearance from the nose landing gear""}]",success
20070625X00787,[],"{""operator_mental"": [""Loss of Situational Awareness (Captain)"", ""Get-home-itis (Captain)""], ""personnel_crm"": [""Failed to Back-up (First Officer)"", ""Failure of Leadership (Captain)""], ""unsafe_perception"": [""The pilot's improper decision, his misjudgment of his speed and distance (Captain)""], ""unsafe_violation"": [""There was concern over the breakdown in crew resource management, particularly that the non-flying pilot failed to assert himself... no go-around call was made or even considered (First Officer)""]}","[{""subject"": ""unsafe_decision"", ""relation"": ""LEADS_TO"", ""object"": ""unsafe_perception"", ""evidence"": ""The pilot's improper decision, his misjudgment of his speed and distance""}, {""subject"": ""personnel_crm"", ""relation"": ""CO_OCCURS_WITH"", ""object"": ""unsafe_decision"", ""evidence"": ""Factors contributing to the accident were the failure of the crew to perform proper crew resource management... and the pilot's improper decision""}, {""subject"": ""personnel_crm"", ""relation"": ""LEADS_TO"", ""object"": ""unsafe_decision"", ""evidence"": ""the first officer's failure to intervene before the accident occurred""}]",success
20070705X00879,"[{""text"": ""The 777-222 captain stated that he maintained the taxiway centerline while taxiing. The 777-222's flight crew used flight handbook reference points to remain clear of the parked airplanes. However, the 777-222's right wing impacted the MD 83's rudder."", ""role"": ""Pilot"", ""tier"": ""unsafe_skill""}, {""text"": ""Wreckage on the ground was consistent with the MD 83 not fully parked within the hold pad."", ""role"": ""Pilot"", ""tier"": ""unsafe_decision""}, {""text"": ""The 777-222 first officer stated that... All observations of parked aircraft positions were beyond my bottom screw of my aft window (the location of the tip of my right wing according to my training and flight manual). I informed my captain that in my opinion, by virtue of my taxi reference points, that I thought the right wing was clear."", ""role"": ""Pilot"", ""tier"": ""unsafe_perception""}]","{""operator_mental"": [""Loss of Situational Awareness (777-222 Captain)"", ""Channelized Attention (MD 83 Captain)""], ""operator_limits"": [""Visual Limitation (777-222 First Officer)"", ""Insufficient Experience with Specific Configuration (777-222 First Officer)""], ""personnel_crm"": [""Failed to Coordinate (Airport Certificate Holder / ATC)"", ""Failed to Communicate (MD 83 Captain)""], ""unsafe_skill"": [""The 777-222 captain stated he used 'flight handbook reference diagrams and my experience to ensure right wingtip clearance' but the aircraft's right wing impacted the MD 83 rudder, indicating a failure in visual scan or spatial judgment during taxi (777 Captain)"", ""The MD 83 was positioned such that its T-tail extended outside the hold pad boundary ('Wreckage on the ground was consistent with the MD 83 not fully parked within the hold pad'), failing to maintain proper parking position as required by chart instructions (MD 83 Crew)""], ""unsafe_decision"": [""The MD 83 flight crew decided to park in a position where the aircraft did not fit entirely within the designated hold pad boundaries, violating the instruction that 'Entire aircraft must be contained inside pad boundary line/lights' (MD 83 Crew)"", ""The 777-222 captain decided to proceed with taxiing past the parked aircraft based on his own reference points rather than stopping or requesting clarification when visibility was reduced and the configuration was unfamiliar, leading to insufficient clearance (777 Captain)""], ""unsafe_perception"": [""The 777-222 first officer stated 'All observations of parked aircraft positions were beyond my bottom screw of my aft window... I informed my captain that in my opinion... the right wing was clear,' indicating a misjudgment of lateral clearance relative to the parked MD 83 (777 First Officer)""]}","[{""subject"": ""unsafe_perception"", ""relation"": ""LEADS_TO"", ""object"": ""unsafe_skill"", ""evidence"": ""The first officer informed the captain that by virtue of taxi reference points, he thought the right wing was clear, but the 777-222's right wing impacted the MD 83's rudder.""}, {""subject"": ""unsafe_decision"", ""relation"": ""CO_OCCURS_WITH"", ""object"": ""unsafe_skill"", ""evidence"": ""The MD 83 was not fully parked within the hold pad while the 777-222's right wing impacted its rudder.""}]",success
20070720X00966,[],"{""operator_mental"": [""Complacency (Flight Attendant)""], ""personnel_crm"": [""Failed to Coordinate (Flight Crew)""], ""unsafe_decision"": [""Flight attendant decided to enter the top crew rest bunk while her balance was not good and she did not have both feet on the ground, despite prior turbulence warnings""]}",[],success
20070718X00958,[],"{""operator_mental"": [""Haste (Mechanic)"", ""Loss of Situational Awareness (Ground Service Personnel)""], ""personnel_crm"": [""Failed to Coordinate (Ground Service Personnel & Mechanic)"", ""Failure of Leadership (Sky King Operations Management)""], ""unsafe_decision"": [""Ground service personal's removal of the portable stairway prior to the main cabin door being secured (Ground Crew)"", ""Mechanic was directed to secure the cabin door... as an approaching storm created gusty winds and heavy rains (Operator/Management)""]}",[],success
20070911X01360,[],"{""operator_mental"": [""Distraction (Flight Attendant)""], ""situational_tech"": [""Equipment Design (Narrow Stairs/Ladder) (Aircraft Manufacturer/Operator)""], ""unsafe_skill"": [""misplaced a foot on the narrow stairs (Flight Attendant)""]}",[],success
20071130X01878,[],"{""operator_mental"": [""Complacency (Flight Attendants)""], ""personnel_crm"": [""Failed to Coordinate (Crew)""], ""unsafe_decision"": [""Flight attendants: 'performing crew duties when the unexpected turbulence was encountered' (Failed to secure in jump seats during climb phase, choosing to continue service despite seat belt sign being on and potential for turbulence)""]}",[],success
20070817X01201,[],"{""personnel_crm"": [""Failed to Coordinate (Flight Attendant)""], ""unsafe_decision"": [""Flight attendant was making her way to her jumpseat (unsecured) when the turbulence encounter occurred""]}",[],success
20071005X01522,[],"{""operator_mental"": [""Distraction (Captain)"", ""Complacency (Maintenance Personnel)""], ""personnel_crm"": [""Failed to Coordinate (Flight Crew & Maintenance Personnel)"", ""Failure of Leadership (Captain)""], ""unsafe_decision"": [""Maintenance personnel: Use of an inappropriate manual engine start procedure, which led to the uncommanded opening of the left engine air turbine starter valve (ATSV)"", ""Flight crew: Interruption of an emergency checklist to perform nonessential tasks (briefing flight attendants), prolonging the fire""]}","[{""subject"": ""unsafe_decision"", ""relation"": ""LEADS_TO"", ""object"": ""unsafe_skill"", ""evidence"": ""American Airlines maintenance personnel's use of an inappropriate manual engine start procedure""}, {""subject"": ""unsafe_decision"", ""relation"": ""LEADS_TO"", ""object"": ""situational_tech"", ""evidence"": ""uncommanded opening of the left engine air turbine starter valve, and a subsequent left engine fire""}, {""subject"": ""unsafe_decision"", ""relation"": ""CO_OCCURS_WITH"", ""object"": ""personnel_crm"", ""evidence"": ""flight crew's interruption of an emergency checklist to perform nonessential tasks""}]",success
20071029X01680,[],"{""operator_mental"": [""Loss of Situational Awareness (Captain)""], ""unsafe_decision"": [""The captain reported they were about 1,500 feet above the ground when they saw a large flock of about 30 geese coming towards them... The DEN 1155 ATIS gave a 'bird advisory.' (Captain)""]}",[],success
20071023X01634,[],"{""operator_mental"": [""Complacency (Captain)"", ""Loss of Situational Awareness (First Officer)""], ""situational_tech"": [""Equipment Design (BSCU System Failure/Freeze)"", ""Automation (Autopilot/Autothrottle Disengagement)""], ""personnel_crm"": [""Failed to Communicate (Captain - did not advise ATC of abnormal condition)""], ""unsafe_decision"": [""The captain stated they anticipated an uneventful landing so they did not advise the ATCT of the situation (Captain)""]}",[],success
20071023X01635,[],"{""operator_mental"": [""Complacency (Maintenance Personnel)"", ""Misplaced Motivation (Maintenance Personnel)""], ""personnel_crm"": [""Failed to Coordinate (Maintenance Personnel & Operator Management)""], ""personnel_readiness"": [""Inadequate Preparation (Maintenance Personnel)""], ""unsafe_skill"": [""Maintenance personnel: 'The personnel completing the maintenance thought that the BITE test would confirm proper harness connections. The BITE test did not verify each tachometer's connected position.' (Misapplication of testing procedure leading to cross-wired tachometers)""], ""unsafe_decision"": [""United Airlines Maintenance/Operator: 'Documentation associated with COA 405779... was found to be unclear regarding the requirement to perform a functional test of the tachometers following their installation.' (Failure to ensure clear procedures and verification steps in maintenance documentation)""]}",[],success
20071108X01763,[],"{""situational_tech"": [""Equipment Design (Recirculation fan motor bearing failure)""], ""unsafe_decision"": [""Maintenance personnel failed to detect the seized recirculation fan motor and failed end ball bearing during routine maintenance, allowing the aircraft to operate with a latent mechanical defect that led to smoke generation (Maintenance Personnel)""]}",[],success
20081219X65251,[],"{""personnel_crm"": [""Maintenance technician failed to follow standard operating procedures for peening after blending, resulting in inadequate residual compressive stresses""], ""personnel_readiness"": [""Maintenance organization failure to ensure proper training and oversight of overhaul processes, leading to incomplete corrosion removal and procedural non-compliance""], ""unsafe_skill"": [""Maintenance personnel blended the ID surface to remove corrosion but failed to perform subsequent peening (shot or roto-peen), resulting in reduced residual compressive stresses and exposure of base metal with sanding marks (Poor Technique by Maintenance Personnel)""], ""unsafe_decision"": [""The observed pitting appeared to be remnants of incomplete corrosion removal during the last overhaul, indicating a failure to properly restore the part's integrity before returning it to service (Improper Procedure/Inspection Failure by Maintenance Personnel)"", ""Evaluation indicated that the cadmium plating on the ID surface did not meet the minimum thickness requirements, yet the part was accepted and returned to service (Failure to Detect Nonconformance by Quality Control/Maintenance Personnel)""]}",[],success
20071231X02010,[],"{""operator_mental"": [""Loss of Situational Awareness (Pilot-in-Command)""], ""personnel_readiness"": [""Inadequate Preparation for Emergency Procedures (Crew)""], ""unsafe_decision"": [""The flight crew reported feeling severe vibration, pulled both throttles back to idle (Flight Crew)""]}",[],success
20071204X01893,[],"{""operator_mental"": [""Complacency (Maintenance Crew)""], ""personnel_readiness"": [""Inadequate Preparation (Maintenance Crew)""], ""unsafe_decision"": [""Continued the takeoff after the ANTISKID INOP light illuminated at 100 knots, failing to abort despite a potential indication of braking/landing gear system anomaly (Flight Crew)""]}",[],success
20071217X01939,[],"{""operator_mental"": [""Haste (Captain, First Officer)"", ""Loss of Situational Awareness (First Officer)""], ""operator_limits"": [""Inexperience with automation and high-performance jet (First Officer)""], ""personnel_crm"": [""Failed to Communicate (First Officer, Captain)"", ""Misinterpretation of Traffic Calls (First Officer)"", ""Failure of Leadership (Captain)""], ""unsafe_skill"": [""First Officer: 'The first officer (FO) was the pilot flying, and had very little instrument approach experience in the CRJ-200... Prior to making visual contact with the runway, the FO disengaged the autopilot and flight director... the airplane drifted left of course and above the glidepath.'"", ""First Officer: 'The Captain made a statement which the FO incorrectly heard as a command to reduce power to idle, and he did so, without the Captain\u2019s knowledge.'""], ""unsafe_decision"": [""Captain: 'At this point, the captain offered to take over control of the airplane and salvage the landing instead of abandoning the approach and executing a missed approach.'"", ""First Officer: 'In an interview he stated that he wanted to get the feel of the airplane, and \""declutter\"" the display... The FO disconnected the autopilot and flight director (FD)'""]}","[{""subject"": ""personnel_readiness"", ""relation"": ""LEADS_TO"", ""object"": ""unsafe_skill"", ""evidence"": ""The first officer (FO) was the pilot flying, and had very little instrument approach experience in the CRJ-200... The accident FO\u2019s training and checkrides did not reveal his weaknesses with automation, pacing, and crew coordination""}, {""subject"": ""unsafe_skill"", ""relation"": ""LEADS_TO"", ""object"": ""unsafe_decision"", ""evidence"": ""the first officer (FO) disengaged the autopilot and flight director... The captain offered to take over control of the airplane and salvage the landing instead of abandoning the approach""}, {""subject"": ""personnel_crm"", ""relation"": ""LEADS_TO"", ""object"": ""unsafe_decision"", ""evidence"": ""the FO misunderstood a statement by the captain and reduced power to idle without the captain\u2019s knowledge... lack of effective intra-cockpit communication between the crew""}, {""subject"": ""personnel_readiness"", ""relation"": ""LEADS_TO"", ""object"": ""unsafe_decision"", ""evidence"": ""AWAC did not effectively conduct a program to assess the performance of probationary pilots... two potential methods to identify FOs\u2019 weaknesses were not used by AWAC""}]",success
20081003X62958,[],"{""situational_tech"": [""Equipment Design (Mechanical gust lock system inadequacy leading to control rod fracture)""], ""personnel_readiness"": [""Inadequate Preparation (Maintenance/Operator failure to perform adequate inspections per AD 2005-26-15)""], ""unsafe_decision"": [""Failure to perform adequate pre-flight inspection of the elevator control system despite known mechanical gust lock deficiencies and high wind exposure (Maintenance/Operations Personnel)""]}",[],success
20080107X00024,[],"{""personnel_crm"": [""Dispatcher failed to communicate available severe turbulence SIGMETs to the flight crew"", ""Flight attendants failed to coordinate seating status with the flight crew prior to descent""], ""personnel_readiness"": [""Dispatcher provided incomplete weather briefing packet lacking critical hazard information""], ""unsafe_decision"": [""Dispatcher: 'The content of SIGMET Victor 2 was available to the flight's dispatcher. However, this information was not provided to the flight crew.' (Failed to provide required weather information per 14 CFR 121.601)""]}",[],success
20080107X00025,[],"{""personnel_crm"": [""Failed to Communicate (Lead Flight Attendant)"", ""Misinterpretation of Traffic Calls (Flight Attendants)""], ""unsafe_decision"": [""Flight Attendants: 'did not sit down and buckle in once the information was provided by the flight deck crew because the turbulence was supposed to occur in fifteen minutes' (misinterpreted instructions as a delay rather than an immediate action, leading to unsecured status during severe turbulence)""]}","[{""subject"": ""unsafe_perception"", ""relation"": ""LEADS_TO"", ""object"": ""unsafe_decision"", ""evidence"": ""The two flight attendants in the aft galley misunderstood the LFA's instructions and believed they had 15 minutes before they were to be seated.""}, {""subject"": ""unsafe_decision"", ""relation"": ""LEADS_TO"", ""object"": ""unsafe_violation"", ""evidence"": ""Both were standing, completing preparation of their crew meals, and were knocked to the floor during the event.""}]",success
20071231X02012,[],"{""operator_mental"": [""Loss of Situational Awareness (Tug Driver)""], ""personnel_crm"": [""Failed to Coordinate (Tug Driver)""], ""unsafe_decision"": [""The tug driver's failure to yield the right-of-way to the airplane prior to crossing the active taxiway as required by airport procedures (Ground Crew)"", ""His subsequent failure to maintain clearance with the airplane (Ground Crew)""]}","[{""subject"": ""unsafe_perception"", ""relation"": ""LEADS_TO"", ""object"": ""unsafe_violation"", ""evidence"": ""The tug driver's failure to yield the right-of-way... and his subsequent failure to maintain clearance""}, {""subject"": ""situational_tech"", ""relation"": ""CO_OCCURS_WITH"", ""object"": ""unsafe_perception"", ""evidence"": ""Additional factors were the wet pavement and the night lighting conditions.""}]",success
20071231X02013,[],"{""operator_mental"": [""Complacency (Maintenance/Operator personnel)""], ""personnel_crm"": [""Failed to Coordinate (Cabin crew and Flight deck)""], ""unsafe_decision"": [""Operator/Maintenance: 'The operator began replacing the bearings on an attrition basis when the original bearings were no longer serviceable... However, the operator has revised that policy and is proactively replacing the original bearings' (Failure to proactively replace known defective bearing design despite manufacturer advisory, relying on attrition rather than proactive replacement)""]}",[],success
