ev_id,entities_json,hfacs_json,relationships_json,extraction_status
20081201X44308,"[{""text"": ""The flight crew reported that they had some questions about the applicability of the U ENG RESPONSE checklist to their situation because they were more than 3 hours from the top of the descent and had not yet performed the Cold Fuel Operations procedure, nor had they recently operated either engine at a high thrust setting."", ""role"": ""Flight Crew"", ""tier"": ""unsafe_decision""}]","{""unsafe_decision"": [""The flight crew reported that they had some questions about the applicability of the U ENG RESPONSE checklist to their situation because they were more than 3 hours from the top of the descent and had not yet performed the Cold Fuel Operations procedure, nor had they recently operated either engine at a high thrust setting.""]}","[{""subject"": ""unsafe_decision"", ""relation"": ""CO_OCCURS_WITH"", ""object"": ""operator_limits"", ""evidence"": ""The flight crew reported that they had some questions about the applicability of the U ENG RESPONSE checklist to their situation because they were more than 3 hours from the top of the descent and had not yet performed the Cold Fuel Operations procedure, nor had they recently operated either engine at a high thrust setting.""}]",success
20221219106472,"[{""text"": ""the flight crew stated that the plume was \u201cmoving fast\u201d and \u201cbuilding fast\u201d but that the airplane should \u201cclear most of it.\u201d"", ""role"": ""Flight crew"", ""tier"": ""unsafe_decision""}]","{""unsafe_decision"": [""the flight crew stated that the plume was \u201cmoving fast\u201d and \u201cbuilding fast\u201d but that the airplane should \u201cclear most of it.\u201d""]}","[{""subject"": ""unsafe_decision"", ""relation"": ""LEADS_TO"", ""object"": ""unsafe_perception"", ""evidence"": ""the flight crew stated that the plume was \u201cmoving fast\u201d and \u201cbuilding fast\u201d but that the airplane should \u201cclear most of it.\u201d""}]",success
20220927106004,"[{""text"": ""uncommanded and oscillatory movement of the trim wheel"", ""role"": ""flight crew"", ""tier"": ""unsafe_skill""}]","{""unsafe_skill"": [""uncommanded and oscillatory movement of the trim wheel""]}","[{""subject"": ""unsafe_skill"", ""relation"": ""CO_OCCURS_WITH"", ""object"": ""operator_physical"", ""evidence"": ""uncommanded and oscillatory movement of the trim wheel""}]",success
20231005193196,"[{""text"": ""The flight crew made the decision to return to CHA."", ""role"": ""Crew"", ""tier"": ""unsafe_decision""}, {""text"": ""Postaccident electrical system inspections of the alternate extension system found no electrical continuity between the alternate gear extend switch and the alternate extension power pack (AEPP). A visual examination of the alternate extension system wiring revealed a break (open) in a wire between the circuit breaker and the alternate gear extend switch."", ""role"": ""Maintenance"", ""tier"": ""unsafe_violation""}]","{""unsafe_decision"": [""The flight crew made the decision to return to CHA.""], ""unsafe_violation"": [""Postaccident electrical system inspections of the alternate extension system found no electrical continuity between the alternate gear extend switch and the alternate extension power pack (AEPP). A visual examination of the alternate extension system wiring revealed a break (open) in a wire between the circuit breaker and the alternate gear extend switch.""]}","[{""subject"": ""unsafe_decision"", ""relation"": ""LEADS_TO"", ""object"": ""unsafe_violation"", ""evidence"": ""The flight crew's decision to return to CHA led to the postaccident electrical system inspections revealing a break in the wire between the alternate gear extend switch and the AEPP.""}]",success
20231201193459,"[{""text"": ""Omitted Checklist Step"", ""role"": ""Captain"", ""tier"": ""unsafe_skill""}, {""text"": ""Failed to Prioritize Attention"", ""role"": ""Captain and First Officer"", ""tier"": ""unsafe_skill""}]","{""unsafe_skill"": [""Omitted Checklist Step - Captain"", ""Failed to Prioritize Attention - Captain and First Officer""]}",[],success
20240211193772,"[{""text"": ""the flexible hydraulic hoses connected to the number 3 (right inboard) and number 4 (right outboard) MLG brakes had been improperly reconnected following the carbon brake and flow limiter installation"", ""role"": ""Maintenance personnel"", ""tier"": ""unsafe_skill""}, {""text"": ""the wiring harness within the MLG axle had been installed incorrectly. Specifically, the electrical connectors for the number 1 (left outboard) and number 2 (left inboard) wheel speed transducers were swapped"", ""role"": ""Maintenance personnel"", ""tier"": ""unsafe_skill""}]","{""unsafe_skill"": [""the flexible hydraulic hoses connected to the number 3 (right inboard) and number 4 (right outboard) MLG brakes had been improperly reconnected following the carbon brake and flow limiter installation (Maintenance personnel)"", ""the wiring harness within the MLG axle had been installed incorrectly. Specifically, the electrical connectors for the number 1 (left outboard) and number 2 (left inboard) wheel speed transducers were swapped (Maintenance personnel)""]}","[{""subject"": ""unsafe_skill"", ""relation"": ""CO_OCCURS_WITH"", ""object"": ""unsafe_decision"", ""evidence"": ""Maintenance personnel improperly reconnected flexible hydraulic hoses and swapped wheel speed transducer wires, leading to a loss of braking effectiveness.""}, {""subject"": ""unsafe_skill"", ""relation"": ""LEADS_TO"", ""object"": ""unsafe_violation"", ""evidence"": ""Improperly reconnecting the flexible hydraulic hoses and swapping the wheel speed transducer wires resulted in a violation of proper maintenance procedures.""}]",success
20240212193784,"[{""text"": ""ATC did not provide any real-time weather advisories during the period the airplane was under Boston Center\u2019s control, despite receiving a moderate turbulence report from ACA548 (an uninvolved airplane) about three minutes prior to the encounter."", ""role"": ""ATC"", ""tier"": ""unsafe_decision""}]","{""unsafe_decision"": [""ATC did not provide any real-time weather advisories during the period the airplane was under Boston Center\u2019s control, despite receiving a moderate turbulence report from ACA548 (an uninvolved airplane) about three minutes prior to the encounter.""]}","[{""subject"": ""unsafe_decision"", ""relation"": ""LEADS_TO"", ""object"": ""situational_tech"", ""evidence"": ""ATC did not provide any real-time weather advisories during the period the airplane was under Boston Center\u2019s control, despite receiving a moderate turbulence report from ACA548 (an uninvolved airplane) about three minutes prior to the encounter.""}]",success
20210702103407,"[{""text"": ""misidentification of the damaged engine"", ""role"": ""Flight crew"", ""tier"": ""unsafe_skill""}, {""text"": ""use of only the damaged engine for thrust during the remainder of the flight"", ""role"": ""Flight crew"", ""tier"": ""unsafe_skill""}, {""text"": ""ineffective crew resource management"", ""role"": ""Flight crew"", ""tier"": ""unsafe_decision""}, {""text"": ""high workload and stress"", ""role"": ""Flight crew"", ""tier"": ""unsafe_perception""}]","{""unsafe_skill"": [""misidentification of the damaged engine (Flight crew)"", ""use of only the damaged engine for thrust during the remainder of the flight (Flight crew)""], ""unsafe_decision"": [""inappropriate procedure (Flight crew)""]}","[{""subject"": ""unsafe_skill"", ""relation"": ""LEADS_TO"", ""object"": ""unsafe_decision"", ""evidence"": ""The flight crew's misidentification of the damaged engine led to an unsafe decision to use only the damaged engine for thrust.""}, {""subject"": ""unsafe_decision"", ""relation"": ""CO_OCCURS_WITH"", ""object"": ""unsafe_perception"", ""evidence"": ""Both ineffective crew resource management and high workload/stress occurred simultaneously, contributing to poor decision-making.""}]",success
20210220102652,"[{""text"": ""Inadequate inspection of the fan blades"", ""role"": ""Maintenance"", ""tier"": ""unsafe_decision""}]","{""unsafe_decision"": [""'Inadequate inspection of the fan blades' - Maintenance""]}","[{""subject"": ""unsafe_decision"", ""relation"": ""LEADS_TO"", ""object"": ""situational_tech"", ""evidence"": ""The inadequate inspection of the fan blades led to undetected low-level crack indications, which in turn contributed to the severity of the engine damage following the fan blade failure.""}, {""subject"": ""unsafe_decision"", ""relation"": ""LEADS_TO"", ""object"": ""unsafe_violation"", ""evidence"": ""The insufficient frequency of inspection intervals resulted in low-level crack indications propagating undetected, leading to a violation of safety standards during the flight.""}, {""subject"": ""situational_tech"", ""relation"": ""CO_OCCURS_WITH"", ""object"": ""unsafe_violation"", ""evidence"": ""The design and testing of the engine inlet, which failed to ensure adequate energy dissipation, co-occurred with the inadequate inspection practices leading to a violation of safety protocols.""}]",success
20200219X42743,"[{""text"": ""Spirit Airlines maintenance had performed troubleshooting on the airplane after each of the previous loss of electrical power events, they were unable to determine any faults with the electrical system, including the IDGs."", ""role"": ""Maintenance"", ""tier"": ""unsafe_decision""}]","{""unsafe_decision"": [""Misdiagnosed Emergency (Spirit Airlines maintenance)""]}","[{""subject"": ""unsafe_decision"", ""relation"": ""CO_OCCURS_WITH"", ""object"": ""operator_physical"", ""evidence"": ""Spirit Airlines maintenance performed troubleshooting but were unable to determine any faults, indicating a decision based on limited information.""}, {""subject"": ""unsafe_decision"", ""relation"": ""LEADS_TO"", ""object"": ""unsafe_violation"", ""evidence"": ""Due to the inability to identify faults, Spirit Airlines maintenance did not contact Airbus for assistance, leading to no replacement of potentially faulty IDGs.""}]",success
20090828X61756,"[{""text"": ""No adverse weather [was] depicted on the onboard weather radar, but he did not specify the range or tilt settings in use at the time."", ""role"": ""Flight crew"", ""tier"": ""unsafe_skill""}, {""text"": ""The flight crew did not advise or instruct the cabin crew to remain seated, nor did they advise the cabin crew of any anticipated turbulence."", ""role"": ""Flight crew"", ""tier"": ""unsafe_decision""}]","{""unsafe_skill"": [""No adverse weather [was] depicted on the onboard weather radar, but he did not specify the range or tilt settings in use at the time.""], ""unsafe_decision"": [""The flight crew did not advise or instruct the cabin crew to remain seated, nor did they advise the cabin crew of any anticipated turbulence.""]}","[{""subject"": ""unsafe_skill"", ""relation"": ""LEADS_TO"", ""object"": ""unsafe_decision"", ""evidence"": ""The flight crew did not advise or instruct the cabin crew to remain seated, nor did they advise the cabin crew of any anticipated turbulence.""}]",success
20180213X95634,"[{""text"": ""P&W did not have a defined training and certification regimen for the TAI inspectors."", ""role"": ""Maintenance provider"", ""tier"": ""unsafe_violation""}]","{""unsafe_violation"": [""P&W did not have a defined training and certification regimen for the TAI inspectors.""]}","[{""subject"": ""unsafe_violation"", ""relation"": ""LEADS_TO"", ""object"": ""unsafe_decision"", ""evidence"": ""P&W did not have a defined training and certification regimen for the TAI inspectors.""}]",success
20180116X12236,"[{""text"": ""The captain could not determine whether the lights were on bright or dim and indicated that he keyed the radio to increase the lighting, but was uncertain if the intensity had changed."", ""role"": ""Captain"", ""tier"": ""unsafe_skill""}, {""text"": ""Once the airplane was aligned with what the flight crew thought was the correct landing surface, they were likely not strongly considering contradictory information."", ""role"": ""Flight Crew"", ""tier"": ""unsafe_decision""}]","{""unsafe_skill"": [""The captain could not determine whether the lights were on bright or dim and indicated that he keyed the radio to increase the lighting, but was uncertain if the intensity had changed.""], ""unsafe_decision"": [""Once the airplane was aligned with what the flight crew thought was the correct landing surface, they were likely not strongly considering contradictory information.""]}","[{""subject"": ""unsafe_skill"", ""relation"": ""CO_OCCURS_WITH"", ""object"": ""unsafe_decision"", ""evidence"": ""The captain's uncertainty about the lighting intensity and his focus on the runway surface led to a misalignment with the taxiway.""}]",success
20161027X20715,"[{""text"": ""initiated the flare at a relatively high altitude above the runway and the significant delay in the reduction of thrust resulted in the airplane floating down the runway"", ""role"": ""First Officer"", ""tier"": ""unsafe_skill""}, {""text"": ""delayed in manually deploying the speed brakes after touchdown"", ""role"": ""Captain"", ""tier"": ""unsafe_decision""}, {""text"": ""did not announce that he was assuming airplane control, contrary to the operator's procedures"", ""role"": ""Captain"", ""tier"": ""unsafe_skill""}]","{""unsafe_skill"": [""initiated the flare at a relatively high altitude above the runway and the significant delay in the reduction of thrust resulted in the airplane floating down the runway - First Officer""], ""unsafe_decision"": [""delayed in manually deploying the speed brakes after touchdown - Captain""]}","[{""subject"": ""unsafe_skill"", ""relation"": ""LEADS_TO"", ""object"": ""unsafe_decision"", ""evidence"": ""initiated the flare at a relatively high altitude above the runway and the significant delay in the reduction of thrust resulted in the airplane floating down the runway, leading to the captain's delay in manually deploying the speed brakes after touchdown""}, {""subject"": ""unsafe_skill"", ""relation"": ""LEADS_TO"", ""object"": ""unsafe_decision"", ""evidence"": ""did not announce that he was assuming airplane control, contrary to the operator's procedures, leading to a breakdown in crew resource management during the landing roll""}, {""subject"": ""unsafe_skill"", ""relation"": ""CO_OCCURS_WITH"", ""object"": ""unsafe_decision"", ""evidence"": ""the first officer's initiation of the landing flare at a relatively high altitude and his delay in reducing the throttles to idle, along with the captain's delay in manually deploying the speed brakes after touchdown""}]",success
20161028X93712,"[{""text"": ""The absence of a protective coating, over time, could lead to corrosion pitting."", ""role"": ""Maintenance"", ""tier"": ""unsafe_perception""}, {""text"": ""Although neither stray plating nor cracks were found as part of the ASB inspection, corrosion repair was completed on the accident cylinder, and it underwent brush cadmium plating per maintenance instructions before being returned to service."", ""role"": ""Maintenance"", ""tier"": ""unsafe_decision""}, {""text"": ""FedEx reportedly adopted the 9-year overhaul interval used by the previous owner/operator of the first DC10s it purchased. The company produced no documentation or data analysis supporting the longer overhaul interval."", ""role"": ""Operator"", ""tier"": ""unsafe_decision""}]","{""unsafe_perception"": [""The absence of a protective coating, over time, could lead to corrosion pitting.""], ""unsafe_decision"": [""Although neither stray plating nor cracks were found as part of the ASB inspection, corrosion repair was completed on the accident cylinder, and it underwent brush cadmium plating per maintenance instructions before being returned to service."", ""FedEx reportedly adopted the 9-year overhaul interval used by the previous owner/operator of the first DC10s it purchased. The company produced no documentation or data analysis supporting the longer overhaul interval.""]}","[{""subject"": ""unsafe_perception"", ""relation"": ""LEADS_TO"", ""object"": ""unsafe_decision"", ""evidence"": ""The absence of a protective coating, over time, could lead to corrosion pitting.""}, {""subject"": ""unsafe_decision"", ""relation"": ""CO_OCCURS_WITH"", ""object"": ""unsafe_perception"", ""evidence"": ""Although neither stray plating nor cracks were found as part of the ASB inspection, corrosion repair was completed on the accident cylinder, and it underwent brush cadmium plating per maintenance instructions before being returned to service.""}, {""subject"": ""unsafe_decision"", ""relation"": ""LEADS_TO"", ""object"": ""operator_limits"", ""evidence"": ""FedEx reportedly adopted the 9-year overhaul interval used by the previous owner/operator of the first DC10s it purchased. The company produced no documentation or data analysis supporting the longer overhaul interval.""}]",success
20110517X80339,"[{""text"": ""The captain placed the gear handle in the down position and waited for all three landing gear down-and-locked annunciator lights to illuminate green. However, only the \u201cNOSE\u201d, \u201cRH\u201d, and \u201cL\u201d illuminated."", ""role"": ""Captain"", ""tier"": ""unsafe_skill""}, {""text"": ""The captain said he was not concerned about the horn and elected not to go-around and run the Quick Reference Handbook (QRH) checklists, since all three landing gear down annunciators were illuminated."", ""role"": ""Captain"", ""tier"": ""unsafe_decision""}]","{""unsafe_skill"": [""The captain placed the gear handle in the down position and waited for all three landing gear down-and-locked annunciator lights to illuminate green. However, only the \u201cNOSE\u201d, \u201cRH\u201d, and \u201cL\u201d illuminated.""], ""unsafe_decision"": [""The captain said he was not concerned about the horn and elected not to go-around and run the Quick Reference Handbook (QRH) checklists, since all three landing gear down annunciators were illuminated.""]}","[{""subject"": ""unsafe_skill"", ""relation"": ""LEADS_TO"", ""object"": ""unsafe_decision"", ""evidence"": ""The captain placed the gear handle in the down position and waited for all three landing gear down-and-locked annunciator lights to illuminate green. However, only the \u201cNOSE\u201d, \u201cRH\u201d, and \u201cL\u201d illuminated. The captain said he was not concerned about the horn and elected not to go-around and run the Quick Reference Handbook (QRH) checklists, since all three landing gear down annunciators were illuminated.""}]",success
20120906X05700,"[{""text"": ""inattention to airspeed, pitch attitude, and engine power during the climb"", ""role"": ""Flight crew"", ""tier"": ""unsafe_skill""}, {""text"": ""delayed action in reducing back pressure and increasing nose-down pitch"", ""role"": ""Flight crew"", ""tier"": ""unsafe_decision""}]","{""unsafe_skill"": [""inattention to airspeed, pitch attitude, and engine power during the climb (Flight crew)""], ""unsafe_decision"": [""delayed action in reducing back pressure and increasing nose-down pitch (Flight crew)""]}","[{""subject"": ""unsafe_skill"", ""relation"": ""LEADS_TO"", ""object"": ""unsafe_decision"", ""evidence"": ""The flight crew's inattention to airspeed, pitch attitude, and engine power during the climb led to a delayed action in reducing back pressure and increasing nose-down pitch.""}]",success
20110330X05145,"[{""text"": ""The B737 Captain and First Officer did not brief the maneuver or contingencies before complying with the ATC request, and there was no briefing made to the flight attendants or passengers."", ""role"": ""Flight crew"", ""tier"": ""unsafe_decision""}]","{""unsafe_decision"": [""The B737 Captain and First Officer did not brief the maneuver or contingencies before complying with the ATC request, and there was no briefing made to the flight attendants or passengers.""]}","[{""subject"": ""unsafe_decision"", ""relation"": ""LEADS_TO"", ""object"": ""unsafe_skill"", ""evidence"": ""The B737 Captain and First Officer did not brief the maneuver or contingencies before complying with the ATC request, and there was no briefing made to the flight attendants or passengers.""}]",success
20110607X83931,"[{""text"": ""The flight crew followed the quick reference handbook directions to troubleshoot the landing gear issue without success."", ""role"": ""Flight Crew"", ""tier"": ""unsafe_decision""}]","{""unsafe_decision"": [""The flight crew followed the quick reference handbook directions to troubleshoot the landing gear issue without success.""]}","[{""subject"": ""unsafe_decision"", ""relation"": ""LEADS_TO"", ""object"": ""unsafe_skill"", ""evidence"": ""The flight crew followed the quick reference handbook directions to troubleshoot the landing gear issue without success.""}]",success
20150811X22104,"[{""text"": ""The ZDV controller did an excellent job of relaying known weather information to the flight crew."", ""role"": ""ATC personnel"", ""tier"": ""unsafe_skill""}, {""text"": ""However, the ZDV controller did not issue the displayed weather to the flight as required by Federal Aviation Administration (FAA) Order 7110.65, 'Air Traffic Control.' The ZDV controller also failed to disseminate significant PIREP information to the incident flight crew as required by FAA Order 7110.65."", ""role"": ""ATC personnel"", ""tier"": ""unsafe_decision""}, {""text"": ""The company dispatcher who provided the flight crew with the initial and revised preflight weather briefings did not provide adequate weather information to the flight crew because it did not include information about the thunderstorm activity forecast along the flight route, and the dispatcher subsequently failed to provide the flight crew with complete and timely weather information, including weather radar data information, while the flight was en route to the destination airport."", ""role"": ""Flt operations/dispatcher"", ""tier"": ""unsafe_decision""}]","{""unsafe_skill"": [""The ZDV controller did an excellent job of relaying known weather information to the flight crew.""], ""unsafe_decision"": [""However, the ZDV controller did not issue the displayed weather to the flight as required by Federal Aviation Administration (FAA) Order 7110.65, 'Air Traffic Control.' The ZDV controller also failed to disseminate significant PIREP information to the incident flight crew as required by FAA Order 7110.65."", ""The company dispatcher who provided the flight crew with the initial and revised preflight weather briefings did not provide adequate weather information to the flight crew because it did not include information about the thunderstorm activity forecast along the flight route, and the dispatcher subsequently failed to provide the flight crew with complete and timely weather information, including weather radar data information, while the flight was en route to the destination airport.""]}","[{""subject"": ""unsafe_decision"", ""relation"": ""LEADS_TO"", ""object"": ""operator_physical"", ""evidence"": ""The ZDV controller's failure to provide significant weather information and the dispatcher's inadequate briefing led to the flight crew's decision to continue into the thunderstorms, resulting in hail damage.""}, {""subject"": ""unsafe_skill"", ""relation"": ""LEADS_TO"", ""object"": ""operator_physical"", ""evidence"": ""The ZDV controller's failure to issue known weather information and the dispatcher's incomplete briefings led to the flight crew's poor decision-making, which resulted in encountering hail.""}]",success
20100112X10853,"[{""text"": ""The first officer attempted to get assistance from United's maintenance control, but a difficulty with radio communications prevented effective assistance."", ""role"": ""Maintenance"", ""tier"": ""unsafe_decision""}, {""text"": ""Just prior to touchdown, the Captain acknowledged the correct checklist instruction, but called for the engines to be shut down prior to touchdown."", ""role"": ""Pilot"", ""tier"": ""unsafe_skill""}]","{""unsafe_decision"": [""Just prior to touchdown, the Captain acknowledged the correct checklist instruction, but called for the engines to be shut down prior to touchdown.""], ""unsafe_skill"": [""The first officer attempted to get assistance from United's maintenance control, but a difficulty with radio communications prevented effective assistance.""]}","[{""subject"": ""unsafe_skill"", ""relation"": ""CO_OCCURS_WITH"", ""object"": ""unsafe_decision"", ""evidence"": ""The Captain's incorrect call for engine shutdown prior to touchdown coincided with the first officer's difficulty in obtaining maintenance assistance.""}, {""subject"": ""unsafe_decision"", ""relation"": ""LEADS_TO"", ""object"": ""unsafe_skill"", ""evidence"": ""The decision by the flight crew to follow an incorrect checklist instruction led to improper engine shutdown timing, impacting their skillful execution of the landing.""}]",success
20140211X00047,"[{""text"": ""the crew was aware that the airplane was picking up \u201ca little bit\u201d of ice"", ""role"": ""crew"", ""tier"": ""unsafe_perception""}, {""text"": ""overreliance on automation for the activation and proper operation of the ice and rain protection system resulted in their failure to adequately monitor the system and respond appropriately when it did not activate automatically"", ""role"": ""crew"", ""tier"": ""unsafe_decision""}]","{""unsafe_perception"": [""the crew was aware that the airplane was picking up \u201ca little bit\u201d of ice""], ""unsafe_decision"": [""overreliance on automation for the activation and proper operation of the ice and rain protection system resulted in their failure to adequately monitor the system and respond appropriately when it did not activate automatically""]}","[{""subject"": ""unsafe_perception"", ""relation"": ""LEADS_TO"", ""object"": ""unsafe_decision"", ""evidence"": ""the crew was aware that the airplane was picking up a little bit of ice, which led to their overreliance on automation for the activation and proper operation of the ice and rain protection system""}]",success
20140314X21725,"[{""text"": ""the captain's decision to abort the takeoff after rotation"", ""role"": ""Pilot"", ""tier"": ""unsafe_decision""}, {""text"": ""the flight crew's failure to verify that the airplane's flight management computer was properly configured for takeoff"", ""role"": ""Flight crew"", ""tier"": ""unsafe_skill""}]","{""unsafe_decision"": [""the captain's decision to abort the takeoff after rotation - Pilot""], ""unsafe_skill"": [""the flight crew's failure to verify that the airplane's flight management computer was properly configured for takeoff - Flight crew""]}","[{""subject"": ""unsafe_decision"", ""relation"": ""LEADS_TO"", ""object"": ""unsafe_perception"", ""evidence"": ""The captain's decision to reject the takeoff after rotation led to a heightened perception of the airplane's state.""}, {""subject"": ""unsafe_skill"", ""relation"": ""CO_OCCURS_WITH"", ""object"": ""unsafe_decision"", ""evidence"": ""Both the flight crew's failure to verify the FMC configuration and the captain's decision to reject the takeoff after rotation indicate poor skill in following procedures.""}]",success
20180419X80338,"[{""text"": ""The captain might have questioned the validity of the initial fire warning."", ""role"": ""pilot"", ""tier"": ""unsafe_decision""}, {""text"": ""The flight crew might have thought that the fire had been extinguished, especially since the cabin crew could not confirm if the engine was still on fire."", ""role"": ""pilot"", ""tier"": ""unsafe_decision""}, {""text"": ""Maintenance personnel improperly fitted the FM-13 hose seal, allowing fuel to leak from the FM-13 hose to the rigid fuel pipe interface."", ""role"": ""maintenance"", ""tier"": ""unsafe_skill""}]","{""unsafe_decision"": [""The captain might have questioned the validity of the initial fire warning. (pilot)"", ""The flight crew might have thought that the fire had been extinguished, especially since the cabin crew could not confirm if the engine was still on fire. (pilot)""], ""unsafe_skill"": [""Maintenance personnel improperly fitted the FM-13 hose seal, allowing fuel to leak from the FM-13 hose to the rigid fuel pipe interface. (maintenance)""]}","[{""subject"": ""unsafe_decision"", ""relation"": ""CO_OCCURS_WITH"", ""object"": ""unsafe_skill"", ""evidence"": ""The captain's decision to delay landing and the maintenance personnel's improper fitting of the FM-13 hose seal both contributed to the fire duration.""}, {""subject"": ""unsafe_decision"", ""relation"": ""CO_OCCURS_WITH"", ""object"": ""unsafe_perception"", ""evidence"": ""The flight crew's perception that the fire had been extinguished due to the disappearance of primary engine fire warning indications and their decision not to land immediately.""}, {""subject"": ""unsafe_skill"", ""relation"": ""CO_OCCURS_WITH"", ""object"": ""operator_physical"", ""evidence"": ""The improper fitting of the FM-13 hose seal, which is a physical task, led to fuel leakage and contributed to the fire duration.""}]",success
20091020X05636,"[{""text"": ""The captain stated in an interview that the flight was lined up on approach to runway 27L and when the flight was cleared to land on 27R he maneuvered for the side step and lined up on 'the next brightest set of lights' he saw."", ""role"": ""Captain"", ""tier"": ""unsafe_decision""}, {""text"": ""The first officer was preoccupied with attempting to tune and identify the ILS frequency for runway 27R."", ""role"": ""First Officer"", ""tier"": ""unsafe_skill""}]","{""unsafe_decision"": [""'the next brightest set of lights' he saw - Captain"", ""preoccupied with attempting to tune and identify the ILS frequency for runway 27R - First Officer""]}","[{""subject"": ""unsafe_decision"", ""relation"": ""LEADS_TO"", ""object"": ""unsafe_skill"", ""evidence"": ""The captain stated in an interview that the flight was lined up on approach to runway 27L and when the flight was cleared to land on 27R he maneuvered for the side step and lined up on 'the next brightest set of lights' he saw.""}]",success
20190504X04947,"[{""text"": ""Omitted Checklist Step"", ""role"": ""Flight crew"", ""tier"": ""unsafe_skill""}, {""text"": ""Failed to Prioritize Attention"", ""role"": ""Captain"", ""tier"": ""unsafe_decision""}]","{""unsafe_skill"": [""Omitted Checklist Step - Flight crew""], ""unsafe_decision"": [""Failed to Prioritize Attention - Captain""]}","[{""subject"": ""unsafe_skill"", ""relation"": ""LEADS_TO"", ""object"": ""unsafe_decision"", ""evidence"": ""The captain's oversight in not checking the speedbrake handle as part of the Landing checklist due to omitted steps led to an increased workload and plan continuation bias.""}, {""subject"": ""unsafe_skill"", ""relation"": ""LEADS_TO"", ""object"": ""unsafe_decision"", ""evidence"": ""The first officer's lack of experience in monitoring the approach, leading to failure to note that the speedbrake handle had not been armed, contributed to an unstabilized approach.""}, {""subject"": ""unsafe_decision"", ""relation"": ""CO_OCCURS_WITH"", ""object"": ""unsafe_violation"", ""evidence"": ""The captain's decision to continue with the approach despite multiple cues for a missed approach and increased workload coincided with his violation of SOPs by not performing necessary checks.""}, {""subject"": ""unsafe_decision"", ""relation"": ""CO_OCCURS_WITH"", ""object"": ""operator_limits"", ""evidence"": ""The captain's decision to continue the approach was influenced by plan continuation bias and increased workload, which are limitations in his ability to make sound decisions.""}, {""subject"": ""unsafe_violation"", ""relation"": ""CO_OCCURS_WITH"", ""object"": ""operator_limits"", ""evidence"": ""The captain's violation of SOPs by not checking the speedbrake handle and performing additional tasks while approaching in bad weather coincided with his increased workload.""}]",success
20191108X21802,"[{""text"": ""The captain stated that it was second nature to use the trim switch on the yoke."", ""role"": ""Captain"", ""tier"": ""unsafe_skill""}, {""text"": ""Maintenance personnel reported that they partially removed the switch before deciding to defer the maintenance per the minimum equipment list. The maintenance personnel then reinstalled the switch but did not perform a functional test because the switch was a deferred maintenance item."", ""role"": ""Maintenance Personnel"", ""tier"": ""unsafe_decision""}]","{""unsafe_skill"": [""The captain stated that it was second nature to use the trim switch on the yoke.""], ""unsafe_decision"": [""Maintenance personnel reported that they partially removed the switch before deciding to defer the maintenance per the minimum equipment list. The maintenance personnel then reinstalled the switch but did not perform a functional test because the switch was a deferred maintenance item.""]}","[{""subject"": ""unsafe_skill"", ""relation"": ""CO_OCCURS_WITH"", ""object"": ""unsafe_decision"", ""evidence"": ""The captain's habitual use of the pitch trim switch coincided with maintenance personnel's decision to defer and incorrectly reinstall the switch.""}, {""subject"": ""unsafe_decision"", ""relation"": ""LEADS_TO"", ""object"": ""unsafe_skill"", ""evidence"": ""Maintenance personnel's incorrect installation led to the captain's inappropriate use of the placarded but not deactivated pitch trim switch.""}]",success
20181206X45642,"[{""text"": ""the flight crew justified continuing the approach, even though the tailwind component would be \u201cright on the edge\u201d of the company\u2019s 10-knot limit."", ""role"": ""Flight crew"", ""tier"": ""unsafe_decision""}, {""text"": ""The NTSB evaluated why the flight crew continued the approach to a landing. The captain reported that he had flown into BUR between 80 and 100 times. The captain also reported that his previous flights into BUR occurred in visual flight rules flight and without any significant precipitation."", ""role"": ""Flight crew"", ""tier"": ""unsafe_skill""}, {""text"": ""The NTSB recognized that, according to their postincident interviews, both flight crewmembers did not realize that the airplane touched down 2,500 ft from the runway threshold."", ""role"": ""Flight crew"", ""tier"": ""unsafe_perception""}]","{""unsafe_decision"": [""the flight crew justified continuing the approach, even though the tailwind component would be \u201cright on the edge\u201d of the company\u2019s 10-knot limit."", ""The captain reported that he had flown into BUR between 80 and 100 times. The captain also reported that his previous flights into BUR occurred in visual flight rules flight and without any significant precipitation.""], ""unsafe_perception"": [""The NTSB recognized that, according to their postincident interviews, both flight crewmembers did not realize that the airplane touched down 2,500 ft from the runway threshold.""]}","[{""subject"": ""unsafe_decision"", ""relation"": ""LEADS_TO"", ""object"": ""unsafe_perception"", ""evidence"": ""The flight crew's decision to continue the approach despite a higher-than-expected tailwind led to their misperception of the airplane's touchdown point.""}, {""subject"": ""unsafe_skill"", ""relation"": ""CO_OCCURS_WITH"", ""object"": ""unsafe_decision"", ""evidence"": ""The captain's experience and previous flights into BUR without significant precipitation coincided with his decision to continue the approach despite the tailwind being close to the company limit.""}]",success
20190304X65511,"[{""text"": ""The first officer did not have the runway in sight, and both flight crewmembers expressed confusion about what they were seeing outside the airplane when it was below 100 ft agl."", ""role"": ""Flight crew"", ""tier"": ""unsafe_decision""}, {""text"": ""Although cognitive biases, including confirmation bias, can affect judgment, decision-making, and behaviors, a review of the captain\u2019s training records revealed deficiencies regarding her piloting abilities."", ""role"": ""Captain"", ""tier"": ""unsafe_skill""}, {""text"": ""The first officer was likely fatigued on the day of the accident. Although the first officer stated that he felt rested that day, he had been home with the flu for several days before the accident."", ""role"": ""First officer"", ""tier"": ""unsafe_decision""}]","{""unsafe_skill"": [""A review of the captain\u2019s training records revealed deficiencies regarding her piloting abilities - Captain""], ""unsafe_decision"": [""The first officer did not have the runway in sight, and both flight crewmembers expressed confusion about what they were seeing outside the airplane when it was below 100 ft agl - Flight crew"", ""The first officer was likely fatigued on the day of the accident. Although the first officer stated that he felt rested that day, he had been home with the flu for several days before the accident - First officer""]}","[{""subject"": ""unsafe_decision"", ""relation"": ""CO_OCCURS_WITH"", ""object"": ""unsafe_skill"", ""evidence"": ""The first officer and captain both demonstrated poor judgment in continuing the approach despite not seeing the runway.""}, {""subject"": ""unsafe_decision"", ""relation"": ""CO_OCCURS_WITH"", ""object"": ""personnel_readiness"", ""evidence"": ""Both flight crew members were likely fatigued, which may have exacerbated their confirmation bias and poor decision-making.""}, {""subject"": ""unsafe_skill"", ""relation"": ""LEADS_TO"", ""object"": ""unsafe_decision"", ""evidence"": ""The captain's training deficiencies in piloting abilities led to poor judgment and decision-making during the approach.""}]",success
20210616103275,"[{""text"": ""The air traffic controller was communicating with a helicopter transitioning the airspace after they had instructed SkyWest to Line Up and Wait."", ""role"": ""ATC"", ""tier"": ""unsafe_decision""}]","{""unsafe_decision"": [""The air traffic controller was communicating with a helicopter transitioning the airspace after they had instructed SkyWest to Line Up and Wait.""]}","[{""subject"": ""unsafe_decision"", ""relation"": ""CO_OCCURS_WITH"", ""object"": ""operator_limits"", ""evidence"": ""The air traffic controller was communicating with a helicopter transitioning the airspace after they had instructed SkyWest to Line Up and Wait.""}]",success
20080222X00229,"[{""text"": ""inadvertently fell asleep in the cockpit"", ""role"": ""Flight crew"", ""tier"": ""unsafe_skill""}]","{""unsafe_skill"": [""inadvertently fell asleep in the cockpit (captain and first officer)""]}","[{""subject"": ""unsafe_skill"", ""relation"": ""LEADS_TO"", ""object"": ""unsafe_decision"", ""evidence"": ""The incident pilots' lack of adequate sleep, together with the low workload associated with the cruise phase of flight, likely contributed to the pilots inadvertently falling asleep.""}]",success
20220816105749,"[{""text"": ""The captain attempted to stop the turn using the rudder pedals and the nosewheel steering tiller but was unsuccessful."", ""role"": ""pilot"", ""tier"": ""unsafe_skill""}]","{""unsafe_skill"": [""The captain attempted to stop the turn using the rudder pedals and the nosewheel steering tiller but was unsuccessful.""]}","[{""subject"": ""unsafe_skill"", ""relation"": ""CO_OCCURS_WITH"", ""object"": ""operator_physical"", ""evidence"": ""The captain attempted to stop the turn using the rudder pedals and the nosewheel steering tiller but was unsuccessful.""}]",success
20230101106517,"[{""text"": ""walked directly in front of the left engine before being ingested into the engine"", ""role"": ""ramp agent"", ""tier"": ""unsafe_skill""}]","{""unsafe_skill"": [""walked directly in front of the left engine before being ingested into the engine - ramp agent""]}","[{""subject"": ""unsafe_skill"", ""relation"": ""LEADS_TO"", ""object"": ""unsafe_decision"", ""evidence"": ""walked directly in front of the left engine before being ingested into the engine""}]",success
20120621X34639,"[{""text"": ""Normal inhibition of alerts and warnings from the flight warning computer prevented notification to the flight crew until the airplane had climbed out of 1,500 above ground level"", ""role"": ""Flight Crew"", ""tier"": ""unsafe_decision""}, {""text"": ""The captain, who was the pilot flying, transferred airplane control to the first officer and began to accomplish the abnormal procedures that were displayed on the electronic centralized aircraft monitor."", ""role"": ""Pilot"", ""tier"": ""unsafe_skill""}]","{""unsafe_decision"": [""Normal inhibition of alerts and warnings from the flight warning computer prevented notification to the flight crew until the airplane had climbed out of 1,500 above ground level (Flight Crew)""], ""unsafe_skill"": [""The captain, who was the pilot flying, transferred airplane control to the first officer and began to accomplish the abnormal procedures that were displayed on the electronic centralized aircraft monitor. (Pilot)""]}","[{""subject"": ""unsafe_decision"", ""relation"": ""LEADS_TO"", ""object"": ""unsafe_skill"", ""evidence"": ""Normal inhibition of alerts and warnings from the flight warning computer prevented notification to the flight crew until the airplane had climbed out of 1,500 above ground level, The captain, who was the pilot flying, transferred airplane control to the first officer and began to accomplish the abnormal procedures that were displayed on the electronic centralized aircraft monitor.""}]",success
20230125106632,[],{},[],parse_error
20130519X11737,"[{""text"": ""The FO stated that when he pulled the main gear release handle, the gear did not extend."", ""role"": ""First Officer"", ""tier"": ""unsafe_skill""}, {""text"": ""However, he had not read the notes at the bottom of the checklist, which discussed the use of a hydraulic pump handle and the high force that might be needed on the alternate gear extension handle."", ""role"": ""First Officer"", ""tier"": ""unsafe_skill""}, {""text"": ""The captain stated he left the cockpit to inspect the MLG from the cabin and observed that the gear doors were open but that the left MLG was not extended."", ""role"": ""Captain"", ""tier"": ""unsafe_decision""}, {""text"": ""After a second tower fly-by, the tower again confirmed that the left MLG was not down."", ""role"": ""Air Traffic Controller"", ""tier"": ""unsafe_violation""}]","{""unsafe_skill"": [""The FO stated that when he pulled the main gear release handle, the gear did not extend."", ""However, he had not read the notes at the bottom of the checklist, which discussed the use of a hydraulic pump handle and the high force that might be needed on the alternate gear extension handle.""], ""unsafe_decision"": [""The captain stated he left the cockpit to inspect the MLG from the cabin and observed that the gear doors were open but that the left MLG was not extended.""]}","[{""subject"": ""unsafe_skill"", ""relation"": ""LEADS_TO"", ""object"": ""unsafe_decision"", ""evidence"": ""However, he had not read the notes at the bottom of the checklist, which discussed the use of a hydraulic pump handle and the high force that might be needed on the alternate gear extension handle.""}, {""subject"": ""unsafe_skill"", ""relation"": ""LEADS_TO"", ""object"": ""unsafe_decision"", ""evidence"": ""The captain stated he left the cockpit to inspect the MLG from the cabin and observed that the gear doors were open but that the left MLG was not extended.""}]",success
20120409X05702,"[{""text"": ""The pull force required to extend the nose gear alternate release handle to a position where the nose gear released from the up and locked position was measured at approximately 72 lbs."", ""role"": ""Flight crew"", ""tier"": ""unsafe_skill""}]","{""unsafe_skill"": [""The pull force required to extend the nose gear alternate release handle to a position where the nose gear released from the up and locked position was measured at approximately 72 lbs.""]}","[{""subject"": ""unsafe_skill"", ""relation"": ""LEADS_TO"", ""object"": ""unsafe_decision"", ""evidence"": ""The pull force required to extend the nose gear alternate release handle to a position where the nose gear released from the up and locked position was measured at approximately 72 lbs.""}]",success
20220608105216,"[{""text"": ""The captain was the pilot flying and the first officer was the pilot monitoring."", ""role"": ""Pilot"", ""tier"": ""unsafe_skill""}, {""text"": ""The flight crew focused on their flightpath and decent rate for the runway they had already visually acquired, and the multiple visual cues that they were misaligned were not recognized."", ""role"": ""Pilot"", ""tier"": ""unsafe_decision""}]","{""unsafe_skill"": [""\""The flight crew focused on their flightpath and decent rate for the runway they had already visually acquired, and the multiple visual cues that they were misaligned were not recognized.\"" - Pilot""], ""unsafe_decision"": [""\""The flight crew focused on their flightpath and decent rate for the runway they had already visually acquired, and the multiple visual cues that they were misaligned were not recognized.\"" - Pilot""]}","[{""subject"": ""unsafe_skill"", ""relation"": ""LEADS_TO"", ""object"": ""unsafe_decision"", ""evidence"": ""The flight crew focused on their flightpath and decent rate for the runway they had already visually acquired, and the multiple visual cues that they were misaligned were not recognized.""}]",success
20130723X13256,"[{""text"": ""the captain set the flaps to 40 degrees as the airplane was descending through about 500 ft altitude, which was about 51 seconds from touchdown"", ""role"": ""Pilot - F"", ""tier"": ""unsafe_skill""}, {""text"": ""The first officer stated that after giving the captain control of the airplane, he scanned the altimeter and airspeed, but his visual focus was drawn outside the cockpit because of the rapidly approaching runway."", ""role"": ""Pilot - F"", ""tier"": ""unsafe_skill""}, {""text"": ""the captain's decision to take control of the airplane at 27 ft above the ground did not allow her adequate time to correct the airplane's deteriorating energy state and prevent the nose landing gear from striking the runway."", ""role"": ""Pilot - C"", ""tier"": ""unsafe_decision""}]","{""unsafe_skill"": [""the captain set the flaps to 40 degrees as the airplane was descending through about 500 ft altitude, which was about 51 seconds from touchdown; Pilot - F"", ""The first officer stated that after giving the captain control of the airplane, he scanned the altimeter and airspeed, but his visual focus was drawn outside the cockpit because of the rapidly approaching runway.; Pilot - F""], ""unsafe_decision"": [""the captain's decision to take control of the airplane at 27 ft above the ground did not allow her adequate time to correct the airplane's deteriorating energy state and prevent the nose landing gear from striking the runway; Pilot - C""]}","[{""subject"": ""unsafe_skill"", ""relation"": ""LEADS_TO"", ""object"": ""unsafe_decision"", ""evidence"": ""the captain's decision to take control of the airplane at 27 ft above the ground did not allow her adequate time to correct the airplane's deteriorating energy state and prevent the nose landing gear from striking the runway.""}, {""subject"": ""unsafe_skill"", ""relation"": ""CO_OCCURS_WITH"", ""object"": ""unsafe_perception"", ""evidence"": ""The first officer stated that after giving the captain control of the airplane, he scanned the altimeter and airspeed, but his visual focus was drawn outside the cockpit because of the rapidly approaching runway.""}]",success
20160708X61700,"[{""text"": ""Misheard the controller's warning for the typical position advisory given on an instrument approach, and it supported their idea that the correct landing runway was 6 miles away."", ""role"": ""ATC personnel"", ""tier"": ""unsafe_decision""}, {""text"": ""Both crewmembers had little to no experience flying into either RAP or RCA, however, they did not verify their position to the desired landing runway using either the automation, or by querying ATC; and switched off the autopilot and Flight Directors removing possible cues as to their position related to RAP."", ""role"": ""Flight crew"", ""tier"": ""unsafe_decision""}]","{""unsafe_decision"": [""Misheard the controller's warning for the typical position advisory given on an instrument approach, and it supported their idea that the correct landing runway was 6 miles away. (ATC personnel)"", ""Both crewmembers had little to no experience flying into either RAP or RCA, however, they did not verify their position to the desired landing runway using either the automation, or by querying ATC; and switched off the autopilot and Flight Directors removing possible cues as to their position related to RAP. (Flight crew)""]}","[{""subject"": ""unsafe_decision"", ""relation"": ""LEADS_TO"", ""object"": ""unsafe_perception"", ""evidence"": ""Both crewmembers had little to no experience flying into either RAP or RCA, however, they did not verify their position to the desired landing runway using either the automation, or by querying ATC; and switched off the autopilot and Flight Directors removing possible cues as to their position related to RAP.""}, {""subject"": ""unsafe_decision"", ""relation"": ""LEADS_TO"", ""object"": ""unsafe_skill"", ""evidence"": ""Both crewmembers had little to no experience flying into either RAP or RCA, however, they did not verify their position to the desired landing runway using either the automation, or by querying ATC; and switched off the autopilot and Flight Directors removing possible cues as to their position related to RAP.""}, {""subject"": ""unsafe_decision"", ""relation"": ""CO_OCCURS_WITH"", ""object"": ""unsafe_violation"", ""evidence"": ""Both crewmembers had little to no experience flying into either RAP or RCA, however, they did not verify their position to the desired landing runway using either the automation, or by querying ATC; and switched off the autopilot and Flight Directors removing possible cues as to their position related to RAP.""}]",success
20191111X02542,"[{""text"": ""The captain\u2019s use of maximum reverse thrust and braking appeared to be consistent with his training."", ""role"": ""Captain"", ""tier"": ""unsafe_skill""}, {""text"": ""The first officer stated that the airplane \u2018experienced an uncommanded swerve\u2019 to the left near taxiway N1, which was about one-third of the way down the runway from the approach end."", ""role"": ""First Officer"", ""tier"": ""unsafe_decision""}]","{""unsafe_skill"": [""The captain\u2019s use of maximum reverse thrust and braking appeared to be consistent with his training.""], ""unsafe_decision"": [""The first officer stated that the airplane \u2018experienced an uncommanded swerve\u2019 to the left near taxiway N1, which was about one-third of the way down the runway from the approach end.""]}","[{""subject"": ""unsafe_skill"", ""relation"": ""LEADS_TO"", ""object"": ""unsafe_decision"", ""evidence"": ""The captain\u2019s use of maximum reverse thrust and braking appeared to be consistent with his training.""}]",success
20140112X11328,"[{""text"": ""The approach controller cleared the flight direct to the final approach fix depicted on the RNAV approach to the runway of intended landing. While still about 20 miles from the destination airport, the approach controller advised the crew the airport was located at their 11 o'clock position and 15 miles although at the time, that position more closely approximated Downtown Airport."", ""role"": ""ATC personnel"", ""tier"": ""unsafe_violation""}]","{""unsafe_violation"": [""The approach controller cleared the flight direct to the final approach fix depicted on the RNAV approach to the runway of intended landing. While still about 20 miles from the destination airport, the approach controller advised the crew the airport was located at their 11 o'clock position and 15 miles although at the time, that position more closely approximated Downtown Airport.""]}","[{""subject"": ""unsafe_violation"", ""relation"": ""LEADS_TO"", ""object"": ""unsafe_decision"", ""evidence"": ""The approach controller cleared the flight direct to the final approach fix depicted on the RNAV approach to the runway of intended landing. While still about 20 miles from the destination airport, the approach controller advised the crew the airport was located at their 11 o'clock position and 15 miles although at the time, that position more closely approximated Downtown Airport.""}]",success
20100121X82958,"[{""text"": ""The flight crewmembers' unprofessional behavior, including their nonadherence to sterile cockpit procedures by engaging in nonpertinent conversation"", ""role"": ""Flight crew"", ""tier"": ""unsafe_decision""}, {""text"": ""the captain\u2019s decision to reconfigure the flaps during the takeoff roll instead of rejecting the takeoff when he first identified the misconfiguration"", ""role"": ""Captain"", ""tier"": ""unsafe_decision""}]","{""unsafe_decision"": [""The flight crewmembers' unprofessional behavior, including their nonadherence to sterile cockpit procedures by engaging in nonpertinent conversation"", ""the captain\u2019s decision to reconfigure the flaps during the takeoff roll instead of rejecting the takeoff when he first identified the misconfiguration""]}","[{""subject"": ""unsafe_decision"", ""relation"": ""LEADS_TO"", ""object"": ""unsafe_skill"", ""evidence"": ""the captain's decision to reconfigure the flaps during the takeoff roll instead of rejecting the takeoff when he first identified the misconfiguration, which resulted in the rejected takeoff beginning when the airplane was about 13 knots above the takeoff decision speed and the subsequent runway overrun""}]",success
20150314X74553,"[{""text"": ""Omitted Checklist Step"", ""role"": ""First Officer"", ""tier"": ""unsafe_skill""}]","{""unsafe_skill"": [""Omitted Checklist Step - First Officer""]}","[{""subject"": ""unsafe_skill"", ""relation"": ""LEADS_TO"", ""object"": ""unsafe_decision"", ""evidence"": ""The first officer, as pilot monitoring, began performing the GEAR DISAGREE checklist, however, he misstated several items in the checklist and did not perform the last item that directed him to perform another checklist.""}]",success
20080808X01189,"[{""text"": ""The slide cover had not been secured to the floor fittings on the walkway before the flight."", ""role"": ""Maintenance crew"", ""tier"": ""unsafe_skill""}]","{""unsafe_skill"": [""The slide cover had not been secured to the floor fittings on the walkway before the flight.""]}","[{""subject"": ""unsafe_skill"", ""relation"": ""LEADS_TO"", ""object"": ""unsafe_decision"", ""evidence"": ""The slide cover had not been secured to the floor fittings on the walkway before the flight.""}]",success
20230224106779,"[{""text"": ""The LC instructed ASH5826 to continue its approach to land on the same runway."", ""role"": ""ATC personnel"", ""tier"": ""unsafe_decision""}, {""text"": ""The LC did not issue a traffic advisory or safety alert, as required, to either of the flight crews immediately after ASH5826 reported going around, or during the following minutes when both airplanes were in an unsafe proximity to each other."", ""role"": ""ATC personnel"", ""tier"": ""unsafe_decision""}]","{""unsafe_decision"": [""\""The LC did not issue a traffic advisory or safety alert, as required, to either of the flight crews immediately after ASH5826 reported going around, or during the following minutes when both airplanes were in an unsafe proximity to each other.\"" (ATC personnel)""], ""unsafe_skill"": [""\""The LC\u2019s communications with the Cirrus may have been a distraction that delayed the takeoff clearance for SKW5326, which would have reduced separation between the two airplanes. Further, the focus on the Cirrus may have prevented the LC from performing an adequate scan of the runway and airport environment to determine the positions of SKW5326 and ASH5826 before issuing a takeoff and landing clearance, respectively.\"" (ATC personnel)""]}","[{""subject"": ""unsafe_decision"", ""relation"": ""LEADS_TO"", ""object"": ""unsafe_violation"", ""evidence"": ""The LC did not issue a traffic advisory or safety alert, as required, to either of the flight crews immediately after ASH5826 reported going around, or during the following minutes when both airplanes were in an unsafe proximity to each other.""}]",success
20080118X00073,"[{""text"": ""The tug operator reported that he was continuously monitoring ground frequency and did not hear any references to Tug 80."", ""role"": ""Ground crew"", ""tier"": ""Unsafe_skill""}, {""text"": ""The captain of the Bombardier Inc. CL-600-2C10 reported that due to the angle the airplane was positioned, he could see the other aircraft pushing back and asked the first officer to verify the clearance with the Boeing 757."", ""role"": ""Pilot"", ""tier"": ""Unsafe_skill""}]",{},"[{""subject"": ""unsafe_skill"", ""relation"": ""CO_OCCURS_WITH"", ""object"": ""unsafe_decision"", ""evidence"": ""The company's pushback operation without the use of wing/tail walkers.""}, {""subject"": ""unsafe_skill"", ""relation"": ""LEADS_TO"", ""object"": ""unsafe_violation"", ""evidence"": ""The tug operator reported that he was continuously monitoring ground frequency and did not hear any references to Tug 80.""}]",success
20190411X53531,"[{""text"": ""Exceeded Ability"", ""role"": ""Pilot"", ""tier"": ""unsafe_decision""}]","{""unsafe_decision"": [""Exceeded Ability - The captain's left rudder pedal input was excessive and not necessary for the crosswind that was present during the takeoff.""]}","[{""subject"": ""unsafe_decision"", ""relation"": ""LEADS_TO"", ""object"": ""operator_physical"", ""evidence"": ""The captain's excessive left rudder pedal input during the takeoff ground roll, which caused a large heading deviation and a left roll upon rotation that resulted in the left wingtip striking the ground.""}]",success
20090611X13753,"[{""text"": ""The left main landing gear continued to indicate unsafe, and the captain landed the airplane."", ""role"": ""Captain"", ""tier"": ""unsafe_decision""}]","{""unsafe_decision"": [""The left main landing gear continued to indicate unsafe, and the captain landed the airplane.""]}","[{""subject"": ""unsafe_decision"", ""relation"": ""LEADS_TO"", ""object"": ""unsafe_skill"", ""evidence"": ""The left main landing gear continued to indicate unsafe, and the captain landed the airplane.""}]",success
20060808X01115,"[{""text"": ""stray nickel plating likely was introduced in the air filler valve hole"", ""role"": ""Maintenance"", ""tier"": ""unsafe_violation""}]","{""operator_mental"": [""Complacency - Flight crew"", ""Loss of Situational Awareness - Flight crew""], ""operator_physical"": [""Physical Fatigue - Flight crew""], ""situational_tech"": [""Equipment Design - Left main landing gear (air filler valve bore design)""], ""personnel_crm"": [""Failed to Communicate - Maintenance personnel"", ""Failed to Coordinate - Maintenance personnel""], ""personnel_readiness"": [""Crew Rest Violation - Flight crew""], ""unsafe_violation"": [""stray nickel plating likely was introduced in the air filler valve hole""]}","[{""subject"": ""unsafe_violation"", ""relation"": ""LEADS_TO"", ""object"": ""unsafe_perception"", ""evidence"": ""The presence of stray nickel plating in the air filler valve hole likely led to an incorrect perception of the landing gear's condition.""}, {""subject"": ""unsafe_violation"", ""relation"": ""LEADS_TO"", ""object"": ""unsafe_skill"", ""evidence"": ""The violation of maintenance procedures for nickel plating in the air filler valve hole may have compromised the skill level required to properly inspect and maintain the landing gear.""}, {""subject"": ""unsafe_violation"", ""relation"": ""LEADS_TO"", ""object"": ""unsafe_decision"", ""evidence"": ""The violation of maintenance procedures for nickel plating in the air filler valve hole may have led to an unsafe decision regarding the condition and readiness of the landing gear.""}]",success
20070131X00119,"[{""text"": ""the operator did not detect this damage while conducting the inspections prescribed through required airworthiness directives because the inspection procedures required were not detailed enough to detect the arc-out damage and the maintenance personnel did not receive appropriate training"", ""role"": ""Maintenance"", ""tier"": ""unsafe_decision""}]","{""unsafe_decision"": [""the operator did not detect this damage while conducting the inspections prescribed through required airworthiness directives because the inspection procedures required were not detailed enough to detect the arc-out damage and the maintenance personnel did not receive appropriate training""]}","[{""subject"": ""unsafe_decision"", ""relation"": ""CO_OCCURS_WITH"", ""object"": ""personnel_readiness"", ""evidence"": ""The maintenance personnel did not receive appropriate training, indicating a lack of readiness.""}, {""subject"": ""unsafe_skill"", ""relation"": ""LEADS_TO"", ""object"": ""unsafe_decision"", ""evidence"": ""Due to the inadequate inspection procedures and lack of training, the maintenance personnel were unable to detect arc-out damage during inspections.""}]",success
20071217X01939,"[{""text"": ""The FO misunderstood a statement by the captain and reduced power to idle without the captain\u2019s knowledge."", ""role"": ""First Officer"", ""tier"": ""unsafe_decision""}]","{""unsafe_decision"": [""The FO misunderstood a statement by the captain and reduced power to idle without the captain\u2019s knowledge.""]}","[{""subject"": ""unsafe_decision"", ""relation"": ""LEADS_TO"", ""object"": ""unsafe_skill"", ""evidence"": ""The FO misunderstood a statement by the captain and reduced power to idle without the captain\u2019s knowledge.""}]",success
20060504X00511,"[{""text"": ""The captain was the flying pilot."", ""role"": ""pilot"", ""tier"": ""unsafe_skill""}]","{""unsafe_skill"": [""Breakdown in Visual Scan""]}",[],success
20030409X00464,"[{""text"": ""kill that light out of my face."", ""role"": ""Captain"", ""tier"": ""unsafe_skill""}, {""text"": ""we don't have any idea if the gear's down, do we?"", ""role"": ""Co-pilot"", ""tier"": ""unsafe_decision""}]","{""unsafe_skill"": [""kill that light out of my face. (Captain)""], ""unsafe_decision"": [""we don't have any idea if the gear's down, do we? (Co-pilot)""]}","[{""subject"": ""unsafe_skill"", ""relation"": ""LEADS_TO"", ""object"": ""unsafe_decision"", ""evidence"": ""we don't have any idea if the gear's down, do we?""}]",success
20010319X00608,"[{""text"": ""the captain did not notice the improper trim setting during the cross check which was part of the taxi checklist"", ""role"": ""Captain"", ""tier"": ""Failed to Prioritize Attention""}, {""text"": ""the first officer stated he set the trim while on the taxiway. The captain then cross checks the trim setting as part of the taxi checklist."", ""role"": ""First Officer"", ""tier"": ""Omitted Checklist Step - First Officer""}]","{""unsafe_skill"": [""the first officer stated he set the trim while on the taxiway. The captain then cross checks the trim setting as part of the taxi checklist.""]}","[{""subject"": ""unsafe_decision"", ""relation"": ""LEADS_TO"", ""object"": ""operator_physical"", ""evidence"": ""The captain's decision to abort the takeoff after noticing the airplane was going to stall led to the physical actions of deploying thrust reversers and applying brakes.""}, {""subject"": ""unsafe_skill"", ""relation"": ""LEADS_TO"", ""object"": ""operator_physical"", ""evidence"": ""The pilot's skill in handling the takeoff roll, including the pitch control inputs, led to the physical actions during the aborted takeoff and subsequent ground rollout.""}, {""subject"": ""unsafe_violation"", ""relation"": ""LEADS_TO"", ""object"": ""operator_physical"", ""evidence"": ""The violation of setting the stabilizer trim incorrectly led to the physical failure of the emergency evacuation slide/raft on the 2L door.""}, {""subject"": ""unsafe_perception"", ""relation"": ""CO_OCCURS_WITH"", ""object"": ""operator_physical"", ""evidence"": ""The pilot's perception that the airplane was going to stall and the need for an emergency abort coincided with the physical actions of stopping the aircraft.""}, {""subject"": ""unsafe_violation"", ""relation"": ""CO_OCCURS_WITH"", ""object"": ""operator_physical"", ""evidence"": ""The violation in setting the stabilizer trim and the subsequent failure of the emergency evacuation slide/raft occurred simultaneously with the physical actions during the aborted takeoff.""}]",success
20050617X00804,"[{""text"": ""The pilots noted a 'gear disagree' warning message displayed on the Engine Indicating and Crew Alerting System (EICAS) that showed the main landing gear were down and locked, and the nose gear was not fully extended."", ""role"": ""Pilot"", ""tier"": ""Omitted Checklist Step""}]","{""operator_mental"": [""Loss of Situational Awareness (pilots)""], ""operator_physical"": [""Physical Fatigue (crew)""], ""situational_tech"": [""Equipment Design (landing gear system)""], ""unsafe_skill"": [""Omitted Checklist Step - First Officer""]}","[{""subject"": ""unsafe_decision"", ""relation"": ""LEADS_TO"", ""object"": ""operator_physical"", ""evidence"": ""The pilots decided to land at an alternate airport and troubleshoot the gear indication, leading to physical damage of the airplane during landing.""}, {""subject"": ""unsafe_skill"", ""relation"": ""CO_OCCURS_WITH"", ""object"": ""operator_limits"", ""evidence"": ""The pilots followed the Quick Reference Handbook (QRH) but were unable to extend the nose gear, indicating a limitation in their skills or knowledge.""}, {""subject"": ""unsafe_violation"", ""relation"": ""CO_OCCURS_WITH"", ""object"": ""operator_physical"", ""evidence"": ""The failure of the nose landing gear to fully extend led to physical damage during the landing attempt.""}]",success
20020913X01603,"[{""text"": ""The captain moved both thrust levers into the reverse position and the airplane began yawing right."", ""role"": ""Captain"", ""tier"": ""unsafe_skill""}, {""text"": ""In an effort at maintaining directional control, the captain then moved the #1 thrust lever out of reverse and inadvertently moved it to the Take-Off/Go-Around (TOGA) position, while leaving the #2 thrust lever in the full reverse position."", ""role"": ""Captain"", ""tier"": ""unsafe_skill""}, {""text"": ""The captain did not brief the first officer regarding the thrust reverser's MEL'd status, nor was he specifically required to do so by the company operations manual."", ""role"": ""Captain"", ""tier"": ""unsafe_decision""}]","{""operator_mental"": [""Loss of Situational Awareness (Captain)"", ""Complacency (Captain)""], ""personnel_crm"": [""Failed to Communicate (Captain and First Officer)"", ""Failed to Coordinate (Captain and First Officer)""], ""personnel_readiness"": [""Crew Rest Violation (Captain)""], ""unsafe_skill"": [""The captain moved both thrust levers into the reverse position and the airplane began yawing right."", ""In an effort at maintaining directional control, the captain then moved the #1 thrust lever out of reverse and inadvertently moved it to the Take-Off/GoAround (TOGA) position, while leaving the #2 thrust lever in the full reverse position.""], ""unsafe_decision"": [""The captain did not brief the first officer regarding the thrust reverser's MEL'd status, nor was he specifically required to do so by the company operations manual.""]}","[{""subject"": ""unsafe_skill"", ""relation"": ""LEADS_TO"", ""object"": ""unsafe_decision"", ""evidence"": """"}, {""subject"": ""unsafe_decision"", ""relation"": ""CO_OCCURS_WITH"", ""object"": ""unsafe_skill"", ""evidence"": """"}]",success
20021209X05575,"[{""text"": ""The flight release projected a fuel burn of 3,661 pounds for the trip, and an elapsed time of 1 hour 11 minutes. The actual time en route was 1 hours 15 minutes."", ""role"": ""Dispatcher"", ""tier"": ""Unsafe_Violation""}, {""text"": ""The flight release contained a lot of weather information. Further it was necessary to review a lot of non-pertinent data to arrive at the pertinent data."", ""role"": ""Pilot"", ""tier"": ""Unsafe_Skill""}]","{""unsafe_violation"": [""\""The flight release projected a fuel burn of 3,661 pounds for the trip, and an elapsed time of 1 hour 11 minutes. The actual time en route was 1 hours 15 minutes.\"" - Dispatcher""], ""unsafe_skill"": [""\""The flight release contained a lot of weather information. Further it was necessary to review a lot of non-pertinent data to arrive at the pertinent data.\"" - Pilot""]}","[{""subject"": ""unsafe_skill"", ""relation"": ""CO_OCCURS_WITH"", ""object"": ""operator_limits"", ""evidence"": ""The flight release contained a lot of weather information. Further it was necessary to review a lot of non-pertinent data to arrive at the pertinent data.""}]",success
20020115X00074,"[{""text"": ""The first officer reported the airplane was now in about a 45-degree right bank."", ""role"": ""First Officer"", ""tier"": ""unsafe_skill""}, {""text"": ""The captain appeared to regain control of the airplane about 8,200 feet MSL. At this point, the captain still had both hands on the control wheel with significant left aileron input."", ""role"": ""Captain"", ""tier"": ""unsafe_skill""}]","{""unsafe_skill"": [""The first officer reported the airplane was now in about a 45-degree right bank. (First Officer)"", ""The captain appeared to regain control of the airplane about 8,200 feet MSL. At this point, the captain still had both hands on the control wheel with significant left aileron input. (Captain)""]}","[{""subject"": ""unsafe_skill"", ""relation"": ""LEADS_TO"", ""object"": ""unsafe_decision"", ""evidence"": ""The first officer reported the airplane was now in about a 45-degree right bank.""}, {""subject"": ""unsafe_skill"", ""relation"": ""CO_OCCURS_WITH"", ""object"": ""unsafe_skill"", ""evidence"": ""The captain appeared to regain control of the airplane about 8,200 feet MSL. At this point, the captain still had both hands on the control wheel with significant left aileron input.""}]",success
20001212X20624,"[{""text"": ""the captain was the flying pilot for the night landing on runway 01 in instrument meteorological conditions (IMC), with a right cross wind from 110 degrees at 14 gusting 18 knots, drizzle, and a wet runway."", ""role"": ""Captain"", ""tier"": ""unsafe_decision""}, {""text"": ""the captain touched down long, which combined with his delayed braking resulted in a runway overrun."", ""role"": ""Captain"", ""tier"": ""unsafe_skill""}]","{""operator_mental"": [""Loss of Situational Awareness (Captain)""], ""operator_physical"": [""Physical Fatigue (Captain)""], ""situational_tech"": [""Incompatible Intelligence/Aptitude (Captain and First Officer)""], ""personnel_crm"": [""Failed to Communicate (First Officer)""], ""personnel_readiness"": [""Crew Rest Violation (Captain)""], ""unsafe_decision"": [""Improper Procedure: the captain touched down long, which combined with his delayed braking resulted in a runway overrun.""], ""unsafe_skill"": [""Poor Technique: the captain touched down long, which combined with his delayed braking resulted in a runway overrun.""]}","[{""subject"": ""unsafe_decision"", ""relation"": ""LEADS_TO"", ""object"": ""unsafe_skill"", ""evidence"": ""the captain touched down long, which combined with his delayed braking resulted in a runway overrun.""}]",success
20040830X01323,"[{""text"": ""the relief controller believed AAR204 was landing runway 24R, and therefore, was unaware of the conflict"", ""role"": ""LC2 relief controller"", ""tier"": ""unsafe_decision""}, {""text"": ""The LC2 controller addressed all major areas on the LAX position relief checklist, and conveyed information accurately during the position relief briefing. About 30 seconds after the LC2 controller completed the briefing, he remembered additional information about helicopter operations and began relating that to the relief controller; however, this conversation was interrupted by another radio transmission"", ""role"": ""LC2 controller"", ""tier"": ""unsafe_skill""}]","{""unsafe_decision"": [""the relief controller believed AAR204 was landing runway 24R, and therefore, was unaware of the conflict""], ""unsafe_skill"": [""The LC2 controller addressed all major areas on the LAX position relief checklist, and conveyed information accurately during the position relief briefing. About 30 seconds after the LC2 controller completed the briefing, he remembered additional information about helicopter operations and began relating that to the relief controller; however, this conversation was interrupted by another radio transmission""]}","[{""subject"": ""unsafe_decision"", ""relation"": ""LEADS_TO"", ""object"": ""unsafe_skill"", ""evidence"": ""The relief controller's incorrect decision about the runway led to a lack of appropriate monitoring and recognition of the conflict.""}, {""subject"": ""personnel_readiness"", ""relation"": ""CO_OCCURS_WITH"", ""object"": ""unsafe_decision"", ""evidence"": ""The relief controller's acute sleep loss resulted in a slight decrease in cognitive performance, contributing to his incorrect decision about the runway.""}]",success
20020328X00415,"[{""text"": ""The captain of the MD-82 reported that prior to pushback from the gate, he was advised by the ATCT ground controller to 'remain clear of taxiway Kilo during pushback from the gate.' The captain informed the tug driver of the ground controller's instructions, and the tug driver acknowledged receipt of the instructions."", ""role"": ""Ground-Marshaling Attendant"", ""tier"": ""unsafe_violation""}, {""text"": ""The captain reported that he did not see a stop or emergency signal from any of the ground-marshaling attendants, so he elected to proceed. Subsequently, the right winglet of the taxiing MD-11 collided with the upper portion of the MD-82's rudder assembly."", ""role"": ""MD-11 Captain"", ""tier"": ""unsafe_decision""}]","{""unsafe_violation"": [""'remain clear of taxiway Kilo during pushback from the gate.' (Ground-Marshaling Attendant)""], ""unsafe_decision"": [""did not see a stop or emergency signal from any of the ground-marshaling attendants, so he elected to proceed. (MD-11 Captain)""]}","[{""subject"": ""unsafe_violation"", ""relation"": ""LEADS_TO"", ""object"": ""unsafe_decision"", ""evidence"": ""The captain reported that he did not see a stop or emergency signal from any of the ground-marshaling attendants, so he elected to proceed.""}]",success
20030220X00241,"[{""text"": ""The captain did not brief the first officer concerning procedures for landing on a contaminated runway."", ""role"": ""Captain"", ""tier"": ""Unsafe Decision""}, {""text"": ""Neither the captain nor the first officer checked the reported winds against the Wind Component Conversion Chart to determine whether the headwind/tailwind and crosswind components were within limits."", ""role"": ""Pilots (Captain and First Officer)"", ""tier"": ""Unsafe Skill""}]","{""operator_mental"": [""Loss of Situational Awareness (Captain and FO)"", ""Complacency (Captain and FO)""], ""operator_physical"": [""Physical Fatigue (Captain and FO on a long duty day)""], ""operator_limits"": [""Insufficient Reaction Time (Captain and FO)""], ""personnel_crm"": [""Failed to Communicate (Captain did not brief missed approach procedures)"", ""Failed to Back-up (FO did not question Captain's decision or briefing)""], ""situational_tech"": [""Equipment Design (Wind Component Conversion Chart not used effectively by pilots)""], ""unsafe_decision"": [""The captain did not brief the first officer concerning procedures for landing on a contaminated runway.""], ""unsafe_skill"": [""Neither the captain nor the first officer checked the reported winds against the Wind Component Conversion Chart to determine whether the headwind/tailwind and crosswind components were within limits.""]}","[{""subject"": ""unsafe_skill"", ""relation"": ""CO_OCCURS_WITH"", ""object"": ""unsafe_decision"", ""evidence"": ""Neither the captain nor the first officer checked the reported winds against the Wind Component Conversion Chart to determine whether the headwind/tailwind and crosswind components were within limits, leading to an improper decision to land.""}, {""subject"": ""unsafe_decision"", ""relation"": ""LEADS_TO"", ""object"": ""unsafe_violation"", ""evidence"": ""The captain did not brief the first officer concerning procedures for landing on a contaminated runway, which led to the improper touchdown point and the airplane landing long.""}]",success
20051213X01965,"[{""text"": ""The flightcrew elected to continue to the scheduled destination and declared an emergency while on approach to the destination airport."", ""role"": ""Flight crew"", ""tier"": ""unsafe_decision""}, {""text"": ""Upon arrival at the gate with the left engine shut down and no hydraulic pressure from the left system and a failure of the right hydraulic system, the airplane experienced a loss of steering and a loss of brakes."", ""role"": ""Flight crew"", ""tier"": ""unsafe_decision""}, {""text"": ""The captain stated he did not remember shutting the left engine down, and that if he had, it would have been after clearing all runways."", ""role"": ""Captain"", ""tier"": ""unsafe_skill""}, {""text"": ""The first officer stated that he was unaware that the left engine was shut down."", ""role"": ""First Officer"", ""tier"": ""unsafe_skill""}]","{""operator_mental"": [""Loss of Situational Awareness (Captain)"", ""Complacency (Captain and First Officer)""], ""operator_physical"": [""Physical Fatigue (Captain and First Officer)""], ""personnel_crm"": [""Failed to Communicate (Captain and First Officer)""], ""personnel_readiness"": [""Crew Rest Violation (Captain and First Officer)""], ""unsafe_decision"": [""'The flightcrew elected to continue to the scheduled destination and declared an emergency while on approach to the destination airport.' (Flight crew)"", ""'Upon arrival at the gate with the left engine shut down and no hydraulic pressure from the left system and a failure of the right hydraulic system, the airplane experienced a loss of steering and a loss of brakes.' (Flight crew)""], ""unsafe_skill"": [""'The captain stated he did not remember shutting the left engine down, and that if he had, it would have been after clearing all runways.' (Captain)"", ""'The first officer stated that he was unaware that the left engine was shut down.' (First Officer)""]}","[{""subject"": ""unsafe_decision"", ""relation"": ""LEADS_TO"", ""object"": ""unsafe_skill"", ""evidence"": ""The flightcrew elected to continue to the scheduled destination and declared an emergency while on approach to the destination airport, leading to a situation where the captain and first officer had to make decisions about engine shutdown and hydraulic system failures.""}, {""subject"": ""unsafe_skill"", ""relation"": ""CO_OCCURS_WITH"", ""object"": ""unsafe_decision"", ""evidence"": ""The captain stated he did not remember shutting the left engine down, and that if he had, it would have been after clearing all runways. The first officer was unaware of the left engine being shut down.""}]",success
20050323X00356,"[{""text"": ""Avoid any tendency to rapidly rotate to a 10 degree pitch attitude and hold it until lift-off. This technique invites a tail strike."", ""role"": ""Captain"", ""tier"": ""unsafe_decision""}]","{""unsafe_decision"": [""Avoid any tendency to rapidly rotate to a 10 degree pitch attitude and hold it until lift-off. This technique invites a tail strike.""]}","[{""subject"": ""unsafe_decision"", ""relation"": ""LEADS_TO"", ""object"": ""operator_physical"", ""evidence"": ""The captain's failure to follow company procedures, which resulted in a tail strike.""}]",success
20040315X00323,"[{""text"": ""The Captain stated that during the test she observed brake pressures of 2,100 psi on the left and 2,500 psi on the right. She was use to observing 2,500 psi on both during this test."", ""role"": ""Captain"", ""tier"": ""unsafe_skill""}, {""text"": ""The Captain inadvertently set the parking brake during flight resulting in the airplane being landed with the parking brake set and failure of all 8 main landing gear tires during the landing rollout."", ""role"": ""Captain"", ""tier"": ""unsafe_decision""}]","{""operator_mental"": [""Complacency (Captain and First Officer)""], ""operator_physical"": [""Fatigue (Captain and First Officer on a long duty day)""], ""situational_tech"": [""Incompatible Intelligence/Aptitude (Braking and Steering Control Unit (BSCU) fault codes triggering during flight)""], ""personnel_crm"": [""Failed to Communicate (No mention of communication failure, but this could be inferred as a potential issue given the complexity of the situation)""], ""unsafe_skill"": [""The Captain stated that during the test she observed brake pressures of 2,100 psi on the left and 2,500 psi on the right. She was use to observing 2,500 psi on both during this test.""], ""unsafe_decision"": [""The Captain inadvertently set the parking brake during flight resulting in the airplane being landed with the parking brake set and failure of all 8 main landing gear tires during the landing rollout.""]}","[{""subject"": ""unsafe_skill"", ""relation"": ""LEADS_TO"", ""object"": ""unsafe_decision"", ""evidence"": ""The Captain observed different brake pressures during the test, which led to an incorrect decision to set the parking brake.""}]",success
20050317X00323,"[{""text"": ""Land at the nearest suitable airport due to the #1 Hydraulic Pressure Caution Light."", ""role"": ""Captain"", ""tier"": ""unsafe_decision""}]","{""unsafe_decision"": [""'Land at the nearest suitable airport due to the #1 Hydraulic Pressure Caution Light.' - Captain""]}","[{""subject"": ""unsafe_decision"", ""relation"": ""LEADS_TO"", ""object"": ""operator_physical"", ""evidence"": ""the captain's failure to adequately compensate for the crosswind conditions, and his failure to maintain directional control during landing.""}, {""subject"": ""unsafe_decision"", ""relation"": ""CO_OCCURS_WITH"", ""object"": ""personnel_crm"", ""evidence"": ""the captain communicated to Pinnacle Airline's MOC using ACARS but did not inform flight dispatch about the in-flight caution message""}, {""subject"": ""operator_physical"", ""relation"": ""CO_OCCURS_WITH"", ""object"": ""situational_tech"", ""evidence"": ""The NTSB Aircraft Performance Study indicated that the airplane approached runway 1L crossing the threshold at about 2302:16 at a recorded radio altitude of about 50 feet above ground level, with an indicated airspeed of 139 knots (about 136 knots ground speed) and a pitch angle of about 4 degrees nose down.""}, {""subject"": ""situational_tech"", ""relation"": ""LEADS_TO"", ""object"": ""unsafe_decision"", ""evidence"": ""The post accident inspection of the airplane revealed no preexisting anomalies, other than the loss of the No. 1 Hydraulic system which resulted in the loss of ground spoilers.""}]",success
20050523X00653,"[{""text"": ""The flight crew initially applied uncoordinated control inputs, in the process reaching nearly 100 pounds of differential force on the pitch control column"", ""role"": ""pilot"", ""tier"": ""unsafe_skill""}, {""text"": ""the flight crew disengaged the autopilot and pushed the pitch control column forward, and the airplane entered a descent"", ""role"": ""pilot"", ""tier"": ""unsafe_decision""}, {""text"": ""During this period, airplane's pitch continued to oscillate through 5 cycles, for duration of 8 minutes, reaching altitudes as low as 10,600 feet and as high as 23,300 feet"", ""role"": ""pilot"", ""tier"": ""unsafe_skill""}, {""text"": ""the flight crew's actions during the event were in part contradictory with operator's training and operational procedures"", ""role"": ""pilot"", ""tier"": ""unsafe_decision""}]","{""unsafe_skill"": [""The flight crew initially applied uncoordinated control inputs, in the process reaching nearly 100 pounds of differential force on the pitch control column"", ""During this period, airplane's pitch continued to oscillate through 5 cycles, for duration of 8 minutes, reaching altitudes as low as 10,600 feet and as high as 23,300 feet""], ""unsafe_decision"": [""the flight crew disengaged the autopilot and pushed the pitch control column forward, and the airplane entered a descent"", ""the flight crew's actions during the event were in part contradictory with operator's training and operational procedures""]}","[{""subject"": ""unsafe_skill"", ""relation"": ""LEADS_TO"", ""object"": ""unsafe_decision"", ""evidence"": ""The flight crew initially applied uncoordinated control inputs, in the process reaching nearly 100 pounds of differential force on the pitch control column""}, {""subject"": ""unsafe_skill"", ""relation"": ""LEADS_TO"", ""object"": ""unsafe_decision"", ""evidence"": ""During this period, airplane's pitch continued to oscillate through 5 cycles, for duration of 8 minutes, reaching altitudes as low as 10,600 feet and as high as 23,300 feet""}, {""subject"": ""unsafe_decision"", ""relation"": ""CO_OCCURS_WITH"", ""object"": ""unsafe_skill"", ""evidence"": ""the flight crew's actions during the event were in part contradictory with operator's training and operational procedures""}]",success
20230821192903,"[{""text"": ""Excessive grinding of the left main landing gear's aft trunnion pin during machining, which imparted heat damage to the base metal and led to the fatigue cracking that caused the pin to fracture during landing."", ""role"": ""Maintenance personnel"", ""tier"": ""unsafe_violation""}]","{""unsafe_violation"": [""Excessive grinding of the left main landing gear's aft trunnion pin during machining, which imparted heat damage to the base metal and led to the fatigue cracking that caused the pin to fracture during landing.""]}","[{""subject"": ""unsafe_violation"", ""relation"": ""LEADS_TO"", ""object"": ""unsafe_decision"", ""evidence"": ""Maintenance personnel's excessive grinding of the left main landing gear's aft trunnion pin during machining, which imparted heat damage to the base metal and led to the fatigue cracking that caused the pin to fracture during landing.""}]",success
20241121195527,"[{""text"": ""The flight crew declared an emergency to air traffic control and asked ARFF to roll the trucks in preparation for the airplane\u2019s return to MSY."", ""role"": ""ATC"", ""tier"": ""unsafe_skill""}]","{""unsafe_skill"": [""Declared an emergency to ATC""]}","[{""subject"": ""unsafe_skill"", ""relation"": ""LEADS_TO"", ""object"": ""unsafe_decision"", ""evidence"": ""The flight crew declared an emergency to air traffic control and asked ARFF to roll the trucks in preparation for the airplane\u2019s return to MSY.""}]",success
20141006X73012,"[{""text"": ""the A340 captain believed that there was enough clearance and continued on taxiway A striking the tail of the EMB-145 with the left wing of the A340"", ""role"": ""Pilot - C"", ""tier"": ""unsafe_decision""}]","{""unsafe_decision"": [""the A340 captain believed that there was enough clearance and continued on taxiway A striking the tail of the EMB-145 with the left wing of the A340""]}","[{""subject"": ""unsafe_decision"", ""relation"": ""LEADS_TO"", ""object"": ""unsafe_violation"", ""evidence"": ""the A340 captain believed that there was enough clearance and continued on taxiway A striking the tail of the EMB-145 with the left wing of the A340""}]",success
20050921X01501,"[{""text"": ""the captain and first officer stopped responding to air traffic control"", ""role"": ""pilot"", ""tier"": ""unsafe_skill""}]","{""unsafe_skill"": [""the captain and first officer stopped responding to air traffic control (pilot)""]}","[{""subject"": ""unsafe_skill"", ""relation"": ""LEADS_TO"", ""object"": ""unsafe_decision"", ""evidence"": ""the captain and first officer stopped responding to air traffic control""}]",success
20060908X01318,"[{""text"": ""trimming in the flare may contribute to a tail strike"", ""role"": ""First Officer"", ""tier"": ""unsafe_skill""}]","{""unsafe_skill"": [""trimming in the flare may contribute to a tail strike (First Officer)""]}","[{""subject"": ""unsafe_skill"", ""relation"": ""CO_OCCURS_WITH"", ""object"": ""unsafe_decision"", ""evidence"": ""trimming in the flare may contribute to a tail strike. Contributing to the accident was the flight crew's failure to correct the airplane's drift from the centerline approach course during short final approach, leading to the prolonged flare, and their improper decision to perform a practice autoland approach using a restricted procedure.""}]",success
20010112X00292,"[{""text"": ""I got a red beta light. It's policy not to use reverse when you get the red light."", ""role"": ""Captain"", ""tier"": ""unsafe_decision""}, {""text"": ""We were hard on the brakes, but the brakes just didn't seem to be slowing us down."", ""role"": ""Captain"", ""tier"": ""unsafe_skill""}]","{""unsafe_decision"": [""'Improper Procedure' - Captain's decision to use reverse thrust despite a red beta light""], ""unsafe_skill"": [""'Poor Technique' - Captain's inability to slow the aircraft with brakes""]}","[{""subject"": ""unsafe_decision"", ""relation"": ""LEADS_TO"", ""object"": ""unsafe_skill"", ""evidence"": ""We were hard on the brakes, but the brakes just didn't seem to be slowing us down.""}]",success
20130312X23544,"[{""text"": ""Inadvertent adjustment to the electron beam (EB) current level during the manufacturing process as the probable cause"", ""role"": ""Manufacturer"", ""tier"": ""unsafe_violation""}]","{""unsafe_violation"": [""Inadvertent adjustment to the electron beam (EB) current level during the manufacturing process as the probable cause""]}","[{""subject"": ""unsafe_violation"", ""relation"": ""LEADS_TO"", ""object"": ""unsafe_decision"", ""evidence"": ""Inadvertent adjustment to the electron beam (EB) current level during the manufacturing process as the probable cause""}]",success
20081007X03940,"[{""text"": ""The first officer referenced the STANDBY BUS OFF procedure in the QRH, turning the Standby Power selector to the BAT position."", ""role"": ""Flight crew"", ""tier"": ""unsafe_skill""}, {""text"": ""The captain reported that he looked at the list of items on the page that may be inoperative with the standby bus unpowered."", ""role"": ""Flight crew"", ""tier"": ""unsafe_skill""}]","{""operator_mental"": [""Complacency - Flight crew"", ""Loss of Situational Awareness - Flight crew""], ""operator_physical"": [""Fatigue - Maintenance personnel""], ""operator_limits"": [""Insufficient Reaction Time - Flight crew""], ""situational_tech"": [""Equipment Design - Boeing Airplane Company"", ""Interface - Boeing Airplane Company""], ""personnel_crm"": [""Failed to Communicate - Maintenance personnel and flight crew""], ""personnel_readiness"": [""Crew Rest Violation - Flight crew""], ""unsafe_skill"": [""The first officer referenced the STANDBY BUS OFF procedure in the QRH, turning the Standby Power selector to the BAT position."", ""The captain reported that he looked at the list of items on the page that may be inoperative with the standby bus unpowered.""]}","[{""subject"": ""unsafe_skill"", ""relation"": ""CO_OCCURS_WITH"", ""object"": ""unsafe_decision"", ""evidence"": ""The first officer referenced the STANDBY BUS OFF procedure in the QRH, turning the Standby Power selector to the BAT position.""}, {""subject"": ""unsafe_skill"", ""relation"": ""LEADS_TO"", ""object"": ""unsafe_decision"", ""evidence"": ""The captain reported that he looked at the list of items on the page that may be inoperative with the standby bus unpowered.""}]",success
20171201X14308,"[{""text"": ""The first officer disconnected the autopilot and autothrottle as the airplane approached the decision altitude."", ""role"": ""Pilot"", ""tier"": ""unsafe_skill""}, {""text"": ""When the airplane was at an altitude of 300 ft agl, the first officer began correcting to the left to return to the center of the localizer course. The airplane crossed the localizer centerline and continued to drift to the left of course."", ""role"": ""Pilot"", ""tier"": ""unsafe_skill""}, {""text"": ""When the airplane was at an altitude of 200 ft agl, the first officer initiated a go-around after the captain\u2019s command. The airplane descended to about 50 ft above the western end of the taxiway before it began to climb."", ""role"": ""Pilot"", ""tier"": ""unsafe_decision""}]","{""unsafe_skill"": [""The first officer disconnected the autopilot and autothrottle as the airplane approached the decision altitude."", ""When the airplane was at an altitude of 300 ft agl, the first officer began correcting to the left to return to the center of the localizer course. The airplane crossed the localizer centerline and continued to drift to the left of course.""], ""unsafe_decision"": [""When the airplane was at an altitude of 200 ft agl, the first officer initiated a go-around after the captain\u2019s command. The airplane descended to about 50 ft above the western end of the taxiway before it began to climb.""]}",[],success
20010830X01825,"[{""text"": ""The first officer was the flying pilot."", ""role"": ""First Officer"", ""tier"": ""unsafe_skill""}, {""text"": ""The captain failed to execute a go-around and failed to provide adequate supervision."", ""role"": ""Captain"", ""tier"": ""unsafe_decision""}]","{""unsafe_skill"": [""\""The first officer reported that during the flare and landing, the runway appeared to absorb the light from the aircraft's landing lights and the runway was very black. Both pilots reported the touchdown to be normal except for the absence of the sensation of touchdown.\"" (First Officer)""], ""unsafe_decision"": [""\""The captain failed to execute a go-around and failed to provide adequate supervision.\"" (Captain)""]}","[{""subject"": ""unsafe_skill"", ""relation"": ""LEADS_TO"", ""object"": ""unsafe_decision"", ""evidence"": ""The first officer was the flying pilot. The captain failed to execute a go-around and failed to provide adequate supervision.""}]",success
20230628192485,"[{""text"": ""The unsafe condition was confirmed in the configuration page of the electronic instrument system (EIS)."", ""role"": ""Flight crew"", ""tier"": ""unsafe_perception""}, {""text"": ""A go-around was initiated to troubleshoot and complete the applicable checklists."", ""role"": ""Flight crew"", ""tier"": ""unsafe_decision""}]","{""unsafe_perception"": [""The unsafe condition was confirmed in the configuration page of the electronic instrument system (EIS).""], ""unsafe_decision"": [""A go-around was initiated to troubleshoot and complete the applicable checklists.""]}","[{""subject"": ""unsafe_perception"", ""relation"": ""LEADS_TO"", ""object"": ""unsafe_decision"", ""evidence"": ""The unsafe condition was confirmed in the configuration page of the electronic instrument system (EIS). A go-around was initiated to troubleshoot and complete the applicable checklists.""}]",success
20200826X34514,"[{""text"": ""The crew then declared an emergency, the captain became the pilot flying, and he flew another low approach\u2014this time at an altitude of about 200 to 300 ft above ground level and with airport operations personnel positioned along the runway to get a better view of the airplane."", ""role"": ""Captain"", ""tier"": ""unsafe_decision""}]","{""unsafe_decision"": [""Misdiagnosed Emergency - Captain""]}","[{""subject"": ""unsafe_decision"", ""relation"": ""LEADS_TO"", ""object"": ""unsafe_skill"", ""evidence"": ""The crew then declared an emergency, the captain became the pilot flying, and he flew another low approach\u2014this time at an altitude of about 200 to 300 ft above ground level and with airport operations personnel positioned along the runway to get a better view of the airplane.""}]",success
20050927X01540,"[{""text"": ""The fatigue failure of two anti-rotation lugs due to repeated cyclic pre-landing tests, which allowed the nosewheels to deviate from the 0-degree position on landing gear retraction."", ""role"": ""Maintenance"", ""tier"": ""unsafe_skill""}]","{""unsafe_skill"": [""The fatigue failure of two anti-rotation lugs due to repeated cyclic pre-landing tests, which allowed the nosewheels to deviate from the 0-degree position on landing gear retraction.""]}","[{""subject"": ""unsafe_skill"", ""relation"": ""CO_OCCURS_WITH"", ""object"": ""operator_limits"", ""evidence"": ""The fatigue failure of two anti-rotation lugs due to repeated cyclic pre-landing tests, which allowed the nosewheels to deviate from the 0-degree position on landing gear retraction.""}]",success
20080709X00995,"[{""text"": ""The first officer (FO) was the flying pilot during the landing and stated that he began to exit runway 34C using rudder pedal steering."", ""role"": ""Pilot of other aircraft - F"", ""tier"": ""unsafe_skill""}, {""text"": ""During this time, the captain was consulting his airport diagram while taxiing. Elapsed time from weight-on-wheels to right engine shutdown was 40 seconds."", ""role"": ""Flight crew - C"", ""tier"": ""unsafe_skill""}]","{""unsafe_skill"": [""\""The first officer (FO) was the flying pilot during the landing and stated that he began to exit runway 34C using rudder pedal steering.\"" - Pilot of other aircraft - F"", ""\""During this time, the captain was consulting his airport diagram while taxiing. Elapsed time from weight-on-wheels to right engine shutdown was 40 seconds.\"" - Flight crew - C""]}","[{""subject"": ""unsafe_skill"", ""relation"": ""LEADS_TO"", ""object"": ""unsafe_violation"", ""evidence"": ""The diverted attention during taxi of the flight crew in the other aircraft. Contributing to the incident was the air traffic control clearance was not followed by the flight crew of the other aircraft.""}, {""subject"": ""unsafe_skill"", ""relation"": ""LEADS_TO"", ""object"": ""unsafe_violation"", ""evidence"": ""During this time, the captain was consulting his airport diagram while taxiing. Elapsed time from weight-on-wheels to right engine shutdown was 40 seconds.""}]",success
20060109X00033,"[{""text"": ""Inadvertent Flight Control Use"", ""role"": ""Captain"", ""tier"": ""unsafe_skill""}, {""text"": ""Improper Procedure"", ""role"": ""Captain and First Officer"", ""tier"": ""unsafe_decision""}]","{""unsafe_skill"": [""Inadvertent Flight Control Use (Captain)""], ""unsafe_decision"": [""Improper Procedure (Captain and First Officer)""]}",[],success
20030109X00039,"[{""text"": ""did not check landing distance"", ""role"": ""Captain"", ""tier"": ""unsafe_skill""}]","{""unsafe_skill"": [""did not check landing distance - Captain""]}","[{""subject"": ""unsafe_skill"", ""relation"": ""LEADS_TO"", ""object"": ""unsafe_decision"", ""evidence"": ""did not check landing distance""}]",success
20001212X20664,"[{""text"": ""The red 'doors' light illuminated on the front panel and the amber right main gear door light illuminated on the second officer's panel."", ""role"": ""Second Officer"", ""tier"": ""unsafe_perception""}]","{""operator_mental"": [""Loss of Situational Awareness (Captain)""], ""operator_physical"": [""Physical Fatigue (Crew, especially Captain after two legs in one day)""], ""personnel_crm"": [""Failed to Communicate (Captain and FO during troubleshooting)""], ""situational_tech"": [""Equipment Design (Safety Bar Mechanism Failure)""], ""unsafe_perception"": [""Misjudged Distance/Altitude/Airspeed""]}","[{""subject"": ""unsafe_perception"", ""relation"": ""CO_OCCURS_WITH"", ""object"": ""unsafe_decision"", ""evidence"": ""The red 'doors' light illuminated on the front panel and the amber right main gear door light illuminated on the second officer's panel.""}]",success
20100315X12046,"[{""text"": ""The autopilot was engaged and after the strike it was disconnected by the aircraft."", ""role"": ""Flightcrew"", ""tier"": ""unsafe_skill""}, {""text"": ""The yoke was about 60 [percent] pulled back at this point. I attempted to push forward without any success."", ""role"": ""First Officer"", ""tier"": ""unsafe_skill""}]","{""unsafe_skill"": [""\""The autopilot was engaged and after the strike it was disconnected by the aircraft.\"" - Flightcrew; \""The yoke was about 60 [percent] pulled back at this point. I attempted to push forward without any success.\"" - First Officer""]}","[{""subject"": ""unsafe_skill"", ""relation"": ""CO_OCCURS_WITH"", ""object"": ""operator_physical"", ""evidence"": ""The yoke was about 60 [percent] pulled back at this point. I attempted to push forward without any success.""}]",success
20200107X35017,"[{""text"": ""Maintenance personnel's excessive grinding of the left main landing gear's aft trunnion pin during its initial overhaul, which caused heat damage to the base metal and led to the fatigue crack that caused the pin to fail during the accident flight."", ""role"": ""Maintenance"", ""tier"": ""unsafe_skill""}]","{""unsafe_skill"": [""\""Excessive grinding of the trunnion pin that occurred during the May 2008 overhaul created heat damage to the base metal and led to the fatigue crack\"" (Maintenance personnel)""]}","[{""subject"": ""unsafe_skill"", ""relation"": ""LEADS_TO"", ""object"": ""unsafe_decision"", ""evidence"": ""Maintenance personnel's excessive grinding of the left main landing gear's aft trunnion pin during its initial overhaul, which caused heat damage to the base metal and led to the fatigue crack that caused the pin to fail during the accident flight.""}]",success
20150605X52542,"[{""text"": ""There is no training or guidance provided to the crew for windshield arcing, smoke, fire, or overheat events."", ""role"": ""Crew"", ""tier"": ""unsafe_decision""}]","{""unsafe_decision"": [""There is no training or guidance provided to the crew for windshield arcing, smoke, fire, or overheat events.""]}","[{""subject"": ""unsafe_decision"", ""relation"": ""LEADS_TO"", ""object"": ""unsafe_violation"", ""evidence"": ""There is no training or guidance provided to the crew for windshield arcing, smoke, fire, or overheat events.""}]",success
20220622105303,"[{""text"": ""The captain requested that the first officer extend the virtual centerline of the approach from the SUPPR waypoint, at which time the first officer reported that both FMC control display units had blanked, taking away the backup lateral and vertical navigational guidance to runway\u00a028C."", ""role"": ""Flight crew"", ""tier"": ""unsafe_skill""}]","{""unsafe_skill"": [""Failed to Prioritize Attention - First Officer""]}","[{""subject"": ""unsafe_skill"", ""relation"": ""CO_OCCURS_WITH"", ""object"": ""unsafe_decision"", ""evidence"": ""The captain requested that the first officer extend the virtual centerline of the approach from the SUPPR waypoint, at which time the first officer reported that both FMC control display units had blanked, taking away the backup lateral and vertical navigational guidance to runway\u00a028C.""}]",success
20020606X00822,"[{""text"": ""The fatigue crack propagated outboard until the fracture mode changed to an intergranular fracture."", ""role"": ""Maintenance"", ""tier"": ""unsafe_skill""}]","{""unsafe_skill"": [""The fatigue crack propagated outboard until the fracture mode changed to an intergranular fracture.""]}","[{""subject"": ""unsafe_skill"", ""relation"": ""CO_OCCURS_WITH"", ""object"": ""situational_tech"", ""evidence"": ""The fatigue crack propagated outboard until the fracture mode changed to an intergranular fracture.""}]",success
20150224X45723,"[{""text"": ""The slide did not appear to deploy completely and one crew member stated that it appeared to be '\u2026caught up\u2026in the straps that are part of the slide.'"", ""role"": ""Crewmember"", ""tier"": ""unsafe_skill""}]","{""unsafe_skill"": [""The slide did not appear to deploy completely and one crew member stated that it appeared to be '\u2026caught up\u2026in the straps that are part of the slide.'""]}","[{""subject"": ""unsafe_skill"", ""relation"": ""CO_OCCURS_WITH"", ""object"": ""unsafe_decision"", ""evidence"": ""The slide did not appear to deploy completely and one crew member stated that it appeared to be 'caught up' in the straps that are part of the slide.'""}]",success
20161219X82155,"[{""text"": ""something did not feel right"", ""role"": ""Pilot"", ""tier"": ""unsafe_decision""}]","{""unsafe_decision"": [""'something did not feel right' - Pilot""]}","[{""subject"": ""unsafe_decision"", ""relation"": ""LEADS_TO"", ""object"": ""operator_physical"", ""evidence"": ""something did not feel right""}]",success
20021125X05520,"[{""text"": ""The captain reported that he instructed the first officer to fly the airplane while he accomplished the ECAM action items."", ""role"": ""First Officer"", ""tier"": ""unsafe_skill""}, {""text"": ""The captain stated he then contacted dispatch and the system aircraft maintenance controller (SAMC) for further guidance."", ""role"": ""Captain"", ""tier"": ""unsafe_skill""}]","{""unsafe_skill"": [""\""The captain reported that he instructed the first officer to fly the airplane while he accomplished the ECAM action items.\"" (First Officer)"", ""\""The captain stated he then contacted dispatch and the system aircraft maintenance controller (SAMC) for further guidance.\"" (Captain)""]}","[{""subject"": ""unsafe_skill"", ""relation"": ""LEADS_TO"", ""object"": ""unsafe_decision"", ""evidence"": ""The captain reported that he instructed the first officer to fly the airplane while he accomplished the ECAM action items.""}, {""subject"": ""unsafe_skill"", ""relation"": ""LEADS_TO"", ""object"": ""unsafe_decision"", ""evidence"": ""The captain stated he then contacted dispatch and the system aircraft maintenance controller (SAMC) for further guidance.""}]",success
20011030X02159,"[{""text"": ""The captain closed the throttles prior to touchdown, as the airplane was slow on the approach."", ""role"": ""Captain"", ""tier"": ""unsafe_skill""}, {""text"": ""The first officer stopped making airspeed callouts when the captain did not respond."", ""role"": ""First Officer"", ""tier"": ""unsafe_decision""}]","{""unsafe_skill"": [""The captain closed the throttles prior to touchdown, as the airplane was slow on the approach.""], ""unsafe_decision"": [""The first officer stopped making airspeed callouts when the captain did not respond.""]}","[{""subject"": ""unsafe_skill"", ""relation"": ""LEADS_TO"", ""object"": ""unsafe_decision"", ""evidence"": ""The captain closed the throttles prior to touchdown, as the airplane was slow on the approach.""}, {""subject"": ""unsafe_decision"", ""relation"": ""CO_OCCURS_WITH"", ""object"": ""unsafe_skill"", ""evidence"": ""The first officer stopped making airspeed callouts when the captain did not respond.""}]",success
20230830192959,"[{""text"": ""The flight crew stated there were no PIREPs from preceding aircraft, no nearby weather radar returns, nor any significant turbulence indications on their Flight Weather Viewer application."", ""role"": ""Flight Crew"", ""tier"": ""unsafe_perception""}, {""text"": ""In anticipation of another convective cell a few minutes further down their route, the crew took steps to advise the flight attendants to secure the cabin early and the seat belt sign was illuminated."", ""role"": ""Flight Crew"", ""tier"": ""unsafe_decision""}]","{""unsafe_perception"": [""The flight crew stated there were no PIREPs from preceding aircraft, no nearby weather radar returns, nor any significant turbulence indications on their Flight Weather Viewer application.""], ""unsafe_decision"": [""In anticipation of another convective cell a few minutes further down their route, the crew took steps to advise the flight attendants to secure the cabin early and the seat belt sign was illuminated.""]}","[{""subject"": ""unsafe_perception"", ""relation"": ""LEADS_TO"", ""object"": ""unsafe_decision"", ""evidence"": ""The flight crew stated there were no PIREPs from preceding aircraft, no nearby weather radar returns, nor any significant turbulence indications on their Flight Weather Viewer application.""}, {""subject"": ""unsafe_decision"", ""relation"": ""CO_OCCURS_WITH"", ""object"": ""unsafe_perception"", ""evidence"": ""In anticipation of another convective cell a few minutes further down their route, the crew took steps to advise the flight attendants to secure the cabin early and the seat belt sign was illuminated.""}]",success
20030609X00820,[],{},[],parse_error
20020402X00443,"[{""text"": ""The relief pilot stated they did not terminate fuel dumping prior to landing."", ""role"": ""Relief Pilot"", ""tier"": ""Unsafe_Violation""}]","{""unsafe_violation"": [""The relief pilot stated they did not terminate fuel dumping prior to landing.""]}","[{""subject"": ""unsafe_violation"", ""relation"": ""LEADS_TO"", ""object"": ""unsafe_decision"", ""evidence"": ""The relief pilot stated they did not terminate fuel dumping prior to landing.""}]",success
20240308193898,"[{""text"": ""did not conduct a thorough briefing of the airplane\u2019s landing performance"", ""role"": ""Flight crew"", ""tier"": ""unsafe_skill""}, {""text"": ""failed to use maximum reverse thrust upon touchdown"", ""role"": ""Captain"", ""tier"": ""unsafe_decision""}]","{""unsafe_skill"": [""did not conduct a thorough briefing of the airplane\u2019s landing performance - Flight crew""], ""unsafe_decision"": [""failed to use maximum reverse thrust upon touchdown - Captain""]}","[{""subject"": ""unsafe_skill"", ""relation"": ""LEADS_TO"", ""object"": ""unsafe_decision"", ""evidence"": ""did not conduct a thorough briefing of the airplane\u2019s landing performance""}]",success
20001212X22314,"[{""text"": ""Omitted Checklist Step"", ""role"": ""Flight Crew"", ""tier"": ""unsafe_skill""}, {""text"": ""Misdiagnosed Emergency"", ""role"": ""Flight Crew"", ""tier"": ""unsafe_decision""}]","{""unsafe_skill"": [""Omitted Checklist Step (Flight Crew)"", ""Failed to Prioritize Attention (Flight Crew)""], ""unsafe_decision"": [""Misdiagnosed Emergency (Flight Crew)""]}","[{""subject"": ""unsafe_skill"", ""relation"": ""LEADS_TO"", ""object"": ""unsafe_decision"", ""evidence"": ""The failure of the flight crew to perform the cabin pressurization manual control abnormal checklist after experiencing a pressurization system malfunction and switching to manual pressurization control, and the failure of the flight crew to perform the emergency landing checklist prior to landing""}]",success
20080212X00178,"[{""text"": ""declared an emergency, and turned the airplane westbound towards the Florida coast"", ""role"": ""pilot"", ""tier"": ""unsafe_decision""}]","{""unsafe_decision"": [""declared an emergency, and turned the airplane westbound towards the Florida coast""]}","[{""subject"": ""unsafe_decision"", ""relation"": ""LEADS_TO"", ""object"": ""operator_physical"", ""evidence"": ""declared an emergency, and turned the airplane westbound towards the Florida coast""}]",success
20080312X00305,"[{""text"": ""The captain and first officer reported that they discussed the landing distance numbers."", ""role"": ""crew"", ""tier"": ""unsafe_skill""}, {""text"": ""The cross connected tachometer wires on the left main landing gear were not identified during testing, resulting in a loss of braking action."", ""role"": ""maintenance personnel"", ""tier"": ""unsafe_perception""}]","{""unsafe_skill"": [""\""The captain and first officer reported that they discussed the landing distance numbers.\"" - crew""], ""unsafe_perception"": [""\""The cross connected tachometer wires on the left main landing gear were not identified during testing, resulting in a loss of braking action.\"" - maintenance personnel""]}","[{""subject"": ""unsafe_skill"", ""relation"": ""LEADS_TO"", ""object"": ""unsafe_perception"", ""evidence"": ""The captain and first officer reported that they discussed the landing distance numbers.""}, {""subject"": ""unsafe_perception"", ""relation"": ""CO_OCCURS_WITH"", ""object"": ""unsafe_violation"", ""evidence"": ""The cross connected tachometer wires on the left main landing gear were not identified during testing, resulting in a loss of braking action.""}]",success
20120727X13551,"[{""text"": ""incorrect installation of union and restrictor on the actuator"", ""role"": ""Maintenance personnel"", ""tier"": ""unsafe_skill""}]","{""unsafe_skill"": [""incorrect installation of union and restrictor on the actuator - Maintenance personnel""]}","[{""subject"": ""unsafe_skill"", ""relation"": ""LEADS_TO"", ""object"": ""unsafe_perception"", ""evidence"": ""the incorrect installation of union and restrictor on the actuator""}, {""subject"": ""unsafe_skill"", ""relation"": ""CO_OCCURS_WITH"", ""object"": ""unsafe_decision"", ""evidence"": ""the incorrect installation of union and restrictor on the actuator""}]",success
20140620X45424,"[{""text"": ""reduced power to correct from being above glide path and slightly fast"", ""role"": ""Pilot - C"", ""tier"": ""unsafe_skill""}, {""text"": ""landed hard and over rotated in the flare"", ""role"": ""Pilot - C"", ""tier"": ""unsafe_skill""}]","{""unsafe_skill"": [""\""reduced power to correct from being above glide path and slightly fast\"" - Captain (CA)"", ""\""landed hard and over rotated in the flare\"" - Captain (CA)""]}","[{""subject"": ""unsafe_skill"", ""relation"": ""LEADS_TO"", ""object"": ""unsafe_decision"", ""evidence"": ""reduced power to correct from being above glide path and slightly fast""}, {""subject"": ""unsafe_skill"", ""relation"": ""LEADS_TO"", ""object"": ""unsafe_perception"", ""evidence"": ""landed hard and over rotated in the flare""}]",success
20150219X82450,"[{""text"": ""The first officer was head down doing cockpit tasks and coordinating with the flight attendant for pre-takeoff passenger requirements."", ""role"": ""Pilot - C"", ""tier"": ""unsafe_skill""}]","{""unsafe_skill"": [""\""The first officer was head down doing cockpit tasks and coordinating with the flight attendant for pre-takeoff passenger requirements.\"" - Pilot - C""]}","[{""subject"": ""unsafe_skill"", ""relation"": ""LEADS_TO"", ""object"": ""unsafe_decision"", ""evidence"": ""The first officer was head down doing cockpit tasks and coordinating with the flight attendant for pre-takeoff passenger requirements.""}, {""subject"": ""unsafe_skill"", ""relation"": ""CO_OCCURS_WITH"", ""object"": ""unsafe_violation"", ""evidence"": ""Contributing to the runway incursion was the ground controllers ineffective monitoring to ensure issued taxi instructions were followed.""}]",success
20001212X20339,"[{""text"": ""you're stalled"", ""role"": ""Captain"", ""tier"": ""unsafe_decision""}, {""text"": ""I'm gonna unload the airplane and see if we can\u2026we can regain control of it that way."", ""role"": ""Captain"", ""tier"": ""unsafe_skill""}]","{""unsafe_decision"": [""you're stalled (Captain)"", ""I'm gonna unload the airplane and see if we can\u2026we can regain control of it that way. (Captain)""], ""unsafe_skill"": [""Breakdown in Visual Scan (Captain)""]}","[{""subject"": ""unsafe_decision"", ""relation"": ""LEADS_TO"", ""object"": ""unsafe_skill"", ""evidence"": ""I'm gonna unload the airplane and see if we can\u2026we can regain control of it that way.""}]",success
20220124104551,"[{""text"": ""expectation bias is a psychological concept which causes an incorrect belief to persist despite available contradictory evidence"", ""role"": ""Flight crew"", ""tier"": ""unsafe_perception""}, {""text"": ""the crew\u2019s initial assessment of the situation was correct, as N350J initially checked into the CTAF indicating they were inbound to Runway 10. While one of N350J\u2019s calls (12 mile straight in) conflicted with checklist completion in the cockpit, the remainder of the calls did not conflict with attentional resources needed in the cockpit and the crew directly engaged several times with N350J on the CTAF"", ""role"": ""Flight crew"", ""tier"": ""unsafe_decision""}]","{""unsafe_perception"": [""\""expectation bias is a psychological concept which causes an incorrect belief to persist despite available contradictory evidence\"" (Flight crew)""], ""unsafe_decision"": [""\""the crew\u2019s initial assessment of the situation was correct, as N350J initially checked into the CTAF indicating they were inbound to Runway 10. While one of N350J\u2019s calls (12 mile straight in) conflicted with checklist completion in the cockpit, the remainder of the calls did not conflict with attentional resources needed in the cockpit and the crew directly engaged several times with N350J on the CTAF\"" (Flight crew)""]}","[{""subject"": ""unsafe_perception"", ""relation"": ""LEADS_TO"", ""object"": ""unsafe_decision"", ""evidence"": ""the crew\u2019s initial assessment of the situation was correct, as N350J initially checked into the CTAF indicating they were inbound to Runway 10. While one of N350J\u2019s calls (12 mile straight in) conflicted with checklist completion in the cockpit, the remainder of the calls did not conflict with attentional resources needed in the cockpit and the crew directly engaged several times with N350J on the CTAF""}]",success
20130901X95021,"[{""text"": ""The captain began the 'Failure of Landing Gear to Extend Normally' checklist and noted that both green left landing gear down and locked lights were not illuminated and the landing gear circuit breaker had tripped."", ""role"": ""Captain"", ""tier"": ""unsafe_skill""}, {""text"": ""At 1250, the captain began the 'Gear Up Landing' checklist and then proceeded with the 'Planned Emergency Preparation' checklist. He contacted Telluride Unicom to request ARFF services and briefed passengers regarding the situation."", ""role"": ""Captain"", ""tier"": ""unsafe_skill""}, {""text"": ""At 1259, the captain began the 'Landing with One Main Up or Unsafe' checklist and after preparing for landing, the crew conducted the approach and landing on runway 27."", ""role"": ""Captain"", ""tier"": ""unsafe_skill""}]","{""unsafe_skill"": [""'Failure of Landing Gear to Extend Normally' checklist not completed - Captain"", ""'Gear Up Landing' checklist not completed - Captain"", ""'Landing with One Main Up or Unsafe' checklist not completed - Captain""]}","[{""subject"": ""unsafe_skill"", ""relation"": ""LEADS_TO"", ""object"": ""unsafe_decision"", ""evidence"": ""At 1250, the captain began the 'Gear Up Landing' checklist and then proceeded with the 'Planned Emergency Preparation' checklist. He contacted Telluride Unicom to request ARFF services and briefed passengers regarding the situation.""}, {""subject"": ""unsafe_skill"", ""relation"": ""LEADS_TO"", ""object"": ""unsafe_decision"", ""evidence"": ""At 1259, the captain began the 'Landing with One Main Up or Unsafe' checklist and after preparing for landing, the crew conducted the approach and landing on runway 27.""}]",success
20070501X00494,"[{""text"": ""pilots failed to perform the landing distance assessment that was required by Pinnacle's Operations Specifications"", ""role"": ""Pilots"", ""tier"": ""unsafe_decision""}, {""text"": ""The pilots' use of the thrust reversers during the landing roll was not inconsistent with company and manufacturer guidance related to thrust reverser usage in adverse weather conditions and company policies prohibiting thrust reverser use at speeds less than 60 knots except in emergency circumstances"", ""role"": ""Pilots"", ""tier"": ""unsafe_skill""}]","{""unsafe_decision"": [""pilots failed to perform the landing distance assessment that was required by Pinnacle's Operations Specifications""], ""unsafe_skill"": [""The pilots' use of the thrust reversers during the landing roll was not inconsistent with company and manufacturer guidance related to thrust reverser usage in adverse weather conditions and company policies prohibiting thrust reverser use at speeds less than 60 knots except in emergency circumstances""]}","[{""subject"": ""unsafe_decision"", ""relation"": ""LEADS_TO"", ""object"": ""unsafe_skill"", ""evidence"": ""The pilots' use of the thrust reversers during the landing roll was not inconsistent with company and manufacturer guidance related to thrust reverser usage in adverse weather conditions and company policies prohibiting thrust reverser use at speeds less than 60 knots except in emergency circumstances""}]",success
20090507X00926,"[{""text"": ""The captain\u2019s inappropriate control inputs following a firm landing, resulting in two hard nose-gear impacts before executing a go-around."", ""role"": ""Pilot - C"", ""tier"": ""unsafe_skill""}]","{""unsafe_skill"": [""Inappropriate action sequence - Pilot - C""]}","[{""subject"": ""unsafe_skill"", ""relation"": ""CO_OCCURS_WITH"", ""object"": ""personnel_readiness"", ""evidence"": ""The captain had recently completed upgrade training to DC-10, having previously been flying as an MD-11 first officer.""}, {""subject"": ""unsafe_skill"", ""relation"": ""LEADS_TO"", ""object"": ""unsafe_perception"", ""evidence"": ""The captain\u2019s inappropriate control inputs following a firm landing, resulting in two hard nose-gear impacts before executing a go-around.""}, {""subject"": ""personnel_readiness"", ""relation"": ""CO_OCCURS_WITH"", ""object"": ""operator_physical"", ""evidence"": ""The captain was likely further affected by a digestive system upset during the accident flight.""}, {""subject"": ""unsafe_skill"", ""relation"": ""LEADS_TO"", ""object"": ""unsafe_decision"", ""evidence"": ""The captain\u2019s inappropriate control inputs following a firm landing, resulting in two hard nose-gear impacts before executing a go-around.""}]",success
20010531X01039,"[{""text"": ""something [was] not right."", ""role"": ""First Officer"", ""tier"": ""unsafe_decision""}]","{""unsafe_decision"": [""something [was] not right.""]}","[{""subject"": ""unsafe_decision"", ""relation"": ""LEADS_TO"", ""object"": ""unsafe_violation"", ""evidence"": ""something [was] not right.""}]",success
20010214X00449,"[{""text"": ""The captain and first officer did not lower the landing gear or check the landing gear position as required on the flaps-up landing checklist, the normal landing checklist, and final checklist."", ""role"": ""Pilot"", ""tier"": ""unsafe_skill""}]","{""unsafe_skill"": [""Omitted Checklist Step - Captain and First Officer""]}","[{""subject"": ""unsafe_skill"", ""relation"": ""LEADS_TO"", ""object"": ""unsafe_decision"", ""evidence"": ""The captain and first officer did not lower the landing gear or check the landing gear position as required on the flaps-up landing checklist, the normal landing checklist, and final checklist.""}]",success
20220204104596,"[{""text"": ""The RMLG was stripped of all paint, chrome, nickel, and cadmium plating, inspection of the outer cylinder assembly, repair, and the application of new plating and paint."", ""role"": ""Maintenance personnel"", ""tier"": ""unsafe_skill""}, {""text"": ""An electric arc can produce high currents and heat sufficient to cause localized melting or other degradation of the base metal material properties."", ""role"": ""Maintenance personnel"", ""tier"": ""unsafe_skill""}]","{""unsafe_skill"": [""\""The RMLG was stripped of all paint, chrome, nickel, and cadmium plating, inspection of the outer cylinder assembly, repair, and the application of new plating and paint. (Maintenance personnel)\"""", ""\""An electric arc can produce high currents and heat sufficient to cause localized melting or other degradation of the base metal material properties. (Maintenance personnel)\""""]}","[{""subject"": ""unsafe_skill"", ""relation"": ""CO_OCCURS_WITH"", ""object"": ""unsafe_skill"", ""evidence"": ""The RMLG was stripped of all paint, chrome, nickel, and cadmium plating, inspection of the outer cylinder assembly, repair, and the application of new plating and paint.""}, {""subject"": ""unsafe_skill"", ""relation"": ""LEADS_TO"", ""object"": ""unsafe_decision"", ""evidence"": ""An electric arc can produce high currents and heat sufficient to cause localized melting or other degradation of the base metal material properties.""}]",success
20151216X41606,"[{""text"": ""difficulty locating taxiway T4 as the area was dark, and there was glare from the terminal lights ahead"", ""role"": ""Pilot"", ""tier"": ""unsafe_perception""}, {""text"": ""the CIC inadvertently turned off the 'TWY J & Apron 2' selector, which included the taxiway lights in the vicinity of the excursion"", ""role"": ""ATC personnel"", ""tier"": ""unsafe_violation""}]","{""unsafe_perception"": [""difficulty locating taxiway T4 as the area was dark, and there was glare from the terminal lights ahead - Pilot""], ""unsafe_violation"": [""the CIC inadvertently turned off the 'TWY J & Apron 2' selector, which included the taxiway lights in the vicinity of the excursion - ATC personnel""]}","[{""subject"": ""unsafe_perception"", ""relation"": ""LEADS_TO"", ""object"": ""unsafe_violation"", ""evidence"": ""difficulty locating taxiway T4 as the area was dark, and there was glare from the terminal lights ahead""}]",success
20230731192744,"[{""text"": ""The first officer applied the thrust reversers, the speed brakes deployed, and the nosewheel bounced a second time."", ""role"": ""First Officer"", ""tier"": ""unsafe_skill""}, {""text"": ""The first officer stated he held aft pressure on the control column during the initial touchdown, but flight data showed that he also made nose-down column inputs during the landing sequence."", ""role"": ""First Officer"", ""tier"": ""unsafe_skill""}]","{""unsafe_skill"": [""\""The first officer applied the thrust reversers, the speed brakes deployed, and the nosewheel bounced a second time.\"" (First Officer)"", ""\""The first officer stated he held aft pressure on the control column during the initial touchdown, but flight data showed that he also made nose-down column inputs during the landing sequence.\"" (First Officer)""]}","[{""subject"": ""unsafe_skill"", ""relation"": ""LEADS_TO"", ""object"": ""unsafe_decision"", ""evidence"": ""The first officer applied the thrust reversers, the speed brakes deployed, and the nosewheel bounced a second time.""}, {""subject"": ""unsafe_skill"", ""relation"": ""CO_OCCURS_WITH"", ""object"": ""unsafe_perception"", ""evidence"": ""The first officer stated he held aft pressure on the control column during the initial touchdown, but flight data showed that he also made nose-down column inputs during the landing sequence.""}]",success
20001212X21253,"[{""text"": ""The first officer had less than 100 hours of experience in the DC-9 and was not authorized to land at Lihue Airport."", ""role"": ""First Officer"", ""tier"": ""unsafe_violation""}]","{""unsafe_violation"": [""The first officer had less than 100 hours of experience in the DC-9 and was not authorized to land at Lihue Airport.""]}","[{""subject"": ""unsafe_violation"", ""relation"": ""LEADS_TO"", ""object"": ""unsafe_decision"", ""evidence"": ""The first officer had less than 100 hours of experience in the DC-9 and was not authorized to land at Lihue Airport.""}]",success
20110209X55126,"[{""text"": ""The FCU FMV did not move to the position commanded by the electronic engine control."", ""role"": ""Maintenance"", ""tier"": ""unsafe_decision""}]","{""unsafe_decision"": [""The FCU FMV did not move to the position commanded by the electronic engine control.""]}","[{""subject"": ""unsafe_decision"", ""relation"": ""LEADS_TO"", ""object"": ""unsafe_perception"", ""evidence"": ""the failure of the right engine's fuel control unit to operate correctly when the fuel metering valve became frozen in the full open position because of corrosion on the fuel metering valve slide and sleeve, which caused the engine to be overfueled during engine start and resulted in a tailpipe fire.""}]",success
20030325X00388,"[{""text"": ""The autopilot was trying to roll out of a turn, and was commanding aileron in a direction opposite to the trim position."", ""role"": ""Captain"", ""tier"": ""unsafe_decision""}]","{""unsafe_decision"": [""The autopilot was trying to roll out of a turn, and was commanding aileron in a direction opposite to the trim position (Captain)""]}",[],success
20240927195210,"[{""text"": ""Planned continuation bias is a psychological phenomenon which is the unwillingness to deviate from a previously determined course of action, despite the arrival of circumstances precipitating the need for a change."", ""role"": ""Flight crew"", ""tier"": ""unsafe_decision""}, {""text"": ""The flight crew\u2019s decision to continue the approach without the correct ILS frequency was likely affected by their task saturation and planned continuation bias, and their inability to perceive and efficiently integrate available information."", ""role"": ""Flight crew"", ""tier"": ""unsafe_decision""}]","{""unsafe_decision"": [""\""Planned continuation bias is a psychological phenomenon which is the unwillingness to deviate from a previously determined course of action, despite the arrival of circumstances precipitating the need for a change.\"" (Flight crew)"", ""\""The flight crew\u2019s decision to continue the approach without the correct ILS frequency was likely affected by their task saturation and planned continuation bias, and their inability to perceive and efficiently integrate available information.\"" (Flight crew)""]}","[{""subject"": ""unsafe_decision"", ""relation"": ""LEADS_TO"", ""object"": ""unsafe_perception"", ""evidence"": ""The flight crew's decision to continue the approach without the correct ILS frequency was likely affected by their task saturation and planned continuation bias, and their inability to perceive and efficiently integrate available information.""}]",success
20010717X01445,"[{""text"": ""The captain was reluctant to shut down the left engine due to multiple emergencies occurring at the time."", ""role"": ""pilot"", ""tier"": ""unsafe_skill""}]","{""unsafe_skill"": [""The captain was reluctant to shut down the left engine due to multiple emergencies occurring at the time (pilot)""]}","[{""subject"": ""unsafe_skill"", ""relation"": ""LEADS_TO"", ""object"": ""unsafe_decision"", ""evidence"": ""The captain was reluctant to shut down the left engine due to multiple emergencies occurring at the time.""}]",success
20071023X01634,"[{""text"": ""The captain stated they anticipated an uneventful landing so they did not advise the ATCT of the situation."", ""role"": ""Captain"", ""tier"": ""unsafe_decision""}]","{""unsafe_decision"": [""The captain stated they anticipated an uneventful landing so they did not advise the ATCT of the situation.""]}","[{""subject"": ""unsafe_decision"", ""relation"": ""LEADS_TO"", ""object"": ""situational_tech"", ""evidence"": ""The captain stated they anticipated an uneventful landing so they did not advise the ATCT of the situation.""}]",success
20150818X14949,"[{""text"": ""did not reference the available windshear guidance in the quick reference handbook, which recommended landing with Flaps 3 and increasing the approach speed by 15 knots"", ""role"": ""Captain"", ""tier"": ""unsafe_decision""}]","{""unsafe_decision"": [""did not reference the available windshear guidance in the quick reference handbook, which recommended landing with Flaps 3 and increasing the approach speed by 15 knots - Captain""]}","[{""subject"": ""unsafe_decision"", ""relation"": ""LEADS_TO"", ""object"": ""unsafe_perception"", ""evidence"": ""did not reference the available windshear guidance in the quick reference handbook, which recommended landing with Flaps 3 and increasing the approach speed by 15 knots""}]",success
20041122X01849,"[{""text"": ""The first officer was hand-flying the airplane."", ""role"": ""First Officer"", ""tier"": ""unsafe_skill""}, {""text"": ""the captain reported that as they continued, the glide slope indicator 'came up and actually went below us,' and that the airplane had not yet intercepted the localizer."", ""role"": ""Captain"", ""tier"": ""unsafe_decision""}]","{""unsafe_skill"": [""\""The first officer was hand-flying the airplane.\"" (First Officer)""], ""unsafe_decision"": [""\""the captain reported that as they continued, the glide slope indicator 'came up and actually went below us,' and that the airplane had not yet intercepted the localizer. The captain asked TRACON for a lower altitude. TRACON 'apologized' and cleared the airplane to 7,000 feet, and then asked the crew if they would still be okay for the approach.\"" (Captain)""]}","[{""subject"": ""unsafe_skill"", ""relation"": ""LEADS_TO"", ""object"": ""unsafe_decision"", ""evidence"": ""the first officer was hand-flying the airplane""}, {""subject"": ""unsafe_decision"", ""relation"": ""CO_OCCURS_WITH"", ""object"": ""unsafe_skill"", ""evidence"": ""the captain reported that as they continued, the glide slope indicator 'came up and actually went below us,' and that the airplane had not yet intercepted the localizer""}]",success
20010205X00393,"[{""text"": ""The flight crew initiated a descent to 8,000 feet following the first engine power fluctuation."", ""role"": ""Pilot"", ""tier"": ""unsafe_decision""}]","{""unsafe_decision"": [""'The flight crew initiated a descent to 8,000 feet following the first engine power fluctuation.' - Pilot""]}","[{""subject"": ""unsafe_decision"", ""relation"": ""LEADS_TO"", ""object"": ""situational_tech"", ""evidence"": ""The flight crew initiated a descent to 8,000 feet following the first engine power fluctuation.""}]",success
20140922X14716,"[{""text"": ""Failed to Prioritize Attention"", ""role"": ""Maintenance personnel"", ""tier"": ""unsafe_skill""}]","{""unsafe_skill"": [""Grit blasting gun held too close (2 inches) instead of specified 4-6 inches""]}","[{""subject"": ""unsafe_skill"", ""relation"": ""CO_OCCURS_WITH"", ""object"": ""personnel_crm"", ""evidence"": ""Maintenance personnel failed to prioritize attention during the blade overhaul process.""}]",success
20150511X92031,"[{""text"": ""Failed to Prioritize Attention"", ""role"": ""Captain"", ""tier"": ""unsafe_skill""}]","{""unsafe_skill"": [""The captain was about to call for the quick reference handbook (QRH) windshield/window arcing procedure when the flightcrew heard a popping sound and observed the whole windshield cracking.""]}","[{""subject"": ""unsafe_skill"", ""relation"": ""CO_OCCURS_WITH"", ""object"": ""operator_physical"", ""evidence"": ""The captain did not remember if any breakers popped or if there was an electronic centralized aircraft monitor message during the event.""}]",success
20221006106077,"[{""text"": ""The flight crew\u2019s two brief left rudder inputs and increased wheel braking on the left main wheels would have provided some left-turn tendency to counter the right turn."", ""role"": ""Pilot"", ""tier"": ""unsafe_decision""}]","{""unsafe_decision"": [""The flight crew\u2019s two brief left rudder inputs and increased wheel braking on the left main wheels would have provided some left-turn tendency to counter the right turn.""]}","[{""subject"": ""unsafe_decision"", ""relation"": ""LEADS_TO"", ""object"": ""unsafe_perception"", ""evidence"": ""The flight crew's left differential braking (until the airplane departed the runway) would have provided some left-turning tendency to counter the right turn.""}]",success
20040121X00083,"[{""text"": ""The first officer stated that when the captain reported having the runway in sight, she transitioned her sight outside of the airplane and realized she needed to correct 'slightly (about a foot)' to the right."", ""role"": ""First Officer"", ""tier"": ""unsafe_skill""}, {""text"": ""The captain stated that he became concerned about the amount of ice accumulating on the windshield wipers. He stated he looked out the side window and although he was unable to tell the quantity, he saw ice accumulating on the winglet."", ""role"": ""Captain"", ""tier"": ""unsafe_skill""}, {""text"": ""The captain stated that as the approach progressed he became concerned about the amount of ice accumulating on the windshield wipers. He stated he looked out the side window and although he was unable to tell the quantity, he saw ice accumulating on the winglet."", ""role"": ""Captain"", ""tier"": ""unsafe_perception""}]","{""unsafe_skill"": [""'The first officer stated that when the captain reported having the runway in sight, she transitioned her sight outside of the airplane and realized she needed to correct 'slightly (about a foot)' to the right.'"", ""'The captain stated that he became concerned about the amount of ice accumulating on the windshield wipers. He stated he looked out the side window and although he was unable to tell the quantity, he saw ice accumulating on the winglet.'""], ""unsafe_perception"": [""'The captain stated that as the approach progressed he became concerned about the amount of ice accumulating on the windshield wipers. He stated he looked out the side window and although he was unable to tell the quantity, he saw ice accumulating on the winglet.'""]}","[{""subject"": ""unsafe_skill"", ""relation"": ""CO_OCCURS_WITH"", ""object"": ""unsafe_perception"", ""evidence"": ""The captain stated that as the approach progressed he became concerned about the amount of ice accumulating on the windshield wipers. He stated he looked out the side window and although he was unable to tell the quantity, he saw ice accumulating on the winglet.""}]",success
20080305X00267,"[{""text"": ""Failed to Prioritize Attention"", ""role"": ""Captain"", ""tier"": ""unsafe_decision""}]","{""unsafe_decision"": [""Failed to prioritize attention: Captain did not provide adequate preparation for turbulence, as evidenced by the lack of warning given to passengers and flight attendants.""]}","[{""subject"": ""unsafe_decision"", ""relation"": ""CO_OCCURS_WITH"", ""object"": ""operator_physical"", ""evidence"": ""The captain made an announcement after they landed and apologized stating that he did not see any evidence of turbulence on his radar prior to the event.""}, {""subject"": ""unsafe_skill"", ""relation"": ""LEADS_TO"", ""object"": ""unsafe_decision"", ""evidence"": ""The captain advised the flight attendants several times during the flight to advise them to sit down until the turbulence subsided. Just prior to the airplane encountering severe turbulence, the captain advised the flight attendants to clean up the cabin early and to take their seats.""}]",success
20071023X01635,"[{""text"": ""The number one and number two brake anti skid tachometer electrical connectors were reversed."", ""role"": ""Maintenance personnel"", ""tier"": ""unsafe_violation""}]","{""unsafe_violation"": [""The number one and number two brake anti skid tachometer electrical connectors were reversed.""]}","[{""subject"": ""unsafe_violation"", ""relation"": ""LEADS_TO"", ""object"": ""unsafe_decision"", ""evidence"": ""The number one and number two brake anti skid tachometer electrical connectors were reversed.""}]",success
20091030X64143,"[{""text"": ""Excessive control inputs which resulted in a positive vertical acceleration of approximately 1.6g"", ""role"": ""Pilot - C"", ""tier"": ""unsafe_skill""}]","{""unsafe_skill"": [""Excessive control inputs which resulted in a positive vertical acceleration of approximately 1.6g - Pilot - C""]}","[{""subject"": ""unsafe_skill"", ""relation"": ""LEADS_TO"", ""object"": ""unsafe_decision"", ""evidence"": ""Excessive control inputs which resulted in a positive vertical acceleration of approximately 1.6g""}]",success
20030702X00998,"[{""text"": ""fuel flow is abnormally high or fluctuating"", ""role"": ""flight crew"", ""tier"": ""unsafe_decision""}]","{""unsafe_decision"": [""fuel flow is abnormally high or fluctuating""]}","[{""subject"": ""unsafe_decision"", ""relation"": ""LEADS_TO"", ""object"": ""unsafe_violation"", ""evidence"": ""The torching of the right engine caused by an abnormally high flow fuel during engine start for undetermined reasons. The flightcrew failed to abort the engine start due to abnormally high fuel flow indication during the right engine start.""}]",success
20081217X83220,"[{""text"": ""The maintenance review revealed that the door was rigged and checked with the use of the aircraft hydraulic pumps instead of the external hydraulic power unit as required by AMM Task 32-12-01-220-801 (Config A01)."", ""role"": ""Maintenance personnel"", ""tier"": ""unsafe_skill""}]","{""unsafe_skill"": [""Incorrect service/maintenance - C; Aircraft-Aircraft structures-Doors-Landing gear doors-Incorrect service/maintenance - C""]}","[{""subject"": ""unsafe_skill"", ""relation"": ""LEADS_TO"", ""object"": ""unsafe_decision"", ""evidence"": ""The maintenance review revealed that the door was rigged and checked with the use of the aircraft hydraulic pumps instead of the external hydraulic power unit as required by AMM Task 32-12-01-220-801 (Config A01).""}]",success
20010110X00085,"[{""text"": ""delay in making radio contact with the Anchorage ARTCC"", ""role"": ""ATC"", ""tier"": ""unsafe_decision""}, {""text"": ""cabin attendants were thrown to the floor, lost her right shoe, and injured her left ankle"", ""role"": ""Cabin crew"", ""tier"": ""unsafe_skill""}]","{""unsafe_decision"": [""delay in making radio contact with the Anchorage ARTCC""], ""unsafe_skill"": [""cabin attendants were thrown to the floor, lost her right shoe, and injured her left ankle""]}","[{""subject"": ""unsafe_decision"", ""relation"": ""LEADS_TO"", ""object"": ""unsafe_skill"", ""evidence"": ""delay in making radio contact with the Anchorage ARTCC, and when communication was established, the Anchorage center controller advised that there were reports of moderate to severe turbulence ahead of the airplane's flight path.""}]",success
20061115X01674,"[{""text"": ""looked left and saw out of the corner of his eye UAL1015 departing runway 27L. He looked back to GTI6972 and thought he might turn off on the next taxiway, M, to go to the NE cargo area then decided he was not."", ""role"": ""South Local Controller"", ""tier"": ""Failed to Prioritize Attention""}, {""text"": ""The failure of the ORD tower south local controller to monitor Atlas Air flight 6972, B747, on arrival to runway 14R and subsequently clearing United Airlines flight 1015, B737, for takeoff on intersecting runway 27L causing a loss of separation between the two aircraft."", ""role"": ""South Local Controller"", ""tier"": ""Omitted Checklist Step""}]","{""operator_mental"": [""Distraction (South Local Controller)"", ""Loss of Situational Awareness (South Local Controller)""], ""situational_tech"": [""Incompatible Intelligence/Aptitude (ASDE and AMASS Display System)""], ""personnel_crm"": [""Failed to Monitor Traffic Calls (EFSTS Position)""], ""operator_limits"": [""Task Saturation (South Local Controller)""], ""unsafe_skill"": [""looked left and saw out of the corner of his eye UAL1015 departing runway 27L. He looked back to GTI6972 and thought he might turn off on the next taxiway, M, to go to the NE cargo area then decided he was not."", ""The failure of the ORD tower south local controller to monitor Atlas Air flight 6972, B747, on arrival to runway 14R and subsequently clearing United Airlines flight 1015 for takeoff on intersecting runway 27L causing a loss of separation between the two aircraft.""]}","[{""subject"": ""operator_limits"", ""relation"": ""LEADS_TO"", ""object"": ""unsafe_decision"", ""evidence"": ""The south local controller was fatigued and overworked, leading to poor decision-making.""}, {""subject"": ""unsafe_perception"", ""relation"": ""CO_OCCURS_WITH"", ""object"": ""operator_limits"", ""evidence"": ""The controller's perception of the situation was impaired due to fatigue, which co-occurred with his limited attention.""}]",success
20190130X94935,"[{""text"": ""Failed to Prioritize Attention"", ""role"": ""Pilot - C"", ""tier"": ""unsafe_skill""}]","{""unsafe_skill"": [""Failed to prioritize attention - Pilot - C""]}","[{""subject"": ""unsafe_skill"", ""relation"": ""LEADS_TO"", ""object"": ""unsafe_decision"", ""evidence"": ""the captain's decision to continue the landing with an unsafe gear indication.""}]",success
20160222X93713,"[{""text"": ""Inspection procedures and intervals inadequate to identify the crack"", ""role"": ""Maintenance/inspections"", ""tier"": ""Unsafe_violation""}]","{""unsafe_violation"": [""Inspection procedures and intervals inadequate to identify the crack (Maintenance/inspections)""]}","[{""subject"": ""unsafe_violation"", ""relation"": ""LEADS_TO"", ""object"": ""unsafe_decision"", ""evidence"": ""Inspection procedures and intervals inadequate to identify the crack""}]",success
20101103X44221,"[{""text"": ""did not apply the parking brake"", ""role"": ""Ground Service Truck Driver"", ""tier"": ""unsafe_violation""}]","{""unsafe_violation"": [""did not apply the parking brake - Ground Service Truck Driver""]}","[{""subject"": ""unsafe_violation"", ""relation"": ""LEADS_TO"", ""object"": ""unsafe_decision"", ""evidence"": ""did not apply the parking brake""}]",success
20080307X00283,"[{""text"": ""perceived the distance between the two airplanes adequate to continue to the terminal gate"", ""role"": ""Pilot - C"", ""tier"": ""unsafe_perception""}]","{""unsafe_perception"": [""perceived the distance between the two airplanes adequate to continue to the terminal gate - Pilot - C""]}","[{""subject"": ""unsafe_perception"", ""relation"": ""LEADS_TO"", ""object"": ""unsafe_decision"", ""evidence"": ""perceived the distance between the two airplanes adequate to continue to the terminal gate""}]",success
20120511X73555,"[{""text"": ""The flight crew reported that the radar did not indicate any echoes ahead of them."", ""role"": ""Flight Crew"", ""tier"": ""unsafe_skill""}, {""text"": ""The ATC approach controller did not forward the request for paramedics."", ""role"": ""ATC Personnel"", ""tier"": ""unsafe_decision""}]","{""operator_mental"": [""Loss of Situational Awareness - Captain"", ""Complacency - Flight Crew""], ""situational_tech"": [""Incorrect Use/Operation of Weather Radar System - Flight Crew""], ""personnel_crm"": [""Failed to Communicate with ATC - First Officer"", ""Failed to Coordinate with Company Dispatch - First Officer""], ""operator_physical"": [""Fatigue - Captain and First Officer""], ""operator_limits"": [""Insufficient Reaction Time - Flight Crew""], ""unsafe_skill"": [""The flight crew reported that the radar did not indicate any echoes ahead of them.""], ""unsafe_decision"": [""The ATC approach controller did not forward the request for paramedics.""]}","[{""subject"": ""unsafe_skill"", ""relation"": ""LEADS_TO"", ""object"": ""unsafe_decision"", ""evidence"": ""The flight crew reported that the radar did not indicate any echoes ahead of them.""}]",success
20060131X00140,"[{""text"": ""Failed to Prioritize Attention"", ""role"": ""Mechanic"", ""tier"": ""unsafe_skill""}, {""text"": ""Improper Procedure"", ""role"": ""Contract Maintenance Personnel"", ""tier"": ""unsafe_decision""}]","{""unsafe_skill"": [""Failed to Prioritize Attention""], ""unsafe_decision"": [""Improper Procedure""]}","[{""subject"": ""unsafe_skill"", ""relation"": ""LEADS_TO"", ""object"": ""unsafe_decision"", ""evidence"": ""The mechanic's failure to maintain proper clearance with the engine intake during a jet engine run, and the failure of contract maintenance personnel to follow written procedures and directives contained in the airline's general maintenance manual.""}]",success
20100701X93344,"[{""text"": ""Lack of communication-ATC personnel"", ""role"": ""ATC personnel"", ""tier"": ""unsafe_decision""}, {""text"": ""Failed to prioritize attention-Flight crew"", ""role"": ""Flight crew"", ""tier"": ""unsafe_decision""}]","{""unsafe_decision"": [""Misdiagnosed emergency - Flight crew"", ""Failure to provide weather information - ATC personnel""]}","[{""subject"": ""unsafe_decision"", ""relation"": ""LEADS_TO"", ""object"": ""unsafe_perception"", ""evidence"": ""Failed to prioritize attention-Flight crew""}]",success
20110502X93814,"[{""text"": ""Early, rapid or over-rotation may result in a tailstrike."", ""role"": ""Pilot - C"", ""tier"": ""unsafe_decision""}, {""text"": ""The erroneous automated callout was likely due to a keystroke entry error by the FO when manually entering takeoff data for a newly assigned departure runway."", ""role"": ""First Officer - F"", ""tier"": ""unsafe_skill""}]","{""unsafe_decision"": [""Early, rapid or over-rotation may result in a tailstrike - Pilot - C"", ""Improper Procedure - First Officer - F""], ""unsafe_skill"": [""Failed to Prioritize Attention - First Officer - F""]}","[{""subject"": ""unsafe_skill"", ""relation"": ""LEADS_TO"", ""object"": ""unsafe_decision"", ""evidence"": ""The erroneous automated callout was likely due to a keystroke entry error by the FO when manually entering takeoff data for a newly assigned departure runway.""}]",success
20101124X20432,"[{""text"": ""When ramp surface conditions would prevent adequate traction for ground equipment, engine start will be delayed until pushback is complete, and the pushback crew is clear of the aircraft. The pushback operator is responsible to notify the captain accordingly."", ""role"": ""Ground crew"", ""tier"": ""unsafe_decision""}]","{""unsafe_decision"": [""When ramp surface conditions would prevent adequate traction for ground equipment, engine start will be delayed until pushback is complete, and the pushback operator is responsible to notify the captain accordingly.""]}","[{""subject"": ""unsafe_decision"", ""relation"": ""LEADS_TO"", ""object"": ""unsafe_violation"", ""evidence"": ""When ramp surface conditions would prevent adequate traction for ground equipment, engine start will be delayed until pushback is complete, and the pushback crew is clear of the aircraft. The pushback operator is responsible to notify the captain accordingly.""}]",success
20030827X01408,"[{""text"": ""Omitted Checklist Step"", ""role"": ""Maintenance personnel"", ""tier"": ""unsafe_skill""}]","{""unsafe_skill"": [""Omitted Checklist Step - Maintenance personnel did not identify the missing truck beam shield on the left main landing gear of N609AA and the item was not on the current list of items missing from the airplane under the CDL.""]}","[{""subject"": ""unsafe_skill"", ""relation"": ""CO_OCCURS_WITH"", ""object"": ""unsafe_decision"", ""evidence"": ""Maintenance personnel had not identified the missing truck beam shield on the left main landing gear of N609AA and the item was not on the current list of items missing from the airplane under the CDL.""}]",success
20060828X01244,"[{""text"": ""The flight crew recognized that something was wrong with the takeoff beyond the point from which the airplane could be stopped on the remaining available runway."", ""role"": ""pilot"", ""tier"": ""unsafe_decision""}, {""text"": ""Because the flight crewmembers made some errors during their preflight activities and the taxi to the runway, there was insufficient evidence to determine whether fatigue affected their performance."", ""role"": ""pilot"", ""tier"": ""unsafe_skill""}]","{""unsafe_decision"": [""The flight crew recognized that something was wrong with the takeoff beyond the point from which the airplane could be stopped on the remaining available runway.""], ""unsafe_skill"": [""Because the flight crewmembers made some errors during their preflight activities and the taxi to the runway, there was insufficient evidence to determine whether fatigue affected their performance.""]}","[{""subject"": ""unsafe_skill"", ""relation"": ""CO_OCCURS_WITH"", ""object"": ""unsafe_decision"", ""evidence"": ""Because the flight crewmembers made some errors during their preflight activities and the taxi to the runway, there was insufficient evidence to determine whether fatigue affected their performance.""}]",success
20081003X16340,"[{""text"": ""Exceeded Ability"", ""role"": ""Maintenance crew"", ""tier"": ""unsafe_decision""}]","{""unsafe_decision"": [""'The use of SPOP 10 dry grit blasting had become so prevalent to clean the second stage turbine hub that they made it the part of the standard cleaning process rather than an alternate if SPOP 19 did not clean the hub.' - Maintenance crew""]}","[{""subject"": ""unsafe_decision"", ""relation"": ""LEADS_TO"", ""object"": ""unsafe_violation"", ""evidence"": ""Exceeded Ability""}]",success
20130220X51849,"[{""text"": ""Inadequate communication equipment in the rest compartment, which could have alerted cabin crewmembers that the seatbelt sign was on."", ""role"": ""Flight Attendant"", ""tier"": ""unsafe_violation""}]","{""unsafe_violation"": [""Inadequate communication equipment in the rest compartment, which could have alerted cabin crewmembers that the seatbelt sign was on.""]}","[{""subject"": ""unsafe_violation"", ""relation"": ""LEADS_TO"", ""object"": ""unsafe_decision"", ""evidence"": ""The flight attendant reported that she thought the seatbelt sign had been turned off, so she went to the lavatory.""}]",success
20110603X52158,"[{""text"": ""lack of familiarity with detailed brake oxidation inspection procedures"", ""role"": ""Maintenance personnel"", ""tier"": ""unsafe_skill""}]","{""unsafe_skill"": [""lack of familiarity with detailed brake oxidation inspection procedures - Maintenance personnel""]}","[{""subject"": ""unsafe_skill"", ""relation"": ""CO_OCCURS_WITH"", ""object"": ""unsafe_decision"", ""evidence"": ""Maintenance personnel's lack of familiarity with detailed brake oxidation inspection procedures led to the decision not to perform a thorough inspection.""}, {""subject"": ""unsafe_skill"", ""relation"": ""LEADS_TO"", ""object"": ""unsafe_perception"", ""evidence"": ""Due to the lack of familiarity, maintenance personnel did not perceive the need for using the plastic tool or fingernail to check for oxidation.""}]",success
20011109X02219,"[{""text"": ""fatigue failure of the #3 bearing due to the manufacturer's inadequate design of the high-pressure compressor stubshaft coating"", ""role"": ""Manufacturer"", ""tier"": ""unsafe_violation""}]","{""unsafe_violation"": [""manufacturer's inadequate design of the high-pressure compressor stubshaft coating (Manufacturer)""]}","[{""subject"": ""unsafe_violation"", ""relation"": ""LEADS_TO"", ""object"": ""unsafe_decision"", ""evidence"": ""the #1 engine's fatigue failure of the #3 bearing due to the manufacturer's inadequate design of the high-pressure compressor stubshaft coating, which resulted in a loss of engine power and an emergency landing.""}]",success
20131122X05100,"[{""text"": ""The FO's primary flight display (PFD) started to malfunction, which required the FO to cross reference his PFD's indications with those of the captain's PFD."", ""role"": ""First Officer"", ""tier"": ""unsafe_skill""}, {""text"": ""Neither pilot indicated that they referenced the navigational information for the RNAV runway 19L approach after the flight was cleared to land by the local controller."", ""role"": ""Captain and First Officer"", ""tier"": ""unsafe_decision""}]","{""unsafe_skill"": [""\""The FO's primary flight display (PFD) started to malfunction, which required the FO to cross reference his PFD's indications with those of the captain's PFD.\"" - First Officer""], ""unsafe_decision"": [""\""Neither pilot indicated that they referenced the navigational information for the RNAV runway 19L approach after the flight was cleared to land by the local controller.\"" - Captain and First Officer""]}","[{""subject"": ""unsafe_skill"", ""relation"": ""LEADS_TO"", ""object"": ""unsafe_decision"", ""evidence"": ""Neither pilot indicated that they referenced the navigational information for the RNAV runway 19L approach after the flight was cleared to land by the local controller.""}]",success
20081116X33137,"[{""text"": ""the nose landing gear doors were not properly configured for landing"", ""role"": ""Flight Crew"", ""tier"": ""unsafe_skill""}]","{""unsafe_skill"": [""the nose landing gear doors were not properly configured for landing - Flight Crew""]}","[{""subject"": ""unsafe_skill"", ""relation"": ""CO_OCCURS_WITH"", ""object"": ""operator_physical"", ""evidence"": ""the nose landing gear doors were not properly configured for landing""}]",success
20090505X04553,"[{""text"": ""Exceeded Ability"", ""role"": ""First Officer (FO)"", ""tier"": ""unsafe_decision""}, {""text"": ""Inadvertent Flight Control Use"", ""role"": ""First Officer (FO)"", ""tier"": ""unsafe_skill""}]","{""operator_mental"": [""Loss of Situational Awareness - Captain"", ""Complacency - First Officer""], ""operator_physical"": [""Fatigue - First Officer""], ""operator_limits"": [""Insufficient Reaction Time - First Officer""], ""situational_tech"": [""Confusing Autothrust System Behavior - Both Pilots""], ""personnel_crm"": [""Failed to Communicate - Captain""], ""unsafe_decision"": [""Exceeded Ability - First Officer (FO)"", ""Improper Procedure - First Officer (FO)""], ""unsafe_skill"": [""Inadvertent Flight Control Use - First Officer (FO)""]}",[],success
20080514X00667,"[{""text"": ""In addition, although the handle that controls the landing gear had been moved to the retract position after takeoff, the landing gear did not retract."", ""role"": ""Flight crew"", ""tier"": ""unsafe_skill""}]","{""unsafe_skill"": [""Inadvertent Flight Control Use - Flight crew""]}","[{""subject"": ""unsafe_skill"", ""relation"": ""CO_OCCURS_WITH"", ""object"": ""operator_physical"", ""evidence"": ""In addition, although the handle that controls the landing gear had been moved to the retract position after takeoff, the landing gear did not retract.""}]",success
20051210X01960,"[{""text"": ""the airplane appeared to be a 'little low on the glideslope'"", ""role"": ""pilot"", ""tier"": ""unsafe_perception""}, {""text"": ""The captain did not add power after the airplane became airborne again."", ""role"": ""pilot"", ""tier"": ""unsafe_decision""}]","{""unsafe_perception"": [""the airplane appeared to be a 'little low on the glideslope'""], ""unsafe_decision"": [""The captain did not add power after the airplane became airborne again.""]}","[{""subject"": ""unsafe_perception"", ""relation"": ""LEADS_TO"", ""object"": ""unsafe_decision"", ""evidence"": ""the airplane appeared to be a 'little low on the glideslope' and The captain did not add power after the airplane became airborne again.""}]",success
20160827X31134,"[{""text"": ""The fan blade fractured due to a low-cycle fatigue crack that initiated in the blade root dovetail under the blade coating near the outboard edge."", ""role"": ""Maintenance"", ""tier"": ""unsafe_skill""}, {""text"": ""A loss of residual stress could be the result of a fan blade's exposure to high temperatures during the application of the dovetail coating as part of the overhaul of a blade set, but no evidence indicated that the accident fan blade dovetail was subjected to an overheat situation during the coating repair process."", ""role"": ""Maintenance"", ""tier"": ""unsafe_decision""}, {""text"": ""The shims for fan blade Nos. 22 through 24 had a newer design configuration that was introduced after the blades and their associated hardware were first installed on the accident disk. Wear patterns on the shims from blade Nos. 23 and 24 showed that a significant area of coating was missing from the blade dovetails at the time that the shims were installed."", ""role"": ""Maintenance"", ""tier"": ""unsafe_perception""}]","{""unsafe_skill"": [""The fan blade fractured due to a low-cycle fatigue crack that initiated in the blade root dovetail under the blade coating near the outboard edge.""], ""unsafe_decision"": [""A loss of residual stress could be the result of a fan blade's exposure to high temperatures during the application of the dovetail coating as part of the overhaul of a blade set, but no evidence indicated that the accident fan blade dovetail was subjected to an overheat situation during the coating repair process.""], ""unsafe_perception"": [""The shims for fan blade Nos. 22 through 24 had a newer design configuration that was introduced after the blades and their associated hardware were first installed on the accident disk. Wear patterns on the shims from blade Nos. 23 and 24 showed that a significant area of coating was missing from the blade dovetails at the time that the shims were installed.""]}","[{""subject"": ""unsafe_skill"", ""relation"": ""LEADS_TO"", ""object"": ""unsafe_decision"", ""evidence"": ""The fan blade fractured due to a low-cycle fatigue crack that initiated in the blade root dovetail under the blade coating near the outboard edge.""}, {""subject"": ""unsafe_decision"", ""relation"": ""CO_OCCURS_WITH"", ""object"": ""unsafe_perception"", ""evidence"": ""A loss of residual stress could be the result of a fan blade's exposure to high temperatures during the application of the dovetail coating as part of the overhaul of a blade set, but no evidence indicated that the accident fan blade dovetail was subjected to an overheat situation during the coating repair process.""}, {""subject"": ""unsafe_perception"", ""relation"": ""LEADS_TO"", ""object"": ""unsafe_skill"", ""evidence"": ""The shims for fan blade Nos. 22 through 24 had a newer design configuration that was introduced after the blades and their associated hardware were first installed on the accident disk. Wear patterns on the shims from blade Nos. 23 and 24 showed that a significant area of coating was missing from the blade dovetails at the time that the shims were installed.""}]",success
20171108X55532,"[{""text"": ""The maintenance provider omitted to sump the fuel tanks during the 10-day period of inactivity of the airplane."", ""role"": ""Maintenance"", ""tier"": ""unsafe_skill""}]","{""unsafe_skill"": [""Omitted Checklist Step - Maintenance""]}","[{""subject"": ""unsafe_skill"", ""relation"": ""CO_OCCURS_WITH"", ""object"": ""operator_physical"", ""evidence"": ""The maintenance provider's omission to sump the fuel tanks during the 10-day period of inactivity of the airplane, which is an unsafe skill, led to the presence of water containing dissolved aluminum sulfate (alum) in the airplane fuel system that initiated a sudden blockage of the engine VSV TM SP filter. This condition then affected the physical state of the fuel and its components.""}, {""subject"": ""unsafe_skill"", ""relation"": ""CO_OCCURS_WITH"", ""object"": ""unsafe_decision"", ""evidence"": ""The maintenance provider's unsafe skill in omitting to sump the fuel tanks during the 10-day period of inactivity of the airplane, which led to the presence of water containing dissolved aluminum sulfate (alum) in the airplane fuel system, resulted in an unsafe decision by the electronic engine control logic to supply maximum fuel flow despite the throttle at idle speed.""}]",success
20100517X92932,"[{""text"": ""When bus bar(s) show signs of blackening or burning, the condition is acceptable for continued service, although the window must be replaced within 50 flight-hours."", ""role"": ""Maintenance personnel"", ""tier"": ""unsafe_decision""}]","{""unsafe_decision"": [""\""When bus bar(s) show signs of blackening or burning, the condition is acceptable for continued service, although the window must be replaced within 50 flight-hours.\"" (Maintenance personnel)""]}","[{""subject"": ""unsafe_decision"", ""relation"": ""LEADS_TO"", ""object"": ""unsafe_skill"", ""evidence"": ""When bus bar(s) show signs of blackening or burning, the condition is acceptable for continued service, although the window must be replaced within 50 flight-hours.""}]",success
20100930X00358,"[{""text"": ""the flight crew followed the quick reference handbook directions to troubleshoot the landing gear issue without success"", ""role"": ""Flight Crew"", ""tier"": ""Unsafe Decision""}, {""text"": ""The force to operate the lever on the bypass valve was measured and found to be 60 lbs, which exceeded the acceptance test procedure -specified force requirement of 40 lbs."", ""role"": ""Maintenance Personnel"", ""tier"": ""Unsafe Skill""}]","{""unsafe_decision"": [""the flight crew followed the quick reference handbook directions to troubleshoot the landing gear issue without success (Flight Crew)""], ""unsafe_skill"": [""The force to operate the lever on the bypass valve was measured and found to be 60 lbs, which exceeded the acceptance test procedure -specified force requirement of 40 lbs. (Maintenance Personnel)""]}","[{""subject"": ""unsafe_skill"", ""relation"": ""CO_OCCURS_WITH"", ""object"": ""unsafe_decision"", ""evidence"": ""The force to operate the lever on the bypass valve was measured and found to be 60 lbs, which exceeded the acceptance test procedure -specified force requirement of 40 lbs. The flight crew followed the quick reference handbook directions to troubleshoot the landing gear issue without success.""}]",success
20091022X00120,"[{""text"": ""became distracted by a conversation regarding changes to the bidding process"", ""role"": ""Flight crew"", ""tier"": ""Failed to Prioritize Attention""}, {""text"": ""opened and operated their personal laptop computers"", ""role"": ""Flight crew"", ""tier"": ""Breakdown in Visual Scan""}]",{},"[{""subject"": ""operator_mental"", ""relation"": ""LEADS_TO"", ""object"": ""unsafe_violation"", ""evidence"": ""became distracted by a conversation regarding changes to the bidding process""}, {""subject"": ""operator_physical"", ""relation"": ""CO_OCCURS_WITH"", ""object"": ""unsafe_violation"", ""evidence"": ""opened and operated their personal laptop computers""}]",success
20110426X53639,"[{""text"": ""the incident crew overheard the report and correctly recalculated the landing distance assessment, which again indicated sufficient runway length available."", ""role"": ""Flight Crew"", ""tier"": ""Poor Decision""}, {""text"": ""No mention of speedbrakes or the Before Landing checklist is heard on the cockpit voice recording, and data from the flight data recorder (FDR) indicate that the speedbrakes were not armed."", ""role"": ""Flight Crew"", ""tier"": ""Omitted Checklist Step""}, {""text"": ""The airplane touched down within 500 feet of the runway threshold. After touchdown, the captain perceived a lack of braking effectiveness and quickly applied full manual brakes."", ""role"": ""Flight Crew"", ""tier"": ""Failed to Prioritize Attention""}]","{""unsafe_skill"": [""Omitted Checklist Step - Flight Crew"", ""Failed to Prioritize Attention - Flight Crew""], ""unsafe_decision"": [""Poor Decision - Flight Crew""]}","[{""subject"": ""unsafe_decision"", ""relation"": ""LEADS_TO"", ""object"": ""unsafe_perception"", ""evidence"": ""The flight crew's delayed deployment of the speedbrakes and thrust reversers, resulting in insufficient runway remaining to bring the airplane to a stop.""}, {""subject"": ""unsafe_skill"", ""relation"": ""LEADS_TO"", ""object"": ""unsafe_decision"", ""evidence"": ""The flight crew's omission of the Before Landing checklist, which includes an item to verify speedbrake arming before touchdown, as a result of workload and operational distractions during the approach phase of flight.""}, {""subject"": ""operator_physical"", ""relation"": ""CO_OCCURS_WITH"", ""object"": ""unsafe_decision"", ""evidence"": ""The airplane touched down within 500 feet of the runway threshold. After touchdown, the captain perceived a lack of braking effectiveness and quickly applied full manual brakes.""}]",success
20100916X50512,"[{""text"": ""The Local North Controller's issuance of a left-turn heading to the Airbus without establishing the position and heading of the Beech."", ""role"": ""Local North Controller"", ""tier"": ""unsafe_skill""}, {""text"": ""The Local South Controller became distracted in dealing with a ground operation and did not notice that the Beech was not turning as soon as he expected."", ""role"": ""Local South Controller"", ""tier"": ""unsafe_decision""}]","{""unsafe_skill"": [""Breakdown in Visual Scan - Local South Controller""], ""unsafe_decision"": [""Poor Decision - Local North Controller""]}","[{""subject"": ""unsafe_skill"", ""relation"": ""LEADS_TO"", ""object"": ""unsafe_decision"", ""evidence"": ""The Local North Controller's issuance of a left-turn heading to the Airbus without establishing the position and heading of the Beech led to the Local South Controller becoming distracted in dealing with a ground operation and not noticing that the Beech was not turning as soon as expected.""}]",success
20110404X21934,"[{""text"": ""The casual tone in the cockpit during preflight activities and the taxi did not support the creation of a functional team environment conducive to the crew's subsequent attempts to resolve the abnormal situation."", ""role"": ""Crew"", ""tier"": ""Unsafe Skill""}, {""text"": ""The captain stopped managing the emergency and the crew's coordination deteriorated further. After the captain stated they were in emergency electrical configuration, the first officer stated 'yup confirm. Let's go back.' Had the captain been properly managing the abnormal, and now emergency, situation, he should have made the decision to return to the airport rather than the first officer making that decision."", ""role"": ""Crew"", ""tier"": ""Unsafe Decision""}]",{},"[{""subject"": ""unsafe_skill"", ""relation"": ""CO_OCCURS_WITH"", ""object"": ""personnel_crm"", ""evidence"": ""The casual tone in the cockpit during preflight activities and the taxi did not support the creation of a functional team environment conducive to the crew's subsequent attempts to resolve the abnormal situation.""}, {""subject"": ""unsafe_decision"", ""relation"": ""CO_OCCURS_WITH"", ""object"": ""personnel_crm"", ""evidence"": ""The captain stopped managing the emergency and the crew's coordination deteriorated further. After the captain stated they were in emergency electrical configuration, the first officer stated 'yup confirm. Let's go back.' Had the captain been properly managing the abnormal, and now emergency, situation, he should have made the decision to return to the airport rather than the first officer making that decision.""}]",success
20070503X00504,"[{""text"": ""incomplete company/manufacturer's procedures because they did not address anomalous reverser indications during ground operations"", ""role"": ""Maintenance crew"", ""tier"": ""unsafe_skill""}, {""text"": ""pilots of previous flights in not referring earlier reverser deployment failures for maintenance action"", ""role"": ""Pilot"", ""tier"": ""unsafe_skill""}]","{""unsafe_skill"": [""\""incomplete company/manufacturer's procedures because they did not address anomalous reverser indications during ground operations\"" (Maintenance crew)"", ""\""pilots of previous flights in not referring earlier reverser deployment failures for maintenance action\"" (Pilot)""]}","[{""subject"": ""unsafe_skill"", ""relation"": ""LEADS_TO"", ""object"": ""unsafe_decision"", ""evidence"": ""pilots of previous flights in not referring earlier reverser deployment failures for maintenance action""}]",success
20010212X00438,"[{""text"": ""Exceeded Ability"", ""role"": ""Pilot"", ""tier"": ""unsafe_decision""}]","{""unsafe_decision"": [""Automatic roll out performance has been approved on dry and wet runways, but performance has not been demonstrated on snow covered or icy runway.""]}",[],success
20180102X34923,"[{""text"": ""assigned the lowest altitude in the MVA area containing the fix CEGAN (7,800 feet) and expecting the crew to stop their descent at the higher published altitude of 10,000 feet"", ""role"": ""ATC personnel"", ""tier"": ""unsafe_decision""}]","{""unsafe_decision"": [""assigned the lowest altitude in the MVA area containing the fix CEGAN (7,800 feet) and expecting the crew to stop their descent at the higher published altitude of 10,000 feet""]}","[{""subject"": ""unsafe_decision"", ""relation"": ""LEADS_TO"", ""object"": ""unsafe_violation"", ""evidence"": ""assigned the lowest altitude in the MVA area containing the fix CEGAN (7,800 feet) and expecting the crew to stop their descent at the higher published altitude of 10,000 feet""}]",success
20040121X00082,"[{""text"": ""the first officer did not properly apply control wheel and rudder inputs to align the airplane with the runway centerline or apply appropriate back pressure on the control column to arrest the airplane's rate of descent before touchdown"", ""role"": ""first officer"", ""tier"": ""unsafe_skill""}, {""text"": ""the captain, who was conducting a line check of the first officer, did not adequately monitor the first officer's performance during the final stages of the approach and landing at Memphis and failed to take or initiate corrective action to prevent the accident"", ""role"": ""captain"", ""tier"": ""unsafe_decision""}]","{""unsafe_skill"": [""the first officer did not properly apply control wheel and rudder inputs to align the airplane with the runway centerline or apply appropriate back pressure on the control column to arrest the airplane's rate of descent before touchdown""], ""unsafe_decision"": [""the captain, who was conducting a line check of the first officer, did not adequately monitor the first officer's performance during the final stages of the approach and landing at Memphis and failed to take or initiate corrective action to prevent the accident""]}","[{""subject"": ""unsafe_skill"", ""relation"": ""LEADS_TO"", ""object"": ""unsafe_decision"", ""evidence"": ""the captain, who was conducting a line check of the first officer, did not adequately monitor the first officer's performance during the final stages of the approach and landing at Memphis and failed to take or initiate corrective action to prevent the accident""}]",success
20090513X31333,"[{""text"": ""Inadvertent application of excessive braking during touchdown"", ""role"": ""Pilot"", ""tier"": ""unsafe_skill""}]","{""unsafe_skill"": [""Inadvertent application of excessive braking during touchdown - Pilot""]}","[{""subject"": ""unsafe_skill"", ""relation"": ""LEADS_TO"", ""object"": ""unsafe_violation"", ""evidence"": ""The pilot's inadvertent application of excessive braking after touchdown, which caused the right wheels to lock and several tires to blow and resulted in a subsequent brake fire.""}]",success
20180420X04304,"[{""text"": ""The fractured RMLG cylinder was last inspected per the AD on November 16, 2017, which was 218 landing cycles prior to the accident landing and 279 landing cycles since its previous inspection."", ""role"": ""Maintenance crew"", ""tier"": ""unsafe_skill""}]","{""unsafe_skill"": [""The fractured RMLG cylinder was last inspected per the AD on November 16, 2017, which was 218 landing cycles prior to the accident landing and 279 landing cycles since its previous inspection.""]}","[{""subject"": ""unsafe_skill"", ""relation"": ""LEADS_TO"", ""object"": ""unsafe_decision"", ""evidence"": ""The fractured RMLG cylinder was last inspected per the AD on November 16, 2017, which was 218 landing cycles prior to the accident landing and 279 landing cycles since its previous inspection.""}]",success
20081224X25658,"[{""text"": ""Lack of communication - Ground crew"", ""role"": ""Ground deicing crew"", ""tier"": ""unsafe_decision""}]","{""unsafe_decision"": [""'Ground Deicing Crewmember shall confirm with Flight Crew that the aircraft is configured for deicing.' - Ground deicing crew""]}","[{""subject"": ""unsafe_decision"", ""relation"": ""LEADS_TO"", ""object"": ""unsafe_violation"", ""evidence"": ""The failure of the deicing crew to follow company procedures by not receiving confirmation from the flight crew before beginning to deice the airplane.""}]",success
20070409X00387,"[{""text"": ""Omitted Checklist Step - First Officer"", ""role"": ""First Officer"", ""tier"": ""unsafe_skill""}]","{""unsafe_skill"": [""Omitted Checklist Step - First Officer""]}","[{""subject"": ""unsafe_skill"", ""relation"": ""CO_OCCURS_WITH"", ""object"": ""operator_limits"", ""evidence"": ""The flight crew's failure to complete the checklist and adhere to airplane placards.""}, {""subject"": ""unsafe_skill"", ""relation"": ""LEADS_TO"", ""object"": ""unsafe_decision"", ""evidence"": ""The flight crew's failure to complete the checklist and adhere to airplane placards.""}]",success
20081228X25156,"[{""text"": ""The ground crew of the Boeing 737-832 reported that they had stopped, were in a static position, and in the final stages of disconnecting the tug when the collision occurred."", ""role"": ""Ground crew"", ""tier"": ""unsafe_skill""}, {""text"": ""The ground crew of the Boeing 757-351 reported that they never observed the Boeing 737-832 during their pushback process."", ""role"": ""Ground crew"", ""tier"": ""unsafe_skill""}]","{""unsafe_skill"": [""The ground crew of the Boeing 737-832 reported that they had stopped, were in a static position, and in the final stages of disconnecting the tug when the collision occurred."", ""The ground crew of the Boeing 757-351 reported that they never observed the Boeing 737-832 during their pushback process.""]}","[{""subject"": ""unsafe_skill"", ""relation"": ""CO_OCCURS_WITH"", ""object"": ""unsafe_skill"", ""evidence"": ""The ground crew of the Boeing 737-832 reported that they had stopped, were in a static position, and in the final stages of disconnecting the tug when the collision occurred. The ground crew of the Boeing 757-351 reported that they never observed the Boeing 737-832 during their pushback process.""}]",success
20100827X20401,"[{""text"": ""Inadvertent Flight Control Use"", ""role"": ""Copilot - C"", ""tier"": ""unsafe_skill""}]","{""unsafe_skill"": [""Inadvertent activation of the parking brake in flight""]}","[{""subject"": ""unsafe_skill"", ""relation"": ""LEADS_TO"", ""object"": ""unsafe_decision"", ""evidence"": ""The first officer's inadvertent activation of the parking brake in flight, which led to the airplane abruptly stopping and all four of its main landing gear tires deflating""}]",success
20001212X21726,"[{""text"": ""Elev trim will not go full forward, stops at two units."", ""role"": ""Maintenance"", ""tier"": ""unsafe_perception""}, {""text"": ""Elevator trim wheel does not stop at its limits (at markings)."", ""role"": ""Maintenance"", ""tier"": ""unsafe_violation""}]","{""unsafe_perception"": [""'Elev trim will not go full forward, stops at two units.' - Maintenance""], ""unsafe_violation"": [""'Elevator trim wheel does not stop at its limits (at markings).' - Maintenance""]}","[{""subject"": ""unsafe_violation"", ""relation"": ""LEADS_TO"", ""object"": ""unsafe_perception"", ""evidence"": ""Elev trim will not go full forward, stops at two units.""}, {""subject"": ""unsafe_violation"", ""relation"": ""CO_OCCURS_WITH"", ""object"": ""unsafe_perception"", ""evidence"": ""Elevator trim wheel does not stop at its limits (at markings).""}]",success
20011022X02123,[],{},[],parse_error
20020702X01033,"[{""text"": ""Omitted Checklist Step"", ""role"": ""First Officer (PNF)"", ""tier"": ""unsafe_skill""}]","{""unsafe_skill"": [""Omitted Checklist Step - First Officer (PNF)""]}","[{""subject"": ""unsafe_skill"", ""relation"": ""LEADS_TO"", ""object"": ""unsafe_decision"", ""evidence"": ""The first officer did not recall being distracted during the checklist or before takeoff procedures. The first officer called V1 rotate, and the captain responded to an aircraft pitch of approximately 12 degrees.""}]",success
20250320199887,"[{""text"": ""The captain stated that for a H2 departure he would not be able to see the numbers on the runway itself but could use the lighting and magnetic course."", ""role"": ""Pilot"", ""tier"": ""unsafe_skill""}, {""text"": ""Both crew confirmed that the airplane in sight was landing on 17L, after which he stated final is clear, and recalled seeing the 17R sign straight ahead. The captain also stated after clearing and passing taxiway G, he had mistakenly turned right onto taxiway H thinking it was runway 17R."", ""role"": ""Pilot"", ""tier"": ""unsafe_decision""}]","{""unsafe_skill"": [""\""The captain stated that for a H2 departure he would not be able to see the numbers on the runway itself but could use the lighting and magnetic course. (Captain)\""""], ""unsafe_decision"": [""\""Both crew confirmed that the airplane in sight was landing on 17L, after which he stated final is clear, and recalled seeing the 17R sign straight ahead. The captain also stated after clearing and passing taxiway G, he had mistakenly turned right onto taxiway H thinking it was runway 17R. (Captain)\""""]}","[{""subject"": ""unsafe_skill"", ""relation"": ""CO_OCCURS_WITH"", ""object"": ""unsafe_decision"", ""evidence"": ""Both crew confirmed that the airplane in sight was landing on 17L, after which he stated final is clear, and recalled seeing the 17R sign straight ahead. The captain also stated after clearing and passing taxiway G, he had mistakenly turned right onto taxiway H thinking it was runway 17R.""}]",success
20010322X00633,"[{""text"": ""Omitted Checklist Step"", ""role"": ""First Officer"", ""tier"": ""unsafe_skill""}]","{""unsafe_skill"": [""Omitted Checklist Step - First Officer""]}","[{""subject"": ""unsafe_skill"", ""relation"": ""LEADS_TO"", ""object"": ""unsafe_decision"", ""evidence"": ""Omitted Checklist Step""}]",success
20150211X14605,"[{""text"": ""The nose gear steering feedback sensors (resolvers) were misrigged to the point that the nosewheel steering control module's drift monitor function became active, as the digital voice and data recorder (DVDR) data indicated deflection of the NLG resolvers after lifting off the runway."", ""role"": ""Maintenance personnel"", ""tier"": ""unsafe_skill""}]","{""unsafe_skill"": [""Misrigging of Nosewheel Steering Feedback Sensors - Maintenance personnel""]}","[{""subject"": ""unsafe_skill"", ""relation"": ""CO_OCCURS_WITH"", ""object"": ""operator_physical"", ""evidence"": ""The nose gear steering feedback sensors (resolvers) were misrigged to the point that the nosewheel steering control module's drift monitor function became active, as the digital voice and data recorder (DVDR) data indicated deflection of the NLG resolvers after lifting off the runway.""}]",success
20060618X00758,"[{""text"": ""The flight crew was unsure which checklist to use in the Quick Reference Handbook (QRH), since the 'Gear Lever Cannot Be Moved Up' checklist began with the condition: 'LG WOW SYS FAIL message displayed.'"", ""role"": ""Flight Crew"", ""tier"": ""unsafe_skill""}, {""text"": ""The operator's maintenance job card titled 'Servicing NLG Shock Strut,' dated October 1, 2004, revealed discrepancies when compared to the manufacturer's Aircraft Maintenance Manual (AMM), titled 'Nose Landing Gear Shock Strut - Servicing,' dated October 20, 2004. The operator's job card did not contain a procedure to fill the shock strut with the final volume of hydraulic fluid."", ""role"": ""Maintenance Crew"", ""tier"": ""unsafe_skill""}]","{""unsafe_skill"": [""'Gear Lever Cannot Be Moved Up' checklist began with the condition: 'LG WOW SYS FAIL message displayed.' (Flight Crew)"", ""Operator's maintenance job card did not contain a procedure to fill the shock strut with the final volume of hydraulic fluid. (Maintenance Crew)""]}","[{""subject"": ""unsafe_skill"", ""relation"": ""CO_OCCURS_WITH"", ""object"": ""operator_mental"", ""evidence"": ""The flight crew was unsure which checklist to use in the Quick Reference Handbook (QRH), since the 'Gear Lever Cannot Be Moved Up' checklist began with the condition: 'LG WOW SYS FAIL message displayed.'""}, {""subject"": ""unsafe_skill"", ""relation"": ""CO_OCCURS_WITH"", ""object"": ""operator_mental"", ""evidence"": ""The operator's maintenance job card titled 'Servicing NLG Shock Strut,' dated October 1, 2004, revealed discrepancies when compared to the manufacturer's Aircraft Maintenance Manual (AMM), titled 'Nose Landing Gear Shock Strut - Servicing,' dated October 20, 2004. The operator's job card did not contain a procedure to fill the shock strut with the final volume of hydraulic fluid.""}]",success
20030516X00677,"[{""text"": ""Excessive wear on the bushings and the right aileron inboard and outboard power control unit output link resulting in the upward movement of the right aileron during cruise climb, uncommanded right roll."", ""role"": ""Maintenance"", ""tier"": ""unsafe_perception""}]","{""unsafe_perception"": [""Excessive wear on the bushings and the right aileron inboard and outboard power control unit output link resulting in the upward movement of the right aileron during cruise climb, uncommanded right roll.""]}","[{""subject"": ""unsafe_perception"", ""relation"": ""LEADS_TO"", ""object"": ""unsafe_decision"", ""evidence"": ""Excessive wear on the bushings and the right aileron inboard and outboard power control unit output link resulting in the upward movement of the right aileron during cruise climb, uncommanded right roll.""}]",success
20140603X95748,"[{""text"": ""The operator performed the most recent AD x-ray inspection on the incident airplane on December 10, 2012, at an airframe total time of 36,288.0 hours, 611.7 hours prior to the incident. There were no discrepancies reported from this inspection."", ""role"": ""Maintenance personnel"", ""tier"": ""unsafe_skill""}]","{""unsafe_skill"": [""The operator performed the most recent AD x-ray inspection on the incident airplane on December 10, 2012, at an airframe total time of 36,288.0 hours, 611.7 hours prior to the incident. There were no discrepancies reported from this inspection.""]}","[{""subject"": ""unsafe_skill"", ""relation"": ""CO_OCCURS_WITH"", ""object"": ""operator_limits"", ""evidence"": ""The operator performed the most recent AD x-ray inspection on the incident airplane on December 10, 2012, at an airframe total time of 36,288.0 hours, 611.7 hours prior to the incident. There were no discrepancies reported from this inspection.""}]",success
20081215X93019,"[{""text"": ""The mechanic who replaced the left uplock assembly had never before done such installation, nor had he received pertinent training."", ""role"": ""Maintenance"", ""tier"": ""unsafe_skill""}, {""text"": ""The RII inspector did not use a mirror to examine the components in the darkened gear well and used an abbreviated functional check procedure instead of the manual gear extend test procedure specified in the maintenance manual."", ""role"": ""Maintenance"", ""tier"": ""unsafe_skill""}]","{""unsafe_skill"": [""\""The mechanic who replaced the left uplock assembly had never before done such installation, nor had he received pertinent training.\"" (Mechanic)"", ""\""The RII inspector did not use a mirror to examine the components in the darkened gear well and used an abbreviated functional check procedure instead of the manual gear extend test procedure specified in the maintenance manual.\"" (RII Inspector)""]}","[{""subject"": ""unsafe_skill"", ""relation"": ""LEADS_TO"", ""object"": ""unsafe_decision"", ""evidence"": ""The mechanic who replaced the left uplock assembly had never before done such installation, nor had he received pertinent training.""}, {""subject"": ""unsafe_skill"", ""relation"": ""LEADS_TO"", ""object"": ""unsafe_perception"", ""evidence"": ""The RII inspector did not use a mirror to examine the components in the darkened gear well and used an abbreviated functional check procedure instead of the manual gear extend test procedure specified in the maintenance manual.""}]",success
20100216X34257,"[{""text"": ""The captain reported that while taxiing in and choosing to stay visually with the marshaller, he noticed the marshaller\u2019s hands were starting to move upward to perform the stop signal, when the left propeller struck the jet bridge."", ""role"": ""Captain"", ""tier"": ""unsafe_skill""}, {""text"": ""The first officer reported that he never saw the jet bridge on the left side. He then turned his attention back to the marshaller and saw his arms moving up indicating they were close to the stopping location. Before the wands crossed, he felt something hit the airplane."", ""role"": ""First Officer"", ""tier"": ""unsafe_skill""}, {""text"": ""The marshaller reported that he was concentrating on his left side view of the airplane (right side of the airplane) due to the fuel truck being parked on the pathway that leads to the bag room, which was too close to the envelope line and he did not want to hit the wing tip. When he stopped the airplane at the line by using the customary stop signal, the left engine propeller hit the jet bridge."", ""role"": ""Marshaller"", ""tier"": ""unsafe_skill""}]","{""unsafe_skill"": [""\""The captain reported that while taxiing in and choosing to stay visually with the marshaller, he noticed the marshaller\u2019s hands were starting to move upward to perform the stop signal, when the left propeller struck the jet bridge.\"" (Captain)"", ""\""The first officer reported that he never saw the jet bridge on the left side. He then turned his attention back to the marshaller and saw his arms moving up indicating they were close to the stopping location. Before the wands crossed, he felt something hit the airplane.\"" (First Officer)"", ""\""The marshaller reported that he was concentrating on his left side view of the airplane (right side of the airplane) due to the fuel truck being parked on the pathway that leads to the bag room, which was too close to the envelope line and he did not want to hit the wing tip. When he stopped the airplane at the line by using the customary stop signal, the left engine propeller hit the jet bridge.\"" (Marshaller)""]}","[{""subject"": ""unsafe_skill"", ""relation"": ""CO_OCCURS_WITH"", ""object"": ""unsafe_decision"", ""evidence"": ""The captain and first officer failed to maintain clearance from the jet bridge during taxi, while the marshaller misjudged the stop line.""}]",success
20210507103049,"[{""text"": ""The local controller did not visually scan all runways and airspace when he instructed the Cessna 337 pilot to enter a right downwind, and again, when he issued a takeoff clearance to the Allegiant Air flight"", ""role"": ""ATC personnel"", ""tier"": ""unsafe_skill""}]","{""unsafe_skill"": [""The local controller did not visually scan all runways and airspace when he instructed the Cessna 337 pilot to enter a right downwind, and again, when he issued a takeoff clearance to the Allegiant Air flight - ATC personnel""]}","[{""subject"": ""unsafe_skill"", ""relation"": ""LEADS_TO"", ""object"": ""unsafe_decision"", ""evidence"": ""The local controller's failure to properly scan the runway and local area, and their general loss of situational awareness, resulting in a near midair collision.""}, {""subject"": ""unsafe_skill"", ""relation"": ""CO_OCCURS_WITH"", ""object"": ""unsafe_perception"", ""evidence"": ""The Cessna 337 pilot's poor decision making when he failed to fly the standard downwind leg distance from the runway and to maintain the standard traffic pattern altitude.""}]",success
20080915X01465,"[{""text"": ""deviated from sterile cockpit environment"", ""role"": ""Flight crew"", ""tier"": ""unsafe_decision""}]","{""unsafe_decision"": [""deviated from sterile cockpit environment - Flight crew""]}","[{""subject"": ""unsafe_decision"", ""relation"": ""LEADS_TO"", ""object"": ""unsafe_violation"", ""evidence"": ""deviated from sterile cockpit environment""}]",success
20091228X15816,"[{""text"": ""Improperly installed shim stacks, poor alignment of the L-brackets"", ""role"": ""Maintenance personnel"", ""tier"": ""Unsafe Skill""}]","{""unsafe_skill"": [""Improperly installed shim stacks, poor alignment of the L-brackets - Maintenance personnel""]}","[{""subject"": ""unsafe_skill"", ""relation"": ""CO_OCCURS_WITH"", ""object"": ""unsafe_violation"", ""evidence"": ""Improperly installed shim stacks, poor alignment of the L-brackets""}]",success
20020322X00387,"[{""text"": ""The flight crew did not advise the lead flight attendant (LFA) of the turbulence level and its anticipated duration nor did they use turbulence codes, as stipulated in Northwest Airlines' Flight Operations Manual."", ""role"": ""Flight Crew"", ""tier"": ""unsafe_decision""}, {""text"": ""The LFA did not relay the turbulence information to all of the flight attendants, as stipulated in the company's Flight Attendant Manual."", ""role"": ""Lead Flight Attendant (LFA)"", ""tier"": ""unsafe_decision""}]","{""unsafe_decision"": [""The flight crew did not advise the lead flight attendant (LFA) of the turbulence level and its anticipated duration nor did they use turbulence codes, as stipulated in Northwest Airlines' Flight Operations Manual."", ""The LFA did not relay the turbulence information to all of the flight attendants, as stipulated in the company's Flight Attendant Manual.""]}","[{""subject"": ""unsafe_decision"", ""relation"": ""LEADS_TO"", ""object"": ""unsafe_perception"", ""evidence"": ""The flight crew did not advise the lead flight attendant (LFA) of the turbulence level and its anticipated duration nor did they use turbulence codes, as stipulated in Northwest Airlines' Flight Operations Manual.""}, {""subject"": ""unsafe_decision"", ""relation"": ""LEADS_TO"", ""object"": ""unsafe_perception"", ""evidence"": ""The LFA did not relay the turbulence information to all of the flight attendants, as stipulated in the company's Flight Attendant Manual.""}]",success
20010816X01695,"[{""text"": ""There was no ground crew free at the time to flag out FLT 519 as I was busy and the other two agents were getting FLT 7637 boarded and it departed at 635P."", ""role"": ""Ground personnel"", ""tier"": ""unsafe_skill""}]","{""unsafe_skill"": [""Failed to Prioritize Attention - Ground personnel""]}","[{""subject"": ""unsafe_skill"", ""relation"": ""CO_OCCURS_WITH"", ""object"": ""operator_physical"", ""evidence"": ""After beginning taxi roll a slight bump was felt that was compatible with a rough ramp area.""}, {""subject"": ""unsafe_skill"", ""relation"": ""LEADS_TO"", ""object"": ""unsafe_decision"", ""evidence"": ""Repeated radio requests to obtain stairs to deplane were denied due to unavailability.  ... Received confirmation that the aircraft was all clear below for engine start and taxi.  ... After beginning taxi roll a slight bump was felt that was compatible with a rough ramp area.""}, {""subject"": ""unsafe_skill"", ""relation"": ""LEADS_TO"", ""object"": ""unsafe_violation"", ""evidence"": ""There was no ground crew free at the time to flag out FLT 519 as I was busy and the other two agents were getting FLT 7637 boarded and it departed at 635P.  After flagging out FLT 533 I went over to where FLT 519 had been sitting and discovered the chocks lying on the ramp.""}]",success
20070423X00446,"[{""text"": ""The left engine fan blade was struck by 3-5 ducks at the midspan shroud liberating the fan blade tip, which was contained."", ""role"": ""Pilot"", ""tier"": ""unsafe_skill""}]","{""unsafe_skill"": [""The left engine fan blade was struck by 3-5 ducks at the midspan shroud liberating the fan blade tip, which was contained.""]}","[{""subject"": ""unsafe_skill"", ""relation"": ""LEADS_TO"", ""object"": ""unsafe_decision"", ""evidence"": ""The left engine fan blade was struck by 3-5 ducks at the midspan shroud liberating the fan blade tip, which was contained.""}]",success
20010207X00412,"[{""text"": ""The autopilot was coupled to the #1 NAV for the approach"", ""role"": ""Pilot"", ""tier"": ""unsafe_skill""}, {""text"": ""the captain's course deviation indicator (CDI) jumped whenever the area around the FMS switching matrix or the K1 relay itself was physically tapped"", ""role"": ""Maintenance"", ""tier"": ""unsafe_skill""}]","{""operator_mental"": [""Loss of Situational Awareness (Captain)""], ""situational_tech"": [""False 'On Course' Indication (Autopilot System)""], ""personnel_crm"": [""Failed to Communicate (Approach Control)""], ""unsafe_skill"": [""\""The autopilot was coupled to the #1 NAV for the approach\"" (Pilot)"", ""\""the captain's course deviation indicator (CDI) jumped whenever the area around the FMS switching matrix or the K1 relay itself was physically tapped\"" (Maintenance)""]}","[{""subject"": ""unsafe_skill"", ""relation"": ""LEADS_TO"", ""object"": ""unsafe_decision"", ""evidence"": ""The autopilot was coupled to the #1 NAV for the approach""}, {""subject"": ""unsafe_skill"", ""relation"": ""CO_OCCURS_WITH"", ""object"": ""unsafe_perception"", ""evidence"": ""the captain's course deviation indicator (CDI) jumped whenever the area around the FMS switching matrix or the K1 relay itself was physically tapped""}]",success
20001212X20609,"[{""text"": ""The first officer landed the airplane on runway 35L in a slight left crosswind."", ""role"": ""First Officer"", ""tier"": ""unsafe_skill""}]","{""unsafe_skill"": [""The first officer landed the airplane on runway 35L in a slight left crosswind.""]}","[{""subject"": ""unsafe_skill"", ""relation"": ""CO_OCCURS_WITH"", ""object"": ""operator_physical"", ""evidence"": ""The first officer landed the airplane on runway 35L in a slight left crosswind.""}]",success
20150812X63537,"[{""text"": ""continued to secure items despite an initial encounter with turbulence because they did not feel endangered by it at the time."", ""role"": ""Aft flight attendant"", ""tier"": ""unsafe_decision""}]","{""unsafe_decision"": [""continued to secure items despite an initial encounter with turbulence because they did not feel endangered by it at the time.""]}","[{""subject"": ""unsafe_decision"", ""relation"": ""LEADS_TO"", ""object"": ""unsafe_perception"", ""evidence"": ""continued to secure items despite an initial encounter with turbulence because they did not feel endangered by it at the time.""}]",success
20030624X00941,"[{""text"": ""The captain maintained the airplane's airspeed below 215 knots, and diverted the flight back to Phoenix Sky Harbor International Airport."", ""role"": ""pilot"", ""tier"": ""unsafe_skill""}, {""text"": ""To maintain the airplane in the proper attitude the first officer said that about 30 pounds of backpressure was required on the yolk to counteract the trim forces."", ""role"": ""pilot"", ""tier"": ""unsafe_skill""}]","{""unsafe_skill"": [""\""The captain maintained the airplane's airspeed below 215 knots, and diverted the flight back to Phoenix Sky Harbor International Airport.\"" (pilot)"", ""\""To maintain the airplane in the proper attitude the first officer said that about 30 pounds of backpressure was required on the yolk to counteract the trim forces.\"" (pilot)""]}","[{""subject"": ""unsafe_skill"", ""relation"": ""CO_OCCURS_WITH"", ""object"": ""operator_physical"", ""evidence"": ""To maintain the airplane in the proper attitude the first officer said that about 30 pounds of backpressure was required on the yolk to counteract the trim forces.""}, {""subject"": ""unsafe_skill"", ""relation"": ""LEADS_TO"", ""object"": ""unsafe_decision"", ""evidence"": ""The captain maintained the airplane's airspeed below 215 knots, and diverted the flight back to Phoenix Sky Harbor International Airport.""}]",success
20200521X63755,"[{""text"": ""Improper procedure"", ""role"": ""Maintenance personnel"", ""tier"": ""unsafe_decision""}]","{""unsafe_decision"": [""Improper procedure - Maintenance personnel""]}","[{""subject"": ""unsafe_decision"", ""relation"": ""LEADS_TO"", ""object"": ""unsafe_skill"", ""evidence"": ""The maintenance instructions for the dorsal fin indicated that the mechanic should note the type and location of the bolts removed to ensure that each bolt would be returned to the same location from where it was removed.""}]",success
20041209X01953,"[{""text"": ""The captain elected to conduct a go-around maneuver, and rotated the airplane to a nose high attitude of about 12 degrees prior to achieving sufficient airspeed and a positive rate of climb."", ""role"": ""Pilot Flying (PF)"", ""tier"": ""unsafe_decision""}]","{""operator_mental"": [""Loss of Situational Awareness (Captain)""], ""operator_physical"": [""Physical Fatigue (Captain and First Officer)""], ""operator_limits"": [""Insufficient Reaction Time (Captain)""], ""situational_tech"": [""Incompatible Intelligence/Aptitude (Autopilot System)""], ""personnel_crm"": [""Failed to Communicate (Captain)""], ""unsafe_decision"": [""The captain elected to conduct a go-around maneuver, and rotated the airplane to a nose high attitude of about 12 degrees prior to achieving sufficient airspeed and a positive rate of climb.""]}","[{""subject"": ""unsafe_decision"", ""relation"": ""LEADS_TO"", ""object"": ""unsafe_violation"", ""evidence"": ""The captain elected to conduct a go-around maneuver, and rotated the airplane to a nose high attitude of about 12 degrees prior to achieving sufficient airspeed and a positive rate of climb.""}]",success
20080331X00404,"[{""text"": ""The flight crew spoke of personal matters and did not follow the sterile cockpit regulations as specified by 14 Code of Federal Regulations Part 21.542."", ""role"": ""Flight crew"", ""tier"": ""unsafe_skill""}]","{""unsafe_skill"": [""Failed to Prioritize Attention - Flight crew""]}","[{""subject"": ""unsafe_skill"", ""relation"": ""CO_OCCURS_WITH"", ""object"": ""personnel_crm"", ""evidence"": ""The flight crew spoke of personal matters and did not follow the sterile cockpit regulations as specified by 14 Code of Federal Regulations Part 21.542.""}]",success
20050627X00874,"[{""text"": ""After touchdown, monitor ground spoiler deployment and be prepared to counter any pitch-up tendency as spoilers extend."", ""role"": ""Pilot Flying (PF)"", ""tier"": ""unsafe_skill""}, {""text"": ""The PIC reported that the landing approach speed was 163 knots. The airplane's main landing gear touched down normally, and was followed by a normal de-rotation rate; however, he heard a loud 'explosion' when the nose landing gear contacted the runway."", ""role"": ""Pilot Monitoring (PM) / Pilot-in-Command (PIC)"", ""tier"": ""unsafe_decision""}]","{""unsafe_skill"": [""'After touchdown, monitor ground spoiler deployment and be prepared to counter any pitch-up tendency as spoilers extend.' - Pilot Flying (PF)""], ""unsafe_decision"": [""'The PIC reported that the landing approach speed was 163 knots. The airplane's main landing gear touched down normally, and was followed by a normal de-rotation rate; however, he heard a loud 'explosion' when the nose landing gear contacted the runway.' - Pilot Monitoring (PM) / Pilot-in-Command (PIC)""]}","[{""subject"": ""unsafe_skill"", ""relation"": ""LEADS_TO"", ""object"": ""unsafe_decision"", ""evidence"": ""The flying pilot's improper aircraft handling after main landing gear touchdown, which resulted in the collapse of the nose landing gear assembly.""}]",success
20111206X05636,"[{""text"": ""Failed to Prioritize Attention"", ""role"": ""Flight Attendant"", ""tier"": ""unsafe_skill""}]","{""unsafe_skill"": [""Failed to prioritize attention - Flight attendants were not seated when turbulence was encountered""]}","[{""subject"": ""unsafe_skill"", ""relation"": ""CO_OCCURS_WITH"", ""object"": ""unsafe_decision"", ""evidence"": ""The flight crew's request for the cabin to be secured was close to the time of the turbulence encounter, since none of the flight attendants had completed securing the service items when the encounter occurred.""}]",success
20001215X45420,"[{""text"": ""The cables were cut and not properly protected."", ""role"": ""Maintenance personnel"", ""tier"": ""Unsafe Skill""}]","{""unsafe_skill"": [""The cables were cut and not properly protected.""]}","[{""subject"": ""unsafe_skill"", ""relation"": ""CO_OCCURS_WITH"", ""object"": ""operator_physical"", ""evidence"": ""The cables were cut and not properly protected.""}]",success
20060330X00368,"[{""text"": ""The aircraft continued to sink in the flare and made a very firm landing with no bounce."", ""role"": ""Captain"", ""tier"": ""unsafe_skill""}]","{""unsafe_skill"": [""The aircraft continued to sink in the flare and made a very firm landing with no bounce - Captain""]}","[{""subject"": ""unsafe_skill"", ""relation"": ""LEADS_TO"", ""object"": ""unsafe_decision"", ""evidence"": ""The aircraft continued to sink in the flare and made a very firm landing with no bounce.""}]",success
20070705X00879,"[{""text"": ""pilots exercise caution taxiing past hold pad with parked aircraft - maintain centerline."", ""role"": ""777-222 Captain"", ""tier"": ""unsafe_skill""}, {""text"": ""Entire aircraft must be contained inside pad boundary line/lights."", ""role"": ""MD 83 First Officer"", ""tier"": ""unsafe_skill""}]","{""unsafe_skill"": [""\""pilots exercise caution taxiing past hold pad with parked aircraft - maintain centerline.\"" [777-222 Captain]"", ""\""Entire aircraft must be contained inside pad boundary line/lights.\"" [MD 83 First Officer]""]}","[{""subject"": ""unsafe_skill"", ""relation"": ""LEADS_TO"", ""object"": ""unsafe_violation"", ""evidence"": ""The 777-222's flight crew not maintaining clearance from the parked/standing MD 83.""}, {""subject"": ""unsafe_skill"", ""relation"": ""CO_OCCURS_WITH"", ""object"": ""unsafe_decision"", ""evidence"": ""The 777-222's flight crew used flight handbook reference points to remain clear of the parked airplanes.""}, {""subject"": ""unsafe_violation"", ""relation"": ""LEADS_TO"", ""object"": ""unsafe_perception"", ""evidence"": ""Contributing to the accident was the MD 83's flight crew not following the taxi chart instructions to fully park within the pad and the reduced visual lookout due to the weather.""}]",success
20110318X05118,"[{""text"": ""The approach plate book used during the approach slid off of the side of the bracket and onto his lap during the event. He said that he took the book and tossed it out of the way and that it came to rest on the flight bag behind and to the left of his seat."", ""role"": ""Captain"", ""tier"": ""unsafe_skill""}]","{""unsafe_skill"": [""Breakdown in Visual Scan - Captain""]}","[{""subject"": ""unsafe_skill"", ""relation"": ""CO_OCCURS_WITH"", ""object"": ""operator_physical"", ""evidence"": ""The approach plate book used during the approach slid off of the side of the bracket and onto his lap during the event. He said that he took the book and tossed it out of the way and that it came to rest on the flight bag behind and to the left of his seat.""}]",success
20030128X00117,"[{""text"": ""The captain noted that the nose wheel steering tiller did not seem to rotate to the right as far as it should, and he was not certain the nose wheel was capable of full travel to the right."", ""role"": ""Captain"", ""tier"": ""unsafe_skill""}]","{""unsafe_skill"": [""\""The captain noted that the nose wheel steering tiller did not seem to rotate to the right as far as it should, and he was not certain the nose wheel was capable of full travel to the right.\"" - Captain""]}","[{""subject"": ""unsafe_skill"", ""relation"": ""LEADS_TO"", ""object"": ""unsafe_decision"", ""evidence"": ""The captain noted that the nose wheel steering tiller did not seem to rotate to the right as far as it should, and he was not certain the nose wheel was capable of full travel to the right.""}]",success
20030616X00873,"[{""text"": ""slammed the door shut with a great amount of force"", ""role"": ""Lead Flight Attendant"", ""tier"": ""unsafe_skill""}, {""text"": ""did not comply with the manufacturer's issued Service Bulletin (SB), B231001-52-02 for Boeing model 757-200 flight deck door"", ""role"": ""Airline Operator"", ""tier"": ""unsafe_violation""}]","{""unsafe_skill"": [""slammed the door shut with a great amount of force""], ""unsafe_violation"": [""did not comply with the manufacturer's issued Service Bulletin (SB), B231001-52-02 for Boeing model 757-200 flight deck door""]}","[{""subject"": ""unsafe_skill"", ""relation"": ""LEADS_TO"", ""object"": ""unsafe_violation"", ""evidence"": ""slammed the door shut with a great amount of force""}]",success
20110510X01046,"[{""text"": ""inadvertently encountered unforecast convective turbulence"", ""role"": ""pilot"", ""tier"": ""unsafe_skill""}]","{""unsafe_skill"": [""inadvertently encountered unforecast convective turbulence""]}","[{""subject"": ""unsafe_skill"", ""relation"": ""CO_OCCURS_WITH"", ""object"": ""operator_limits"", ""evidence"": ""inadvertently encountered unforecast convective turbulence.""}]",success
20030612X00863,"[{""text"": ""The captain reported that the airplane touched down between 1,500 and 1,800 feet beyond the approach end of the runway, at an airspeed of about 158 knots."", ""role"": ""Captain"", ""tier"": ""unsafe_skill""}]","{""unsafe_skill"": [""\""Misjudged Distance/Altitude/Airspeed\"" - Captain""]}","[{""subject"": ""unsafe_skill"", ""relation"": ""LEADS_TO"", ""object"": ""unsafe_decision"", ""evidence"": ""The captain reported that the airplane touched down between 1,500 and 1,800 feet beyond the approach end of the runway, at an airspeed of about 158 knots.""}]",success
20091124X94107,"[{""text"": ""inadvertent encounter with a small area of cumulous clouds at night that resulted in moderate to severe convectively induced turbulence"", ""role"": ""Flight crew"", ""tier"": ""unsafe_perception""}]","{""unsafe_perception"": [""inadvertent encounter with a small area of cumulous clouds at night that resulted in moderate to severe convectively induced turbulence - Flight crew""]}","[{""subject"": ""unsafe_perception"", ""relation"": ""CO_OCCURS_WITH"", ""object"": ""unsafe_decision"", ""evidence"": ""The flight crew's inadvertent encounter with a small area of cumulous clouds at night that resulted in moderate to severe convectively induced turbulence.""}]",success
20080125X00103,"[{""text"": ""Failed to Prioritize Attention"", ""role"": ""Maintenance personnel"", ""tier"": ""unsafe_skill""}]","{""unsafe_skill"": [""Failed to prioritize attention - Maintenance personnel""]}","[{""subject"": ""unsafe_skill"", ""relation"": ""LEADS_TO"", ""object"": ""unsafe_violation"", ""evidence"": ""Contract maintenance personnel reported they changed the N1 sensor on the number two engine. They reported they shut the fan cowling, but did not latch it as they still needed to perform an engine run and check for leaks.""}]",success
20020521X00710,"[{""text"": ""Inadequate maintenance by company maintenance personnel"", ""role"": ""Maintenance crew"", ""tier"": ""Unsafe act - Inadequate maintenance""}]",{},"[{""subject"": ""unsafe_violation"", ""relation"": ""LEADS_TO"", ""object"": ""unsafe_decision"", ""evidence"": ""Inadequate maintenance by company maintenance personnel and failure to comply with manufacturer recommended maintence procedures (SB 737-55A1070R1), which resulted in an inflight inseparation of a section of the airplane's right hand elevator control tab.""}]",success
20110323X24235,"[{""text"": ""The captain's failure to control the airplane pitch-up induced by ground spoiler deployment during the go-around."", ""role"": ""Pilot"", ""tier"": ""unsafe_skill""}]","{""unsafe_skill"": [""The captain's failure to control the airplane pitch-up induced by ground spoiler deployment during the go-around.""]}","[{""subject"": ""unsafe_skill"", ""relation"": ""LEADS_TO"", ""object"": ""unsafe_perception"", ""evidence"": ""The captain's failure to control the airplane pitch-up induced by ground spoiler deployment during the go-around.""}]",success
20161205X55455,"[{""text"": ""uncommanded retraction of the nose landing gear during rollout after landing on runway 4"", ""role"": ""aircraft systems"", ""tier"": ""unsafe_skill""}]","{""unsafe_skill"": [""uncommanded retraction of the nose landing gear during rollout after landing on runway 4 - aircraft systems""]}",[],success
20070625X00787,"[{""text"": ""Misjudged Distance/Altitude/Airspeed"", ""role"": ""Captain"", ""tier"": ""unsafe_perception""}, {""text"": ""Failed to Prioritize Attention"", ""role"": ""First Officer"", ""tier"": ""unsafe_decision""}]","{""unsafe_perception"": [""Misjudged Distance/Altitude/Airspeed - Captain""], ""unsafe_decision"": [""Failed to Prioritize Attention - First Officer""]}","[{""subject"": ""unsafe_perception"", ""relation"": ""LEADS_TO"", ""object"": ""unsafe_decision"", ""evidence"": ""Misjudged Distance/Altitude/Airspeed""}]",success
20051028X01749,"[{""text"": ""Omitted Checklist Step"", ""role"": ""Captain"", ""tier"": ""unsafe_skill""}]","{""unsafe_skill"": [""Omitted Checklist Step (Captain)""]}","[{""subject"": ""unsafe_skill"", ""relation"": ""CO_OCCURS_WITH"", ""object"": ""operator_physical"", ""evidence"": ""The captain waited until reaching FL370, and was well past the line of weather to turn off the seat belt light.""}, {""subject"": ""unsafe_skill"", ""relation"": ""LEADS_TO"", ""object"": ""unsafe_decision"", ""evidence"": ""The flight crew continued with cabin service despite the lack of a seatbelt sign being on due to turbulence, leading to injuries among the flight attendants.""}]",success
20131023X24855,"[{""text"": ""inadvertently selected the landing gear handle up"", ""role"": ""First Officer"", ""tier"": ""unsafe_skill""}]","{""unsafe_skill"": [""inadvertently selected the landing gear handle up - First Officer""]}","[{""subject"": ""unsafe_skill"", ""relation"": ""CO_OCCURS_WITH"", ""object"": ""unsafe_decision"", ""evidence"": ""The first officer inadvertently selecting the landing gear handle up after touchdown during the landing rollout. Contributing to the accident was the first officer's decision to reconfigure the airplane while still on the active runway.""}]",success
20090909X82446,"[{""text"": ""The fatigue crack likely initiated in an area where there was scoring and fretting damage to the Sermetal coating."", ""role"": ""Maintenance crew"", ""tier"": ""unsafe_perception""}]","{""unsafe_perception"": [""The fatigue crack likely initiated in an area where there was scoring and fretting damage to the Sermetal coating.""]}","[{""subject"": ""unsafe_perception"", ""relation"": ""LEADS_TO"", ""object"": ""unsafe_violation"", ""evidence"": ""The fatigue crack likely initiated in an area where there was scoring and fretting damage to the Sermetal coating.""}]",success
20020718X01166,"[{""text"": ""The lower outboard nut failed first due to stress corrosion cracking."", ""role"": ""Maintenance"", ""tier"": ""unsafe_violation""}]","{""unsafe_violation"": [""The lower outboard nut failed first due to stress corrosion cracking.""]}","[{""subject"": ""unsafe_violation"", ""relation"": ""LEADS_TO"", ""object"": ""unsafe_decision"", ""evidence"": ""The lower outboard nut failed first due to stress corrosion cracking.""}]",success
20120802X03552,"[{""text"": ""Misjudged Distance/Altitude/Airspeed"", ""role"": ""Flight crew"", ""tier"": ""unsafe_perception""}]","{""unsafe_perception"": [""Misjudged Distance/Altitude/Airspeed (Flight crew)""]}","[{""subject"": ""unsafe_perception"", ""relation"": ""CO_OCCURS_WITH"", ""object"": ""unsafe_decision"", ""evidence"": ""The flight crew reported that following the bird strike, the captain's airspeed and altimeter were inoperative and the first officer's airspeed and altitude indications were erratic. The captain eventually lost all instrument indications on his primary flight display (PFD).""}]",success
20110407X95823,"[{""text"": ""chafing on the right integrated drive generator (IDG) power feeder cable and damage to an adjacent hydraulic line"", ""role"": ""Maintenance crew"", ""tier"": ""Inadequate Maintenance""}]",{},"[{""subject"": ""unsafe_skill"", ""relation"": ""LEADS_TO"", ""object"": ""unsafe_violation"", ""evidence"": ""inadequate clearance between the Integrated Drive Generator (IDG) power cables and hydraulic lines in the aft equipment bay that resulted in chafing of the IDG power cables and hydraulic lines, arcing, and fire.""}]",success
20090810X21314,"[{""text"": ""Inadvertent flight through the top of a convective updraft that resulted in an encounter with convective induced turbulence"", ""role"": ""Captain"", ""tier"": ""unsafe_skill""}]","{""unsafe_skill"": [""Inadvertent flight through the top of a convective updraft that resulted in an encounter with convective induced turbulence - Captain""]}","[{""subject"": ""unsafe_skill"", ""relation"": ""CO_OCCURS_WITH"", ""object"": ""operator_physical"", ""evidence"": ""The Captain stated that the ride had been smooth at their cruise altitude of 36,000 feet and he was able to see lights on the ground below with good forward visibility as well.""}, {""subject"": ""unsafe_skill"", ""relation"": ""CO_OCCURS_WITH"", ""object"": ""situational_tech"", ""evidence"": ""Both weather radar devices were on and functioning normally, and the seat belt sign was illuminated.""}]",success
20130103X44411,"[{""text"": ""The marshaller and maintenance technician working on pad E had never worked at the location before, and were unaware of the requirement to taxi MD-11 airplanes off centerline."", ""role"": ""Ground crew"", ""tier"": ""unsafe_skill""}]","{""unsafe_skill"": [""The marshaller and maintenance technician working on pad E had never worked at the location before, and were unaware of the requirement to taxi MD-11 airplanes off centerline.""]}","[{""subject"": ""unsafe_skill"", ""relation"": ""CO_OCCURS_WITH"", ""object"": ""unsafe_decision"", ""evidence"": ""The marshaller and maintenance technician working on pad E had never worked at the location before, and were unaware of the requirement to taxi MD-11 airplanes off centerline.""}]",success
20051025X01717,"[{""text"": ""Over-controlled Aircraft"", ""role"": ""First Officer and Captain"", ""tier"": ""unsafe_skill""}]","{""unsafe_skill"": [""Over-controlled Aircraft""]}",[],success
20081223X70710,"[{""text"": ""Incorrect service/maintenance - C"", ""role"": ""Ground crew"", ""tier"": ""unsafe_violation""}]","{""unsafe_violation"": [""Incorrect service/maintenance - Ground crew""]}","[{""subject"": ""unsafe_violation"", ""relation"": ""LEADS_TO"", ""object"": ""unsafe_decision"", ""evidence"": ""The placement of operating equipment in close proximity to an external heating unit's intake by ground personnel, resulting in the contamination of the airplane's cabin with carbon monoxide.""}]",success
20010105X00035,"[{""text"": ""Care should be taken to ensure that the clamps and ties around wire bundles do not present a rough surface that may damage the wire insulation. These clamps and ties should be tight enough to hold the wires in place, but not so tight that insulation damage would occur during fabrication or installation, or later in service."", ""role"": ""Maintenance crew"", ""tier"": ""unsafe_violation""}]","{""unsafe_violation"": [""Care should be taken to ensure that the clamps and ties around wire bundles do not present a rough surface that may damage the wire insulation. These clamps and ties should be tight enough to hold the wires in place, but not so tight that insulation damage would occur during fabrication or installation, or later in service.""]}","[{""subject"": ""unsafe_violation"", ""relation"": ""LEADS_TO"", ""object"": ""unsafe_decision"", ""evidence"": ""Care should be taken to ensure that the clamps and ties around wire bundles do not present a rough surface that may damage the wire insulation. These clamps and ties should be tight enough to hold the wires in place, but not so tight that insulation damage would occur during fabrication or installation, or later in service.""}]",success
20101130X64248,"[{""text"": ""The flight was dispatched with a cruise altitude of 13,000 feet msl due to the turbulence."", ""role"": ""Dispatcher"", ""tier"": ""unsafe_decision""}, {""text"": ""During the beginning of the service, the aircraft experienced light turbulence. Halfway through the service, the aircraft experienced moderate turbulence."", ""role"": ""Flight Attendant"", ""tier"": ""unsafe_perception""}]","{""unsafe_decision"": [""The flight was dispatched with a cruise altitude of 13,000 feet msl due to the turbulence (Dispatcher)."", ""During the beginning of the service, the aircraft experienced light turbulence. Halfway through the service, the aircraft experienced moderate turbulence (Flight Attendant).""], ""unsafe_perception"": [""During the beginning of the service, the aircraft experienced light turbulence. Halfway through the service, the aircraft experienced moderate turbulence (Flight Attendant).""]}","[{""subject"": ""unsafe_decision"", ""relation"": ""LEADS_TO"", ""object"": ""unsafe_perception"", ""evidence"": ""The flight was dispatched with a cruise altitude of 13,000 feet msl due to the turbulence. During the beginning of the service, the aircraft experienced light turbulence. Halfway through the service, the aircraft experienced moderate turbulence.""}]",success
20010308X00571,"[{""text"": ""Maintenance personnel did not fully execute the maintenance procedures as required by the Pratt & Whitney de Havilland DHC-8 Maintenance Manual."", ""role"": ""Maintenance"", ""tier"": ""unsafe_perception""}, {""text"": ""The flight crew failed to follow the engine oil consumption and daily chip detector examination procedures after the #2 engine experienced a low oil pressure event approximately 180 hours prior to the accident."", ""role"": ""Flight Crew"", ""tier"": ""unsafe_decision""}]","{""unsafe_perception"": [""Maintenance personnel did not fully execute the maintenance procedures as required by the Pratt & Whitney de Havilland DHC-8 Maintenance Manual.""], ""unsafe_decision"": [""The flight crew failed to follow the engine oil consumption and daily chip detector examination procedures after the #2 engine experienced a low oil pressure event approximately 180 hours prior to the accident.""]}","[{""subject"": ""unsafe_perception"", ""relation"": ""LEADS_TO"", ""object"": ""unsafe_decision"", ""evidence"": ""Maintenance personnel did not fully execute the maintenance procedures as required by the Pratt & Whitney de Havilland DHC-8 Maintenance Manual.""}, {""subject"": ""unsafe_decision"", ""relation"": ""CO_OCCURS_WITH"", ""object"": ""unsafe_perception"", ""evidence"": ""The flight crew failed to follow the engine oil consumption and daily chip detector examination procedures after the #2 engine experienced a low oil pressure event approximately 180 hours prior to the accident.""}]",success
20080912X01438,"[{""text"": ""Exceeded Ability"", ""role"": ""Crew"", ""tier"": ""unsafe_decision""}]","{""unsafe_decision"": [""Exceeded Ability - Crew""]}","[{""subject"": ""unsafe_decision"", ""relation"": ""CO_OCCURS_WITH"", ""object"": ""operator_limits"", ""evidence"": ""Exceeded Ability""}]",success
20111208X41332,"[{""text"": ""illuminated the seat belt sign and made an announcement for passengers to be seated with seat belts fastened"", ""role"": ""Captain"", ""tier"": ""unsafe_decision""}, {""text"": ""went into the lavatory to brush her teeth. After approximately 7-10 minutes later, following the announcement, 2-3 jolts of moderate turbulence followed by a brief episode of severe turbulence was encountered."", ""role"": ""Flight Attendant"", ""tier"": ""unsafe_perception""}]","{""unsafe_decision"": [""illuminated the seat belt sign and made an announcement for passengers to be seated with seat belts fastened - Captain"", ""instructed the cabin crewmembers of possible turbulence and instructed them to prepare the cabin for landing, stay near their seats, and be seated immediately if turbulence was encountered - Captain""], ""unsafe_perception"": [""went into the lavatory to brush her teeth. After approximately 7-10 minutes later, following the announcement, 2-3 jolts of moderate turbulence followed by a brief episode of severe turbulence was encountered - Flight Attendant""]}","[{""subject"": ""unsafe_decision"", ""relation"": ""LEADS_TO"", ""object"": ""unsafe_perception"", ""evidence"": ""illuminated the seat belt sign and made an announcement for passengers to be seated with seat belts fastened; went into the lavatory to brush her teeth. After approximately 7-10 minutes later, following the announcement, 2-3 jolts of moderate turbulence followed by a brief episode of severe turbulence was encountered.""}]",success
20250723200619,"[{""text"": ""Misinterpreted the marshaller's hand signals"", ""role"": ""Ramp service agent (wing walker)"", ""tier"": ""unsafe_decision""}]","{""unsafe_decision"": [""Misinterpreted the marshaller's hand signals - Ramp service agent (wing walker)""]}","[{""subject"": ""unsafe_decision"", ""relation"": ""LEADS_TO"", ""object"": ""unsafe_perception"", ""evidence"": ""Misinterpreted the marshaller's hand signals""}]",success
20240829195021,"[{""text"": ""fatigue cracking"", ""role"": ""Maintenance personnel"", ""tier"": ""unsafe_skill""}]","{""unsafe_skill"": [""fatigue cracking""]}","[{""subject"": ""unsafe_skill"", ""relation"": ""CO_OCCURS_WITH"", ""object"": ""unsafe_decision"", ""evidence"": ""The fatigue failure of multiple hinge ribs associated with the right outboard aileron, which resulted in abnormal aileron movement and airframe vibration. Contributing to the failure was the mis-rigged condition of the right outboard aileron, which increased operational loads on the hinge fittings during cruise flight.""}]",success
20171212X50255,"[{""text"": ""The FO stated that he was temporarily blinded by the glare from the ramp lights"", ""role"": ""First Officer of N9011P"", ""tier"": ""unsafe_skill""}]","{""unsafe_skill"": [""The FO stated that he was temporarily blinded by the glare from the ramp lights - First Officer of N9011P""]}","[{""subject"": ""unsafe_skill"", ""relation"": ""CO_OCCURS_WITH"", ""object"": ""unsafe_decision"", ""evidence"": ""The FO stated that he was temporarily blinded by the glare from the ramp lights and the airplanes collided.""}]",success
20011130X02321,"[{""text"": ""your leg, you check the rudders"", ""role"": ""First Officer"", ""tier"": ""unsafe_skill""}, {""text"": ""rudders check."", ""role"": ""First Officer"", ""tier"": ""unsafe_skill""}, {""text"": ""max power."", ""role"": ""First Officer"", ""tier"": ""unsafe_decision""}, {""text"": ""hang onto it. Hang onto it."", ""role"": ""Captain"", ""tier"": ""unsafe_skill""}]","{""unsafe_skill"": [""your leg, you check the rudders (First Officer)"", ""rudders check. (First Officer)"", ""hang onto it. Hang onto it. (Captain)""], ""unsafe_decision"": [""max power. (First Officer)""]}","[{""subject"": ""unsafe_skill"", ""relation"": ""LEADS_TO"", ""object"": ""unsafe_decision"", ""evidence"": ""max power.""}, {""subject"": ""unsafe_skill"", ""relation"": ""CO_OCCURS_WITH"", ""object"": ""unsafe_skill"", ""evidence"": ""your leg, you check the rudders""}, {""subject"": ""unsafe_skill"", ""relation"": ""LEADS_TO"", ""object"": ""unsafe_decision"", ""evidence"": ""hang onto it. Hang onto it.""}]",success
20081113X92722,"[{""text"": ""The ramp agent driving the tug stated that the left side curtain of his tug was open and the right side was covered with a fabric zip-on cover with a clear plastic panel for a window. He had his windshield wipers on. He did not see any aircraft prior to the collision."", ""role"": ""Ramp Agent"", ""tier"": ""unsafe_skill""}]","{""unsafe_skill"": [""Breakdown in Visual Scan - Ramp Agent""]}","[{""subject"": ""unsafe_skill"", ""relation"": ""CO_OCCURS_WITH"", ""object"": ""situational_tech"", ""evidence"": ""The ramp agent driving the tug stated that the left side curtain of his tug was open and the right side was covered with a fabric zip-on cover with a clear plastic panel for a window. He had his windshield wipers on.""}]",success
20041028X01714,"[{""text"": ""The accident operator's examination of the HPT was limited to a visual inspection that would not have detected a vane shift or ascertained the integrity second stage turbine vane assembly."", ""role"": ""Maintenance"", ""tier"": ""unsafe_perception""}]","{""unsafe_perception"": [""The accident operator's examination of the HPT was limited to a visual inspection that would not have detected a vane shift or ascertained the integrity second stage turbine vane assembly.""]}","[{""subject"": ""unsafe_perception"", ""relation"": ""LEADS_TO"", ""object"": ""unsafe_decision"", ""evidence"": ""The accident operator's examination of the HPT was limited to a visual inspection that would not have detected a vane shift or ascertained the integrity second stage turbine vane assembly.""}]",success
20130408X10949,"[{""text"": ""brought the nose up a little more to arrest the descent"", ""role"": ""Pilot - Captain"", ""tier"": ""unsafe_skill""}]","{""unsafe_skill"": [""brought the nose up a little more to arrest the descent - Pilot - Captain""]}","[{""subject"": ""unsafe_skill"", ""relation"": ""LEADS_TO"", ""object"": ""unsafe_decision"", ""evidence"": ""brought the nose up a little more to arrest the descent""}]",success
20160330X72920,"[{""text"": ""Failed to maintain airspeed and correct pitch attitude"", ""role"": ""Pilot - C"", ""tier"": ""unsafe_skill""}, {""text"": ""Failed to monitor the decaying airspeed and increasing pitch"", ""role"": ""Copilot - F"", ""tier"": ""unsafe_skill""}]","{""unsafe_skill"": [""Failed to maintain airspeed and correct pitch attitude - Pilot - C"", ""Failed to monitor the decaying airspeed and increasing pitch - Copilot - F""]}","[{""subject"": ""unsafe_skill"", ""relation"": ""LEADS_TO"", ""object"": ""unsafe_decision"", ""evidence"": ""the pilot flying's failure to maintain airspeed and correct pitch attitude""}, {""subject"": ""unsafe_skill"", ""relation"": ""CO_OCCURS_WITH"", ""object"": ""unsafe_skill"", ""evidence"": ""the pilot's failure to maintain appropriate thrust after disconnecting the autothrottles""}]",success
20240119193682,"[{""text"": ""Maintenance personnel's improper installation and inspection of the port M borescope plug, which resulted in an engine fire."", ""role"": ""Maintenance personnel"", ""tier"": ""unsafe_skill""}]","{""unsafe_skill"": [""Maintenance personnel's improper installation and inspection of the port M borescope plug, which resulted in an engine fire.""]}","[{""subject"": ""unsafe_skill"", ""relation"": ""LEADS_TO"", ""object"": ""unsafe_decision"", ""evidence"": ""Maintenance personnel's improper installation and inspection of the port M borescope plug, which resulted in an engine fire.""}]",success
20150805X75232,"[{""text"": ""Failed to Prioritize Attention"", ""role"": ""Gate lead/pushback driver"", ""tier"": ""unsafe_decision""}, {""text"": ""Lack of communication"", ""role"": ""Provisioning agent and gate lead/pushback driver"", ""tier"": ""unsafe_perception""}]","{""unsafe_decision"": [""Failed to prioritize attention - Gate lead/pushback driver""], ""unsafe_perception"": [""Lack of communication - Provisioning agent and gate lead/pushback driver""]}","[{""subject"": ""unsafe_decision"", ""relation"": ""LEADS_TO"", ""object"": ""unsafe_perception"", ""evidence"": ""The gate lead reported problems with his headset and personal life stress. It is likely that the gate lead was distracted by both during his walk around.""}]",success
20230925193129,"[{""text"": ""Inadvertent encounter with convectively induced turbulence during cruise that was not depicted by the airplane's weather radar system."", ""role"": ""Flight crew"", ""tier"": ""unsafe_perception""}]","{""unsafe_perception"": [""Misjudged Distance/Altitude/Airspeed""]}","[{""subject"": ""unsafe_perception"", ""relation"": ""CO_OCCURS_WITH"", ""object"": ""unsafe_decision"", ""evidence"": ""Inadvertent encounter with convectively induced turbulence during cruise that was not depicted by the airplane's weather radar system.""}]",success
20080720X01081,"[{""text"": ""Lack of communication between the wing walker and the tug driver"", ""role"": ""Ground crew - C"", ""tier"": ""unsafe_skill""}, {""text"": ""Failure to properly monitor the wing walker by the tug driver"", ""role"": ""Tug driver"", ""tier"": ""unsafe_skill""}]","{""unsafe_skill"": [""\""Lack of communication between the wing walker and the tug driver\"""", ""\""Failure to properly monitor the wing walker by the tug driver\""""]}","[{""subject"": ""unsafe_skill"", ""relation"": ""LEADS_TO"", ""object"": ""unsafe_decision"", ""evidence"": ""The tugdriver's lack of communication and failure to properly monitor the wing walker led to his unawareness that anything was wrong until he observed the ground crewmember from gate E14.""}]",success
20061017X01529,"[{""text"": ""consulting with the company's maintenance department"", ""role"": ""Maintenance personnel"", ""tier"": ""unsafe_skill""}]","{""unsafe_skill"": [""consulting with the company's maintenance department - Maintenance personnel""]}","[{""subject"": ""unsafe_skill"", ""relation"": ""LEADS_TO"", ""object"": ""unsafe_decision"", ""evidence"": ""consulting with the company's maintenance department""}]",success
20170824X42626,"[{""text"": ""The seat belt sign was not activated at the time of the encounter."", ""role"": ""Pilot"", ""tier"": ""unsafe_decision""}]","{""unsafe_decision"": [""The seat belt sign was not activated at the time of the encounter - Pilot""]}","[{""subject"": ""unsafe_decision"", ""relation"": ""LEADS_TO"", ""object"": ""unsafe_perception"", ""evidence"": ""The seat belt sign was not activated at the time of the encounter.""}]",success
20020107X00042,"[{""text"": ""uncommanded roll to the right"", ""role"": ""pilot"", ""tier"": ""unsafe_skill""}]","{""unsafe_skill"": [""uncommanded roll to the right (captain)""]}","[{""subject"": ""unsafe_skill"", ""relation"": ""CO_OCCURS_WITH"", ""object"": ""operator_physical"", ""evidence"": ""The captain reported the aircraft was descending from 10,000 feet mean sea level (msl) when he noticed a 'subtle vibration' that was followed by the airplane entering an uncommanded roll to the right.""}, {""subject"": ""unsafe_skill"", ""relation"": ""LEADS_TO"", ""object"": ""unsafe_decision"", ""evidence"": ""The captain disconnected the autopilot system at approximately 20 degrees right roll, and he regained control of the aircraft using manual control inputs of left rudder and left aileron.""}]",success
20141017X44013,"[{""text"": ""made the decision to take the mechanic, which was against the company loading procedures"", ""role"": ""Dispatch"", ""tier"": ""Unsafe Decision""}, {""text"": ""the decision was made to secure the stacked pallets with a cargo strap which was insufficient to keep the pallets from moving"", ""role"": ""Mechanic and Load Planner"", ""tier"": ""Unsafe Skill""}]",{},"[{""subject"": ""unsafe_decision"", ""relation"": ""LEADS_TO"", ""object"": ""unsafe_skill"", ""evidence"": ""the decision was made to secure the stacked pallets with a cargo strap which was insufficient to keep the pallets from moving""}]",success
20110406X54825,"[{""text"": ""The airport had deactivated the jet bridge braking system during the winter months since the brakes would routinely freeze."", ""role"": ""Airport personnel"", ""tier"": ""unsafe_violation""}]","{""unsafe_violation"": [""The airport had deactivated the jet bridge braking system during the winter months since the brakes would routinely freeze.""]}","[{""subject"": ""unsafe_violation"", ""relation"": ""LEADS_TO"", ""object"": ""unsafe_decision"", ""evidence"": ""The airport had deactivated the jet bridge braking system during the winter months since the brakes would routinely freeze. The gate agents who were operating the jet bridge attempted to keep it from being blown into the airplane, but with the brake system deactivated, they were unable to do so.""}]",success
20120613X32202,"[{""text"": ""The captain and FAs differed in their recollection about the turbulence discussion during the pre-flight briefing."", ""role"": ""Captain"", ""tier"": ""Unsafe Skill""}, {""text"": ""The weather radar tilt setting of +1 degree used by the flight crew would be useful for detecting the tops of medium range and distant storms but would not be useful in detecting the rapidly developing nearby cells below and in front of the airplane."", ""role"": ""Flight Crew"", ""tier"": ""Unsafe Skill""}]",{},"[{""subject"": ""unsafe_skill"", ""relation"": ""CO_OCCURS_WITH"", ""object"": ""unsafe_decision"", ""evidence"": ""The captain and FAs differed in their recollection about the turbulence discussion during the pre-flight briefing.""}, {""subject"": ""unsafe_skill"", ""relation"": ""LEADS_TO"", ""object"": ""unsafe_perception"", ""evidence"": ""The weather radar tilt setting of +1 degree used by the flight crew would be useful for detecting the tops of medium range and distant storms but would not be useful in detecting the rapidly developing nearby cells below and in front of the airplane.""}]",success
20240208193765,"[{""text"": ""difficulty in seeing the yellow T-bar due to dark night conditions and de-icing fluid on the ground"", ""role"": ""Ground crew"", ""tier"": ""unsafe_skill""}]","{""unsafe_skill"": [""difficulty in seeing the yellow T-bar due to dark night conditions and de-icing fluid on the ground (Ground crew)""]}","[{""subject"": ""unsafe_skill"", ""relation"": ""CO_OCCURS_WITH"", ""object"": ""operator_physical"", ""evidence"": ""difficulty in seeing the yellow T-bar due to dark night conditions and de-icing fluid on the ground""}, {""subject"": ""unsafe_skill"", ""relation"": ""LEADS_TO"", ""object"": ""unsafe_decision"", ""evidence"": ""The flight crew of flight 551 stopped the airplane and set the parking brake.""}]",success
20030205X00166,"[{""text"": ""momentarily lost sight of the runway due to the distraction of the impact"", ""role"": ""First Officer"", ""tier"": ""unsafe_skill""}]","{""unsafe_skill"": [""momentarily lost sight of the runway due to the distraction of the impact""]}","[{""subject"": ""unsafe_skill"", ""relation"": ""CO_OCCURS_WITH"", ""object"": ""operator_physical"", ""evidence"": ""momentarily lost sight of the runway due to the distraction of the impact""}]",success
20250505200101,"[{""text"": ""The severe weather may not have been depicted to the crew on their resources due to radar limitations or the specific settings of the onboard radar (such as tilt and range), rapid development and/or movement of the severe weather, latency in the data provided by the weather application, or other factor(s)."", ""role"": ""Flight Crew"", ""tier"": ""unsafe_perception""}]","{""unsafe_perception"": [""The severe weather may not have been depicted to the crew on their resources due to radar limitations or the specific settings of the onboard radar (such as tilt and range), rapid development and/or movement of the severe weather, latency in the data provided by the weather application, or other factor(s).""]}","[{""subject"": ""unsafe_perception"", ""relation"": ""CO_OCCURS_WITH"", ""object"": ""unsafe_decision"", ""evidence"": ""The severe weather may not have been depicted to the crew on their resources due to radar limitations or the specific settings of the onboard radar (such as tilt and range), rapid development and/or movement of the severe weather, latency in the data provided by the weather application, or other factor(s).""}]",success
20001212X21526,"[{""text"": ""The autopilot was disengaged in accordance with AFM procedures to resolve the problem."", ""role"": ""pilot"", ""tier"": ""unsafe_decision""}]","{""unsafe_decision"": [""The autopilot was disengaged in accordance with AFM procedures to resolve the problem.""]}","[{""subject"": ""unsafe_decision"", ""relation"": ""LEADS_TO"", ""object"": ""operator_physical"", ""evidence"": ""The autopilot was disengaged in accordance with AFM procedures to resolve the problem.""}]",success
20150219X14806,"[{""text"": ""noticed that the flight attendants (FA) were seated in their jumpseats and advised the lead FA to not conduct the final service and remain seated."", ""role"": ""Captain"", ""tier"": ""unsafe_skill""}, {""text"": ""Four flight attendants (FA) in the aft galley were thrown against the ceiling and back to the floor, injuring all four."", ""role"": ""Flight Attendants"", ""tier"": ""unsafe_perception""}]","{""unsafe_skill"": [""noticed that the flight attendants (FA) were seated in their jumpseats and advised the lead FA to not conduct the final service and remain seated.""], ""unsafe_perception"": [""Four flight attendants (FA) in the aft galley were thrown against the ceiling and back to the floor, injuring all four.""]}","[{""subject"": ""unsafe_skill"", ""relation"": ""LEADS_TO"", ""object"": ""unsafe_perception"", ""evidence"": ""noticed that the flight attendants (FA) were seated in their jumpseats and advised the lead FA to not conduct the final service and remain seated.""}]",success
20130930X75500,"[{""text"": ""Omitted Checklist Step"", ""role"": ""Cabin Attendant"", ""tier"": ""unsafe_skill""}]","{""unsafe_skill"": [""Omitted Checklist Step - Cabin Attendant""]}","[{""subject"": ""unsafe_skill"", ""relation"": ""CO_OCCURS_WITH"", ""object"": ""operator_physical"", ""evidence"": ""The aft flight attendant had finished making a public announcement and was buckling herself into a jumpseat when the first jolt of severe turbulence hit.""}, {""subject"": ""unsafe_skill"", ""relation"": ""LEADS_TO"", ""object"": ""unsafe_perception"", ""evidence"": ""The forward flight attendant was thrown to the ceiling and hit the overhead bin due to the turbulence, which likely impaired her perception.""}]",success
20080404X00426,"[{""text"": ""The captain and first officer discussed the procedures to be utilized while operating the airplane with the anti-skid system inoperative."", ""role"": ""Flight crew"", ""tier"": ""unsafe_skill""}, {""text"": ""During the landing the flight crew encountered four blown main landing gear tires, resulting in minor damage to the airplane."", ""role"": ""Flight crew"", ""tier"": ""unsafe_decision""}]","{""unsafe_skill"": [""\""The captain and first officer discussed the procedures to be utilized while operating the airplane with the anti-skid system inoperative.\"" - Flight crew""], ""unsafe_decision"": [""\""During the landing the flight crew encountered four blown main landing gear tires, resulting in minor damage to the airplane.\"" - Flight crew""]}","[{""subject"": ""unsafe_skill"", ""relation"": ""LEADS_TO"", ""object"": ""unsafe_decision"", ""evidence"": ""The captain and first officer discussed the procedures to be utilized while operating the airplane with the anti-skid system inoperative. During the landing the flight crew encountered four blown main landing gear tires, resulting in minor damage to the airplane.""}]",success
20001212X20606,[],{},[],parse_error
20100410X34740,"[{""text"": ""Omitted setting the parking brake or turning off its electric motor"", ""role"": ""Ground crew"", ""tier"": ""unsafe_violation""}]","{""unsafe_violation"": [""Omitted setting the parking brake or turning off its electric motor - Ground crew""]}","[{""subject"": ""unsafe_violation"", ""relation"": ""LEADS_TO"", ""object"": ""unsafe_decision"", ""evidence"": ""Omitted setting the parking brake or turning off its electric motor""}]",success
20101208X40921,"[{""text"": ""The first officer of the 747 thought that he had sufficient clearance to taxi by the regional jet."", ""role"": ""Pilot of other aircraft"", ""tier"": ""unsafe_decision""}]","{""unsafe_decision"": [""The first officer of the 747 thought that he had sufficient clearance to taxi by the regional jet.""]}","[{""subject"": ""unsafe_decision"", ""relation"": ""LEADS_TO"", ""object"": ""unsafe_perception"", ""evidence"": ""The first officer of the 747 thought that he had sufficient clearance to taxi by the regional jet.""}]",success
20091214X41802,"[{""text"": ""The captain stated that he disconnected the autopilot 'sometime below 300 feet,' and manually flew the airplane to landing."", ""role"": ""Captain"", ""tier"": ""unsafe_skill""}, {""text"": ""The first officer did not make the required 'minimums' callout, and the captain did not make a 'landing' or 'go around' callout."", ""role"": ""First Officer"", ""tier"": ""unsafe_decision""}]","{""unsafe_skill"": [""The captain stated that he disconnected the autopilot 'sometime below 300 feet,' and manually flew the airplane to landing.""], ""unsafe_decision"": [""The first officer did not make the required 'minimums' callout, and the captain did not make a 'landing' or 'go around' callout.""]}","[{""subject"": ""unsafe_skill"", ""relation"": ""LEADS_TO"", ""object"": ""unsafe_decision"", ""evidence"": ""The captain stated that he disconnected the autopilot 'sometime below 300 feet,' and manually flew the airplane to landing.""}, {""subject"": ""unsafe_decision"", ""relation"": ""CO_OCCURS_WITH"", ""object"": ""unsafe_skill"", ""evidence"": ""The first officer did not make the required 'minimums' callout, and the captain did not make a 'landing' or 'go around' callout.""}]",success
20090806X21108,"[{""text"": ""Instructed the flight attendant to put away the beverage cart due to anticipated turbulence"", ""role"": ""Captain"", ""tier"": ""unsafe_decision""}]","{""unsafe_decision"": [""Instructed the flight attendant to put away the beverage cart due to anticipated turbulence""]}","[{""subject"": ""unsafe_decision"", ""relation"": ""LEADS_TO"", ""object"": ""unsafe_perception"", ""evidence"": ""Instructed the flight attendant to put away the beverage cart due to anticipated turbulence""}]",success
20010329X00669,"[{""text"": ""Omitted Checklist Step"", ""role"": ""Maintenance Crew"", ""tier"": ""unsafe_skill""}]","{""unsafe_skill"": [""Omitted Checklist Step - Maintenance Crew""]}","[{""subject"": ""unsafe_skill"", ""relation"": ""LEADS_TO"", ""object"": ""unsafe_decision"", ""evidence"": ""Omitted Checklist Step""}]",success
20240805194848,"[{""text"": ""Inadvertent encounter with convectively induced turbulence during cruise."", ""role"": ""Flight crew"", ""tier"": ""unsafe_perception""}]","{""unsafe_perception"": [""Misjudged Distance/Altitude/Airspeed""]}","[{""subject"": ""unsafe_perception"", ""relation"": ""LEADS_TO"", ""object"": ""unsafe_decision"", ""evidence"": ""Inadvertent encounter with convectively induced turbulence during cruise.""}]",success
20010223X00504,"[{""text"": ""Omitted Checklist Step"", ""role"": ""Captain and First Officer"", ""tier"": ""unsafe_skill""}]","{""unsafe_skill"": [""The checklist was interrupted by a cockpit visitor and a non-pertinent conversation took place for 3 1/2 minutes. When the checklist was resumed, several items had been missed.""]}","[{""subject"": ""unsafe_skill"", ""relation"": ""LEADS_TO"", ""object"": ""unsafe_decision"", ""evidence"": ""The failure of the flight crew to follow the checklist prior to engine start, and their subsequent diverted attention during engine start.""}]",success
20031022X01799,"[{""text"": ""The ramp tower controller did not issue a cautionary advisory to either crew regarding the movements of the respective airplanes."", ""role"": ""Ramp Tower Controller"", ""tier"": ""unsafe_decision""}]","{""operator_mental"": [""Loss of Situational Awareness (First Officer, ANA)""], ""personnel_crm"": [""Failed to Communicate (Ramp Tower Controller)""], ""situational_tech"": [""Visual Limitation (ANA Flight Crew)""], ""unsafe_decision"": [""The ramp tower controller did not issue a cautionary advisory to either crew regarding the movements of the respective airplanes.""]}","[{""subject"": ""unsafe_decision"", ""relation"": ""LEADS_TO"", ""object"": ""unsafe_perception"", ""evidence"": ""The ramp tower controller did not issue a cautionary advisory to either crew regarding the movements of the respective airplanes.""}]",success
20140806X21104,"[{""text"": ""touchdown occurred about 5 knots below VREF and the nose-up elevator remained for nearly 3.5 seconds, causing the aft fuselage to contact the runway."", ""role"": ""First Officer (FO)"", ""tier"": ""unsafe_skill""}]","{""operator_mental"": [""Loss of Situational Awareness - Pilot"", ""Complacency - Pilot""], ""operator_limits"": [""Insufficient Reaction Time - Pilot""], ""situational_tech"": [""Incompatible Intelligence/Aptitude - Pilot""], ""unsafe_skill"": [""Failed to Prioritize Attention - First Officer (FO)""]}","[{""subject"": ""unsafe_skill"", ""relation"": ""CO_OCCURS_WITH"", ""object"": ""unsafe_decision"", ""evidence"": ""the first officer's failure to maintain the correct airspeed and pitch attitude during landing that resulted in a tailstrike.""}]",success
20030826X01395,"[{""text"": ""Omitted Checklist Step"", ""role"": ""First Officer"", ""tier"": ""unsafe_skill""}]","{""unsafe_skill"": [""All checks of the cabin and cargo door circuitry appeared normal.""]}","[{""subject"": ""unsafe_skill"", ""relation"": ""LEADS_TO"", ""object"": ""unsafe_decision"", ""evidence"": ""the first officer's improper preflight preparation in failing to ensure the cabin airstair door was fully locked and secure.""}]",success
20160908X11147,"[{""text"": ""forecast turbulence for this portion of the flight and there were no pilot weather reports (PIREP) or air traffic control advisories in the pre-flight weather package"", ""role"": ""Flight crew"", ""tier"": ""unsafe_decision""}]","{""unsafe_decision"": [""forecast turbulence for this portion of the flight and there were no pilot weather reports (PIREP) or air traffic control advisories in the pre-flight weather package - Flight crew""]}",[],success
20020612X00866,"[{""text"": ""Failed to verify the engine instrument indications and powerplant controls while on autopilot with the autothrottles engaged"", ""role"": ""pilot"", ""tier"": ""unsafe_decision""}]","{""unsafe_decision"": [""Failed to verify the engine instrument indications and powerplant controls while on autopilot with the autothrottles engaged""]}","[{""subject"": ""unsafe_decision"", ""relation"": ""LEADS_TO"", ""object"": ""unsafe_perception"", ""evidence"": ""The flightcrew's failure to verify the engine instrument indications and powerplant controls while on autopilot with the autothrottles engaged, and their failure to recognize the drop in airspeed which led to an aerodynamic stall associated with the reduction in engine power.""}]",success
20160609X10842,"[{""text"": ""The airplane was level at flight level (FL) 270, with the autopilot off, in clear air with no convective activity in the vicinity."", ""role"": ""Flight crew"", ""tier"": ""unsafe_skill""}, {""text"": ""Immediately before beginning the descent into IAH, the flight encountered a momentary pocket of moderate to severe turbulence with the airplane banking approximately 25 \u2013 30 degrees to the right, and the altitude fluctuating from 100 feet up to 60 - 160 feet down."", ""role"": ""Flight crew"", ""tier"": ""unsafe_skill""}]","{""unsafe_skill"": [""\""The airplane was level at flight level (FL) 270, with the autopilot off, in clear air with no convective activity in the vicinity.\"" - Flight crew"", ""\""Immediately before beginning the descent into IAH, the flight encountered a momentary pocket of moderate to severe turbulence with the airplane banking approximately 25 \u2013 30 degrees to the right, and the altitude fluctuating from 100 feet up to 60 - 160 feet down.\"" - Flight crew""]}","[{""subject"": ""unsafe_skill"", ""relation"": ""LEADS_TO"", ""object"": ""unsafe_decision"", ""evidence"": ""The airplane was level at flight level (FL) 270, with the autopilot off, in clear air with no convective activity in the vicinity. Immediately before beginning the descent into IAH, the flight encountered a momentary pocket of moderate to severe turbulence with the airplane banking approximately 25 \u2013 30 degrees to the right, and the altitude fluctuating from 100 feet up to 60 - 160 feet down.""}]",success
20140814X52852,"[{""text"": ""Detached from the preceding cart"", ""role"": ""Ground crew"", ""tier"": ""unsafe_skill""}]","{""unsafe_skill"": [""Detached from the preceding cart - Ground crew""]}","[{""subject"": ""unsafe_skill"", ""relation"": ""CO_OCCURS_WITH"", ""object"": ""operator_physical"", ""evidence"": ""Detached from the preceding cart""}, {""subject"": ""unsafe_skill"", ""relation"": ""LEADS_TO"", ""object"": ""unsafe_perception"", ""evidence"": ""The second cart hit a drain cover and detached from the preceding cart. The loose baggage carts then rolled across the ramp and into the side of the airplane, resulting in substantial damage.""}]",success
20001212X22049,"[{""text"": ""Failed to detect any failed 2nd stage nozzle locks during the zone inspection"", ""role"": ""Maintenance crew"", ""tier"": ""unsafe_perception""}]","{""unsafe_perception"": [""Failed to detect any failed 2nd stage nozzle locks during the zone inspection""]}","[{""subject"": ""unsafe_perception"", ""relation"": ""CO_OCCURS_WITH"", ""object"": ""unsafe_decision"", ""evidence"": ""Failed to detect any failed 2nd stage nozzle locks during the zone inspection.""}]",success
20030605X00800,"[{""text"": ""Both he and the co-pilot had their heads down in the cockpit as they were conducting checklists at the time of the collision."", ""role"": ""PIC"", ""tier"": ""unsafe_skill""}]","{""unsafe_skill"": [""Both he and the co-pilot had their heads down in the cockpit as they were conducting checklists at the time of the collision.""]}","[{""subject"": ""unsafe_skill"", ""relation"": ""CO_OCCURS_WITH"", ""object"": ""operator_physical"", ""evidence"": ""Both he and the co-pilot had their heads down in the cockpit as they were conducting checklists at the time of the collision.""}]",success
20080728X01118,"[{""text"": ""stay low... stay low traffic above you."", ""role"": ""LC-10 controller"", ""tier"": ""unsafe_skill""}]","{""unsafe_skill"": [""'stay low... stay low traffic above you.' - LC-10 controller""]}","[{""subject"": ""unsafe_skill"", ""relation"": ""CO_OCCURS_WITH"", ""object"": ""unsafe_decision"", ""evidence"": ""stay low... stay low traffic above you.""}]",success
20080122X00088,"[{""text"": ""The mechanic reportedly removed both the swivel valves on the left main landing gear. The aft swivel valve was removed and replaced with a new valve. The forward one was removed and reinstalled."", ""role"": ""Maintenance personnel"", ""tier"": ""unsafe_action""}]",{},"[{""subject"": ""unsafe_skill"", ""relation"": ""LEADS_TO"", ""object"": ""unsafe_decision"", ""evidence"": ""The mechanic reportedly removed both the swivel valves on the left main landing gear. The aft swivel valve was removed and replaced with a new valve. The forward one was removed and reinstalled.""}]",success
20020607X00834,"[{""text"": ""declared an emergency"", ""role"": ""captain"", ""tier"": ""unsafe_decision""}]","{""unsafe_decision"": [""declared an emergency""]}",[],success
20190813X05139,"[{""text"": ""Failed to maintain an adequate glidepath during the approach, which resulted in the airplane impacting rocks and dirt at the runway threshold, a separation of the right main landing gear, and a loss of directional control"", ""role"": ""Pilot - C"", ""tier"": ""unsafe_skill""}]","{""unsafe_skill"": [""Failed to maintain an adequate glidepath during the approach, which resulted in the airplane impacting rocks and dirt at the runway threshold, a separation of the right main landing gear, and a loss of directional control - Pilot - C""]}","[{""subject"": ""unsafe_skill"", ""relation"": ""LEADS_TO"", ""object"": ""unsafe_decision"", ""evidence"": ""Failed to maintain an adequate glidepath during the approach, which resulted in the airplane impacting rocks and dirt at the runway threshold, a separation of the right main landing gear, and a loss of directional control.""}]",success
20090712X94532,"[{""text"": ""Passengers did not follow the instructions of the illuminated seatbelt sign"", ""role"": ""Passenger"", ""tier"": ""unsafe_violation""}]","{""unsafe_violation"": [""Passengers did not follow the instructions of the illuminated seatbelt sign""]}","[{""subject"": ""unsafe_violation"", ""relation"": ""LEADS_TO"", ""object"": ""unsafe_decision"", ""evidence"": ""Passengers' failure to follow the instructions of the illuminated seatbelt sign.""}]",success
20081215X14936,"[{""text"": ""smoke intensified"", ""role"": ""Captain"", ""tier"": ""unsafe_decision""}, {""text"": ""declared an emergency to FAA air traffic control"", ""role"": ""Captain"", ""tier"": ""unsafe_decision""}]","{""unsafe_decision"": [""\""smoke intensified\"" and declared an emergency to FAA air traffic control (Captain)""]}","[{""subject"": ""unsafe_decision"", ""relation"": ""LEADS_TO"", ""object"": ""unsafe_skill"", ""evidence"": ""declared an emergency to FAA air traffic control""}, {""subject"": ""unsafe_decision"", ""relation"": ""CO_OCCURS_WITH"", ""object"": ""unsafe_perception"", ""evidence"": ""smoke intensified""}]",success
20080228X00243,"[{""text"": ""Airport does not have an FAA approved Wildlife Management Plan."", ""role"": ""Airport Operations Personnel"", ""tier"": ""Unsafe_Violation""}]","{""unsafe_violation"": [""'does not have an FAA approved Wildlife Management Plan' - Airport Operations Personnel""]}","[{""subject"": ""unsafe_violation"", ""relation"": ""CO_OCCURS_WITH"", ""object"": ""operator_physical"", ""evidence"": ""The airplane struck a large bird while making a visual approach to the airport.""}, {""subject"": ""unsafe_violation"", ""relation"": ""LEADS_TO"", ""object"": ""unsafe_decision"", ""evidence"": ""Airport does not have an FAA approved Wildlife Management Plan.""}]",success
20120322X25316,"[{""text"": ""encountered three turbulence jolts"", ""role"": ""Flight Attendant"", ""tier"": ""unsafe_skill""}]","{""unsafe_skill"": [""encountered three turbulence jolts - Flight Attendant""]}","[{""subject"": ""unsafe_skill"", ""relation"": ""CO_OCCURS_WITH"", ""object"": ""situational_tech"", ""evidence"": ""encountered three turbulence jolts""}, {""subject"": ""unsafe_skill"", ""relation"": ""LEADS_TO"", ""object"": ""unsafe_perception"", ""evidence"": ""the aft galley flight attendant was injured while trying to get seated and strapped into the jump seat when another turbulence jolt occurred""}]",success
20001212X21038,"[{""text"": ""The maximum pitch attitude value of 8.79 degrees aircraft nose up was recorded at 549 seconds."", ""role"": ""Captain"", ""tier"": ""unsafe_skill""}]","{""unsafe_skill"": [""The maximum pitch attitude value of 8.79 degrees aircraft nose up was recorded at 549 seconds (Captain)""]}","[{""subject"": ""unsafe_skill"", ""relation"": ""LEADS_TO"", ""object"": ""unsafe_decision"", ""evidence"": ""The captain's failure to maintain the proper wind-adjusted Vref airspeed, by a margin which varied from 7 to 20 knots too slow, during the final 10 seconds of the approach prior to touchdown.""}]",success
20020919X05176,"[{""text"": ""Failed to Prioritize Attention"", ""role"": ""Pilot of the Piper PA-24-260"", ""tier"": ""unsafe_decision""}, {""text"": ""Misjudged Distance/Altitude/Airspeed"", ""role"": ""Crew of the Beech 1900D"", ""tier"": ""unsafe_perception""}]","{""unsafe_decision"": [""Failed to prioritize attention: Pilot of the Piper PA-24-260""], ""unsafe_perception"": [""Misjudged distance/altitude/airspeed: Crew of the Beech 1900D""]}","[{""subject"": ""unsafe_decision"", ""relation"": ""LEADS_TO"", ""object"": ""unsafe_perception"", ""evidence"": ""the pilot of the Piper and the flight crew of the Beech's failure to attain proper clearance from each other during their respective landings and the intentional evasive maneuver by the pilot to avoid the other airplane.""}]",success
20231007193204,"[{""text"": ""extended taxi to burn off the 1,000 lbs. of excess fuel"", ""role"": ""Flight crew"", ""tier"": ""unsafe_skill""}]","{""unsafe_skill"": [""extended taxi to burn off the 1,000 lbs. of excess fuel - Flight crew""]}","[{""subject"": ""unsafe_skill"", ""relation"": ""LEADS_TO"", ""object"": ""unsafe_decision"", ""evidence"": ""extended taxi to burn off the 1,000 lbs. of excess fuel""}]",success
20160927X51937,"[{""text"": ""incorrect installation of the frangible towing fuse that prevented the nose landing gear from extending."", ""role"": ""Maintenance personnel"", ""tier"": ""unsafe_skill""}]","{""operator_mental"": [""Complacency - Maintenance personnel""], ""operator_physical"": [""Fatigue - Flight crew""], ""personnel_crm"": [""Failed to Communicate - Maintenance personnel""], ""situational_tech"": [""Equipment Design - Nose landing gear system""], ""unsafe_skill"": [""incorrect installation of the frangible towing fuse that prevented the nose landing gear from extending.""]}","[{""subject"": ""unsafe_skill"", ""relation"": ""LEADS_TO"", ""object"": ""unsafe_decision"", ""evidence"": ""incorrect installation of the frangible towing fuse that prevented the nose landing gear from extending.""}]",success
20001212X20649,"[{""text"": ""Spatial Disorientation"", ""role"": ""First Officer"", ""tier"": ""unsafe_perception""}]","{""unsafe_perception"": [""Spatial Disorientation""]}","[{""subject"": ""unsafe_perception"", ""relation"": ""CO_OCCURS_WITH"", ""object"": ""operator_physical"", ""evidence"": ""The first officer's failure to maintain control of the airplane during climb out over water at night, which was a result of spatial disorientation.""}]",success
20081027X75039,"[{""text"": ""Failed to prioritize attention - First officer"", ""role"": ""First officer"", ""tier"": ""unsafe_decision""}]","{""operator_mental"": [""Loss of Situational Awareness - First Officer"", ""Complacency - First Officer""], ""operator_physical"": [""Fatigue - First Officer and Captain""], ""personnel_crm"": [""Failed to Communicate - First Officer and Captain""], ""situational_tech"": [""Incompatible Intelligence/Aptitude - First Officer and Captain""], ""unsafe_decision"": [""Failed to prioritize attention - First officer""]}","[{""subject"": ""unsafe_decision"", ""relation"": ""LEADS_TO"", ""object"": ""unsafe_perception"", ""evidence"": ""The failure of the flightcrew to arrest an excessive sink rate during the flare for landing.""}]",success
20241105195444,"[{""text"": ""Brake application before all three landing gears were on the ground, which caused the failure of the right main landing gear tires and resulted in tire fragments impacting the fuselage."", ""role"": ""Flight crew"", ""tier"": ""unsafe_skill""}]","{""unsafe_skill"": [""Brake application before all three landing gears were on the ground, which caused the failure of the right main landing gear tires and resulted in tire fragments impacting the fuselage.""]}","[{""subject"": ""unsafe_skill"", ""relation"": ""LEADS_TO"", ""object"": ""unsafe_perception"", ""evidence"": ""Brake application before all three landing gears were on the ground, which caused the failure of the right main landing gear tires and resulted in tire fragments impacting the fuselage.""}]",success
20181231X63848,"[{""text"": ""perceived the aural radar altitude countdown was fast and so reached for the throttles to push them forward"", ""role"": ""Copilot"", ""tier"": ""unsafe_decision""}]","{""operator_mental"": [""Loss of Situational Awareness - Copilot"", ""Complacency - Flight Crew""], ""situational_tech"": [""Incompatible Intelligence/Aptitude - Flight Crew""], ""personnel_crm"": [""Failed to Communicate - Flight Crew""], ""unsafe_decision"": [""perceived the aural radar altitude countdown was fast and so reached for the throttles to push them forward - Copilot""]}",[],success
20061101X01592,"[{""text"": ""Misdiagnosed Emergency"", ""role"": ""First Officer"", ""tier"": ""unsafe_decision""}]","{""unsafe_decision"": [""Misdiagnosed Emergency""]}","[{""subject"": ""unsafe_decision"", ""relation"": ""CO_OCCURS_WITH"", ""object"": ""operator_limits"", ""evidence"": ""The incident flight was the first officer's first approach to runway 29.""}, {""subject"": ""unsafe_perception"", ""relation"": ""LEADS_TO"", ""object"": ""unsafe_decision"", ""evidence"": ""The flight crew believed they had the runway centerline lights in view, and as the airplane descended below 300 feet, it flew through an intermittent rain shower, briefly reducing the flight crew's view of the runway.""}]",success
20100523X62317,"[{""text"": ""The crew observed an unsafe nose landing gear indication."", ""role"": ""Crew"", ""tier"": ""unsafe_perception""}, {""text"": ""The crew attempted to correct the landing gear malfunction by following the emergency procedures utilizing the Quick Reference Handbook (QRH), but was unsuccessful."", ""role"": ""Crew"", ""tier"": ""unsafe_skill""}]","{""unsafe_perception"": [""Misjudged Distance/Altitude/Airspeed - Crew""], ""unsafe_skill"": [""Failed to Prioritize Attention - Crew""]}","[{""subject"": ""unsafe_perception"", ""relation"": ""LEADS_TO"", ""object"": ""unsafe_skill"", ""evidence"": ""The crew observed an unsafe nose landing gear indication and The crew attempted to correct the landing gear malfunction by following the emergency procedures utilizing the Quick Reference Handbook (QRH), but was unsuccessful.""}]",success
20110418X12310,"[{""text"": ""Inadvertent encounter with convective-induced turbulence upon entering cumulonimbus clouds."", ""role"": ""Flight crew"", ""tier"": ""unsafe_perception""}]","{""unsafe_perception"": [""Misjudged Distance/Altitude/Airspeed""]}","[{""subject"": ""unsafe_perception"", ""relation"": ""LEADS_TO"", ""object"": ""unsafe_decision"", ""evidence"": ""An inadvertent encounter with convective-induced turbulence upon entering cumulonimbus clouds.""}]",success
20100806X53016,"[{""text"": ""Catalytic oxidation allowed the pistons from the brake housing to punch through the softened pressure plate and contact the rotor resulting in piston displacement, possible piston bushing damage and hydraulic fluid leakage."", ""role"": ""Maintenance crew"", ""tier"": ""unsafe_skill""}]","{""unsafe_skill"": [""Catalytic oxidation allowed the pistons from the brake housing to punch through the softened pressure plate and contact the rotor resulting in piston displacement, possible piston bushing damage and hydraulic fluid leakage.""]}","[{""subject"": ""unsafe_skill"", ""relation"": ""LEADS_TO"", ""object"": ""unsafe_violation"", ""evidence"": ""Catalytic oxidation allowed the pistons from the brake housing to punch through the softened pressure plate and contact the rotor resulting in piston displacement, possible piston bushing damage and hydraulic fluid leakage.""}]",success
20001212X20894,"[{""text"": ""The breach was about the width of the 2nd-stage nozzle segments, all of which were missing from the engine."", ""role"": ""Maintenance crew"", ""tier"": ""unsafe_skill""}]","{""unsafe_skill"": [""The breach was about the width of the 2nd-stage nozzle segments, all of which were missing from the engine.""]}","[{""subject"": ""unsafe_skill"", ""relation"": ""CO_OCCURS_WITH"", ""object"": ""operator_physical"", ""evidence"": """"}]",success
20080411X00456,"[{""text"": ""Improper Procedure"", ""role"": ""Maintenance crew"", ""tier"": ""unsafe_decision""}]","{""unsafe_decision"": [""Improper procedure: Maintenance personnel did not identify the potential issue with the guard pins during routine maintenance, leading to their failure under wind gust conditions.""]}",[],success
20230814192864,"[{""text"": ""FA2 reported that the turbulence was \u201csevere\u201d, and it occurred before she could return to her seat. While attempting to sit, her left foot went out from under her and she \u201cslammed down\u201d to the floor, where she remained for the rest of the flight."", ""role"": ""Flight attendant"", ""tier"": ""unsafe_skill""}]","{""unsafe_skill"": [""\""slammed down\"" to the floor (flight attendant)""]}","[{""subject"": ""unsafe_skill"", ""relation"": ""LEADS_TO"", ""object"": ""operator_physical"", ""evidence"": ""While attempting to sit, her left foot went out from under her and she \u201cslammed down\u201d to the floor, where she remained for the rest of the flight.""}]",success
20020612X00871,"[{""text"": ""The right main landing gear (RMLG) collapsed during landing rollout."", ""role"": ""Maintenance"", ""tier"": ""unsafe_violation""}]","{""unsafe_violation"": [""The failure of the right main landing gear due to fatigue.""]}","[{""subject"": ""unsafe_violation"", ""relation"": ""LEADS_TO"", ""object"": ""unsafe_perception"", ""evidence"": ""The failure of the right main landing gear due to fatigue.""}]",success
20001212X22163,"[{""text"": ""Exceeded Ability"", ""role"": ""Pilot"", ""tier"": ""unsafe_decision""}]","{""unsafe_decision"": [""Exceeded Ability""]}","[{""subject"": ""unsafe_decision"", ""relation"": ""LEADS_TO"", ""object"": ""operator_limits"", ""evidence"": ""Exceeded Ability""}]",success
20020604X00806,"[{""text"": ""initiated the escape maneuver in response to a false ground proximity warning system (GPWS) alert"", ""role"": ""pilot"", ""tier"": ""unsafe_decision""}]","{""unsafe_decision"": [""initiated the escape maneuver in response to a false ground proximity warning system (GPWS) alert""]}","[{""subject"": ""unsafe_decision"", ""relation"": ""LEADS_TO"", ""object"": ""operator_physical"", ""evidence"": ""initiated the escape maneuver in response to a false ground proximity warning system (GPWS) alert""}]",success
20110228X54428,"[{""text"": ""light rain and surface winds gusting to over 20 knots had been moving through the area most of the afternoon and evening"", ""role"": ""Weather conditions"", ""tier"": ""unsafe_violation""}, {""text"": ""The Captain, who was the non-flying pilot, turned on the seatbelt sign and made the announcement for the flight attendants to prepare the cabin for arrival."", ""role"": ""Captain (non-flying pilot)"", ""tier"": ""unsafe_decision""}]","{""unsafe_violation"": [""light rain and surface winds gusting to over 20 knots had been moving through the area most of the afternoon and evening""], ""unsafe_decision"": [""The Captain, who was the non-flying pilot, turned on the seatbelt sign and made the announcement for the flight attendants to prepare the cabin for arrival.""]}","[{""subject"": ""unsafe_violation"", ""relation"": ""LEADS_TO"", ""object"": ""unsafe_decision"", ""evidence"": ""light rain and surface winds gusting to over 20 knots had been moving through the area most of the afternoon and evening LEADS_TO The Captain, who was the non-flying pilot, turned on the seatbelt sign and made the announcement for the flight attendants to prepare the cabin for arrival.""}]",success
20110404X13555,"[{""text"": ""Incomplete action-Maintenance personnel"", ""role"": ""Maintenance personnel"", ""tier"": ""unsafe_skill""}]","{""unsafe_skill"": [""Incomplete action-Maintenance personnel""]}","[{""subject"": ""unsafe_skill"", ""relation"": ""LEADS_TO"", ""object"": ""unsafe_violation"", ""evidence"": ""The mechanic's incomplete securing of all the wheel well bin's fasteners, which resulted in separation of the bin from the airplane.""}]",success
20230602192290,"[{""text"": ""Flight crewmembers reported that during preflight planning, the weather briefing and dispatch-provided flight papers were normal, with no turbulence concerns or convective weather issues noted."", ""role"": ""pilot"", ""tier"": ""unsafe_skill""}, {""text"": ""The flight crew classified the turbulence as being moderate and indicated that it only lasted for a few seconds."", ""role"": ""pilot"", ""tier"": ""unsafe_decision""}]","{""unsafe_skill"": [""\""Flight crewmembers reported that during preflight planning, the weather briefing and dispatch-provided flight papers were normal, with no turbulence concerns or convective weather issues noted.\"" - pilot""], ""unsafe_decision"": [""\""The flight crew classified the turbulence as being moderate and indicated that it only lasted for a few seconds.\"" - pilot""]}","[{""subject"": ""unsafe_skill"", ""relation"": ""LEADS_TO"", ""object"": ""unsafe_decision"", ""evidence"": ""The flight crew classified the turbulence as being moderate and indicated that it only lasted for a few seconds.""}]",success
20120807X32623,"[{""text"": ""Failed to Prioritize Attention"", ""role"": ""Passenger"", ""tier"": ""unsafe_decision""}]","{""unsafe_decision"": [""Failed to prioritize attention - Passenger""]}",[],success
20010427X00832,"[{""text"": ""The Captain explained that these pages are generally received by fax from MCIMD, which became the agreed-upon course of action."", ""role"": ""Contract Maintenance"", ""tier"": ""unsafe_skill""}, {""text"": ""The [contract maintenance] mechanic was careful and apprehensive as he reviewed the problem and stated that he would need a full hardcopy of the appropriate maintenance manual pages. He asked if there was one on the airplane, and the flight crew said there was not."", ""role"": ""Contract Maintenance"", ""tier"": ""unsafe_skill""}, {""text"": ""The [contract maintenance] mechanic explained his level of training (one day of ground school and no 'hands on' experience with the B717) to MCIMD during a phone call as he requested a faxed, full copy of the procedure."", ""role"": ""Contract Maintenance"", ""tier"": ""unsafe_skill""}, {""text"": ""The [contract maintenance] mechanic completed the procedure that involved 'pinning' of the right engine thrust reverser, and the logbook signoff was reviewed with MCIMD. The amber T/R indication was still displayed in the cockpit."", ""role"": ""Contract Maintenance"", ""tier"": ""unsafe_skill""}]","{""unsafe_skill"": [""Omitted Checklist Step (Contract Maintenance)"", ""Failed to Prioritize Attention (Contract Maintenance)"", ""Poor Technique (Contract Maintenance)""]}","[{""subject"": ""unsafe_skill"", ""relation"": ""LEADS_TO"", ""object"": ""unsafe_decision"", ""evidence"": ""The [contract maintenance] mechanic was careful and apprehensive as he reviewed the problem and stated that he would need a full hardcopy of the appropriate maintenance manual pages. He asked if there was one on the airplane, and the flight crew said there was not.""}, {""subject"": ""unsafe_skill"", ""relation"": ""LEADS_TO"", ""object"": ""unsafe_decision"", ""evidence"": ""The [contract maintenance] mechanic explained his level of training (one day of ground school and no 'hands on' experience with the B717) to MCIMD during a phone call as he requested a faxed, full copy of the procedure.""}, {""subject"": ""unsafe_skill"", ""relation"": ""LEADS_TO"", ""object"": ""unsafe_perception"", ""evidence"": ""The [contract maintenance] mechanic completed the procedure that involved 'pinning' of the right engine thrust reverser, and the amber T/R indication was still displayed in the cockpit.""}]",success
20030624X00945,"[{""text"": ""The captain reported that they disconnected the autopilot because he could not rely on the autopilot to assist with compliance with the altitude clearance they had received."", ""role"": ""pilot"", ""tier"": ""unsafe_skill""}]","{""unsafe_skill"": [""The captain reported that they disconnected the autopilot because he could not rely on the autopilot to assist with compliance with the altitude clearance they had received.""]}","[{""subject"": ""unsafe_skill"", ""relation"": ""CO_OCCURS_WITH"", ""object"": ""operator_limits"", ""evidence"": ""The captain reported that they disconnected the autopilot because he could not rely on the autopilot to assist with compliance with the altitude clearance they had received.""}]",success
20100423X01836,"[{""text"": ""ambient temperatures that were below 32 degrees Fahrenheit"", ""role"": ""Maintenance crew"", ""tier"": ""unsafe_violation""}]","{""unsafe_violation"": [""Environmental issues-Conditions/weather/phenomena-Temp/humidity/pressure-Conducive to structural icing-Effect on equipment - C""]}","[{""subject"": ""unsafe_violation"", ""relation"": ""LEADS_TO"", ""object"": ""unsafe_decision"", ""evidence"": ""ambient temperatures that were below 32 degrees Fahrenheit""}]",success
20130128X11324,"[{""text"": ""the flight crew did not perform another takeoff performance data briefing"", ""role"": ""Flight crew - C"", ""tier"": ""unsafe_skill""}, {""text"": ""During the approach, the flight crew did not notice indications that the target landing airspeed was too low"", ""role"": ""Flight crew - F"", ""tier"": ""unsafe_decision""}]","{""unsafe_skill"": [""the flight crew did not perform another takeoff performance data briefing - Flight crew - C""], ""unsafe_decision"": [""During the approach, the flight crew did not notice indications that the target landing airspeed was too low - Flight crew - F""]}","[{""subject"": ""unsafe_skill"", ""relation"": ""LEADS_TO"", ""object"": ""unsafe_decision"", ""evidence"": ""the flight crew did not perform another takeoff performance data briefing following the final entries into the Flight Management System, which would have alerted them to the incorrect weight entry and resulting incorrect landing speeds. During the approach, the flight crew did not notice indications that the target landing airspeed was too low""}]",success
20020523X00725,"[{""text"": ""pushed back during a period of moderate to heavy rain"", ""role"": ""Ground Crew"", ""tier"": ""Unsafe_Violation""}, {""text"": ""the 'AP TRIM IS LWD' caution annunciator illuminated. The first officer disconnected the autopilot, and found the aileron controls to be 'stiff and binding.' The captain then took control of the airplane, and also found the aileron controls to be stiff and binding."", ""role"": ""Pilot"", ""tier"": ""Unsafe_Skill""}]","{""unsafe_skill"": [""'AP TRIM IS LWD' caution annunciator illuminated. The first officer disconnected the autopilot, and found the aileron controls to be 'stiff and binding.' The captain then took control of the airplane, and also found the aileron controls to be stiff and binding.""], ""unsafe_violation"": [""pushed back during a period of moderate to heavy rain""]}","[{""subject"": ""unsafe_violation"", ""relation"": ""LEADS_TO"", ""object"": ""unsafe_skill"", ""evidence"": ""pushed back during a period of moderate to heavy rain""}, {""subject"": ""unsafe_skill"", ""relation"": ""CO_OCCURS_WITH"", ""object"": ""unsafe_decision"", ""evidence"": ""the 'AP TRIM IS LWD' caution annunciator illuminated. The first officer disconnected the autopilot, and found the aileron controls to be 'stiff and binding.' The captain then took control of the airplane, and also found the aileron controls to be stiff and binding.""}]",success
20230814192860,"[{""text"": ""Incorrect service/maintenance; Incorrect application of chrome finish instead of cadmium and primer"", ""role"": ""Maintenance crew"", ""tier"": ""unsafe_skill""}]","{""unsafe_skill"": [""Incorrect service/maintenance; Incorrect application of chrome finish instead of cadmium and primer - Maintenance crew""]}","[{""subject"": ""unsafe_skill"", ""relation"": ""LEADS_TO"", ""object"": ""unsafe_decision"", ""evidence"": ""Incorrect service/maintenance; Incorrect application of chrome finish instead of cadmium and primer""}]",success
20120118X91324,"[{""text"": ""Misunderstood the thumbs-up signal"", ""role"": ""Ground crew"", ""tier"": ""unsafe_decision""}]","{""unsafe_decision"": [""Misunderstood the thumbs-up signal - Ground crew""]}","[{""subject"": ""unsafe_decision"", ""relation"": ""LEADS_TO"", ""object"": ""unsafe_violation"", ""evidence"": ""Misunderstood the thumbs-up signal""}]",success
20130220X32821,"[{""text"": ""set an unsustainable vertical speed command in the autopilot during climb and intentionally allowed the airspeed to decrease well below the recommended climb speed"", ""role"": ""Pilot - C"", ""tier"": ""unsafe_skill""}, {""text"": ""failed to monitor airspeed during level off at FL 340 and allowed it to fall to stick shaker speed"", ""role"": ""Pilot - C"", ""tier"": ""unsafe_skill""}, {""text"": ""applied back pressure, or 'pulls,' seven times in response to stick pusher activation before relaxing back pressure and allowing the airplane to descend"", ""role"": ""Pilot - C"", ""tier"": ""unsafe_decision""}]","{""unsafe_skill"": [""set an unsustainable vertical speed command in the autopilot during climb and intentionally allowed the airspeed to decrease well below the recommended climb speed - Pilot - C"", ""failed to monitor airspeed during level off at FL 340 and allowed it to fall to stick shaker speed - Pilot - C""], ""unsafe_decision"": [""applied back pressure, or 'pulls,' seven times in response to stick pusher activation before relaxing back pressure and allowing the airplane to descend - Pilot - C""]}","[{""subject"": ""unsafe_skill"", ""relation"": ""LEADS_TO"", ""object"": ""unsafe_decision"", ""evidence"": ""applied back pressure, or 'pulls,' seven times in response to stick pusher activation before relaxing back pressure and allowing the airplane to descend""}]",success
20090522X80352,"[{""text"": ""The flight crew's failure to adequately monitor and maintain clearance from a parked aircraft while taxiing."", ""role"": ""Flight crew - C"", ""tier"": ""Unsafe_skill""}]","{""unsafe_skill"": [""The flight crew's failure to adequately monitor and maintain clearance from a parked aircraft while taxiing - Flight crew - C""]}","[{""subject"": ""unsafe_skill"", ""relation"": ""CO_OCCURS_WITH"", ""object"": ""operator_physical"", ""evidence"": ""The flight crew's failure to adequately monitor and maintain clearance from a parked aircraft while taxiing.""}]",success
20101019X33258,"[{""text"": ""The captain tried pushing on the door while personnel outside the airplane were pulling it open and while he was lifting the door handle from the inside. The door opened and extended beyond its normal limits and rotated downward until it impacted the tarmac."", ""role"": ""Captain"", ""tier"": ""unsafe_skill""}]","{""unsafe_skill"": [""\""The captain tried pushing on the door while personnel outside the airplane were pulling it open and while he was lifting the door handle from the inside. The door opened and extended beyond its normal limits and rotated downward until it impacted the tarmac.\"" (Captain)""]}","[{""subject"": ""unsafe_skill"", ""relation"": ""LEADS_TO"", ""object"": ""unsafe_violation"", ""evidence"": ""The door opened and extended beyond its normal limits and rotated downward until it impacted the tarmac.""}]",success
20090421X81417,"[{""text"": ""In addition, the first officer made a similar announcement to the crew and passengers stressing the need to remain seated for their safety."", ""role"": ""First Officer"", ""tier"": ""unsafe_skill""}, {""text"": ""The injured passenger's failure to comply with the requirement to remain seated with a fastened seatbelt."", ""role"": ""Passenger"", ""tier"": ""unsafe_skill""}]","{""operator_mental"": [""Loss of Situational Awareness - Flight Crew"", ""Complacency - Flight Crew""], ""personnel_crm"": [""Failed to Communicate - Lead Flight Attendant"", ""Failed to Coordinate - Lead Flight Attendant""], ""situational_tech"": [""Incompatible Intelligence/Aptitude - Weather Radar Display""], ""unsafe_skill"": [""\""In addition, the first officer made a similar announcement to the crew and passengers stressing the need to remain seated for their safety.\"" - First Officer"", ""\""The injured passenger's failure to comply with the requirement to remain seated with a fastened seatbelt.\"" - Passenger""]}","[{""subject"": ""unsafe_skill"", ""relation"": ""LEADS_TO"", ""object"": ""unsafe_violation"", ""evidence"": ""The injured passenger's failure to comply with the requirement to remain seated with a fastened seatbelt.""}, {""subject"": ""unsafe_decision"", ""relation"": ""CO_OCCURS_WITH"", ""object"": ""unsafe_skill"", ""evidence"": ""In addition, the first officer made a similar announcement to the crew and passengers stressing the need to remain seated for their safety.""}]",success
20170920X64035,"[{""text"": ""tightened his right turn in the opposite direction the airplane was traveling"", ""role"": ""ground crew - tug operator"", ""tier"": ""unsafe_decision""}]","{""unsafe_decision"": [""tightened his right turn in the opposite direction the airplane was traveling - ground crew - tug operator""]}","[{""subject"": ""unsafe_decision"", ""relation"": ""LEADS_TO"", ""object"": ""unsafe_violation"", ""evidence"": ""tightened his right turn in the opposite direction the airplane was traveling""}]",success
20250623200362,"[{""text"": ""No significant convective weather or turbulence was forecasted or depicted during the flight crew\u2019s flight planning"", ""role"": ""Flight Crew"", ""tier"": ""Unsafe Perception""}, {""text"": ""The seatbelt sign was illuminated at the time of the event"", ""role"": ""Cabin Crew"", ""tier"": ""Unsafe Skill""}]","{""unsafe_perception"": [""No significant convective weather or turbulence was forecasted or depicted during the flight crew\u2019s flight planning - Flight Crew""], ""unsafe_skill"": [""The seatbelt sign was illuminated at the time of the event - Cabin Crew""]}","[{""subject"": ""unsafe_perception"", ""relation"": ""LEADS_TO"", ""object"": ""unsafe_skill"", ""evidence"": ""No significant convective weather or turbulence was forecasted or depicted during the flight crew\u2019s flight planning""}]",success
20230725192698,"[{""text"": ""Inadvertent Flight Control Use"", ""role"": ""First Officer"", ""tier"": ""unsafe_skill""}]","{""unsafe_skill"": [""Inadvertent Flight Control Use - First Officer""]}","[{""subject"": ""unsafe_skill"", ""relation"": ""CO_OCCURS_WITH"", ""object"": ""operator_physical"", ""evidence"": ""The first officer, as the pilot flying, encountered turbulence and experienced a severe jolt of turbulence that lasted about 1.5 seconds.""}]",success
20170625X04604,"[{""text"": ""The first officer was late to flare on previous landings."", ""role"": ""First Officer"", ""tier"": ""unsafe_skill""}, {""text"": ""the captain instructed the first officer to 'pull back pull back' before touchdown."", ""role"": ""Captain"", ""tier"": ""unsafe_decision""}]","{""unsafe_skill"": [""The first officer was late to flare on previous landings - First Officer""], ""unsafe_decision"": [""the captain instructed the first officer to 'pull back pull back' before touchdown - Captain""]}","[{""subject"": ""unsafe_skill"", ""relation"": ""LEADS_TO"", ""object"": ""unsafe_decision"", ""evidence"": ""The first officer was late to flare on previous landings.""}, {""subject"": ""unsafe_decision"", ""relation"": ""CO_OCCURS_WITH"", ""object"": ""unsafe_skill"", ""evidence"": ""the captain instructed the first officer to 'pull back pull back' before touchdown.""}]",success
20140109X32656,"[{""text"": ""Over-controlled Aircraft"", ""role"": ""Pilot - Captain"", ""tier"": ""unsafe_skill""}]","{""unsafe_skill"": [""Over-controlled Aircraft - Pilot - Captain""]}","[{""subject"": ""unsafe_skill"", ""relation"": ""LEADS_TO"", ""object"": ""unsafe_perception"", ""evidence"": ""the captain's over rotation during the bounced landing.""}]",success
20230214106734,[],{},[],parse_error
20030917X01555,"[{""text"": ""The pushback tractor driver had not received specific operational training on pushback operations since 1992."", ""role"": ""pushback tractor driver"", ""tier"": ""unsafe_violation""}]","{""unsafe_violation"": [""The pushback tractor driver had not received specific operational training on pushback operations since 1992.""]}","[{""subject"": ""unsafe_violation"", ""relation"": ""LEADS_TO"", ""object"": ""unsafe_decision"", ""evidence"": ""The pushback tractor driver had not received specific operational training on pushback operations since 1992.""}]",success
20170508X85232,"[{""text"": ""remained seated for an additional 5 to 10 minutes after the cabin received the double chime indicating that the flight had passed 10,000 feet"", ""role"": ""Flight Attendant"", ""tier"": ""unsafe_skill""}]","{""operator_mental"": [""Loss of Situational Awareness - Flight Attendant"", ""Complacency - Flight Attendant""], ""operator_physical"": [""Physical Fatigue - Flight Attendant""], ""personnel_crm"": [""Failed to Communicate - Flight Crew""], ""unsafe_skill"": [""remained seated for an additional 5 to 10 minutes after the cabin received the double chime indicating that the flight had passed 10,000 feet - Flight Attendant""]}","[{""subject"": ""unsafe_skill"", ""relation"": ""LEADS_TO"", ""object"": ""unsafe_decision"", ""evidence"": ""remained seated for an additional 5 to 10 minutes after the cabin received the double chime indicating that the flight had passed 10,000 feet""}]",success
20090401X82602,"[{""text"": ""flight attendants must be seated with seat belts and shoulder harness secured during moderate/severe turbulence or when directed by the captain."", ""role"": ""Cabin crew"", ""tier"": ""unsafe_skill""}]","{""unsafe_skill"": [""\""flight attendants should be seated immediately when directed by the captain to take their seats due to moderate or severe turbulence.\"" (Cabin crew)""]}","[{""subject"": ""unsafe_skill"", ""relation"": ""CO_OCCURS_WITH"", ""object"": ""unsafe_violation"", ""evidence"": ""The flight attendant's failure to properly restrain herself after taking her jumpseat.""}]",success
20101203X90900,"[{""text"": ""encountered clear air turbulence at 18,000 feet (FL180)"", ""role"": ""aircraft"", ""tier"": ""unsafe_perception""}]","{""unsafe_perception"": [""Misjudged Distance/Altitude/Airspeed""]}","[{""subject"": ""unsafe_perception"", ""relation"": ""CO_OCCURS_WITH"", ""object"": ""situational_tech"", ""evidence"": ""encountered clear air turbulence at 18,000 feet (FL180)""}]",success
20110902X54326,"[{""text"": ""Maintenance personnel's lack of training on the installation and inspection of the uplock assembly"", ""role"": ""Mechanic, Maintenance Inspector"", ""tier"": ""unsafe_skill""}]","{""unsafe_skill"": [""Maintenance personnel's lack of training on the installation and inspection of the uplock assembly""]}","[{""subject"": ""unsafe_skill"", ""relation"": ""LEADS_TO"", ""object"": ""unsafe_decision"", ""evidence"": ""The improperly installed upper attachment bolt in the left main landing gear uplock assembly, which led to the failure of the left main landing gear to extend before landing.""}, {""subject"": ""unsafe_skill"", ""relation"": ""CO_OCCURS_WITH"", ""object"": ""unsafe_perception"", ""evidence"": ""Maintenance personnel's lack of training on the installation and inspection of the uplock assembly""}]",success
20150608X90730,"[{""text"": ""Lack of communication between Aircraft Rescue and Firefighting personnel and the flight crew"", ""role"": ""ARFF personnel - F; Flight crew - C"", ""tier"": ""unsafe_decision""}]","{""unsafe_decision"": [""Lack of communication between Aircraft Rescue and Firefighting personnel and the flight crew""]}",[],success
20170913X72254,"[{""text"": ""Misjudged Distance/Altitude/Airspeed"", ""role"": ""B737 Captain and FO"", ""tier"": ""unsafe_perception""}]","{""unsafe_perception"": [""Misjudged Distance/Altitude/Airspeed - B737 Captain and FO""]}","[{""subject"": ""unsafe_perception"", ""relation"": ""LEADS_TO"", ""object"": ""unsafe_decision"", ""evidence"": ""the B737 flight crew's misjudgment of the clearance between their wingtip and the B767 horizontal stabilizer.""}]",success
20251126202069,"[{""text"": ""The slack in the broken cable was wrapped around the autopilot servo mount in such a way that it caused the pitch restriction."", ""role"": ""Maintenance"", ""tier"": ""unsafe_skill""}]","{""unsafe_skill"": [""Failed to Prioritize Attention - Maintenance""]}","[{""subject"": ""unsafe_skill"", ""relation"": ""LEADS_TO"", ""object"": ""unsafe_perception"", ""evidence"": ""The slack in the broken cable was wrapped around the autopilot servo mount in such a way that it caused the pitch restriction.""}]",success
20040226X00241,"[{""text"": ""The Pushback Operator did not see the stop signal, as he stopped scanning and concentrated his view on the ground looking for another ramp line to stop the aircraft on."", ""role"": ""Push Tug Operator"", ""tier"": ""unsafe_skill""}]","{""unsafe_skill"": [""The Pushback Operator did not see the stop signal, as he stopped scanning and concentrated his view on the ground looking for another ramp line to stop the aircraft on.""]}","[{""subject"": ""unsafe_skill"", ""relation"": ""LEADS_TO"", ""object"": ""unsafe_violation"", ""evidence"": ""The Pushback Operator did not see the stop signal, as he stopped scanning and concentrated his view on the ground looking for another ramp line to stop the aircraft on.""}]",success
20050713X01012,"[{""text"": ""The pushback driver stated that he 'did not see anyone telling me to stop pushing that my zone was not clear.'"", ""role"": ""Pushback Driver"", ""tier"": ""unsafe_skill""}]","{""unsafe_skill"": [""'did not see anyone telling me to stop pushing that my zone was not clear' - Pushback Driver""]}","[{""subject"": ""unsafe_skill"", ""relation"": ""CO_OCCURS_WITH"", ""object"": ""unsafe_decision"", ""evidence"": ""The pushback driver stated that he 'did not see anyone telling me to stop pushing that my zone was not clear.'""}, {""subject"": ""unsafe_skill"", ""relation"": ""LEADS_TO"", ""object"": ""unsafe_violation"", ""evidence"": ""The pushback driver, unaware of the second truck behind the aircraft, began to push the aircraft out.""}]",success
20090422X95319,"[{""text"": ""Failed to maintain clearance from ground equipment while taxiing"", ""role"": ""Flight crew"", ""tier"": ""unsafe_skill""}]","{""operator_mental"": [""Loss of Situational Awareness - Captain"", ""Distraction - Captain""], ""personnel_crm"": [""Failed to Communicate - First Officer""], ""situational_tech"": [""Improper Positioning of Ground Equipment - Ramp Personnel""], ""unsafe_skill"": [""Failed to maintain clearance from ground equipment while taxiing - Flight crew""]}","[{""subject"": ""unsafe_skill"", ""relation"": ""LEADS_TO"", ""object"": ""unsafe_violation"", ""evidence"": ""Failed to maintain clearance from ground equipment while taxiing""}]",success
20160822X94859,"[{""text"": ""One of the aft FAs was in the process of securing the final latches in the galley when she was tossed about the galley, seriously injuring her right ankle."", ""role"": ""Flight Attendant"", ""tier"": ""unsafe_skill""}]","{""unsafe_skill"": [""Breakdown in Visual Scan - Flight Attendant""]}","[{""subject"": ""unsafe_skill"", ""relation"": ""CO_OCCURS_WITH"", ""object"": ""situational_tech"", ""evidence"": ""As the flight was descending from FL330 feet to FL240 on the GUSHR2 RNAV arrival the airplane and was in and out of cumulus and stratus clouds. The seatbelt sign was illuminated, and the weather radar was on but there were no indications of turbulence depicted in front of the airplane, though the crew could see that the weather was building rather than dissipating with scattered cumulus clouds all around.""}, {""subject"": ""unsafe_skill"", ""relation"": ""LEADS_TO"", ""object"": ""unsafe_perception"", ""evidence"": ""One of the aft FAs was in the process of securing the final latches in the galley when she was tossed about the galley, seriously injuring her right ankle.""}]",success
20120608X43116,"[{""text"": ""Identified a small band of cumulus clouds between 13,000 feet and 9,000 feet."", ""role"": ""Flight crew"", ""tier"": ""unsafe_perception""}]","{""unsafe_perception"": [""Misjudged Distance/Altitude/Airspeed - Flight crew""]}","[{""subject"": ""unsafe_perception"", ""relation"": ""CO_OCCURS_WITH"", ""object"": ""unsafe_decision"", ""evidence"": ""Identified a small band of cumulus clouds between 13,000 feet and 9,000 feet.""}]",success
20230411107036,"[{""text"": ""The pilot's failure to adequately compensate for a wind shift while on short final approach which resulted in a higher than normal sink rate and a tailstrike."", ""role"": ""Pilot"", ""tier"": ""unsafe_skill""}]","{""unsafe_skill"": [""Failed to Prioritize Attention - Pilot""]}","[{""subject"": ""unsafe_skill"", ""relation"": ""LEADS_TO"", ""object"": ""unsafe_decision"", ""evidence"": ""The pilot's failure to adequately compensate for a wind shift while on short final approach which resulted in a higher than normal sink rate and a tailstrike.""}]",success
20140515X92350,"[{""text"": ""the captain's failure to verify the communications between himself and the tug operator, which resulted in him applying of brakes while the airplane was being pushed back from the gate by the tug with tow bar attached."", ""role"": ""Pilot - C"", ""tier"": ""unsafe_decision""}]","{""unsafe_decision"": [""the captain's failure to verify the communications between himself and the tug operator, which resulted in him applying of brakes while the airplane was being pushed back from the gate by the tug with tow bar attached.""]}","[{""subject"": ""unsafe_decision"", ""relation"": ""LEADS_TO"", ""object"": ""unsafe_violation"", ""evidence"": ""the captain's failure to verify the communications between himself and the tug operator, which resulted in him applying of brakes while the airplane was being pushed back from the gate by the tug with tow bar attached.""}]",success
20100216X20235,"[{""text"": ""Inadvertent Flight Control Use"", ""role"": ""Pilot"", ""tier"": ""unsafe_skill""}]","{""unsafe_skill"": [""Inadvertent Flight Control Use - Pilot""]}","[{""subject"": ""unsafe_skill"", ""relation"": ""LEADS_TO"", ""object"": ""unsafe_decision"", ""evidence"": ""The pilot's inadvertent flight control use led to the decision to initiate a turn back to the assigned heading.""}, {""subject"": ""unsafe_decision"", ""relation"": ""LEADS_TO"", ""object"": ""unsafe_perception"", ""evidence"": ""The unsafe decision to deviate from the assigned heading and respond to the TCAS RA contributed to the perception of imminent collision with another aircraft.""}]",success
20130511X04905,"[{""text"": ""Failed to Prioritize Attention"", ""role"": ""Wing walker"", ""tier"": ""unsafe_skill""}]","{""unsafe_skill"": [""Failed to Prioritize Attention - Wing walker""]}","[{""subject"": ""unsafe_skill"", ""relation"": ""CO_OCCURS_WITH"", ""object"": ""unsafe_decision"", ""evidence"": ""The failure of the tug operator and wing walker to adequately monitor the environment during pushback of the airplane from the gate in preparation for flight, which led to the collision of the airplane with an adjacently parked airplane.""}]",success
20160803X71952,"[{""text"": ""Inadvertent Flight Control Use"", ""role"": ""Flight Attendant"", ""tier"": ""unsafe_skill""}]","{""unsafe_skill"": [""Inadvertent Flight Control Use - Flight Attendant""]}","[{""subject"": ""unsafe_skill"", ""relation"": ""LEADS_TO"", ""object"": ""unsafe_perception"", ""evidence"": ""Inadvertent Flight Control Use. The flight attendant's action of swinging the coffee pot led to a sudden drop in altitude, causing water to splash onto her.""}]",success
20250417200028,"[{""text"": ""burning odor in the cabin"", ""role"": ""Flight Attendant"", ""tier"": ""unsafe_skill""}]","{""unsafe_skill"": [""Omitted Checklist Step - Flight Attendant""]}","[{""subject"": ""unsafe_skill"", ""relation"": ""CO_OCCURS_WITH"", ""object"": ""unsafe_decision"", ""evidence"": ""burning odor in the cabin""}]",success
20150506X41316,"[{""text"": ""misjudged distance/altitude"", ""role"": ""pilot"", ""tier"": ""unsafe_perception""}]","{""unsafe_perception"": [""Misjudged Distance/Altitude/Airspeed - Pilot""]}","[{""subject"": ""unsafe_perception"", ""relation"": ""LEADS_TO"", ""object"": ""unsafe_decision"", ""evidence"": ""the first officer (FO) advised the captain they were getting too close to the wing of the B757.""}]",success
20230823192927,"[{""text"": ""Flight Attendants take your seats."", ""role"": ""Cabin crew"", ""tier"": ""unsafe_skill""}]","{""unsafe_skill"": [""Flight Attendants take your seats - Cabin crew""]}","[{""subject"": ""unsafe_skill"", ""relation"": ""CO_OCCURS_WITH"", ""object"": ""operator_physical"", ""evidence"": ""The flight crew reported that prior to the JOBOC intersection, there was minimal light turbulence, and the seatbelt sign had been on and off sporadically as required.""}, {""subject"": ""unsafe_skill"", ""relation"": ""CO_OCCURS_WITH"", ""object"": ""operator_limits"", ""evidence"": ""The flight crew reported that their preflight weather briefing revealed no significant areas of weather or turbulence over their planned route to LHR.""}]",success
20120924X32520,"[{""text"": ""Several flight attendants were still out of their seats collecting service items and securing the galley when the turbulence encounter occurred."", ""role"": ""Flight Attendant"", ""tier"": ""unsafe_skill""}]","{""operator_mental"": [""Loss of Situational Awareness - Flight Attendant"", ""Complacency - Flight Attendant""], ""operator_physical"": [""Physical Fatigue - Flight Attendant""], ""personnel_crm"": [""Failed to Secure Cabin Properly - Flight Attendants""], ""unsafe_skill"": [""Several flight attendants were still out of their seats collecting service items and securing the galley when the turbulence encounter occurred.""]}","[{""subject"": ""unsafe_skill"", ""relation"": ""CO_OCCURS_WITH"", ""object"": ""unsafe_decision"", ""evidence"": ""Several flight attendants were still out of their seats collecting service items and securing the galley when the turbulence encounter occurred.""}]",success
20080506X00598,"[{""text"": ""Incorrect use of the thrust lever leading to the dual engine shutdown during taxi."", ""role"": ""Pilot - C"", ""tier"": ""unsafe_skill""}]","{""unsafe_skill"": [""Incorrect use/operation - C""]}","[{""subject"": ""unsafe_skill"", ""relation"": ""LEADS_TO"", ""object"": ""unsafe_violation"", ""evidence"": ""The flying pilot's incorrect use of the thrust lever leading to the dual engine shutdown during taxi.""}]",success
20111214X53854,"[{""text"": ""Breakdown in Visual Scan"", ""role"": ""Pilot of other aircraft - N303DQ"", ""tier"": ""unsafe_skill""}]","{""operator_mental"": [""Loss of Situational Awareness - Pilot of other aircraft"", ""Complacency - Pilot of other aircraft""], ""personnel_crm"": [""Failed to Communicate - Pilot of other aircraft""], ""unsafe_skill"": [""Breakdown in Visual Scan - Pilot of other aircraft - N303DQ""]}","[{""subject"": ""unsafe_skill"", ""relation"": ""CO_OCCURS_WITH"", ""object"": ""unsafe_decision"", ""evidence"": ""the failure of the captain of N303DQ to maintain a safe clearance from N583NW that was stopped on the taxiway.""}]",success
20020319X00362,"[{""text"": ""de-icing fluid should not be sprayed into the APU inlet"", ""role"": ""Ground De-Icing Crew"", ""tier"": ""unsafe_violation""}]","{""unsafe_violation"": [""de-icing fluid should not be sprayed into the APU inlet""]}","[{""subject"": ""unsafe_violation"", ""relation"": ""LEADS_TO"", ""object"": ""unsafe_decision"", ""evidence"": ""de-icing fluid should not be sprayed into the APU inlet""}]",success
20100809X75512,"[{""text"": ""The seat belt sign was on prior to the TCAS alert because the flight attendants were preparing the cabin for landing."", ""role"": ""Flight Attendant"", ""tier"": ""unsafe_skill""}, {""text"": ""A passenger in the aft lavatory of TCF7630, suffered a compound fracture of his leg."", ""role"": ""Passenger"", ""tier"": ""unsafe_skill""}]","{""unsafe_skill"": [""\""The seat belt sign was on prior to the TCAS alert because the flight attendants were preparing the cabin for landing.\"" - Flight Attendant"", ""\""A passenger in the aft lavatory of TCF7630, suffered a compound fracture of his leg.\"" - Passenger""]}","[{""subject"": ""unsafe_skill"", ""relation"": ""CO_OCCURS_WITH"", ""object"": ""unsafe_decision"", ""evidence"": ""The passenger's decision to disregard the seatbelt sign.""}, {""subject"": ""unsafe_skill"", ""relation"": ""LEADS_TO"", ""object"": ""unsafe_perception"", ""evidence"": ""A passenger in the aft lavatory of TCF7630, suffered a compound fracture of his leg.""}]",success
20130314X14422,"[{""text"": ""the captain reported he felt the airplane 'float' and attempted to maintain landing attitude"", ""role"": ""Flight crew - Captain"", ""tier"": ""unsafe_skill""}]","{""unsafe_skill"": [""the captain reported he felt the airplane 'float' and attempted to maintain landing attitude - Flight crew - Captain""]}","[{""subject"": ""unsafe_skill"", ""relation"": ""LEADS_TO"", ""object"": ""unsafe_decision"", ""evidence"": ""the captain reported he felt the airplane 'float' and attempted to maintain landing attitude""}]",success
20250207199663,"[{""text"": ""Omitted Checklist Step"", ""role"": ""Tug Driver"", ""tier"": ""unsafe_skill""}]","{""unsafe_skill"": [""Omitted Checklist Step - Tug Driver""]}","[{""subject"": ""unsafe_skill"", ""relation"": ""CO_OCCURS_WITH"", ""object"": ""unsafe_decision"", ""evidence"": ""The tug driver's failure to ensure the taxiway was clear of aircraft prior to crossing, resulting in a collision with the left wing of the taxiing aircraft.""}, {""subject"": ""unsafe_perception"", ""relation"": ""LEADS_TO"", ""object"": ""unsafe_violation"", ""evidence"": ""The absence of a nose-gear light on flight 6181, which may have contributed to the tug driver not detecting the presence of flight 6181 before the collision.""}]",success
20100606X02721,"[{""text"": ""Failed to Prioritize Attention - Flight crew - C"", ""role"": ""Flight crew - C"", ""tier"": ""unsafe_decision""}]","{""operator_mental"": [""Loss of Situational Awareness - Flight crew"", ""Complacency - Flight crew""], ""personnel_crm"": [""Failed to Communicate - Pilot of other aircraft""], ""unsafe_decision"": [""Failed to prioritize attention - Flight crew - C""]}","[{""subject"": ""unsafe_decision"", ""relation"": ""LEADS_TO"", ""object"": ""unsafe_violation"", ""evidence"": ""The Airbus A330 flight crew's failure to maintain clearance from a standing airplane while taxiing.""}]",success
20250611200304,"[{""text"": ""applied the brakes to assist with the turning maneuver, using what he recalled felt like normal pressure."", ""role"": ""pilot flying"", ""tier"": ""unsafe_skill""}]","{""unsafe_skill"": [""applied the brakes to assist with the turning maneuver, using what he recalled felt like normal pressure.""]}","[{""subject"": ""unsafe_skill"", ""relation"": ""LEADS_TO"", ""object"": ""unsafe_decision"", ""evidence"": ""applied the brakes to assist with the turning maneuver, using what he recalled felt like normal pressure.""}]",success
20031010X01706,"[{""text"": ""The captain did not coordinate pushback procedures with the ground personnel prior to the pushback."", ""role"": ""Pilot-in-Command"", ""tier"": ""unsafe_decision""}]","{""unsafe_decision"": [""The captain did not coordinate pushback procedures with the ground personnel prior to the pushback.""]}","[{""subject"": ""unsafe_decision"", ""relation"": ""LEADS_TO"", ""object"": ""unsafe_violation"", ""evidence"": ""The captain did not coordinate pushback procedures with the ground personnel prior to the pushback.""}]",success
20191217X93140,"[{""text"": ""Failed to Prioritize Attention"", ""role"": ""First Officer (Pilot Flying)"", ""tier"": ""unsafe_decision""}]","{""unsafe_decision"": [""Failed to prioritize attention: First Officer (Pilot Flying)""]}","[{""subject"": ""unsafe_decision"", ""relation"": ""LEADS_TO"", ""object"": ""unsafe_perception"", ""evidence"": ""The FO, who was the pilot flying, began to maneuver around several cells visually.""}]",success
20160126X75122,"[{""text"": ""Misjudged Distance/Altitude/Airspeed - Ground crew"", ""role"": ""Ground crew"", ""tier"": ""unsafe_perception""}]","{""operator_mental"": [""Loss of Situational Awareness - Ground crew""], ""operator_limits"": [""Incompatible Intelligence/Aptitude - Ground crew""], ""situational_tech"": [""Equipment Design - Slushy conditions on taxiway - Ground crew""], ""personnel_crm"": [""Failed to Communicate - Ground crew""], ""unsafe_perception"": [""Misjudged distance between the B767 wingtip and the MD-88 tail - Ground crew""]}","[{""subject"": ""unsafe_perception"", ""relation"": ""LEADS_TO"", ""object"": ""unsafe_decision"", ""evidence"": ""the ground crew's misjudgment of the distance between the B767 wingtip and the MD-88 tail.""}, {""subject"": ""unsafe_perception"", ""relation"": ""CO_OCCURS_WITH"", ""object"": ""situational_tech"", ""evidence"": ""the slushy condition of the ramp which limited the maneuvering space available""}]",success
20171219X90251,"[{""text"": ""To prevent an overspeed condition, the captain instructed the FO to deploy the speed brakes, but the speed continued to increase, so the captain disconnected the autopilot and pitched the nose up."", ""role"": ""Flight crew - C"", ""tier"": ""unsafe_skill""}]","{""unsafe_skill"": [""Inadvertent Flight Control Use - Flight crew - C""]}","[{""subject"": ""unsafe_skill"", ""relation"": ""LEADS_TO"", ""object"": ""unsafe_decision"", ""evidence"": ""To prevent an overspeed condition, the captain instructed the FO to deploy the speed brakes, but the speed continued to increase, so the captain disconnected the autopilot and pitched the nose up.""}]",success
20240427194158,"[{""text"": ""Omitted Checklist Step - Flight Attendants"", ""role"": ""Flight Attendant"", ""tier"": ""unsafe_skill""}]","{""unsafe_skill"": [""Omitted Checklist Step - Flight Attendants""]}","[{""subject"": ""unsafe_skill"", ""relation"": ""CO_OCCURS_WITH"", ""object"": ""unsafe_decision"", ""evidence"": ""Omitted Checklist Step - Flight Attendants LEADS_TO An encounter with convectively induced turbulence during descent.""}]",success
20131018X11441,"[{""text"": ""The NKS Crew Operating Manual (COM) does not instruct the crew to advance the throttles in the applicable abnormal/emergency procedures."", ""role"": ""Crew"", ""tier"": ""unsafe_skill""}]","{""unsafe_skill"": [""\""The NKS Crew Operating Manual (COM) does not instruct the crew to advance the throttles in the applicable abnormal/emergency procedures.\"" - Crew""]}","[{""subject"": ""unsafe_skill"", ""relation"": ""CO_OCCURS_WITH"", ""object"": ""unsafe_decision"", ""evidence"": ""The NKS Crew Operating Manual (COM) does not instruct the crew to advance the throttles in the applicable abnormal/emergency procedures.""}]",success
20110328X80923,"[{""text"": ""encountered convectively induced turbulence associated with developing thunderstorms under the flight path"", ""role"": ""Flight Attendant"", ""tier"": ""unsafe_perception""}]","{""unsafe_perception"": [""Misjudged Distance/Altitude/Airspeed - Flight Attendant""]}","[{""subject"": ""unsafe_perception"", ""relation"": ""LEADS_TO"", ""object"": ""unsafe_decision"", ""evidence"": ""encountered convectively induced turbulence associated with developing thunderstorms under the flight path""}]",success
20080304X00260,"[{""text"": ""slipped and fell"", ""role"": ""Flight Attendant"", ""tier"": ""unsafe_skill""}]","{""operator_mental"": [""Loss of Situational Awareness - Flight Attendant""], ""operator_physical"": [""Physical Fatigue - Flight Attendant""], ""personnel_crm"": [""Failed to Communicate - Captain""], ""unsafe_skill"": [""slipped and fell - Flight Attendant""]}","[{""subject"": ""unsafe_skill"", ""relation"": ""LEADS_TO"", ""object"": ""unsafe_decision"", ""evidence"": ""slipped and fell""}]",success
20120229X70237,"[{""text"": ""momentary altitude and roll deviation of the airplane, which was corrected by the autopilot"", ""role"": ""Flight crew"", ""tier"": ""unsafe_skill""}]","{""unsafe_skill"": [""momentary altitude and roll deviation of the airplane, which was corrected by the autopilot - Flight crew""]}","[{""subject"": ""unsafe_skill"", ""relation"": ""CO_OCCURS_WITH"", ""object"": ""operator_physical"", ""evidence"": ""momentary altitude and roll deviation of the airplane, which was corrected by the autopilot""}]",success
20250121199575,"[{""text"": ""attempted to move their service carts to the aft galley and secure their equipment"", ""role"": ""flight attendant"", ""tier"": ""unsafe_skill""}]","{""unsafe_skill"": [""attempted to move their service carts to the aft galley and secure their equipment - flight attendant""]}","[{""subject"": ""unsafe_skill"", ""relation"": ""LEADS_TO"", ""object"": ""unsafe_decision"", ""evidence"": ""attempted to move their service carts to the aft galley and secure their equipment""}]",success
20110701X11957,"[{""text"": ""The flight crew complied with the ground crew\u2019s request to release the parking brakes."", ""role"": ""Flight crew"", ""tier"": ""unsafe_skill""}]","{""unsafe_skill"": [""The flight crew complied with the ground crew\u2019s request to release the parking brakes.""]}","[{""subject"": ""unsafe_skill"", ""relation"": ""LEADS_TO"", ""object"": ""unsafe_violation"", ""evidence"": ""The flight crew complied with the ground crew's request to release the parking brakes.""}]",success
20090724X12005,"[{""text"": ""turned the seat belt light on 5 to 10 minutes earlier, and the first officer had made the public address announcement that everyone needed to remain seated with their seatbelts fastened."", ""role"": ""First Officer"", ""tier"": ""unsafe_skill""}]","{""operator_mental"": [""Loss of Situational Awareness - Captain"", ""Complacency - First Officer""], ""situational_tech"": [""Inadequate Automation Design - Autopilot System""], ""personnel_crm"": [""Failed to Communicate - First Officer""], ""unsafe_skill"": [""Failed to Prioritize Attention - First Officer""]}","[{""subject"": ""unsafe_skill"", ""relation"": ""CO_OCCURS_WITH"", ""object"": ""operator_physical"", ""evidence"": ""turned the seat belt light on 5 to 10 minutes earlier, and the first officer had made the public address announcement that everyone needed to remain seated with their seatbelts fastened.""}]",success
20070110X00037,"[{""text"": ""blowing snow reduced his visibility and taxiway SC was covered with snow that prevented him from seeing the centerline lighting"", ""role"": ""Key Lime Air flight 4216 pilot"", ""tier"": ""unsafe_skill""}, {""text"": ""the ground controller asked the LYM4216 pilot his location. The pilot advised he was abeam Signature. Once the controller asked his location, the pilot stated that he noticed that he was on a runway."", ""role"": ""Denver tower ground and local controllers"", ""tier"": ""unsafe_decision""}]","{""operator_mental"": [""Distraction (Ground Controller)"", ""Loss of Situational Awareness (Key Lime Air Pilot)""], ""situational_tech"": [""Equipment Design (ASDE Display Cluttered with Snow)""], ""personnel_crm"": [""Failed to Communicate (Ground and Local Controllers)""], ""unsafe_skill"": [""blowing snow reduced his visibility and taxiway SC was covered with snow that prevented him from seeing the centerline lighting (Key Lime Air flight 4216 pilot)""], ""unsafe_decision"": [""the ground controller asked the LYM4216 pilot his location. The pilot advised he was abeam Signature. Once the controller asked his location, the pilot stated that he noticed that he was on a runway. (Denver tower ground and local controllers)""]}","[{""subject"": ""unsafe_skill"", ""relation"": ""LEADS_TO"", ""object"": ""unsafe_decision"", ""evidence"": ""blowing snow reduced his visibility and taxiway SC was covered with snow that prevented him from seeing the centerline lighting""}]",success
20070520X00598,"[{""text"": ""Failed to Prioritize Attention"", ""role"": ""Flight Crew"", ""tier"": ""unsafe_decision""}]","{""unsafe_decision"": [""The flight crew did not advise the cabin crew about potential forecast turbulence, as reported by the flight attendant.""]}",[],success
20030410X00480,"[{""text"": ""Efforts to control the leak were effective, however it was not completely stopped."", ""role"": ""Maintenance crew"", ""tier"": ""unsafe_skill""}, {""text"": ""The relief first officer at the controls stated: 'I made a right input in the controls to counter act the left turn. At this time the flight controls felt unusual to me so I reported to the crew that we might have a flight control problem.'"", ""role"": ""Crew (Relief First Officer)"", ""tier"": ""unsafe_skill""}, {""text"": ""The captain and flying first officer took control of the aircraft. The captain reported: 'Elevator and rudder were normal, but bank angle was limited to approximately 3-5 degrees left and about 7 degrees right.'"", ""role"": ""Crew (Captain)"", ""tier"": ""unsafe_skill""}]","{""unsafe_skill"": [""'Efforts to control the leak were effective, however it was not completely stopped.' - Maintenance crew"", ""'The relief first officer at the controls stated: 'I made a right input in the controls to counter act the left turn. At this time the flight controls felt unusual to me so I reported to the crew that we might have a flight control problem.' - Crew (Relief First Officer)"", ""'The captain and flying first officer took control of the aircraft. The captain reported: 'Elevator and rudder were normal, but bank angle was limited to approximately 3-5 degrees left and about 7 degrees right.' - Crew (Captain)""]}","[{""subject"": ""unsafe_skill"", ""relation"": ""LEADS_TO"", ""object"": ""unsafe_decision"", ""evidence"": ""Efforts to control the leak were effective, however it was not completely stopped.""}, {""subject"": ""unsafe_skill"", ""relation"": ""CO_OCCURS_WITH"", ""object"": ""unsafe_perception"", ""evidence"": ""The relief first officer at the controls stated: 'I made a right input in the controls to counter act the left turn. At this time the flight controls felt unusual to me so I reported to the crew that we might have a flight control problem.'""}, {""subject"": ""unsafe_skill"", ""relation"": ""CO_OCCURS_WITH"", ""object"": ""unsafe_decision"", ""evidence"": ""The captain and flying first officer took control of the aircraft. The captain reported: 'Elevator and rudder were normal, but bank angle was limited to approximately 3-5 degrees left and about 7 degrees right.'""}]",success
20140814X52213,"[{""text"": ""The tug driver stated after turning the airplane onto the taxiway he 'reversed back,' pulling the airplane forward."", ""role"": ""Ground crew"", ""tier"": ""unsafe_skill""}, {""text"": ""The tug stopped perpendicular to the left nose of the airplane, but the airplane continued to roll forward while still attached to the tow bar."", ""role"": ""Ground crew"", ""tier"": ""unsafe_decision""}]","{""unsafe_skill"": [""'reversed back,' pulling the airplane forward (Ground crew)""], ""unsafe_decision"": [""The tug stopped perpendicular to the left nose of the airplane, but the airplane continued to roll forward while still attached to the tow bar (Ground crew)""]}","[{""subject"": ""unsafe_skill"", ""relation"": ""LEADS_TO"", ""object"": ""unsafe_decision"", ""evidence"": ""The tug stopped perpendicular to the left nose of the airplane, but the airplane continued to roll forward while still attached to the tow bar.""}]",success
20030910X01507,"[{""text"": ""The tow operator's failure to detect the damaged spray deflector."", ""role"": ""Tow Operator"", ""tier"": ""unsafe_violation""}]","{""unsafe_violation"": [""The tow operator's failure to detect the damaged spray deflector.""]}","[{""subject"": ""unsafe_violation"", ""relation"": ""LEADS_TO"", ""object"": ""unsafe_decision"", ""evidence"": ""The tow operator's failure to detect the damaged spray deflector.""}]",success
20110621X32040,"[{""text"": ""The ramp personnel's failure to visually verify the position of the jetway before beginning the airplane pushback."", ""role"": ""Ramp Employee"", ""tier"": ""unsafe_skill""}]","{""unsafe_skill"": [""The ramp personnel's failure to visually verify the position of the jetway before beginning the airplane pushback.""]}","[{""subject"": ""unsafe_skill"", ""relation"": ""LEADS_TO"", ""object"": ""unsafe_decision"", ""evidence"": ""The ramp personnel's failure to visually verify the position of the jetway before beginning the airplane pushback.""}]",success
20190506X84901,"[{""text"": ""failure of the tug driver to give way to the taxiing airplane."", ""role"": ""Ground crew"", ""tier"": ""Unsafe act""}]","{""operator_mental"": [""Loss of Situational Awareness - Ground crew""], ""personnel_crm"": [""Failed to Communicate - Tug Driver""], ""operator_physical"": [""Physical Fatigue - Tug Driver""]}","[{""subject"": ""unsafe_violation"", ""relation"": ""LEADS_TO"", ""object"": ""unsafe_decision"", ""evidence"": ""failure of the tug driver to give way to the taxiing airplane.""}]",success
20131220X70905,"[{""text"": ""one or more had loosened slightly during taxi and takeoff, allowing two of the tools to shift aft during takeoff"", ""role"": ""Crew"", ""tier"": ""unsafe_skill""}]","{""operator_mental"": [""Loss of Situational Awareness - Captain"", ""Complacency - First Officer""], ""situational_tech"": [""Equipment Design - Cargo Compartment Securing Mechanisms - Captain and First Officer""], ""personnel_crm"": [""Failed to Communicate - Captain and First Officer""], ""unsafe_skill"": [""Omitted Checklist Step - Crew""]}","[{""subject"": ""unsafe_skill"", ""relation"": ""LEADS_TO"", ""object"": ""unsafe_decision"", ""evidence"": ""one or more had loosened slightly during taxi and takeoff, allowing two of the tools to shift aft during takeoff""}]",success
20091102X82140,"[{""text"": ""Decided it was a bird strike"", ""role"": ""Flight crew"", ""tier"": ""unsafe_decision""}]","{""unsafe_decision"": [""Decided it was a bird strike""]}","[{""subject"": ""unsafe_decision"", ""relation"": ""LEADS_TO"", ""object"": ""unsafe_violation"", ""evidence"": ""Decided it was a bird strike""}]",success
20001212X22032,"[{""text"": ""Emergency extension and rigging checks required by the airline job card and maintenance manual respectively were not performed following actuator installation."", ""role"": ""Maintenance personnel"", ""tier"": ""unsafe_skill""}]","{""unsafe_skill"": [""\""Emergency extension and rigging checks required by the airline job card and maintenance manual respectively were not performed following actuator installation.\"" - Maintenance personnel""]}","[{""subject"": ""unsafe_skill"", ""relation"": ""CO_OCCURS_WITH"", ""object"": ""unsafe_decision"", ""evidence"": ""Emergency extension and rigging checks required by the airline job card and maintenance manual respectively were not performed following actuator installation.""}]",success
20010507X00899,"[{""text"": ""Improper Procedure"", ""role"": ""Pilot-in-Command"", ""tier"": ""unsafe_decision""}]","{""unsafe_decision"": [""'The pilot remained at FL310 and remained on the existing routing.'""]}","[{""subject"": ""unsafe_decision"", ""relation"": ""LEADS_TO"", ""object"": ""operator_physical"", ""evidence"": ""The failure of the pilot-in-command to properly evaluate a hazardous weather advisory and his failure to adequately alter course and flight altitude to avoid the area of hazardous weather.""}]",success
20040714X00967,[],{},[],parse_error
20160502X75955,"[{""text"": ""never saw any signal from the wing walker's signal wands indicating to stop"", ""role"": ""tug driver"", ""tier"": ""unsafe_decision""}]","{""unsafe_decision"": [""never saw any signal from the wing walker's signal wands indicating to stop - tug driver""]}","[{""subject"": ""unsafe_decision"", ""relation"": ""LEADS_TO"", ""object"": ""unsafe_violation"", ""evidence"": ""tug driver's failure to comply with the wing walkers direction to stop""}]",success
20250403199959,"[{""text"": ""Failed to Prioritize Attention"", ""role"": ""Flight crew"", ""tier"": ""unsafe_skill""}]","{""unsafe_skill"": [""Failed to prioritize attention""]}","[{""subject"": ""unsafe_skill"", ""relation"": ""CO_OCCURS_WITH"", ""object"": ""operator_physical"", ""evidence"": ""An encounter with convective turbulence during cruise that was not detected in advance by cockpit weather radar or weather information services.""}]",success
20010821X01739,"[{""text"": ""Local controller's failure to follow FAA procedures and directives to visually scan the runway prior to issuing the crossing clearance"", ""role"": ""ATC"", ""tier"": ""unsafe_skill""}]","{""unsafe_skill"": [""Local controller's failure to follow FAA procedures and directives to visually scan the runway prior to issuing the crossing clearance""]}","[{""subject"": ""unsafe_skill"", ""relation"": ""LEADS_TO"", ""object"": ""unsafe_decision"", ""evidence"": ""Local controller's failure to follow FAA procedures and directives to visually scan the runway prior to issuing the crossing clearance""}]",success
20200207X52205,"[{""text"": ""Inadvertent Flight Control Use"", ""role"": ""Pilot Flying"", ""tier"": ""unsafe_skill""}]","{""unsafe_skill"": [""Inadvertent Flight Control Use - Pilot Flying""]}","[{""subject"": ""unsafe_skill"", ""relation"": ""CO_OCCURS_WITH"", ""object"": ""unsafe_decision"", ""evidence"": ""The Pilot Flying reduced power, leveled the wings, and the airplane quickly exited the clouds into visual meteorological (VMC) conditions again.""}]",success
20100510X84105,"[{""text"": ""The trainee controller overlooked FLC71 on the runway 32R final approach course even though there was a data tag on the aircraft's target."", ""role"": ""ATC personnel - Trainee"", ""tier"": ""unsafe_skill""}, {""text"": ""The instructor did not notice the error and failed to intervene to prevent the loss of separation."", ""role"": ""ATC personnel - Instructor"", ""tier"": ""unsafe_decision""}]","{""unsafe_skill"": [""The trainee controller overlooked FLC71 on the runway 32R final approach course even though there was a data tag on the aircraft's target.""], ""unsafe_decision"": [""The instructor did not notice the error and failed to intervene to prevent the loss of separation.""]}","[{""subject"": ""unsafe_skill"", ""relation"": ""LEADS_TO"", ""object"": ""unsafe_decision"", ""evidence"": ""The trainee controller overlooked FLC71 on the runway 32R final approach course even though there was a data tag on the aircraft's target.""}]",success
20161028X72837,"[{""text"": ""delay in shutting down the left engine"", ""role"": ""Flight crew"", ""tier"": ""unsafe_decision""}]","{""operator_mental"": [""Loss of Situational Awareness - Flight crew"", ""Complacency - Flight crew""], ""operator_physical"": [""Physical Fatigue - Flight crew""], ""operator_limits"": [""Insufficient Reaction Time - Flight crew""], ""situational_tech"": [""Equipment Design - Manufacturer""], ""personnel_crm"": [""Failed to Communicate - Flight crew"", ""Lack of Communication - Flight and cabin crews""], ""personnel_readiness"": [""Crew Rest Violation - Flight crew""], ""unsafe_decision"": [""delay in shutting down the left engine - Flight crew""]}","[{""subject"": ""unsafe_decision"", ""relation"": ""LEADS_TO"", ""object"": ""unsafe_violation"", ""evidence"": ""Contributing to the delay in shutting down the left engine was (1) the lack of a separate checklist procedure for Boeing 767 airplanes that specifically addressed engine fires on the ground and (2) the lack of communication between the flight and cabin crews after the airplane came to a stop.""}]",success
20170331X95128,"[{""text"": ""circuit breaker for the parking brake electrical control valve popped"", ""role"": ""Maintenance personnel"", ""tier"": ""unsafe_violation""}]","{""unsafe_violation"": [""'circuit breaker for the parking brake electrical control valve popped'""]}","[{""subject"": ""unsafe_violation"", ""relation"": ""LEADS_TO"", ""object"": ""unsafe_decision"", ""evidence"": ""malfunction of the parking brake electrical control valve that resulted in a sudden stop.""}]",success
20190830X60449,"[{""text"": ""The aft flight attendant was returning to his jumpseat when the turbulence was encountered and was unable to maintain his balance and fell to the floor."", ""role"": ""Flight Attendant"", ""tier"": ""unsafe_skill""}]","{""operator_mental"": [""Loss of Situational Awareness - Captain"", ""Complacency - Aft Flight Attendant""], ""operator_physical"": [""Physical Fatigue - Aft Flight Attendant""], ""personnel_crm"": [""Failed to Communicate - Captain""], ""unsafe_skill"": [""The aft flight attendant was returning to his jumpseat when the turbulence was encountered and was unable to maintain his balance and fell to the floor.""]}","[{""subject"": ""unsafe_skill"", ""relation"": ""CO_OCCURS_WITH"", ""object"": ""operator_physical"", ""evidence"": ""The aft flight attendant was returning to his jumpseat when the turbulence was encountered and was unable to maintain his balance and fell to the floor.""}]",success
20140106X40632,"[{""text"": ""did not declare an emergency"", ""role"": ""Flight crew"", ""tier"": ""unsafe_decision""}]","{""unsafe_decision"": [""Misdiagnosed Emergency""]}","[{""subject"": ""unsafe_decision"", ""relation"": ""LEADS_TO"", ""object"": ""unsafe_violation"", ""evidence"": ""did not declare an emergency""}]",success
20170816X35104,"[{""text"": ""steered slightly to the right of the taxiway centerline to keep clear of the stopped American B757"", ""role"": ""Pilot of other aircraft"", ""tier"": ""unsafe_decision""}]","{""unsafe_decision"": [""steered slightly to the right of the taxiway centerline to keep clear of the stopped American B757 - Pilot of other aircraft""]}","[{""subject"": ""unsafe_decision"", ""relation"": ""LEADS_TO"", ""object"": ""unsafe_violation"", ""evidence"": ""steered slightly to the right of the taxiway centerline to keep clear of the stopped American B757""}]",success
20030603X00763,"[{""text"": ""decision to continue the approach and to land with a thunderstorm (with associated gusty and variable winds) reported at the airport and the heavy rain, which reduced the flight crew's visibility on short final"", ""role"": ""flight crew"", ""tier"": ""unsafe_decision""}]","{""unsafe_decision"": [""decision to continue the approach and to land with a thunderstorm (with associated gusty and variable winds) reported at the airport and the heavy rain, which reduced the flight crew's visibility on short final""]}","[{""subject"": ""unsafe_decision"", ""relation"": ""LEADS_TO"", ""object"": ""unsafe_perception"", ""evidence"": ""the flight crew's decision to continue the approach and to land with a thunderstorm (with associated gusty and variable winds) reported at the airport and the heavy rain, which reduced the flight crew's visibility on short final""}]",success
20120302X22622,"[{""text"": ""A passenger was exiting the mid-lavatory and sustained serious injuries."", ""role"": ""Passenger"", ""tier"": ""unsafe_violation""}]","{""unsafe_violation"": [""A passenger was exiting the mid-lavatory and sustained serious injuries.""]}","[{""subject"": ""unsafe_violation"", ""relation"": ""LEADS_TO"", ""object"": ""unsafe_decision"", ""evidence"": ""A passenger was exiting the mid-lavatory and sustained serious injuries.""}]",success
20080812X01218,"[{""text"": ""Omitted Checklist Step"", ""role"": ""flight crew"", ""tier"": ""unsafe_skill""}]","{""unsafe_skill"": [""Failed to follow the recommended borescope inspection interval as per SB 72-0475""]}","[{""subject"": ""unsafe_skill"", ""relation"": ""CO_OCCURS_WITH"", ""object"": ""unsafe_decision"", ""evidence"": ""The flight crew heard a 'pop' coming from the left engine and aborted the takeoff.""}]",success
20090925X65328,"[{""text"": ""The flight attendant was no longer coherent and performing numerous unusual activities."", ""role"": ""Cabin crew"", ""tier"": ""unsafe_decision""}]","{""unsafe_decision"": [""Misdiagnosed Emergency - Cabin crew""]}","[{""subject"": ""unsafe_decision"", ""relation"": ""LEADS_TO"", ""object"": ""unsafe_violation"", ""evidence"": ""The flight attendant was no longer coherent and performing numerous unusual activities.""}]",success
20250829200899,"[{""text"": ""Lack of action - Pilot"", ""role"": ""Pilot"", ""tier"": ""unsafe_decision""}]","{""unsafe_decision"": [""'did not receive information from their dispatcher or recommendations from ATC prior to encountering severe turbulence' - Pilot""]}","[{""subject"": ""unsafe_decision"", ""relation"": ""LEADS_TO"", ""object"": ""operator_physical"", ""evidence"": ""The flight crew recalled that the encounter with severe turbulence was sudden and unanticipated when the flight was clear of clouds.""}]",success
20110426X03427,"[{""text"": ""fell after she stepped on her own foot"", ""role"": ""flight attendant"", ""tier"": ""unsafe_skill""}]","{""unsafe_skill"": [""fell after she stepped on her own foot - flight attendant""]}","[{""subject"": ""unsafe_skill"", ""relation"": ""LEADS_TO"", ""object"": ""unsafe_perception"", ""evidence"": ""fell after she stepped on her own foot""}]",success
20110412X23201,"[{""text"": ""Omitted Checklist Step"", ""role"": ""Pilot of other aircraft"", ""tier"": ""unsafe_skill""}]","{""unsafe_skill"": [""Omitted Checklist Step - Pilot of other aircraft""]}","[{""subject"": ""unsafe_skill"", ""relation"": ""LEADS_TO"", ""object"": ""unsafe_decision"", ""evidence"": ""The A380 flight crew's inability to identify that the wingtip path of their airplane would not maintain safe clearance from the CRJ701.""}, {""subject"": ""unsafe_perception"", ""relation"": ""CO_OCCURS_WITH"", ""object"": ""unsafe_skill"", ""evidence"": ""Examination of the A380 Flight Crew binocular vision chart and the relative positions of the airplanes show that as the Air France A380 airplane was making the turn onto taxiway A, a 10 degree cone of vision obstruction may have momentarily blocked the left seat pilot's vision of the CRJ.""}]",success
20240319193963,"[{""text"": ""Omitted Checklist Step - Flight Attendant"", ""role"": ""Flight Attendant (D position)"", ""tier"": ""unsafe_skill""}]","{""unsafe_skill"": [""Omitted Checklist Step - Flight Attendant""]}","[{""subject"": ""unsafe_skill"", ""relation"": ""LEADS_TO"", ""object"": ""unsafe_perception"", ""evidence"": ""The D position FA brewed a fresh pot of hot coffee for the passengers. However, at that moment, the aircraft encountered turbulence, causing the coffee pot to strike a handle near the coffee machine.""}]",success
20190808X43724,"[{""text"": ""Inadequate spacing between aircraft"", ""role"": ""Ground crew"", ""tier"": ""Unsafe_skill""}]","{""unsafe_skill"": [""Inadequate spacing between aircraft - Ground crew""]}","[{""subject"": ""unsafe_skill"", ""relation"": ""LEADS_TO"", ""object"": ""unsafe_violation"", ""evidence"": ""The spacing between the centerlines for spot 11-1 and 11-2 was inadequate for UA flight 435 to have cleared the wing of UA 2201.""}]",success
20120224X42146,"[{""text"": ""In preparation for the possibility of turbulence, the captain called the flight attendants (FA) and advised them to close the galleys and to be seated and that they would likely be able to complete the cabin cleanup after clearing the weather at 10,000 feet."", ""role"": ""Captain"", ""tier"": ""unsafe_decision""}]","{""operator_mental"": [""Loss of Situational Awareness - Captain"", ""Complacency - Flight Attendants""], ""operator_physical"": [""Physical Fatigue - Flight Attendants""], ""personnel_crm"": [""Failed to Communicate - Captain (to flight attendants)""], ""unsafe_decision"": [""Improper Procedure""]}","[{""subject"": ""unsafe_decision"", ""relation"": ""LEADS_TO"", ""object"": ""unsafe_perception"", ""evidence"": ""In preparation for the possibility of turbulence, the captain called the flight attendants (FA) and advised them to close the galleys and to be seated and that they would likely be able to complete the cabin cleanup after clearing the weather at 10,000 feet.""}]",success
20250205199653,"[{""text"": ""Misjudged Distance/Altitude/Airspeed"", ""role"": ""Japan Airlines flight crew"", ""tier"": ""unsafe_perception""}]","{""operator_mental"": [""Loss of Situational Awareness - Pilot Flying (JAL68)""], ""personnel_crm"": [""Failed to Communicate - Pilot Monitoring (JAL68)""], ""situational_tech"": [""Environmental Issues - Operating Environment - Airport Facilities/Design - Contributed to Outcome""], ""unsafe_perception"": [""Misjudged Distance/Altitude/Airspeed - Japan Airlines flight crew""]}","[{""subject"": ""unsafe_perception"", ""relation"": ""LEADS_TO"", ""object"": ""unsafe_decision"", ""evidence"": ""The Japan Airlines crew estimated taxi speed at about 2 knots prior to contact. Both the captain and the observer crewmember reported they were aware of the proximity of the Delta aircraft but believed clearance would be maintained.""}]",success
20190617X92437,"[{""text"": ""To avoid a tailstrike, the captain said she physically blocked the yoke from moving back and instructed the FO to pitch forward."", ""role"": ""Captain"", ""tier"": ""Unsafe Skill""}]","{""unsafe_skill"": [""To avoid a tailstrike, the captain said she physically blocked the yoke from moving back and instructed the FO to pitch forward.""]}","[{""subject"": ""unsafe_skill"", ""relation"": ""LEADS_TO"", ""object"": ""unsafe_decision"", ""evidence"": ""To avoid a tailstrike, the captain said she physically blocked the yoke from moving back and instructed the FO to pitch forward.""}]",success
20250422200055,"[{""text"": ""FA 'B' got up to prepare the cabin for landing."", ""role"": ""Flight Attendant"", ""tier"": ""unsafe_skill""}]","{""unsafe_skill"": [""FA 'B' got up to prepare the cabin for landing - Flight Attendant""]}","[{""subject"": ""unsafe_skill"", ""relation"": ""LEADS_TO"", ""object"": ""unsafe_violation"", ""evidence"": ""FA 'B' got up to prepare the cabin for landing.""}]",success
20160216X30252,"[{""text"": ""stood up 'to stretch' just before the turbulence"", ""role"": ""Passenger"", ""tier"": ""unsafe_skill""}]","{""operator_mental"": [""Loss of Situational Awareness - Captain"", ""Complacency - Cabin Crew""], ""personnel_crm"": [""Failed to Communicate - Flight Attendants""], ""operator_physical"": [""Fatigue - Captain and First Officer""], ""unsafe_skill"": [""stood up 'to stretch' just before the turbulence - Passenger""]}","[{""subject"": ""unsafe_skill"", ""relation"": ""CO_OCCURS_WITH"", ""object"": ""unsafe_decision"", ""evidence"": ""stood up 'to stretch' just before the turbulence""}]",success
20080703X00974,"[{""text"": ""The captain decided to command the FMS to maintain an airspeed of 240 knots to increase the buffer between the holding speed and Vmin."", ""role"": ""Pilot"", ""tier"": ""unsafe_decision""}]","{""unsafe_decision"": [""The captain decided to command the FMS to maintain an airspeed of 240 knots to increase the buffer between the holding speed and Vmin.""]}","[{""subject"": ""unsafe_decision"", ""relation"": ""LEADS_TO"", ""object"": ""unsafe_perception"", ""evidence"": ""The captain decided to command the FMS to maintain an airspeed of 240 knots to increase the buffer between the holding speed and Vmin.""}]",success
20120530X64155,"[{""text"": ""the B747 Captain's failure to maintain a safe clearance between his wing and the tail of the EMB135 that was stopped on a taxiway"", ""role"": ""Flight crew - C"", ""tier"": ""unsafe_decision""}]","{""unsafe_decision"": [""the B747 Captain's failure to maintain a safe clearance between his wing and the tail of the EMB135 that was stopped on a taxiway""]}",[],success
20240311193920,"[{""text"": ""immediate public address announcement to the cabin for the flight attendants to take their seats"", ""role"": ""Crew (Flight Deck)"", ""tier"": ""Unsafe Skill""}]","{""unsafe_skill"": [""immediate public address announcement to the cabin for the flight attendants to take their seats - Crew (Flight Deck)""]}","[{""subject"": ""unsafe_skill"", ""relation"": ""CO_OCCURS_WITH"", ""object"": ""unsafe_decision"", ""evidence"": ""The captain immediately made a public address announcement to the cabin for the flight attendants to take their seats.""}]",success
20080107X00025,"[{""text"": ""misunderstood the lead flight attendant's instructions, which resulted in them not being seated when the flight encountered convectively induced severe turbulence"", ""role"": ""flight attendants"", ""tier"": ""unsafe_skill""}]","{""unsafe_skill"": [""\""misunderstood the lead flight attendant's instructions, which resulted in them not being seated when the flight encountered convectively induced severe turbulence\"" (flight attendants)""]}","[{""subject"": ""unsafe_skill"", ""relation"": ""LEADS_TO"", ""object"": ""unsafe_perception"", ""evidence"": ""misunderstood the lead flight attendant's instructions, which resulted in them not being seated when the flight encountered convectively induced severe turbulence""}]",success
20030501X00608,"[{""text"": ""the flight crew's failure to maintain aircraft control, which resulted in engine start with the throttles advanced and the subsequent impact with the tug."", ""role"": ""Captain"", ""tier"": ""unsafe_skill""}]","{""unsafe_skill"": [""the flight crew's failure to maintain aircraft control, which resulted in engine start with the throttles advanced and the subsequent impact with the tug.""]}","[{""subject"": ""unsafe_skill"", ""relation"": ""LEADS_TO"", ""object"": ""unsafe_decision"", ""evidence"": ""the flight crew's failure to maintain aircraft control, which resulted in engine start with the throttles advanced and the subsequent impact with the tug.""}]",success
20100811X20501,"[{""text"": ""Breakdown in Visual Scan"", ""role"": ""Pilot"", ""tier"": ""unsafe_skill""}]","{""operator_mental"": [""Distraction - Captain"", ""Loss of Situational Awareness - Captain""], ""situational_tech"": [""Incompatible Intelligence/Aptitude - Flight crew""], ""unsafe_skill"": [""'looked at the instrument panel to check his instruments. When he looked back up he saw what he thought was at least six seagulls directly in front of the airplane.' - Pilot""]}","[{""subject"": ""unsafe_skill"", ""relation"": ""LEADS_TO"", ""object"": ""unsafe_perception"", ""evidence"": ""Because of their close proximity, there was no time to make control inputs to avoid them""}]",success
20240729194782,"[{""text"": ""incorrect evaluation of the clearance between their airplane and Delta Air Lines flight 2677 as they turned onto a perpendicular taxiway"", ""role"": ""Flight crew"", ""tier"": ""unsafe_decision""}]","{""unsafe_decision"": [""Incorrect evaluation of the clearance between their airplane and Delta Air Lines flight 2677 as they turned onto a perpendicular taxiway - Flight crew""]}","[{""subject"": ""unsafe_decision"", ""relation"": ""LEADS_TO"", ""object"": ""unsafe_violation"", ""evidence"": ""incorrect evaluation of the clearance between their airplane and Delta Air Lines flight 2677 as they turned onto a perpendicular taxiway""}]",success
20230213106723,"[{""text"": ""difficulty reaching their seats and trouble securing their seatbelts due to the turbulence"", ""role"": ""Flight Attendant"", ""tier"": ""Unsafe Skill""}]","{""unsafe_skill"": [""difficulty reaching their seats and trouble securing their seatbelts due to the turbulence - Flight Attendant""]}","[{""subject"": ""unsafe_skill"", ""relation"": ""LEADS_TO"", ""object"": ""unsafe_decision"", ""evidence"": ""difficulty reaching their seats and trouble securing their seatbelts due to the turbulence""}]",success
20001212X20571,"[{""text"": ""Omitted Checklist Step"", ""role"": ""Mechanic (First Shift)"", ""tier"": ""unsafe_skill""}, {""text"": ""Omitted Checklist Step"", ""role"": ""Mechanic (Second Shift)"", ""tier"": ""unsafe_skill""}, {""text"": ""Omitted Checklist Step"", ""role"": ""Flight Engineer"", ""tier"": ""unsafe_skill""}]","{""unsafe_skill"": [""Omitted Checklist Step (Mechanic (First Shift)), Omitted Checklist Step (Mechanic (Second Shift)), Omitted Checklist Step (Flight Engineer)""]}","[{""subject"": ""unsafe_skill"", ""relation"": ""LEADS_TO"", ""object"": ""unsafe_decision"", ""evidence"": ""Omitted Checklist Step (Mechanic (First Shift))""}, {""subject"": ""unsafe_skill"", ""relation"": ""LEADS_TO"", ""object"": ""unsafe_decision"", ""evidence"": ""Omitted Checklist Step (Mechanic (Second Shift))""}, {""subject"": ""unsafe_skill"", ""relation"": ""LEADS_TO"", ""object"": ""unsafe_decision"", ""evidence"": ""Omitted Checklist Step (Flight Engineer)""}]",success
20170308X73155,"[{""text"": ""lack of a means to enable the flight crew to detect a jammed elevator during preflight checks"", ""role"": ""Maintenance Crew"", ""tier"": ""unsafe_violation""}]","{""unsafe_violation"": [""lack of a means to enable the flight crew to detect a jammed elevator during preflight checks for the Boeing MD-83 airplane""]}","[{""subject"": ""unsafe_violation"", ""relation"": ""LEADS_TO"", ""object"": ""unsafe_decision"", ""evidence"": ""the lack of a means to enable the flight crew to detect a jammed elevator during preflight checks for the Boeing MD-83 airplane""}]",success
20230104106534,"[{""text"": ""ITA Airways flight crew's incorrect evaluation of the clearance between their airplane and another airplane stopped on an adjoining taxiway."", ""role"": ""Flight crew"", ""tier"": ""unsafe_skill""}]","{""unsafe_skill"": [""ITA Airways flight crew's incorrect evaluation of the clearance between their airplane and another airplane stopped on an adjoining taxiway.""]}","[{""subject"": ""unsafe_skill"", ""relation"": ""LEADS_TO"", ""object"": ""unsafe_decision"", ""evidence"": ""ITA Airways flight crew's incorrect evaluation of the clearance between their airplane and another airplane stopped on an adjoining taxiway.""}]",success
20240328194001,"[{""text"": ""Inadvertent deviation from assigned route"", ""role"": ""ATC"", ""tier"": ""unsafe_decision""}, {""text"": ""Failed to prioritize attention (monitoring weather conditions)"", ""role"": ""Flight crew"", ""tier"": ""unsafe_skill""}]","{""operator_mental"": [""Loss of Situational Awareness - Captain"", ""Complacency - Captain""], ""operator_physical"": [""Physical Fatigue - Flight Attendant""], ""operator_limits"": [""Insufficient Reaction Time - First Officer""], ""situational_tech"": [""Incompatible Intelligence/Aptitude - Weather Radar System""], ""personnel_crm"": [""Failed to Communicate - Captain and First Officer""], ""unsafe_decision"": [""Inadvertent deviation from assigned route (ATC)""], ""unsafe_skill"": [""Failed to prioritize attention (monitoring weather conditions) (Flight crew)""]}","[{""subject"": ""unsafe_skill"", ""relation"": ""CO_OCCURS_WITH"", ""object"": ""unsafe_decision"", ""evidence"": ""The flight crew said that they were unable to avoid entering the clouds and the flight briefly encountered \u201cmoderate\u201d turbulence.""}, {""subject"": ""unsafe_decision"", ""relation"": ""LEADS_TO"", ""object"": ""unsafe_skill"", ""evidence"": ""As the airplane was descending, it approached some clouds that were visible in the moon light, and the captain activated the seat belt sign, and made a brief announcement as a precaution.""}]",success
20051209X01956,"[{""text"": ""Breakdown in Visual Scan"", ""role"": ""Captain Trainee"", ""tier"": ""unsafe_skill""}, {""text"": ""Breakdown in Visual Scan"", ""role"": ""FAA Inspector"", ""tier"": ""unsafe_skill""}]","{""unsafe_skill"": [""Breakdown in Visual Scan (Captain Trainee)"", ""Breakdown in Visual Scan (FAA Inspector)""]}","[{""subject"": ""unsafe_skill"", ""relation"": ""LEADS_TO"", ""object"": ""unsafe_perception"", ""evidence"": ""The failure of the flight crew to see and avoid the crew stairs""}, {""subject"": ""unsafe_skill"", ""relation"": ""CO_OCCURS_WITH"", ""object"": ""unsafe_decision"", ""evidence"": ""Breakdown in Visual Scan CO OCCURRED WITH unsafe decision""}]",success
20090724X34459,"[{""text"": ""Failed to comply with crewmember instructions to remain seated while the airplane was in turbulent weather conditions"", ""role"": ""Passenger"", ""tier"": ""unsafe_decision""}]","{""unsafe_decision"": [""Failed to comply with crewmember instructions to remain seated while the airplane was in turbulent weather conditions - Passenger""]}","[{""subject"": ""unsafe_decision"", ""relation"": ""LEADS_TO"", ""object"": ""unsafe_violation"", ""evidence"": ""The passenger's failure to comply with crewmember instructions to remain seated while the airplane was in turbulent weather conditions, resulting in an injury to the passenger.""}]",success
20160723X91246,"[{""text"": ""Seat belt sign was still illuminated at the time of the event, and there were no visible indications of any convective activity in the area."", ""role"": ""Captain"", ""tier"": ""unsafe_skill""}]","{""operator_mental"": [""Loss of Situational Awareness - Captain"", ""Complacency - Flight Attendant""], ""personnel_crm"": [""Failed to Communicate - Captain""], ""operator_physical"": [""Physical Fatigue - Flight Attendant""], ""unsafe_skill"": [""Failed to Prioritize Attention - Captain""]}","[{""subject"": ""unsafe_skill"", ""relation"": ""CO_OCCURS_WITH"", ""object"": ""operator_limits"", ""evidence"": ""Seat belt sign was still illuminated at the time of the event, and there were no visible indications of any convective activity in the area.""}]",success
20161216X60544,[],{},[],parse_error
20091020X14635,"[{""text"": ""went to the side and not forward as I was trying to put it in its secured position"", ""role"": ""flight attendant"", ""tier"": ""unsafe_skill""}]","{""unsafe_skill"": [""went to the side and not forward as I was trying to put it in its secured position - flight attendant""]}",[],success
20190214X42337,"[{""text"": ""Omitted Checklist Step"", ""role"": ""Flight crew"", ""tier"": ""unsafe_skill""}]","{""unsafe_skill"": [""Omitted Checklist Step - Flight crew""]}","[{""subject"": ""unsafe_skill"", ""relation"": ""CO_OCCURS_WITH"", ""object"": ""unsafe_decision"", ""evidence"": ""The flight crew was performing cabin service when turbulence was encountered, indicating a decision to proceed with service despite the known conditions.""}, {""subject"": ""unsafe_perception"", ""relation"": ""LEADS_TO"", ""object"": ""unsafe_skill"", ""evidence"": ""The flight attendants were not prepared for the sudden encounter of severe turbulence as they had been informed only of occasional light chop, leading to their inability to maintain balance and sustain injuries.""}]",success
20090223X03403,"[{""text"": ""Misjudged Distance/Altitude/Airspeed"", ""role"": ""Flight crew"", ""tier"": ""unsafe_perception""}]","{""operator_mental"": [""Distraction - Captain"", ""Loss of Situational Awareness - First Officer""], ""situational_tech"": [""Glare - Effect on Operation - First Officer""], ""unsafe_perception"": [""'Subsequently, the right wing struck the fuel truck.' - Flight crew""]}","[{""subject"": ""unsafe_perception"", ""relation"": ""CO_OCCURS_WITH"", ""object"": ""unsafe_decision"", ""evidence"": ""The first officer stated that due to sun glare on the wing and fuel truck, he had a hard time judging the clearance between the wingtip and fuel truck.""}]",success
20221212106439,"[{""text"": ""Pilot corrected for the roll with aileron control and reduced thrust to slow the airplane below turbulence penetration speed."", ""role"": ""Flight crew"", ""tier"": ""unsafe_skill""}]","{""unsafe_skill"": [""Corrected for the roll with aileron control - Pilot""]}","[{""subject"": ""unsafe_skill"", ""relation"": ""LEADS_TO"", ""object"": ""operator_physical"", ""evidence"": ""Pilot corrected for the roll with aileron control and reduced thrust to slow the airplane below turbulence penetration speed.""}]",success
20170317X92137,"[{""text"": ""Their seatbelts were not fastened."", ""role"": ""Flight Attendant"", ""tier"": ""Unsafe Skill""}]","{""unsafe_skill"": [""Their seatbelts were not fastened.""]}","[{""subject"": ""unsafe_skill"", ""relation"": ""LEADS_TO"", ""object"": ""unsafe_perception"", ""evidence"": ""Their seatbelts were not fastened.""}]",success
20141121X15631,"[{""text"": ""watch the 800"", ""role"": ""Pilot - C"", ""tier"": ""unsafe_decision""}, {""text"": ""believed his wingtip was clear of the left-hand horizontal stabilizer of N8314L"", ""role"": ""Pilot - C"", ""tier"": ""unsafe_skill""}]","{""unsafe_decision"": [""watch the 800 - Pilot - C"", ""believed his wingtip was clear of the left-hand horizontal stabilizer of N8314L - Pilot - C""], ""unsafe_skill"": [""believed his wingtip was clear of the left-hand horizontal stabilizer of N8314L - Pilot - C""]}","[{""subject"": ""unsafe_decision"", ""relation"": ""LEADS_TO"", ""object"": ""unsafe_skill"", ""evidence"": ""believed his wingtip was clear of the left-hand horizontal stabilizer of N8314L""}]",success
20010108X00056,"[{""text"": ""Inadequate servicing of the lavatory"", ""role"": ""Maintenance crew"", ""tier"": ""unsafe_perception""}, {""text"": ""Failure to reinstall the drip shield over the fuselage station 237 disconnect panel"", ""role"": ""Maintenance crew"", ""tier"": ""unsafe_violation""}]","{""unsafe_perception"": [""Inadequate servicing of the lavatory (Maintenance crew)""], ""unsafe_violation"": [""Failure to reinstall the drip shield over the fuselage station 237 disconnect panel (Maintenance crew)""]}","[{""subject"": ""unsafe_perception"", ""relation"": ""LEADS_TO"", ""object"": ""unsafe_violation"", ""evidence"": ""the inadequate servicing of the lavatory and the failure of maintenance to ensure reinstallation of the shield over the fuselage station 237 disconnect panel""}]",success
20250618200351,"[{""text"": ""inadvertently fell into a state of reduced situational awareness during the turbulence encounter"", ""role"": ""Cabin crew (Flight Attendants)"", ""tier"": ""unsafe_skill""}]","{""unsafe_skill"": [""inadvertently fell into a state of reduced situational awareness during the turbulence encounter (Cabin crew (Flight Attendants))""]}","[{""subject"": ""unsafe_skill"", ""relation"": ""CO_OCCURS_WITH"", ""object"": ""unsafe_decision"", ""evidence"": ""inadvertently fell into a state of reduced situational awareness during the turbulence encounter""}]",success
20100405X40816,"[{""text"": ""Omitted Checklist Step"", ""role"": ""Cabin Flight Attendant"", ""tier"": ""unsafe_skill""}]","{""operator_mental"": [""Loss of Situational Awareness - Captain"", ""Complacency - Cabin Flight Attendants""], ""operator_physical"": [""Physical Fatigue - Cabin Flight Attendants""], ""personnel_crm"": [""Failed to Coordinate - Cabin Flight Attendants""], ""unsafe_skill"": [""Omitted Checklist Step - Cabin Flight Attendant""]}","[{""subject"": ""unsafe_skill"", ""relation"": ""CO_OCCURS_WITH"", ""object"": ""unsafe_decision"", ""evidence"": ""The cabin flight attendants were not able to fasten their lap belts before the airplane encountered moderate turbulence.""}]",success
20160218X94149,"[{""text"": ""N925NN flight crew's incorrect evaluation of the clearance between the two aircraft, leading to the inadvertent collision of the winglet with the horizontal stabilizer and elevator of N784SW."", ""role"": ""Flight crew"", ""tier"": ""unsafe_decision""}]","{""unsafe_decision"": [""N925NN flight crew's incorrect evaluation of the clearance between the two aircraft, leading to the inadvertent collision of the winglet with the horizontal stabilizer and elevator of N784SW.""]}","[{""subject"": ""unsafe_decision"", ""relation"": ""LEADS_TO"", ""object"": ""unsafe_violation"", ""evidence"": ""N925NN flight crew's incorrect evaluation of the clearance between the two aircraft, leading to the inadvertent collision of the winglet with the horizontal stabilizer and elevator of N784SW.""}]",success
20100520X02527,"[{""text"": ""Exceeded Ability"", ""role"": ""Maintenance crew"", ""tier"": ""unsafe_decision""}]","{""unsafe_decision"": [""Exceeded Ability""]}","[{""subject"": ""unsafe_decision"", ""relation"": ""LEADS_TO"", ""object"": ""unsafe_violation"", ""evidence"": ""Exceeded Ability""}]",success
20030129X00123,"[{""text"": ""Omitted Checklist Step"", ""role"": ""Taxi Mechanic-in-Charge"", ""tier"": ""unsafe_skill""}]","{""unsafe_skill"": [""Omitted Checklist Step - Taxi Mechanic-in-Charge""]}","[{""subject"": ""unsafe_skill"", ""relation"": ""LEADS_TO"", ""object"": ""unsafe_decision"", ""evidence"": ""Maintenance personnel failure to maintain aircraft control as a result of excessive throttle input.""}]",success
20160805X44633,"[{""text"": ""the tug operators excessive speed during pushback."", ""role"": ""Tug Operator"", ""tier"": ""unsafe_skill""}]","{""operator_mental"": [""Loss of Situational Awareness - tug operator""], ""operator_physical"": [""Fatigue / Impairment / Medical - tug operator on the fourth leg of a long duty day""], ""personnel_crm"": [""Failed to Communicate - tug operator""], ""situational_tech"": [""Equipment Design - tug specifications not followed""], ""unsafe_skill"": [""the tug operators excessive speed during pushback.""]}","[{""subject"": ""unsafe_skill"", ""relation"": ""LEADS_TO"", ""object"": ""unsafe_violation"", ""evidence"": ""the tug operators excessive speed during pushback.""}]",success
20230301106806,"[{""text"": ""began the takeoff-roll instead"", ""role"": ""Hop-a-Jet flight crew"", ""tier"": ""unsafe_violation""}]","{""unsafe_violation"": [""began the takeoff-roll instead (Hop-a-Jet flight crew)""]}","[{""subject"": ""unsafe_violation"", ""relation"": ""LEADS_TO"", ""object"": ""unsafe_decision"", ""evidence"": ""began the takeoff-roll instead""}]",success
20081110X15316,"[{""text"": ""Failed to Prioritize Attention"", ""role"": ""Tug Driver"", ""tier"": ""unsafe_skill""}]","{""unsafe_skill"": [""Failed to Prioritize Attention - Tug Driver""]}","[{""subject"": ""unsafe_skill"", ""relation"": ""LEADS_TO"", ""object"": ""unsafe_decision"", ""evidence"": ""The tug driver's failure to maintain situational awareness during the push back operation.""}]",success
20190223X60222,"[{""text"": ""inadvertent activation of the go-around mode, which led to his spatial disorientation and nose-down control inputs"", ""role"": ""First Officer (Pilot Flying)"", ""tier"": ""unsafe_skill""}]","{""operator_mental"": [""Loss of Situational Awareness - Copilot"", ""Complacency - Copilot""], ""operator_limits"": [""Incompatible Intelligence/Aptitude - Copilot""], ""situational_tech"": [""Unintentional Use/Operation - Auto flight system - Copilot""], ""personnel_crm"": [""Failed to Monitor - Pilot"", ""Failed to Intervene - Captain""], ""personnel_readiness"": [""Crew Rest Violation - Not specified""], ""unsafe_skill"": [""Inadvertent Flight Control Use - First Officer (Pilot Flying)""]}","[{""subject"": ""unsafe_skill"", ""relation"": ""LEADS_TO"", ""object"": ""unsafe_decision"", ""evidence"": ""inadvertent activation of the go-around mode, which led to his spatial disorientation and nose-down control inputs that placed the airplane in a steep descent from which the crew did not recover.""}]",success
20120719X94744,"[{""text"": ""Failed to Prioritize Attention"", ""role"": ""Crew"", ""tier"": ""unsafe_decision""}]","{""operator_mental"": [""Loss of Situational Awareness - Pilot""], ""situational_tech"": [""Environmental Issues - Air Quality/Dust/Smoke - System Design/Failure - Environmental Pack Failure - Pilot""], ""personnel_crm"": [""Failed to Communicate - Cabin Crew""], ""unsafe_decision"": [""Failed to prioritize attention - Crew""]}","[{""subject"": ""unsafe_decision"", ""relation"": ""CO_OCCURS_WITH"", ""object"": ""unsafe_violation"", ""evidence"": ""The emergency ground egress during which a passenger broke her ankle. Contributing to the accident was the failure of the environmental system, which allowed smoke from a nearby house fire to enter the airplane.""}]",success
20130712X61436,"[{""text"": ""cycled the seatbelt sign and called the flight attendant (FA) at the 1L door via the interphone to notify the cabin crew to be seated."", ""role"": ""Captain"", ""tier"": ""unsafe_skill""}]","{""operator_mental"": [""Loss of Situational Awareness - Captain (Pilot Monitoring)"", ""Complacency - Cabin Crew""], ""personnel_crm"": [""Failed to Communicate - Captain (Pilot Monitoring)""], ""situational_tech"": [""Incompatible Intelligence/Aptitude - Airborne Weather Radar System""], ""unsafe_skill"": [""cycled the seatbelt sign and called the flight attendant (FA) at the 1L door via the interphone to notify the cabin crew to be seated.""]}","[{""subject"": ""unsafe_skill"", ""relation"": ""CO_OCCURS_WITH"", ""object"": ""unsafe_decision"", ""evidence"": ""cycled the seatbelt sign and called the flight attendant (FA) at the 1L door via the interphone to notify the cabin crew to be seated.""}]",success
20090114X61852,"[{""text"": ""failure to properly position safety cones on the right wing"", ""role"": ""Tug Operator"", ""tier"": ""unsafe_perception""}, {""text"": ""failure to ensure safe driving in inclement weather"", ""role"": ""Tug Operator"", ""tier"": ""unsafe_skill""}]","{""operator_mental"": [""Loss of Situational Awareness - Tug Operator"", ""Complacency - Tug Operator""], ""operator_physical"": [""Physical Fatigue - Tug Operator""], ""operator_limits"": [""Insufficient Reaction Time - Tug Operator""], ""personnel_crm"": [""Failed to Communicate - Tug Operator"", ""Failed to Coordinate - Tug Operator""], ""situational_tech"": [""Equipment Design - Lack of Visual Aids for Ground Operations - Tug Operator""], ""unsafe_perception"": [""failure to properly position safety cones on the right wing - Tug Operator""], ""unsafe_skill"": [""failure to ensure safe driving in inclement weather - Tug Operator""]}","[{""subject"": ""unsafe_perception"", ""relation"": ""LEADS_TO"", ""object"": ""unsafe_violation"", ""evidence"": ""failure to properly position safety cones on the right wing""}, {""subject"": ""unsafe_skill"", ""relation"": ""LEADS_TO"", ""object"": ""unsafe_violation"", ""evidence"": ""failure to ensure safe driving in inclement weather""}]",success
20230303106815,"[{""text"": ""turned the seat belt sign on and made a call to the flight attendants (FA) to get seated"", ""role"": ""Captain"", ""tier"": ""unsafe_skill""}, {""text"": ""immediately got on the public address (PA) system and told the flight attendants to be seated"", ""role"": ""First Officer"", ""tier"": ""unsafe_skill""}]","{""unsafe_skill"": [""\""turned the seat belt sign on and made a call to the flight attendants (FA) to get seated\"" - Captain"", ""\""immediately got on the public address (PA) system and told the flight attendants to be seated\"" - First Officer""]}","[{""subject"": ""unsafe_skill"", ""relation"": ""LEADS_TO"", ""object"": ""unsafe_decision"", ""evidence"": ""turned the seat belt sign on and made a call to the flight attendants (FA) to get seated""}, {""subject"": ""unsafe_skill"", ""relation"": ""LEADS_TO"", ""object"": ""unsafe_perception"", ""evidence"": ""immediately got on the public address (PA) system and told the flight attendants to be seated""}]",success
20090805X42956,"[{""text"": ""The turbulence lasted about 10 seconds after entering a cloud formation. There was no radar indications of thunderstorms or precipitation when the turbulence was encountered."", ""role"": ""Flight crew"", ""tier"": ""unsafe_decision""}]","{""unsafe_decision"": [""Misdiagnosed Emergency - Flight crew""]}","[{""subject"": ""unsafe_decision"", ""relation"": ""LEADS_TO"", ""object"": ""unsafe_violation"", ""evidence"": ""The turbulence lasted about 10 seconds after entering a cloud formation. There was no radar indications of thunderstorms or precipitation when the turbulence was encountered.""}]",success
20230425107126,"[{""text"": ""Failed to Prioritize Attention"", ""role"": ""Flight crew"", ""tier"": ""unsafe_decision""}]","{""unsafe_decision"": [""Failed to prioritize attention: The flight crew concluded the weather to have passed and subsequently decided to no longer deviate from the original course.""]}","[{""subject"": ""unsafe_decision"", ""relation"": ""LEADS_TO"", ""object"": ""unsafe_perception"", ""evidence"": ""The flight crew concluded the weather to have passed and subsequently decided to no longer deviate from the original course.""}]",success
20150305X42958,"[{""text"": ""inability to maintain directional control of the airplane due to his application of excessive reverse thrust"", ""role"": ""pilot"", ""tier"": ""unsafe_skill""}]","{""operator_mental"": [""Loss of Situational Awareness - Pilot"", ""Task Saturation - Pilot""], ""personnel_crm"": [""Failed to Communicate - Captain""], ""situational_tech"": [""Incorrect Use/Operation - Powerplant Parameters - Reverse Thrust - Captain""], ""unsafe_skill"": [""inability to maintain directional control of the airplane due to his application of excessive reverse thrust - pilot""]}","[{""subject"": ""unsafe_skill"", ""relation"": ""LEADS_TO"", ""object"": ""unsafe_decision"", ""evidence"": ""the captain's inability to maintain directional control of the airplane due to his application of excessive reverse thrust""}]",success
20170523X12020,"[{""text"": ""the first officer, who was the pilot flying, stated that the airplane was slightly high and fast when he began the landing flare and he pushed the nose down to correct. He then determined that he had overcorrected and began to recover by pulling the control column aft"", ""role"": ""First Officer (Pilot Flying)"", ""tier"": ""unsafe_skill""}]","{""operator_mental"": [""Loss of Situational Awareness - First Officer"", ""Complacency - First Officer""], ""personnel_crm"": [""Failed to Communicate - Captain (failure to provide timely feedback)""], ""operator_physical"": [""Fatigue - First Officer (on the fourth leg of a long duty day)""], ""unsafe_skill"": [""Over-controlled Aircraft - First Officer (Pilot Flying)""]}","[{""subject"": ""unsafe_skill"", ""relation"": ""LEADS_TO"", ""object"": ""unsafe_decision"", ""evidence"": ""the first officer's failure to attain a proper landing flare, which resulted in a tail strike.""}]",success
20151223X30310,"[{""text"": ""The flight crew and controller did not recognize the error until after landing."", ""role"": ""Flight Crew"", ""tier"": ""Unsafe Decision""}]","{""unsafe_decision"": [""The flight crew and controller did not recognize the error until after landing.""]}","[{""subject"": ""unsafe_decision"", ""relation"": ""LEADS_TO"", ""object"": ""unsafe_perception"", ""evidence"": ""the flight crew's misidentification of the taxiway as the landing runway.""}]",success
20200603X55158,"[{""text"": ""The tug driver started to push flight 3019 without getting the \u201call clear\u201d signal from both wing walkers."", ""role"": ""Ground crew"", ""tier"": ""unsafe_decision""}]","{""operator_mental"": [""Loss of Situational Awareness - Tug Driver"", ""Complacency - Tug Driver""], ""personnel_crm"": [""Failed to Communicate - Wing Walkers"", ""Failed to Coordinate - Wing Walkers""], ""operator_physical"": [""Physical Fatigue - Tug Driver""], ""unsafe_decision"": [""The tug driver started to push flight 3019 without getting the \u201call clear\u201d signal from both wing walkers.""]}","[{""subject"": ""unsafe_decision"", ""relation"": ""LEADS_TO"", ""object"": ""unsafe_perception"", ""evidence"": ""The tug driver started to push flight 3019 without getting the 'all clear' signal from both wing walkers.""}]",success
20151005X22228,"[{""text"": ""encountered turbulence for about 15 seconds during cruise at Flight Level 360 in instrument meteorological conditions"", ""role"": ""Flight crew"", ""tier"": ""Unsafe skill""}]","{""unsafe_skill"": [""Encountered unexpected turbulence - Flight crew""]}","[{""subject"": ""unsafe_skill"", ""relation"": ""CO_OCCURS_WITH"", ""object"": ""situational_tech"", ""evidence"": ""onboard radar was being utilized by the flight crew when the turbulence was encountered during cruise at Flight Level 360 in instrument meteorological conditions""}]",success
20151124X65446,"[{""text"": ""Inappropriate Maneuver"", ""role"": ""Flight crew"", ""tier"": ""unsafe_decision""}]","{""unsafe_decision"": [""Inappropriate Maneuver - Flight crew""]}","[{""subject"": ""unsafe_decision"", ""relation"": ""LEADS_TO"", ""object"": ""unsafe_perception"", ""evidence"": ""The flight crew requested and received approval for a slight course deviation for some showers and then turned back on course and was clear of all convective activity and experiencing a smooth ride.""}]",success
20250112199530,"[{""text"": ""Failed to Prioritize Attention"", ""role"": ""Flight crew"", ""tier"": ""unsafe_skill""}]","{""operator_mental"": [""Loss of Situational Awareness - Captain"", ""Complacency - Captain""], ""operator_physical"": [""Fatigue - Crew""], ""operator_limits"": [""Insufficient Reaction Time - Captain""], ""situational_tech"": [""Equipment Design - Engine Indication and Crew Alerting System (EICAS) Messages - Captain, First Officer""], ""personnel_crm"": [""Failed to Communicate - Flight Attendants""], ""unsafe_skill"": [""Failed to prioritize attention""]}","[{""subject"": ""unsafe_skill"", ""relation"": ""CO_OCCURS_WITH"", ""object"": ""unsafe_decision"", ""evidence"": ""The flight crew initiated the evacuation checklist and called for an evacuation.""}]",success
20001212X20896,"[{""text"": ""Exceeded Ability"", ""role"": ""Pilot"", ""tier"": ""unsafe_decision""}]","{""unsafe_decision"": [""Exceeded Ability""]}","[{""subject"": ""unsafe_decision"", ""relation"": ""LEADS_TO"", ""object"": ""operator_physical"", ""evidence"": ""The captain applied correction with the rudder and aileron.""}]",success
20170419X83518,"[{""text"": ""pulled out without her awareness"", ""role"": ""Flight attendant"", ""tier"": ""Unsafe_skill""}]","{""operator_mental"": [""Loss of Situational Awareness - Flight Attendant""], ""operator_physical"": [""Physical Fatigue - Flight Attendant""], ""personnel_crm"": [""Failed to Communicate - Captain""], ""unsafe_skill"": [""pulled out without her awareness - Flight attendant""]}","[{""subject"": ""unsafe_skill"", ""relation"": ""LEADS_TO"", ""object"": ""unsafe_perception"", ""evidence"": ""pulled out without her awareness""}]",success
20101116X51712,"[{""text"": ""Omitted Checklist Step"", ""role"": ""Pilot"", ""tier"": ""unsafe_skill""}]","{""unsafe_skill"": [""Omitted Checklist Step - Pilot""]}","[{""subject"": ""unsafe_skill"", ""relation"": ""CO_OCCURS_WITH"", ""object"": ""unsafe_decision"", ""evidence"": ""The flight crew reported that, although there were no observed flight control or engine anomalies, they elected to return to the departure airport and the captain subsequently completed an uneventful visual approach and landing.""}]",success
20180905X90334,"[{""text"": ""Failed to prioritize attention - First Officer (FO)"", ""role"": ""First Officer (Pilot Flying)"", ""tier"": ""unsafe_decision""}]","{""unsafe_decision"": [""Failed to prioritize attention - First Officer (FO)""]}","[{""subject"": ""situational_tech"", ""relation"": ""CO_OCCURS_WITH"", ""object"": ""operator_limits"", ""evidence"": ""Failure of the radio altimeter, caused by the approach being over calm/flat water, that was not recognized by the flight crew.""}]",success
20221202106401,"[{""text"": ""forgot to share this information with the other FAs"", ""role"": ""Flight Attendant A"", ""tier"": ""Unsafe Skill""}]","{""unsafe_skill"": [""forgot to share this information with the other FAs - Flight Attendant A""]}","[{""subject"": ""unsafe_skill"", ""relation"": ""LEADS_TO"", ""object"": ""unsafe_decision"", ""evidence"": ""forgot to share this information with the other FAs""}]",success
20140815X53015,"[{""text"": ""observed a large group of geese flying from right to left in front of the airplane"", ""role"": ""pilot"", ""tier"": ""unsafe_perception""}]","{""operator_mental"": [""Loss of Situational Awareness - Captain"", ""Complacency - Captain""], ""personnel_crm"": [""Failed to Communicate - First Officer""], ""situational_tech"": [""Incompatible Intelligence/Aptitude - Flight Crew""], ""unsafe_perception"": [""Misjudged Distance/Altitude/Airspeed""]}","[{""subject"": ""unsafe_perception"", ""relation"": ""LEADS_TO"", ""object"": ""unsafe_decision"", ""evidence"": ""observed a large group of geese flying from right to left in front of the airplane""}]",success
20250724200620,[],{},[],parse_error
20190306X80709,"[{""text"": ""Thrown up to the ceiling and then came \u2018crashing back down\u2019 onto the galley floor."", ""role"": ""Flight Attendant"", ""tier"": ""Unsafe Skill""}]","{""unsafe_skill"": [""Thrown up to the ceiling and then came \u2018crashing back down\u2019 onto the galley floor.""]}","[{""subject"": ""unsafe_skill"", ""relation"": ""CO_OCCURS_WITH"", ""object"": ""operator_physical"", ""evidence"": ""Thrown up to the ceiling and then came \u2018crashing back down\u2019 onto the galley floor.""}]",success
20050825X01311,"[{""text"": ""Went to place A/C in corner west of terminal C; east of hold short line as previously done."", ""role"": ""pilot"", ""tier"": ""unsafe_decision""}, {""text"": ""Both [captain and first officer] closely monitored the final left turn with respect to aircraft proximity to perimeter fence."", ""role"": ""pilot"", ""tier"": ""unsafe_skill""}]","{""unsafe_decision"": [""Went to place A/C in corner west of terminal C; east of hold short line as previously done.""], ""unsafe_skill"": [""Both [captain and first officer] closely monitored the final left turn with respect to aircraft proximity to perimeter fence.""]}","[{""subject"": ""unsafe_decision"", ""relation"": ""LEADS_TO"", ""object"": ""unsafe_skill"", ""evidence"": ""Went to place A/C in corner west of terminal C; east of hold short line as previously done.""}, {""subject"": ""unsafe_skill"", ""relation"": ""CO_OCCURS_WITH"", ""object"": ""unsafe_decision"", ""evidence"": ""Both [captain and first officer] closely monitored the final left turn with respect to aircraft proximity to perimeter fence.""}]",success
20110222X20316,"[{""text"": ""The tractor driver's failure to confirm that the tow bar head/handle was secured correctly to the airplane."", ""role"": ""Ground crew"", ""tier"": ""unsafe_skill""}]","{""unsafe_skill"": [""The tractor driver's failure to confirm that the tow bar head/handle was secured correctly to the airplane.""]}","[{""subject"": ""unsafe_skill"", ""relation"": ""LEADS_TO"", ""object"": ""unsafe_violation"", ""evidence"": ""The tractor driver's failure to confirm that the tow bar head/handle was secured correctly to the airplane.""}]",success
20120410X01241,"[{""text"": ""experienced severe clear air turbulence that caused the airplane to drop at least 300 feet"", ""role"": ""Flight crew"", ""tier"": ""unsafe_skill""}]","{""operator_mental"": [""Loss of Situational Awareness - Flight Attendant""], ""operator_physical"": [""Physical Fatigue - Flight Attendant""], ""personnel_crm"": [""Failed to Communicate - Flight Crew""], ""unsafe_skill"": [""Experienced severe clear air turbulence that caused the airplane to drop at least 300 feet - Flight crew""]}","[{""subject"": ""unsafe_skill"", ""relation"": ""CO_OCCURS_WITH"", ""object"": ""unsafe_decision"", ""evidence"": ""experienced severe clear air turbulence that caused the airplane to drop at least 300 feet""}]",success
20201119102304,"[{""text"": ""Guided the MCD down with her hands resulting in her being pulled from the top of the main cabin doorsteps"", ""role"": ""Flight attendant"", ""tier"": ""unsafe_skill""}]","{""unsafe_skill"": [""Poor Technique - Flight attendant guided the MCD down with her hands, resulting in her being pulled from the top of the main cabin doorsteps.""]}","[{""subject"": ""unsafe_skill"", ""relation"": ""CO_OCCURS_WITH"", ""object"": ""operator_physical"", ""evidence"": ""Guided the MCD down with her hands resulting in her being pulled from the top of the main cabin doorsteps""}]",success
20101229X22154,"[{""text"": ""failure of the thrust reversers to deploy when initially commanded"", ""role"": ""Pilot"", ""tier"": ""unsafe_violation""}, {""text"": ""captain's failure to monitor and extend the speedbrakes manually"", ""role"": ""Pilot"", ""tier"": ""unsafe_skill""}]","{""operator_mental"": [""Distraction - Captain"", ""Loss of Situational Awareness - Captain""], ""situational_tech"": [""Malfunction of Speedbrake System - Pilot"", ""Malfunction of Thrust Reverser - Captain""], ""personnel_crm"": [""Failed to Monitor and Extend Speedbrakes - Captain"", ""Failed to Confirm Speedbrake Extension Before Announcing Deployment - Captain""], ""operator_physical"": [""Fatigue - Captain""], ""unsafe_violation"": [""failure of the thrust reversers to deploy when initially commanded - Pilot""], ""unsafe_skill"": [""captain's failure to monitor and extend the speedbrakes manually - Pilot""]}","[{""subject"": ""unsafe_violation"", ""relation"": ""LEADS_TO"", ""object"": ""unsafe_skill"", ""evidence"": ""failure of the thrust reversers to deploy when initially commanded, and captain's failure to monitor and extend the speedbrakes manually""}]",success
20020124X00119,"[{""text"": ""Failed to Prioritize Attention"", ""role"": ""Pilot (Captain and First Officer)"", ""tier"": ""unsafe_decision""}]","{""operator_mental"": [""Loss of Situational Awareness (Captain)"", ""Complacency (First Officer)""], ""unsafe_decision"": [""Failed to prioritize attention to the ice accumulation and airspeed decay""]}","[{""subject"": ""unsafe_decision"", ""relation"": ""LEADS_TO"", ""object"": ""operator_physical"", ""evidence"": ""the failure of the flight crew to maintain airspeed during an encounter with severe icing conditions, which resulted in an inadvertent stall, loss of control, and structural damage to the airplane.""}]",success
20141211X62917,"[{""text"": ""Inadvertent encounter with clear air turbulence while the flight attendants were returning to their seats."", ""role"": ""Flight Attendant"", ""tier"": ""unsafe_perception""}]","{""unsafe_perception"": [""Misjudged Distance/Altitude/Airspeed""]}","[{""subject"": ""unsafe_perception"", ""relation"": ""LEADS_TO"", ""object"": ""unsafe_decision"", ""evidence"": ""an inadvertent encounter with clear air turbulence while the flight attendants were returning to their seats.""}]",success
20230217106744,"[{""text"": ""encountered convective turbulence while descending into Louis Armstrong New Orleans International Airport (MSY)"", ""role"": ""flight crew"", ""tier"": ""unsafe_skill""}]","{""unsafe_skill"": [""Encountered unexpected weather conditions - Convective turbulence""]}","[{""subject"": ""unsafe_skill"", ""relation"": ""CO_OCCURS_WITH"", ""object"": ""unsafe_decision"", ""evidence"": ""encountered convective turbulence while descending into Louis Armstrong New Orleans International Airport (MSY)""}]",success
20101108X84714,"[{""text"": ""Encountered a bird strike to the leading edge of the right wing."", ""role"": ""Flight crew"", ""tier"": ""unsafe_perception""}]","{""unsafe_perception"": [""Misjudged Distance/Altitude/Airspeed""]}","[{""subject"": ""unsafe_perception"", ""relation"": ""LEADS_TO"", ""object"": ""unsafe_decision"", ""evidence"": ""Encountered a bird strike to the leading edge of the right wing.""}]",success
20081216X41655,"[{""text"": ""Slid on the snow and the flight crew stopped the airplane about 90-degrees into the turn."", ""role"": ""pilot"", ""tier"": ""unsafe_skill""}, {""text"": ""The tug impacted the left side of the airplane causing a puncture to the skin and damage to internal structural members."", ""role"": ""tug operator"", ""tier"": ""unsafe_decision""}]","{""operator_mental"": [""Loss of Situational Awareness - Pilot""], ""operator_physical"": [""Fatigue - Pilot""], ""personnel_crm"": [""Failed to Communicate - Pilot""], ""situational_tech"": [""Environmental Issues - Runway Conditions - Snow Covered Runway - Pilot""], ""unsafe_skill"": [""Slid on the snow and the flight crew stopped the airplane about 90-degrees into the turn.""], ""unsafe_decision"": [""The tug impacted the left side of the airplane causing a puncture to the skin and damage to internal structural members.""]}","[{""subject"": ""unsafe_skill"", ""relation"": ""LEADS_TO"", ""object"": ""unsafe_decision"", ""evidence"": ""Slid on the snow and the flight crew stopped the airplane about 90-degrees into the turn.""}]",success
20001212X22101,"[{""text"": ""Because of the strong winds, it was necessary to engage the power steering to assist with the left turn, a normal procedure."", ""role"": ""pilot"", ""tier"": ""unsafe_decision""}, {""text"": ""As I engaged the power steering, which was armed by the first officer at my request, the aircraft executed an immediate right turn of approximately 45 degrees. Both the first officer and myself attempted to counter-respond the event with full left rudder and maximum left braking. All attempts were unsuccessful, causing us to exit the runway, collapsing the nose gear, and sheering the props."", ""role"": ""pilot"", ""tier"": ""unsafe_skill""}]","{""unsafe_decision"": [""Improper Procedure""], ""unsafe_skill"": [""Failed to Prioritize Attention""]}","[{""subject"": ""unsafe_decision"", ""relation"": ""LEADS_TO"", ""object"": ""unsafe_skill"", ""evidence"": ""As I engaged the power steering, which was armed by the first officer at my request, the aircraft executed an immediate right turn of approximately 45 degrees. Both the first officer and myself attempted to counter-respond the event with full left rudder and maximum left braking. All attempts were unsuccessful, causing us to exit the runway, collapsing the nose gear, and sheering the props.""}]",success
20250114199538,"[{""text"": ""nose come up and sink rate accelerate"", ""role"": ""Captain"", ""tier"": ""unsafe_skill""}]","{""unsafe_skill"": [""nose come up and sink rate accelerate - Captain""]}","[{""subject"": ""unsafe_skill"", ""relation"": ""LEADS_TO"", ""object"": ""unsafe_decision"", ""evidence"": ""nose come up and sink rate accelerate""}]",success
20231003193179,"[{""text"": ""Omitted Checklist Step - Flight Crew"", ""role"": ""Flight Crew"", ""tier"": ""unsafe_skill""}]","{""unsafe_skill"": [""Omitted Checklist Step - Flight Crew""]}","[{""subject"": ""unsafe_skill"", ""relation"": ""LEADS_TO"", ""object"": ""unsafe_perception"", ""evidence"": ""Malfunctioning brakes on a service cart.""}]",success
20170813X71654,"[{""text"": ""ATC did not advise the flight crew of the returns until after the crew reported the turbulence encounter."", ""role"": ""ATC"", ""tier"": ""unsafe_decision""}]","{""unsafe_decision"": [""ATC did not advise the flight crew of the returns until after the crew reported the turbulence encounter.""]}","[{""subject"": ""unsafe_decision"", ""relation"": ""CO_OCCURS_WITH"", ""object"": ""situational_tech"", ""evidence"": ""ATC did not advise the flight crew of the returns until after the crew reported the turbulence encounter.""}]",success
20030110X00049,"[{""text"": ""incorrect rigging of the elevator system"", ""role"": ""Maintenance crew"", ""tier"": ""unsafe_skill""}, {""text"": ""exceeded ability"", ""role"": ""Flight crew"", ""tier"": ""unsafe_decision""}]","{""unsafe_skill"": [""incorrect rigging of the elevator system""], ""unsafe_decision"": [""exceeded ability""]}","[{""subject"": ""unsafe_skill"", ""relation"": ""LEADS_TO"", ""object"": ""unsafe_decision"", ""evidence"": ""the loss of pitch control resulted from the incorrect rigging of the elevator system compounded by the airplane's aft center of gravity""}]",success
20240823194995,"[{""text"": ""Misjudged Distance/Altitude/Airspeed"", ""role"": ""Cabin crew"", ""tier"": ""unsafe_perception""}]","{""unsafe_perception"": [""Misjudged Distance/Altitude/Airspeed - C flight attendant""]}","[{""subject"": ""unsafe_perception"", ""relation"": ""CO_OCCURS_WITH"", ""object"": ""unsafe_decision"", ""evidence"": ""The cabin crew misjudged the severity of the turbulence, leading to inadequate preparation for the encounter.""}]",success
20031023X01800,"[{""text"": ""Failed to prioritize attention"", ""role"": ""Captain"", ""tier"": ""unsafe_decision""}]","{""unsafe_decision"": [""Failed to prioritize attention""]}","[{""subject"": ""unsafe_decision"", ""relation"": ""LEADS_TO"", ""object"": ""unsafe_violation"", ""evidence"": ""initiated a Rejected Take-Off (RTO)""}]",success
20171220X52223,"[{""text"": ""One FA sustained an ankle injury and remained on the floor for the remainder of the flight."", ""role"": ""Flight Attendant"", ""tier"": ""unsafe_skill""}]","{""unsafe_skill"": [""Omitted Checklist Step - Flight Attendant""]}","[{""subject"": ""unsafe_skill"", ""relation"": ""CO_OCCURS_WITH"", ""object"": ""unsafe_decision"", ""evidence"": ""One FA sustained an ankle injury and remained on the floor for the remainder of the flight.""}]",success
20090127X92950,"[{""text"": ""The flight crew's failure to monitor and maintain a minimum safe airspeed while executing an instrument approach in icing conditions"", ""role"": ""Flight crew"", ""tier"": ""unsafe_skill""}]","{""operator_mental"": [""Loss of Situational Awareness - Flight crew"", ""Complacency - Captain""], ""operator_physical"": [""Fatigue - Captain"", ""Fatigue - First Officer""], ""personnel_crm"": [""Failed to Communicate - Flight crew""], ""situational_tech"": [""Equipment Design - Flap anomaly""], ""unsafe_skill"": [""The flight crew's failure to monitor and maintain a minimum safe airspeed while executing an instrument approach in icing conditions - Flight crew""]}","[{""subject"": ""unsafe_skill"", ""relation"": ""LEADS_TO"", ""object"": ""unsafe_decision"", ""evidence"": ""The flight crew's failure to monitor and maintain a minimum safe airspeed while executing an instrument approach in icing conditions, which resulted in an aerodynamic stall at low altitude.""}]",success
20240809194881,"[{""text"": ""Omitted Checklist Step"", ""role"": ""Flight crew"", ""tier"": ""unsafe_skill""}]","{""unsafe_skill"": [""Omitted Checklist Step - Flight crew""]}","[{""subject"": ""unsafe_skill"", ""relation"": ""CO_OCCURS_WITH"", ""object"": ""unsafe_decision"", ""evidence"": ""The crew described going \u201cheads down\u201d for a few minutes to load performance data into the flight management computer and to review the arrival procedure into Charlotte.""}]",success
20140918X21722,"[{""text"": ""The failure of the first officer to control the airplane pitch after touchdown."", ""role"": ""First Officer"", ""tier"": ""unsafe_skill""}]","{""unsafe_skill"": [""The failure of the first officer to control the airplane pitch after touchdown. - First Officer""]}","[{""subject"": ""unsafe_skill"", ""relation"": ""CO_OCCURS_WITH"", ""object"": ""personnel_readiness"", ""evidence"": ""The first officer was the pilot flying and the captain was the pilot monitoring and was initial operating experience (IOE) training for the FO.""}]",success
20170216X44213,"[{""text"": ""struck a deer with its right wing during the takeoff roll"", ""role"": ""pilot"", ""tier"": ""unsafe_skill""}]","{""operator_mental"": [""Loss of Situational Awareness - Pilot""], ""personnel_crm"": [""Failed to Communicate - Crew""], ""situational_tech"": [""Equipment Design - Wing Leading Edge Protection""], ""unsafe_skill"": [""struck a deer with its right wing during the takeoff roll - pilot""]}","[{""subject"": ""unsafe_skill"", ""relation"": ""CO_OCCURS_WITH"", ""object"": ""operator_physical"", ""evidence"": ""struck a deer with its right wing during the takeoff roll""}]",success
20230322106933,"[{""text"": ""Misjudged Distance/Altitude/Airspeed"", ""role"": ""Flight Attendant"", ""tier"": ""unsafe_perception""}]","{""unsafe_perception"": [""Misjudged Distance/Altitude/Airspeed - Flight Attendant""]}","[{""subject"": ""unsafe_perception"", ""relation"": ""CO_OCCURS_WITH"", ""object"": ""unsafe_decision"", ""evidence"": ""Airmen\u2019s Meteorological Information (AIRMETs) were in effect at the time of the accident for moderate turbulence below 12,000 ft and moderate turbulence from FL220 to FL360.""}, {""subject"": ""unsafe_perception"", ""relation"": ""CO_OCCURS_WITH"", ""object"": ""unsafe_decision"", ""evidence"": ""A convective Significant Meteorological Information (SIGMET) was issued at 1455 PDT and in effect at the time of the accident for the area with areas of thunderstorms forecast with tops to FL290.""}, {""subject"": ""unsafe_perception"", ""relation"": ""CO_OCCURS_WITH"", ""object"": ""unsafe_decision"", ""evidence"": ""Numerous pilot reports (PIREPs) reporting moderate or greater turbulence were issued for central California (including the accident area) within two hours of the accident time.""}]",success
20210317102773,"[{""text"": ""Omitted Checklist Step"", ""role"": ""Flight Attendant"", ""tier"": ""unsafe_skill""}]","{""unsafe_skill"": [""Omitted Checklist Step - Flight Attendant""]}","[{""subject"": ""unsafe_skill"", ""relation"": ""LEADS_TO"", ""object"": ""unsafe_violation"", ""evidence"": ""Omitted Checklist Step, which resulted in the flight attendant falling when she opened the door at the destination.""}]",success
20110525X42547,"[{""text"": ""Inadvertantly entered the edge of a cumulus buildup at the time of the turbulence."", ""role"": ""Flight crew"", ""tier"": ""Unsafe_decision""}]","{""unsafe_decision"": [""Inadvertantly entered the edge of a cumulus buildup at the time of the turbulence - Flight crew""]}","[{""subject"": ""unsafe_decision"", ""relation"": ""LEADS_TO"", ""object"": ""unsafe_violation"", ""evidence"": ""Inadvertant encounter with convective turbulence while in cruise.""}]",success
20220825105801,"[{""text"": ""Failed to Prioritize Attention"", ""role"": ""Flight crew"", ""tier"": ""unsafe_skill""}]","{""operator_mental"": [""Loss of Situational Awareness - Flight crew""], ""operator_limits"": [""Insufficient Reaction Time - Flight crew""], ""personnel_crm"": [""Failed to Communicate - Flight crew""], ""unsafe_skill"": [""Failed to prioritize attention - Flight crew did not anticipate the potential for turbulence at cloud tops and did not take appropriate action.""]}","[{""subject"": ""unsafe_skill"", ""relation"": ""CO_OCCURS_WITH"", ""object"": ""unsafe_decision"", ""evidence"": ""The flight crew began the final descent utilizing an RNAV arrival. According to the flight crew, weather conditions for the arrival were visual flight rules (VFR), no pilot reports (PIREPS) of turbulence were relayed to the flight crew by air traffic control (ATC), and no turbulence was forecasted for the arrival in the flight release weather information.""}]",success
20170703X71412,"[{""text"": ""incorrect evaluation of the clearance between the aircraft"", ""role"": ""A321 flight crew"", ""tier"": ""unsafe_decision""}]","{""operator_mental"": [""Loss of Situational Awareness - Flight crew"", ""Complacency - Flight crew""], ""personnel_crm"": [""Failed to Communicate - Pilot of other aircraft (CRJ200)""], ""situational_tech"": [""Equipment Design - Taxiway design and layout""], ""unsafe_decision"": [""incorrect evaluation of the clearance between the aircraft - A321 flight crew""]}",[],success
20180109X22437,"[{""text"": ""The provisioning vans platform/box assembly malfunctioned and lowered about 2-3 feet."", ""role"": ""Maintenance"", ""tier"": ""unsafe_violation""}]","{""unsafe_violation"": [""The provisioning vans platform/box assembly malfunctioned and lowered about 2-3 feet.""]}","[{""subject"": ""unsafe_violation"", ""relation"": ""LEADS_TO"", ""object"": ""unsafe_perception"", ""evidence"": ""The provisioning vans platform/box assembly malfunctioned and lowered about 2-3 feet.""}]",success
20170426X40247,"[{""text"": ""expected to encounter turbulence, so he called the flight attendants and told them it was going to be bumpy during the descent and that they were to sit down."", ""role"": ""Captain"", ""tier"": ""unsafe_decision""}]","{""unsafe_decision"": [""expected to encounter turbulence, so he called the flight attendants and told them it was going to be bumpy during the descent and that they were to sit down.""]}","[{""subject"": ""unsafe_decision"", ""relation"": ""LEADS_TO"", ""object"": ""unsafe_perception"", ""evidence"": ""expected to encounter turbulence, so he called the flight attendants and told them it was going to be bumpy during the descent and that they were to sit down.""}]",success
20160119X15230,"[{""text"": ""one FA was unable to grab an assist handle by the galley when she thrown to the floor"", ""role"": ""Flight Attendant"", ""tier"": ""unsafe_skill""}]","{""unsafe_skill"": [""one FA was unable to grab an assist handle by the galley when she thrown to the floor - Flight Attendant""]}","[{""subject"": ""unsafe_skill"", ""relation"": ""LEADS_TO"", ""object"": ""unsafe_perception"", ""evidence"": ""one FA was unable to grab an assist handle by the galley when she thrown to the floor""}]",success
20210524103134,"[{""text"": ""failure of the flight crew of N8686A to provide sufficient clearance while taxiing past N289CT, which was stopped."", ""role"": ""Pilot of other aircraft"", ""tier"": ""unsafe_decision""}]","{""unsafe_decision"": [""failure of the flight crew of N8686A to provide sufficient clearance while taxiing past N289CT, which was stopped.""]}","[{""subject"": ""unsafe_decision"", ""relation"": ""LEADS_TO"", ""object"": ""unsafe_violation"", ""evidence"": ""the failure of the flight crew of N8686A to provide sufficient clearance while taxiing past N289CT, which was stopped.""}]",success
20250708200488,"[{""text"": ""Failed to Prioritize Attention"", ""role"": ""First Officer (FO)"", ""tier"": ""unsafe_skill""}]","{""unsafe_skill"": [""Failed to prioritize attention""]}","[{""subject"": ""unsafe_skill"", ""relation"": ""LEADS_TO"", ""object"": ""unsafe_decision"", ""evidence"": ""The first officer's failure to maintain proper pitch attitude during flare which resulted in a bounced landing and a tailstrike.""}]",success
20230731192742,"[{""text"": ""Failed to Prioritize Attention"", ""role"": ""Flight crew"", ""tier"": ""unsafe_skill""}]","{""unsafe_skill"": [""Failed to prioritize attention to the weather conditions and turbulence avoidance (flight crew)""]}","[{""subject"": ""unsafe_skill"", ""relation"": ""CO_OCCURS_WITH"", ""object"": ""unsafe_decision"", ""evidence"": ""The flight crew made a decision to turn right and avoid the cloud buildup, which led to encountering severe turbulence.""}]",success
20080220X00214,"[{""text"": ""Failed to Prioritize Attention"", ""role"": ""Flight Attendant"", ""tier"": ""unsafe_skill""}]","{""unsafe_skill"": [""Failed to Prioritize Attention""]}","[{""subject"": ""unsafe_skill"", ""relation"": ""CO_OCCURS_WITH"", ""object"": ""unsafe_decision"", ""evidence"": ""The captain called the flight attendant on the intercom, but she did not answer.""}]",success
20170721X61556,"[{""text"": ""Encountered one swift jolt of turbulence followed by moderate turbulence for a few seconds."", ""role"": ""Flight crew"", ""tier"": ""Unsafe_skill""}]","{""unsafe_skill"": [""Encountered one swift jolt of turbulence followed by moderate turbulence for a few seconds - Flight crew""]}","[{""subject"": ""unsafe_skill"", ""relation"": ""CO_OCCURS_WITH"", ""object"": ""operator_physical"", ""evidence"": ""Encountered one swift jolt of turbulence followed by moderate turbulence for a few seconds.""}]",success
20150116X52840,"[{""text"": ""Failed to Prioritize Attention"", ""role"": ""Flight Attendant (FA)"", ""tier"": ""unsafe_skill""}]","{""operator_mental"": [""Loss of Situational Awareness - Flight Attendant (B)""], ""operator_physical"": [""Physical Fatigue - Flight Attendant (B)""], ""personnel_crm"": [""Failed to Communicate - Flight Attendant (B)""], ""unsafe_skill"": [""Failed to Prioritize Attention""]}","[{""subject"": ""unsafe_skill"", ""relation"": ""LEADS_TO"", ""object"": ""unsafe_decision"", ""evidence"": ""The 'B' FA twisted her left foot and did not inform the flight crew or other FAs of her injury.""}]",success
20100423X01145,"[{""text"": ""entered the clouds"", ""role"": ""Flight crew"", ""tier"": ""unsafe_skill""}]","{""unsafe_skill"": [""Entered Clouds - Flight crew""]}","[{""subject"": ""unsafe_skill"", ""relation"": ""CO_OCCURS_WITH"", ""object"": ""unsafe_decision"", ""evidence"": ""The airplane entered a cumulus or convective cloud system and encountered moderate to severe turbulence as it approached its destination.""}]",success
20170222X80758,"[{""text"": ""encountered a 'pocket' of moderate turbulence resulting in a descent rate of about 600 feet per minute and an altitude loss of about 400 feet."", ""role"": ""Captain"", ""tier"": ""unsafe_skill""}]","{""unsafe_skill"": [""Failed to Prioritize Attention - Captain""]}","[{""subject"": ""unsafe_skill"", ""relation"": ""CO_OCCURS_WITH"", ""object"": ""unsafe_decision"", ""evidence"": ""The Captain stated that as he finished the before-landing checklist at 4,000 feet, approximately 50 miles south of IAD, the flight encountered a 'pocket' of moderate turbulence resulting in a descent rate of about 600 feet per minute and an altitude loss of about 400 feet.""}]",success
20180507X00658,"[{""text"": ""The maintenance truck driver's failure to give way to the airplane that resulted in the truck colliding with the taxiing aircraft."", ""role"": ""Ground crew"", ""tier"": ""unsafe_decision""}]","{""unsafe_decision"": [""The maintenance truck driver's failure to give way to the airplane that resulted in the truck colliding with the taxiing aircraft.""]}","[{""subject"": ""unsafe_decision"", ""relation"": ""LEADS_TO"", ""object"": ""unsafe_violation"", ""evidence"": ""The maintenance truck driver's failure to give way to the airplane that resulted in the truck colliding with the taxiing aircraft.""}]",success
20081124X34243,"[{""text"": ""checked the proximity of the Airbus, and it looked like he could clear it"", ""role"": ""Pilot - Embraer E170"", ""tier"": ""unsafe_decision""}]","{""operator_mental"": [""Loss of Situational Awareness - Pilot of Embraer E170""], ""personnel_crm"": [""Failed to Communicate - Pilot of Airbus A319""], ""unsafe_decision"": [""checked the proximity of the Airbus, and it looked like he could clear it - Pilot - Embraer E170""]}",[],success
20181206X02227,"[{""text"": ""Failed to Prioritize Attention"", ""role"": ""Captain"", ""tier"": ""unsafe_skill""}]","{""operator_mental"": [""Loss of Situational Awareness - Captain"", ""Complacency - Captain""], ""personnel_crm"": [""Failed to Communicate - Ground Crew"", ""Failed to Coordinate - Captain and Ground Crew""], ""operator_limits"": [""Insufficient Reaction Time - Captain""], ""situational_tech"": [""Incompatible Intelligence/Aptitude - Captain, given the complexity of cross-bleed start procedure""], ""unsafe_skill"": [""Failed to prioritize attention""]}","[{""subject"": ""unsafe_skill"", ""relation"": ""LEADS_TO"", ""object"": ""unsafe_decision"", ""evidence"": ""the captain initiating a cross bleed start while under tow.""}]",success
20050825X01313,"[{""text"": ""Misjudged Distance/Altitude/Airspeed"", ""role"": ""Boeing 737-824 crew"", ""tier"": ""unsafe_perception""}]","{""unsafe_perception"": [""Misjudged distance between the Boeing and the parked Embraer airplanes""]}","[{""subject"": ""unsafe_perception"", ""relation"": ""CO_OCCURS_WITH"", ""object"": ""unsafe_decision"", ""evidence"": ""Misjudged Distance/Altitude/Airspeed, Factors in the accident were air traffic control's use of the unmarked parking 'block,' and the flight crew's misjudgement of the clearance between their airplane and the parked airplanes in the block, during taxi.""}]",success
20090213X13613,"[{""text"": ""The captain's inappropriate response to the activation of the stick shaker, which led to an aerodynamic stall from which the airplane did not recover."", ""role"": ""Pilot"", ""tier"": ""unsafe_decision""}]","{""unsafe_decision"": [""The captain's inappropriate response to the activation of the stick shaker, which led to an aerodynamic stall from which the airplane did not recover.""]}","[{""subject"": ""unsafe_decision"", ""relation"": ""LEADS_TO"", ""object"": ""unsafe_violation"", ""evidence"": ""The captain's inappropriate response to the activation of the stick shaker, which led to an aerodynamic stall from which the airplane did not recover.""}]",success
20211001104015,"[{""text"": ""Omitted Checklist Step - Captain"", ""role"": ""Captain (Pilot Flying)"", ""tier"": ""unsafe_skill""}]","{""operator_mental"": [""Loss of Situational Awareness - Captain"", ""Complacency - LCA""], ""personnel_crm"": [""Failed to Communicate - LCA (inferred from not addressing the captain's concerns)""], ""operator_limits"": [""Insufficient Reaction Time - LCA""], ""unsafe_skill"": [""Omitted Checklist Step - Captain""]}","[{""subject"": ""unsafe_skill"", ""relation"": ""CO_OCCURS_WITH"", ""object"": ""operator_physical"", ""evidence"": ""The captain suggested a go-around shortly after touchdown due to a significant pitch up, but the LCA thought the pitch was like the pitch up caused by ground spoiler deployment and advised the captain to continue the landing.""}]",success
20061219X01807,"[{""text"": ""charging non-rechargeable batteries can result in an internal short that can lead to thermal runaway and battery failure"", ""role"": ""Passenger"", ""tier"": ""unsafe_violation""}]","{""unsafe_violation"": [""charging non-rechargeable batteries can result in an internal short that can lead to thermal runaway and battery failure""]}","[{""subject"": ""unsafe_violation"", ""relation"": ""LEADS_TO"", ""object"": ""unsafe_decision"", ""evidence"": ""charging non-rechargeable batteries can result in an internal short that can lead to thermal runaway and battery failure""}]",success
20101203X60119,"[{""text"": ""The passenger's decision to deplane without assistance despite having a preexisting condition that limited her mobility."", ""role"": ""Passenger"", ""tier"": ""unsafe_decision""}]","{""unsafe_decision"": [""The passenger's decision to deplane without assistance despite having a preexisting condition that limited her mobility.""]}","[{""subject"": ""unsafe_decision"", ""relation"": ""LEADS_TO"", ""object"": ""unsafe_violation"", ""evidence"": ""The passenger's decision to deplane without assistance despite having a preexisting condition that limited her mobility.""}]",success
20180725X32722,"[{""text"": ""Inadvertent encounter with convective turbulence"", ""role"": ""Crew"", ""tier"": ""unsafe_perception""}]","{""unsafe_perception"": [""Misjudged Distance/Altitude/Airspeed""]}","[{""subject"": ""unsafe_perception"", ""relation"": ""CO_OCCURS_WITH"", ""object"": ""unsafe_decision"", ""evidence"": ""The flight entered a cloud and encountered severe turbulence with heavy rain.""}]",success
20110329X33129,"[{""text"": ""Improper latching of the aft galley cart prior to landing."", ""role"": ""Cabin crew - B flight attendant"", ""tier"": ""unsafe_skill""}]","{""operator_mental"": [""Loss of Situational Awareness - Flight Attendant""], ""operator_physical"": [""Fatigue - Flight Attendant""], ""personnel_crm"": [""Failed to Communicate - Flight Attendant""], ""unsafe_skill"": [""Improper latching of the aft galley cart prior to landing. - Cabin crew - B flight attendant""]}","[{""subject"": ""unsafe_skill"", ""relation"": ""LEADS_TO"", ""object"": ""unsafe_violation"", ""evidence"": ""Improper latching of the aft galley cart prior to landing.""}]",success
20240924195189,"[{""text"": ""Inadvertent Flight Control Use"", ""role"": ""Pilot Flying"", ""tier"": ""unsafe_skill""}]","{""unsafe_skill"": [""Inadvertent Flight Control Use - Pilot Flying""]}","[{""subject"": ""unsafe_skill"", ""relation"": ""LEADS_TO"", ""object"": ""unsafe_decision"", ""evidence"": ""The abrupt pitch control input by the flight crew in response to a TCAS resolution advisory resulted in two serious passenger injuries.""}]",success
20191218X82112,"[{""text"": ""inadvertently pressed the autopilot disconnect button instead of the Touch Control Steering (TCS) button"", ""role"": ""captain"", ""tier"": ""unsafe_skill""}]","{""operator_mental"": [""Loss of Situational Awareness - Captain"", ""Haste - Captain""], ""operator_physical"": [""Physical Fatigue - Flight Attendant""], ""personnel_crm"": [""Failed to Communicate - Captain and First Officer""], ""situational_tech"": [""Incompatible Intelligence/Aptitude - Autopilot Design""], ""unsafe_skill"": [""inadvertently pressed the autopilot disconnect button instead of the Touch Control Steering (TCS) button - captain""]}","[{""subject"": ""unsafe_skill"", ""relation"": ""LEADS_TO"", ""object"": ""unsafe_decision"", ""evidence"": ""inadvertently pressed the autopilot disconnect button instead of the Touch Control Steering (TCS) button""}]",success
20220601105167,"[{""text"": ""decided to \u2018bring the cart back into the galley to finish the service\u2019"", ""role"": ""Flight Attendant"", ""tier"": ""unsafe_skill""}]","{""unsafe_skill"": [""decided to \u2018bring the cart back into the galley to finish the service\u2019 - Flight Attendant""]}","[{""subject"": ""unsafe_skill"", ""relation"": ""LEADS_TO"", ""object"": ""unsafe_decision"", ""evidence"": ""decided to \u2018bring the cart back into the galley to finish the service\u2019""}]",success
20240403194029,"[{""text"": ""Omitted information about the seating arrangements of flight attendants during descent."", ""role"": ""Crew"", ""tier"": ""Unsafe_skill""}]","{""operator_mental"": [""Loss of Situational Awareness - Captain"", ""Complacency - Captain""], ""operator_physical"": [""Physical Fatigue - Flight Attendant""], ""personnel_crm"": [""Failed to Communicate - First Officer""], ""situational_tech"": [""Insufficient Weather Information - Captain""], ""unsafe_skill"": [""Omitted information about the seating arrangements of flight attendants during descent""]}","[{""subject"": ""unsafe_skill"", ""relation"": ""CO_OCCURS_WITH"", ""object"": ""personnel_crm"", ""evidence"": ""Omitted information about the seating arrangements of flight attendants during descent.""}]",success
20130220X85257,"[{""text"": ""The safety strap had not been attached at the time of the event."", ""role"": ""Flight attendant"", ""tier"": ""unsafe_skill""}]","{""unsafe_skill"": [""The safety strap had not been attached at the time of the event - Flight attendant""]}","[{""subject"": ""unsafe_skill"", ""relation"": ""CO_OCCURS_WITH"", ""object"": ""operator_physical"", ""evidence"": ""The safety strap had not been attached at the time of the event.""}]",success
20140110X14059,"[{""text"": ""Omitted Checklist Step - Flight Attendant"", ""role"": ""Flight Attendant"", ""tier"": ""unsafe_skill""}]","{""operator_mental"": [""Loss of Situational Awareness - C flight attendant""], ""operator_physical"": [""Physical Fatigue - C flight attendant""], ""personnel_crm"": [""Failed to Communicate - C flight attendant""], ""situational_tech"": [""Equipment Design - Coffee maker malfunction - C flight attendant""], ""unsafe_skill"": [""Omitted Checklist Step - Flight Attendant""]}","[{""subject"": ""unsafe_skill"", ""relation"": ""LEADS_TO"", ""object"": ""unsafe_decision"", ""evidence"": ""Omitted Checklist Step - Flight Attendant LEADS_TO Unsafe Decision to lift the potlocking lever without proper check.""}]",success
20190726X91707,"[{""text"": ""failure of the ground crew to maintain clearance from the parked airplane during pushback."", ""role"": ""Ground Crew"", ""tier"": ""Unsafe Act - Unsafe Skill""}]","{""unsafe_skill"": [""failure of the ground crew to maintain clearance from the parked airplane during pushback.""]}","[{""subject"": ""unsafe_skill"", ""relation"": ""LEADS_TO"", ""object"": ""unsafe_violation"", ""evidence"": ""failure of the ground crew to maintain clearance from the parked airplane during pushback.""}]",success
20240902195036,"[{""text"": ""incorrect evaluation of the clearance between their airplane and the airplane directly ahead of them as they made a 90 degree right turn onto an adjacent taxiway"", ""role"": ""Flight crew (Delta Air Lines)"", ""tier"": ""unsafe_skill""}]","{""unsafe_skill"": [""Incorrect evaluation of the clearance between their airplane and the airplane directly ahead of them as they made a 90 degree right turn onto an adjacent taxiway - Flight crew (Delta Air Lines)""]}",[],success
20241030195412,"[{""text"": ""Simultaneously, the ground spoilers and thrust reversers continued to deploy, which exacerbated the nose-high attitude."", ""role"": ""Pilot"", ""tier"": ""Unsafe Skill""}]","{""unsafe_skill"": [""Simultaneously, the ground spoilers and thrust reversers continued to deploy, which exacerbated the nose-high attitude - Pilot""]}","[{""subject"": ""unsafe_skill"", ""relation"": ""LEADS_TO"", ""object"": ""unsafe_decision"", ""evidence"": ""Simultaneously, the ground spoilers and thrust reversers continued to deploy, which exacerbated the nose-high attitude.""}]",success
20160805X51304,[],"{""unsafe_perception"": [""Misjudged Distance/Altitude/Airspeed - Crew""]}","[{""subject"": ""unsafe_perception"", ""relation"": ""LEADS_TO"", ""object"": ""unsafe_decision"", ""evidence"": ""The crew had no warning of turbulence.""}, {""subject"": ""unsafe_skill"", ""relation"": ""CO_OCCURS_WITH"", ""object"": ""unsafe_decision"", ""evidence"": ""One passenger received serious injuries and four passengers and three flight attendants received minor injuries.""}]",success
20230731192743,"[{""text"": ""Omitted notification to flight attendants"", ""role"": ""Flight crew"", ""tier"": ""unsafe_skill""}]","{""unsafe_skill"": [""Omitted notification to flight attendants - Flight crew""]}","[{""subject"": ""unsafe_skill"", ""relation"": ""CO_OCCURS_WITH"", ""object"": ""unsafe_decision"", ""evidence"": ""The flight crew reported that while descending on the JESEY4 RNAV arrival into PIT they observed low cumulus clouds with tops at about 14,000 ft. The captain notified the flight attendants to take their seats due to the possibility of turbulence.""}]",success
20260128202353,"[{""text"": ""Reduced surface friction of the contaminated ramp which led to a loss of directional control during taxi."", ""role"": ""Pilot"", ""tier"": ""unsafe_skill""}]","{""operator_mental"": [""Loss of Situational Awareness - Pilot"", ""Complacency - Pilot""], ""operator_physical"": [""Physical Fatigue - Pilot""], ""personnel_crm"": [""Failed to Communicate - Pilot""], ""situational_tech"": [""Equipment Design - Ramp Conditions Not Updated in Real-Time - Pilot""], ""unsafe_skill"": [""Reduced surface friction of the contaminated ramp which led to a loss of directional control during taxi.""]}","[{""subject"": ""unsafe_skill"", ""relation"": ""CO_OCCURS_WITH"", ""object"": ""operator_physical"", ""evidence"": ""The reduced surface friction of the contaminated ramp which led to a loss of directional control during taxi.""}]",success
20090728X71721,"[{""text"": ""turned off the sterile cockpit"", ""role"": ""Captain"", ""tier"": ""unsafe_skill""}]","{""unsafe_skill"": [""turned off the sterile cockpit - Captain""]}","[{""subject"": ""unsafe_skill"", ""relation"": ""CO_OCCURS_WITH"", ""object"": ""unsafe_decision"", ""evidence"": ""turned off the sterile cockpit and she was preparing the beverage service""}]",success
20200714X42039,"[{""text"": ""Failed to Prioritize Attention - Flight Attendants"", ""role"": ""Flight Attendants"", ""tier"": ""unsafe_skill""}]","{""unsafe_skill"": [""Failed to prioritize attention - Flight attendants""]}","[{""subject"": ""unsafe_skill"", ""relation"": ""CO_OCCURS_WITH"", ""object"": ""unsafe_decision"", ""evidence"": ""Both FAs were collecting trash and completing their compliance checks when the first turbulence hit the airplane.""}]",success
20120207X34555,"[{""text"": ""the driver's failure to ensure that the belt loader was clear of the airplane before turning."", ""role"": ""Ground crew"", ""tier"": ""unsafe_decision""}]","{""unsafe_decision"": [""the driver's failure to ensure that the belt loader was clear of the airplane before turning.""]}","[{""subject"": ""unsafe_decision"", ""relation"": ""LEADS_TO"", ""object"": ""unsafe_violation"", ""evidence"": ""the driver's failure to ensure that the belt loader was clear of the airplane before turning.""}]",success
20190528X32306,"[{""text"": ""Omitted Checklist Step - Flight Crew"", ""role"": ""Flight Crew"", ""tier"": ""unsafe_skill""}]","{""unsafe_skill"": [""Omitted Checklist Step - Flight Crew""]}","[{""subject"": ""unsafe_skill"", ""relation"": ""LEADS_TO"", ""object"": ""unsafe_decision"", ""evidence"": ""Omitted Checklist Step - Flight Crew LEADS_TO The flight crew elected to descend through the layer of clouds early without proper weather radar confirmation CO_OCCURS_WITH The airplane encountered moderate turbulence during descent""}]",success
20250724200627,"[{""text"": ""Knowledge of meteorologic cond-Flight crew"", ""role"": ""Flight crew"", ""tier"": ""unsafe_skill""}]","{""operator_mental"": [""Loss of Situational Awareness - Flight crew"", ""Complacency - Cabin crew""], ""operator_limits"": [""Insufficient Reaction Time - Flight crew""], ""personnel_crm"": [""Failed to Communicate - Cabin crew""], ""unsafe_skill"": [""Knowledge of meteorologic cond-Flight crew""]}","[{""subject"": ""unsafe_skill"", ""relation"": ""CO_OCCURS_WITH"", ""object"": ""unsafe_decision"", ""evidence"": ""The flight crew reported that the fasten seat belt sign was illuminated, and a public address (PA) announcement had been made instructing passengers to fasten their seat belts and remain seated.""}]",success
20021018X05344,"[{""text"": ""The lower rudder power control module manifold fractured, allowing the yaw damper piston to travel beyond its normal position."", ""role"": ""Maintenance"", ""tier"": ""unsafe_skill""}]","{""unsafe_skill"": [""The lower rudder power control module manifold fractured, allowing the yaw damper piston to travel beyond its normal position.""]}","[{""subject"": ""unsafe_skill"", ""relation"": ""LEADS_TO"", ""object"": ""unsafe_decision"", ""evidence"": ""The lower rudder power control module manifold fractured, allowing the yaw damper piston to travel beyond its normal position.""}]",success
20170224X03359,"[{""text"": ""lost situational awareness and stepped backwards, falling through the gap"", ""role"": ""catering agent"", ""tier"": ""unsafe_skill""}]","{""operator_mental"": [""Loss of Situational Awareness - Ground crew""], ""personnel_crm"": [""Failed to Communicate - Ground crew""], ""unsafe_skill"": [""lost situational awareness and stepped backwards, falling through the gap - catering agent""]}","[{""subject"": ""unsafe_skill"", ""relation"": ""CO_OCCURS_WITH"", ""object"": ""operator_physical"", ""evidence"": ""lost situational awareness and stepped backwards, falling through the gap""}]",success
20130314X15433,"[{""text"": ""The crew continued the approach and made a normal landing."", ""role"": ""Crew"", ""tier"": ""unsafe_decision""}]","{""operator_mental"": [""Loss of Situational Awareness - Crew""], ""personnel_crm"": [""Failed to Communicate - Crew""], ""situational_tech"": [""Equipment Design - Aircraft""], ""unsafe_decision"": [""Improper Procedure - Crew""]}","[{""subject"": ""unsafe_decision"", ""relation"": ""LEADS_TO"", ""object"": ""unsafe_violation"", ""evidence"": ""The crew continued the approach and made a normal landing.""}]",success
20101220X14621,"[{""text"": ""looked away at an uninvolved airplane and when he looked back, the wing walker was signalling him to stop"", ""role"": ""tug operator"", ""tier"": ""unsafe_skill""}]","{""operator_mental"": [""Loss of Situational Awareness - Ground crew""], ""personnel_crm"": [""Failed to Communicate - Tug operator""], ""unsafe_skill"": [""Breakdown in Visual Scan - tug operator""]}","[{""subject"": ""unsafe_skill"", ""relation"": ""CO_OCCURS_WITH"", ""object"": ""operator_physical"", ""evidence"": ""looked away at an uninvolved airplane and when he looked back, the wing walker was signalling him to stop""}]",success
20080722X01094,"[{""text"": ""Misjudged Distance/Altitude/Airspeed"", ""role"": ""Pilot Flying (Captain)"", ""tier"": ""unsafe_perception""}]","{""unsafe_perception"": [""Misjudged Distance/Altitude/Airspeed - Pilot Flying (Captain)""]}","[{""subject"": ""unsafe_perception"", ""relation"": ""CO_OCCURS_WITH"", ""object"": ""unsafe_decision"", ""evidence"": ""The pilot flying (captain) stated that 26 minutes before the scheduled landing he asked the flight attendants to prepare the cabin earlier than usual, due to 'weather south and west of MIA and along our route of flight.' Ten minutes after the announcement the airplane encountered turbulence.""}]",success
20171002X95003,"[{""text"": ""Failed to maintain appropriate clearance from N982VJ, which was stopped on the taxiway."", ""role"": ""Pilot of N841NN"", ""tier"": ""unsafe_decision""}]","{""unsafe_decision"": [""Failed to maintain appropriate clearance from N982VJ, which was stopped on the taxiway.""]}","[{""subject"": ""unsafe_decision"", ""relation"": ""LEADS_TO"", ""object"": ""unsafe_violation"", ""evidence"": ""The failure N841NNs captain to maintain appropriate clearance from N982VJ, which was stopped on the taxiway.""}]",success
20151026X81321,"[{""text"": ""Inadvertent encounter with clear air turbulence"", ""role"": ""Crew"", ""tier"": ""unsafe_perception""}]","{""operator_mental"": [""Loss of Situational Awareness - Captain"", ""Complacency - Flight Attendants""], ""operator_physical"": [""Physical Fatigue - Flight Attendants""], ""personnel_crm"": [""Failed to Communicate - Captain""], ""unsafe_perception"": [""Misjudged Distance/Altitude/Airspeed - Crew""]}","[{""subject"": ""unsafe_perception"", ""relation"": ""LEADS_TO"", ""object"": ""unsafe_decision"", ""evidence"": ""Inadvertent encounter with clear air turbulence resulting in a serious injury to a flight attendant.""}]",success
20230205106680,"[{""text"": ""Incorrect assumption that the Southwest Airlines (SWA) airplane would depart from the runway before the Federal Express airplane arrived on the same runway"", ""role"": ""ATC personnel"", ""tier"": ""unsafe_decision""}]","{""unsafe_decision"": [""Incorrect assumption that the Southwest Airlines (SWA) airplane would depart from the runway before the Federal Express airplane arrived on the same runway - ATC personnel""]}",[],success
20100714X63624,"[{""text"": ""made sure that it was locked by giving the cart a 'push' from the left side"", ""role"": ""Baggage handler"", ""tier"": ""unsafe_skill""}]","{""operator_mental"": [""Loss of Situational Awareness - Ground crew""], ""personnel_crm"": [""Failed to Communicate - Ground crew""], ""situational_tech"": [""Equipment Design - Airport facilities/design-(general)-Effect on equipment""], ""unsafe_skill"": [""made sure that it was locked by giving the cart a 'push' from the left side - Baggage handler""]}","[{""subject"": ""unsafe_skill"", ""relation"": ""CO_OCCURS_WITH"", ""object"": ""operator_physical"", ""evidence"": ""made sure that it was locked by giving the cart a 'push' from the left side""}]",success
20100312X84023,"[{""text"": ""Omitted Checklist Step - Flight Attendants"", ""role"": ""Flight Attendants"", ""tier"": ""unsafe_skill""}]","{""unsafe_skill"": [""Omitted Checklist Step - Flight Attendants""]}","[{""subject"": ""unsafe_skill"", ""relation"": ""CO_OCCURS_WITH"", ""object"": ""unsafe_decision"", ""evidence"": ""The captain had asked the flight attendants to secure the cabin earlier than usual, while they were in light turbulence, because the conditions were not expected to improve before arrival at the destination airport.""}]",success
20020501X00603,"[{""text"": ""Improper Procedure"", ""role"": ""Flight Crew"", ""tier"": ""unsafe_decision""}]","{""unsafe_decision"": [""'The airline's General Operations Manual states that thunderstorms that are identified as severe, or giving a intense radar echo should be avoided by at least 20 miles.' - Flight Crew""]}","[{""subject"": ""unsafe_decision"", ""relation"": ""LEADS_TO"", ""object"": ""unsafe_violation"", ""evidence"": ""The flightcrew's failure to follow weather avoidance procedures and their delay in activating the seat belt sign.""}]",success
20061211X01766,"[{""text"": ""Inadvertent activation of the priority pushbutton on the sidestick by the first officer"", ""role"": ""First Officer"", ""tier"": ""unsafe_skill""}]","{""unsafe_skill"": [""Inadvertent activation of the priority pushbutton on the sidestick by the first officer""]}","[{""subject"": ""unsafe_skill"", ""relation"": ""LEADS_TO"", ""object"": ""unsafe_decision"", ""evidence"": ""The inadvertent activation of the priority pushbutton on the sidestick by the first officer resulting in a nose down pitch and loss of aircraft control during the landing flare.""}]",success
20210316102768,"[{""text"": ""The number 1 FA stated that he believed the turbulence call to his position should have been an \u201call call\u201d priority as opposed to a phone call."", ""role"": ""Flight Attendant"", ""tier"": ""Unsafe Decision""}]","{""operator_mental"": [""Loss of Situational Awareness - Captain"", ""Complacency - Flight Attendants""], ""personnel_crm"": [""Failed to Communicate - Captain""], ""operator_physical"": [""Physical Fatigue - Flight Attendants""], ""unsafe_decision"": [""The number 1 FA stated that he believed the turbulence call to his position should have been an \u201call call\u201d priority as opposed to a phone call.""]}","[{""subject"": ""unsafe_decision"", ""relation"": ""LEADS_TO"", ""object"": ""unsafe_perception"", ""evidence"": ""The number 1 FA stated that he believed the turbulence call to his position should have been an 'all call' priority as opposed to a phone call.""}]",success
20151107X52955,"[{""text"": ""A flight attendant (FA) in the aft galley was lifted into the air and fell back down to the floor injuring her ankle."", ""role"": ""Flight Attendant"", ""tier"": ""unsafe_skill""}]","{""operator_mental"": [""Loss of Situational Awareness - Flight Crew"", ""Complacency - Cabin Crew""], ""operator_physical"": [""Physical Fatigue - Cabin Crew""], ""personnel_crm"": [""Failed to Communicate - Flight Crew""], ""situational_tech"": [""Incompatible Intelligence/Aptitude - Onboard Weather Radar Display""], ""unsafe_skill"": [""A flight attendant (FA) in the aft galley was lifted into the air and fell back down to the floor injuring her ankle.""]}","[{""subject"": ""unsafe_skill"", ""relation"": ""LEADS_TO"", ""object"": ""unsafe_decision"", ""evidence"": ""A flight attendant (FA) in the aft galley was lifted into the air and fell back down to the floor injuring her ankle.""}]",success
20140529X04134,[],"{""operator_mental"": [""Loss of Situational Awareness - Pilot""], ""situational_tech"": [""Environmental issues-Physical environment-Object/animal/substance-Animal(s)/bird(s)-Contributed to outcome - C""]}","[{""subject"": ""unsafe_perception"", ""relation"": ""LEADS_TO"", ""object"": ""unsafe_decision"", ""evidence"": ""The airplane struck a common loon during the descent to land, which resulted in substantial damage to the airframe.""}]",success
20141023X80357,"[{""text"": ""offset his taxi to the left to 'be on the safe side'"", ""role"": ""B757 Captain"", ""tier"": ""unsafe_skill""}, {""text"": ""the presence of the wing walker gave him 'a false sense of security'"", ""role"": ""B757 Captain"", ""tier"": ""unsafe_perception""}]","{""operator_mental"": [""Loss of Situational Awareness - Pilot of other aircraft"", ""Complacency - Pilot of other aircraft""], ""personnel_crm"": [""Failed to Communicate - Wing walker""], ""situational_tech"": [""Equipment Design - Taxiway layout""], ""unsafe_skill"": [""offset his taxi to the left to 'be on the safe side' - B757 Captain""], ""unsafe_perception"": [""the presence of the wing walker gave him 'a false sense of security' - B757 Captain""]}","[{""subject"": ""unsafe_perception"", ""relation"": ""LEADS_TO"", ""object"": ""unsafe_skill"", ""evidence"": ""the presence of the wing walker gave him 'a false sense of security'""}]",success
20201229102469,"[{""text"": ""Omitted Checklist Step - Flight Attendants"", ""role"": ""Flight Attendants"", ""tier"": ""unsafe_skill""}]","{""unsafe_skill"": [""Omitted Checklist Step - Flight Attendants""]}","[{""subject"": ""unsafe_skill"", ""relation"": ""CO_OCCURS_WITH"", ""object"": ""unsafe_decision"", ""evidence"": ""Omitted Checklist Step - Flight Attendants""}, {""subject"": ""unsafe_skill"", ""relation"": ""LEADS_TO"", ""object"": ""unsafe_perception"", ""evidence"": ""One of the aft FAs was thrown to floor resulting in severe pain and numbness down both legs.""}]",success
20191018X02019,"[{""text"": ""Inappropriate Maneuver"", ""role"": ""Pilot"", ""tier"": ""unsafe_decision""}]","{""unsafe_decision"": [""Exceeded Ability - Pilot""]}",[],success
20210726103537,"[{""text"": ""Omitted Checklist Step - Captain"", ""role"": ""pilot"", ""tier"": ""unsafe_skill""}]","{""operator_mental"": [""Loss of Situational Awareness - Captain"", ""Complacency - Cabin crew""], ""operator_physical"": [""Physical Fatigue - Forward flight attendant""], ""personnel_crm"": [""Failed to Communicate - Captain (to cabin crew)""], ""situational_tech"": [""Equipment Design - Taxiway and roadway layout""], ""unsafe_skill"": [""Omitted Checklist Step - Captain""]}","[{""subject"": ""unsafe_skill"", ""relation"": ""CO_OCCURS_WITH"", ""object"": ""operator_physical"", ""evidence"": ""The forward flight attendant was thrown backwards into the flight deck door due to the sudden stopping of the airplane by the flight crew.""}, {""subject"": ""operator_physical"", ""relation"": ""LEADS_TO"", ""object"": ""unsafe_decision"", ""evidence"": ""The captain immediately called the flight attendants (FA), who were conducting their safety demonstration, to check on their condition and the condition of the passengers.""}]",success
20010308X00561,"[{""text"": ""No briefing was conducted for the approach to runway eight."", ""role"": ""Crew"", ""tier"": ""Unsafe Skill""}]","{""unsafe_skill"": [""No briefing was conducted for the approach to runway eight.""]}","[{""subject"": ""unsafe_skill"", ""relation"": ""CO_OCCURS_WITH"", ""object"": ""unsafe_decision"", ""evidence"": ""No briefing was conducted for the approach to runway eight.""}]",success
20130429X12734,"[{""text"": ""improper restraint of the cargo"", ""role"": ""loadmaster"", ""tier"": ""unsafe_decision""}]","{""operator_mental"": [""Loss of Situational Awareness - Captain"", ""Complacency - Loadmaster""], ""operator_physical"": [""Fatigue - All Crewmembers""], ""operator_limits"": [""Inadequate Cargo Restraint Procedures - Operator""], ""personnel_crm"": [""Failed to Communicate - Loadmaster"", ""Failed to Coordinate - Captain""], ""situational_tech"": [""Equipment Design - Hydraulic Systems""], ""unsafe_decision"": [""Improper Procedure - loadmaster""]}","[{""subject"": ""unsafe_decision"", ""relation"": ""LEADS_TO"", ""object"": ""unsafe_violation"", ""evidence"": ""improper restraint of the cargo""}]",success
20190208X10711,"[{""text"": ""Inappropriate Maneuver"", ""role"": ""Tug Driver"", ""tier"": ""unsafe_decision""}]","{""unsafe_decision"": [""'pushed the airplane back with its empennage towards the east and then notified the captain that he would pull forward to straighten them out.' - Tug Driver""]}",[],success
20250214199703,"[{""text"": ""Omitted separate advisory to the cabin crew before the turbulence event"", ""role"": ""Flight Crew"", ""tier"": ""Unsafe Act - Unsafe Skill""}]","{""unsafe_skill"": [""Omitted separate advisory to the cabin crew before the turbulence event - Flight Crew""]}","[{""subject"": ""unsafe_skill"", ""relation"": ""LEADS_TO"", ""object"": ""unsafe_violation"", ""evidence"": ""Omitted separate advisory to the cabin crew before the turbulence event""}]",success
20090102X60836,"[{""text"": ""Ground crew's failure to maintain clearance from the light pole while directing the airplane to parking."", ""role"": ""Ground crew"", ""tier"": ""unsafe_perception""}]","{""operator_mental"": [""Loss of Situational Awareness - Ground crew""], ""personnel_crm"": [""Failed to Communicate - Ground crew""], ""situational_tech"": [""Equipment Design - Taxiway markings obscured by snow""], ""unsafe_perception"": [""Ground crew's failure to maintain clearance from the light pole while directing the airplane to parking.""]}","[{""subject"": ""unsafe_perception"", ""relation"": ""LEADS_TO"", ""object"": ""unsafe_violation"", ""evidence"": ""Ground crew's failure to maintain clearance from the light pole while directing the airplane to parking.""}]",success
20160119X20258,"[{""text"": ""thrown into the air and landed on the metal part of the galley"", ""role"": ""Flight Attendant (FA)"", ""tier"": ""unsafe_skill""}]","{""unsafe_skill"": [""thrown into the air and landed on the metal part of the galley - Flight Attendant (FA)""]}","[{""subject"": ""unsafe_skill"", ""relation"": ""CO_OCCURS_WITH"", ""object"": ""unsafe_perception"", ""evidence"": ""thrown into the air and landed on the metal part of the galley""}, {""subject"": ""unsafe_skill"", ""relation"": ""LEADS_TO"", ""object"": ""unsafe_violation"", ""evidence"": ""thrown into the air and landed on the metal part of the galley""}]",success
20221114106279,"[{""text"": ""Failed to Prioritize Attention"", ""role"": ""Flight crew"", ""tier"": ""unsafe_decision""}]","{""unsafe_decision"": [""Unable to maneuver around the cloud build up, and the airplane passed through the tops of the cumulus clouds""]}","[{""subject"": ""unsafe_decision"", ""relation"": ""LEADS_TO"", ""object"": ""unsafe_perception"", ""evidence"": ""The flight crew noticed a towering cumulus cloud directly ahead that had not been displayed on the airplane's weather radar display.""}]",success
20050624X00863,"[{""text"": ""observed and released fifteen right [EIN132]..."", ""role"": ""Local East Controller (LCE)"", ""tier"": ""unsafe_decision""}, {""text"": ""cleared USA1170 for takeoff from runway 9, a 7,000 foot-long, 150 foot-wide, asphalt runway."", ""role"": ""Local West Controller (LCW)"", ""tier"": ""unsafe_decision""}]","{""unsafe_decision"": [""'observed and released fifteen right [EIN132]...' - Local East Controller (LCE)"", ""'cleared USA1170 for takeoff from runway 9, a 7,000 foot-long, 150 foot-wide, asphalt runway.' - Local West Controller (LCW)""]}","[{""subject"": ""unsafe_decision"", ""relation"": ""LEADS_TO"", ""object"": ""unsafe_violation"", ""evidence"": ""Local East controller's failure to follow FAA Order 7110.65, para 3-9-8 and Boston Tower Order 7110.11, Standard Operating Procedures""}]",success
20210529103164,"[{""text"": ""The captain's decision to adjust his flight instruments while taxiing the airplane."", ""role"": ""Pilot"", ""tier"": ""unsafe_decision""}]","{""operator_mental"": [""Distraction - Captain"", ""Loss of Situational Awareness - Captain""], ""personnel_crm"": [""Failed to Communicate - First Officer""], ""operator_limits"": [""Insufficient Experience - Captain""], ""personnel_readiness"": [""Crew Rest Violation - Captain, First Officer""], ""unsafe_decision"": [""The captain's decision to adjust his flight instruments while taxiing the airplane.""]}","[{""subject"": ""unsafe_decision"", ""relation"": ""LEADS_TO"", ""object"": ""unsafe_violation"", ""evidence"": ""The captain's decision to adjust his flight instruments while taxiing the airplane.""}]",success
20221205106414,"[{""text"": ""tossed about and hit the floor"", ""role"": ""flight attendant"", ""tier"": ""unsafe_skill""}]","{""unsafe_skill"": [""tossed about and hit the floor - flight attendant""]}","[{""subject"": ""unsafe_skill"", ""relation"": ""CO_OCCURS_WITH"", ""object"": ""operator_physical"", ""evidence"": ""tossed about and hit the floor""}]",success
20181001X90405,"[{""text"": ""a passenger leaving a bag in the aisle that the flight attendant tripped over"", ""role"": ""Passenger"", ""tier"": ""unsafe_violation""}]","{""unsafe_violation"": [""a passenger leaving a bag in the aisle that the flight attendant tripped over""]}","[{""subject"": ""unsafe_violation"", ""relation"": ""LEADS_TO"", ""object"": ""unsafe_perception"", ""evidence"": ""a passenger leaving a bag in the aisle that the flight attendant tripped over.""}]",success
20221121106329,"[{""text"": ""Exceeded Ability"", ""role"": ""Crew"", ""tier"": ""unsafe_decision""}]","{""operator_mental"": [""Loss of Situational Awareness - Captain"", ""Complacency - Captain""], ""situational_tech"": [""Equipment Design - Cockpit Warning Systems""], ""personnel_crm"": [""Failed to Communicate - Captain""], ""unsafe_decision"": [""Exceeded Ability - Crew""]}",[],success
20190830X64106,"[{""text"": ""reduced airspeed to 250 knots in anticipation of the turbulence"", ""role"": ""First Officer (FO)"", ""tier"": ""unsafe_decision""}]","{""unsafe_decision"": [""reduced airspeed to 250 knots in anticipation of the turbulence - First Officer (FO)""]}","[{""subject"": ""unsafe_decision"", ""relation"": ""LEADS_TO"", ""object"": ""operator_physical"", ""evidence"": ""reduced airspeed to 250 knots in anticipation of the turbulence""}]",success
20200321X14202,"[{""text"": ""Over-controlled Aircraft"", ""role"": ""Pilot (Captain)"", ""tier"": ""unsafe_skill""}]","{""operator_mental"": [""Loss of Situational Awareness - Captain"", ""Complacency - First Officer""], ""personnel_crm"": [""Failed to Communicate - First Officer (Lack of approach briefing)""], ""situational_tech"": [""Incompatible Intelligence/Aptitude - Captain and First Officer (Handling a tailwind with insufficient experience)""], ""unsafe_skill"": [""Over-controlled Aircraft - Pilot (Captain)""]}",[],success
20160129X24835,"[{""text"": ""Inadvertent Flight Control Use"", ""role"": ""Flight Attendant"", ""tier"": ""unsafe_skill""}]","{""unsafe_skill"": [""Inadvertent Flight Control Use - Flight Attendant""]}","[{""subject"": ""unsafe_skill"", ""relation"": ""CO_OCCURS_WITH"", ""object"": ""unsafe_decision"", ""evidence"": ""Inadvertent Flight Control Use. flight crew reported that they were in cruise at FL380 in smooth air but were aware of potential turbulence throughout the flight.""}]",success
20181206X51048,"[{""text"": ""Failed to Prioritize Attention"", ""role"": ""Flight Attendant"", ""tier"": ""unsafe_skill""}]","{""unsafe_skill"": [""Failed to prioritize attention""]}","[{""subject"": ""unsafe_skill"", ""relation"": ""CO_OCCURS_WITH"", ""object"": ""unsafe_decision"", ""evidence"": ""The FAs were preparing the cabin for landing when they experienced turbulence.""}]",success
20151005X35533,"[{""text"": ""The LPT module's maintenance records show that it had been swapped from another engine and accumulated 17,441 hours and 2,184 cycles since its previous overhaul."", ""role"": ""Maintenance crew"", ""tier"": ""unsafe_violation""}]","{""unsafe_violation"": [""The LPT module's maintenance records show that it had been swapped from another engine and accumulated 17,441 hours and 2,184 cycles since its previous overhaul.""]}","[{""subject"": ""unsafe_violation"", ""relation"": ""LEADS_TO"", ""object"": ""unsafe_decision"", ""evidence"": ""The LPT module's maintenance records show that it had been swapped from another engine and accumulated 17,441 hours and 2,184 cycles since its previous overhaul.""}]",success
20110513X41407,"[{""text"": ""The captain of the B737-700 did not maintain adequate wing tip clearance while taxiing around the stopped B-737-800."", ""role"": ""Pilot"", ""tier"": ""unsafe_skill""}]","{""unsafe_skill"": [""The captain of the B737-700 did not maintain adequate wing tip clearance while taxiing around the stopped B-737-800.""]}","[{""subject"": ""unsafe_skill"", ""relation"": ""LEADS_TO"", ""object"": ""unsafe_perception"", ""evidence"": ""The B737-700 pilot did not maintain adequate wing tip clearance while taxiing around the stopped B-737-800.""}]",success
20231222193561,"[{""text"": ""Omitted Aircraft Communication - Flight Crew"", ""role"": ""Flight Crew"", ""tier"": ""unsafe_skill""}]","{""operator_mental"": [""Loss of Situational Awareness - Pilot""], ""personnel_crm"": [""Failed to Communicate - Crew""], ""situational_tech"": [""Equipment Design - Flight Controls and Systems""], ""unsafe_skill"": [""Omitted Aircraft Communication - Flight Crew""]}","[{""subject"": ""unsafe_skill"", ""relation"": ""LEADS_TO"", ""object"": ""unsafe_decision"", ""evidence"": ""A bird strike during climbout.""}]",success
20130614X14844,"[{""text"": ""Breakdown in Visual Scan"", ""role"": ""Pilot - Captain"", ""tier"": ""unsafe_skill""}]","{""operator_mental"": [""Loss of Situational Awareness - Captain"", ""Complacency - Captain""], ""personnel_crm"": [""Failed to Communicate - First Officer""], ""unsafe_skill"": [""Breakdown in Visual Scan - Pilot - Captain""]}","[{""subject"": ""unsafe_skill"", ""relation"": ""CO_OCCURS_WITH"", ""object"": ""operator_physical"", ""evidence"": ""The Captain, who was at the controls, reported that he had not seen the light pole before impact. The First Officer reported looking up and seeing the light pole; however, he observed that the Captain was turning away from the pole before the impact.""}]",success
20230328106964,"[{""text"": ""Omitted Checklist Step - First Officer"", ""role"": ""First Officer"", ""tier"": ""unsafe_skill""}]","{""operator_mental"": [""Loss of Situational Awareness - FO""], ""operator_physical"": [""Fatigue - FO""], ""personnel_crm"": [""Failed to Communicate - Captain""], ""unsafe_skill"": [""Omitted Checklist Step - First Officer""]}","[{""subject"": ""unsafe_skill"", ""relation"": ""LEADS_TO"", ""object"": ""unsafe_decision"", ""evidence"": ""The first officer's failure to maintain the correct airspeed and pitch attitude during landing which resulted in a tailstrike.""}]",success
20210927103969,"[{""text"": ""Omitted Checklist Step"", ""role"": ""Flight crew"", ""tier"": ""unsafe_skill""}]","{""unsafe_skill"": [""The flightcrew's failure to set the hydraulic panel correctly during the execution of the pushback checklist""]}","[{""subject"": ""unsafe_skill"", ""relation"": ""LEADS_TO"", ""object"": ""unsafe_decision"", ""evidence"": ""The flightcrew's failure to set the hydraulic panel correctly during the execution of the pushback checklist, and when the hydraulic panel setting was corrected""}]",success
20060908X01321,"[{""text"": ""Inadvertent application of the left brakes at touchdown"", ""role"": ""Pilot Flying"", ""tier"": ""unsafe_skill""}]","{""unsafe_skill"": [""Inadvertent application of the left brakes at touchdown""]}","[{""subject"": ""unsafe_skill"", ""relation"": ""LEADS_TO"", ""object"": ""unsafe_decision"", ""evidence"": ""The pilot's inadvertent application of the left brakes at touchdown.""}]",success
20160106X80332,"[{""text"": ""The turbulence caused the cart to bump the FAs hand."", ""role"": ""Flight Attendant"", ""tier"": ""Unsafe Skill""}]","{""operator_mental"": [""Loss of Situational Awareness - Flight Attendant""], ""operator_physical"": [""Physical Fatigue - Flight Attendant""], ""personnel_crm"": [""Failed to Communicate - Flight Crew""], ""unsafe_skill"": [""The turbulence caused the cart to bump the FAs hand - Flight Attendant""]}","[{""subject"": ""unsafe_skill"", ""relation"": ""LEADS_TO"", ""object"": ""unsafe_violation"", ""evidence"": ""The turbulence caused the cart to bump the FAs hand.""}]",success
20141217X43728,"[{""text"": ""struck multiple birds while descending through about 2,500 feet on approach to land"", ""role"": ""pilot"", ""tier"": ""unsafe_perception""}]","{""operator_mental"": [""Loss of Situational Awareness - Captain""], ""operator_physical"": [""Fatigue - Captain""], ""personnel_crm"": [""Failed to Communicate - Captain""], ""unsafe_perception"": [""Misjudged Distance/Altitude/Airspeed - pilot""]}","[{""subject"": ""unsafe_perception"", ""relation"": ""LEADS_TO"", ""object"": ""unsafe_decision"", ""evidence"": ""struck multiple birds while descending through about 2,500 feet on approach to land""}]",success
20190401X22803,[],"{""operator_mental"": [""Loss of Situational Awareness - Pilot""], ""situational_tech"": [""Equipment Design - Pilot""], ""unsafe_perception"": [""Misjudged Distance/Altitude/Airspeed - Pilot""]}","[{""subject"": ""unsafe_decision"", ""relation"": ""LEADS_TO"", ""object"": ""unsafe_perception"", ""evidence"": ""The airplane landed at KBNA with no further incident.""}, {""subject"": ""unsafe_skill"", ""relation"": ""CO_OCCURS_WITH"", ""object"": ""operator_physical"", ""evidence"": ""There were no injuries and the airplane was substantial damaged.""}]",success
20230511135369,"[{""text"": ""The captain stated that the ground spoiler deployment coinciding with the bounced touchdown resulted in an airplane nose-up pitch attitude. As a result, the pitch attitude increased until the tail struck the runway."", ""role"": ""Captain"", ""tier"": ""unsafe_skill""}]","{""operator_mental"": [""Loss of Situational Awareness - Captain"", ""Complacency - Captain""], ""operator_limits"": [""Insufficient Reaction Time - Captain""], ""situational_tech"": [""Incompatible Intelligence/Aptitude - Captain""], ""unsafe_skill"": [""Failed to Prioritize Attention - Captain""]}","[{""subject"": ""unsafe_skill"", ""relation"": ""LEADS_TO"", ""object"": ""unsafe_perception"", ""evidence"": ""The captain's failure to maintain the appropriate airspeed and pitch attitude during landing which resulted in a tailstrike.""}]",success
20240110193637,"[{""text"": ""Delayed action-Copilot"", ""role"": ""Copilot"", ""tier"": ""unsafe_decision""}]","{""unsafe_decision"": [""The first officer was pilot flying and stated he began the flare slightly late.""]}","[{""subject"": ""unsafe_decision"", ""relation"": ""LEADS_TO"", ""object"": ""unsafe_perception"", ""evidence"": ""Delayed action-Copilot LEADS_TO The flight crew was not aware the airplane's tail had impacted the runway until the ground crew at the gate notified them.""}]",success
20140507X51410,"[{""text"": ""the tray had obscured her view of the floor"", ""role"": ""Flight attendant"", ""tier"": ""unsafe_skill""}]","{""operator_mental"": [""Loss of Situational Awareness - Flight Attendant""], ""operator_physical"": [""Physical Fatigue - Flight Attendant""], ""personnel_crm"": [""Failed to Communicate - Lead Flight Attendant""], ""unsafe_skill"": [""the tray had obscured her view of the floor - Flight attendant""]}","[{""subject"": ""unsafe_skill"", ""relation"": ""LEADS_TO"", ""object"": ""unsafe_perception"", ""evidence"": ""the tray had obscured her view of the floor""}]",success
20230911193031,"[{""text"": ""Omitted safety harness use"", ""role"": ""Flight attendant"", ""tier"": ""unsafe_skill""}]","{""unsafe_skill"": [""Omitted safety harness use - Flight attendant""]}","[{""subject"": ""unsafe_skill"", ""relation"": ""CO_OCCURS_WITH"", ""object"": ""unsafe_decision"", ""evidence"": ""Omitted safety harness use LEADS_TO Inadvertent encounter with convectively induced turbulence (CIT) during descent.""}]",success
20190301X50148,"[{""text"": ""encountered moderate to severe clear air turbulence about FL310, which lasted about 10 to15 seconds"", ""role"": ""flight crew"", ""tier"": ""unsafe_skill""}]","{""operator_mental"": [""Loss of Situational Awareness - Captain"", ""Complacency - First Officer""], ""personnel_crm"": [""Failed to Communicate - Captain""], ""operator_limits"": [""Insufficient Reaction Time - Flight Attendants""], ""unsafe_skill"": [""Encountered moderate to severe clear air turbulence (flight crew)""]}","[{""subject"": ""unsafe_skill"", ""relation"": ""CO_OCCURS_WITH"", ""object"": ""unsafe_decision"", ""evidence"": ""The flight crew encountered moderate to severe clear air turbulence about FL310, which lasted about 10 to15 seconds.""}]",success
20240809194882,[],{},[],parse_error
20240718194718,"[{""text"": ""Inadvertent aggressive application of the brakes during taxi which resulted in a sudden stop."", ""role"": ""Captain"", ""tier"": ""unsafe_skill""}]","{""unsafe_skill"": [""Inadvertent aggressive application of the brakes during taxi which resulted in a sudden stop - Captain""]}","[{""subject"": ""unsafe_skill"", ""relation"": ""LEADS_TO"", ""object"": ""unsafe_decision"", ""evidence"": ""Inadvertent aggressive application of the brakes during taxi which resulted in a sudden stop.""}]",success
20170523X15143,"[{""text"": ""Inadvertently seated without seatbelt fastened (flight attendant)"", ""role"": ""flight attendant"", ""tier"": ""unsafe_skill""}]","{""operator_mental"": [""Loss of Situational Awareness - Flight Attendant"", ""Complacency - Flight Attendant""], ""operator_physical"": [""Physical Fatigue - Flight Attendant""], ""personnel_crm"": [""Failed to Follow Procedures - Flight Attendant""], ""unsafe_skill"": [""Inadvertently seated without seatbelt fastened (flight attendant)""]}","[{""subject"": ""unsafe_skill"", ""relation"": ""LEADS_TO"", ""object"": ""unsafe_perception"", ""evidence"": ""Inadvertently seated without seatbelt fastened (flight attendant) CO_OCCURS_WITH an encounter with convective turbulence.""}]",success
20140826X64917,"[{""text"": ""Inadvertent Flight Control Use"", ""role"": ""Flight crew"", ""tier"": ""unsafe_skill""}]","{""operator_mental"": [""Loss of Situational Awareness - Flight crew""], ""personnel_crm"": [""Failed to Communicate - Flight attendants""], ""unsafe_skill"": [""Inadvertent Flight Control Use - Flight crew""]}","[{""subject"": ""unsafe_skill"", ""relation"": ""CO_OCCURS_WITH"", ""object"": ""unsafe_decision"", ""evidence"": ""The airplane's inadvertent encounter with wake turbulence during cruise flight, which resulted in a serious injury to a flight attendant.""}]",success
20020204X00171,"[{""text"": ""Failure of the pilot of the other airplane to maintain clearance."", ""role"": ""Captain of Turkish Airlines flight 6"", ""tier"": ""unsafe_decision""}]","{""unsafe_decision"": [""Failure of the pilot of the other airplane to maintain clearance.""]}","[{""subject"": ""unsafe_decision"", ""relation"": ""LEADS_TO"", ""object"": ""unsafe_perception"", ""evidence"": ""Failure of the pilot of the other airplane to maintain clearance.""}, {""subject"": ""unsafe_skill"", ""relation"": ""CO_OCCURS_WITH"", ""object"": ""unsafe_decision"", ""evidence"": ""Factors relating to this accident were the snow-covered taxiways and the ground controller disregarding the captain's warning of the unsafe/hazardous situation of being unable to taxi around the Northwest Airlines DC-9 airplane.""}]",success
20180727X04921,"[{""text"": ""Omitted Checklist Step - First Officer"", ""role"": ""Pilot Flying (FO)"", ""tier"": ""unsafe_skill""}]","{""operator_mental"": [""Loss of Situational Awareness - Pilot Flying""], ""operator_physical"": [""Fatigue - First Officer""], ""personnel_crm"": [""Failed to Communicate - Check Airman (Captain)""], ""unsafe_skill"": [""Omitted Checklist Step - First Officer""]}","[{""subject"": ""unsafe_skill"", ""relation"": ""CO_OCCURS_WITH"", ""object"": ""personnel_crm"", ""evidence"": ""The first officer was the pilot flying and was completing his first operational evaluation.""}, {""subject"": ""unsafe_skill"", ""relation"": ""LEADS_TO"", ""object"": ""unsafe_perception"", ""evidence"": ""The improper landing flare technique and the lack of the appropriate bounced landing recovery procedure led to the airplane touching down with limited flare.""}]",success
20160811X81653,"[{""text"": ""problems with the handbrake and jumped the chock, impacting the airplane."", ""role"": ""Ground crew"", ""tier"": ""unsafe_skill""}]","{""operator_mental"": [""Loss of Situational Awareness - Ground Crew""], ""personnel_crm"": [""Failed to Communicate - Ground Crew""], ""operator_physical"": [""Physical Fatigue - Ground Crew""], ""unsafe_skill"": [""problems with the handbrake and jumped the chock, impacting the airplane.""]}","[{""subject"": ""unsafe_skill"", ""relation"": ""CO_OCCURS_WITH"", ""object"": ""unsafe_violation"", ""evidence"": ""problems with the handbrake and jumped the chock, impacting the airplane.""}]",success
20211025104161,"[{""text"": ""miscommunication due to the captain's interpretation/understanding of the push-tug operator's instructions"", ""role"": ""Captain"", ""tier"": ""unsafe_skill""}]","{""unsafe_skill"": [""miscommunication due to the captain's interpretation/understanding of the push-tug operator's instructions - Captain""]}","[{""subject"": ""unsafe_skill"", ""relation"": ""CO_OCCURS_WITH"", ""object"": ""operator_physical"", ""evidence"": ""An abrupt jerk of the airplane as the captain applied the parking brake during the tow that caused a flight attendant to fall and break her wrist.""}]",success
20220901105843,"[{""text"": ""Awareness of condition - Captain"", ""role"": ""Captain"", ""tier"": ""unsafe_skill""}, {""text"": ""Effect on personnel - Flight Attendant"", ""role"": ""Flight Attendant"", ""tier"": ""unsafe_skill""}]","{""operator_mental"": [""Loss of Situational Awareness - Captain""], ""operator_physical"": [""Physical Fatigue - Flight Attendant""], ""personnel_crm"": [""Failed to Communicate - Captain""], ""unsafe_skill"": [""Awareness of condition - Captain"", ""Effect on personnel - Flight Attendant""]}","[{""subject"": ""unsafe_skill"", ""relation"": ""CO_OCCURS_WITH"", ""object"": ""unsafe_skill"", ""evidence"": ""The captain conducted a preflight briefing with the FA and advised of the possibility of light to moderate chop, mainly below 12,000 feet, during the descent into the Detroit area.""}, {""subject"": ""unsafe_skill"", ""relation"": ""LEADS_TO"", ""object"": ""unsafe_perception"", ""evidence"": ""The aircraft encountered light turbulence with a few encounters of moderate turbulence for about a minute.""}]",success
20191030X64711,[],"{""operator_mental"": [""Loss of Situational Awareness - Flight crew""], ""personnel_crm"": [""Failed to Communicate - Flight crew""], ""situational_tech"": [""Equipment Design - Bird Strike Mitigation System Absent""], ""unsafe_decision"": [""Decided to continue flight after bird strike - Pilot""]}","[{""subject"": ""unsafe_decision"", ""relation"": ""LEADS_TO"", ""object"": ""unsafe_violation"", ""evidence"": ""decided to continue to Seattle/Tacoma International Airport (KSEA), Seattle, Washington""}]",success
20111018X03714,"[{""text"": ""Adequate Control of Tug Not Maintained - Tug Driver"", ""role"": ""Tug Driver"", ""tier"": ""unsafe_skill""}]","{""operator_mental"": [""Loss of Situational Awareness - Ground crew""], ""operator_limits"": [""Insufficient Reaction Time - Tug driver""], ""unsafe_skill"": [""Adequate Control of Tug Not Maintained - Tug Driver""]}","[{""subject"": ""unsafe_skill"", ""relation"": ""LEADS_TO"", ""object"": ""unsafe_decision"", ""evidence"": ""The tug driver's inadequate control of the tug while maneuvering the airplane during pushback.""}]",success
20150523X13659,"[{""text"": ""Failed to Prioritize Attention - Flight attendant"", ""role"": ""Flight attendant"", ""tier"": ""unsafe_skill""}]","{""operator_mental"": [""Loss of Situational Awareness - Flight attendant""], ""operator_physical"": [""Physical Fatigue - Flight attendant""], ""personnel_crm"": [""Failed to Communicate - Flight attendant""], ""unsafe_skill"": [""Failed to prioritize attention - Flight attendant""]}","[{""subject"": ""unsafe_skill"", ""relation"": ""LEADS_TO"", ""object"": ""unsafe_perception"", ""evidence"": ""the flight attendant's failure to secure her lap belt and shoulder harness prior to the takeoff that resulted in her being thrown from her jumpseat shortly after takeoff.""}]",success
20190205X55712,"[{""text"": ""Encountered moderate to severe clear air turbulence"", ""role"": ""Flight crew"", ""tier"": ""unsafe_perception""}]","{""unsafe_perception"": [""Misjudged Distance/Altitude/Airspeed""]}","[{""subject"": ""unsafe_perception"", ""relation"": ""CO_OCCURS_WITH"", ""object"": ""unsafe_decision"", ""evidence"": ""Encountered moderate to severe clear air turbulence""}]",success
20211005104043,"[{""text"": ""improper landing flare, which resulted in an excessive sink rate and subsequent hard landing"", ""role"": ""Pilot"", ""tier"": ""unsafe_skill""}]","{""unsafe_skill"": [""improper landing flare, which resulted in an excessive sink rate and subsequent hard landing (captain)""]}",[],success
20210210102620,"[{""text"": ""Inadvertent Flight Control Use"", ""role"": ""First Officer (Pilot Flying)"", ""tier"": ""unsafe_skill""}]","{""operator_mental"": [""Loss of Situational Awareness - Flight crew""], ""personnel_crm"": [""Failed to Communicate - Captain"", ""Failed to Back-up - Captain""], ""situational_tech"": [""Misleading Autopilot Mode Annunciations - Pilot Flying (First Officer)""], ""unsafe_skill"": [""Inadvertent Flight Control Use - First Officer (Pilot Flying)""]}","[{""subject"": ""unsafe_skill"", ""relation"": ""LEADS_TO"", ""object"": ""operator_physical"", ""evidence"": ""An abrupt flight control input by the flight crew during descent that caused a flight attendant to fall and fracture their ankle.""}]",success
20091029X02444,"[{""text"": ""Encountered unforecasted turbulence between 10,000 and 18,000 feet msl"", ""role"": ""pilot"", ""tier"": ""unsafe_perception""}]","{""unsafe_perception"": [""Misjudged Distance/Altitude/Airspeed - pilot""]}","[{""subject"": ""unsafe_perception"", ""relation"": ""LEADS_TO"", ""object"": ""unsafe_decision"", ""evidence"": ""Encountered unforecasted turbulence between 10,000 and 18,000 feet msl""}]",success
20070313X00281,"[{""text"": ""Omitted Checklist Step"", ""role"": ""Flight Crew"", ""tier"": ""unsafe_skill""}]","{""unsafe_skill"": [""Omitted Checklist Step - Flight Crew""]}","[{""subject"": ""unsafe_skill"", ""relation"": ""CO_OCCURS_WITH"", ""object"": ""unsafe_decision"", ""evidence"": ""Omitted Checklist Step""}, {""subject"": ""unsafe_violation"", ""relation"": ""LEADS_TO"", ""object"": ""unsafe_perception"", ""evidence"": ""Fracturing of the aircraft windscreens due to impact with foreign object debris (FOD). Contributing to the event was the high, gusty surface winds.""}]",success
20190311X61805,"[{""text"": ""Failed to maintain separation with the airplane stopped on the taxiway."", ""role"": ""Pilot of B737"", ""tier"": ""unsafe_decision""}]","{""unsafe_decision"": [""Failed to maintain separation with the airplane stopped on the taxiway.""]}","[{""subject"": ""unsafe_decision"", ""relation"": ""LEADS_TO"", ""object"": ""unsafe_violation"", ""evidence"": ""Failed to maintain separation with the airplane stopped on the taxiway.""}]",success
20191227X84547,"[{""text"": ""stopped abruptly to avoid it"", ""role"": ""flight crew"", ""tier"": ""unsafe_skill""}]","{""operator_mental"": [""Loss of Situational Awareness - Flight Crew""], ""personnel_crm"": [""Failed to Communicate - Flight Crew"", ""Misinterpretation of Traffic Calls - Flight Crew""], ""situational_tech"": [""Equipment Design - Ground Control Communication""], ""unsafe_skill"": [""Stopped abruptly to avoid another aircraft (flight crew)""]}","[{""subject"": ""unsafe_skill"", ""relation"": ""CO_OCCURS_WITH"", ""object"": ""unsafe_decision"", ""evidence"": ""stopped abruptly to avoid it""}]",success
20190311X35306,"[{""text"": ""failure of the ground crew to maintain visual separation and avoid the holding aircraft."", ""role"": ""Ground Crew"", ""tier"": ""unsafe_skill""}]","{""unsafe_skill"": [""failure of the ground crew to maintain visual separation and avoid the holding aircraft.""]}","[{""subject"": ""unsafe_skill"", ""relation"": ""CO_OCCURS_WITH"", ""object"": ""unsafe_decision"", ""evidence"": ""failure of the ground crew to maintain visual separation and avoid the holding aircraft.""}]",success
20070601X00676,"[{""text"": ""The senior ground agent's actions were contrary to published guidance in the company's training handbook and operation manual."", ""role"": ""Ground Agent"", ""tier"": ""unsafe_violation""}]","{""unsafe_violation"": [""The senior ground agent's actions were contrary to published guidance in the company's training handbook and operation manual.""]}","[{""subject"": ""unsafe_violation"", ""relation"": ""LEADS_TO"", ""object"": ""unsafe_decision"", ""evidence"": ""The senior ground agent's failure to follow written procedures and directives.""}]",success
20150824X02325,"[{""text"": ""Incorrect use/operation - C"", ""role"": ""Ground operations specialist"", ""tier"": ""unsafe_violation""}]","{""operator_mental"": [""Loss of Situational Awareness - Ground Operations Specialist""], ""operator_physical"": [""Physical Fatigue - Ground Operations Specialist""], ""personnel_crm"": [""Failed to Communicate - Ground Operations Specialist""], ""unsafe_violation"": [""One of their golf carts was parked near the rear of aircraft.""]}",[],success
20110930X20857,"[{""text"": ""The air was relatively smooth, and that radar returns indicated that the airplane was greater than 20 miles from any significant weather."", ""role"": ""Captain"", ""tier"": ""unsafe_decision""}]","{""operator_physical"": [""Physical Fatigue - Captain""], ""operator_mental"": [""Loss of Situational Awareness - Captain"", ""Complacency - Cabin Attendant""], ""personnel_crm"": [""Failed to Communicate - Captain""], ""unsafe_decision"": [""Misdiagnosed Emergency-Captain""]}","[{""subject"": ""unsafe_decision"", ""relation"": ""CO_OCCURS_WITH"", ""object"": ""situational_tech"", ""evidence"": ""The air was relatively smooth, and that radar returns indicated that the airplane was greater than 20 miles from any significant weather.""}]",success
20150422X71127,[],"{""operator_mental"": [""Loss of Situational Awareness - Pilot""], ""situational_tech"": [""Inadequate Aircraft Systems - Pilot""], ""unsafe_perception"": [""Misjudged Distance/Altitude/Airspeed - Flight crew""]}","[{""subject"": ""unsafe_decision"", ""relation"": ""LEADS_TO"", ""object"": ""unsafe_violation"", ""evidence"": ""The flight crew reported no warnings or adverse flight characteristics and subsequently conducted an uneventful landing.""}]",success
20110912X61152,"[{""text"": ""The passenger's decision to ignore the fasten seatbelt sign"", ""role"": ""Passenger"", ""tier"": ""unsafe_decision""}]","{""operator_mental"": [""Loss of Situational Awareness - Passenger""], ""operator_physical"": [""Physical Fatigue - Captain""], ""personnel_crm"": [""Failed to Communicate - Captain""], ""unsafe_decision"": [""The passenger's decision to ignore the fasten seatbelt sign - Passenger""]}","[{""subject"": ""unsafe_decision"", ""relation"": ""LEADS_TO"", ""object"": ""unsafe_violation"", ""evidence"": ""The passenger's decision to ignore the fasten seatbelt sign, resulting in serious injury to the passenger during a turbulence encounter.""}]",success
20190816X35649,"[{""text"": ""Inadvertent encounter with clear air turbulence"", ""role"": ""Air Traffic Controller"", ""tier"": ""unsafe_perception""}]","{""unsafe_perception"": [""Misjudged Distance/Altitude/Airspeed""]}","[{""subject"": ""unsafe_perception"", ""relation"": ""LEADS_TO"", ""object"": ""unsafe_decision"", ""evidence"": ""an inadvertent encounter with clear air turbulence.""}]",success
20240106193617,"[{""text"": ""Boeing Commercial Airplanes' failure to provide adequate training, guidance, and oversight necessary to ensure that manufacturing personnel could consistently and correctly comply with its parts removal process"", ""role"": ""Manufacturer"", ""tier"": ""unsafe_skill""}]","{""unsafe_skill"": [""Boeing Commercial Airplanes' failure to provide adequate training, guidance, and oversight necessary to ensure that manufacturing personnel could consistently and correctly comply with its parts removal process""]}","[{""subject"": ""unsafe_skill"", ""relation"": ""CO_OCCURS_WITH"", ""object"": ""unsafe_violation"", ""evidence"": ""Boeing Commercial Airplanes' failure to provide adequate training, guidance, and oversight necessary to ensure that manufacturing personnel could consistently and correctly comply with its parts removal process""}]",success
20001212X21365,"[{""text"": ""The pilot's inadequate evaluation of weather information, and his delay in taking remedial action that resulted in the in-flight encounter with severe weather."", ""role"": ""pilot"", ""tier"": ""unsafe_decision""}]","{""unsafe_decision"": [""The pilot's inadequate evaluation of weather information, and his delay in taking remedial action that resulted in the in-flight encounter with severe weather.""]}","[{""subject"": ""unsafe_decision"", ""relation"": ""LEADS_TO"", ""object"": ""unsafe_perception"", ""evidence"": ""The pilot's inadequate evaluation of weather information, and his delay in taking remedial action that resulted in the in-flight encounter with severe weather.""}]",success
20111020X14740,"[{""text"": ""Passenger - C; Environmental issues-Conditions/weather/phenomena-Turbulence-(general)-Effect on operation"", ""role"": ""Passenger"", ""tier"": ""unsafe_skill""}]","{""unsafe_skill"": [""The passenger's lack of compliance with the illuminated seatbelt sign, which resulted in her injury during a turbulence encounter""]}","[{""subject"": ""unsafe_skill"", ""relation"": ""CO_OCCURS_WITH"", ""object"": ""unsafe_violation"", ""evidence"": ""The passenger's lack of compliance with the illuminated seatbelt sign, which resulted in her injury during a turbulence encounter.""}]",success
20241125195541,"[{""text"": ""Not Current/Qualified - Flight Crew"", ""role"": ""Flight Crew"", ""tier"": ""unsafe_violation""}]","{""unsafe_violation"": [""Failed to Prepare for Flight - The flight crew noted an area of weather instability north of S\u00e3o Paulo but did not take additional precautions or prepare adequately for potential turbulence.""]}","[{""subject"": ""unsafe_violation"", ""relation"": ""LEADS_TO"", ""object"": ""unsafe_decision"", ""evidence"": ""The flight crew encountered unanticipated moderate turbulence while operating from S\u00e3o Paulo/Guarulhos International Airport (SBGR), S\u00e3o Paulo, Brazil to Miami International Airport (KMIA), Miami, Florida on a scheduled international passenger flight.""}]",success
20110417X11718,"[{""text"": ""Unable to maintain their balance"", ""role"": ""Flight Attendants"", ""tier"": ""unsafe_skill""}]","{""unsafe_skill"": [""Unable to maintain their balance - Flight Attendants""]}","[{""subject"": ""unsafe_skill"", ""relation"": ""CO_OCCURS_WITH"", ""object"": ""unsafe_decision"", ""evidence"": ""Unable to maintain their balance CO OCCURS_WITH the decision to secure the cabin and take seats due to anticipated turbulence.""}]",success
20220811105714,"[{""text"": ""Applied too much aft pressure on the yoke"", ""role"": ""First Officer"", ""tier"": ""unsafe_skill""}]","{""unsafe_skill"": [""Applied too much aft pressure on the yoke - First Officer""]}",[],success
20230804192791,"[{""text"": ""Inappropriate Maneuver"", ""role"": ""Flight crew"", ""tier"": ""unsafe_decision""}]","{""unsafe_decision"": [""Inappropriate Maneuver - Flight crew""]}",[],success
20010108X00063,"[{""text"": ""The flightcrew was unable to pressurize the passenger cabin, and elected to divert the flight to another airport"", ""role"": ""pilot"", ""tier"": ""unsafe_decision""}]","{""unsafe_decision"": [""Misdiagnosed Emergency: The flightcrew misdiagnosed the situation as a pressurization issue, leading to the decision to divert.""]}",[],success
20180816X41010,"[{""text"": ""The captain's improper control of the airplane during the landing flare."", ""role"": ""Pilot - Captain"", ""tier"": ""unsafe_skill""}]","{""operator_mental"": [""Loss of Situational Awareness - Pilot"", ""Complacency - Pilot""], ""operator_physical"": [""Fatigue - Pilot""], ""personnel_crm"": [""Failed to Communicate - Captain""], ""unsafe_skill"": [""The captain's improper control of the airplane during the landing flare - Pilot - Captain""]}","[{""subject"": ""unsafe_skill"", ""relation"": ""CO_OCCURS_WITH"", ""object"": ""operator_physical"", ""evidence"": ""The captain's improper control of the airplane during the landing flare.""}]",success
20070510X00542,"[{""text"": ""Improper procedure"", ""role"": ""Maintenance crew"", ""tier"": ""unsafe_decision""}]","{""unsafe_decision"": [""Improper procedure: Omission of one pin, one nut, and one washer during the overhaul of the horizontal stabilizer chain drive unit drive assembly by maintenance crew.""]}","[{""subject"": ""unsafe_decision"", ""relation"": ""LEADS_TO"", ""object"": ""unsafe_violation"", ""evidence"": ""The improper overhaul of the horizontal stabilizer chain drive unit drive assembly.""}]",success
20130515X53650,"[{""text"": ""The B FA was pushing two galley carts simultaneously"", ""role"": ""Cabin crew - F"", ""tier"": ""unsafe_decision""}]","{""operator_mental"": [""Task Saturation - Cabin crew - F""], ""personnel_crm"": [""Failed to Communicate - Cabin crew - F""], ""unsafe_decision"": [""The B FA was pushing two galley carts simultaneously-Cabin crew - F""]}","[{""subject"": ""unsafe_decision"", ""relation"": ""LEADS_TO"", ""object"": ""unsafe_violation"", ""evidence"": ""The B FA was pushing two galley carts simultaneously that resulted in the second cart tipping over onto her foot.""}]",success
20081003X16303,"[{""text"": ""Inadvertent Flight Control Use - Flight crew"", ""role"": ""Flight crew"", ""tier"": ""unsafe_skill""}]","{""operator_mental"": [""Loss of Situational Awareness - Flight crew""], ""operator_limits"": [""Insufficient Reaction Time - Flight crew""], ""situational_tech"": [""Automation - Flight crew""], ""unsafe_skill"": [""Inadvertent Flight Control Use - Flight crew""]}","[{""subject"": ""unsafe_skill"", ""relation"": ""CO_OCCURS_WITH"", ""object"": ""unsafe_perception"", ""evidence"": ""The autopilot disconnected and was immediately reactivated by the flight crew during the turbulence encounter.""}]",success
20120612X01249,"[{""text"": ""lifted and dropped back to the floor"", ""role"": ""Flight attendant"", ""tier"": ""unsafe_skill""}]","{""operator_mental"": [""Loss of Situational Awareness - Flight crew""], ""operator_physical"": [""Physical Fatigue - Flight attendant""], ""personnel_crm"": [""Failed to Communicate - Flight crew""], ""unsafe_skill"": [""lifted and dropped back to the floor (flight attendant)""]}","[{""subject"": ""unsafe_skill"", ""relation"": ""CO_OCCURS_WITH"", ""object"": ""operator_physical"", ""evidence"": ""lifted and dropped back to the floor""}]",success
20130517X14847,"[{""text"": ""did not notice that the jumpseat had not stowed automatically and she tripped and fell when she reached over the seat to disarm the main door after arrival at the gate"", ""role"": ""Flight Attendant"", ""tier"": ""unsafe_skill""}]","{""operator_mental"": [""Loss of Situational Awareness - Flight Attendant""], ""operator_physical"": [""Physical Fatigue - Flight Attendant""], ""unsafe_skill"": [""Breakdown in Visual Scan - Flight Attendant""]}","[{""subject"": ""unsafe_skill"", ""relation"": ""LEADS_TO"", ""object"": ""unsafe_perception"", ""evidence"": ""did not notice that the jumpseat had not stowed automatically and she tripped and fell when she reached over the seat to disarm the main door after arrival at the gate""}]",success
20181016X60635,[],{},[],parse_error
20040719X01004,"[{""text"": ""could not recall if the cowl doors were fully latched"", ""role"": ""Mechanic"", ""tier"": ""unsafe_skill""}]","{""unsafe_skill"": [""could not recall if the cowl doors were fully latched - Mechanic""]}","[{""subject"": ""unsafe_skill"", ""relation"": ""CO_OCCURS_WITH"", ""object"": ""operator_physical"", ""evidence"": ""Mechanic, could not recall if the cowl doors were fully latched""}]",success
20081003X17330,"[{""text"": ""The flying pilot's excessive angle of attack during the landing flare resulting in abnormal runway contact."", ""role"": ""Pilot"", ""tier"": ""unsafe_skill""}]","{""operator_mental"": [""Loss of Situational Awareness - FO"", ""Complacency - FO""], ""situational_tech"": [""Incorrect Use/Operation of Flight Controls - FO""], ""unsafe_skill"": [""The flying pilot's excessive angle of attack during the landing flare resulting in abnormal runway contact - Pilot""]}","[{""subject"": ""unsafe_skill"", ""relation"": ""LEADS_TO"", ""object"": ""unsafe_perception"", ""evidence"": ""The flying pilot's excessive angle of attack during the landing flare resulting in abnormal runway contact.""}]",success
20220718105497,"[{""text"": ""The aircraft hit the ground with such force that she thought the plane had crashed."", ""role"": ""Flight attendant"", ""tier"": ""unsafe_perception""}]","{""operator_physical"": [""Physical Fatigue - Flight attendant""], ""operator_mental"": [""Loss of Situational Awareness - Flight crew"", ""Complacency - Flight crew""], ""personnel_crm"": [""Failed to Communicate - Flight crew (to flight attendant)""], ""unsafe_perception"": [""Misjudged Distance/Altitude/Airspeed""]}","[{""subject"": ""unsafe_perception"", ""relation"": ""LEADS_TO"", ""object"": ""unsafe_decision"", ""evidence"": ""The aircraft hit the ground with such force that she thought the plane had crashed.""}]",success
20091223X50505,"[{""text"": ""Closed his eyes briefly and fell asleep"", ""role"": ""fuel truck driver"", ""tier"": ""unsafe_skill""}]","{""operator_mental"": [""Loss of Situational Awareness - Fueler""], ""operator_physical"": [""Fatigue / Impairment - Fueler""], ""unsafe_skill"": [""Closed his eyes briefly and fell asleep (fuel truck driver)""]}","[{""subject"": ""unsafe_skill"", ""relation"": ""LEADS_TO"", ""object"": ""unsafe_decision"", ""evidence"": ""Closed his eyes briefly and fell asleep""}]",success
20241211199406,"[{""text"": ""thrown to the floor, impacting her head, wrist, and buttocks."", ""role"": ""flight attendant"", ""tier"": ""unsafe_skill""}]","{""unsafe_skill"": [""Thrown to the floor, impacting her head, wrist, and buttocks.""]}","[{""subject"": ""unsafe_skill"", ""relation"": ""CO_OCCURS_WITH"", ""object"": ""operator_physical"", ""evidence"": ""thrown to the floor, impacting her head, wrist, and buttocks.""}]",success
20221117106309,"[{""text"": ""The captain pitched up to avoid an overspeed condition."", ""role"": ""Captain"", ""tier"": ""unsafe_skill""}]","{""operator_mental"": [""Loss of Situational Awareness - Captain"", ""Complacency - Copilot""], ""situational_tech"": [""Incorrect Use/Operation - Autopilot Mode Annunciations - Captain and Copilot""], ""personnel_crm"": [""Failed to Communicate - Captain and Copilot""], ""unsafe_skill"": [""The captain pitched up to avoid an overspeed condition.""]}","[{""subject"": ""unsafe_skill"", ""relation"": ""LEADS_TO"", ""object"": ""unsafe_decision"", ""evidence"": ""The captain's pitch up input to avoid an overspeed condition, which resulted in a flight attendant falling and fracturing her ankle.""}, {""subject"": ""unsafe_violation"", ""relation"": ""CO_OCCURS_WITH"", ""object"": ""unsafe_skill"", ""evidence"": ""The airplane's excessive airspeed during the transition to the automation-managed descent profile.""}]",success
20121018X62210,"[{""text"": ""tripped over a passenger's leg that was protruding into the isle"", ""role"": ""Flight attendant"", ""tier"": ""unsafe_skill""}]","{""operator_physical"": [""Physical Fatigue - Flight attendant""], ""personnel_crm"": [""Failed to Communicate - Flight attendant""], ""unsafe_skill"": [""tripped over a passenger's leg that was protruding into the isle - Flight attendant""]}","[{""subject"": ""unsafe_skill"", ""relation"": ""CO_OCCURS_WITH"", ""object"": ""operator_physical"", ""evidence"": ""tripped over a passenger's leg that was protruding into the isle""}]",success
20190619X25315,"[{""text"": ""Early initiation of landing flare that resulted in a high pitch attitude and tailstrike."", ""role"": ""Flight crew"", ""tier"": ""unsafe_skill""}]","{""operator_mental"": [""Loss of Situational Awareness-Copilot"", ""Haste-Copilot""], ""personnel_crm"": [""Failed to Communicate-Captain""], ""operator_limits"": [""Insufficient Reaction Time-Copilot""], ""unsafe_skill"": [""Early initiation of landing flare that resulted in a high pitch attitude and tailstrike - Flight crew""]}","[{""subject"": ""unsafe_skill"", ""relation"": ""LEADS_TO"", ""object"": ""unsafe_perception"", ""evidence"": ""Early initiation of landing flare that resulted in a high pitch attitude and tailstrike.""}]",success
20210628103350,"[{""text"": ""Inadvertent Flight Control Use"", ""role"": ""Captain (PF)"", ""tier"": ""unsafe_skill""}]","{""unsafe_skill"": [""Inadvertent Flight Control Use - Captain (PF)""]}","[{""subject"": ""unsafe_skill"", ""relation"": ""LEADS_TO"", ""object"": ""unsafe_perception"", ""evidence"": ""Inadvertent Flight Control Use LEADS_TO An inadvertent encounter with severe turbulence during cruise flight that caused a flight attendant to fall and fracture his ankle.""}]",success
20220915105950,"[{""text"": ""Misjudged Distance/Altitude/Airspeed"", ""role"": ""Pilot of SWA2659"", ""tier"": ""unsafe_perception""}]","{""operator_mental"": [""Loss of Situational Awareness - Captain"", ""Complacency - Captain""], ""personnel_crm"": [""Failed to Communicate - Captain and First Officer""], ""situational_tech"": [""Incompatible Intelligence/Aptitude - Captain and First Officer""], ""unsafe_perception"": [""Misjudged Distance/Altitude/Airspeed - Pilot of SWA2659""]}","[{""subject"": ""unsafe_perception"", ""relation"": ""LEADS_TO"", ""object"": ""unsafe_decision"", ""evidence"": ""Southwest Airlines flight crew's misjudgment of the distance required to safely pass the American Airlines airplane.""}]",success
20200211X10757,"[{""text"": ""Noticed a large object 'moving right to left at a good speed'"", ""role"": ""pilot"", ""tier"": ""Unsafe Skill""}]","{""unsafe_skill"": [""Noticed a large object 'moving right to left at a good speed' (pilot)""]}","[{""subject"": ""unsafe_skill"", ""relation"": ""CO_OCCURS_WITH"", ""object"": ""operator_physical"", ""evidence"": ""Noticed a large object 'moving right to left at a good speed'""}]",success
20110730X60307,"[{""text"": ""The Captain kept the seatbelt sign illuminated, but advised the cabin crew that they could begin service at their own discretion."", ""role"": ""Captain"", ""tier"": ""unsafe_decision""}]","{""unsafe_decision"": [""The Captain kept the seatbelt sign illuminated, but advised the cabin crew that they could begin service at their own discretion.""]}","[{""subject"": ""unsafe_decision"", ""relation"": ""CO_OCCURS_WITH"", ""object"": ""situational_tech"", ""evidence"": ""The Captain kept the seatbelt sign illuminated, but advised the cabin crew that they could begin service at their own discretion.""}]",success
20210826103756,"[{""text"": ""Omitted Checklist Step - First Officer"", ""role"": ""First Officer"", ""tier"": ""unsafe_skill""}]","{""unsafe_skill"": [""Omitted Checklist Step - First Officer""]}","[{""subject"": ""unsafe_skill"", ""relation"": ""CO_OCCURS_WITH"", ""object"": ""operator_physical"", ""evidence"": ""The flight attendant was taken to the hospital where she was diagnosed with a fractured kneecap.""}]",success
20151130X61148,"[{""text"": ""encountered severe turbulence on descent to St. Louis Lambert International Airport (STL)"", ""role"": ""pilot"", ""tier"": ""unsafe_perception""}]","{""unsafe_perception"": [""Misjudged Distance/Altitude/Airspeed""]}","[{""subject"": ""unsafe_perception"", ""relation"": ""CO_OCCURS_WITH"", ""object"": ""unsafe_decision"", ""evidence"": ""encountered severe turbulence on descent to St. Louis Lambert International Airport (STL)""}]",success
20071231X02013,"[{""text"": ""The captain was advised that the business class lavatory sinks were overflowing about 4 hours into the flight. He decided to close the affected lavatories for the remainder of the flight."", ""role"": ""Crew"", ""tier"": ""unsafe_skill""}, {""text"": ""The captain elected to continue the approach, noting that the presence of a high broken cloud layer would still give them sufficient time to transition to a visual approach and land safely."", ""role"": ""Crew"", ""tier"": ""unsafe_decision""}]","{""unsafe_skill"": [""The captain decided to continue the approach despite the indications of multiple problems with the airplane (Crew)""], ""unsafe_decision"": [""The captain elected to continue the approach, noting that the presence of a high broken cloud layer would still give them sufficient time to transition to a visual approach and land safely (Crew)""]}","[{""subject"": ""unsafe_skill"", ""relation"": ""LEADS_TO"", ""object"": ""unsafe_decision"", ""evidence"": ""The captain elected to continue the approach, noting that the presence of a high broken cloud layer would still give them sufficient time to transition to a visual approach and land safely.""}]",success
20140828X43935,"[{""text"": ""The capabilities of the beverage cart were exceeded which resulted in the cart toppling over and fracturing the flight attendant's foot."", ""role"": ""Flight Attendant"", ""tier"": ""unsafe_decision""}]","{""unsafe_decision"": [""Exceeded Ability - Flight Attendant""]}","[{""subject"": ""unsafe_decision"", ""relation"": ""LEADS_TO"", ""object"": ""unsafe_perception"", ""evidence"": ""the capabilities of the beverage cart were exceeded which resulted in the cart toppling over and fracturing the flight attendant's foot.""}]",success
20110628X11855,"[{""text"": ""Failed to Prioritize Attention"", ""role"": ""Cabin crew"", ""tier"": ""unsafe_decision""}]","{""operator_mental"": [""Loss of Situational Awareness - Captain"", ""Complacency - Cabin Crew""], ""personnel_crm"": [""Failed to Communicate - Captain""], ""unsafe_decision"": [""Failed to prioritize attention - Cabin crew""]}","[{""subject"": ""unsafe_decision"", ""relation"": ""LEADS_TO"", ""object"": ""unsafe_perception"", ""evidence"": ""The in-flight encounter with convective turbulence, resulting in an injury to a cabin attendant.""}]",success
20180228X30813,"[{""text"": ""One flight attendant was thrown against the 4R door, striking her head and back."", ""role"": ""Flight Attendant"", ""tier"": ""Unsafe Skill""}]","{""unsafe_skill"": [""One flight attendant was thrown against the 4R door, striking her head and back.""]}","[{""subject"": ""unsafe_skill"", ""relation"": ""CO_OCCURS_WITH"", ""object"": ""operator_physical"", ""evidence"": ""One flight attendant was thrown against the 4R door, striking her head and back.""}]",success
20001220X45467,"[{""text"": ""Instructed flight attendants to remain seated during turbulence"", ""role"": ""Flight crew"", ""tier"": ""unsafe_decision""}]","{""unsafe_decision"": [""Instructed flight attendants to remain seated during turbulence""]}","[{""subject"": ""unsafe_decision"", ""relation"": ""LEADS_TO"", ""object"": ""unsafe_perception"", ""evidence"": ""Instructed flight attendants to remain seated during turbulence""}]",success
20190412X45210,"[{""text"": ""missing attach screws on the aft galley oven, which allowed it to become dislodged landing, injuring a flight attendant."", ""role"": ""Maintenance personnel"", ""tier"": ""unsafe_skill""}]","{""unsafe_skill"": [""Omitted Maintenance Task - Maintenance personnel""]}","[{""subject"": ""unsafe_skill"", ""relation"": ""CO_OCCURS_WITH"", ""object"": ""unsafe_violation"", ""evidence"": ""missing attach screws on the aft galley oven, which allowed it to become dislodged landing, injuring a flight attendant.""}]",success
20110607X73034,"[{""text"": ""Inadvertent in-flight encounter with turbulence"", ""role"": ""Flight Attendant"", ""tier"": ""Unsafe Skill""}]",{},"[{""subject"": ""unsafe_skill"", ""relation"": ""CO_OCCURS_WITH"", ""object"": ""unsafe_decision"", ""evidence"": ""The inadvertent in-flight encounter with turbulence, resulting in an injury to a cabin attendant.""}]",success
20140624X40942,"[{""text"": ""Omitted Checklist Step - Flight Attendant"", ""role"": ""Flight Attendant"", ""tier"": ""unsafe_skill""}]","{""operator_mental"": [""Loss of Situational Awareness - Flight Attendant""], ""operator_physical"": [""Physical Fatigue - Flight Attendant""], ""unsafe_skill"": [""Omitted Checklist Step - Flight Attendant""]}","[{""subject"": ""unsafe_skill"", ""relation"": ""LEADS_TO"", ""object"": ""unsafe_perception"", ""evidence"": ""Omitted Checklist Step - Flight Attendant LEADS_TO A hot liquid splashed from a meal box onto the flight attendant's hand, resulting in a 2nd degree burn.""}]",success
20001212X20648,"[{""text"": ""Omitted Checklist Step - Maintenance personnel"", ""role"": ""Maintenance personnel"", ""tier"": ""unsafe_skill""}]","{""unsafe_skill"": [""Omitted Checklist Step - Maintenance personnel""]}","[{""subject"": ""unsafe_skill"", ""relation"": ""LEADS_TO"", ""object"": ""unsafe_decision"", ""evidence"": ""Omitted Checklist Step - Maintenance personnel""}]",success
20171226X41907,"[{""text"": ""failure of a cargo tie-down fastener, resulting in unsecured cargo striking the pressure bulkhead."", ""role"": ""Cargo Handler"", ""tier"": ""unsafe_skill""}]","{""unsafe_skill"": [""failure of a cargo tie-down fastener, resulting in unsecured cargo striking the pressure bulkhead.""]}","[{""subject"": ""unsafe_skill"", ""relation"": ""CO_OCCURS_WITH"", ""object"": ""operator_physical"", ""evidence"": ""failure of a cargo tie-down fastener, resulting in unsecured cargo striking the pressure bulkhead.""}]",success
20050310X00294,"[{""text"": ""Omitted Checklist Step"", ""role"": ""Flight Attendant"", ""tier"": ""unsafe_skill""}]","{""unsafe_skill"": [""Omitted Checklist Step - Flight Attendant""]}","[{""subject"": ""unsafe_skill"", ""relation"": ""CO_OCCURS_WITH"", ""object"": ""operator_physical"", ""evidence"": ""The flight attendant was completing his before landing checklist when turbulence was encountered.""}, {""subject"": ""unsafe_decision"", ""relation"": ""LEADS_TO"", ""object"": ""unsafe_perception"", ""evidence"": ""Due to the cancellation of the SIGMET and the lack of additional supporting information for moderate or greater turbulence, the meteorologist did not issue a SIGMEC. Therefore, the turbulence information was not on the flight release provided to the flight crew.""}]",success
20030909X01495,"[{""text"": ""declared an emergency with air traffic control (ATC)"", ""role"": ""crew"", ""tier"": ""unsafe_decision""}]","{""operator_mental"": [""Complacency - Captain and First Officer""], ""operator_physical"": [""Fatigue - Captain and First Officer""], ""situational_tech"": [""Incompatible Intelligence/Aptitude - Captain and First Officer""], ""personnel_crm"": [""Failed to Communicate - Captain and First Officer""], ""unsafe_decision"": [""declared an emergency with air traffic control (ATC)""]}",[],success
20200110X80637,"[{""text"": ""Omitted Checklist Step - First Officer"", ""role"": ""Flight Crew"", ""tier"": ""unsafe_skill""}]","{""unsafe_skill"": [""Omitted Checklist Step - First Officer""]}",[],success
20040310X00315,"[{""text"": ""The captain on the United A320 said that during their pushback, a TED A320 was being pushed back at an angle from its gate toward their position. The captain said he relayed his concern to the ground crew, but did not receive a clear response."", ""role"": ""Ground Crew"", ""tier"": ""unsafe_decision""}, {""text"": ""The first officer on the United A320 said that after the passenger issue was resolved, they started their engines. 'Engine start was normal and after my after start flow the captain announced I have a salute and release from guidance, and then taxi clearance.' The first officer said both he and the captain looked at a ground crew member standing in front and between the two airplanes, looking at us with wand raised and other arm held out horizontally indicating wing clearance. I called for taxi and we were cleared for a left turn out."", ""role"": ""Ground Crew"", ""tier"": ""unsafe_skill""}, {""text"": ""The captain on the United A320 said that communicating with their tug was difficult due to language and non-standard phraseology used by the pushback crew. The captain said clarification was needed and asked for at least two times. The captain said, 'The ground communicator had no apparent knowledge of SOP (standard operating procedures) language or response for the pushback procedure.'"", ""role"": ""Ground Crew"", ""tier"": ""unsafe_skill""}]","{""unsafe_decision"": [""Misdiagnosed Emergency - Ground Crew"", ""Improper Procedure - Ground Crew""], ""unsafe_skill"": [""Poor Technique - Ground Crew""]}",[],success
20151213X84149,"[{""text"": ""Failed to Prioritize Attention"", ""role"": ""Flight Attendant #2"", ""tier"": ""unsafe_skill""}]","{""unsafe_skill"": [""Failed to Prioritize Attention - Flight Attendant #2""]}","[{""subject"": ""unsafe_skill"", ""relation"": ""CO_OCCURS_WITH"", ""object"": ""operator_physical"", ""evidence"": ""FA #2 fell when attempting to return to her jumpseat, resulting in a broken tibia.""}]",success
20220623105307,"[{""text"": ""Occupied lavatory for an unusually long time"", ""role"": ""Passenger"", ""tier"": ""unsafe_decision""}]","{""unsafe_decision"": [""Misdiagnosed Emergency - Passenger""]}","[{""subject"": ""unsafe_decision"", ""relation"": ""LEADS_TO"", ""object"": ""unsafe_violation"", ""evidence"": ""Occupied lavatory for an unusually long time""}]",success
20221006106083,"[{""text"": ""Omitted Checklist Step - Flight Attendant"", ""role"": ""Flight Attendant"", ""tier"": ""unsafe_skill""}]","{""operator_mental"": [""Loss of Situational Awareness - Flight Attendant""], ""personnel_crm"": [""Failed to Communicate - Captain""], ""unsafe_skill"": [""Omitted Checklist Step - Flight Attendant""]}","[{""subject"": ""unsafe_skill"", ""relation"": ""LEADS_TO"", ""object"": ""operator_physical"", ""evidence"": ""The coffee pot flipped over and spilled coffee onto the back of her hand, resulting in 2nd degree burns.""}]",success
20190808X62316,"[{""text"": ""Exceeded Ability"", ""role"": ""Pilot"", ""tier"": ""unsafe_decision""}]","{""unsafe_decision"": [""Exceeded Ability - Pilot""]}","[{""subject"": ""unsafe_decision"", ""relation"": ""LEADS_TO"", ""object"": ""unsafe_violation"", ""evidence"": ""The crew's decision to do a go-around at a low altitude with an excessive rotation rate.""}]",success
20080413X00464,[],"{""unsafe_perception"": [""Misjudged Distance/Altitude/Airspeed - Pilot flying""]}","[{""subject"": ""unsafe_perception"", ""relation"": ""LEADS_TO"", ""object"": ""unsafe_decision"", ""evidence"": ""An unexpected encounter with turbulence, while on approach for landing.""}]",success
20181012X11804,"[{""text"": ""tripped as she was returning to her seat"", ""role"": ""Passenger"", ""tier"": ""unsafe_skill""}]","{""operator_mental"": [""Loss of Situational Awareness - Passenger""], ""personnel_crm"": [""Failed to Communicate - Flight Attendant""], ""unsafe_skill"": [""Omitted Checklist Step - Passenger""]}","[{""subject"": ""unsafe_skill"", ""relation"": ""LEADS_TO"", ""object"": ""unsafe_perception"", ""evidence"": ""tripped as she was returning to her seat""}]",success
20121231X42414,"[{""text"": ""Slipped on de-icing fluid"", ""role"": ""Flight attendant"", ""tier"": ""unsafe_skill""}]","{""unsafe_skill"": [""Slipped on de-icing fluid - Flight attendant""]}","[{""subject"": ""unsafe_skill"", ""relation"": ""CO_OCCURS_WITH"", ""object"": ""unsafe_perception"", ""evidence"": ""The presence of deice fluid on the floor, which resulted in a slip hazard and an injury to the flight attendant.""}]",success
20060627X00840,"[{""text"": ""can you still smell it in the back there?"", ""role"": ""First Officer"", ""tier"": ""unsafe_skill""}, {""text"": ""we got cargo smoke."", ""role"": ""Flight Engineer"", ""tier"": ""unsafe_skill""}, {""text"": ""[it's] showing that we have a lower aft cargo fire section C."", ""role"": ""Flight Engineer"", ""tier"": ""unsafe_skill""}]","{""unsafe_skill"": [""\""can you still smell it in the back there?\"" (First Officer)"", ""\""we got cargo smoke.\"" (Flight Engineer)"", ""\""[it's] showing that we have a lower aft cargo fire section C.\"" (Flight Engineer)""]}","[{""subject"": ""unsafe_skill"", ""relation"": ""LEADS_TO"", ""object"": ""unsafe_decision"", ""evidence"": ""can you still smell it in the back there?""}, {""subject"": ""unsafe_skill"", ""relation"": ""LEADS_TO"", ""object"": ""unsafe_decision"", ""evidence"": ""we got cargo smoke.""}, {""subject"": ""unsafe_skill"", ""relation"": ""LEADS_TO"", ""object"": ""unsafe_decision"", ""evidence"": ""[it's] showing that we have a lower aft cargo fire section C.""}]",success
20001212X20847,"[{""text"": ""Failed to Prioritize Attention"", ""role"": ""Flight Attendant"", ""tier"": ""unsafe_skill""}]","{""unsafe_skill"": [""Failed to prioritize attention""]}","[{""subject"": ""unsafe_skill"", ""relation"": ""CO_OCCURS_WITH"", ""object"": ""operator_physical"", ""evidence"": ""The three flight attendants in the aft galley were thrown upward but did not strike the ceiling before coming back down and falling to the floor.""}, {""subject"": ""unsafe_skill"", ""relation"": ""LEADS_TO"", ""object"": ""unsafe_perception"", ""evidence"": ""Neither the captain nor any of the flight attendants reported having used/heard these terms regarding the anticipated turbulence intensity.""}]",success
20011003X02029,"[{""text"": ""Keep that, keep that (expletive) power off."", ""role"": ""First Pilot"", ""tier"": ""unsafe_skill""}, {""text"": ""Just push forward on the nose."", ""role"": ""First Pilot"", ""tier"": ""unsafe_skill""}]","{""unsafe_skill"": [""Keep that, keep that (expletive) power off. - First Pilot"", ""Just push forward on the nose. - First Pilot""]}","[{""subject"": ""unsafe_skill"", ""relation"": ""LEADS_TO"", ""object"": ""unsafe_decision"", ""evidence"": ""Keep that, keep that (expletive) power off. Just push forward on the nose.""}]",success
20200619X60815,"[{""text"": ""encountered moderate turbulence"", ""role"": ""pilot"", ""tier"": ""unsafe_decision""}]","{""unsafe_decision"": [""encountered moderate turbulence - pilot""]}",[],success
20010502X00851,"[{""text"": ""company maintenance installed a one-way check valve in the LMLG extend hydraulic lines instead of a restricted flow valve"", ""role"": ""Maintenance Crew"", ""tier"": ""unsafe_skill""}]","{""unsafe_skill"": [""company maintenance installed a one-way check valve in the LMLG extend hydraulic lines instead of a restricted flow valve""]}","[{""subject"": ""unsafe_skill"", ""relation"": ""LEADS_TO"", ""object"": ""unsafe_decision"", ""evidence"": ""company maintenance installed a one-way check valve in the LMLG extend hydraulic lines instead of a restricted flow valve""}]",success
20211007104064,"[{""text"": ""Omitted Checklist Step"", ""role"": ""Flight crew"", ""tier"": ""unsafe_skill""}]","{""unsafe_skill"": [""Omitted Checklist Step - Flight crew""]}","[{""subject"": ""unsafe_skill"", ""relation"": ""CO_OCCURS_WITH"", ""object"": ""operator_physical"", ""evidence"": ""SkyWest Airlines did not use ground crew to ensure obstacle clearance.""}]",success
20101103X34855,"[{""text"": ""Failed to detach the air-starter hose from the airplane before moving the cart away"", ""role"": ""Ground crew"", ""tier"": ""unsafe_skill""}]","{""operator_mental"": [""Loss of Situational Awareness - Ground crew""], ""operator_physical"": [""Physical Fatigue - Ground crew""], ""personnel_crm"": [""Failed to Communicate - Ground crew""], ""unsafe_skill"": [""Failed to detach the air-starter hose from the airplane before moving the cart away - Ground crew""]}","[{""subject"": ""unsafe_skill"", ""relation"": ""LEADS_TO"", ""object"": ""unsafe_violation"", ""evidence"": ""The ground crew's failure to detach the air-starter hose from the airplane before moving the cart away resulting in structural damage to a skin panel.""}]",success
20220907105884,"[{""text"": ""sudden jolt due to clear air turbulence"", ""role"": ""Flight Attendant"", ""tier"": ""unsafe_perception""}]","{""operator_mental"": [""Loss of Situational Awareness - Flight Attendant""], ""operator_physical"": [""Physical Fatigue - Flight Attendant""], ""unsafe_perception"": [""Misjudged Distance/Altitude/Airspeed""]}","[{""subject"": ""unsafe_perception"", ""relation"": ""LEADS_TO"", ""object"": ""unsafe_decision"", ""evidence"": ""sudden jolt due to clear air turbulence""}]",success
20140829X32709,"[{""text"": ""Exceeded Ability"", ""role"": ""Flight Attendant"", ""tier"": ""unsafe_decision""}]","{""unsafe_decision"": [""Exceeded Ability - Flight Attendant""]}","[{""subject"": ""unsafe_decision"", ""relation"": ""LEADS_TO"", ""object"": ""unsafe_perception"", ""evidence"": ""The capabilities of the beverage cart were exceeded which resulted in the cart toppling over and fracturing the flight attendant's foot.""}]",success
20110219X32035,"[{""text"": ""Inadvertent encounter with turbulence during the approach"", ""role"": ""Flight crew"", ""tier"": ""unsafe_perception""}]","{""operator_mental"": [""Loss of Situational Awareness - Captain""], ""operator_physical"": [""Physical Fatigue - Flight Attendants""], ""personnel_crm"": [""Failed to Communicate - Captain and Flight Attendants""], ""unsafe_perception"": [""Misjudged Distance/Altitude/Airspeed""]}","[{""subject"": ""unsafe_perception"", ""relation"": ""LEADS_TO"", ""object"": ""unsafe_decision"", ""evidence"": ""The airplane's inadvertent encounter with turbulence during the approach, which resulted in serious injury to a flight attendant.""}]",success
20070502X00501,"[{""text"": ""Omitted Checklist Step"", ""role"": ""First Officer"", ""tier"": ""unsafe_skill""}]","{""unsafe_skill"": [""Omitted Checklist Step - First Officer""]}","[{""subject"": ""unsafe_skill"", ""relation"": ""CO_OCCURS_WITH"", ""object"": ""personnel_readiness"", ""evidence"": ""The FO departed the flight deck, completed the walk around inspection, and observed nothing unusual.""}, {""subject"": ""unsafe_skill"", ""relation"": ""LEADS_TO"", ""object"": ""unsafe_perception"", ""evidence"": ""The lower right engine cowling separated on initial climbout at 200 feet resulting in a loss of the yellow hydraulic pressure system.""}]",success
20131121X13345,"[{""text"": ""Inadvertent encounter with clear air turbulence"", ""role"": ""Flight Attendant"", ""tier"": ""unsafe_perception""}]","{""unsafe_perception"": [""Misjudged Distance/Altitude/Airspeed""]}","[{""subject"": ""unsafe_perception"", ""relation"": ""LEADS_TO"", ""object"": ""unsafe_decision"", ""evidence"": ""The airplane's inadvertent encounter with clear air turbulence during cruise flight, which resulted in a serious injury to a flight attendant.""}]",success
20211001104013,"[{""text"": ""directed the flight attendants to secure the cabin early and take their seats for the remainder of the flight"", ""role"": ""Flight crew"", ""tier"": ""unsafe_decision""}]","{""unsafe_decision"": [""directed the flight attendants to secure the cabin early and take their seats for the remainder of the flight""]}","[{""subject"": ""unsafe_decision"", ""relation"": ""LEADS_TO"", ""object"": ""operator_physical"", ""evidence"": ""directed the flight attendants to secure the cabin early and take their seats for the remainder of the flight.""}]",success
20181206X53303,"[{""text"": ""A laptop fell out from an overhead bin."", ""role"": ""Cabin crew - C"", ""tier"": ""unsafe_skill""}]","{""operator_mental"": [""Loss of Situational Awareness - Cabin crew""], ""operator_physical"": [""Physical Fatigue - Cabin crew""], ""personnel_crm"": [""Failed to Communicate - Cabin crew""], ""unsafe_skill"": [""A laptop fell out from an overhead bin.""]}","[{""subject"": ""unsafe_skill"", ""relation"": ""LEADS_TO"", ""object"": ""unsafe_perception"", ""evidence"": ""A laptop fell out from an overhead bin.""}]",success
20001212X21299,"[{""text"": ""reversing two hydraulic lines"", ""role"": ""Maintenance personnel"", ""tier"": ""unsafe_skill""}]","{""unsafe_skill"": [""reversing two hydraulic lines - Maintenance personnel""]}","[{""subject"": ""unsafe_skill"", ""relation"": ""LEADS_TO"", ""object"": ""unsafe_decision"", ""evidence"": ""reversing two hydraulic lines""}]",success
20140320X53321,"[{""text"": ""inadvertently tripping over a passenger's foot that was protruding into the aisle"", ""role"": ""flight attendant"", ""tier"": ""unsafe_skill""}]","{""operator_mental"": [""Loss of Situational Awareness - Flight attendant""], ""operator_physical"": [""Physical Fatigue - Flight attendant""], ""unsafe_skill"": [""inadvertently tripping over a passenger's foot that was protruding into the aisle - flight attendant""]}","[{""subject"": ""unsafe_skill"", ""relation"": ""LEADS_TO"", ""object"": ""unsafe_perception"", ""evidence"": ""the flight attendant inadvertently tripping over a passenger's foot that was protruding into the aisle, which resulted in the flight attendant fracturing her foot.""}]",success
20020923X05198,"[{""text"": ""Failed to Prioritize Attention"", ""role"": ""Captain"", ""tier"": ""unsafe_decision""}]","{""unsafe_decision"": [""The captain had become fixated on landing the AC, felt he was in a position to land, and did not properly arrest the sink when retarding power.""]}","[{""subject"": ""unsafe_decision"", ""relation"": ""LEADS_TO"", ""object"": ""unsafe_violation"", ""evidence"": ""The captain's failure to follow existing company procedures for stabilized approach, and use of speed brakes.""}]",success
20190305X42937,"[{""text"": ""Lost her grip on the handrail while climbing the stairs to the crew rest area and fell down the stairs."", ""role"": ""Flight attendant"", ""tier"": ""unsafe_skill""}]","{""operator_mental"": [""Loss of Situational Awareness - Cabin crew""], ""operator_physical"": [""Physical Fatigue - Cabin crew""], ""unsafe_skill"": [""Lost her grip on the handrail while climbing the stairs to the crew rest area and fell down the stairs.""]}","[{""subject"": ""unsafe_skill"", ""relation"": ""LEADS_TO"", ""object"": ""unsafe_perception"", ""evidence"": ""Lost her grip on the handrail while climbing the stairs to the crew rest area and fell down the stairs.""}]",success
20050520X00650,"[{""text"": ""The combination of the radius on the retaining ring and the sharp edge on the aft side of the spinner resulted in an interference when the parts were assembled."", ""role"": ""Manufacturer"", ""tier"": ""unsafe_skill""}]","{""unsafe_skill"": [""The combination of the radius on the retaining ring and the sharp edge on the aft side of the spinner resulted in an interference when the parts were assembled.""]}","[{""subject"": ""unsafe_skill"", ""relation"": ""CO_OCCURS_WITH"", ""object"": ""unsafe_decision"", ""evidence"": ""The fatigue failure during cruise flight of the fan spinner and forward fan retaining ring due to an interference between the mating parts resulting from the inadequate design by the manufacturer.""}]",success
20210921103922,"[{""text"": ""Failed to Prioritize Attention"", ""role"": ""Ground crew (fuel truck driver)"", ""tier"": ""unsafe_decision""}]","{""operator_mental"": [""Loss of Situational Awareness - Ground crew""], ""personnel_crm"": [""Failed to Communicate - Ground crew""], ""operator_physical"": [""Physical Fatigue - Captain""], ""unsafe_decision"": [""Failed to prioritize attention - Ground crew (fuel truck driver)""]}","[{""subject"": ""unsafe_decision"", ""relation"": ""LEADS_TO"", ""object"": ""unsafe_violation"", ""evidence"": ""The fuel truck driver backing up in the direction of the airplane without the use of marshallers.""}]",success
20211213104393,[],{},[],parse_error
20010205X00392,"[{""text"": ""We were forced to spend time reviewing the contents of the other checklists to see which one would be most applicable to our situation."", ""role"": ""Captain"", ""tier"": ""unsafe_skill""}]","{""unsafe_skill"": [""\""We were forced to spend time reviewing the contents of the other checklists to see which one would be most applicable to our situation.\"" - Captain""]}","[{""subject"": ""unsafe_skill"", ""relation"": ""CO_OCCURS_WITH"", ""object"": ""unsafe_decision"", ""evidence"": ""We were forced to spend time reviewing the contents of the other checklists to see which one would be most applicable to our situation.""}]",success
20210827103762,[],{},[],parse_error
20140203X35450,"[{""text"": ""Inattention by ground crew personnel which resulted in the airplane being substantially damaged."", ""role"": ""Ground Crew"", ""tier"": ""unsafe_skill""}]","{""operator_mental"": [""Loss of Situational Awareness - Ground Crew Personnel""], ""operator_limits"": [""Inadequate Training and Experience - Ground Crew Personnel""], ""unsafe_skill"": [""Inattention by ground crew personnel which resulted in the airplane being substantially damaged.""]}","[{""subject"": ""unsafe_skill"", ""relation"": ""LEADS_TO"", ""object"": ""unsafe_perception"", ""evidence"": ""Inattention by ground crew personnel which resulted in the airplane being substantially damaged.""}]",success
20041118X01838,"[{""text"": ""Failure of the ramp employee to maintain clearance to the rotating propeller resulting in inadvertent contact with a propeller blade."", ""role"": ""Ramp service employee"", ""tier"": ""unsafe_skill""}]","{""unsafe_skill"": [""\""Failure of the ramp employee to maintain clearance to the rotating propeller resulting in inadvertent contact with a propeller blade.\"" (Ramp service employee)""]}","[{""subject"": ""unsafe_skill"", ""relation"": ""LEADS_TO"", ""object"": ""unsafe_perception"", ""evidence"": ""Failure of the ramp employee to maintain clearance to the rotating propeller resulting in inadvertent contact with a propeller blade.""}]",success
20101006X00507,"[{""text"": ""The passenger's loss of balance while deplaning."", ""role"": ""Passenger"", ""tier"": ""unsafe_perception""}]","{""operator_mental"": [""Loss of Situational Awareness - Passenger""], ""personnel_crm"": [""Failed to Communicate - Passenger""], ""unsafe_perception"": [""Misjudged Distance/Altitude/Airspeed""]}","[{""subject"": ""unsafe_perception"", ""relation"": ""LEADS_TO"", ""object"": ""unsafe_decision"", ""evidence"": ""The passenger's loss of balance while deplaning.""}]",success
20211025104153,"[{""text"": ""Misjudged Distance/Altitude/Airspeed"", ""role"": ""Flight crew"", ""tier"": ""unsafe_perception""}]","{""unsafe_perception"": [""Misjudged Distance/Altitude/Airspeed - Flight crew""]}","[{""subject"": ""unsafe_perception"", ""relation"": ""LEADS_TO"", ""object"": ""unsafe_decision"", ""evidence"": ""Misjudged Distance/Altitude/Airspeed""}]",success
20220910105895,"[{""text"": ""thrown to the floor, injuring her right foot"", ""role"": ""Flight attendant"", ""tier"": ""unsafe_skill""}]","{""unsafe_skill"": [""Failed to Prioritize Attention""]}","[{""subject"": ""unsafe_skill"", ""relation"": ""CO_OCCURS_WITH"", ""object"": ""operator_physical"", ""evidence"": ""thrown to the floor, injuring her right foot""}]",success
20211206104355,"[{""text"": ""Incorrect lubrication of the foreflap fitting assembly."", ""role"": ""Maintenance crew"", ""tier"": ""unsafe_violation""}]","{""unsafe_violation"": [""Incorrect lubrication of the foreflap fitting assembly.""]}","[{""subject"": ""unsafe_violation"", ""relation"": ""LEADS_TO"", ""object"": ""unsafe_decision"", ""evidence"": ""Incorrect lubrication of the foreflap fitting assembly.""}]",success
20060623X00811,"[{""text"": ""The nose landing gear spray deflector center link had fractured and the right hand urethane deflector was displaced."", ""role"": ""Maintenance personnel"", ""tier"": ""unsafe_violation""}]","{""unsafe_violation"": [""The nose landing gear spray deflector center link had fractured and the right hand urethane deflector was displaced.""]}","[{""subject"": ""unsafe_violation"", ""relation"": ""LEADS_TO"", ""object"": ""unsafe_decision"", ""evidence"": ""The nose landing gear spray deflector center link had fractured and the right hand urethane deflector was displaced.""}]",success
20001212X21540,"[{""text"": ""The captain's failure to stop the aircraft when given a stop signal by the ground marshaller and his failure to turn the aircraft when given a turn signal by the ground marshaller as he taxied into the gate resulting in the aircraft's left wing colliding with ground equipment."", ""role"": ""Captain"", ""tier"": ""unsafe_decision""}]","{""unsafe_decision"": [""The captain's failure to stop the aircraft when given a stop signal by the ground marshaller and his failure to turn the aircraft when given a turn signal by the ground marshaller as he taxied into the gate resulting in the aircraft's left wing colliding with ground equipment.""]}","[{""subject"": ""unsafe_decision"", ""relation"": ""LEADS_TO"", ""object"": ""unsafe_perception"", ""evidence"": ""The captain's failure to stop the aircraft when given a stop signal by the ground marshaller and his failure to turn the aircraft when given a turn signal by the ground marshaller as he taxied into the gate resulting in the aircraft's left wing colliding with ground equipment.""}]",success
20040319X00351,"[{""text"": ""Improper Procedure"", ""role"": ""Pilot"", ""tier"": ""unsafe_decision""}]","{""unsafe_decision"": [""Improper procedure: 'Maintain directional control using brakes and differential power'""]}","[{""subject"": ""unsafe_decision"", ""relation"": ""LEADS_TO"", ""object"": ""unsafe_violation"", ""evidence"": ""the captain's improper decision due to his attempt to taxi back onto the runway after coming to a stop in the grass, and the resulting collapse of nose landing gear""}]",success
20061015X01521,"[{""text"": ""Misjudged clearance from the EMB-170."", ""role"": ""Airbus First Officer"", ""tier"": ""unsafe_decision""}]","{""unsafe_decision"": [""Misjudged clearance from the EMB-170.""]}","[{""subject"": ""unsafe_decision"", ""relation"": ""LEADS_TO"", ""object"": ""unsafe_violation"", ""evidence"": ""The Airbus first officer's misjudged clearance from the EMB-170.""}]",success
20050701X00915,"[{""text"": ""The lock wire on the spanner end cap showed slack, and the spanner end cap was backed off more than 0.030 inches."", ""role"": ""Maintenance personnel"", ""tier"": ""unsafe_skill""}]","{""unsafe_skill"": [""The lock wire on the spanner end cap showed slack, and the spanner end cap was backed off more than 0.030 inches.""]}","[{""subject"": ""unsafe_skill"", ""relation"": ""CO_OCCURS_WITH"", ""object"": ""operator_physical"", ""evidence"": ""The lock wire on the spanner end cap showed slack, and the spanner end cap was backed off more than 0.030 inches.""}]",success
20030122X00086,"[{""text"": ""The left wing walker left his post upon request of the tug driver to scrape the snow off the lead in line with his boot."", ""role"": ""Ground personnel"", ""tier"": ""unsafe_skill""}]","{""unsafe_skill"": [""Omitted Checklist Step - Ground personnel""]}","[{""subject"": ""unsafe_skill"", ""relation"": ""CO_OCCURS_WITH"", ""object"": ""unsafe_decision"", ""evidence"": ""The left wing walker left his post upon request of the tug driver to scrape the snow off the lead in line with his boot.""}]",success
20040630X00887,"[{""text"": ""released the flight attendants to resume service"", ""role"": ""Flight crew"", ""tier"": ""unsafe_decision""}]","{""unsafe_decision"": [""released the flight attendants to resume service""]}","[{""subject"": ""unsafe_decision"", ""relation"": ""LEADS_TO"", ""object"": ""unsafe_perception"", ""evidence"": ""released the flight attendants to resume service""}]",success
20080107X00024,"[{""text"": ""the failure of the company that provided the flight's weather briefing to forecast severe turbulence"", ""role"": ""dispatcher"", ""tier"": ""unsafe_violation""}, {""text"": ""the failure of the dispatcher to provide the National Weather Service severe turbulence forecast to the flight"", ""role"": ""dispatcher"", ""tier"": ""unsafe_violation""}]","{""unsafe_violation"": [""the failure of the company that provided the flight's weather briefing to forecast severe turbulence (dispatcher)"", ""the failure of the dispatcher to provide the National Weather Service severe turbulence forecast to the flight (dispatcher)""]}","[{""subject"": ""unsafe_violation"", ""relation"": ""LEADS_TO"", ""object"": ""unsafe_decision"", ""evidence"": ""the failure of the company that provided the flight's weather briefing to forecast severe turbulence""}, {""subject"": ""unsafe_violation"", ""relation"": ""LEADS_TO"", ""object"": ""unsafe_perception"", ""evidence"": ""the failure of the dispatcher to provide the National Weather Service severe turbulence forecast to the flight""}]",success
20061117X01683,"[{""text"": ""Breakdown in Visual Scan"", ""role"": ""Captain"", ""tier"": ""unsafe_skill""}]","{""unsafe_skill"": [""Breakdown in Visual Scan (Captain)""]}","[{""subject"": ""unsafe_skill"", ""relation"": ""LEADS_TO"", ""object"": ""unsafe_decision"", ""evidence"": ""The captain's inadequate visual look out during taxi.""}]",success
20030116X00075,"[{""text"": ""arcing wires in the lavatory sensor that resulted in the subsequent fire"", ""role"": ""Maintenance"", ""tier"": ""Unsafe Skill""}]","{""unsafe_skill"": [""arcing wires in the lavatory sensor that resulted in the subsequent fire (Maintenance)""]}","[{""subject"": ""unsafe_skill"", ""relation"": ""LEADS_TO"", ""object"": ""unsafe_decision"", ""evidence"": ""the arcing wires in the lavatory sensor that resulted in the subsequent fire.""}]",success
20060803X01079,"[{""text"": ""Omitted Checklist Step - First Officer"", ""role"": ""First Officer"", ""tier"": ""unsafe_skill""}]","{""unsafe_skill"": [""Omitted Checklist Step - First Officer""]}","[{""subject"": ""unsafe_skill"", ""relation"": ""LEADS_TO"", ""object"": ""unsafe_decision"", ""evidence"": ""Omitted Checklist Step - First Officer""}]",success
20051229X02027,"[{""text"": ""Omitted Checklist Step"", ""role"": ""Tug Driver"", ""tier"": ""unsafe_skill""}]","{""unsafe_skill"": [""Omitted Checklist Step (Tug Driver)""]}","[{""subject"": ""unsafe_skill"", ""relation"": ""CO_OCCURS_WITH"", ""object"": ""operator_physical"", ""evidence"": ""The tug driver stated that during the pushback they did not notice anything unusual.""}, {""subject"": ""unsafe_skill"", ""relation"": ""LEADS_TO"", ""object"": ""unsafe_decision"", ""evidence"": ""The improper towing of the airplane by the tug operator which resulted in the shearing of the towbar shear pin and subsequent collision of the airplane and tug.""}]",success
20061101X01595,"[{""text"": ""The flight crew noted that the pressure gage read 2,900 psi for about 1 minute after the hydraulic quantity went to 0 psi; the pressure gage also dropped to 0 psi."", ""role"": ""Flight Crew"", ""tier"": ""Unsafe Skill""}, {""text"": ""The flight crew was able to land the airplane without further incident at 0330."", ""role"": ""Flight Crew"", ""tier"": ""Unsafe Skill""}]","{""unsafe_skill"": [""\""The flight crew noted that the pressure gage read 2,900 psi for about 1 minute after the hydraulic quantity went to 0 psi; the pressure gage also dropped to 0 psi.\"" - Flight Crew"", ""\""The flight crew was able to land the airplane without further incident at 0330.\"" - Flight Crew""]}","[{""subject"": ""unsafe_skill"", ""relation"": ""LEADS_TO"", ""object"": ""unsafe_decision"", ""evidence"": ""The flight crew was able to land the airplane without further incident at 0330.""}]",success
20001212X21663,"[{""text"": ""I can't right now"", ""role"": ""3LC controller"", ""tier"": ""unsafe_violation""}]","{""unsafe_violation"": [""\""I can't right now\"" - 3LC controller""]}","[{""subject"": ""unsafe_violation"", ""relation"": ""LEADS_TO"", ""object"": ""unsafe_decision"", ""evidence"": ""\""I can't right now\""""}]",success
20081003X62958,"[{""text"": ""Failed to Prioritize Attention"", ""role"": ""Maintenance Crew"", ""tier"": ""unsafe_skill""}]","{""unsafe_skill"": [""Failed to prioritize attention""]}","[{""subject"": ""unsafe_skill"", ""relation"": ""CO_OCCURS_WITH"", ""object"": ""operator_physical"", ""evidence"": ""Failed to Prioritize Attention""}, {""subject"": ""unsafe_skill"", ""relation"": ""LEADS_TO"", ""object"": ""unsafe_decision"", ""evidence"": ""The captain felt an anomaly that caused him to abort the takeoff and stop the aircraft.""}, {""subject"": ""unsafe_decision"", ""relation"": ""CO_OCCURS_WITH"", ""object"": ""situational_tech"", ""evidence"": ""Both left and right elevator control rod assemblies had fractured completely through their circumferences rendering the elevator control of the aircraft inoperable.""}]",success
20051110X01830,"[{""text"": ""Inadvertent Flight Control Use"", ""role"": ""Flight Engineer"", ""tier"": ""unsafe_skill""}, {""text"": ""Failed to Prioritize Attention"", ""role"": ""Captain, First Officer, Flight Engineer"", ""tier"": ""unsafe_skill""}]","{""unsafe_skill"": [""\""Inadvertent throttle movement by one of the flight crew\"""", ""\""the captain did not notice the number 2 throttle move forward because he was looking at the ground crew for a brake signal\"""", ""\""the copilot did not observe the number 2 throttle move forward because he was concentrating on starting the number 3 engine and examining the oil pressure gauges for the number 1 and 2 engines\"""", ""\""the flight engineer indicated that he had not noticed the number 2 throttle movement because he was looking at his panel to confirm that the number 2 start valve had closed and the number 3 start valve had opened\""""]}","[{""subject"": ""unsafe_skill"", ""relation"": ""LEADS_TO"", ""object"": ""unsafe_decision"", ""evidence"": ""the inadvertent throttle movement by one of the flight crew and the captain's inadequate supervision during the engine start sequence.""}]",success
20020814X01387,"[{""text"": ""Over-controlled Aircraft"", ""role"": ""Captain"", ""tier"": ""unsafe_skill""}]","{""unsafe_skill"": [""Over-controlled Aircraft""]}","[{""subject"": ""unsafe_skill"", ""relation"": ""LEADS_TO"", ""object"": ""unsafe_perception"", ""evidence"": ""the captain's excessive use of the flight controls to level off from a descent, which resulted in a passenger injury.""}]",success
20030707X01028,"[{""text"": ""The seatbelt sign had been on for at least 2 minutes when the flight encountered turbulence."", ""role"": ""Flight Attendant"", ""tier"": ""unsafe_skill""}]","{""unsafe_skill"": [""The seatbelt sign had been on for at least 2 minutes when the flight encountered turbulence.""]}","[{""subject"": ""unsafe_skill"", ""relation"": ""CO_OCCURS_WITH"", ""object"": ""unsafe_decision"", ""evidence"": ""The seatbelt sign had been on for at least 2 minutes when the flight encountered turbulence.""}]",success
20050616X00793,"[{""text"": ""Failed to Prioritize Attention"", ""role"": ""Captain"", ""tier"": ""unsafe_skill""}]","{""unsafe_skill"": [""Failed to prioritize attention""]}","[{""subject"": ""unsafe_skill"", ""relation"": ""CO_OCCURS_WITH"", ""object"": ""operator_physical"", ""evidence"": ""The captain heard a 'pop noise and a sound of pressure releasing' during the final portion of the landing roll-out.""}]",success
20001212X20503,"[{""text"": ""The nose gear touched down more firmly than the main landing gear."", ""role"": ""Pilot"", ""tier"": ""unsafe_skill""}]","{""unsafe_skill"": [""The nose gear touched down more firmly than the main landing gear - Pilot""]}","[{""subject"": ""unsafe_skill"", ""relation"": ""LEADS_TO"", ""object"": ""unsafe_decision"", ""evidence"": ""The nose gear touched down more firmly than the main landing gear.""}]",success
20070206X00142,"[{""text"": ""crossed the runway without clearance"", ""role"": ""snow plow driver"", ""tier"": ""unsafe_violation""}]","{""unsafe_violation"": [""crossed the runway without clearance""]}","[{""subject"": ""unsafe_violation"", ""relation"": ""LEADS_TO"", ""object"": ""unsafe_decision"", ""evidence"": ""crossed the runway without clearance""}]",success
20001212X20700,"[{""text"": ""Inadequate visual lookout by the driver of the vehicle."", ""role"": ""Tug Driver"", ""tier"": ""unsafe_skill""}]","{""unsafe_skill"": [""Inadequate visual lookout by the driver of the vehicle.""]}","[{""subject"": ""unsafe_skill"", ""relation"": ""CO_OCCURS_WITH"", ""object"": ""operator_physical"", ""evidence"": ""Inadequate visual lookout by the driver of the vehicle.""}]",success
20011204X02343,"[{""text"": ""Seatbelt sign was on from beginning of flight due to light chop."", ""role"": ""Crew"", ""tier"": ""unsafe_skill""}, {""text"": ""I told each person who got up to use the rest room that, the seat belt sign was on and, that they should be in their seats with their seat belts on and, that, they should not be up."", ""role"": ""Crew"", ""tier"": ""unsafe_skill""}]","{""unsafe_skill"": [""'Seatbelt sign was on from beginning of flight due to light chop.' (Captain)"", ""'I told each person who got up to use the rest room that, the seat belt sign was on and, that they should be in their seats with their seat belts on and, that, they should not be up.' (Flight Attendant)""]}","[{""subject"": ""unsafe_skill"", ""relation"": ""CO_OCCURS_WITH"", ""object"": ""unsafe_decision"", ""evidence"": ""Seatbelt sign was on from beginning of flight due to light chop. I told each person who got up to use the rest room that, the seat belt sign was on and, that they should be in their seats with their seat belts on and, that, they should not be up.""}]",success
20040510X00578,"[{""text"": ""you better keep that nose down or get some power up because you're gonna balloon."", ""role"": ""Captain"", ""tier"": ""unsafe_skill""}, {""text"": ""power in a little bit, don't pull the nose up, don't pull the nose up."", ""role"": ""Captain"", ""tier"": ""unsafe_skill""}]","{""operator_mental"": [""Loss of Situational Awareness (Captain)""], ""operator_physical"": [""Physical Fatigue (First Officer and Captain)""], ""personnel_crm"": [""Failed to Communicate (Captain)""], ""unsafe_skill"": [""you better keep that nose down or get some power up because you're gonna balloon."", ""power in a little bit, don't pull the nose up, don't pull the nose up.""]}","[{""subject"": ""unsafe_skill"", ""relation"": ""LEADS_TO"", ""object"": ""unsafe_decision"", ""evidence"": ""you better keep that nose down or get some power up because you're gonna balloon.""}, {""subject"": ""unsafe_skill"", ""relation"": ""LEADS_TO"", ""object"": ""unsafe_decision"", ""evidence"": ""power in a little bit, don't pull the nose up, don't pull the nose up.""}]",success
20051020X01700,"[{""text"": ""The captain of flight 1097 believed there was enough clearance between his airplane and flight 2080; however, the left winglet struck the right horizontal stabilizer."", ""role"": ""pilot"", ""tier"": ""unsafe_decision""}]","{""unsafe_decision"": [""The captain of flight 1097 believed there was enough clearance between his airplane and flight 2080; however, the left winglet struck the right horizontal stabilizer.""]}","[{""subject"": ""unsafe_decision"", ""relation"": ""LEADS_TO"", ""object"": ""unsafe_perception"", ""evidence"": ""The captain of flight 1097 believed there was enough clearance between his airplane and flight 2080; however, the left winglet struck the right horizontal stabilizer.""}]",success
20050817X01269,"[{""text"": ""Improper procedure"", ""role"": ""Tug operator"", ""tier"": ""unsafe_decision""}]","{""unsafe_decision"": [""Pushed the airplane back too far, reducing wingtip clearance""]}","[{""subject"": ""unsafe_decision"", ""relation"": ""LEADS_TO"", ""object"": ""unsafe_violation"", ""evidence"": ""The captain's failure to maintain sufficient clearance while taxiing to an assigned gate, which resulted in a collision with an airplane that had been pushed back (and holding) from another gate.""}, {""subject"": ""unsafe_decision"", ""relation"": ""LEADS_TO"", ""object"": ""unsafe_violation"", ""evidence"": ""The tug operator's failure to follow published company procedures resulting in the holding airplane being pushed back too far, which reduced wingtip clearance of the taxiing airplane.""}]",success
20040305X00271,"[{""text"": ""None of the flight attendants recalled having any advance warning of the turbulence."", ""role"": ""Flight Attendant"", ""tier"": ""Unsafe_perception""}]","{""unsafe_perception"": [""None of the flight attendants recalled having any advance warning of the turbulence.""]}","[{""subject"": ""unsafe_perception"", ""relation"": ""CO_OCCURS_WITH"", ""object"": ""unsafe_decision"", ""evidence"": ""None of the flight attendants recalled having any advance warning of the turbulence.""}]",success
20001212X22320,"[{""text"": ""The captain was not informed about the injured flight attendant until he walked to the back of the aircraft after arriving at the gate."", ""role"": ""Captain"", ""tier"": ""unsafe_decision""}]","{""unsafe_decision"": [""The captain was not informed about the injured flight attendant until he walked to the back of the aircraft after arriving at the gate.""]}","[{""subject"": ""unsafe_decision"", ""relation"": ""LEADS_TO"", ""object"": ""unsafe_perception"", ""evidence"": ""The captain was not informed about the injured flight attendant until he walked to the back of the aircraft after arriving at the gate.""}]",success
20050118X00061,"[{""text"": ""The snowplow driver was plowing the taxiway and did not realize that the airplane had stopped."", ""role"": ""Snowplow Driver"", ""tier"": ""unsafe_perception""}]","{""unsafe_perception"": [""The snowplow driver was plowing the taxiway and did not realize that the airplane had stopped.""]}","[{""subject"": ""unsafe_perception"", ""relation"": ""CO_OCCURS_WITH"", ""object"": ""unsafe_decision"", ""evidence"": ""The snowplow driver was plowing the taxiway and did not realize that the airplane had stopped.""}]",success
20030304X00276,"[{""text"": ""Inadvertent encounter with turbulence while attempting to maneuver through an area of convective activity during descent."", ""role"": ""Flight crew"", ""tier"": ""unsafe_decision""}]","{""unsafe_decision"": [""Inadvertent encounter with turbulence while attempting to maneuver through an area of convective activity during descent.""]}","[{""subject"": ""unsafe_decision"", ""relation"": ""CO_OCCURS_WITH"", ""object"": ""situational_tech"", ""evidence"": ""The flight crew's inadvertent encounter with turbulence while attempting to maneuver through an area of convective activity during descent.""}]",success
20011004X02036,"[{""text"": ""Omitted Checklist Step"", ""role"": ""Pilot in Command (Captain)"", ""tier"": ""unsafe_skill""}]","{""unsafe_skill"": [""Omitted Checklist Step: 'Parking brake ........................................................ Set, pressure normal (C)'""]}","[{""subject"": ""unsafe_skill"", ""relation"": ""LEADS_TO"", ""object"": ""unsafe_decision"", ""evidence"": ""The UAL Maintenance Manual states under 'No Verbal Communications Dispatching' paragraph B, states, 'Starting of any engines must be done at the gate before pushback or after the final pushback 'Brakes set' signal.' The airplane rolled forward when it was disconnected from its tow, pinning and seriously injuring a wing walker.""}, {""subject"": ""unsafe_decision"", ""relation"": ""LEADS_TO"", ""object"": ""unsafe_violation"", ""evidence"": ""The captain reported that the last hand signal he saw was to start engines. After starting the number one engine, the first officer felt the airplane move forward. The first officer stated that he asked the captain if the parking brake was supposed to be set at which time the captain looked down and set it.""}]",success
20050901X01366,"[{""text"": ""The failure of the flight crew to maintain adequate clearance while taxiing."", ""role"": ""Airbus Crew"", ""tier"": ""Unsafe Skill""}]","{""operator_mental"": [""Loss of Situational Awareness (Captain and Augmenting Captain)""], ""operator_physical"": [""Physical Fatigue (Captain and Augmenting Captain)""], ""personnel_crm"": [""Failed to Communicate (Ground Controller)""], ""unsafe_skill"": [""The failure of the flight crew to maintain adequate clearance while taxiing.""]}","[{""subject"": ""unsafe_skill"", ""relation"": ""CO_OCCURS_WITH"", ""object"": ""unsafe_decision"", ""evidence"": ""The captain and augmenting captain of the Airbus visually checked for clearance between their left wingtip and the tail of the Bombardier and decided that there was adequate clearance.""}]",success
20070323X00325,"[{""text"": ""The tug driver for flight 406 stated he could not see flight 157 behind them and as soon as he began moving the airplane both wing walkers gave the 'X' signal to stop."", ""role"": ""Ground personnel"", ""tier"": ""unsafe_skill""}]","{""unsafe_skill"": [""The tug driver for flight 406 stated he could not see flight 157 behind them and as soon as he began moving the airplane both wing walkers gave the 'X' signal to stop.""]}","[{""subject"": ""unsafe_skill"", ""relation"": ""CO_OCCURS_WITH"", ""object"": ""unsafe_decision"", ""evidence"": ""The tug driver for flight 406 stated he could not see flight 157 behind them and as soon as he began moving the airplane both wing walkers gave the 'X' signal to stop. A factor associated with the accident was the parked airplane which was contacted.""}]",success
20010904X01867,"[{""text"": ""attempted to remove the chocks"", ""role"": ""Ramp agent"", ""tier"": ""Unsafe Skill""}]","{""unsafe_skill"": [""attempted to remove the chocks - Ramp agent""]}","[{""subject"": ""unsafe_skill"", ""relation"": ""CO_OCCURS_WITH"", ""object"": ""personnel_readiness"", ""evidence"": ""The ramp agent had satisfactorily completed all initial and recurrent training and was also qualified to marshal airplanes.""}, {""subject"": ""unsafe_skill"", ""relation"": ""LEADS_TO"", ""object"": ""unsafe_decision"", ""evidence"": ""As the ramp agent approached the chocks, the marshaller and a coworker yelled at him to stop, but he did not stop and was fatally struck by the right engine's propellers.""}, {""subject"": ""personnel_readiness"", ""relation"": ""CO_OCCURS_WITH"", ""object"": ""unsafe_skill"", ""evidence"": ""The ramp agent had satisfactorily completed all initial and recurrent training and was also qualified to marshal airplanes.""}, {""subject"": ""unsafe_decision"", ""relation"": ""LEADS_TO"", ""object"": ""unsafe_perception"", ""evidence"": ""The surface of the ramp was not a factor in this accident. The ramp agent was at the end of his shift on a very hot day and was taking a medication for a medical condition that had the potential to impair his judgment.""}]",success
20050209X00169,"[{""text"": ""Inadvertently aligned the aircraft with the paved surface of the parallel taxiway as he rolled out on final for a visual approach."", ""role"": ""First Officer"", ""tier"": ""unsafe_skill""}]","{""unsafe_skill"": [""Breakdown in Visual Scan""]}","[{""subject"": ""unsafe_skill"", ""relation"": ""CO_OCCURS_WITH"", ""object"": ""operator_physical"", ""evidence"": ""Inadvertently aligned the aircraft with the paved surface of the parallel taxiway as he rolled out on final for a visual approach.""}, {""subject"": ""unsafe_skill"", ""relation"": ""LEADS_TO"", ""object"": ""unsafe_decision"", ""evidence"": ""The First Officer, who was the flying flight crew member during the approach, continued the approach until he noticed the large yellow \""X\"" just off the north end of the taxiway.""}, {""subject"": ""unsafe_skill"", ""relation"": ""LEADS_TO"", ""object"": ""unsafe_perception"", ""evidence"": ""Both flight crew members said that although the paved surfaces where wet and a little shiny (from an earlier shower), they felt it was the shape, size, and color of the taxiway surface that most directly contributed to the misidentification.""}]",success
20030509X00638,"[{""text"": ""Omitted Checklist Step"", ""role"": ""Pilot"", ""tier"": ""unsafe_skill""}]","{""unsafe_skill"": [""Omitted Checklist Step - Pilot""]}","[{""subject"": ""unsafe_skill"", ""relation"": ""LEADS_TO"", ""object"": ""unsafe_decision"", ""evidence"": ""Omitted Checklist Step""}]",success
20031113X01896,"[{""text"": ""Omitted Checklist Step"", ""role"": ""Crew"", ""tier"": ""unsafe_skill""}]","{""unsafe_skill"": [""Omitted Checklist Step - Crew""]}","[{""subject"": ""unsafe_skill"", ""relation"": ""CO_OCCURS_WITH"", ""object"": ""operator_physical"", ""evidence"": ""The crew accomplished the appropriate checklist, and then about five minutes later the engine number three and engine number four B Loop fire indicators illuminated.""}]",success
20001212X22091,"[{""text"": ""attributed the noise to the airplane tires running over a rut"", ""role"": ""Captain"", ""tier"": ""Unsafe Skill""}]","{""unsafe_skill"": [""attributed the noise to the airplane tires running over a rut - Captain""]}","[{""subject"": ""unsafe_skill"", ""relation"": ""CO_OCCURS_WITH"", ""object"": ""operator_physical"", ""evidence"": ""The captain continued taxiing. During the takeoff roll, about 130 knots indicated airspeed (IAS), the captain heard and felt another 'thump', followed by a substantial vibration.""}]",success
20010105X00017,"[{""text"": ""We were holding a 3,000 to 6,000 foot rate of climb."", ""role"": ""Captain"", ""tier"": ""unsafe_skill""}, {""text"": ""When we brought in the flaps, the aircraft pitched way nose high. We were out of control."", ""role"": ""First Officer"", ""tier"": ""unsafe_skill""}]","{""unsafe_skill"": [""\""We were holding a 3,000 to 6,000 foot rate of climb.\"" (Captain)"", ""\""When we brought in the flaps, the aircraft pitched way nose high. We were out of control.\"" (First Officer)""]}","[{""subject"": ""unsafe_skill"", ""relation"": ""LEADS_TO"", ""object"": ""unsafe_decision"", ""evidence"": ""When we brought in the flaps, the aircraft pitched way nose high. We were out of control.""}]",success
20040812X01200,"[{""text"": ""Exceeded Ability"", ""role"": ""Captain"", ""tier"": ""unsafe_decision""}]","{""unsafe_decision"": [""Exceeded Ability""]}","[{""subject"": ""unsafe_decision"", ""relation"": ""LEADS_TO"", ""object"": ""unsafe_violation"", ""evidence"": ""The pilot's excessive maneuvering in response to a TCAS alert, which resulted in a serious injury to the flight attendant.""}]",success
20051026X01739,"[{""text"": ""Exceeded Ability"", ""role"": ""Pilot Flying (First Officer)"", ""tier"": ""unsafe_decision""}]","{""unsafe_decision"": [""The first officer climbed the airplane to 3,500 feet, and then descended the airplane back to 3,000 feet once the RA was complied with. During the climb and subsequent descent maneuver, a cabin attendant sustained a serious injury. Data downloaded from the flight data recorder (FDR) revealed that the flight crew responded with a pitch-up attitude of 14 degrees, with a sustained g-load of 2 g's.""]}","[{""subject"": ""unsafe_decision"", ""relation"": ""LEADS_TO"", ""object"": ""operator_physical"", ""evidence"": ""The flight crew's excessive maneuver in response to a traffic alert during the landing approach.""}]",success
20180702X05713,"[{""text"": ""The local controller failing to follow established facility directives and issuing a clearance for takeoff from a runway not under his control."", ""role"": ""Local Controller (LC)"", ""tier"": ""unsafe_decision""}]","{""unsafe_decision"": [""The local controller failing to follow established facility directives and issuing a clearance for takeoff from a runway not under his control.""]}","[{""subject"": ""unsafe_decision"", ""relation"": ""LEADS_TO"", ""object"": ""unsafe_violation"", ""evidence"": ""The local controller failing to follow established facility directives and issuing a clearance for takeoff from a runway not under his control.""}]",success
20060808X01112,"[{""text"": ""pushback with the parking brake set"", ""role"": ""Captain"", ""tier"": ""unsafe_skill""}]","{""unsafe_skill"": [""pushback with the parking brake set - Captain""]}","[{""subject"": ""unsafe_skill"", ""relation"": ""LEADS_TO"", ""object"": ""unsafe_violation"", ""evidence"": ""The captain's failure to follow company procedures, which resulted in pushback with the parking brake set.""}]",success
20001212X20507,"[{""text"": ""The trim wheel made a 'snapping' motion midway through the movement."", ""role"": ""pilot"", ""tier"": ""unsafe_skill""}, {""text"": ""Both crewmembers guarded the flight controls. The captain was flying the airplane and stated that it 'wanted to pitch up.' He had to apply moderate forward pressure to maintain pitch control."", ""role"": ""pilot"", ""tier"": ""unsafe_skill""}]","{""unsafe_skill"": [""The trim wheel made a 'snapping' motion midway through the movement. (pilot)"", ""Both crewmembers guarded the flight controls. The captain was flying the airplane and stated that it 'wanted to pitch up.' He had to apply moderate forward pressure to maintain pitch control. (pilot)""]}","[{""subject"": ""unsafe_skill"", ""relation"": ""LEADS_TO"", ""object"": ""unsafe_decision"", ""evidence"": ""The trim wheel made a 'snapping' motion midway through the movement. Both crewmembers guarded the flight controls. The captain was flying the airplane and stated that it 'wanted to pitch up.' He had to apply moderate forward pressure to maintain pitch control.""}]",success
20070418X00436,"[{""text"": ""Misdiagnosed Emergency"", ""role"": ""Flight Attendants"", ""tier"": ""unsafe_decision""}]","{""unsafe_decision"": [""The first officer's announcement that the turbulence would not be as bad as expected may have led the flight attendants to misinterpret the severity of the situation, relaxing their preparedness. (Flight Attendants)""]}","[{""subject"": ""unsafe_decision"", ""relation"": ""CO_OCCURS_WITH"", ""object"": ""personnel_crm"", ""evidence"": ""The first officer said that turbulence during their departure had been very bad, therefore, in order to mitigate any passenger anxiety, when he made the 'prepare for landing' announcement, he added that the turbulence would not be as bad as it was on departure. He understood the captain's instructions to the flight attendants, and this announcement was aimed solely at the passengers.""}, {""subject"": ""unsafe_decision"", ""relation"": ""CO_OCCURS_WITH"", ""object"": ""unsafe_perception"", ""evidence"": ""The cabin crew reported injuries to all flight attendants and no injuries to passengers. All six flight attendants received medical attention after landing. One flight attendant was seriously injured with a closed fibular fracture; the five other flight attendants had minor injuries.""}, {""subject"": ""unsafe_decision"", ""relation"": ""CO_OCCURS_WITH"", ""object"": ""unsafe_violation"", ""evidence"": ""The first officer's 'prepare for landing' announcement indicated that the turbulence would not be as bad as they had been told to expect. The flight attendants may have interpreted this added information concerning turbulence as a relaxation of the captain's earlier instructions.""}]",success
20020612X00859,"[{""text"": ""Failed to Prioritize Attention"", ""role"": ""Maintenance personnel"", ""tier"": ""unsafe_skill""}]","{""unsafe_skill"": [""Failed to prioritize attention""]}","[{""subject"": ""unsafe_skill"", ""relation"": ""CO_OCCURS_WITH"", ""object"": ""operator_physical"", ""evidence"": ""Maintenance personnel were engaged in the repair of a small (1 x 3 inch) hole on the underside of the left horizontal stabilizer.""}, {""subject"": ""unsafe_skill"", ""relation"": ""LEADS_TO"", ""object"": ""unsafe_decision"", ""evidence"": ""The R1 windshield panel was reported to have been manufactured on July 28, 1998. The R1 windshield heat controller (part number: SYLZ-51737, serial number: 64F) was manufactured in November of 1991.""}, {""subject"": ""unsafe_decision"", ""relation"": ""LEADS_TO"", ""object"": ""unsafe_perception"", ""evidence"": ""The Captain perceived that the flames were on the exterior of the windshield and the first officer opened his right window (R2) and used a hand held halon fire extinguisher to attempt to extinguish the fire.""}, {""subject"": ""unsafe_perception"", ""relation"": ""LEADS_TO"", ""object"": ""unsafe_violation"", ""evidence"": ""The Captain de-powered the aircraft and the fire condition dissipated.""}]",success
20020925X05213,"[{""text"": ""The fracture features were consistent with overstress fracture."", ""role"": ""Maintenance"", ""tier"": ""unsafe_skill""}]","{""unsafe_skill"": [""The fracture features were consistent with overstress fracture.""]}","[{""subject"": ""unsafe_skill"", ""relation"": ""CO_OCCURS_WITH"", ""object"": ""situational_tech"", ""evidence"": ""The fatigue failure of the main landing gear strut due to inclusions in the material, residual stresses, and dissolved hydrogen content.""}]",success
20001212X21420,"[{""text"": ""Inadvertent Flight Control Use"", ""role"": ""Pilot (Captain and Copilot)"", ""tier"": ""unsafe_skill""}]","{""unsafe_skill"": [""Inadvertent Flight Control Use""]}","[{""subject"": ""unsafe_skill"", ""relation"": ""LEADS_TO"", ""object"": ""unsafe_perception"", ""evidence"": ""A flight attendant stated, 'I was in the galley in the back (737) - seat belt sign was off - 2 gentleman were visiting with us - standing - the seat belt sign was turned on.  We requested they be seated, [and] severe turbulence hit.'""}]",success
20070111X00042,"[{""text"": ""Failure of the captain, during taxi, to maintain adequate clearance from an occupied airplane stopped on the ramp."", ""role"": ""pilot"", ""tier"": ""unsafe_decision""}]","{""unsafe_decision"": [""Failure of the captain, during taxi, to maintain adequate clearance from an occupied airplane stopped on the ramp.""]}","[{""subject"": ""unsafe_decision"", ""relation"": ""LEADS_TO"", ""object"": ""operator_physical"", ""evidence"": ""Failure of the captain, during taxi, to maintain adequate clearance from an occupied airplane stopped on the ramp.""}]",success
20051018X01675,"[{""text"": ""The captain's request for only one step of the de-icing process, indicating a growing sense of frustration due to the lengthy time it was taking."", ""role"": ""Pilot"", ""tier"": ""unsafe_decision""}]","{""unsafe_decision"": [""The captain's request for only one step of the de-icing process, indicating a growing sense of frustration due to the lengthy time it was taking.""]}","[{""subject"": ""unsafe_decision"", ""relation"": ""LEADS_TO"", ""object"": ""unsafe_violation"", ""evidence"": ""The captain's request for only one step of the de-icing process, indicating a growing sense of frustration due to the lengthy time it was taking.""}]",success
20010104X00013,"[{""text"": ""At 0800:32, the autopilot was disconnected."", ""role"": ""Captain"", ""tier"": ""unsafe_skill""}, {""text"": ""As I began to initiate the flare, (the first officer) announced that sink rate was increasing. I crosschecked that my airspeed was correct and attempted to increase my pitch."", ""role"": ""First Officer"", ""tier"": ""unsafe_skill""}]","{""unsafe_skill"": [""Omitted Checklist Step - Captain"", ""Breakdown in Visual Scan - First Officer""]}","[{""subject"": ""unsafe_skill"", ""relation"": ""LEADS_TO"", ""object"": ""unsafe_decision"", ""evidence"": ""At 0800:32, the autopilot was disconnected. As I began to initiate the flare, (the first officer) announced that sink rate was increasing. I crosschecked that my airspeed was correct and attempted to increase my pitch.""}]",success
20020125X00135,"[{""text"": ""Failed to Prioritize Attention"", ""role"": ""Crew"", ""tier"": ""unsafe_skill""}]","{""operator_mental"": [""Loss of Situational Awareness - Captain"", ""Complacency - Captain""], ""operator_physical"": [""Physical Fatigue - Captain and First Officer""], ""situational_tech"": [""Incompatible Intelligence/Aptitude - Engine Start Procedures""], ""personnel_crm"": [""Failed to Communicate - Ground Control"", ""Misinterpretation of Traffic Calls - ARFF Personnel""], ""personnel_readiness"": [""Crew Rest Violation - Captain and First Officer""], ""unsafe_skill"": [""Failed to prioritize attention""]}","[{""subject"": ""unsafe_skill"", ""relation"": ""CO_OCCURS_WITH"", ""object"": ""unsafe_decision"", ""evidence"": ""The captain reported they were unable to start the right engine. They performed the 'clearing procedure' and then went on to start the left engine with no problem.""}]",success
20020214X00216,"[{""text"": ""The tug driver positioned the tug at an angle to the nose of the airplane that allowed the airplane to move forward and strike the tug."", ""role"": ""Tug Driver"", ""tier"": ""unsafe_decision""}]","{""unsafe_decision"": [""'Improper Procedure' - The tug driver positioned the tug at an angle to the nose of the airplane that allowed the airplane to move forward and strike the tug.""]}",[],success
20060109X00026,"[{""text"": ""felt the 737 was clear of our path"", ""role"": ""Captain (UPS)"", ""tier"": ""unsafe_skill""}]","{""unsafe_skill"": [""felt the 737 was clear of our path - Captain (UPS)""]}","[{""subject"": ""unsafe_skill"", ""relation"": ""CO_OCCURS_WITH"", ""object"": ""operator_physical"", ""evidence"": ""felt the 737 was clear of our path""}, {""subject"": ""unsafe_decision"", ""relation"": ""LEADS_TO"", ""object"": ""unsafe_perception"", ""evidence"": ""The UPS Captain stated that Houston Intercontinental (IAH) Ground Control had cleared N319UP to the ramp via taxiway \""SF,\"" after it landed on runway 27.""}, {""subject"": ""unsafe_skill"", ""relation"": ""LEADS_TO"", ""object"": ""unsafe_perception"", ""evidence"": ""The UPS Captain stated that they 'felt the 737 was clear of our path.'""}]",success
20051213X01964,"[{""text"": ""Failed to prioritize attention"", ""role"": ""Pilot (Captain)"", ""tier"": ""unsafe_decision""}]","{""unsafe_decision"": [""The captain felt the antiskid system cycle after the airplane touched down but then felt it stop cycling and that the airplane seemed to accelerate. He made no further effort to activate the thrust reversers, believing that the use of the autobrake system distracted his attention from the thrust reversers after his initial attempt to deploy them.""]}","[{""subject"": ""unsafe_decision"", ""relation"": ""LEADS_TO"", ""object"": ""unsafe_violation"", ""evidence"": ""The pilots' failure to use available reverse thrust in a timely manner to safely slow or stop the airplane after landing, which resulted in a runway overrun.""}]",success
20001212X22037,"[{""text"": ""The 'fasten seatbelt' sign was 'ON' for 10 minutes prior to the accident."", ""role"": ""Flight Attendants"", ""tier"": ""Unsafe Skill""}]","{""operator_mental"": [""Complacency - Flight Attendants""], ""operator_physical"": [""Physical Fatigue - Flight Attendants""], ""personnel_crm"": [""Failed to Communicate - Flight Crew""], ""unsafe_skill"": [""The 'fasten seatbelt' sign was 'ON' for 10 minutes prior to the accident.""]}","[{""subject"": ""unsafe_skill"", ""relation"": ""CO_OCCURS_WITH"", ""object"": ""operator_physical"", ""evidence"": ""The flight attendants were thrown initially upward, and then deposited into various positions on the floor and seats.""}]",success
20110324X53002,"[{""text"": ""did not activate the aircraft\u2019s transponder before takeoff"", ""role"": ""Flight crew"", ""tier"": ""unsafe_skill""}, {""text"": ""did not notice that the flight had failed to auto-acquire because his attention was temporarily drawn to a situation at the approach end of runway 27R"", ""role"": ""ATC personnel"", ""tier"": ""unsafe_decision""}]","{""unsafe_skill"": [""\""did not activate the aircraft\u2019s transponder before takeoff\"" - Flight crew"", ""\""did not notice that the flight had failed to auto-acquire because his attention was temporarily drawn to a situation at the approach end of runway 27R\"" - ATC personnel""], ""unsafe_decision"": [""\""did not notice that the flight had failed to auto-acquire because his attention was temporarily drawn to a situation at the approach end of runway 27R\"" - ATC personnel""]}","[{""subject"": ""unsafe_skill"", ""relation"": ""LEADS_TO"", ""object"": ""unsafe_decision"", ""evidence"": ""did not activate the aircraft\u2019s transponder before takeoff did not notice that the flight had failed to auto-acquire because his attention was temporarily drawn to a situation at the approach end of runway 27R""}]",success
20070228X00237,"[{""text"": ""the captain stated that he was unable to maintain directional control of the airplane"", ""role"": ""pilot"", ""tier"": ""Unsafe Skill""}]","{""unsafe_skill"": [""the captain stated that he was unable to maintain directional control of the airplane""]}","[{""subject"": ""unsafe_skill"", ""relation"": ""CO_OCCURS_WITH"", ""object"": ""operator_physical"", ""evidence"": ""the captain stated that he was unable to maintain directional control of the airplane""}, {""subject"": ""unsafe_skill"", ""relation"": ""LEADS_TO"", ""object"": ""unsafe_perception"", ""evidence"": ""the captain was unable to maintain directional control of the airplane while landing with a crosswind""}]",success
20041019X01653,"[{""text"": ""Inappropriate Maneuver"", ""role"": ""First Officer"", ""tier"": ""unsafe_decision""}]","{""unsafe_decision"": [""He said he requested and received clearance to deviate around known weather ahead of their flight path.""]}","[{""subject"": ""unsafe_decision"", ""relation"": ""LEADS_TO"", ""object"": ""unsafe_perception"", ""evidence"": ""The first officer stated that they were in instrument meteorological conditions, and did not encounter turbulence. He said they returned to visual meteorological conditions momentarily, after which another cloud was in front of them, but there was no precipitation associated with it on the radar display.""}, {""subject"": ""unsafe_decision"", ""relation"": ""LEADS_TO"", ""object"": ""unsafe_violation"", ""evidence"": ""The first officer said that he contacted the flight attendants and told them to stay seated. He said he then requested  and received clearance to deviate around known weather ahead of their flight path.""}, {""subject"": ""unsafe_decision"", ""relation"": ""CO_OCCURS_WITH"", ""object"": ""unsafe_skill"", ""evidence"": ""The first officer stated that they did not penetrate any weather as seen on the airplane's display, but that they were in instrument meteorological conditions, and returned to visual meteorological conditions momentarily.""}]",success
20050106X00021,"[{""text"": ""Separation of the fuel tube assembly connection occurred at the brazed sleeve joint between the ferrule and the fuel tube."", ""role"": ""Maintenance"", ""tier"": ""unsafe_skill""}]","{""unsafe_skill"": [""Separation of the fuel tube assembly connection occurred at the brazed sleeve joint between the ferrule and the fuel tube.""]}","[{""subject"": ""unsafe_skill"", ""relation"": ""LEADS_TO"", ""object"": ""unsafe_perception"", ""evidence"": ""Separation of the fuel tube assembly connection occurred at the brazed sleeve joint between the ferrule and the fuel tube.""}]",success
20070223X00215,"[{""text"": ""gotta have twenty four [hundred feet] to shoot \u2026 the ILS"", ""role"": ""Captain"", ""tier"": ""unsafe_skill""}, {""text"": ""the first officer's initial wheel brake application was about 20 percent of maximum and remained relatively steady for about 8 seconds before increasing to 75 percent of maximum."", ""role"": ""First Officer"", ""tier"": ""unsafe_skill""}]","{""unsafe_skill"": [""\""gotta have twenty four [hundred feet] to shoot \u2026 the ILS\"" - Captain"", ""\""the first officer's initial wheel brake application was about 20 percent of maximum and remained relatively steady for about 8 seconds before increasing to 75 percent of maximum.\"" - First Officer""]}","[{""subject"": ""unsafe_skill"", ""relation"": ""CO_OCCURS_WITH"", ""object"": ""unsafe_decision"", ""evidence"": ""the failure of the flight crew to execute a missed approach when visual cues for the runway were not distinct and identifiable.""}, {""subject"": ""unsafe_skill"", ""relation"": ""LEADS_TO"", ""object"": ""unsafe_perception"", ""evidence"": ""the first officer's initial wheel brake application was about 20 percent of maximum and remained relatively steady for about 8 seconds before increasing to 75 percent of maximum.""}]",success
20020306X00308,"[{""text"": ""The captain had briefed the crew prior to departure, but did not include any specific comments about delaying the start of cabin service until clear of the thunderstorms."", ""role"": ""Captain"", ""tier"": ""unsafe_skill""}]","{""unsafe_skill"": [""\""The captain had briefed the crew prior to departure, but did not include any specific comments about delaying the start of cabin service until clear of the thunderstorms.\"" - Captain""]}","[{""subject"": ""unsafe_skill"", ""relation"": ""CO_OCCURS_WITH"", ""object"": ""unsafe_decision"", ""evidence"": ""The captain had briefed the crew prior to departure, but did not include any specific comments about delaying the start of cabin service until clear of the thunderstorms.""}]",success
20020313X00335,"[{""text"": ""The captain immediately rejected the takeoff and stopped on the runway to assess the damage."", ""role"": ""Captain"", ""tier"": ""Unsafe Skill""}]","{""unsafe_skill"": [""The captain immediately rejected the takeoff and stopped on the runway to assess the damage.""]}","[{""subject"": ""unsafe_skill"", ""relation"": ""CO_OCCURS_WITH"", ""object"": ""operator_physical"", ""evidence"": ""The captain immediately rejected the takeoff and stopped on the runway to assess the damage.""}]",success
20020813X01372,"[{""text"": ""Failed to Prioritize Attention"", ""role"": ""Pilot in Command (Captain)"", ""tier"": ""unsafe_skill""}]","{""unsafe_skill"": [""Failed to prioritize attention: 'The captain stated the flight was normal until approximately base leg when the gear was extended. '""]}","[{""subject"": ""unsafe_skill"", ""relation"": ""CO_OCCURS_WITH"", ""object"": ""operator_physical"", ""evidence"": ""The captain followed the emergency procedures and shut down the engines in accordance with the checklists.""}]",success
20010307X00558,"[{""text"": ""The nose pitched down violently about 10 degrees, and then the nose pitched back up."", ""role"": ""pilot"", ""tier"": ""unsafe_skill""}]","{""unsafe_skill"": [""The nose pitched down violently about 10 degrees, and then the nose pitched back up. (pilot)""]}","[{""subject"": ""unsafe_skill"", ""relation"": ""LEADS_TO"", ""object"": ""unsafe_decision"", ""evidence"": ""The nose pitched down violently about 10 degrees, and then the nose pitched back up.""}]",success
20060323X00337,"[{""text"": ""Improper Procedure"", ""role"": ""Maintenance Crew"", ""tier"": ""unsafe_decision""}]","{""operator_mental"": [""Complacency - Captain"", ""Loss of Situational Awareness - Captain""], ""operator_physical"": [""Physical Fatigue - Captain and First Officer""], ""situational_tech"": [""Equipment Design - Maintenance Personnel""], ""personnel_crm"": [""Failed to Communicate - Maintenance Personnel""], ""unsafe_decision"": [""Improper procedure: Improper installation of the pilot's windshield by company maintenance personnel""]}","[{""subject"": ""unsafe_decision"", ""relation"": ""LEADS_TO"", ""object"": ""unsafe_violation"", ""evidence"": ""The improper installation of the pilot's windshield by company maintenance personnel, which resulted in flame and smoke in the cockpit, and subsequent emergency landing.""}]",success
20020301X00292,"[{""text"": ""B-sump scavenge screen blockage"", ""role"": ""Maintenance crew"", ""tier"": ""unsafe_perception""}]","{""unsafe_perception"": [""Misjudged Distance/Altitude/Airspeed""]}","[{""subject"": ""unsafe_perception"", ""relation"": ""LEADS_TO"", ""object"": ""unsafe_violation"", ""evidence"": ""B-sump scavenge screen blockage""}]",success
20030327X00400,"[{""text"": ""I lost control of the situation when the left mains got into the soft earth at the edge of the runway."", ""role"": ""Captain"", ""tier"": ""unsafe_skill""}]","{""unsafe_skill"": [""I lost control of the situation when the left mains got into the soft earth at the edge of the runway. (Captain)""]}","[{""subject"": ""unsafe_skill"", ""relation"": ""CO_OCCURS_WITH"", ""object"": ""operator_physical"", ""evidence"": ""the captain's failure to maintain directional control during takeoff.""}]",success
20001212X21060,"[{""text"": ""Misdiagnosed Emergency"", ""role"": ""First Officer"", ""tier"": ""unsafe_decision""}]","{""unsafe_decision"": [""Misdiagnosed Emergency (First Officer)""]}","[{""subject"": ""operator_physical"", ""relation"": ""CO_OCCURS_WITH"", ""object"": ""unsafe_decision"", ""evidence"": ""The captain reported that after the passengers were boarded, he closed and latched the forward airstair door and verified that it was closed by viewing inside the inspection window and also by viewing the cam sight gauges.""}]",success
20070614X00724,"[{""text"": ""Inadvertent encounter with moderate turbulence between 10,000 and 7,000 feet msl"", ""role"": ""flight crew"", ""tier"": ""unsafe_perception""}]","{""unsafe_perception"": [""Misjudged Distance/Altitude/Airspeed""]}","[{""subject"": ""unsafe_perception"", ""relation"": ""LEADS_TO"", ""object"": ""unsafe_decision"", ""evidence"": ""The flight crew encountered moderate turbulence between 10,000 and 7,000 feet msl during the approach which resulted in a serious injury to the flight attendant.""}]",success
20050810X01209,"[{""text"": ""The captain pulled the yoke with both hands, but it did not move."", ""role"": ""pilot"", ""tier"": ""unsafe_skill""}, {""text"": ""The maintenance personnel noted that the outer portion of the left elevator could be 'moved around' by hand."", ""role"": ""maintenance crew"", ""tier"": ""unsafe_skill""}]","{""unsafe_skill"": [""'The captain pulled the yoke with both hands, but it did not move.' (pilot)"", ""'The maintenance personnel noted that the outer portion of the left elevator could be 'moved around' by hand.' (maintenance crew)""]}","[{""subject"": ""unsafe_skill"", ""relation"": ""LEADS_TO"", ""object"": ""unsafe_decision"", ""evidence"": ""The captain pulled the yoke with both hands, but it did not move.""}, {""subject"": ""unsafe_skill"", ""relation"": ""CO_OCCURS_WITH"", ""object"": ""unsafe_perception"", ""evidence"": ""The maintenance personnel noted that the outer portion of the left elevator could be 'moved around' by hand.""}]",success
20031122X01939,"[{""text"": ""Rotating at a lower airspeed requires a higher angle of attack, and therefore, a higher pitch attitude to achieve liftoff."", ""role"": ""Pilot"", ""tier"": ""unsafe_skill""}]","{""unsafe_skill"": [""Rotating at a lower airspeed requires a higher angle of attack, and therefore, a higher pitch attitude to achieve liftoff - Pilot""]}",[],success
20001212X21738,"[{""text"": ""chose this [deviation] in order to remain on the upwind side of the weather activity"", ""role"": ""Flight crew"", ""tier"": ""unsafe_decision""}, {""text"": ""took immediate action to avoid the cloud by using the maximum bank angle allowed by the autopilot"", ""role"": ""Flight crew"", ""tier"": ""unsafe_skill""}]","{""unsafe_decision"": [""chose this [deviation] in order to remain on the upwind side of the weather activity - Flight crew""], ""unsafe_skill"": [""took immediate action to avoid the cloud by using the maximum bank angle allowed by the autopilot - Flight crew""]}","[{""subject"": ""unsafe_decision"", ""relation"": ""LEADS_TO"", ""object"": ""unsafe_skill"", ""evidence"": ""took immediate action to avoid the cloud by using the maximum bank angle allowed by the autopilot""}]",success
20001212X21128,"[{""text"": ""Misjudged Distance/Altitude/Airspeed"", ""role"": ""B-767 flight crew"", ""tier"": ""unsafe_perception""}]","{""unsafe_perception"": [""'passed 'very close' laterally (according to the Cessna pilot)' and initiating the left turn into the parking ramp 'with enough power to maintain forward progress for [the] turn' (according to the B-767 captain.)""]}","[{""subject"": ""unsafe_perception"", ""relation"": ""CO_OCCURS_WITH"", ""object"": ""unsafe_decision"", ""evidence"": ""Misjudged Distance/Altitude/Airspeed CO_OCCURS_WITH The failure of the B-767 flight crew to ensure their aircraft's jet blast was not a hazard to the Cessna.""}]",success
20010911X01915,[],{},[],parse_error
20070712X00920,"[{""text"": ""diverted attention resulting in the airplane rolling over the mechanic's foot"", ""role"": ""Mechanic"", ""tier"": ""Unsafe Skill""}, {""text"": ""failure to maintain clearance from the nose landing gear"", ""role"": ""Mechanic"", ""tier"": ""Unsafe Skill""}]","{""unsafe_skill"": [""Diverted Attention - Mechanic"", ""Failure to Maintain Clearance - Mechanic""]}","[{""subject"": ""unsafe_skill"", ""relation"": ""LEADS_TO"", ""object"": ""unsafe_perception"", ""evidence"": ""diverted attention resulting in the airplane rolling over the mechanic's foot""}, {""subject"": ""unsafe_skill"", ""relation"": ""LEADS_TO"", ""object"": ""unsafe_decision"", ""evidence"": ""failure to maintain clearance from the nose landing gear""}]",success
20031027X01814,"[{""text"": ""applied 'abrupt' braking to prevent the airplane from departing the taxiway"", ""role"": ""pilot"", ""tier"": ""unsafe_skill""}]","{""unsafe_skill"": [""applied 'abrupt' braking to prevent the airplane from departing the taxiway""]}","[{""subject"": ""unsafe_skill"", ""relation"": ""LEADS_TO"", ""object"": ""unsafe_decision"", ""evidence"": ""applied 'abrupt' braking to prevent the airplane from departing the taxiway""}]",success
20030428X00581,"[{""text"": ""transport-locking pin had not been removed from the regulator during the slide's installation on the 1R door."", ""role"": ""Maintenance personnel"", ""tier"": ""unsafe_violation""}]","{""unsafe_violation"": [""'transport-locking pin had not been removed from the regulator during the slide's installation on the 1R door.' - Maintenance personnel""]}","[{""subject"": ""unsafe_violation"", ""relation"": ""LEADS_TO"", ""object"": ""unsafe_perception"", ""evidence"": ""the failure of the 1R evacuation slide to inflate because the transport-locking pin had not been removed from the regulator during the slide's installation on the 1R door.""}, {""subject"": ""unsafe_violation"", ""relation"": ""LEADS_TO"", ""object"": ""unsafe_decision"", ""evidence"": ""the failure of the 1R evacuation slide to inflate because the transport-locking pin had not been removed from the regulator during the slide's installation on the 1R door.""}]",success
20041027X01709,"[{""text"": ""The operator of the push-out vehicle and the wing-walker were not wearing ground-to-cockpit headsets at the time of the accident, because the headsets were not working properly."", ""role"": ""Ground personnel"", ""tier"": ""unsafe_violation""}]","{""unsafe_violation"": [""The operator of the push-out vehicle and the wing-walker were not wearing ground-to-cockpit headsets at the time of the accident, because the headsets were not working properly.""]}","[{""subject"": ""unsafe_violation"", ""relation"": ""LEADS_TO"", ""object"": ""unsafe_decision"", ""evidence"": ""The operator of the push-out vehicle and the wing-walker were not wearing ground-to-cockpit headsets at the time of the accident, because the headsets were not working properly.""}]",success
20031121X01938,"[{""text"": ""Omitted Checklist Step"", ""role"": ""Pilot"", ""tier"": ""unsafe_skill""}]","{""unsafe_skill"": [""Omitted Checklist Step - Pilot""]}","[{""subject"": ""unsafe_skill"", ""relation"": ""CO_OCCURS_WITH"", ""object"": ""operator_physical"", ""evidence"": ""The pilots heard a 'thump' on the left side of the airplane and assumed they hit a goose.""}, {""subject"": ""unsafe_skill"", ""relation"": ""LEADS_TO"", ""object"": ""unsafe_decision"", ""evidence"": ""The pilots visually inspected their respective wings and saw no damage, leading them to continue with the approach without further action.""}]",success
20130502X52359,"[{""text"": ""Misjudged Distance/Altitude/Airspeed"", ""role"": ""Pilot - Flight 908 Captain"", ""tier"": ""unsafe_perception""}]","{""unsafe_perception"": [""Misjudged Distance/Altitude/Airspeed - Pilot - Flight 908 Captain""]}","[{""subject"": ""unsafe_perception"", ""relation"": ""LEADS_TO"", ""object"": ""unsafe_decision"", ""evidence"": ""the captain misjudging the clearance distance""}]",success
20070627X00819,"[{""text"": ""The flight attendant (FA) was unable to open the door, and she summoned the First Officer (FO) for assistance."", ""role"": ""Flight Attendant"", ""tier"": ""unsafe_skill""}, {""text"": ""After the FA briefed the FO regarding her difficulty, the FO attempted to open the cabin door. He was similarly unsuccessful, and a mechanic was summoned."", ""role"": ""First Officer"", ""tier"": ""unsafe_skill""}]","{""unsafe_skill"": [""\""The flight attendant (FA) was unable to open the door, and she summoned the First Officer (FO) for assistance.\"" [Flight Attendant]"", ""\""After the FA briefed the FO regarding her difficulty, the FO attempted to open the cabin door. He was similarly unsuccessful, and a mechanic was summoned.\"" [First Officer]""]}","[{""subject"": ""unsafe_skill"", ""relation"": ""CO_OCCURS_WITH"", ""object"": ""unsafe_skill"", ""evidence"": ""The flight attendant (FA) was unable to open the door, and she summoned the First Officer (FO) for assistance. After the FA briefed the FO regarding her difficulty, the FO attempted to open the cabin door. He was similarly unsuccessful, and a mechanic was summoned.""}]",success
20001212X21351,"[{""text"": ""Traffic alert and collision avoidance system (TCAS) was inoperative at the time of the incident."", ""role"": ""Maintenance crew"", ""tier"": ""Unsafe_violation""}]","{""unsafe_violation"": [""Failed to Prepare for Flight""]}","[{""subject"": ""unsafe_violation"", ""relation"": ""LEADS_TO"", ""object"": ""unsafe_decision"", ""evidence"": ""An inoperative traffic alert and collision avoidance system (TCAS).""}]",success
20050613X00760,"[{""text"": ""Omitted Checklist Step - Captain and First Officer"", ""role"": ""Captain and First Officer"", ""tier"": ""unsafe_skill""}]","{""unsafe_skill"": [""Omitted Checklist Step - Captain and First Officer""]}","[{""subject"": ""unsafe_skill"", ""relation"": ""CO_OCCURS_WITH"", ""object"": ""operator_physical"", ""evidence"": ""The flightcrew performed all relevant checklists in the quick reference handbook (QRH); however, they could not correct the anomaly.""}]",success
20010507X00887,"[{""text"": ""lurched forward into the parked aircraft"", ""role"": ""Tug Driver"", ""tier"": ""unsafe_skill""}]","{""unsafe_skill"": [""lurched forward into the parked aircraft - Tug Driver""]}","[{""subject"": ""unsafe_skill"", ""relation"": ""LEADS_TO"", ""object"": ""unsafe_decision"", ""evidence"": ""lurched forward into the parked aircraft""}]",success
20070426X00458,"[{""text"": ""The pilot-in-command failed to maintain clearance with the parked airplane during taxi for takeoff."", ""role"": ""pilot"", ""tier"": ""unsafe_skill""}]","{""operator_mental"": [""Loss of Situational Awareness (pilot-in-command)""], ""operator_physical"": [""Physical Fatigue (both flight crews)""], ""personnel_crm"": [""Failed to Communicate (both flight crews)""], ""unsafe_skill"": [""Failed to Prioritize Attention""]}","[{""subject"": ""unsafe_skill"", ""relation"": ""LEADS_TO"", ""object"": ""unsafe_decision"", ""evidence"": ""The pilot-in-command failed to maintain clearance with the parked airplane during taxi for takeoff.""}]",success
20001212X21828,"[{""text"": ""Inadvertent Flight Control Use"", ""role"": ""Pilot-in-Command (PIC)"", ""tier"": ""unsafe_skill""}]","{""unsafe_skill"": [""Inadvertent Flight Control Use - Pilot-in-Command (PIC)""]}","[{""subject"": ""unsafe_skill"", ""relation"": ""LEADS_TO"", ""object"": ""unsafe_decision"", ""evidence"": ""The flight crew experienced a temporary inadvertent deployment of the left engine thrust reverser.""}]",success
20071231X02012,"[{""text"": ""All ground vehicle operators must yield the right-of-way to an aircraft in motion."", ""role"": ""Tug Driver"", ""tier"": ""unsafe_violation""}]","{""unsafe_violation"": [""'All ground vehicle operators must yield the right-of-way to an aircraft in motion.' - Tug Driver""]}","[{""subject"": ""unsafe_violation"", ""relation"": ""LEADS_TO"", ""object"": ""unsafe_decision"", ""evidence"": ""The tug driver's failure to yield the right-of-way to the airplane prior to crossing the active taxiway as required by airport procedures, and his subsequent failure to maintain clearance with the airplane.""}]",success
20001226X45487,"[{""text"": ""Inadvertent Flight Control Use"", ""role"": ""Pilot"", ""tier"": ""unsafe_skill""}]","{""unsafe_skill"": [""Inadvertent Flight Control Use""]}","[{""subject"": ""unsafe_skill"", ""relation"": ""CO_OCCURS_WITH"", ""object"": ""operator_physical"", ""evidence"": ""The two certificated airline transport pilots were not injured.""}, {""subject"": ""unsafe_skill"", ""relation"": ""LEADS_TO"", ""object"": ""unsafe_decision"", ""evidence"": ""The airplane was slowed to 230 knots and the autopilot was turned off. The pitch oscillations began again.""}]",success
20041104X01757,"[{""text"": ""Omitted Checklist Step"", ""role"": ""Flight Attendant"", ""tier"": ""unsafe_skill""}]","{""unsafe_skill"": [""Omitted Checklist Step - Flight Attendant""]}","[{""subject"": ""unsafe_skill"", ""relation"": ""CO_OCCURS_WITH"", ""object"": ""unsafe_decision"", ""evidence"": ""A flight attendant sustained serious injuries when the Boeing 737 transport category airplane encountered wake turbulence while following behind a Boeing 747 on approach.""}, {""subject"": ""unsafe_skill"", ""relation"": ""LEADS_TO"", ""object"": ""unsafe_perception"", ""evidence"": ""The injured flight attendant was standing in the aft galley at the time of the event.""}]",success
20060329X00359,"[{""text"": ""sudden and without warning"", ""role"": ""pilot"", ""tier"": ""Unsafe Perception""}]","{""unsafe_perception"": [""The turbulence encounter occurred 'suddenly and without warning.'""]}","[{""subject"": ""unsafe_perception"", ""relation"": ""LEADS_TO"", ""object"": ""unsafe_decision"", ""evidence"": ""sudden and without warning""}]",success
20060522X00596,"[{""text"": ""Overshot while maneuvering to line up on the runway"", ""role"": ""First Officer"", ""tier"": ""unsafe_skill""}, {""text"": ""Delayed go-around during an unstabilized approach"", ""role"": ""Flight Crew (Captain and First Officer)"", ""tier"": ""unsafe_decision""}]","{""unsafe_skill"": [""Overshot while maneuvering to line up on the runway - First Officer""], ""unsafe_decision"": [""Delayed go-around during an unstabilized approach - Flight Crew (Captain and First Officer)""]}","[{""subject"": ""unsafe_skill"", ""relation"": ""LEADS_TO"", ""object"": ""unsafe_decision"", ""evidence"": ""Overshot while maneuvering to line up on the runway""}, {""subject"": ""unsafe_decision"", ""relation"": ""CO_OCCURS_WITH"", ""object"": ""unsafe_skill"", ""evidence"": ""Delayed go-around during an unstabilized approach""}]",success
20061103X01604,"[{""text"": ""The captain's failure to cross-check and verify that the airplane was on the correct runway before takeoff."", ""role"": ""Captain"", ""tier"": ""unsafe_skill""}]","{""unsafe_skill"": [""The captain's failure to cross-check and verify that the airplane was on the correct runway before takeoff.""]}","[{""subject"": ""unsafe_skill"", ""relation"": ""CO_OCCURS_WITH"", ""object"": ""unsafe_decision"", ""evidence"": ""the flight crew's failure to cross-check and verify that the airplane was on the correct runway before takeoff. Contributing to the incident was the flight crew's self-induced pressure to heed the takeoff clearance during a period of increased workload.""}]",success
20040601X00708,"[{""text"": ""Encountered an updraft which lasted about 2 seconds."", ""role"": ""Crew"", ""tier"": ""unsafe_perception""}]","{""unsafe_perception"": [""Misjudged Distance/Altitude/Airspeed""]}","[{""subject"": ""unsafe_perception"", ""relation"": ""LEADS_TO"", ""object"": ""unsafe_decision"", ""evidence"": ""Encountered an updraft which lasted about 2 seconds.""}]",success
20020531X00785,"[{""text"": ""discussed the situation with their maintenance control and elected to continue the flight"", ""role"": ""Flight crew"", ""tier"": ""unsafe_decision""}]","{""unsafe_decision"": [""discussed the situation with their maintenance control and elected to continue the flight (Flight crew)""]}","[{""subject"": ""unsafe_decision"", ""relation"": ""LEADS_TO"", ""object"": ""situational_tech"", ""evidence"": ""discussed the situation with their maintenance control and elected to continue the flight""}]",success
20060111X00048,"[{""text"": ""Omitted Checklist Step - Flight Attendant"", ""role"": ""Flight Attendant"", ""tier"": ""unsafe_skill""}]","{""unsafe_skill"": [""Omitted Checklist Step - Flight Attendant""]}","[{""subject"": ""unsafe_skill"", ""relation"": ""LEADS_TO"", ""object"": ""unsafe_perception"", ""evidence"": ""Omitted Checklist Step - Flight Attendant""}, {""subject"": ""unsafe_perception"", ""relation"": ""CO_OCCURS_WITH"", ""object"": ""unsafe_decision"", ""evidence"": ""The flight encountered unforecasted clear air turbulence while the flight attendants were providing meal service to the passengers.""}]",success
20010720X01466,"[{""text"": ""Omitted Checklist Step"", ""role"": ""Flight Engineer"", ""tier"": ""unsafe_skill""}]","{""unsafe_skill"": [""Omitted Checklist Step - Flight Engineer""]}","[{""subject"": ""unsafe_skill"", ""relation"": ""LEADS_TO"", ""object"": ""unsafe_decision"", ""evidence"": ""The flight crew did not follow the engine fire/severe damage checklist properly, leading to a delayed response to the #3 engine failure.""}]",success
20060616X00745,"[{""text"": ""Inadequate inspection by the maintenance crew"", ""role"": ""Maintenance Crew"", ""tier"": ""Unsafe_Violation""}]","{""unsafe_violation"": [""Inadequate inspection by the maintenance crew""]}","[{""subject"": ""unsafe_violation"", ""relation"": ""LEADS_TO"", ""object"": ""unsafe_decision"", ""evidence"": ""A contributing factor was the inadequate inspection by the maintenance crew.""}]",success
20001212X21169,"[{""text"": ""the center autopilot made an uncommanded disconnect"", ""role"": ""pilot"", ""tier"": ""unsafe_decision""}, {""text"": ""the control wheel was jammed in the straight and level position"", ""role"": ""pilot"", ""tier"": ""unsafe_skill""}]","{""unsafe_decision"": [""'the center autopilot made an uncommanded disconnect' - pilot""], ""unsafe_skill"": [""'the control wheel was jammed in the straight and level position' - pilot""]}","[{""subject"": ""unsafe_decision"", ""relation"": ""LEADS_TO"", ""object"": ""unsafe_skill"", ""evidence"": ""the center autopilot made an uncommanded disconnect... the control wheel was jammed in the straight and level position""}]",success
20001212X20463,"[{""text"": ""The driver of the refueling truck fell asleep which resulted in him not maintaining clearance with the parked aircraft."", ""role"": ""Refueling Truck Driver"", ""tier"": ""unsafe_skill""}]","{""unsafe_skill"": [""The driver of the refueling truck fell asleep which resulted in him not maintaining clearance with the parked aircraft.""]}","[{""subject"": ""unsafe_skill"", ""relation"": ""CO_OCCURS_WITH"", ""object"": ""personnel_readiness"", ""evidence"": ""The same driver was involved in another occurrence in October, 1999. He reported 'dosing off' just prior to that collision.""}, {""subject"": ""unsafe_skill"", ""relation"": ""LEADS_TO"", ""object"": ""unsafe_perception"", ""evidence"": ""Witnesses who saw and helped the fuel truck driver out of his vehicle after the accident reported that he appeared to be 'dazed'. At least 20 passengers who stood up immediately when the airplane reached the gate were 'thrown about' when the impact occurred.""}, {""subject"": ""unsafe_skill"", ""relation"": ""LEADS_TO"", ""object"": ""unsafe_decision"", ""evidence"": ""The driver of the refueling truck fell asleep which resulted in him not maintaining clearance with the parked aircraft.""}]",success
20040714X00969,"[{""text"": ""Misjudged Distance/Altitude/Airspeed"", ""role"": ""Airbus Captain"", ""tier"": ""unsafe_perception""}]","{""unsafe_perception"": [""\""I could see that [the Canadair] was up to the hold short line with their nose wheel and I felt confident there was adequate room to safely pass them. At this point, I'm sure we have passed their tail. I look forward. In approximately one second, we came to a stop. I looked left and saw our wingtip against the [Canadair's] rudder....\"" - Airbus Captain""]}","[{""subject"": ""unsafe_perception"", ""relation"": ""LEADS_TO"", ""object"": ""unsafe_decision"", ""evidence"": ""Misjudged clearance, which resulted the left wing of the Airbus contacting the rudder of the stationary Canadair.""}]",success
20010727X01542,"[{""text"": ""disregarded the flight crews warning regarding turbulence along with the seat belt sign which had been turned on"", ""role"": ""off duty flight attendant"", ""tier"": ""unsafe_skill""}]","{""unsafe_skill"": [""disregarded the flight crews warning regarding turbulence along with the seat belt sign which had been turned on - off duty flight attendant""]}","[{""subject"": ""unsafe_skill"", ""relation"": ""CO_OCCURS_WITH"", ""object"": ""unsafe_violation"", ""evidence"": ""The passenger (an off duty flight attendant) disregarded the flight crews warning regarding turbulence along with the seat belt sign which had been turned on.""}]",success
20030327X00405,"[{""text"": ""Misjudged Distance/Altitude/Airspeed"", ""role"": ""Flight Crew"", ""tier"": ""unsafe_perception""}]","{""unsafe_perception"": [""Misjudged Distance/Altitude/Airspeed (Flight Crew)""]}","[{""subject"": ""unsafe_perception"", ""relation"": ""CO_OCCURS_WITH"", ""object"": ""unsafe_decision"", ""evidence"": ""The flight crew's misidentification of the parallel taxiway as the active runway, resulting in the flight crew executing a landing on the taxiway.""}]",success
20001212X20972,"[{""text"": ""Failed to Prioritize Attention"", ""role"": ""Pilot-in-Command"", ""tier"": ""unsafe_decision""}]","{""unsafe_decision"": [""Failed to prioritize attention""]}",[],success
20010821X01745,"[{""text"": ""Failed to Prioritize Attention"", ""role"": ""Captain"", ""tier"": ""unsafe_decision""}]","{""operator_mental"": [""Loss of Situational Awareness - Captain""], ""operator_physical"": [""Physical Fatigue - Flight Attendants""], ""personnel_crm"": [""Failed to Communicate - Captain""], ""unsafe_decision"": [""Initially believed that passage would occur over the cell's top, but as he neared, the cell built up. Captain""]}","[{""subject"": ""unsafe_decision"", ""relation"": ""LEADS_TO"", ""object"": ""unsafe_perception"", ""evidence"": ""Failed to Prioritize Attention""}]",success
20001212X22245,"[{""text"": ""Misjudged Distance/Altitude/Airspeed"", ""role"": ""Boeing 727 Captain"", ""tier"": ""unsafe_decision""}]","{""unsafe_decision"": [""Misjudged Distance/Altitude/Airspeed (Boeing 727 Captain)""]}","[{""subject"": ""unsafe_decision"", ""relation"": ""LEADS_TO"", ""object"": ""unsafe_perception"", ""evidence"": ""The Boeing captain's misjudgment of the distance between his airplane and the CRJ.""}]",success
20020419X00545,"[{""text"": ""Failed to securely close an aft galley compartment door"", ""role"": ""Flight attendant"", ""tier"": ""unsafe_perception""}]","{""unsafe_perception"": [""Failed to securely close an aft galley compartment door, which necessitated the injured crewmember leaving her seat to secure the compartment door.""]}","[{""subject"": ""unsafe_perception"", ""relation"": ""LEADS_TO"", ""object"": ""unsafe_decision"", ""evidence"": ""The failure of an undetermined cabin crewmember to securely close an aft galley compartment door, which necessitated the injured crewmember leaving her seat to secure the compartment door.""}]",success
20030314X00332,"[{""text"": ""No inspection procedure required"", ""role"": ""Maintenance crew"", ""tier"": ""unsafe_violation""}]","{""unsafe_violation"": [""'No inspection procedure required'""]}","[{""subject"": ""unsafe_violation"", ""relation"": ""LEADS_TO"", ""object"": ""unsafe_decision"", ""evidence"": ""A factor is no inspection procedure required.""}]",success
20011228X02464,"[{""text"": ""Omitted Checklist Step"", ""role"": ""Maintenance crew"", ""tier"": ""unsafe_skill""}]","{""unsafe_skill"": [""Omitted Checklist Step - Maintenance crew""]}","[{""subject"": ""unsafe_skill"", ""relation"": ""LEADS_TO"", ""object"": ""unsafe_decision"", ""evidence"": ""A postincident maintenance inspection revealed a broken outboard left wing spoiler retraction cable.""}, {""subject"": ""unsafe_skill"", ""relation"": ""CO_OCCURS_WITH"", ""object"": ""unsafe_perception"", ""evidence"": ""The captain reported that just after the airplane became airborne, the airplane rolled hard to the left.""}]",success
20020923X05202,"[{""text"": ""Failed to Prioritize Attention"", ""role"": ""tow tug driver"", ""tier"": ""unsafe_skill""}]","{""unsafe_skill"": [""Failed to prioritize attention""]}","[{""subject"": ""unsafe_skill"", ""relation"": ""LEADS_TO"", ""object"": ""unsafe_decision"", ""evidence"": ""The failure of the tug driver to maintain wingtip clearance with a parked airplane, and the inability of the tug driver to communicate with the brake rider during a tow operation following failure of the headset cord.""}]",success
20001212X20331,"[{""text"": ""The crew was on a CDO (Continuous Duty Over-Night) and the incident in question occurred some 12+ hrs into the duty period. While at the hotel the crew had only 4 hours sleep."", ""role"": ""Crew"", ""tier"": ""unsafe_skill""}, {""text"": ""Due to heavy frost on the aircraft, de-icing was required. With Glycol on the aircraft windows there was reduced visibility to the sides of the aircraft."", ""role"": ""Crew"", ""tier"": ""unsafe_skill""}]","{""unsafe_skill"": [""\""The crew was on a CDO (Continuous Duty Over-Night) and the incident in question occurred some 12+ hrs into the duty period. While at the hotel the crew had only 4 hours sleep.\"" - Crew"", ""\""Due to heavy frost on the aircraft, de-icing was required. With Glycol on the aircraft windows there was reduced visibility to the sides of the aircraft.\"" - Crew""]}","[{""subject"": ""personnel_readiness"", ""relation"": ""LEADS_TO"", ""object"": ""unsafe_skill"", ""evidence"": ""The crew was on a CDO (Continuous Duty Over-Night) and the incident in question occurred some 12+ hrs into the duty period. While at the hotel the crew had only 4 hours sleep.""}, {""subject"": ""unsafe_skill"", ""relation"": ""LEADS_TO"", ""object"": ""unsafe_decision"", ""evidence"": ""Due to heavy frost on the aircraft, de-icing was required. With Glycol on the aircraft windows there was reduced visibility to the sides of the aircraft.""}]",success
20051229X02026,"[{""text"": ""grazed the airplane"", ""role"": ""Ground Baggage Handler"", ""tier"": ""unsafe_skill""}]","{""unsafe_skill"": [""grazed the airplane with a tug, while attempting to depart the vicinity of the airplane""]}","[{""subject"": ""unsafe_skill"", ""relation"": ""LEADS_TO"", ""object"": ""unsafe_decision"", ""evidence"": ""grazed the airplane""}]",success
20001212X20713,"[{""text"": ""I did not want to jam on the brakes and bring him to a hard stop, so I tried to ease him to a comfortable stop...."", ""role"": ""tug driver"", ""tier"": ""unsafe_skill""}]","{""unsafe_skill"": [""\""I did not want to jam on the brakes and bring him to a hard stop, so I tried to ease him to a comfortable stop....\"" (tug driver)""]}","[{""subject"": ""unsafe_skill"", ""relation"": ""LEADS_TO"", ""object"": ""unsafe_decision"", ""evidence"": ""I did not want to jam on the brakes and bring him to a hard stop, so I tried to ease him to a comfortable stop....""}]",success
20020703X01048,"[{""text"": ""The pilot taxied the airplane on the centerline of the taxiway and he was not aware of the collision until he arrived at the terminal."", ""role"": ""pilot"", ""tier"": ""unsafe_skill""}]","{""unsafe_skill"": [""Breakdown in Visual Scan""]}","[{""subject"": ""unsafe_skill"", ""relation"": ""CO_OCCURS_WITH"", ""object"": ""operator_limits"", ""evidence"": ""The pilot taxied the airplane on the centerline of the taxiway and he was not aware of the collision until he arrived at the terminal.""}]",success
20040413X00454,"[{""text"": ""The hydraulic pump had come apart internally and seized."", ""role"": ""Maintenance"", ""tier"": ""unsafe_violation""}]","{""unsafe_violation"": [""The hydraulic pump had come apart internally and seized.""]}","[{""subject"": ""unsafe_violation"", ""relation"": ""LEADS_TO"", ""object"": ""unsafe_perception"", ""evidence"": ""The hydraulic pump had come apart internally and seized. Metal fragments were found in the hydraulic filters and lines.""}]",success
20011015X02092,"[{""text"": ""the manual trim control was jammed and immovable"", ""role"": ""pilot"", ""tier"": ""unsafe_skill""}]","{""unsafe_skill"": [""the manual trim control was jammed and immovable (pilot)""]}","[{""subject"": ""unsafe_skill"", ""relation"": ""CO_OCCURS_WITH"", ""object"": ""operator_physical"", ""evidence"": ""the manual trim control was jammed and immovable""}, {""subject"": ""unsafe_skill"", ""relation"": ""LEADS_TO"", ""object"": ""unsafe_decision"", ""evidence"": ""The crew declared an emergency with air traffic control""}]",success
20051101X01766,"[{""text"": ""Omitted checklist step"", ""role"": ""Maintenance crew"", ""tier"": ""unsafe_skill""}]","{""unsafe_skill"": [""Omitted checklist step""]}","[{""subject"": ""unsafe_skill"", ""relation"": ""CO_OCCURS_WITH"", ""object"": ""unsafe_decision"", ""evidence"": ""The flight crew reported hearing a 'small thud' while climbing through 15,000 feet msl. The flight crew stated that they monitored the aircraft engines and no anomalies were noted.""}, {""subject"": ""unsafe_skill"", ""relation"": ""CO_OCCURS_WITH"", ""object"": ""unsafe_violation"", ""evidence"": ""The service bulletin had not been complied with, according to the maintenance records.""}]",success
20001220X45463,"[{""text"": ""Breaches in the perimeter fence, in gully areas near the approach end of runway 15, and abeam runway 23, about 1,300 feet from the runway threshold."", ""role"": ""Airport Authority"", ""tier"": ""unsafe_violation""}]","{""unsafe_violation"": [""Breaches in the perimeter fence, in gully areas near the approach end of runway 15, and abeam runway 23, about 1,300 feet from the runway threshold.""]}","[{""subject"": ""unsafe_violation"", ""relation"": ""LEADS_TO"", ""object"": ""unsafe_decision"", ""evidence"": ""Breaches in the perimeter fence, in gully areas near the approach end of runway 15, and abeam runway 23, about 1,300 feet from the runway threshold.""}]",success
20010316X00598,"[{""text"": ""Do not let de-icing and/or anti-icing fluid/water mixture go into the APU inlet."", ""role"": ""Maintenance crew"", ""tier"": ""unsafe_skill""}]","{""unsafe_skill"": [""Do not let de-icing and/or anti-icing fluid/water mixture go into the APU inlet. - Maintenance crew""]}","[{""subject"": ""unsafe_skill"", ""relation"": ""CO_OCCURS_WITH"", ""object"": ""unsafe_violation"", ""evidence"": ""Do not let de-icing and/or anti-icing fluid/water mixture go into the APU inlet.""}]",success
20070309X00265,"[{""text"": ""hit her head on the ceiling and landed on the galley floor with her leg bent under her."", ""role"": ""flight attendant"", ""tier"": ""unsafe_skill""}]","{""unsafe_skill"": [""Breakdown in Visual Scan - flight attendant""]}","[{""subject"": ""unsafe_skill"", ""relation"": ""CO_OCCURS_WITH"", ""object"": ""operator_physical"", ""evidence"": ""hit her head on the ceiling and landed on the galley floor with her leg bent under her.""}]",success
20010904X01859,"[{""text"": ""Improper tension of the right control yoke chain"", ""role"": ""Maintenance crew"", ""tier"": ""unsafe_skill""}, {""text"": ""Worn right aileron spring tab hinge bearing"", ""role"": ""Maintenance crew"", ""tier"": ""unsafe_skill""}, {""text"": ""Improper tension of the left aileron spring tab aft spring and worn contact stud"", ""role"": ""Maintenance crew"", ""tier"": ""unsafe_skill""}, {""text"": ""Improper tension of the right aileron spring tab and a worn contact stud"", ""role"": ""Maintenance crew"", ""tier"": ""unsafe_skill""}, {""text"": ""Worn left aileron hinge bearing"", ""role"": ""Maintenance crew"", ""tier"": ""unsafe_skill""}]","{""unsafe_skill"": [""Improper tension of the right control yoke chain (Maintenance crew)"", ""Worn right aileron spring tab hinge bearing (Maintenance crew)"", ""Improper tension of the left aileron spring tab aft spring and worn contact stud (Maintenance crew)"", ""Improper tension of the right aileron spring tab and a worn contact stud (Maintenance crew)"", ""Worn left aileron hinge bearing (Maintenance crew)""]}","[{""subject"": ""unsafe_skill"", ""relation"": ""CO_OCCURS_WITH"", ""object"": ""unsafe_decision"", ""evidence"": ""The items are as follows: the right control yoke chain tension was high; the right aileron spring tab hinge bearing did not rotate freely; the left aileron spring tab aft spring tension was low and the contact stud was worn; the right aileron spring tab tension was low and the contact stud was worn; the left aileron hinge bearing did not rotate freely.""}]",success
20001212X20913,"[{""text"": ""Smoke/fumes from the electrical ground power cart exhaust were pulled into the aircraft's cabin through the external ground source."", ""role"": ""Maintenance"", ""tier"": ""unsafe_violation""}]","{""operator_mental"": [""Loss of Situational Awareness (Captain and First Officer)""], ""operator_physical"": [""Fatigue (Cabin Attendants and Passengers)""], ""situational_tech"": [""Incompatible Intelligence/Aptitude (Ground Power Unit Design)""], ""personnel_crm"": [""Failed to Communicate (Flight Attendant)""], ""unsafe_violation"": [""Smoke/fumes from the electrical ground power cart exhaust were pulled into the aircraft's cabin through the external ground source.""]}","[{""subject"": ""unsafe_violation"", ""relation"": ""CO_OCCURS_WITH"", ""object"": ""unsafe_decision"", ""evidence"": ""Smoke/fumes from the electrical ground power cart exhaust were pulled into the aircraft's cabin through the external ground source.""}]",success
20010531X01037,"[{""text"": ""Exceeded Ability"", ""role"": ""PIC"", ""tier"": ""unsafe_decision""}]","{""unsafe_decision"": [""Exceeded Ability (The PIC was in a climb between FL220 to 240 and encountered unforecasted turbulence, indicating they may have exceeded their ability to manage the situation.)""]}","[{""subject"": ""unsafe_decision"", ""relation"": ""LEADS_TO"", ""object"": ""unsafe_perception"", ""evidence"": ""The PIC made a decision to continue the climb despite unforecasted weather (turbulence).""}]",success
20050616X00796,"[{""text"": ""believed that the remainder of the flight 'might be bumpy, but not excessively so'"", ""role"": ""Captain"", ""tier"": ""Unsafe Skill""}]","{""unsafe_skill"": [""believed that the remainder of the flight 'might be bumpy, but not excessively so' - Captain""]}","[{""subject"": ""unsafe_skill"", ""relation"": ""CO_OCCURS_WITH"", ""object"": ""unsafe_decision"", ""evidence"": ""believed that the remainder of the flight 'might be bumpy, but not excessively so'""}]",success
20030813X01321,"[{""text"": ""The failure of the ground crew to follow powerback procedures and directives."", ""role"": ""Ground Crew"", ""tier"": ""Unsafe_Violation""}]","{""unsafe_violation"": [""The failure of the ground crew to follow powerback procedures and directives.""]}","[{""subject"": ""unsafe_violation"", ""relation"": ""LEADS_TO"", ""object"": ""unsafe_decision"", ""evidence"": ""The failure of the ground crew to follow powerback procedures and directives.""}]",success
20060510X00542,"[{""text"": ""Failure of ground service personnel to properly set the parking brake on the lead baggage cart."", ""role"": ""Ground Service Personnel"", ""tier"": ""unsafe_violation""}]","{""unsafe_violation"": [""Failure of ground service personnel to properly set the parking brake on the lead baggage cart.""]}","[{""subject"": ""unsafe_violation"", ""relation"": ""LEADS_TO"", ""object"": ""unsafe_decision"", ""evidence"": ""The failure of ground service personnel to properly set the parking brake on the lead baggage cart.""}]",success
20001212X20517,"[{""text"": ""Omitted Checklist Step"", ""role"": ""Flight Attendant"", ""tier"": ""unsafe_skill""}]","{""unsafe_skill"": [""Omitted Checklist Step (Flight Attendant)""]}","[{""subject"": ""unsafe_skill"", ""relation"": ""LEADS_TO"", ""object"": ""unsafe_perception"", ""evidence"": ""the failure of the passenger to fasten his seat belt without the necessity of being instructed by the flight attendant.""}]",success
20070718X00958,"[{""text"": ""suddenly his hand slipped from the door handle, his feet slipped from under him"", ""role"": ""Mechanic"", ""tier"": ""unsafe_skill""}]","{""unsafe_skill"": [""suddenly his hand slipped from the door handle, his feet slipped from under him - Mechanic""]}","[{""subject"": ""unsafe_skill"", ""relation"": ""CO_OCCURS_WITH"", ""object"": ""operator_physical"", ""evidence"": ""suddenly his hand slipped from the door handle, his feet slipped from under him""}]",success
20020906X01547,"[{""text"": ""declared an emergency"", ""role"": ""crew"", ""tier"": ""unsafe_decision""}]","{""unsafe_decision"": [""Misdiagnosed Emergency""]}",[],success
20001212X21300,"[{""text"": ""Misalignment between the bull gear and high speed pinion gearshaft"", ""role"": ""Engine Manufacturer"", ""tier"": ""unsafe_perception""}]","{""unsafe_perception"": [""Misalignment between the bull gear and high speed pinion gearshaft, which resulted in fatigue and a subsequent failure of the bull gear.""]}","[{""subject"": ""unsafe_perception"", ""relation"": ""LEADS_TO"", ""object"": ""unsafe_decision"", ""evidence"": ""A misalignment between the bull gear and high speed pinion gearshaft, which resulted in fatigue and a subsequent failure of the bull gear.""}]",success
20071204X01893,"[{""text"": ""Severe overdeflection [underinflation and/or overloading) during use in service]"", ""role"": ""Maintenance"", ""tier"": ""unsafe_violation""}]","{""unsafe_violation"": [""[severe] overdeflection [underinflation and/or overloading) during use in service].""]}","[{""subject"": ""unsafe_violation"", ""relation"": ""LEADS_TO"", ""object"": ""unsafe_decision"", ""evidence"": ""The most likely cause of the tread separation is [severe] overdeflection [underinflation and/or overloading) during use in service].""}]",success
20020412X00510,"[{""text"": ""Company maintenance personnel inadequate maintenance inspection that resulted in the in-flight separation of the APU inspection doors."", ""role"": ""Maintenance crew"", ""tier"": ""unsafe_skill""}]","{""unsafe_skill"": [""Inadequate maintenance inspection by company maintenance personnel""]}","[{""subject"": ""unsafe_skill"", ""relation"": ""LEADS_TO"", ""object"": ""unsafe_perception"", ""evidence"": ""Company maintenance personnel inadequate maintenance inspection that resulted in the in-flight separation of the APU inspection doors.""}]",success
20050413X00446,"[{""text"": ""abruptly yelled, 'stop the aircraft,' and the captain brought the airplane to an immediate stop"", ""role"": ""First Officer"", ""tier"": ""unsafe_decision""}]","{""unsafe_decision"": [""Misjudged Distance/Altitude/Airspeed""]}","[{""subject"": ""unsafe_decision"", ""relation"": ""LEADS_TO"", ""object"": ""unsafe_perception"", ""evidence"": ""The first officer's misjudgment of a perceived threat, which resulted in the captain's excessive braking and subsequent injury to a flight attendant.""}]",success
20010402X00689,"[{""text"": ""The Powerback Coordinator's failure to follow powerback procedures which resulted in jet blast injuries to the wing walker."", ""role"": ""Powerback Coordinator"", ""tier"": ""unsafe_decision""}]","{""unsafe_decision"": [""The Powerback Coordinator's failure to follow powerback procedures which resulted in jet blast injuries to the wing walker.""]}","[{""subject"": ""unsafe_decision"", ""relation"": ""LEADS_TO"", ""object"": ""unsafe_violation"", ""evidence"": ""The Powerback Coordinator's failure to follow powerback procedures which resulted in jet blast injuries to the wing walker.""}]",success
20050629X00896,"[{""text"": ""I did not anticipate the jet bridge posing a threat to the aircraft since they are supposed to taxi up to the jet bridge. From my perspective, I did not notice the plane would hit the bridge until it was too late."", ""role"": ""Left Wing Walker"", ""tier"": ""unsafe_decision""}]","{""unsafe_decision"": [""Misdiagnosed Emergency""]}","[{""subject"": ""unsafe_decision"", ""relation"": ""LEADS_TO"", ""object"": ""unsafe_violation"", ""evidence"": ""the left wing walker's failure to maintain an adequate visual lookout. Contributing factors were his inadequate initial training, and the failure of other ground personnel to follow company procedures/directives.""}]",success
20040902X01347,"[{""text"": ""Omitted Checklist Step"", ""role"": ""First Officer"", ""tier"": ""unsafe_skill""}]","{""unsafe_skill"": [""Omitted Checklist Step""]}","[{""subject"": ""unsafe_skill"", ""relation"": ""LEADS_TO"", ""object"": ""unsafe_decision"", ""evidence"": ""The first officer's failure to maintain aircraft control.""}]",success
20030425X00566,"[{""text"": ""One flight attendant, who was in the aft galley trying to stow away the beverage cart when the turbulence was encountered was injured by the cart."", ""role"": ""Flight Attendant"", ""tier"": ""Unsafe Skill""}]","{""unsafe_skill"": [""Failed to Prioritize Attention - Flight Attendant""]}","[{""subject"": ""unsafe_skill"", ""relation"": ""LEADS_TO"", ""object"": ""unsafe_violation"", ""evidence"": ""One flight attendant, who was in the aft galley trying to stow away the beverage cart when the turbulence was encountered was injured by the cart.""}]",success
20020429X00592,"[{""text"": ""Inadvertent Flight Control Use"", ""role"": ""Pilot-in-Command (PIC)"", ""tier"": ""unsafe_skill""}]","{""unsafe_skill"": [""Inadvertent Flight Control Use - Pilot-in-Command (PIC)""]}","[{""subject"": ""unsafe_skill"", ""relation"": ""LEADS_TO"", ""object"": ""unsafe_perception"", ""evidence"": ""The PIC immediately took control of the airplane, reduced the power to idle and disconnected the autopilot.""}]",success
20001212X20714,"[{""text"": ""The tug operator's inadequate visual lookout."", ""role"": ""Tug Operator"", ""tier"": ""unsafe_skill""}]","{""unsafe_skill"": [""The tug operator's inadequate visual lookout.""]}","[{""subject"": ""unsafe_skill"", ""relation"": ""LEADS_TO"", ""object"": ""unsafe_perception"", ""evidence"": ""The tug operator's inadequate visual lookout.""}]",success
20001212X21264,"[{""text"": ""The failure of the mechanic to refasten the cowling door prior to returning the aircraft to service."", ""role"": ""Maintenance crew"", ""tier"": ""unsafe_skill""}]","{""unsafe_skill"": [""The failure of the mechanic to refasten the cowling door prior to returning the aircraft to service.""]}","[{""subject"": ""unsafe_skill"", ""relation"": ""LEADS_TO"", ""object"": ""unsafe_violation"", ""evidence"": ""The failure of the mechanic to refasten the cowling door prior to returning the aircraft to service.""}]",success
20031203X01984,"[{""text"": ""The control yoke felt like it had 'bound up'. He used 'excessive pressure' to get the control yoke to respond."", ""role"": ""Captain"", ""tier"": ""unsafe_skill""}]","{""unsafe_skill"": [""The control yoke felt like it had 'bound up'. He used 'excessive pressure' to get the control yoke to respond.""]}","[{""subject"": ""unsafe_skill"", ""relation"": ""CO_OCCURS_WITH"", ""object"": ""operator_physical"", ""evidence"": ""The control yoke felt like it had 'bound up'. He used 'excessive pressure' to get the control yoke to respond.""}]",success
20040715X00985,"[{""text"": ""The fatigue fracture of the left main landing gear during landing roll."", ""role"": ""Maintenance personnel"", ""tier"": ""unsafe_skill""}]","{""unsafe_skill"": [""Fatigue fracture of the left main landing gear during landing roll - Maintenance personnel""]}","[{""subject"": ""unsafe_skill"", ""relation"": ""LEADS_TO"", ""object"": ""unsafe_perception"", ""evidence"": ""The fatigue fracture of the left main landing gear during landing roll.""}]",success
20001226X45475,"[{""text"": ""Instructed the cabin attendants to secure the cabin early in anticipation of turbulence during the approach."", ""role"": ""Captain"", ""tier"": ""unsafe_decision""}, {""text"": ""noticed that a few remaining service carts located in the aft galley were not locked down."", ""role"": ""Injured flight attendant"", ""tier"": ""unsafe_skill""}]","{""unsafe_decision"": [""Instructed the cabin attendants to secure the cabin early in anticipation of turbulence during the approach.""], ""unsafe_skill"": [""noticed that a few remaining service carts located in the aft galley were not locked down.""]}","[{""subject"": ""unsafe_decision"", ""relation"": ""LEADS_TO"", ""object"": ""unsafe_skill"", ""evidence"": ""Instructed the cabin attendants to secure the cabin early in anticipation of turbulence during the approach. noticed that a few remaining service carts located in the aft galley were not locked down.""}]",success
20040730X01113,"[{""text"": ""Failed to Prioritize Attention"", ""role"": ""Flight Attendant"", ""tier"": ""unsafe_skill""}]","{""unsafe_skill"": [""Failed to prioritize attention (lead flight attendant)""]}","[{""subject"": ""unsafe_skill"", ""relation"": ""CO_OCCURS_WITH"", ""object"": ""unsafe_decision"", ""evidence"": ""The lead flight attendant, who was stationed near the forward bulkhead of the airplane, stated that the captain informed her that 'it would get real bumpy as we got closer,' and to alert the other flight attendants to finish cleaning up the cabin.""}, {""subject"": ""unsafe_skill"", ""relation"": ""CO_OCCURS_WITH"", ""object"": ""unsafe_perception"", ""evidence"": ""The injured flight attendant stated that he had received notification from the lead flight attendant that it was going to get bumpy on the way down, and to clean up the cabin for landing.""}]",success
20001212X20573,"[{""text"": ""inadvertently fell into a workload-induced state that led to the delayed rotation during takeoff"", ""role"": ""pilot"", ""tier"": ""unsafe_skill""}]","{""unsafe_skill"": [""inadvertently fell into a workload-induced state that led to the delayed rotation during takeoff (pilot)""]}","[{""subject"": ""unsafe_skill"", ""relation"": ""CO_OCCURS_WITH"", ""object"": ""operator_physical"", ""evidence"": ""A delayed rotation during takeoff for an undetermined reason.""}, {""subject"": ""unsafe_skill"", ""relation"": ""LEADS_TO"", ""object"": ""unsafe_decision"", ""evidence"": ""inadvertently fell into a workload-induced state that led to the delayed rotation during takeoff""}]",success
20001212X21929,"[{""text"": ""Adequate inspection procedures prior to the issuance of a service bulletin"", ""role"": ""Maintenance crew"", ""tier"": ""unsafe_perception""}]","{""unsafe_perception"": [""Adequate inspection procedures prior to the issuance of a service bulletin (Maintenance crew)""]}","[{""subject"": ""unsafe_perception"", ""relation"": ""LEADS_TO"", ""object"": ""unsafe_decision"", ""evidence"": ""Adequate inspection procedures prior to the issuance of a service bulletin.""}]",success
20030822X01387,"[{""text"": ""Failed to Prioritize Attention"", ""role"": ""Crew"", ""tier"": ""unsafe_skill""}]","{""unsafe_skill"": [""Failed to prioritize attention""]}","[{""subject"": ""unsafe_skill"", ""relation"": ""CO_OCCURS_WITH"", ""object"": ""unsafe_decision"", ""evidence"": ""The failure of a utility bus relay which resulted in an electrical fire and subsequent smoke in the cockpit.""}]",success
20001212X20794,"[{""text"": ""The clamp that connected the high-pressure bleed air duct to the high-pressure relief valve failed."", ""role"": ""Maintenance"", ""tier"": ""Unsafe_Violation""}]","{""unsafe_violation"": [""The clamp that connected the high-pressure bleed air duct to the high-pressure relief valve failed.""]}","[{""subject"": ""unsafe_violation"", ""relation"": ""LEADS_TO"", ""object"": ""unsafe_perception"", ""evidence"": ""The failure of the clamp that secured the high-pressure bleed air duct to the high-pressure relief valve.""}]",success
20040921X01471,"[{""text"": ""The first officer, who was the pilot flying, was unsuccessful in avoiding them."", ""role"": ""First Officer"", ""tier"": ""Unsafe Skill""}]",{},"[{""subject"": ""unsafe_skill"", ""relation"": ""LEADS_TO"", ""object"": ""unsafe_decision"", ""evidence"": ""The first officer, who was the pilot flying, was unsuccessful in avoiding them.""}]",success
20060602X00675,"[{""text"": ""inadvertent deployment of the off-wing slide assembly was the result of the carrier tray not being locked in the stowed position"", ""role"": ""Maintenance personnel"", ""tier"": ""unsafe_skill""}]","{""unsafe_skill"": [""Inadequate Task Management (carrier tray not being locked in the stowed position by maintenance personnel)""]}",[],success
20020520X00704,"[{""text"": ""Omitted Checklist Step"", ""role"": ""Tug Driver"", ""tier"": ""unsafe_skill""}]","{""unsafe_skill"": [""Omitted Checklist Step - Tug Driver""]}","[{""subject"": ""unsafe_skill"", ""relation"": ""CO_OCCURS_WITH"", ""object"": ""operator_physical"", ""evidence"": ""The tug driver reported the he lost visual contact with the wing walkers because of the landing gear.""}, {""subject"": ""unsafe_skill"", ""relation"": ""LEADS_TO"", ""object"": ""unsafe_perception"", ""evidence"": ""The wing walkers reported they put up the 'X' when they noticed the airplane was getting too close to the parked SWA 737.""}]",success
20010501X00841,"[{""text"": ""In this cloud we encountered moderate to severe turbulence...."", ""role"": ""Captain"", ""tier"": ""unsafe_decision""}]","{""unsafe_decision"": [""In this cloud we encountered moderate to severe turbulence.... (Captain)""]}","[{""subject"": ""unsafe_decision"", ""relation"": ""LEADS_TO"", ""object"": ""unsafe_violation"", ""evidence"": ""In this cloud we encountered moderate to severe turbulence....""}]",success
20020906X01546,"[{""text"": ""Loss of flight display information"", ""role"": ""Crew"", ""tier"": ""unsafe_skill""}]","{""unsafe_skill"": [""Loss of flight display information""]}","[{""subject"": ""unsafe_skill"", ""relation"": ""CO_OCCURS_WITH"", ""object"": ""unsafe_decision"", ""evidence"": ""The partial loss of flight displays for undetermined reasons.""}]",success
20180907X10419,"[{""text"": ""Failed to Prioritize Attention"", ""role"": ""Pilot - C"", ""tier"": ""unsafe_skill""}]","{""unsafe_skill"": [""Failed to prioritize attention""]}","[{""subject"": ""unsafe_skill"", ""relation"": ""LEADS_TO"", ""object"": ""unsafe_decision"", ""evidence"": ""The flight crew's failure to adequately monitor the airplane's airspeed, which led to the captain's aggressive control inputs to increase airspeed""}]",success
20040408X00430,"[{""text"": ""All vehicles shall always relinquish right-of-way to any aircraft moving under its own power or under tow, except emergency conditions."", ""role"": ""Fuel truck driver"", ""tier"": ""unsafe_violation""}]","{""unsafe_violation"": [""'All vehicles shall always relinquish right-of-way to any aircraft moving under its own power or under tow, except emergency conditions.' - Fuel truck driver""]}","[{""subject"": ""unsafe_violation"", ""relation"": ""LEADS_TO"", ""object"": ""unsafe_decision"", ""evidence"": ""The fuel truck driver's failure to maintain clearance with a taxiing airplane, resulting in the collision between the fuel truck and the airplane.""}]",success
20050621X00819,"[{""text"": ""Inadvertent Flight Control Use"", ""role"": ""Captain"", ""tier"": ""unsafe_skill""}]","{""unsafe_skill"": [""Inadvertent Flight Control Use""]}","[{""subject"": ""unsafe_skill"", ""relation"": ""CO_OCCURS_WITH"", ""object"": ""operator_physical"", ""evidence"": ""The captain initiated a right turn as the flight encountered 'two abrupt bumps and a gain in air speed.'""}]",success
20060508X00522,"[{""text"": ""turned and fell into the closet due to the airplane dropping due to turbulence."", ""role"": ""Flight Attendant"", ""tier"": ""unsafe_skill""}]","{""unsafe_skill"": [""Turned and fell into the closet due to the airplane dropping due to turbulence - Flight Attendant""]}","[{""subject"": ""unsafe_skill"", ""relation"": ""LEADS_TO"", ""object"": ""unsafe_perception"", ""evidence"": ""turned and fell into the closet due to the airplane dropping due to turbulence.""}]",success
20011129X02310,"[{""text"": ""encountered a flock of large birds"", ""role"": ""flightcrew"", ""tier"": ""unsafe_perception""}]","{""unsafe_perception"": [""encountered a flock of large birds (flightcrew)""]}","[{""subject"": ""unsafe_perception"", ""relation"": ""LEADS_TO"", ""object"": ""unsafe_decision"", ""evidence"": ""encountered a flock of large birds""}]",success
20001212X20452,"[{""text"": ""The aircraft pulled to the right due to unknown reasons."", ""role"": ""Captain"", ""tier"": ""unsafe_decision""}]","{""unsafe_decision"": [""The aircraft pulled to the right due to unknown reasons.""]}","[{""subject"": ""unsafe_decision"", ""relation"": ""LEADS_TO"", ""object"": ""unsafe_perception"", ""evidence"": ""The aircraft pulled to the right due to unknown reasons.""}]",success
20040813X01219,"[{""text"": ""The seat belt sign had been on but the flight attendants were not instructed to be seated."", ""role"": ""Flight Attendant"", ""tier"": ""unsafe_skill""}]","{""unsafe_skill"": [""The seat belt sign had been on but the flight attendants were not instructed to be seated.""]}","[{""subject"": ""unsafe_skill"", ""relation"": ""CO_OCCURS_WITH"", ""object"": ""unsafe_violation"", ""evidence"": ""The seat belt sign had been on but the flight attendants were not instructed to be seated.""}]",success
20040323X00357,"[{""text"": ""smelled an electrical burning smell"", ""role"": ""Captain and First Officer"", ""tier"": ""unsafe_skill""}]","{""unsafe_skill"": [""smelled an electrical burning smell - Captain and First Officer""]}","[{""subject"": ""unsafe_skill"", ""relation"": ""CO_OCCURS_WITH"", ""object"": ""unsafe_decision"", ""evidence"": ""smelled an electrical burning smell, and declared an emergency.""}]",success
20020408X00474,"[{""text"": ""No cells were depicted on the weather radar, and the flightcrew had not observed any lightning for 20 minutes."", ""role"": ""pilot"", ""tier"": ""unsafe_decision""}]","{""unsafe_decision"": [""Misdiagnosed Emergency""]}","[{""subject"": ""unsafe_decision"", ""relation"": ""LEADS_TO"", ""object"": ""unsafe_violation"", ""evidence"": ""No cells were depicted on the weather radar, and the flightcrew had not observed any lightning for 20 minutes.""}]",success
20050502X00534,"[{""text"": ""A complete lack of communication among interested parties"", ""role"": ""Ground Operations Supervisor"", ""tier"": ""unsafe_decision""}, {""text"": ""Assigning unqualified agents and a lack of direct supervision was the major cause of this accident"", ""role"": ""Ground Operations Supervisor"", ""tier"": ""unsafe_violation""}]","{""unsafe_decision"": [""A complete lack of communication among interested parties"", ""Assigning unqualified agents and a lack of direct supervision was the major cause of this accident""], ""unsafe_violation"": [""A complete lack of communication among interested parties"", ""Assigning unqualified agents and a lack of direct supervision was the major cause of this accident""]}","[{""subject"": ""unsafe_decision"", ""relation"": ""LEADS_TO"", ""object"": ""unsafe_violation"", ""evidence"": ""Assigning unqualified agents and a lack of direct supervision was the major cause of this accident""}]",success
20010423X00790,"[{""text"": ""Omitted Checklist Step"", ""role"": ""Flight Attendant"", ""tier"": ""unsafe_skill""}]","{""unsafe_skill"": [""Omitted Checklist Step (Flight Attendant)""]}","[{""subject"": ""unsafe_skill"", ""relation"": ""CO_OCCURS_WITH"", ""object"": ""unsafe_decision"", ""evidence"": ""The flight attendant was thrown to the floor while attempting to secure the galley.""}]",success
20050623X00849,"[{""text"": ""Simultaneously noticed that the radio magnetic indicator needles 'spun around in different directions'"", ""role"": ""Pilot"", ""tier"": ""unsafe_decision""}]","{""unsafe_decision"": [""Simultaneously noticed that the radio magnetic indicator needles 'spun around in different directions'""]}","[{""subject"": ""unsafe_decision"", ""relation"": ""CO_OCCURS_WITH"", ""object"": ""operator_physical"", ""evidence"": ""Simultaneously noticed that the radio magnetic indicator needles 'spun around in different directions'""}]",success
20110621X20741,"[{""text"": ""declared an emergency, shutdown the No. 1 engine"", ""role"": ""Captain"", ""tier"": ""unsafe_decision""}]","{""unsafe_decision"": [""declared an emergency, shutdown the No. 1 engine (Captain)""]}","[{""subject"": ""unsafe_decision"", ""relation"": ""LEADS_TO"", ""object"": ""operator_physical"", ""evidence"": ""declared an emergency, shutdown the No. 1 engine""}]",success
20060119X00088,"[{""text"": ""Water dilution of the grease, which resulted in the failure of the number 4 wheel bearing."", ""role"": ""Maintenance crew"", ""tier"": ""unsafe_skill""}]","{""unsafe_skill"": [""Water dilution of the grease, which resulted in the failure of the number 4 wheel bearing - Maintenance crew""]}","[{""subject"": ""unsafe_skill"", ""relation"": ""LEADS_TO"", ""object"": ""unsafe_perception"", ""evidence"": ""Water dilution of the grease, which resulted in the failure of the number 4 wheel bearing.""}]",success
20030807X01283,"[{""text"": ""Omitted Checklist Step - First Officer"", ""role"": ""First Officer"", ""tier"": ""unsafe_skill""}]","{""unsafe_skill"": [""Omitted Checklist Step - First Officer""]}","[{""subject"": ""unsafe_skill"", ""relation"": ""CO_OCCURS_WITH"", ""object"": ""unsafe_decision"", ""evidence"": ""The turbulence encountered during the descent which seriously injured a passenger returning to her seat after the seat belt sign was activated. A factor was that it was not possible for the returning passenger to comply with the lit seat belt sign.""}]",success
20050610X00753,"[{""text"": ""Omitted communication between the flight crew and ground crew"", ""role"": ""Flight Crew"", ""tier"": ""unsafe_decision""}]","{""unsafe_decision"": [""Improper Procedure - Flight Crew""]}","[{""subject"": ""unsafe_decision"", ""relation"": ""LEADS_TO"", ""object"": ""unsafe_violation"", ""evidence"": ""The improper procedures conducted by the ground personnel and the flight crew's failure to coordinate procedures with the ground personnel during push back operation which resulted in the collision between the ground support vehicle and the airplane.""}]",success
20040419X00477,"[{""text"": ""Failed to Prioritize Attention"", ""role"": ""Flight Attendant"", ""tier"": ""unsafe_skill""}, {""text"": ""Misdiagnosed Emergency"", ""role"": ""Captain"", ""tier"": ""unsafe_decision""}]","{""unsafe_skill"": [""Failed to Prioritize Attention - Flight Attendant""], ""unsafe_decision"": [""Misdiagnosed Emergency - Captain""]}","[{""subject"": ""unsafe_skill"", ""relation"": ""LEADS_TO"", ""object"": ""unsafe_decision"", ""evidence"": ""Failed to Prioritize Attention CO_OCCURS_WITH Misdiagnosed Emergency""}]",success
20020909X01553,"[{""text"": ""Improper procedure"", ""role"": ""Maintenance crew"", ""tier"": ""unsafe_decision""}]","{""unsafe_decision"": [""Improper procedure: The improper service of the left main landing gear socket, resulting in fatigue failure of the left main landing gear socket assembly at the lower scissor attachment point.""]}","[{""subject"": ""unsafe_decision"", ""relation"": ""LEADS_TO"", ""object"": ""unsafe_violation"", ""evidence"": ""The improper service of the left main landing gear socket, resulting in fatigue failure of the left main landing gear socket assembly at the lower scissor attachment point.""}]",success
20151029X44249,"[{""text"": ""Omitted Checklist Step"", ""role"": ""Maintenance personnel"", ""tier"": ""unsafe_skill""}]","{""unsafe_skill"": [""Omitted Checklist Step - Maintenance personnel""]}","[{""subject"": ""unsafe_skill"", ""relation"": ""LEADS_TO"", ""object"": ""unsafe_decision"", ""evidence"": ""Omitted Checklist Step""}, {""subject"": ""unsafe_skill"", ""relation"": ""CO_OCCURS_WITH"", ""object"": ""unsafe_violation"", ""evidence"": ""separation of the flexible fuel line coupling and subsequent fuel leak due to the failure of maintenance personnel to install the required safety lockwire""}]",success
20020621X00955,"[{""text"": ""Omitted Checklist Step - First Officer"", ""role"": ""First Officer"", ""tier"": ""unsafe_skill""}]","{""unsafe_skill"": [""Omitted Checklist Step - First Officer""]}","[{""subject"": ""unsafe_skill"", ""relation"": ""LEADS_TO"", ""object"": ""unsafe_perception"", ""evidence"": ""Adequate flare by the flying pilot and remedial action not performed by the company check airman.""}]",success
20021112X05460,"[{""text"": ""There was nothing on the radar or visual observation of the sky condition to suggest any more than light turbulence."", ""role"": ""Captain"", ""tier"": ""Unsafe_skill""}]","{""unsafe_skill"": [""Failed to Prioritize Attention - Captain""]}","[{""subject"": ""unsafe_skill"", ""relation"": ""CO_OCCURS_WITH"", ""object"": ""situational_tech"", ""evidence"": ""There was nothing on the radar or visual observation of the sky condition to suggest any more than light turbulence.""}]",success
20001212X21327,"[{""text"": ""Failed to Prioritize Attention"", ""role"": ""Flight crew"", ""tier"": ""unsafe_skill""}]","{""unsafe_skill"": [""Failed to prioritize attention""]}","[{""subject"": ""unsafe_skill"", ""relation"": ""CO_OCCURS_WITH"", ""object"": ""operator_physical"", ""evidence"": ""The flight crew reported that while in cruise flight at flight level 310 (31,000 feet) they noted a loss of hydraulic fluid quantity in the aircraft's main hydraulic system reservoir. Shortly after powering the auxiliary rudder pump, the crew felt a '...chattering and feedback with the rudder pedals'. The crew also reported that the rudder momentarily deflected to the left.""}]",success
20100908X20427,"[{""text"": ""Failure of the air traffic controller to exercise positive control of the situation by issuing clear and timely control instructions to the helicopter pilot."", ""role"": ""ATC personnel"", ""tier"": ""unsafe_decision""}, {""text"": ""Contributing to the incident was delay by the helicopter pilot in responding to instructions issued by the controller."", ""role"": ""Pilot of other aircraft"", ""tier"": ""unsafe_perception""}]","{""unsafe_decision"": [""Failure of the air traffic controller to exercise positive control of the situation by issuing clear and timely control instructions to the helicopter pilot. - ATC personnel; Contributing to the incident was delay by the helicopter pilot in responding to instructions issued by the controller. - Pilot of other aircraft""]}","[{""subject"": ""unsafe_decision"", ""relation"": ""LEADS_TO"", ""object"": ""unsafe_perception"", ""evidence"": ""Contributing to the incident was delay by the helicopter pilot in responding to instructions issued by the controller.""}]",success
20001212X20388,"[{""text"": ""Poor communication between the captain and flight attendants as to the urgency for the flight attendants to take their seats was a contributing factor."", ""role"": ""Flight Attendant"", ""tier"": ""unsafe_decision""}]","{""unsafe_decision"": [""Poor communication between the captain and flight attendants as to the urgency for the flight attendants to take their seats""]}","[{""subject"": ""unsafe_decision"", ""relation"": ""LEADS_TO"", ""object"": ""unsafe_perception"", ""evidence"": ""Poor communication between the captain and flight attendants as to the urgency for the flight attendants to take their seats was a contributing factor.""}]",success
20041109X01790,"[{""text"": ""misjudged clearance from a parked airport vehicle while taxiing"", ""role"": ""flightcrew"", ""tier"": ""unsafe_perception""}]","{""unsafe_perception"": [""Misjudged Distance/Altitude/Airspeed""]}","[{""subject"": ""unsafe_perception"", ""relation"": ""LEADS_TO"", ""object"": ""unsafe_decision"", ""evidence"": ""misjudged clearance from a parked airport vehicle while taxiing""}]",success
20020717X01153,"[{""text"": ""failure of the ground agent to follow procedures and directives"", ""role"": ""ramp agent"", ""tier"": ""unsafe_violation""}, {""text"": ""diversion of attention due to paperwork being sucked toward the rotating propeller"", ""role"": ""ramp agent"", ""tier"": ""unsafe_skill""}]","{""unsafe_violation"": [""\""any part of the ramp aft of the Saab 340's front loading door should be occupied until propellers have stopped\"" (ramp agent)""], ""unsafe_skill"": [""\""diversion of attention due to paperwork being sucked toward the rotating propeller, resulting in collision between her hand and the propeller\"" (ramp agent)""]}","[{""subject"": ""unsafe_violation"", ""relation"": ""LEADS_TO"", ""object"": ""unsafe_skill"", ""evidence"": ""failure of the ground agent to follow procedures and directives and to maintain a visual lookout due to a diversion of attention caused by paperwork being sucked toward the rotating propeller, resulting in collision between her hand and the propeller.""}]",success
20020306X00309,"[{""text"": ""overshot the centerline of the runway while making the left turn from the base leg to the final segment of the approach"", ""role"": ""pilot"", ""tier"": ""unsafe_skill""}]","{""unsafe_skill"": [""Overshot Centerline During Approach (pilot)""]}","[{""subject"": ""unsafe_skill"", ""relation"": ""LEADS_TO"", ""object"": ""unsafe_decision"", ""evidence"": ""overshot the centerline of the runway while making the left turn from the base leg to the final segment of the approach""}]",success
20001215X45424,"[{""text"": ""Omitted Checklist Step"", ""role"": ""Captain"", ""tier"": ""unsafe_skill""}]","{""unsafe_skill"": [""Omitted Checklist Step (Captain)""]}","[{""subject"": ""unsafe_skill"", ""relation"": ""CO_OCCURS_WITH"", ""object"": ""operator_physical"", ""evidence"": ""The captain disconnected the autopilot, and manually returned the airplane to level flight.""}]",success
20010502X00858,"[{""text"": ""The back-up clutch torque nut had backed off and down the shaft, coming to rest against the clutch gear cluster bearing outer race."", ""role"": ""Maintenance"", ""tier"": ""unsafe_skill""}]","{""unsafe_skill"": [""The back-up clutch torque nut had backed off and down the shaft, coming to rest against the clutch gear cluster bearing outer race.""]}","[{""subject"": ""unsafe_skill"", ""relation"": ""LEADS_TO"", ""object"": ""unsafe_decision"", ""evidence"": ""The back-up clutch torque nut had backed off and down the shaft, coming to rest against the clutch gear cluster bearing outer race.""}]",success
20020606X00821,"[{""text"": ""unexpectedly encountered severe turbulence that lasted for a brief period of time."", ""role"": ""Flight Attendant"", ""tier"": ""unsafe_skill""}]","{""unsafe_skill"": [""Failed to Prioritize Attention - Flight Attendant""]}","[{""subject"": ""unsafe_skill"", ""relation"": ""CO_OCCURS_WITH"", ""object"": ""unsafe_decision"", ""evidence"": ""unexpectedly encountered severe turbulence that lasted for a brief period of time.""}]",success
20010712X01409,"[{""text"": ""Improper Procedure"", ""role"": ""Captain"", ""tier"": ""unsafe_decision""}]","{""unsafe_decision"": [""Improper procedure: The captain elected to use runway 20, which had frost-heaves, despite the condition of the runway.""]}","[{""subject"": ""unsafe_decision"", ""relation"": ""LEADS_TO"", ""object"": ""unsafe_perception"", ""evidence"": ""The crew's improper recovery from a bounced landing.""}]",success
20040527X00677,"[{""text"": ""Inadvertent arm placement on door handle"", ""role"": ""Flight attendant"", ""tier"": ""unsafe_skill""}]","{""unsafe_skill"": [""Inadvertent arm placement on door handle - Flight attendant""]}","[{""subject"": ""unsafe_skill"", ""relation"": ""CO_OCCURS_WITH"", ""object"": ""operator_physical"", ""evidence"": ""The flight attendant was seated adjacent to the door handle during the takeoff; however, she could not recall if she may have inadvertently rested her arm on the door handle while seated.""}]",success
20080723X01111,"[{""text"": ""encountered moderate turbulence"", ""role"": ""pilot"", ""tier"": ""unsafe_skill""}, {""text"": ""two passengers and two flight attendants received minor injuries, and one flight attendant received serious injuries"", ""role"": ""flight attendant"", ""tier"": ""unsafe_skill""}]","{""unsafe_skill"": [""\""encountered moderate turbulence\"" (pilot)"", ""\""two passengers and two flight attendants received minor injuries, and one flight attendant received serious injuries\"" (flight attendant)""]}","[{""subject"": ""unsafe_skill"", ""relation"": ""CO_OCCURS_WITH"", ""object"": ""unsafe_decision"", ""evidence"": ""encountered moderate turbulence""}, {""subject"": ""unsafe_skill"", ""relation"": ""LEADS_TO"", ""object"": ""unsafe_perception"", ""evidence"": ""two passengers and two flight attendants received minor injuries, and one flight attendant received serious injuries""}]",success
20050607X00723,"[{""text"": ""Improper procedure performed by the ground crew (of the second aircraft involved)."", ""role"": ""Ground Crew"", ""tier"": ""unsafe_violation""}, {""text"": ""Pilots of N305UA visually cleared the area and began to taxi by turning to the west. During the turn, the left wing tip of N305UA struck the right wing tip of N373UA."", ""role"": ""Flight Crew"", ""tier"": ""unsafe_decision""}]","{""unsafe_violation"": [""Improper procedure performed by the ground crew (of the second aircraft involved).""], ""unsafe_decision"": [""Pilots of N305UA visually cleared the area and began to taxi by turning to the west. During the turn, the left wing tip of N305UA struck the right wing tip of N373UA.""]}","[{""subject"": ""unsafe_violation"", ""relation"": ""LEADS_TO"", ""object"": ""unsafe_decision"", ""evidence"": ""A factor in this incident was the improper procedure performed by the ground crew (of the second aircraft involved). The pilots of N305UA visually cleared the area and began to taxi by turning to the west. During the turn, the left wing tip of N305UA struck the right wing tip of N373UA.""}]",success
20010226X00510,"[{""text"": ""Adequate visual lookout by the MD-81's tug driver was not maintained during the pushback operation."", ""role"": ""Tug Operator"", ""tier"": ""unsafe_skill""}]","{""unsafe_skill"": [""Adequate visual lookout by the MD-81's tug driver was not maintained during the pushback operation.""]}","[{""subject"": ""unsafe_skill"", ""relation"": ""LEADS_TO"", ""object"": ""unsafe_violation"", ""evidence"": ""The inadequate visual lookout by the MD-81's tug driver during the pushback operation.""}]",success
20021030X05404,"[{""text"": ""The driver of the bus not maintaining clearance from the taxiing airplane."", ""role"": ""Ground Vehicle Operator"", ""tier"": ""Unsafe Skill""}]","{""unsafe_skill"": [""The driver of the bus not maintaining clearance from the taxiing airplane.""]}","[{""subject"": ""unsafe_skill"", ""relation"": ""LEADS_TO"", ""object"": ""unsafe_violation"", ""evidence"": ""The driver of the bus not maintaining clearance from the taxiing airplane.""}]",success
20060126X00127,"[{""text"": ""The truck driver's failure to maintain clearance from the airplane"", ""role"": ""deicing truck driver"", ""tier"": ""unsafe_skill""}]","{""unsafe_skill"": [""The truck driver's failure to maintain clearance from the airplane""]}","[{""subject"": ""unsafe_skill"", ""relation"": ""CO_OCCURS_WITH"", ""object"": ""unsafe_decision"", ""evidence"": ""the truck driver's failure to maintain clearance from the airplane and the boom operator's failure to adequately clear the boom from the airplane. Contributing to the accident was the low visibility due to snow and mist.""}]",success
20030423X00554,"[{""text"": ""Failure of ground personnel to utilize a wing walker as prescribed in company policy when aircraft are operated near obstacles."", ""role"": ""Ground Personnel"", ""tier"": ""unsafe_violation""}]","{""unsafe_violation"": [""'Wing walker was not available or used as required by company policy.' (Ground Personnel)""]}","[{""subject"": ""unsafe_violation"", ""relation"": ""LEADS_TO"", ""object"": ""unsafe_decision"", ""evidence"": ""The failure of ground personnel to utilize a wing walker as prescribed in company policy when aircraft are operated near obstacles.""}]",success
20050104X00010,[],{},[],parse_error
20050927X01539,"[{""text"": ""Since we un-strapped the freight for off load almost 2 hours ago, we didn't think to check the freight."", ""role"": ""Captain"", ""tier"": ""unsafe_skill""}]","{""unsafe_skill"": [""\""Since we un-strapped the freight for off load almost 2 hours ago, we didn't think to check the freight.\"" (Captain)""]}","[{""subject"": ""unsafe_skill"", ""relation"": ""CO_OCCURS_WITH"", ""object"": ""unsafe_decision"", ""evidence"": ""Since we un-strapped the freight for off load almost 2 hours ago, we didn't think to check the freight.""}]",success
20020930X05249,"[{""text"": ""We removed & replaced #2 main landing gear [tire], with nothing unusual during the tire change."", ""role"": ""Mechanic"", ""tier"": ""unsafe_skill""}]","{""unsafe_skill"": [""Omitted Checklist Step - Mechanic""]}","[{""subject"": ""unsafe_skill"", ""relation"": ""LEADS_TO"", ""object"": ""unsafe_violation"", ""evidence"": ""We removed & replaced #2 main landing gear [tire], with nothing unusual during the tire change.""}]",success
20040618X00835,"[{""text"": ""Fasten seat belt sign was not on at the time of the injury"", ""role"": ""Flight attendant"", ""tier"": ""unsafe_skill""}]","{""unsafe_skill"": [""Fasten seat belt sign was not on at the time of the injury""]}","[{""subject"": ""unsafe_skill"", ""relation"": ""CO_OCCURS_WITH"", ""object"": ""unsafe_decision"", ""evidence"": ""The fasten seat belt sign was not on at the time of the injury, and the pilot made a public address announcement for the flight attendants to be seated as the turbulence began to intensify.""}]",success
20001212X21686,"[{""text"": ""Omitted Checklist Step"", ""role"": ""Captain"", ""tier"": ""unsafe_skill""}]","{""operator_mental"": [""Loss of Situational Awareness (Captain)""], ""operator_physical"": [""Physical Fatigue (Flight Attendants)""], ""personnel_crm"": [""Failed to Communicate (Crew)""], ""unsafe_skill"": [""Omitted Checklist Step - Captain""]}","[{""subject"": ""unsafe_skill"", ""relation"": ""CO_OCCURS_WITH"", ""object"": ""unsafe_decision"", ""evidence"": ""The captain reported the seatbelt sign was on when they encountered unexpected moderate to severe turbulence.""}]",success
20030729X01210,"[{""text"": ""ground personnel's failure to maintain aircraft/ground vehicle clearance, resulting in the collision"", ""role"": ""Ground Personnel"", ""tier"": ""Unsafe Act - Unsafe Violation""}]","{""unsafe_violation"": [""ground personnel's failure to maintain aircraft/ground vehicle clearance, resulting in the collision""]}",[],success
20100222X84927,"[{""text"": ""encountered a few 'light bumps' or intermittent light 'chop'"", ""role"": ""flight crew"", ""tier"": ""unsafe_skill""}, {""text"": ""The first officer then made a PA announcement directing the flight attendants to 'take your seats.'"", ""role"": ""flight crew"", ""tier"": ""unsafe_skill""}]","{""operator_mental"": [""Loss of Situational Awareness - Captain"", ""Complacency - Flight Crew""], ""operator_physical"": [""Fatigue - Flight Attendants""], ""personnel_crm"": [""Failed to Communicate - Captain and First Officer""], ""unsafe_skill"": [""'encountered a few 'light bumps' or intermittent light 'chop'' (flight crew)"", ""'The first officer then made a PA announcement directing the flight attendants to 'take your seats.' (flight crew)""]}","[{""subject"": ""unsafe_skill"", ""relation"": ""CO_OCCURS_WITH"", ""object"": ""unsafe_decision"", ""evidence"": ""The first officer then made a PA announcement directing the flight attendants to 'take your seats.'""}, {""subject"": ""unsafe_skill"", ""relation"": ""LEADS_TO"", ""object"": ""unsafe_perception"", ""evidence"": ""encountered a few 'light bumps' or intermittent light 'chop'""}]",success
20061006X01478,"[{""text"": ""repeatedly thrown from the floor to the ceiling"", ""role"": ""flight attendant"", ""tier"": ""unsafe_skill""}]","{""unsafe_skill"": [""repeatedly thrown from the floor to the ceiling (flight attendant)""]}","[{""subject"": ""unsafe_skill"", ""relation"": ""CO_OCCURS_WITH"", ""object"": ""unsafe_decision"", ""evidence"": ""repeatedly thrown from the floor to the ceiling, by severe turbulence.""}]",success
20070504X00513,"[{""text"": ""asked that everyone remain seated"", ""role"": ""pilot"", ""tier"": ""unsafe_decision""}]","{""unsafe_decision"": [""asked that everyone remain seated""]}","[{""subject"": ""unsafe_decision"", ""relation"": ""LEADS_TO"", ""object"": ""unsafe_perception"", ""evidence"": ""asked that everyone remain seated""}]",success
20040816X01227,"[{""text"": ""Misdiagnosed Emergency"", ""role"": ""ATC"", ""tier"": ""unsafe_decision""}]","{""unsafe_decision"": [""Misdiagnosed Emergency (ATC)""]}","[{""subject"": ""unsafe_decision"", ""relation"": ""LEADS_TO"", ""object"": ""unsafe_perception"", ""evidence"": ""the inaccurate radar information due to the failure of the Airport Movement Area Surveillance radar resulting in the tower calling for the airplane to abort the takeoff""}]",success
20050207X00140,"[{""text"": ""Adequate compensation for the gusty crosswind condition"", ""role"": ""Pilot"", ""tier"": ""unsafe_decision""}]","{""unsafe_decision"": [""Improper procedure: Pilot's inadequate compensation for the gusty crosswind condition, which resulted in a loss of control during the landing roll.""]}","[{""subject"": ""unsafe_decision"", ""relation"": ""LEADS_TO"", ""object"": ""unsafe_perception"", ""evidence"": ""The pilot's inadequate compensation for the gusty crosswind wind condition, which resulted in a loss of control during the landing roll""}]",success
20050118X00060,"[{""text"": ""Improper procedure"", ""role"": ""Tug operator"", ""tier"": ""unsafe_decision""}]","{""unsafe_decision"": [""Improper procedure""]}","[{""subject"": ""unsafe_decision"", ""relation"": ""LEADS_TO"", ""object"": ""unsafe_violation"", ""evidence"": ""the tug operator's failure to maintain operational control of the tug, resulting in impact with an airplane.""}]",success
20030606X00808,"[{""text"": ""encountered turbulence during final approach"", ""role"": ""pilot"", ""tier"": ""unsafe_decision""}]","{""unsafe_decision"": [""encountered turbulence during final approach""]}",[],success
20051130X01905,"[{""text"": ""tug driver's failure to maintain adequate clearance from the airplane"", ""role"": ""agent driving the tug"", ""tier"": ""unsafe_skill""}]","{""unsafe_skill"": [""tug driver's failure to maintain adequate clearance from the airplane""]}",[],success
20071130X01878,"[{""text"": ""Failed to Prioritize Attention"", ""role"": ""Captain and First Officer"", ""tier"": ""unsafe_decision""}]","{""unsafe_decision"": [""'neither detected any weather anomalies during the climb to altitude.' (Captain and First Officer)""]}","[{""subject"": ""unsafe_decision"", ""relation"": ""CO_OCCURS_WITH"", ""object"": ""operator_physical"", ""evidence"": ""The captain and the first officer had monitored the weather radar, and neither detected any weather anomalies.""}]",success
20010216X00462,"[{""text"": ""improper decision to pass behind an aircraft with operating engines"", ""role"": ""tug operator"", ""tier"": ""unsafe_decision""}]","{""unsafe_decision"": [""improper decision to pass behind an aircraft with operating engines (tug operator)""]}","[{""subject"": ""unsafe_decision"", ""relation"": ""LEADS_TO"", ""object"": ""unsafe_violation"", ""evidence"": ""the vehicle driver's improper decision to pass behind an aircraft with operating engines, which resulted in an encounter with jet blast.""}]",success
20001212X21909,"[{""text"": ""Without warning, the airplane entered another area of turbulence and the Flight Attendant was thrown about the cabin, injuring her ankles."", ""role"": ""Flight Attendant"", ""tier"": ""unsafe_skill""}]","{""unsafe_skill"": [""Without warning, the airplane entered another area of turbulence and the Flight Attendant was thrown about the cabin, injuring her ankles.""]}","[{""subject"": ""unsafe_skill"", ""relation"": ""CO_OCCURS_WITH"", ""object"": ""unsafe_decision"", ""evidence"": ""Without warning, the airplane entered another area of turbulence and the Flight Attendant was thrown about the cabin, injuring her ankles.""}]",success
20070720X00966,"[{""text"": ""Losing her balance, she fell to the cabin floor sustaining a serious injury."", ""role"": ""Flight attendant"", ""tier"": ""unsafe_skill""}]","{""unsafe_skill"": [""Losing her balance, she fell to the cabin floor sustaining a serious injury.""]}",[],success
20010503X00872,"[{""text"": ""The flight dispatcher failure to provide the flight crew with current in-flight turbulence information that resulted in the in-flight encounter with turbulence during climb."", ""role"": ""Dispatcher"", ""tier"": ""unsafe_violation""}]","{""unsafe_violation"": [""The flight dispatcher failure to provide the flight crew with current in-flight turbulence information that resulted in the in-flight encounter with turbulence during climb.""]}","[{""subject"": ""unsafe_violation"", ""relation"": ""LEADS_TO"", ""object"": ""unsafe_decision"", ""evidence"": ""The flight dispatcher failure to provide the flight crew with current in-flight turbulence information that resulted in the in-flight encounter with turbulence during climb.""}]",success
20211004104029,"[{""text"": ""The ingestion of a bird into the right engine during the takeoff roll caused a fan blade to fracture near the blade platform resulting in high fan blade off loads and engine vibrations sufficient to result in an eventual failure of a fuel tube in the right engine that sprayed fuel onto hot engine cases, igniting an undercowl fire and triggering a rejected takeoff."", ""role"": ""Engine"", ""tier"": ""unsafe_violation""}]","{""unsafe_violation"": [""The ingestion of a bird into the right engine during the takeoff roll caused a fan blade to fracture near the blade platform resulting in high fan blade off loads and engine vibrations sufficient to result in an eventual failure of a fuel tube in the right engine that sprayed fuel onto hot engine cases, igniting an undercowl fire and triggering a rejected takeoff.""]}","[{""subject"": ""unsafe_violation"", ""relation"": ""LEADS_TO"", ""object"": ""unsafe_decision"", ""evidence"": ""The ingestion of a bird into the right engine during the takeoff roll caused a fan blade to fracture near the blade platform resulting in high fan blade off loads and engine vibrations sufficient to result in an eventual failure of a fuel tube in the right engine that sprayed fuel onto hot engine cases, igniting an undercowl fire and triggering a rejected takeoff.""}]",success
20010608X01107,"[{""text"": ""Omitted Checklist Step - First Officer"", ""role"": ""First Officer"", ""tier"": ""unsafe_skill""}]","{""unsafe_skill"": [""Omitted Checklist Step - First Officer""]}","[{""subject"": ""unsafe_skill"", ""relation"": ""LEADS_TO"", ""object"": ""unsafe_decision"", ""evidence"": ""The First Officer said, 'Since we were flying a B-757, rather than a B-767, which is more normally flown in our category, the Captain and I discussed the different flying characteristics of the B-757 and the need to take the B-757's tendency to pitch down somewhat abruptly following touchdown into account upon landing.'""}]",success
20001212X21375,"[{""text"": ""Failed to Prioritize Attention"", ""role"": ""Pilot"", ""tier"": ""unsafe_decision""}]","{""unsafe_decision"": [""Failed to prioritize attention""]}","[{""subject"": ""unsafe_decision"", ""relation"": ""LEADS_TO"", ""object"": ""unsafe_skill"", ""evidence"": ""The pilot stated, in a written document dated after his original statement, that he may have overestimated the required force to hold wings level.""}]",success
20030305X00291,"[{""text"": ""The area of turbulence was not forecasted."", ""role"": ""Weather Forecaster"", ""tier"": ""unsafe_violation""}]","{""unsafe_violation"": [""The area of turbulence was not forecasted.""]}","[{""subject"": ""unsafe_violation"", ""relation"": ""LEADS_TO"", ""object"": ""unsafe_decision"", ""evidence"": ""The area of turbulence was not forecasted.""}]",success
20030530X00743,"[{""text"": ""Failed to Prioritize Attention"", ""role"": ""Engineer (CFR driver)"", ""tier"": ""unsafe_decision""}]","{""unsafe_decision"": [""Failed to prioritize attention: Engineer (CFR driver) forgot to set the parking brake and anti-roll tire chocks.""]}","[{""subject"": ""unsafe_decision"", ""relation"": ""LEADS_TO"", ""object"": ""operator_physical"", ""evidence"": ""the vehicle driver's failure to deploy the parking brake or use wheel chocks to secure the vehicle prior to leaving it unattended.""}]",success
20010910X01911,"[{""text"": ""Encountered moderate turbulence for approximately 5 seconds"", ""role"": ""Flightcrew"", ""tier"": ""unsafe_skill""}]","{""unsafe_skill"": [""Encountered moderate turbulence for approximately 5 seconds""]}","[{""subject"": ""unsafe_skill"", ""relation"": ""CO_OCCURS_WITH"", ""object"": ""operator_physical"", ""evidence"": ""Encountered moderate turbulence for approximately 5 seconds""}]",success
20020625X00969,"[{""text"": ""quickly leveled the airplane"", ""role"": ""First Officer"", ""tier"": ""unsafe_skill""}]","{""unsafe_skill"": [""quickly leveled the airplane""]}","[{""subject"": ""unsafe_skill"", ""relation"": ""LEADS_TO"", ""object"": ""unsafe_violation"", ""evidence"": ""quickly leveled the airplane""}]",success
20001212X22066,"[{""text"": ""Operator's improper decision to depress the vehicle's accelerator in the proximity of the airplane"", ""role"": ""Belt-loader operator"", ""tier"": ""unsafe_decision""}]","{""operator_mental"": [""Loss of Situational Awareness - Operator""], ""operator_physical"": [""Physical Fatigue - Operator""], ""personnel_crm"": [""Failed to Communicate - Operator""], ""unsafe_decision"": [""Operator's improper decision to depress the vehicle's accelerator in the proximity of the airplane""]}","[{""subject"": ""unsafe_decision"", ""relation"": ""LEADS_TO"", ""object"": ""operator_physical"", ""evidence"": ""The operator's loss of control of the belt-loader, due to his improper decision to depress the vehicle's accelerator in the proximity of the airplane.""}]",success
20030505X00618,"[{""text"": ""Omitted Checklist Step - Flight Attendant"", ""role"": ""Flight Attendant"", ""tier"": ""unsafe_skill""}]","{""unsafe_skill"": [""Omitted Checklist Step - Flight Attendant""]}","[{""subject"": ""unsafe_skill"", ""relation"": ""LEADS_TO"", ""object"": ""unsafe_perception"", ""evidence"": ""The flight attendant reported that she 'flew into the air' and her left leg hit a counter in the galley.""}]",success
20040930X01552,"[{""text"": ""Omitted Checklist Step - First Officer"", ""role"": ""First Officer"", ""tier"": ""unsafe_skill""}]","{""unsafe_skill"": [""Omitted Checklist Step - First Officer""]}","[{""subject"": ""unsafe_skill"", ""relation"": ""CO_OCCURS_WITH"", ""object"": ""unsafe_decision"", ""evidence"": ""The flight crew reported hearing a 'grinding noise' during initial flap retraction after takeoff.""}, {""subject"": ""unsafe_skill"", ""relation"": ""LEADS_TO"", ""object"": ""unsafe_perception"", ""evidence"": ""A flight attendant subsequently notified the flight crew that there was a loud 'hum and vibration' coming from the right wing.""}]",success
20030423X00557,"[{""text"": ""Inadvertent trauma to the passenger's ankle during an emergency evacuation."", ""role"": ""Passenger"", ""tier"": ""unsafe_skill""}]","{""unsafe_skill"": [""Inadvertent trauma to the passenger's ankle during an emergency evacuation.""]}","[{""subject"": ""unsafe_skill"", ""relation"": ""CO_OCCURS_WITH"", ""object"": ""unsafe_violation"", ""evidence"": ""Inadvertent trauma to the passenger's ankle during an emergency evacuation.""}]",success
20050322X00346,"[{""text"": ""foul oil smell spreading throughout the cockpit and cabin"", ""role"": ""Captain"", ""tier"": ""Unsafe_skill""}]","{""unsafe_skill"": [""Breakdown in Visual Scan - Captain""]}","[{""subject"": ""unsafe_skill"", ""relation"": ""CO_OCCURS_WITH"", ""object"": ""unsafe_decision"", ""evidence"": ""An oily smell in the airplane shortly after takeoff for undetermined reasons that resulted in a return to the airport and a passenger injury during the emergency evacuation.""}]",success
20041020X01659,"[{""text"": ""failure to follow established procedures and properly conduct a nonprecision instrument approach at night in IMC, including their descent below the minimum descent altitude (MDA) before required visual cues were available"", ""role"": ""pilot"", ""tier"": ""unsafe_decision""}]","{""unsafe_decision"": [""failure to follow established procedures and properly conduct a nonprecision instrument approach at night in IMC, including their descent below the minimum descent altitude (MDA) before required visual cues were available (which continued unmoderated until the airplane struck the trees)""]}","[{""subject"": ""unsafe_decision"", ""relation"": ""LEADS_TO"", ""object"": ""unsafe_violation"", ""evidence"": ""their descent below the minimum descent altitude (MDA) before required visual cues were available""}]",success
20030421X00540,"[{""text"": ""Failed to Prioritize Attention"", ""role"": ""First Officer"", ""tier"": ""unsafe_skill""}]","{""unsafe_skill"": [""Failed to prioritize attention""]}","[{""subject"": ""unsafe_skill"", ""relation"": ""LEADS_TO"", ""object"": ""unsafe_decision"", ""evidence"": ""When the left engine was shut down, the fire warning light remained illuminated and a fire bottle was discharged. The warning light remained illuminated. A second fire bottle was discharged and the warning light still remained illuminated.""}]",success
20030514X00654,"[{""text"": ""Encountered unforecasted clear air turbulence"", ""role"": ""Flight Attendant"", ""tier"": ""unsafe_perception""}]","{""unsafe_perception"": [""Misjudged Distance/Altitude/Airspeed""]}","[{""subject"": ""unsafe_perception"", ""relation"": ""CO_OCCURS_WITH"", ""object"": ""unsafe_decision"", ""evidence"": ""The airplane encountered unforecasted clear air turbulence during cruise flight.""}]",success
20001212X22266,"[{""text"": ""decided to continue the approach for landing"", ""role"": ""pilot"", ""tier"": ""unsafe_decision""}]","{""unsafe_decision"": [""decided to continue the approach for landing""]}","[{""subject"": ""unsafe_decision"", ""relation"": ""LEADS_TO"", ""object"": ""unsafe_perception"", ""evidence"": ""decided to continue the approach for landing""}]",success
20170712X12448,"[{""text"": ""ECS link wear can shift the OBV natural operating frequency into the engine operating frequency range, significantly increasing the fuel tube loads into the fitting."", ""role"": ""Maintenance"", ""tier"": ""unsafe_decision""}]","{""unsafe_decision"": [""ECS link wear can shift the OBV natural operating frequency into the engine operating frequency range, significantly increasing the fuel tube loads into the fitting.""]}","[{""subject"": ""unsafe_decision"", ""relation"": ""LEADS_TO"", ""object"": ""unsafe_violation"", ""evidence"": ""ECS link wear can shift the OBV natural operating frequency into the engine operating frequency range, significantly increasing the fuel tube loads into the fitting.""}]",success
20071108X01763,"[{""text"": ""Failed to Prioritize Attention"", ""role"": ""Maintenance crew"", ""tier"": ""unsafe_skill""}]","{""unsafe_skill"": [""Failed to prioritize attention""]}","[{""subject"": ""unsafe_skill"", ""relation"": ""CO_OCCURS_WITH"", ""object"": ""operator_physical"", ""evidence"": ""The captain discharged a Halon fire extinguisher into the lavatory compartment.""}]",success
20051104X01781,"[{""text"": ""Failed to Prioritize Attention"", ""role"": ""Captain"", ""tier"": ""unsafe_decision""}]","{""operator_mental"": [""Complacency - Captain""], ""operator_physical"": [""Physical Fatigue - Flight Attendant""], ""situational_tech"": [""Insufficient Reaction Time - Flightcrew""], ""unsafe_decision"": [""Failed to prioritize attention: Captain decided to turn the seatbelt sign off for 10 minutes despite the forecasted turbulence.""]}","[{""subject"": ""unsafe_decision"", ""relation"": ""LEADS_TO"", ""object"": ""unsafe_perception"", ""evidence"": ""The captain decided against meal service due to the anticipated turbulence after 10 minutes.""}]",success
20021029X05398,"[{""text"": ""Insufficient time to avoid the flock"", ""role"": ""Pilot"", ""tier"": ""unsafe_decision""}]","{""unsafe_decision"": [""Insufficient time to avoid the flock (Pilot)""]}","[{""subject"": ""unsafe_decision"", ""relation"": ""LEADS_TO"", ""object"": ""unsafe_perception"", ""evidence"": ""Insufficient time to avoid the flock""}]",success
20020104X00022,"[{""text"": ""misjudged step, which resulted in a loss of balance and subsequent fall"", ""role"": ""passenger"", ""tier"": ""unsafe_perception""}]","{""unsafe_perception"": [""Misjudged step, which resulted in a loss of balance and subsequent fall (passenger)""]}","[{""subject"": ""unsafe_perception"", ""relation"": ""LEADS_TO"", ""object"": ""unsafe_decision"", ""evidence"": ""misjudged step, which resulted in a loss of balance and subsequent fall""}]",success
20030317X00344,"[{""text"": ""lightning strike"", ""role"": ""Air Traffic Controller (ATC)"", ""tier"": ""unsafe_violation""}]","{""unsafe_violation"": [""Unauthorized Approach: Air Traffic Controller (ATC) allowed the aircraft to turn into a lightning-prone area.""]}","[{""subject"": ""unsafe_violation"", ""relation"": ""CO_OCCURS_WITH"", ""object"": ""unsafe_perception"", ""evidence"": ""The captain then asked ATC for a 20-degree right turn due to weather. ATC approved the request, but soon after turning on to the new heading, the airplane was struck by lightning.""}]",success
20020110X00051,"[{""text"": ""Unable to stop the movement, the tug driver jumped from the tug to avoid getting caught between the tug and airplane."", ""role"": ""Tug Operator"", ""tier"": ""unsafe_skill""}]","{""unsafe_skill"": [""Unable to stop the movement, the tug driver jumped from the tug to avoid getting caught between the tug and airplane.""]}","[{""subject"": ""unsafe_skill"", ""relation"": ""CO_OCCURS_WITH"", ""object"": ""operator_physical"", ""evidence"": ""The tug operator stated that during pushback, the airplane nose wheel hit a patch of ice. As he applies brakes to stop the tug,  the airplane began to slide.""}]",success
20001212X22065,"[{""text"": ""Breakdown in Visual Scan"", ""role"": ""Tug Operator"", ""tier"": ""unsafe_skill""}]","{""unsafe_skill"": [""'...one of the wing walkers signaled me to stop, but I was looking at the other wing walker. He told me to stop, but when I hit the brake it was too late....'"", ""Tug Operator""]}","[{""subject"": ""unsafe_skill"", ""relation"": ""LEADS_TO"", ""object"": ""unsafe_violation"", ""evidence"": ""The tug operator's inadequate visual lookout.""}]",success
20020311X00325,"[{""text"": ""inadvertently turned his steering wheel in the wrong direction"", ""role"": ""deicing truck driver"", ""tier"": ""unsafe_skill""}]","{""unsafe_skill"": [""inadvertently turned his steering wheel in the wrong direction - deicing truck driver""]}","[{""subject"": ""unsafe_skill"", ""relation"": ""LEADS_TO"", ""object"": ""unsafe_violation"", ""evidence"": ""inadvertently turned his steering wheel in the wrong direction""}]",success
20060622X00799,"[{""text"": ""Foreign object left on taxiway by workers for a company performing maintenance"", ""role"": ""Maintenance crew"", ""tier"": ""Unsafe violation""}]","{""unsafe_violation"": [""Foreign object left on taxiway by workers for a company performing maintenance""]}","[{""subject"": ""unsafe_violation"", ""relation"": ""LEADS_TO"", ""object"": ""unsafe_decision"", ""evidence"": ""Foreign object left on taxiway by workers for a company performing maintenance""}]",success
20031105X01861,"[{""text"": ""gearshift lever was faulty, and when the 'park' detent was selected, the van was actually in 'reverse'"", ""role"": ""Mechanic"", ""tier"": ""unsafe_skill""}]","{""unsafe_skill"": [""gearshift lever was faulty, and when the 'park' detent was selected, the van was actually in 'reverse' - Mechanic""]}","[{""subject"": ""unsafe_skill"", ""relation"": ""LEADS_TO"", ""object"": ""unsafe_violation"", ""evidence"": ""The mechanic had parked a ground support van outside the baggage area under Gate 26, and exited the van. When he returned to the van several minutes later, it had rolled backwards and impacted a parked aircraft.""}]",success
20020312X00331,"[{""text"": ""Omitted Checklist Step"", ""role"": ""Airline Transport Pilot and First Officer"", ""tier"": ""unsafe_skill""}]","{""unsafe_skill"": [""Omitted Checklist Step""]}","[{""subject"": ""unsafe_skill"", ""relation"": ""CO_OCCURS_WITH"", ""object"": ""operator_physical"", ""evidence"": ""During en route cruise, there was a failure of a number two system elevator hydraulic line.""}]",success
20070105X00013,"[{""text"": ""Failure of the deicing truck crew to maintain sufficient distance from the parked airplane during deicing"", ""role"": ""Deicing Truck Crew"", ""tier"": ""unsafe_skill""}]","{""operator_mental"": [""Loss of Situational Awareness - Maintenance Personnel""], ""operator_physical"": [""Physical Fatigue - Deicing Truck Crew""], ""situational_tech"": [""Equipment Design - Deicing Truck Counter-Balance Weight""], ""unsafe_skill"": [""Failure of the deicing truck crew to maintain sufficient distance from the parked airplane during deicing""]}","[{""subject"": ""unsafe_skill"", ""relation"": ""LEADS_TO"", ""object"": ""unsafe_violation"", ""evidence"": ""Failure of the deicing truck crew to maintain sufficient distance from the parked airplane during deicing, which resulted in a collision and substantial damage to the airplane.""}]",success
20060720X00974,"[{""text"": ""Forgetting he had a baggage cart in tow, the driver drove under the fuselage to reach the guideman."", ""role"": ""Ramp Employee"", ""tier"": ""unsafe_skill""}]","{""unsafe_skill"": [""Failed to Prioritize Attention - Ramp Employee""]}","[{""subject"": ""unsafe_skill"", ""relation"": ""CO_OCCURS_WITH"", ""object"": ""operator_physical"", ""evidence"": ""Forgetting he had a baggage cart in tow, the driver drove under the fuselage to reach the guideman.""}, {""subject"": ""unsafe_decision"", ""relation"": ""LEADS_TO"", ""object"": ""unsafe_skill"", ""evidence"": ""The driver's failure to follow company standard operating procedures. A factor was the driver's diverted attention to an on-time departure.""}]",success
20010529X01018,"[{""text"": ""Improper review of component records by company maintenance personnel"", ""role"": ""Maintenance crew"", ""tier"": ""unsafe_skill""}]","{""unsafe_skill"": [""Improper review of component records by company maintenance personnel""]}","[{""subject"": ""unsafe_skill"", ""relation"": ""LEADS_TO"", ""object"": ""unsafe_decision"", ""evidence"": ""Improper review of component records by company maintenance personnel of returned landing gear components from a laboratory for magnaflux and x-ray. This resulted in unserviceable components being tagged as serviceable, installation of unserviceable parts on an operational airplane, and subsequent failure/collapse of the right main landing gear during taxi.""}]",success
20031209X02011,"[{""text"": ""Failure of the operator to require that persons operating belt loaders use seat belts"", ""role"": ""Ground Support Personnel"", ""tier"": ""unsafe_violation""}]","{""unsafe_violation"": [""Failure of the operator to require that persons operating belt loaders use seat belts""]}","[{""subject"": ""unsafe_violation"", ""relation"": ""CO_OCCURS_WITH"", ""object"": ""situational_tech"", ""evidence"": ""The belt loader was equipped with an operational seat belt. The operator did not require that seat belts be utilized when operating belt loaders.""}]",success
20001212X20693,"[{""text"": ""Failed to Prioritize Attention"", ""role"": ""Cabin crewmember"", ""tier"": ""unsafe_skill""}]","{""unsafe_skill"": [""Failed to prioritize attention""]}","[{""subject"": ""unsafe_skill"", ""relation"": ""CO_OCCURS_WITH"", ""object"": ""unsafe_perception"", ""evidence"": ""The flight attendant's failure to seat and belt herself during an inflight encounter with turbulence in clouds resulting in her losing foothold and falling against a passenger seat, sustaining a fractured ankle.""}]",success
20011018X02112,"[{""text"": ""Omitted Checklist Step"", ""role"": ""Flight Crew"", ""tier"": ""unsafe_skill""}]","{""unsafe_skill"": [""Omitted Checklist Step - Flight Crew""]}","[{""subject"": ""unsafe_skill"", ""relation"": ""LEADS_TO"", ""object"": ""unsafe_decision"", ""evidence"": ""The flight crew observed that the number two power lever was jammed in a 68 percent torque position, and the airplane was unstable about the roll axis.""}]",success
20060711X00910,"[{""text"": ""The flight crew allowed passengers to move around the cabin despite encountering unexpected turbulence."", ""role"": ""Crew"", ""tier"": ""unsafe_decision""}]","{""unsafe_decision"": [""Exceeded Ability - The flight crew allowed passengers to move around the cabin despite encountering unexpected turbulence.""]}","[{""subject"": ""unsafe_decision"", ""relation"": ""LEADS_TO"", ""object"": ""unsafe_perception"", ""evidence"": ""The flight crew allowed passengers to move around the cabin despite encountering unexpected turbulence.""}]",success
20030514X00656,"[{""text"": ""brakes were either jammed or stuck"", ""role"": ""belt-loader operator"", ""tier"": ""unsafe_skill""}]","{""unsafe_skill"": [""brakes were either jammed or stuck - belt-loader operator""]}","[{""subject"": ""unsafe_skill"", ""relation"": ""LEADS_TO"", ""object"": ""operator_physical"", ""evidence"": ""brakes were either jammed or stuck""}]",success
20031219X02063,"[{""text"": ""Loss of control and failure to maintain clearance from the aircraft during pushback operations"", ""role"": ""Tug Operator"", ""tier"": ""unsafe_decision""}]","{""unsafe_decision"": [""Loss of control and failure to maintain clearance from the aircraft during pushback operations""]}",[],success
20250310199820,"[{""text"": ""Misjudged Distance/Altitude/Airspeed"", ""role"": ""Flight Crew"", ""tier"": ""unsafe_perception""}]","{""unsafe_perception"": [""Misjudged Distance/Altitude/Airspeed - Flight Crew""]}","[{""subject"": ""unsafe_perception"", ""relation"": ""CO_OCCURS_WITH"", ""object"": ""unsafe_decision"", ""evidence"": ""The flight crew misjudged the turbulence based on their preflight assessment and encountered moderate clear air turbulence associated with the jet stream during cruise.""}]",success
20030624X00944,"[{""text"": ""went to the rear of the airplane to stow an auxiliary table, and were headed to their seats when the turbulence hit."", ""role"": ""Cabin Attendant"", ""tier"": ""Unsafe Skill""}]","{""unsafe_skill"": [""Failed to Prioritize Attention - Cabin Attendants""]}","[{""subject"": ""unsafe_skill"", ""relation"": ""CO_OCCURS_WITH"", ""object"": ""unsafe_decision"", ""evidence"": ""went to the rear of the airplane to stow an auxiliary table, and were headed to their seats when the turbulence hit.""}]",success
20031017X01759,"[{""text"": ""Lack of a company requirement for a person to assist passengers in boarding the airplane."", ""role"": ""Company"", ""tier"": ""unsafe_decision""}]","{""unsafe_decision"": [""Lack of a company requirement for a person to assist passengers in boarding the airplane.""]}","[{""subject"": ""unsafe_decision"", ""relation"": ""LEADS_TO"", ""object"": ""operator_physical"", ""evidence"": ""The passenger's inadvertent fall while attempting to board.""}]",success
20011106X02201,"[{""text"": ""Just after touchdown, the airplane struck a deer in the vicinity of the left engine."", ""role"": ""First Officer"", ""tier"": ""unsafe_perception""}]","{""unsafe_perception"": [""Misjudged Distance/Altitude/Airspeed""]}","[{""subject"": ""unsafe_perception"", ""relation"": ""LEADS_TO"", ""object"": ""unsafe_violation"", ""evidence"": ""Just after touchdown, the airplane struck a deer in the vicinity of the left engine.""}]",success
20050628X00880,"[{""text"": ""Failed to Prioritize Attention"", ""role"": ""Captain"", ""tier"": ""unsafe_skill""}]","{""unsafe_skill"": [""Failed to Prioritize Attention""]}",[],success
20020114X00069,"[{""text"": ""Failed to account for the weight of the additional fuel"", ""role"": ""Flight crew"", ""tier"": ""unsafe_decision""}]","{""unsafe_decision"": [""Failed to account for the weight of the additional fuel""]}",[],success
20150416X33824,"[{""text"": ""issued a landing clearance to UPS357 to a runway occupied by N900QS in position on the same runway"", ""role"": ""Local Controller (LC)"", ""tier"": ""unsafe_decision""}]","{""unsafe_decision"": [""issued a landing clearance to UPS357 to a runway occupied by N900QS in position on the same runway""]}","[{""subject"": ""unsafe_decision"", ""relation"": ""LEADS_TO"", ""object"": ""unsafe_violation"", ""evidence"": ""issued a landing clearance to UPS357 to a runway occupied by N900QS in position on the same runway""}]",success
20060308X00278,"[{""text"": ""The driver of the deice vehicle, and a ground employee in the bucket of the deice vehicle"", ""role"": ""Ground Crew"", ""tier"": ""unsafe_skill""}]","{""operator_mental"": [""Loss of Situational Awareness - Driver""], ""operator_physical"": [""Physical Fatigue - Driver""], ""unsafe_skill"": [""The driver's failure to maintain clearance from a standing airplane""]}","[{""subject"": ""unsafe_skill"", ""relation"": ""LEADS_TO"", ""object"": ""unsafe_violation"", ""evidence"": ""The driver of the deice vehicle's failure to maintain clearance from a standing airplane, which resulted in a collision between the deice vehicle and left elevator of the airplane.""}]",success
20020411X00491,"[{""text"": ""Declared an emergency after finding a threatening note."", ""role"": ""Flightcrew"", ""tier"": ""unsafe_decision""}]","{""unsafe_decision"": [""Misdiagnosed Emergency - Flightcrew""]}","[{""subject"": ""unsafe_decision"", ""relation"": ""LEADS_TO"", ""object"": ""unsafe_violation"", ""evidence"": ""Declared an emergency after finding a threatening note.""}]",success
20060425X00486,"[{""text"": ""Inadvertent Flight Control Use"", ""role"": ""Flight Attendant"", ""tier"": ""unsafe_skill""}]","{""unsafe_skill"": [""Inadvertent Flight Control Use""]}","[{""subject"": ""unsafe_skill"", ""relation"": ""CO_OCCURS_WITH"", ""object"": ""unsafe_decision"", ""evidence"": ""The flight attendant, who was out of her seat at the time, was thrown to the ceiling, then fell back to the floor, resulting in a serious injury.""}]",success
20030715X01106,"[{""text"": ""Failed to maintain directional control of the tug, which caused the tug to impact the airplane."", ""role"": ""Tug Operator"", ""tier"": ""unsafe_skill""}]","{""unsafe_skill"": [""Failed to maintain directional control of the tug, which caused the tug to impact the airplane.""]}","[{""subject"": ""unsafe_skill"", ""relation"": ""LEADS_TO"", ""object"": ""unsafe_perception"", ""evidence"": ""The tug operator's failure to maintain directional control of the tug, which caused the tug to impact the airplane.""}]",success
20001212X21701,"[{""text"": ""unauthorized repair that was not to the manufacturer's standards"", ""role"": ""Maintenance crew"", ""tier"": ""unsafe_violation""}]","{""unsafe_violation"": [""unauthorized repair that was not to the manufacturer's standards (Maintenance crew)""]}","[{""subject"": ""unsafe_violation"", ""relation"": ""LEADS_TO"", ""object"": ""unsafe_decision"", ""evidence"": ""Contributing to the left heat exchanger fan relay malfunction was the unauthorized repair that was not to the manufacturer's standards and the circuit breakers' failure to recognize an arc-fault.""}]",success
20031021X01788,"[{""text"": ""A ground agent's inadequate visual lookout during push back, which resulted in his failure to maintain clearance between the airplanes."", ""role"": ""Ground Agent"", ""tier"": ""unsafe_skill""}]","{""unsafe_skill"": [""A ground agent's inadequate visual lookout during push back, which resulted in his failure to maintain clearance between the airplanes.""]}","[{""subject"": ""unsafe_skill"", ""relation"": ""LEADS_TO"", ""object"": ""unsafe_violation"", ""evidence"": ""A ground agent's inadequate visual lookout during push back, which resulted in his failure to maintain clearance between the airplanes.""}]",success
20020731X01263,"[{""text"": ""One of the seagulls struck the leading edge of the airplane's right wing."", ""role"": ""pilot"", ""tier"": ""unsafe_decision""}]","{""unsafe_decision"": [""One of the seagulls struck the leading edge of the airplane's right wing.""]}","[{""subject"": ""unsafe_decision"", ""relation"": ""LEADS_TO"", ""object"": ""unsafe_violation"", ""evidence"": ""One of the seagulls struck the leading edge of the airplane's right wing.""}]",success
20030612X00865,"[{""text"": ""encountered an area of 'moderate turbulence' which lasted about 20-30 seconds"", ""role"": ""pilot"", ""tier"": ""unsafe_decision""}]","{""unsafe_decision"": [""encountered an area of 'moderate turbulence' which lasted about 20-30 seconds""]}","[{""subject"": ""unsafe_decision"", ""relation"": ""LEADS_TO"", ""object"": ""unsafe_perception"", ""evidence"": ""encountered an area of 'moderate turbulence' which lasted about 20-30 seconds""}]",success
20090612X13814,"[{""text"": ""The local controller did not scan the runways prior to issuing a taxi into position and hold instruction to SWA1080 as required by FAA Order 7110.65 paragraph 3-1-12."", ""role"": ""ATC personnel"", ""tier"": ""unsafe_decision""}]","{""unsafe_decision"": [""The local controller did not scan the runways prior to issuing a taxi into position and hold instruction to SWA1080 as required by FAA Order 7110.65 paragraph 3-1-12.""]}","[{""subject"": ""unsafe_decision"", ""relation"": ""LEADS_TO"", ""object"": ""unsafe_violation"", ""evidence"": ""The local controller did not scan the runways prior to issuing a taxi into position and hold instruction to SWA1080 as required by FAA Order 7110.65 paragraph 3-1-12.""}]",success
20071029X01680,"[{""text"": ""Omitted Checklist Step"", ""role"": ""Pilot"", ""tier"": ""unsafe_skill""}]","{""unsafe_skill"": [""Omitted Checklist Step - Pilot""]}","[{""subject"": ""unsafe_skill"", ""relation"": ""CO_OCCURS_WITH"", ""object"": ""operator_physical"", ""evidence"": ""The captain reported they were about 1,500 feet above the ground when they saw a large flock of about 30 geese coming towards them.""}, {""subject"": ""unsafe_skill"", ""relation"": ""LEADS_TO"", ""object"": ""unsafe_decision"", ""evidence"": ""The crew heard 3 to 4 thuds, and then the right engine immediately began running rough. The captain declared an emergency and returned to the airport.""}]",success
20100507X94749,"[{""text"": ""inadequate separation from convective activity"", ""role"": ""flight crew"", ""tier"": ""unsafe_decision""}]","{""unsafe_decision"": [""Inadequate separation from convective activity that resulted in serious injury to an unrestrained flight attendant""]}",[],success
20001212X20472,"[{""text"": ""Failed to properly secure and inspect the attachment bolt"", ""role"": ""Maintenance crew"", ""tier"": ""unsafe_violation""}]","{""unsafe_violation"": [""Failed to properly secure and inspect the attachment bolt""]}","[{""subject"": ""unsafe_violation"", ""relation"": ""LEADS_TO"", ""object"": ""unsafe_decision"", ""evidence"": ""The disconnection was caused by the failure to properly secure and inspect the attachment bolt.""}]",success
20240515194260,[],"{""unsafe_skill"": [""Crack initiated in the upper collet radius at a single point of origin which corresponded to a surface connected anomaly that measured 0.005 inches by 0.015 inches by 0.0005 inches - Material Engineers""]}","[{""subject"": ""unsafe_decision"", ""relation"": ""LEADS_TO"", ""object"": ""unsafe_violation"", ""evidence"": ""The engine was removed from the airplane, the fan module removed from the engine, and the engine propulsor prepared for shipment to the United States for disassembly and examination.""}, {""subject"": ""unsafe_skill"", ""relation"": ""LEADS_TO"", ""object"": ""unsafe_decision"", ""evidence"": ""There were no signs of fuel nozzle streaking, hot spots or burn throughs in the combustion chamber.""}, {""subject"": ""operator_physical"", ""relation"": ""CO_OCCURS_WITH"", ""object"": ""unsafe_skill"", ""evidence"": ""The HPT stage 1 aft blade retainer was found lodged in place on the forward side of the HPT rotating interstage seal (RIS) and fractured, with the outboard portion of the retainer arm missing.""}, {""subject"": ""operator_limits"", ""relation"": ""LEADS_TO"", ""object"": ""unsafe_decision"", ""evidence"": ""The calculated stress conditions for the GEnx HPT stage 1 aft blade retainer collet feature were found to be uniquely high when compared to the stress conditions of other rotating hardware.""}]",success
20060522X00602,"[{""text"": ""The driver of the tug stated that he was bringing luggage to a different airplane during dark, rainy, and foggy weather conditions. The driver of the tug further stated that he did not see the accident airplane until the impact of the tug with the left wing."", ""role"": ""Tug Driver"", ""tier"": ""unsafe_skill""}]","{""unsafe_skill"": [""Breakdown in Visual Scan - Tug Driver""]}","[{""subject"": ""unsafe_skill"", ""relation"": ""CO_OCCURS_WITH"", ""object"": ""situational_tech"", ""evidence"": ""The reported weather at BOS, at 1852, was: wind from 050 degrees at 13 knots; visibility 1/4 mile in fog; indefinite ceiling 100 feet; temperature 50 degrees, dew point 48 degrees; altimeter 29.93 inches Hg.""}, {""subject"": ""unsafe_skill"", ""relation"": ""LEADS_TO"", ""object"": ""unsafe_perception"", ""evidence"": ""The driver of the tug stated that he was bringing luggage to a different airplane during dark, rainy, and foggy weather conditions. The driver of the tug further stated that he did not see the accident airplane until the impact of the tug with the left wing.""}]",success
20021118X05480,"[{""text"": ""broken hydraulic line, which allowed hydraulic fluid to accumulate in the area of the APU inlet"", ""role"": ""Maintenance crew"", ""tier"": ""unsafe_violation""}]","{""unsafe_violation"": [""'broken hydraulic line, which allowed hydraulic fluid to accumulate in the area of the APU inlet' - Maintenance crew""]}","[{""subject"": ""unsafe_violation"", ""relation"": ""LEADS_TO"", ""object"": ""unsafe_perception"", ""evidence"": ""broken hydraulic line, which allowed hydraulic fluid to accumulate in the area of the APU inlet""}]",success
20020930X05250,"[{""text"": ""A malfunctioning yaw damper was the source of the control anomaly."", ""role"": ""Maintenance personnel"", ""tier"": ""Unsafe_Violation""}]","{""unsafe_violation"": [""A malfunctioning yaw damper was the source of the control anomaly.""]}","[{""subject"": ""unsafe_violation"", ""relation"": ""LEADS_TO"", ""object"": ""unsafe_decision"", ""evidence"": ""A malfunctioning yaw damper.""}]",success
20001212X20788,"[{""text"": ""aborted the takeoff; however, the airplane contacted two deer which ran onto the runway"", ""role"": ""First Officer (flying pilot)"", ""tier"": ""unsafe_decision""}]","{""unsafe_decision"": [""Misdiagnosed Emergency""]}","[{""subject"": ""unsafe_decision"", ""relation"": ""LEADS_TO"", ""object"": ""unsafe_perception"", ""evidence"": ""aborted the takeoff; however, the airplane contacted two deer which ran onto the runway""}]",success
20050120X00079,"[{""text"": ""Inadvertent depressing the accelerator"", ""role"": ""Catering truck driver"", ""tier"": ""unsafe_skill""}]","{""unsafe_skill"": [""Inadvertent depressing the accelerator""]}","[{""subject"": ""unsafe_skill"", ""relation"": ""LEADS_TO"", ""object"": ""unsafe_violation"", ""evidence"": ""The driver of the catering truck reported that he was approaching the airplane when he received a radio call. While talking over the radio, he inadvertently stepped on the accelerator, and the truck subsequently struck the airplane.""}]",success
20241104195438,"[{""text"": ""Inadvertent encounter with convectively induced turbulence."", ""role"": ""Air Traffic Controller"", ""tier"": ""unsafe_violation""}]","{""unsafe_violation"": [""Inadvertent encounter with convectively induced turbulence.""]}",[],success
20051202X01925,"[{""text"": ""cut the corner too tight resulting in the right propeller striking a taxiway light"", ""role"": ""pilot"", ""tier"": ""unsafe_skill""}]","{""unsafe_skill"": [""cut the corner too tight resulting in the right propeller striking a taxiway light (pilot)""]}","[{""subject"": ""unsafe_skill"", ""relation"": ""LEADS_TO"", ""object"": ""unsafe_perception"", ""evidence"": ""cut the corner too tight resulting in the right propeller striking a taxiway light""}]",success
20030409X00468,"[{""text"": ""30 to 60 seconds later the airplane encountered severe turbulence"", ""role"": ""pilot"", ""tier"": ""unsafe_decision""}]","{""unsafe_decision"": [""Misdiagnosed Emergency""]}","[{""subject"": ""unsafe_decision"", ""relation"": ""LEADS_TO"", ""object"": ""unsafe_perception"", ""evidence"": ""30 to 60 seconds later the airplane encountered severe turbulence""}]",success
20021204X05561,"[{""text"": ""The cabin flight crew not verifying the galley service cart had been properly stowed prior to departure"", ""role"": ""Cabin Flight Crew"", ""tier"": ""unsafe_skill""}]","{""unsafe_skill"": [""The cabin flight crew not verifying the galley service cart had been properly stowed prior to departure""]}","[{""subject"": ""unsafe_skill"", ""relation"": ""LEADS_TO"", ""object"": ""unsafe_violation"", ""evidence"": ""The cabin flight crew not verifying the galley service cart had been properly stowed prior to departure, which resulted in the inadvertent deployment of the galley service cart during initial climb after takeoff.""}]",success
20001212X20225,"[{""text"": ""Improper assembly of the wheel during build up in the operator's maintenance facilities."", ""role"": ""Maintenance Crew"", ""tier"": ""Unsafe Skill""}]","{""unsafe_skill"": [""Improper assembly of the wheel during build up in the operator's maintenance facilities.""]}","[{""subject"": ""unsafe_skill"", ""relation"": ""LEADS_TO"", ""object"": ""unsafe_violation"", ""evidence"": ""Improper assembly of the wheel during build up in the operator's maintenance facilities.""}]",success
20030214X00221,"[{""text"": ""The handrail collapsed due to undetermined reasons."", ""role"": ""Maintenance"", ""tier"": ""unsafe_violation""}]","{""unsafe_violation"": [""'The handrail collapsed due to undetermined reasons.' - Maintenance""]}","[{""subject"": ""unsafe_violation"", ""relation"": ""LEADS_TO"", ""object"": ""unsafe_perception"", ""evidence"": ""The handrail collapsed due to undetermined reasons.""}]",success
20060721X00983,"[{""text"": ""A passenger's failure to heed the flight attendant warning and the seat belt sign."", ""role"": ""Passenger"", ""tier"": ""Unsafe_perception""}]","{""unsafe_perception"": [""A passenger's failure to heed the flight attendant warning and the seat belt sign.""]}","[{""subject"": ""unsafe_perception"", ""relation"": ""LEADS_TO"", ""object"": ""unsafe_violation"", ""evidence"": ""The passenger's failure to heed the flight attendant warning and the seat belt sign.""}]",success
20020326X00394,"[{""text"": ""would not reset"", ""role"": ""crew"", ""tier"": ""unsafe_skill""}]","{""unsafe_skill"": [""'would not reset' - crew""]}","[{""subject"": ""unsafe_skill"", ""relation"": ""CO_OCCURS_WITH"", ""object"": ""operator_physical"", ""evidence"": ""would not reset""}]",success
20040205X00163,"[{""text"": ""broken E-hitch pin where the baggage cart became disconnected"", ""role"": ""Ground Service Personnel"", ""tier"": ""unsafe_violation""}]","{""unsafe_violation"": [""broken E-hitch pin where the baggage cart became disconnected""]}","[{""subject"": ""unsafe_violation"", ""relation"": ""LEADS_TO"", ""object"": ""unsafe_decision"", ""evidence"": ""The failure of the baggage cart E-hitch pin, which resulted in the baggage cart separating from its tug, and subsequently impacting a parked airplane.""}]",success
20001212X20553,"[{""text"": ""The vehicle driver's inadequate visual lookout."", ""role"": ""Vehicle Driver"", ""tier"": ""unsafe_skill""}]","{""unsafe_skill"": [""The vehicle driver's inadequate visual lookout.""]}","[{""subject"": ""unsafe_skill"", ""relation"": ""LEADS_TO"", ""object"": ""unsafe_violation"", ""evidence"": ""The vehicle driver's inadequate visual lookout.""}]",success
20150611X74851,"[{""text"": ""Inadvertent encounter with turbulence while deviating around an area of known convective activity."", ""role"": ""Flight crew"", ""tier"": ""unsafe_decision""}]","{""operator_mental"": [""Loss of Situational Awareness - Flight Crew""], ""personnel_crm"": [""Failed to Communicate - Cabin Crew""], ""operator_physical"": [""Fatigue - Flight Crew""], ""unsafe_decision"": [""Inadvertent encounter with turbulence while deviating around an area of known convective activity.""]}","[{""subject"": ""unsafe_decision"", ""relation"": ""LEADS_TO"", ""object"": ""unsafe_perception"", ""evidence"": ""Inadvertent encounter with turbulence while deviating around an area of known convective activity.""}]",success
20180611X85348,"[{""text"": ""ignored the seatbelt sign and instructions to remain seated"", ""role"": ""Passenger"", ""tier"": ""unsafe_skill""}]","{""unsafe_skill"": [""ignored the seatbelt sign and instructions to remain seated - Passenger""]}","[{""subject"": ""unsafe_skill"", ""relation"": ""CO_OCCURS_WITH"", ""object"": ""unsafe_violation"", ""evidence"": ""the passengers failure to comply with the fasten seatbelt sign when the airplane encountered convective turbulence.""}]",success
20030902X01433,[],"{""unsafe_decision"": [""Exceeded Ability - Flight attendants""]}","[{""subject"": ""unsafe_decision"", ""relation"": ""LEADS_TO"", ""object"": ""unsafe_perception"", ""evidence"": ""The captain diverted the flight to Cleveland, Ohio, and landed uneventfully.""}, {""subject"": ""unsafe_violation"", ""relation"": ""CO_OCCURS_WITH"", ""object"": ""unsafe_skill"", ""evidence"": ""One flight attendant suffered a head injury and was admitted to a hospital for a period of more than 48 hours.""}]",success
20020729X01242,[],{},[],parse_error
20050111X00033,"[{""text"": ""Vehicle driver's failure to maintain directional control"", ""role"": ""Tug Driver"", ""tier"": ""unsafe_skill""}]","{""unsafe_skill"": [""Vehicle driver's failure to maintain directional control""]}","[{""subject"": ""unsafe_skill"", ""relation"": ""LEADS_TO"", ""object"": ""unsafe_violation"", ""evidence"": ""Vehicle driver's failure to maintain directional control, which resulted in a collision with the airplane during push-back.""}]",success
20080124X00102,"[{""text"": ""local controller's failure of maintaining awareness of the situation and failing to provide the appropriate separation between the two aircraft operating on intersecting runways."", ""role"": ""ATC"", ""tier"": ""Unsafe_decision""}]","{""unsafe_decision"": [""\""local controller's failure of maintaining awareness of the situation and failing to provide the appropriate separation between the two aircraft operating on intersecting runways.\"" (ATC)""]}","[{""subject"": ""unsafe_decision"", ""relation"": ""LEADS_TO"", ""object"": ""unsafe_violation"", ""evidence"": ""local controller's failure of maintaining awareness of the situation and failing to provide the appropriate separation between the two aircraft operating on intersecting runways.""}]",success
20030813X01324,"[{""text"": ""Turbulence had not been forecasted."", ""role"": ""Weather Forecaster"", ""tier"": ""unsafe_violation""}]","{""unsafe_violation"": [""Turbulence had not been forecasted.""]}","[{""subject"": ""unsafe_violation"", ""relation"": ""LEADS_TO"", ""object"": ""unsafe_decision"", ""evidence"": ""Turbulence had not been forecasted.""}]",success
20031105X01865,"[{""text"": ""One flight attendant received minor injuries and another flight attendant received a fractured ankle."", ""role"": ""Flight Attendant"", ""tier"": ""Unsafe Skill""}]","{""unsafe_skill"": [""One flight attendant received minor injuries and another flight attendant received a fractured ankle.""]}","[{""subject"": ""unsafe_skill"", ""relation"": ""LEADS_TO"", ""object"": ""unsafe_violation"", ""evidence"": ""One flight attendant received minor injuries and another flight attendant received a fractured ankle.""}]",success
20001212X20564,"[{""text"": ""put up her foot to hold the cart; however, it pushed her foot backwards."", ""role"": ""Flight Attendant"", ""tier"": ""unsafe_skill""}]","{""unsafe_skill"": [""put up her foot to hold the cart; however, it pushed her foot backwards.""]}","[{""subject"": ""unsafe_skill"", ""relation"": ""LEADS_TO"", ""object"": ""unsafe_perception"", ""evidence"": ""put up her foot to hold the cart; however, it pushed her foot backwards.""}]",success
20140619X52159,"[{""text"": ""To avoid injury from bursting coffee filters, step to the side, turn off power to the coffeemaker, and do not raise the potlocking lever until the unit has cooled."", ""role"": ""Flight attendant"", ""tier"": ""unsafe_skill""}]","{""unsafe_skill"": [""To avoid injury from bursting coffee filters, step to the side, turn off power to the coffeemaker, and do not raise the potlocking lever until the unit has cooled.""]}","[{""subject"": ""unsafe_skill"", ""relation"": ""CO_OCCURS_WITH"", ""object"": ""operator_physical"", ""evidence"": ""While working in the forward galley, the flight attendant noticed that the coffee pot was leaking onto the counter and proceeded to turn it off and cleaned up the spill.""}, {""subject"": ""unsafe_skill"", ""relation"": ""LEADS_TO"", ""object"": ""unsafe_perception"", ""evidence"": ""The warning was present in the operator's FAM: WARNING: To avoid injury from bursting coffee filters, step to the side, turn off power to the coffeemaker, and do not raise the potlocking lever until the unit has cooled.""}, {""subject"": ""unsafe_skill"", ""relation"": ""LEADS_TO"", ""object"": ""unsafe_violation"", ""evidence"": ""Then while lifting the coffee maker's potlocking lever, hot coffee grounds and hot water erupted onto her face, neck, upper chest and hands.""}]",success
20031201X01968,"[{""text"": ""Clearance was not verified and the left winglet of the accident airplane impacted the right wing of another Beech 1900D."", ""role"": ""Ground personnel"", ""tier"": ""unsafe_perception""}]","{""unsafe_perception"": [""Misjudged Distance/Altitude/Airspeed""]}","[{""subject"": ""unsafe_perception"", ""relation"": ""LEADS_TO"", ""object"": ""unsafe_violation"", ""evidence"": ""Clearance was not verified and the left winglet of the accident airplane impacted the right wing of another Beech 1900D.""}]",success
20001212X20733,"[{""text"": ""A significant oil leak originating from the auxiliary power unit (APU)"", ""role"": ""Maintenance personnel"", ""tier"": ""unsafe_violation""}]","{""unsafe_violation"": [""Failed to prepare for flight - Maintenance personnel""]}","[{""subject"": ""unsafe_violation"", ""relation"": ""LEADS_TO"", ""object"": ""unsafe_perception"", ""evidence"": ""An oil leak from the aircraft's APU that subsequently contaminated the aircraft's environmental system.""}]",success
20110830X63935,"[{""text"": ""The nose wheel steering, brakes, spoilers, thrust reversers, and rudder were inspected at the aircraft level with no anomalies found."", ""role"": ""Maintenance crew"", ""tier"": ""unsafe_skill""}]","{""unsafe_skill"": [""The nose wheel steering, brakes, spoilers, thrust reversers, and rudder were inspected at the aircraft level with no anomalies found.""]}","[{""subject"": ""unsafe_skill"", ""relation"": ""CO_OCCURS_WITH"", ""object"": ""operator_physical"", ""evidence"": ""The nose wheel steering, brakes, spoilers, thrust reversers, and rudder were inspected at the aircraft level with no anomalies found.""}]",success
20051026X01729,"[{""text"": ""nosegear struck a coyote"", ""role"": ""pilot"", ""tier"": ""Unsafe Skill - Poor Technique""}]","{""unsafe_skill"": [""nosegear struck a coyote - pilot""]}","[{""subject"": ""unsafe_skill"", ""relation"": ""LEADS_TO"", ""object"": ""unsafe_violation"", ""evidence"": ""nosegear struck a coyote""}]",success
20130814X15751,"[{""text"": ""failure to monitor the aircraft's altitude during the approach"", ""role"": ""Flight crew"", ""tier"": ""unsafe_skill""}, {""text"": ""failure to properly configure and verify the flight management computer for the profile approach"", ""role"": ""Flight crew"", ""tier"": ""unsafe_decision""}]","{""operator_mental"": [""Loss of Situational Awareness - Captain"", ""Complacency - First Officer""], ""operator_physical"": [""Fatigue - First Officer""], ""operator_limits"": [""Insufficient Reaction Time - Flight Crew""], ""situational_tech"": [""Incorrect Use/Operation of Flight Management System - Flight Crew""], ""personnel_crm"": [""Lack of Communication - Captain"", ""Lack of Communication - First Officer""], ""personnel_readiness"": [""Crew Rest Violation - First Officer""], ""unsafe_skill"": [""failure to monitor the aircraft's altitude during the approach - Flight crew""], ""unsafe_decision"": [""failure to properly configure and verify the flight management computer for the profile approach - Flight crew""]}","[{""subject"": ""unsafe_skill"", ""relation"": ""LEADS_TO"", ""object"": ""unsafe_decision"", ""evidence"": ""the flight crew's continuation of an unstabilized approach and their failure to monitor the aircraft's altitude during the approach, which led to an inadvertent descent below the minimum approach altitude and subsequently into terrain.""}]",success
20081229X80551,"[{""text"": ""Unannounced advancement of the left engine throttle"", ""role"": ""First Officer"", ""tier"": ""unsafe_decision""}]","{""operator_mental"": [""Distraction - First Officer"", ""Loss of Situational Awareness - Captain""], ""operator_physical"": [""Fatigue - First Officer and Captain""], ""operator_limits"": [""Insufficient Reaction Time - First Officer""], ""personnel_crm"": [""Failed to Communicate - First Officer"", ""Failed to Coordinate - First Officer and Captain""], ""situational_tech"": [""Incompatible Intelligence/Aptitude - Engine Operating Procedures""], ""unsafe_decision"": [""Improper Procedure - First Officer""]}","[{""subject"": ""unsafe_decision"", ""relation"": ""LEADS_TO"", ""object"": ""unsafe_violation"", ""evidence"": ""The first officer's unannounced advancement of the left engine throttle, which led to a sustained application of high thrust that caused the airplane to impact the tug.""}]",success
20040421X00488,"[{""text"": ""While attempting to sit down, a flight attendant fell to the floor and suffered a fractured ankle."", ""role"": ""Flight Attendant"", ""tier"": ""unsafe_skill""}]","{""unsafe_skill"": [""While attempting to sit down, a flight attendant fell to the floor and suffered a fractured ankle.""]}","[{""subject"": ""unsafe_skill"", ""relation"": ""LEADS_TO"", ""object"": ""unsafe_perception"", ""evidence"": ""While attempting to sit down, a flight attendant fell to the floor and suffered a fractured ankle.""}]",success
20001212X21656,"[{""text"": ""The fractured tow bar and the inadequate weld of the tow bar by an unknown person."", ""role"": ""Maintenance"", ""tier"": ""Unsafe Skill""}]","{""unsafe_skill"": [""The fractured tow bar and the inadequate weld of the tow bar by an unknown person.""]}","[{""subject"": ""unsafe_skill"", ""relation"": ""LEADS_TO"", ""object"": ""unsafe_violation"", ""evidence"": ""the fractured tow bar and the inadequate weld of the tow bar by an unknown person.""}]",success
20071005X01522,"[{""text"": ""American Airlines maintenance personnel's use of an inappropriate manual engine start procedure, which led to the uncommanded opening of the left engine air turbine starter valve"", ""role"": ""Maintenance Personnel"", ""tier"": ""Unsafe Skill""}, {""text"": ""the flight crew\u2019s interruption of an emergency checklist to perform nonessential tasks"", ""role"": ""Flight Crew"", ""tier"": ""Unsafe Skill""}]","{""unsafe_skill"": [""\""American Airlines maintenance personnel's use of an inappropriate manual engine start procedure, which led to the uncommanded opening of the left engine air turbine starter valve\"" (Maintenance Personnel)"", ""\""the flight crew\u2019s interruption of an emergency checklist to perform nonessential tasks\"" (Flight Crew)""]}","[{""subject"": ""unsafe_skill"", ""relation"": ""LEADS_TO"", ""object"": ""unsafe_decision"", ""evidence"": ""the flight crew\u2019s interruption of an emergency checklist to perform nonessential tasks""}]",success
20250623200361,"[{""text"": ""Exceeded Ability"", ""role"": ""Crew"", ""tier"": ""unsafe_decision""}]","{""unsafe_decision"": [""Exceeded Ability - Crew""]}",[],success
20230602192293,"[{""text"": ""penetrated the left outermost area of the cloud buildup at an altitude of approximately 12,100 ft"", ""role"": ""Flight crew"", ""tier"": ""unsafe_skill""}]","{""operator_mental"": [""Loss of Situational Awareness - Captain"", ""Complacency - First Officer""], ""personnel_crm"": [""Failed to Communicate - Flight Crew""], ""operator_physical"": [""Physical Fatigue - Flight Attendant""], ""unsafe_skill"": [""Penetrated the left outermost area of the cloud buildup - Flight crew""]}","[{""subject"": ""unsafe_skill"", ""relation"": ""CO_OCCURS_WITH"", ""object"": ""unsafe_decision"", ""evidence"": ""The flight crewmembers reported that as the aircraft was descending through an isolated overcast layer, they observed a small cloud buildup with the top of the buildup slightly above their altitude. They contacted ATC and requested and were approved to make a left turn to avoid the cloud, but the aircraft penetrated the left outermost area of the cloud buildup at an altitude of approximately 12,100 ft.""}]",success
20030905X01467,"[{""text"": ""encountered turbulence during decent"", ""role"": ""pilot"", ""tier"": ""unsafe_perception""}]","{""operator_mental"": [""Loss of Situational Awareness - Flight Attendant""], ""operator_physical"": [""Physical Fatigue - Flight Attendant""], ""unsafe_perception"": [""Misjudged Distance/Altitude/Airspeed""]}","[{""subject"": ""unsafe_perception"", ""relation"": ""LEADS_TO"", ""object"": ""unsafe_decision"", ""evidence"": ""encountered turbulence during decent""}]",success
20070911X01360,"[{""text"": ""misplaced a foot on the narrow stairs and fell down breaking her arm in three places"", ""role"": ""flight attendant"", ""tier"": ""unsafe_skill""}]","{""operator_mental"": [""Loss of Situational Awareness - Flight Attendant""], ""operator_physical"": [""Physical Fatigue - Flight Attendant""], ""unsafe_skill"": [""Misplaced a foot on the narrow stairs and fell down breaking her arm in three places""]}","[{""subject"": ""unsafe_skill"", ""relation"": ""LEADS_TO"", ""object"": ""operator_physical"", ""evidence"": ""misplaced a foot on the narrow stairs and fell down breaking her arm in three places""}]",success
20160516X92239,"[{""text"": ""was tossed him into the air and back down, causing him to crush his left hand in the jumpseat"", ""role"": ""Flight attendant"", ""tier"": ""unsafe_skill""}]","{""unsafe_skill"": [""was tossed him into the air and back down, causing him to crush his left hand in the jumpseat - Flight attendant""]}",[],success
20030826X01404,"[{""text"": ""The airplane impacted a deer while on landing rollout."", ""role"": ""pilot"", ""tier"": ""unsafe_perception""}]","{""operator_mental"": [""Loss of Situational Awareness - Pilot""], ""operator_limits"": [""Insufficient Reaction Time - Pilot""], ""unsafe_perception"": [""Misjudged Distance/Altitude/Airspeed""]}","[{""subject"": ""unsafe_perception"", ""relation"": ""LEADS_TO"", ""object"": ""unsafe_decision"", ""evidence"": ""The airplane impacted a deer while on landing rollout.""}]",success
20040825X01286,"[{""text"": ""the captain did not recognize the importance of the cues provided by the first officer, and he failed to perform expected pilot-in-command duties"", ""role"": ""captain"", ""tier"": ""unsafe_decision""}, {""text"": ""the captain was preoccupied with the weight and balance calculations during critical portions of the flight and, as a result, he did not monitor the fuel crossfeed operations"", ""role"": ""captain"", ""tier"": ""unsafe_decision""}, {""text"": ""the captain's preflight weight and balance calculations indicated that the airplane was not within takeoff limits; therefore, he should not have allowed the airplane to take off"", ""role"": ""captain"", ""tier"": ""unsafe_violation""}]","{""unsafe_decision"": [""the captain did not recognize the importance of the cues provided by the first officer, and he failed to perform expected pilot-in-command duties"", ""the captain was preoccupied with the weight and balance calculations during critical portions of the flight and, as a result, he did not monitor the fuel crossfeed operations""], ""unsafe_violation"": [""the captain's preflight weight and balance calculations indicated that the airplane was not within takeoff limits; therefore, he should not have allowed the airplane to take off""]}","[{""subject"": ""unsafe_decision"", ""relation"": ""LEADS_TO"", ""object"": ""unsafe_violation"", ""evidence"": ""the captain's preflight weight and balance calculations indicated that the airplane was not within takeoff limits; therefore, he should not have allowed the airplane to take off""}]",success
20051103X01780,"[{""text"": ""The passenger falling while exiting the aircraft using the door-stair during normal deplaning."", ""role"": ""Passenger"", ""tier"": ""unsafe_skill""}]","{""operator_mental"": [""Loss of Situational Awareness - Passenger""], ""operator_physical"": [""Physical Fatigue - Passenger""], ""unsafe_skill"": [""The passenger falling while exiting the aircraft using the door-stair during normal deplaning.""]}","[{""subject"": ""unsafe_skill"", ""relation"": ""LEADS_TO"", ""object"": ""unsafe_perception"", ""evidence"": ""The passenger falling while exiting the aircraft using the door-stair during normal deplaning.""}]",success
20081229X40417,"[{""text"": ""encountered 'light chop with areas of moderate to sever[e] turbulence'"", ""role"": ""pilot"", ""tier"": ""unsafe_skill""}]","{""unsafe_skill"": [""encountered 'light chop with areas of moderate to sever[e] turbulence' - pilot""]}","[{""subject"": ""unsafe_skill"", ""relation"": ""CO_OCCURS_WITH"", ""object"": ""unsafe_decision"", ""evidence"": ""The captain reported that the airplane then experienced 'light chop with areas of moderate to sever[e] turbulence.' The flight crew warned the flight attendants and passengers of anticipated turbulence.""}]",success
20250617200337,"[{""text"": ""disregarded the flight crew's illuminated seat belt sign and the cabin crew's instruction to remain seated"", ""role"": ""Passenger"", ""tier"": ""unsafe_skill""}]","{""unsafe_skill"": [""disregarded the flight crew's illuminated seat belt sign and the cabin crew's instruction to remain seated - Passenger""]}","[{""subject"": ""unsafe_skill"", ""relation"": ""CO_OCCURS_WITH"", ""object"": ""unsafe_violation"", ""evidence"": ""disregarded the flight crew's illuminated seat belt sign and the cabin crew's instruction to remain seated""}]",success
20120224X25922,"[{""text"": ""increased the rate of climb to attempt to avoid the flock"", ""role"": ""pilot flying"", ""tier"": ""unsafe_decision""}]","{""unsafe_decision"": [""Increased the rate of climb to attempt to avoid the flock""]}","[{""subject"": ""unsafe_decision"", ""relation"": ""LEADS_TO"", ""object"": ""unsafe_perception"", ""evidence"": ""increased the rate of climb to attempt to avoid the flock""}]",success
20181206X81036,"[{""text"": ""Omitted Checklist Step - Pilot Flying (Captain)"", ""role"": ""pilot flying"", ""tier"": ""unsafe_skill""}]","{""unsafe_skill"": [""Omitted Checklist Step - Captain""]}",[],success
20081221X14648,"[{""text"": ""The captain's cessation of right rudder input, which was needed to maintain directional control of the airplane."", ""role"": ""Pilot"", ""tier"": ""unsafe_skill""}]","{""unsafe_skill"": [""The captain's cessation of right rudder input, which was needed to maintain directional control of the airplane.""]}","[{""subject"": ""unsafe_skill"", ""relation"": ""LEADS_TO"", ""object"": ""unsafe_decision"", ""evidence"": ""The captain's cessation of right rudder input, which was needed to maintain directional control of the airplane.""}]",success
20200125X54545,"[{""text"": ""Omitted Checklist Step - Flight Crew"", ""role"": ""Flight Crew"", ""tier"": ""unsafe_skill""}]","{""unsafe_skill"": [""Omitted Checklist Step - Flight Crew""]}","[{""subject"": ""unsafe_skill"", ""relation"": ""CO_OCCURS_WITH"", ""object"": ""unsafe_decision"", ""evidence"": ""Omitted Checklist Step - Flight Crew LEADS_TO The flight crew\u2019s announcement for the \u201cflight attendants take your jump seats\u201d came over the PA system CO_OCCURS_WITH Almost immediately after, they encountered a couple bumps of light chop.""}]",success
20150717X41748,"[{""text"": ""Slipped on an area of water on the floor near the lavatory door."", ""role"": ""Passenger"", ""tier"": ""Unsafe Skill""}]","{""operator_mental"": [""Loss of Situational Awareness - Passenger""], ""operator_physical"": [""Physical Fatigue - Passenger""], ""personnel_crm"": [""Failed to Communicate - Flight Attendants""], ""unsafe_skill"": [""Slipped on an area of water on the floor near the lavatory door - Passenger""]}","[{""subject"": ""unsafe_skill"", ""relation"": ""CO_OCCURS_WITH"", ""object"": ""unsafe_decision"", ""evidence"": ""an inadvertent fall by the passenger while exiting the lavatory when the seat belt light was illuminated.""}]",success
20120105X34138,"[{""text"": ""fell asleep while conducting snowplow operations"", ""role"": ""snowplow operator"", ""tier"": ""unsafe_violation""}]","{""unsafe_violation"": [""fell asleep while conducting snowplow operations""]}","[{""subject"": ""operator_physical"", ""relation"": ""LEADS_TO"", ""object"": ""unsafe_violation"", ""evidence"": ""fell asleep while conducting snowplow operations""}, {""subject"": ""personnel_readiness"", ""relation"": ""CO_OCCURS_WITH"", ""object"": ""unsafe_violation"", ""evidence"": ""The snowplow operator had an opportunity to sleep for 6 hours in his supervisor's vehicle; however, since the vehicle was being operated, he probably did not get uninterrupted sleep and most likely got less than 6 hours of sleep.""}]",success
20251003201780,"[{""text"": ""Failed to Prioritize Attention"", ""role"": ""Flight Crew"", ""tier"": ""unsafe_decision""}]","{""unsafe_decision"": [""Due to the cumulous clouds in the distance, they decided it would be safer to seat the flight attendants and passengers early.""]}","[{""subject"": ""unsafe_decision"", ""relation"": ""LEADS_TO"", ""object"": ""unsafe_perception"", ""evidence"": ""The flight crew decided to seat the flight attendants and passengers early due to cumulous clouds, but encountered turbulence while descending through 17,000 feet.""}]",success
20180803X35058,"[{""text"": ""Encountered unexpected clear air turbulence"", ""role"": ""pilot"", ""tier"": ""unsafe_perception""}]","{""operator_mental"": [""Loss of Situational Awareness - Flight Attendant""], ""operator_physical"": [""Physical Fatigue - Flight Attendant""], ""personnel_crm"": [""Failed to Communicate - Flight Attendant""], ""unsafe_perception"": [""Misjudged Distance/Altitude/Airspeed""]}","[{""subject"": ""unsafe_perception"", ""relation"": ""LEADS_TO"", ""object"": ""unsafe_decision"", ""evidence"": ""Encountered unexpected clear air turbulence.""}]",success
20180618X30834,"[{""text"": ""The cart overturned with three pots of hot liquids on it."", ""role"": ""Flight Attendant"", ""tier"": ""Unsafe Skill""}]","{""operator_mental"": [""Loss of Situational Awareness - Flight Attendants""], ""personnel_crm"": [""Failed to Communicate - Flight Attendants""], ""unsafe_skill"": [""The cart overturned with three pots of hot liquids on it - Flight Attendant""]}","[{""subject"": ""unsafe_skill"", ""relation"": ""LEADS_TO"", ""object"": ""unsafe_decision"", ""evidence"": ""The cart overturned with three pots of hot liquids on it.""}]",success
20160805X50153,"[{""text"": ""The first officer was in the process of notifying the cabin when the aircraft encountered turbulence."", ""role"": ""Crew"", ""tier"": ""unsafe_skill""}]","{""unsafe_skill"": [""The first officer was in the process of notifying the cabin when the aircraft encountered turbulence.""]}","[{""subject"": ""unsafe_skill"", ""relation"": ""CO_OCCURS_WITH"", ""object"": ""operator_physical"", ""evidence"": ""The first officer was in the process of notifying the cabin when the aircraft encountered turbulence.""}]",success
20110623X81619,"[{""text"": ""The local controller was working the LC position combined with Ground Control (GC), Clearance Delivery (CD)/Flight Data (FD) and Controller-In-Charge (CIC) positions."", ""role"": ""ATC personnel - C"", ""tier"": ""unsafe_decision""}]","{""unsafe_decision"": [""The local controller cleared two aircraft for takeoff from runways with intersecting departure flight paths without ensuring the first aircraft had passed the flight path intersection prior to clearing the second aircraft for takeoff.""]}","[{""subject"": ""unsafe_decision"", ""relation"": ""LEADS_TO"", ""object"": ""unsafe_violation"", ""evidence"": ""The local controller was working the LC position combined with Ground Control (GC), Clearance Delivery (CD)/Flight Data (FD) and Controller-In-Charge (CIC) positions.""}]",success
20250623200379,"[{""text"": ""Failed to Prioritize Attention"", ""role"": ""Flight Attendants"", ""tier"": ""unsafe_skill""}]","{""unsafe_skill"": [""Failed to prioritize attention""]}","[{""subject"": ""unsafe_skill"", ""relation"": ""CO_OCCURS_WITH"", ""object"": ""unsafe_decision"", ""evidence"": ""The airplane encountered approximately 10-15 seconds of turbulence during the descent, and the flight crew notified company dispatch and air traffic control (ATC) of the turbulence encounter and the injuries.""}]",success
20121005X05550,"[{""text"": ""A sleeve of hot/cold cups rolled under the brake pedal and obstructed its movement."", ""role"": ""Catering truck driver"", ""tier"": ""unsafe_skill""}]","{""unsafe_skill"": [""A sleeve of hot/cold cups rolled under the brake pedal and obstructed its movement.""]}","[{""subject"": ""unsafe_skill"", ""relation"": ""CO_OCCURS_WITH"", ""object"": ""operator_physical"", ""evidence"": ""An obstruction (a sleeve of hot/cold cups) that lodged under the catering truck brake pedal, which prevented the driver from stopping the truck before it struck the parked airplane.""}]",success
20160112X24550,"[{""text"": ""The fasten seatbelt sign was on."", ""role"": ""Flight Attendants"", ""tier"": ""Unsafe Skill""}, {""text"": ""One FA was thrown to the floor and fell resulting in a broken arm."", ""role"": ""Flight Attendants"", ""tier"": ""Unsafe Decision""}]","{""unsafe_skill"": [""The fasten seatbelt sign was on - Flight Attendants""], ""unsafe_decision"": [""One FA was thrown to the floor and fell resulting in a broken arm - Flight Attendants""]}","[{""subject"": ""unsafe_skill"", ""relation"": ""LEADS_TO"", ""object"": ""unsafe_decision"", ""evidence"": ""The fasten seatbelt sign was on. One FA was thrown to the floor and fell resulting in a broken arm.""}]",success
20140918X52311,"[{""text"": ""Exceeded Ability"", ""role"": ""Maintenance crew"", ""tier"": ""unsafe_decision""}]","{""unsafe_decision"": [""Exceeded Ability""]}","[{""subject"": ""unsafe_decision"", ""relation"": ""LEADS_TO"", ""object"": ""unsafe_violation"", ""evidence"": ""Exceeded Ability""}]",success
20151023X50751,"[{""text"": ""A seatbelt and additional belts across the passenger's chest were used to secure him in the aisle chair while moving him onboard. When the belts were removed in order to transfer the passenger from the aisle chair to the airplane seat the passenger slid to the floor."", ""role"": ""Gate agents"", ""tier"": ""unsafe_skill""}]","{""operator_mental"": [""Loss of Situational Awareness - Gate Agents""], ""personnel_crm"": [""Failed to Communicate - Flight Attendants""], ""operator_physical"": [""Physical Fatigue - Gate Agents""], ""unsafe_skill"": [""Failed to Prioritize Attention - Gate agents""]}","[{""subject"": ""unsafe_skill"", ""relation"": ""LEADS_TO"", ""object"": ""unsafe_decision"", ""evidence"": ""the disabled passenger not being properly secured during the transfer from the aisle chair causing him to slide to floor and receive a serious injury.""}]",success
20200109X21704,"[{""text"": ""failure of the deicing truck driver to maintain appropriate clearance from the airplane."", ""role"": ""Ground crew"", ""tier"": ""unsafe_violation""}]","{""operator_mental"": [""Loss of Situational Awareness - Ground crew""], ""personnel_crm"": [""Failed to Communicate - Ground crew""], ""situational_tech"": [""Equipment Design - Deicing Truck""], ""unsafe_violation"": [""failure of the deicing truck driver to maintain appropriate clearance from the airplane.""]}","[{""subject"": ""unsafe_violation"", ""relation"": ""LEADS_TO"", ""object"": ""unsafe_decision"", ""evidence"": ""failure of the deicing truck driver to maintain appropriate clearance from the airplane.""}]",success
20241121195532,"[{""text"": ""Omitted Checklist Step - Flight crew"", ""role"": ""Flight crew"", ""tier"": ""unsafe_skill""}]","{""operator_mental"": [""Loss of Situational Awareness - Captain and First Officer""], ""operator_physical"": [""Fatigue - Flight Attendants""], ""personnel_crm"": [""Failed to Communicate - Captain""], ""unsafe_skill"": [""Omitted Checklist Step - Flight crew""]}","[{""subject"": ""unsafe_skill"", ""relation"": ""CO_OCCURS_WITH"", ""object"": ""unsafe_decision"", ""evidence"": ""Omitted Checklist Step - Flight crew LEADS_TO An encounter with turbulence while in cruise flight, resulting in serious injuries to two flight attendants.""}]",success
20170223X20017,"[{""text"": ""The local controller's issuance of a landing clearance for runway 28L to the ERJ170, and the subsequent issuance of line up and wait instructions to the A320 for runway 28L, resulting in a runway incursion."", ""role"": ""ATC personnel"", ""tier"": ""unsafe_decision""}]","{""unsafe_decision"": [""The local controller's issuance of a landing clearance for runway 28L to the ERJ170, and the subsequent issuance of line up and wait instructions to the A320 for runway 28L, resulting in a runway incursion.""]}","[{""subject"": ""unsafe_decision"", ""relation"": ""LEADS_TO"", ""object"": ""unsafe_perception"", ""evidence"": ""The local controller's issuance of a landing clearance for runway 28L to the ERJ170, and the subsequent issuance of line up and wait instructions to the A320 for runway 28L, resulting in a runway incursion.""}]",success
20181017X61323,"[{""text"": ""Failed to Prioritize Attention"", ""role"": ""Flight Attendant"", ""tier"": ""unsafe_decision""}]","{""operator_mental"": [""Loss of Situational Awareness - Captain"", ""Complacency - Flight Attendants""], ""unsafe_decision"": [""Failed to prioritize attention - Flight Attendant""]}","[{""subject"": ""unsafe_decision"", ""relation"": ""LEADS_TO"", ""object"": ""unsafe_perception"", ""evidence"": ""one flight attendant was thrown into the air and then onto the floor""}]",success
20090604X25647,"[{""text"": ""The West Arrival controller's omission of a required clearance, resulting in AAL 879 overshooting the final for runway 28 and losing separation with AAL 93."", ""role"": ""ATC personnel"", ""tier"": ""unsafe_skill""}]","{""unsafe_skill"": [""Omitted Issuing Instructions - ATC personnel""]}","[{""subject"": ""unsafe_skill"", ""relation"": ""LEADS_TO"", ""object"": ""unsafe_decision"", ""evidence"": ""The West Arrival controller's omission of a required clearance, resulting in AAL 879 overshooting the final for runway 28 and losing separation with AAL 93.""}]",success
20100326X90457,"[{""text"": ""minimum separation occurred as both aircraft descended through FL279 and FL276, respectively, with 1.04nm lateral separation"", ""role"": ""R12 controller"", ""tier"": ""unsafe_skill""}, {""text"": ""The supervisor stated that she had a 'mental block' about checking out at sectors 20 and 21, and that she seems to have regressed in her abilities while working that position although she had previously overcome similar problems while handling traffic at sectors 10 and 12."", ""role"": ""R12 controller"", ""tier"": ""unsafe_decision""}]","{""unsafe_skill"": [""minimum separation occurred as both aircraft descended through FL279 and FL276, respectively, with 1.04nm lateral separation - R12 controller""], ""unsafe_decision"": [""The supervisor stated that she had a 'mental block' about checking out at sectors 20 and 21, and that she seems to have regressed in her abilities while working that position although she had previously overcome similar problems while handling traffic at sectors 10 and 12 - R12 controller""]}","[{""subject"": ""unsafe_skill"", ""relation"": ""LEADS_TO"", ""object"": ""unsafe_decision"", ""evidence"": ""The R12 controller's improper vector and descent clearance led to a poor decision-making process.""}, {""subject"": ""unsafe_decision"", ""relation"": ""CO_OCCURS_WITH"", ""object"": ""personnel_readiness"", ""evidence"": ""The supervisor noted that the R12 controller had regressed in her abilities, indicating a readiness issue co-occurring with poor decision-making.""}]",success
20071128X01867,"[{""text"": ""arcing was likely due to the left and right Over Wing Heater Blanket wiring, that contacted the edge of the wire bundle bracket"", ""role"": ""Maintenance crew"", ""tier"": ""unsafe_skill""}]","{""unsafe_skill"": [""arcing was likely due to the left and right Over Wing Heater Blanket wiring, that contacted the edge of the wire bundle bracket (Maintenance crew)""]}","[{""subject"": ""unsafe_skill"", ""relation"": ""LEADS_TO"", ""object"": ""unsafe_decision"", ""evidence"": ""arcing was likely due to the left and right Over Wing Heater Blanket wiring, that contacted the edge of the wire bundle bracket""}]",success
20140110X15754,"[{""text"": ""unexpected encounter with convective turbulence while the flight attendants were preparing for arrival"", ""role"": ""Flight Attendant"", ""tier"": ""unsafe_perception""}]","{""operator_mental"": [""Loss of Situational Awareness - Flight Attendant""], ""operator_physical"": [""Physical Fatigue - Flight Attendant""], ""personnel_crm"": [""Failed to Communicate - Flight Crew""], ""unsafe_perception"": [""Misjudged Distance/Altitude/Airspeed""]}","[{""subject"": ""unsafe_perception"", ""relation"": ""CO_OCCURS_WITH"", ""object"": ""operator_physical"", ""evidence"": ""unexpected encounter with convective turbulence while the flight attendants were preparing for arrival.""}]",success
20120302X00956,"[{""text"": ""inadvertently tripping over a passenger's luggage strap that was protruding into the isle"", ""role"": ""Flight attendant"", ""tier"": ""unsafe_skill""}]","{""operator_mental"": [""Loss of Situational Awareness - Flight attendant""], ""operator_physical"": [""Physical Fatigue - Flight attendant""], ""unsafe_skill"": [""inadvertently tripping over a passenger's luggage strap that was protruding into the isle (Flight attendant)""]}","[{""subject"": ""unsafe_skill"", ""relation"": ""CO_OCCURS_WITH"", ""object"": ""operator_physical"", ""evidence"": ""the flight attendant inadvertently tripping over a passenger's luggage strap that was protruding into the isle.""}]",success
20190531X35155,"[{""text"": ""A buildup of pressure in the coffee filter package resulting in the release of hot coffee and grounds when the pot locking lever was raised."", ""role"": ""Flight attendant"", ""tier"": ""unsafe_skill""}]","{""operator_mental"": [""Loss of Situational Awareness - Flight Attendant""], ""operator_physical"": [""Physical Fatigue - Flight Attendant""], ""unsafe_skill"": [""A buildup of pressure in the coffee filter package resulting in the release of hot coffee and grounds when the pot locking lever was raised.""]}","[{""subject"": ""unsafe_skill"", ""relation"": ""CO_OCCURS_WITH"", ""object"": ""operator_physical"", ""evidence"": ""The flight attendant lifted the handle for the left coffee brewer, and the coffee bag burst, covering him in hot coffee and grounds.""}]",success
20160225X92701,"[{""text"": ""The flight crew's failure to consider all available runways for landing to minimize the gusty crosswind component."", ""role"": ""Flight crew"", ""tier"": ""unsafe_skill""}, {""text"": ""the captain's reduction of the engine thrust for about 1 second at low altitude immediately after the first officer applied maximum thrust to conduct a go-around."", ""role"": ""Pilot (Captain)"", ""tier"": ""unsafe_decision""}]","{""unsafe_skill"": [""The flight crew's failure to consider all available runways for landing to minimize the gusty crosswind component - Flight crew""], ""unsafe_decision"": [""the captain's reduction of the engine thrust for about 1 second at low altitude immediately after the first officer applied maximum thrust to conduct a go-around - Pilot (Captain)""]}","[{""subject"": ""unsafe_skill"", ""relation"": ""LEADS_TO"", ""object"": ""unsafe_decision"", ""evidence"": ""the flight crews' failure to consider all available runways for landing to minimize the gusty crosswind component. Contributing to the accident was the captain's reduction of the engine thrust for about 1 second at low altitude immediately after the first officer applied maximum thrust to conduct a go-around.""}]",success
20230223106768,"[{""text"": ""The local controller relied on visually monitoring both airplanes to ensure that their courses diverged, and that lateral separation was assured."", ""role"": ""ATC personnel"", ""tier"": ""unsafe_skill""}]","{""unsafe_skill"": [""\""Relying on visually monitoring both airplanes to ensure that their courses diverged\"" - ATC personnel""]}","[{""subject"": ""unsafe_skill"", ""relation"": ""CO_OCCURS_WITH"", ""object"": ""personnel_crm"", ""evidence"": ""The local controller relied on visually monitoring both airplanes to ensure that their courses diverged, and that lateral separation was assured.""}]",success
20181012X03918,"[{""text"": ""tripped over a passenger's knee"", ""role"": ""flight attendant"", ""tier"": ""unsafe_skill""}]","{""operator_mental"": [""Loss of Situational Awareness - Flight attendant""], ""operator_physical"": [""Physical Fatigue - Flight attendant""], ""unsafe_skill"": [""Breakdown in Visual Scan - flight attendant""]}","[{""subject"": ""unsafe_skill"", ""relation"": ""LEADS_TO"", ""object"": ""unsafe_perception"", ""evidence"": ""tripped over a passenger's knee that resulted in hot liquid splashing on the flight attendant.""}]",success
20101115X72424,"[{""text"": ""The first controller, who was originally handling the Airbus 319, stated that although the airplane had not yet left the incident sector, he had transferred responsibility for the airplane to the second controller."", ""role"": ""ATC personnel"", ""tier"": ""unsafe_skill""}, {""text"": ""The first controller did not maintain awareness of the Airbus's position, and he did not notice the impending conflict with the Boeing 737 when he subsequently cleared that airplane to climb to the Airbus\u2019 altitude."", ""role"": ""ATC personnel"", ""tier"": ""unsafe_skill""}, {""text"": ""The second controller, who transferred control of the Boeing 737 to the first controller, had dropped the data tag for that airplane from his radar display when it left his sector. He was not aware of the conflict between the two airplanes until the radar conflict alert activated."", ""role"": ""ATC personnel"", ""tier"": ""unsafe_skill""}]","{""unsafe_skill"": [""\""The first controller, who was originally handling the Airbus 319, stated that although the airplane had not yet left the incident sector, he had transferred responsibility for the airplane to the second controller.\"" (ATC personnel)"", ""\""The first controller did not maintain awareness of the Airbus's position, and he did not notice the impending conflict with the Boeing 737 when he subsequently cleared that airplane to climb to the Airbus\u2019 altitude.\"" (ATC personnel)"", ""\""The second controller, who transferred control of the Boeing 737 to the first controller, had dropped the data tag for that airplane from his radar display when it left his sector. He was not aware of the conflict between the two airplanes until the radar conflict alert activated.\"" (ATC personnel)""]}","[{""subject"": ""unsafe_skill"", ""relation"": ""LEADS_TO"", ""object"": ""unsafe_decision"", ""evidence"": ""The first controller did not maintain awareness of the Airbus's position, and he did not notice the impending conflict with the Boeing 737 when he subsequently cleared that airplane to climb to the Airbus\u2019 altitude.""}, {""subject"": ""unsafe_skill"", ""relation"": ""LEADS_TO"", ""object"": ""unsafe_decision"", ""evidence"": ""The second controller, who transferred control of the Boeing 737 to the first controller, had dropped the data tag for that airplane from his radar display when it left his sector. He was not aware of the conflict between the two airplanes until the radar conflict alert activated.""}]",success
20080409X00446,"[{""text"": ""smoke coming from one of the overhead luggage bins"", ""role"": ""flight attendant"", ""tier"": ""unsafe_perception""}, {""text"": ""The captain declared an emergency and requested an immediate return to JFK due to smoke in the aircraft cabin."", ""role"": ""captain"", ""tier"": ""unsafe_decision""}]","{""unsafe_perception"": [""smoke coming from one of the overhead luggage bins (flight attendant)""], ""unsafe_decision"": [""The captain declared an emergency and requested an immediate return to JFK due to smoke in the aircraft cabin (captain)""]}","[{""subject"": ""unsafe_perception"", ""relation"": ""LEADS_TO"", ""object"": ""unsafe_decision"", ""evidence"": ""The captain declared an emergency and requested an immediate return to JFK due to smoke in the aircraft cabin.""}]",success
20030812X01306,"[{""text"": ""failure to sufficiently deviate to avoid known weather"", ""role"": ""pilot-in-command"", ""tier"": ""unsafe_decision""}, {""text"": ""failure to activate the seatbelt sign to ensure flight attendants and passengers were seated"", ""role"": ""pilot-in-command"", ""tier"": ""unsafe_decision""}]","{""unsafe_decision"": [""\""failure to sufficiently deviate to avoid known weather\"""", ""\""failure to activate the seatbelt sign to ensure flight attendants and passengers were seated\""""]}","[{""subject"": ""unsafe_decision"", ""relation"": ""LEADS_TO"", ""object"": ""unsafe_perception"", ""evidence"": ""The pilot-in-command's failure to sufficiently deviate to avoid known weather, and his failure to activate the seatbelt sign to ensure flight attendants and passengers were seated, which resulted in a passenger receiving serious injuries when the flight encountered turbulence.""}]",success
20050518X00630,"[{""text"": ""Exceeded Ability"", ""role"": ""Maintenance crew"", ""tier"": ""unsafe_decision""}]","{""unsafe_decision"": [""Exceeded ability to properly secure excess wiring, leading to overheating of the solenoid""]}","[{""subject"": ""unsafe_decision"", ""relation"": ""LEADS_TO"", ""object"": ""operator_physical"", ""evidence"": ""Exceeded Ability""}]",success
20151022X65901,"[{""text"": ""Omitted Checklist Step"", ""role"": ""Flight Attendant (FA)"", ""tier"": ""unsafe_skill""}]","{""operator_mental"": [""Distraction - Flight attendant""], ""operator_physical"": [""Physical Fatigue - Flight attendant""], ""unsafe_skill"": [""Omitted Checklist Step - Flight Attendant (FA)""]}","[{""subject"": ""unsafe_skill"", ""relation"": ""LEADS_TO"", ""object"": ""unsafe_perception"", ""evidence"": ""hot water spilled from a cup onto the flight attendant's arm resulting in a 2nd degree burn.""}]",success
20230301106804,"[{""text"": ""Faulty connection between the GPU and the airplane"", ""role"": ""Ground service agent"", ""tier"": ""unsafe_skill""}]","{""operator_mental"": [""Loss of Situational Awareness - Ground Service Agent""], ""operator_physical"": [""Physical Fatigue - Ground Service Agent""], ""situational_tech"": [""Equipment Design - External Power System""], ""unsafe_skill"": [""Poor Technique""]}","[{""subject"": ""unsafe_skill"", ""relation"": ""LEADS_TO"", ""object"": ""unsafe_perception"", ""evidence"": ""Electrical sparking caused by a faulty connection between the aircraft and ground power unit resulting in a serious injury to a ground service agent.""}]",success
20020506X00632,"[{""text"": ""Failed to Prioritize Attention"", ""role"": ""Flight Attendant"", ""tier"": ""unsafe_skill""}]","{""unsafe_skill"": [""Failed to prioritize attention""]}","[{""subject"": ""unsafe_skill"", ""relation"": ""CO_OCCURS_WITH"", ""object"": ""unsafe_decision"", ""evidence"": ""The flight attendant was in the process of securing the duty free cart when she was struck by it during the turbulence encounter.""}]",success
20140425X84104,"[{""text"": ""The local controller's failure to comply with Federal Aviation Administration separation requirements for aircraft operating on intersecting runways."", ""role"": ""ATC personnel"", ""tier"": ""unsafe_decision""}]","{""unsafe_decision"": [""The local controller's failure to comply with Federal Aviation Administration separation requirements for aircraft operating on intersecting runways.""]}","[{""subject"": ""unsafe_decision"", ""relation"": ""LEADS_TO"", ""object"": ""unsafe_violation"", ""evidence"": ""The local controller's failure to comply with Federal Aviation Administration separation requirements for aircraft operating on intersecting runways.""}]",success
20010612X01155,"[{""text"": ""inadvertent mis-routing of the wire bundle during maintenance activity"", ""role"": ""Maintenance crew"", ""tier"": ""unsafe_skill""}]","{""unsafe_skill"": [""inadvertent mis-routing of the wire bundle during maintenance activity""]}","[{""subject"": ""unsafe_skill"", ""relation"": ""LEADS_TO"", ""object"": ""unsafe_perception"", ""evidence"": ""inadvertent mis-routing of the wire bundle during maintenance activity""}, {""subject"": ""unsafe_skill"", ""relation"": ""LEADS_TO"", ""object"": ""unsafe_decision"", ""evidence"": ""inadvertent mis-routing of the wire bundle during maintenance activity""}]",success
20160201X52407,"[{""text"": ""Neither the truck operator nor the air traffic controller corrected the runway error or requested clarification."", ""role"": ""Truck Operator, Air Traffic Controller"", ""tier"": ""Unsafe Decision""}, {""text"": ""The pilot continued the takeoff over the illuminated RWSL system."", ""role"": ""Pilot"", ""tier"": ""Unsafe Skill""}]","{""unsafe_decision"": [""Neither the truck operator nor the air traffic controller corrected the runway error or requested clarification.""], ""unsafe_skill"": [""The pilot continued the takeoff over the illuminated RWSL system.""]}","[{""subject"": ""unsafe_decision"", ""relation"": ""LEADS_TO"", ""object"": ""unsafe_skill"", ""evidence"": ""The pilot continued the takeoff over the illuminated RWSL system.""}]",success
20111011X01145,"[{""text"": ""Inadequate diffuser and HPT case inspection procedure"", ""role"": ""Maintenance crew"", ""tier"": ""unsafe_perception""}]","{""unsafe_perception"": [""Inadequate diffuser and HPT case inspection procedure""]}","[{""subject"": ""unsafe_perception"", ""relation"": ""LEADS_TO"", ""object"": ""unsafe_decision"", ""evidence"": ""Inadequate diffuser and HPT case inspection procedure""}]",success
20050603X00716,"[{""text"": ""Failed to Prioritize Attention"", ""role"": ""Flight crew"", ""tier"": ""unsafe_decision""}]","{""unsafe_decision"": [""Failed to prioritize attention: The flight crew attempted to correct the right drift by applying full left rudder, left aileron, and differential braking; however, the inputs were 'no help.'""]}","[{""subject"": ""unsafe_decision"", ""relation"": ""LEADS_TO"", ""object"": ""unsafe_perception"", ""evidence"": ""The crew attempted to correct the right drift by applying full left rudder, left aileron, and differential braking; however, the inputs were 'no help.'""}]",success
20110207X84026,"[{""text"": ""The FO turned on his windscreen wipers which blurred his view of the field."", ""role"": ""Pilot"", ""tier"": ""unsafe_skill""}, {""text"": ""The captain said he corrected the aircraft to maintain centerline at which time the aircraft began to slide significantly to left. The captain said he used full thrust reversers to slow the airplane with negligible effect."", ""role"": ""Pilot"", ""tier"": ""unsafe_decision""}]","{""unsafe_skill"": [""The FO turned on his windscreen wipers which blurred his view of the field.""], ""unsafe_decision"": [""The captain said he corrected the aircraft to maintain centerline at which time the aircraft began to slide significantly to left. The captain said he used full thrust reversers to slow the airplane with negligible effect.""]}","[{""subject"": ""unsafe_skill"", ""relation"": ""LEADS_TO"", ""object"": ""unsafe_decision"", ""evidence"": ""The FO turned on his windscreen wipers which blurred his view of the field.""}, {""subject"": ""unsafe_decision"", ""relation"": ""CO_OCCURS_WITH"", ""object"": ""unsafe_skill"", ""evidence"": ""The captain said he corrected the aircraft to maintain centerline at which time the aircraft began to slide significantly to left. The captain said he used full thrust reversers to slow the airplane with negligible effect.""}]",success
20120312X00949,"[{""text"": ""The end cap was examined and found to have failed in fatigue that initiated from multiple origins at an internal diameter."", ""role"": ""Manufacturer"", ""tier"": ""unsafe_skill""}, {""text"": ""The crack was present at the time of the inspection which indicated that the inspection method was ineffective in detecting the crack."", ""role"": ""Maintenance personnel"", ""tier"": ""unsafe_skill""}]","{""unsafe_skill"": [""\""The end cap was examined and found to have failed in fatigue that initiated from multiple origins at an internal diameter. - Manufacturer\"""", ""\""The crack was present at the time of the inspection which indicated that the inspection method was ineffective in detecting the crack. - Maintenance personnel\""""]}","[{""subject"": ""unsafe_skill"", ""relation"": ""CO_OCCURS_WITH"", ""object"": ""unsafe_skill"", ""evidence"": ""The end cap was examined and found to have failed in fatigue that initiated from multiple origins at an internal diameter. The crack was present at the time of the inspection which indicated that the inspection method was ineffective in detecting the crack.""}]",success
20100512X62223,"[{""text"": ""Local controller (LC) did not maintain positive control/standard separation of aircraft within the Class C airspace."", ""role"": ""ATC personnel"", ""tier"": ""unsafe_decision""}]","{""operator_mental"": [""Loss of Situational Awareness - Local Controller"", ""Complacency - Local Controller""], ""personnel_crm"": [""Misinterpretation of Traffic Calls - Local Controller""], ""situational_tech"": [""Equipment Design - ATC System (TCAS RA)""], ""unsafe_decision"": [""Local controller (LC) did not maintain positive control/standard separation of aircraft within the Class C airspace.""]}",[],success
20060217X00213,"[{""text"": ""Failed to Prioritize Attention"", ""role"": ""Local Control North (LCN) controller"", ""tier"": ""unsafe_skill""}]","{""unsafe_skill"": [""Failed to prioritize attention""]}","[{""subject"": ""unsafe_skill"", ""relation"": ""LEADS_TO"", ""object"": ""unsafe_decision"", ""evidence"": ""the local controller's failure to monitor the operation and recognize a developing traffic conflict which resulted in a loss of separation between USA1251 and ComAir 5026.""}]",success
20170907X71900,"[{""text"": ""Cross threaded condition was evident during visual examination"", ""role"": ""Maintenance crew"", ""tier"": ""unsafe_skill""}]","{""unsafe_skill"": [""Cross threaded condition was evident during visual examination""]}","[{""subject"": ""unsafe_skill"", ""relation"": ""CO_OCCURS_WITH"", ""object"": ""personnel_crm"", ""evidence"": ""Cross threaded condition was evident during visual examination""}]",success
20090921X73211,"[{""text"": ""Exposure to hydraulic fluid and deicing fluid on the truck beam interior surface"", ""role"": ""Maintenance crew"", ""tier"": ""Unsafe Skill""}]","{""unsafe_skill"": [""Exposure to hydraulic fluid and deicing fluid on the truck beam interior surface - Maintenance crew""]}","[{""subject"": ""unsafe_skill"", ""relation"": ""LEADS_TO"", ""object"": ""unsafe_decision"", ""evidence"": ""Exposure to hydraulic fluid and deicing fluid on the truck beam interior surface""}]",success
20140516X81837,"[{""text"": ""Lack of communication-ATC personnel - C"", ""role"": ""Air Traffic Controller"", ""tier"": ""unsafe_decision""}, {""text"": ""Lack of action-Flight crew - F"", ""role"": ""Pilot of AWE815 and JIA4678"", ""tier"": ""unsafe_skill""}]","{""unsafe_decision"": [""'I can't do direct COYLE \u2013 I can do direct AGARD.' - Pilot of JIA4678""], ""unsafe_skill"": [""'We just need to catch our breath here.' - Pilot of AWE815""]}","[{""subject"": ""unsafe_decision"", ""relation"": ""LEADS_TO"", ""object"": ""unsafe_skill"", ""evidence"": ""The air traffic controller's failure to provide required advisories about significant radar-observed convective precipitation along both airplanes' flight routes and the air route traffic control center's lack of a program to ensure that air traffic controllers provide this required information to pilots, which led to both airplanes encountering severe turbulence.""}]",success
20070610X00701,"[{""text"": ""uh, Skywest HOLD HOLD HOLD"", ""role"": ""Local Controller"", ""tier"": ""unsafe_decision""}]","{""unsafe_decision"": [""uh, Skywest HOLD HOLD HOLD""]}","[{""subject"": ""unsafe_decision"", ""relation"": ""LEADS_TO"", ""object"": ""unsafe_violation"", ""evidence"": ""uh, Skywest HOLD HOLD HOLD""}]",success
20040311X00316,"[{""text"": ""Visual illusion created by the size and shape of the taxiway"", ""role"": ""First Officer"", ""tier"": ""unsafe_perception""}, {""text"": ""Failed to prioritize attention due to flight deck distractions"", ""role"": ""Captain"", ""tier"": ""unsafe_decision""}]","{""unsafe_perception"": [""Visual illusion created by the size and shape of the taxiway (First Officer)""], ""unsafe_decision"": [""Failed to prioritize attention due to flight deck distractions (Captain)""]}","[{""subject"": ""unsafe_perception"", ""relation"": ""LEADS_TO"", ""object"": ""unsafe_decision"", ""evidence"": ""The First Officer's misidentification of the parallel taxiway as the active runway, resulting in the need for a sidestep maneuver while on short final for a full-stop landing.""}, {""subject"": ""unsafe_perception"", ""relation"": ""CO_OCCURS_WITH"", ""object"": ""unsafe_decision"", ""evidence"": ""Factors include sun-glare from wet paved surfaces, a visual illusion created by the size and shape of the taxiway, and the Captain's failure to adequately monitor the First Officer's approach.""}]",success
20100525X02508,"[{""text"": ""The approach controller did not direct a timely transfer of communications on the A319 to the control tower and did not account for the aircraft's speed when he directed the A319 to turn north."", ""role"": ""ATC personnel"", ""tier"": ""unsafe_decision""}]","{""unsafe_decision"": [""The approach controller did not direct a timely transfer of communications on the A319 to the control tower and did not account for the aircraft's speed when he directed the A319 to turn north.""]}","[{""subject"": ""unsafe_decision"", ""relation"": ""LEADS_TO"", ""object"": ""unsafe_violation"", ""evidence"": ""The approach controller's delayed transfer of communications on the A319 to the tower controller and failure to account for the aircraft's speed when he directed the crew to turn north.""}]",success
20090806X31035,"[{""text"": ""did not visually scan the runways and ensure that the E145 had crossed runway 24L prior to issuing a takeoff clearance to the DH8"", ""role"": ""Local Controller (LC) Developmental Trainee"", ""tier"": ""unsafe_skill""}]","{""unsafe_skill"": [""did not visually scan the runways and ensure that the E145 had crossed runway 24L prior to issuing a takeoff clearance to the DH8""]}","[{""subject"": ""unsafe_skill"", ""relation"": ""LEADS_TO"", ""object"": ""unsafe_decision"", ""evidence"": ""did not visually scan the runways and ensure that the E145 had crossed runway 24L prior to issuing a takeoff clearance to the DH8""}]",success
20100928X12406,"[{""text"": ""improper positioning of the door (possibly due to rigging)"", ""role"": ""Maintenance crew"", ""tier"": ""unsafe_skill""}]","{""unsafe_skill"": [""improper positioning of the door (possibly due to rigging - Maintenance crew)""]}","[{""subject"": ""unsafe_skill"", ""relation"": ""LEADS_TO"", ""object"": ""unsafe_decision"", ""evidence"": ""improper positioning of the door (possibly due to rigging)""}]",success
20141011X20926,"[{""text"": ""There was no checklist for a partial loss of displays and the crew elected to use the checklist for 'Loss of All Displays'. The procedure did not recover use of any of the three failed displays."", ""role"": ""Crew"", ""tier"": ""unsafe_skill""}]","{""unsafe_skill"": [""Omitted Checklist Step - Crew""]}","[{""subject"": ""unsafe_skill"", ""relation"": ""CO_OCCURS_WITH"", ""object"": ""operator_limits"", ""evidence"": ""There was no checklist for a partial loss of displays and the crew elected to use the checklist for 'Loss of All Displays'. The procedure did not recover use of any of the three failed displays.""}]",success
20040603X00726,"[{""text"": ""Failed to Prioritize Attention"", ""role"": ""Flight attendant"", ""tier"": ""unsafe_skill""}]","{""unsafe_skill"": [""Failed to prioritize attention""]}","[{""subject"": ""unsafe_skill"", ""relation"": ""LEADS_TO"", ""object"": ""unsafe_violation"", ""evidence"": ""The failure of the flight attendant to follow the appropriate door opening procedure by remaining clear of the door handle when the passenger door was opened from the outside by customer service personnel, which resulted in a wrist injury to the flight attendant when she was struck by the door handle.""}]",success
20120208X70842,"[{""text"": ""American Airlines aviation maintenance technicians replaced the right engine's fuel flow transmitter and an adjacent fuel tube during the previous night requiring the removal and reinstallation of the bracket and spray shield on the front of the IDG fuel-oil heat exchanger."", ""role"": ""Maintenance"", ""tier"": ""unsafe_skill""}]","{""unsafe_skill"": [""American Airlines aviation maintenance technicians replaced the right engine's fuel flow transmitter and an adjacent fuel tube during the previous night requiring the removal and reinstallation of the bracket and spray shield on the front of the IDG fuel-oil heat exchanger.""]}","[{""subject"": ""unsafe_skill"", ""relation"": ""LEADS_TO"", ""object"": ""unsafe_decision"", ""evidence"": ""American Airlines aviation maintenance technicians replaced the right engine's fuel flow transmitter and an adjacent fuel tube during the previous night requiring the removal and reinstallation of the bracket and spray shield on the front of the IDG fuel-oil heat exchanger.""}]",success
20010416X00753,"[{""text"": ""Misjudged Distance/Altitude/Airspeed"", ""role"": ""Boeing 767 Captain"", ""tier"": ""unsafe_perception""}]","{""unsafe_perception"": [""'felt there was more than adequate clearance to continue', Boeing 767 Captain""]}","[{""subject"": ""unsafe_perception"", ""relation"": ""LEADS_TO"", ""object"": ""unsafe_decision"", ""evidence"": ""The Boeing 767 captain's misjudgment of the distance between his airplane and the stationary Boeing 737, which resulted in a ground collision.""}]",success
20010405X00701,"[{""text"": ""The exhaust nozzle assembly would have normally been attached to the exhaust frame case with 30 bolts. All 30 bolts were missing, 'with no trace.'"", ""role"": ""Maintenance Crew"", ""tier"": ""unsafe_skill""}]","{""unsafe_skill"": [""The exhaust nozzle assembly would have normally been attached to the exhaust frame case with 30 bolts. All 30 bolts were missing, 'with no trace.'""]}","[{""subject"": ""unsafe_skill"", ""relation"": ""CO_OCCURS_WITH"", ""object"": ""operator_physical"", ""evidence"": ""Missing exhaust nozzle bolts for undetermined reasons. A factor was inadequate maintenance inspection of the affected area.""}]",success
20010110X00108,"[{""text"": ""The captain's windshield 'shattered' while climbing to cruise."", ""role"": ""pilot"", ""tier"": ""unsafe_skill""}]","{""unsafe_skill"": [""The captain's windshield 'shattered' while climbing to cruise.""]}","[{""subject"": ""unsafe_skill"", ""relation"": ""CO_OCCURS_WITH"", ""object"": ""operator_physical"", ""evidence"": ""The captain's windshield 'shattered' while climbing to cruise.""}]",success
20160127X70645,"[{""text"": ""The local controller's failure to visually scan and ensure that the runway surface was not occupied by a vehicle or other aircraft before issuing a takeoff clearance to the pilot."", ""role"": ""ATC personnel"", ""tier"": ""unsafe_skill""}]","{""unsafe_skill"": [""Breakdown in Visual Scan (ATC personnel)""]}","[{""subject"": ""unsafe_skill"", ""relation"": ""CO_OCCURS_WITH"", ""object"": ""unsafe_decision"", ""evidence"": ""The local controller's failure to visually scan and ensure that the runway surface was not occupied by a vehicle or other aircraft before issuing a takeoff clearance to the pilot. Contributing to this incident was the relieved controller's failure to monitor and review the position, after completing the relief briefing, to ensure that nothing had been overlooked.""}]",success
20001212X20771,"[{""text"": ""Closure strips should not be used as departure strip runway separators. Closure strips should be placed and left in a prominent position on the podiums."", ""role"": ""Operational personnel"", ""tier"": ""unsafe_violation""}, {""text"": ""In addition to Locals and Grounds receiving runway closure strips, both Flight Data and Ground Metering should have closure strips as well.  ... Revise Flight Data, Clearance Delivery, and Ground Metering positions relief checklists to include runway closure information."", ""role"": ""Operational personnel"", ""tier"": ""unsafe_violation""}, {""text"": ""Brief operational personnel that runway closures must be broadcast on the ATIS.  Brief operational personnel that pilots must be informed that a runway is closed when it is requested for takeoff/landing."", ""role"": ""Operational personnel"", ""tier"": ""unsafe_violation""}]","{""unsafe_violation"": [""\""Closure strips should not be used as departure strip runway separators. Closure strips should be placed and left in a prominent position on the podiums.\"" (Operational personnel)"", ""\""In addition to Locals and Grounds receiving runway closure strips, both Flight Data and Ground Metering should have closure strips as well.  ... Revise Flight Data, Clearance Delivery, and Ground Metering positions relief checklists to include runway closure information.\"" (Operational personnel)"", ""\""Brief operational personnel that runway closures must be broadcast on the ATIS.  Brief operational personnel that pilots must be informed that a runway is closed when it is requested for takeoff/landing.\"" (Operational personnel)""]}","[{""subject"": ""unsafe_violation"", ""relation"": ""LEADS_TO"", ""object"": ""unsafe_decision"", ""evidence"": ""Closure strips should not be used as departure strip runway separators. Closure strips should be placed and left in a prominent position on the podiums.""}, {""subject"": ""unsafe_violation"", ""relation"": ""LEADS_TO"", ""object"": ""unsafe_perception"", ""evidence"": ""In addition to Locals and Grounds receiving runway closure strips, both Flight Data and Ground Metering should have closure strips as well.  ... Revise Flight Data, Clearance Delivery, and Ground Metering positions relief checklists to include runway closure information.""}, {""subject"": ""unsafe_violation"", ""relation"": ""LEADS_TO"", ""object"": ""unsafe_decision"", ""evidence"": ""Brief operational personnel that runway closures must be broadcast on the ATIS.  Brief operational personnel that pilots must be informed that a runway is closed when it is requested for takeoff/landing.""}, {""subject"": ""unsafe_violation"", ""relation"": ""CO_OCCURS_WITH"", ""object"": ""unsafe_decision"", ""evidence"": ""The first officer's stated, 'After normal preflight and gate departure.  We advised metering that we were ready for taxi and would prefer 32R if available. Ground gave us clearance to taxi to 32R.  Tower first had us hold short and then position and hold awaiting the departure of two aircraft from intersecting runways.  We were then cleared for takeoff.'""}, {""subject"": ""unsafe_violation"", ""relation"": ""CO_OCCURS_WITH"", ""object"": ""unsafe_perception"", ""evidence"": ""The airport had issued a runway closure NOTAM.  The flight's dispatch contained the NOTAM.  The dispatch listed the runway status as open.  ATIS did not list the runway closure.""}]",success
20090714X83900,"[{""text"": ""Fatigue cracking of the fuselage skin near the leading edge of the vertical stabilizer adjacent to the rupture."", ""role"": ""Maintenance"", ""tier"": ""unsafe_skill""}]","{""unsafe_skill"": [""Fatigue cracking of the fuselage skin near the leading edge of the vertical stabilizer adjacent to the rupture.""]}","[{""subject"": ""unsafe_skill"", ""relation"": ""CO_OCCURS_WITH"", ""object"": ""situational_tech"", ""evidence"": ""Fatigue cracking of the fuselage skin near the leading edge of the vertical stabilizer adjacent to the rupture.""}]",success
20161026X21815,"[{""text"": ""the local controller cleared the flight crew of an MD-83 aircraft to land on runway 20 while the vacuum truck was still on the runway."", ""role"": ""ATC personnel"", ""tier"": ""unsafe_decision""}]","{""unsafe_decision"": [""the local controller cleared the flight crew of an MD-83 aircraft to land on runway 20 while the vacuum truck was still on the runway.""]}","[{""subject"": ""unsafe_decision"", ""relation"": ""LEADS_TO"", ""object"": ""unsafe_violation"", ""evidence"": ""the local controller cleared the flight crew of an MD-83 aircraft to land on runway 20 while the vacuum truck was still on the runway.""}]",success
20001212X22103,"[{""text"": ""Failure of maintenance personnel to follow Fleet Campaign Directive on how to install a certificate holder."", ""role"": ""Maintenance crew"", ""tier"": ""unsafe_violation""}]","{""unsafe_violation"": [""Failure of maintenance personnel to follow Fleet Campaign Directive on how to install a certificate holder.""]}","[{""subject"": ""unsafe_violation"", ""relation"": ""LEADS_TO"", ""object"": ""unsafe_decision"", ""evidence"": ""The failure of maintenance personnel to follow Fleet Campaign Directive on how to install a certificate holder.""}]",success
20160413X94401,"[{""text"": ""Misdiagnosed Emergency"", ""role"": ""ATC personnel - C"", ""tier"": ""unsafe_decision""}]","{""unsafe_decision"": [""Misdiagnosed Emergency - ATC personnel""]}","[{""subject"": ""unsafe_decision"", ""relation"": ""LEADS_TO"", ""object"": ""unsafe_violation"", ""evidence"": ""The controller's miscommunication of a clearance and failure to recognize and correct the readback resulting in the flight crew initiating takeoff without a clearance.""}]",success
20010608X01136,"[{""text"": ""The fasten seat belt sign was not illuminated when he left his seat"", ""role"": ""Passenger"", ""tier"": ""unsafe_skill""}]","{""unsafe_skill"": [""The fasten seat belt sign was not illuminated when he left his seat""]}","[{""subject"": ""unsafe_skill"", ""relation"": ""CO_OCCURS_WITH"", ""object"": ""unsafe_decision"", ""evidence"": ""The fasten seat belt sign was not illuminated when he left his seat, and the flight deck had not issued any advisories while he was waiting for the lavatory.""}]",success
20120217X44044,"[{""text"": ""Omitted Checklist Step - Maintenance personnel"", ""role"": ""Maintenance personnel"", ""tier"": ""unsafe_skill""}]","{""unsafe_skill"": [""During the non-routine maintenance procedures used by the maintenance team, cotter pin safeties that were removed from castellated nuts on the 2 outboard vertical hinge bolts on the left elevator were not reinstalled. The removal of these two bolts is not part of the EMB 120 maintenance manual procedure for removal of the left elevator.""]}","[{""subject"": ""unsafe_skill"", ""relation"": ""LEADS_TO"", ""object"": ""unsafe_violation"", ""evidence"": ""The maintenance team did not follow the EMB 120 maintenance manual procedure for removal of the left elevator.""}, {""subject"": ""unsafe_skill"", ""relation"": ""CO_OCCURS_WITH"", ""object"": ""unsafe_decision"", ""evidence"": ""The FAA found that the maintenance teams that removed and reinstalled the elevator were inexperienced in EMB 120 elevator removal and reinstallation procedures.""}]",success
20160812X71506,"[{""text"": ""The turbulence continued for about 10 minutes before it smoothed out, and all three flight attendants got up from their seats to conduct various tasks throughout the cabin."", ""role"": ""Flight Attendants"", ""tier"": ""unsafe_skill""}]","{""unsafe_skill"": [""Inadvertent Flight Control Use (Flight Attendants)""]}","[{""subject"": ""unsafe_skill"", ""relation"": ""CO_OCCURS_WITH"", ""object"": ""unsafe_decision"", ""evidence"": ""The turbulence continued for about 10 minutes before it smoothed out, and all three flight attendants got up from their seats to conduct various tasks throughout the cabin.""}]",success
20120221X32033,"[{""text"": ""not having their seatbelts fastened"", ""role"": ""Flight attendant"", ""tier"": ""unsafe_skill""}]","{""unsafe_skill"": [""not having their seatbelts fastened - Flight attendant""]}","[{""subject"": ""unsafe_skill"", ""relation"": ""LEADS_TO"", ""object"": ""unsafe_violation"", ""evidence"": ""not having their seatbelts fastened""}]",success
20010713X01428,"[{""text"": ""Exceeded Ability"", ""role"": ""Flight Crew"", ""tier"": ""unsafe_decision""}]","{""unsafe_decision"": [""Exceeded Ability""]}","[{""subject"": ""unsafe_decision"", ""relation"": ""LEADS_TO"", ""object"": ""unsafe_perception"", ""evidence"": ""the flight crew's excessive descent rate, which resulted in an injury to a flight attendant.""}]",success
20220815105738,"[{""text"": ""Maintenance personnel to close the drain mast heater circuit breakers which resulted in the formation of ice in the forward drain mast"", ""role"": ""Maintenance"", ""tier"": ""Unsafe Skill""}]","{""unsafe_skill"": [""Maintenance personnel to close the drain mast heater circuit breakers which resulted in the formation of ice in the forward drain mast""]}","[{""subject"": ""unsafe_skill"", ""relation"": ""LEADS_TO"", ""object"": ""unsafe_violation"", ""evidence"": ""Maintenance personnel to close the drain mast heater circuit breakers which resulted in the formation of ice in the forward drain mast""}]",success
20010205X00395,"[{""text"": ""The dimmer component for an incandescent lamp displayed a manufacturer part number of 2-459 and a serial number of 1175. It was manufactured in July 1970."", ""role"": ""Maintenance crew"", ""tier"": ""Unsafe Skill""}, {""text"": ""The switch and related circuit breakers were sent to the National Transportation Safety Board Materials Laboratory for examination, but were lost in transit."", ""role"": ""Maintenance crew"", ""tier"": ""Unsafe Skill""}]","{""unsafe_skill"": [""Manufactured a part that failed after 31 years of service (Maintenance crew)"", ""Failed to properly document and track the sent components for examination (Maintenance crew)""]}","[{""subject"": ""unsafe_skill"", ""relation"": ""LEADS_TO"", ""object"": ""unsafe_decision"", ""evidence"": ""The dimmer component for an incandescent lamp displayed a manufacturer part number of 2-459 and a serial number of 1175. It was manufactured in July 1970.""}, {""subject"": ""unsafe_skill"", ""relation"": ""LEADS_TO"", ""object"": ""unsafe_perception"", ""evidence"": ""The switch and related circuit breakers were sent to the National Transportation Safety Board Materials Laboratory for examination, but were lost in transit.""}]",success
20180503X92154,"[{""text"": ""turned slight to the left (away from Endeavor 3413) after his first officer advised him to provide additional clearance to ensure adequate separation."", ""role"": ""Pilot of other aircraft - C"", ""tier"": ""unsafe_decision""}]","{""operator_mental"": [""Loss of Situational Awareness - Pilot of other aircraft"", ""Loss of Situational Awareness - Pilot""], ""personnel_crm"": [""Failed to Communicate - Pilot of other aircraft"", ""Failed to Communicate - Pilot""], ""unsafe_decision"": [""turned slight to the left (away from Endeavor 3413) after his first officer advised him to provide additional clearance to ensure adequate separation.""]}","[{""subject"": ""unsafe_decision"", ""relation"": ""LEADS_TO"", ""object"": ""unsafe_violation"", ""evidence"": ""turned slight to the left (away from Endeavor 3413) after his first officer advised him to provide additional clearance to ensure adequate separation.""}]",success
20120417X44353,"[{""text"": ""sitting in their jumpseats without their seatbelts on"", ""role"": ""Flight Attendants (A-FA, B-FA, C-FA)"", ""tier"": ""unsafe_skill""}]","{""operator_mental"": [""Loss of Situational Awareness - Captain"", ""Complacency - FO""], ""operator_physical"": [""Physical Fatigue - A-FA, B-FA, C-FA""], ""operator_limits"": [""Insufficient Reaction Time - Captain, FO""], ""situational_tech"": [""Incompatible Intelligence/Aptitude - Weather Radar Design""], ""personnel_crm"": [""Failed to Communicate - Captain, FO""], ""unsafe_skill"": [""Failed to Use Proper Equipment - Flight Attendants (A-FA, B-FA, C-FA)""]}","[{""subject"": ""unsafe_skill"", ""relation"": ""CO_OCCURS_WITH"", ""object"": ""operator_physical"", ""evidence"": ""sitting in their jumpseats without their seatbelts on""}]",success
20110715X40120,"[{""text"": ""The B767 flight crew's failure to maintain a safe clearance with the CRJ900 that was stopped on a taxiway."", ""role"": ""Flight crew"", ""tier"": ""unsafe_skill""}, {""text"": ""the B767 Captain's failure to maintain a safe clearance between his wing and the tail of the CRJ900 that was stopped on a taxiway."", ""role"": ""Captain"", ""tier"": ""unsafe_skill""}]","{""unsafe_skill"": [""\""The B767 flight crew's failure to maintain a safe clearance with the CRJ900 that was stopped on a taxiway.\"";Flight crew"", ""\""the B767 Captain's failure to maintain a safe clearance between his wing and the tail of the CRJ900 that was stopped on a taxiway.\"";Captain""]}","[{""subject"": ""unsafe_skill"", ""relation"": ""CO_OCCURS_WITH"", ""object"": ""unsafe_skill"", ""evidence"": ""the B767 flight crew's failure to maintain a safe clearance with the CRJ900 that was stopped on a taxiway; the B767 Captain's failure to maintain a safe clearance between his wing and the tail of the CRJ900 that was stopped on a taxiway.""}]",success
20001212X20729,"[{""text"": ""The top anchor of the guide cable became disconnected as the passenger proceeded down the airstairs."", ""role"": ""Passenger"", ""tier"": ""unsafe_perception""}]","{""unsafe_perception"": [""The top anchor of the guide cable became disconnected as the passenger proceeded down the airstairs.""]}","[{""subject"": ""unsafe_perception"", ""relation"": ""LEADS_TO"", ""object"": ""unsafe_violation"", ""evidence"": ""The top anchor of the guide cable became disconnected as the passenger proceeded down the airstairs.""}]",success
20060106X00018,"[{""text"": ""The airplane's right wing separated during flight."", ""role"": ""Maintenance"", ""tier"": ""Unsafe_Violation""}]","{""unsafe_violation"": [""The airplane's right wing separated during flight, which resulted from (1) the failure of the Chalk's Ocean Airways maintenance program to identify and properly repair fatigue cracks in the right wing.""]}","[{""subject"": ""unsafe_violation"", ""relation"": ""LEADS_TO"", ""object"": ""unsafe_decision"", ""evidence"": ""The airplane's right wing separated during flight, which resulted from (1) the failure of the Chalk's Ocean Airways maintenance program to identify and properly repair fatigue cracks in the right wing""}]",success
20080509X00640,"[{""text"": ""Installing the clip on the outboard side of the rear spar vertical stiffener instead of the inboard side would be expected to put additional tensile stress on the inboard side of the clip, which is where fatigue initiation was observed."", ""role"": ""Maintenance personnel"", ""tier"": ""unsafe_skill""}]","{""unsafe_skill"": [""Installing the clip on the outboard side of the rear spar vertical stiffener instead of the inboard side would be expected to put additional tensile stress on the inboard side of the clip, which is where fatigue initiation was observed.""]}","[{""subject"": ""unsafe_skill"", ""relation"": ""CO_OCCURS_WITH"", ""object"": ""personnel_readiness"", ""evidence"": ""Boeing Service Bulletin (SB) 757-57-0027 was issued April 28, 1988, to address fatigue cracking of attach clips at the location of the fracture in the incident airplane clips.""}, {""subject"": ""unsafe_skill"", ""relation"": ""LEADS_TO"", ""object"": ""unsafe_decision"", ""evidence"": ""Installing the clip on the outboard side of the rear spar vertical stiffener instead of the inboard side would be expected to put additional tensile stress on the inboard side of the clip, which is where fatigue initiation was observed.""}]",success
20070723X00975,"[{""text"": ""The ground controller mistakenly believed that DAL1238 was being taken out of the landing sequence and authorized COM5196 to cross runway 22 without coordinating with the tower local controller as required."", ""role"": ""Ground Controller"", ""tier"": ""unsafe_decision""}]","{""operator_mental"": [""Loss of Situational Awareness - Ground Controller (Training)""], ""personnel_crm"": [""Failed to Coordinate - Local Controller""], ""situational_tech"": [""Incompatible Intelligence/Aptitude - AMASS System Alert""], ""unsafe_decision"": [""The ground controller mistakenly believed that DAL1238 was being taken out of the landing sequence and authorized COM5196 to cross runway 22 without coordinating with the tower local controller as required.""]}","[{""subject"": ""unsafe_decision"", ""relation"": ""LEADS_TO"", ""object"": ""unsafe_violation"", ""evidence"": ""The ground controller mistakenly believed that DAL1238 was being taken out of the landing sequence and authorized COM5196 to cross runway 22 without coordinating with the tower local controller as required.""}]",success
20060329X00364,"[{""text"": ""The station agent's inability to maintain control of the stroller when he lost his balance exiting the airplane's cargo compartment, allowing it to be blown into the operating right propeller."", ""role"": ""Station Agent"", ""tier"": ""unsafe_skill""}]","{""unsafe_skill"": [""Inability to Maintain Control of Object (Station Agent)""]}","[{""subject"": ""unsafe_skill"", ""relation"": ""CO_OCCURS_WITH"", ""object"": ""unsafe_perception"", ""evidence"": ""The station agent's inability to maintain control of the stroller when he lost his balance exiting the airplane's cargo compartment, allowing it to be blown into the operating right propeller.""}]",success
20110808X94427,"[{""text"": ""blade refurbishment had not yet been performed in accordance with the P&W MAN."", ""role"": ""Maintenance crew"", ""tier"": ""Unsafe_skill""}]","{""unsafe_skill"": [""blade refurbishment had not yet been performed in accordance with the P&W MAN.""]}","[{""subject"": ""unsafe_skill"", ""relation"": ""LEADS_TO"", ""object"": ""unsafe_decision"", ""evidence"": ""blade refurbishment had not yet been performed in accordance with the P&W MAN.""}]",success
20010117X00316,"[{""text"": ""The vehicle driver's inadvertent failure to place the column shifter into the parking gear."", ""role"": ""Vehicle Driver"", ""tier"": ""unsafe_skill""}]","{""unsafe_skill"": [""The vehicle driver's inadvertent failure to place the column shifter into the parking gear.""]}","[{""subject"": ""unsafe_skill"", ""relation"": ""LEADS_TO"", ""object"": ""unsafe_violation"", ""evidence"": ""The vehicle driver's inadvertent failure to place the column shifter into the parking gear.""}]",success
20050620X00811,"[{""text"": ""encountered moderate turbulence instead of light chop"", ""role"": ""pilot"", ""tier"": ""unsafe_decision""}]","{""operator_mental"": [""Loss of Situational Awareness - Captain"", ""Complacency - Captain""], ""operator_physical"": [""Physical Fatigue - Flight Attendant""], ""situational_tech"": [""Incompatible Intelligence/Aptitude - Aircraft Radar System""], ""unsafe_decision"": [""encountered moderate turbulence instead of light chop""]}","[{""subject"": ""unsafe_decision"", ""relation"": ""LEADS_TO"", ""object"": ""operator_physical"", ""evidence"": ""encountered moderate turbulence instead of light chop""}]",success
20121107X21801,"[{""text"": ""All of the 4th stage turbine blades had the shroud notches repaired at Delta's turbine blade shop prior to installation in the engine."", ""role"": ""Maintenance crew"", ""tier"": ""unsafe_skill""}]","{""unsafe_skill"": [""All of the 4th stage turbine blades had the shroud notches repaired at Delta's turbine blade shop prior to installation in the engine.""]}","[{""subject"": ""unsafe_skill"", ""relation"": ""LEADS_TO"", ""object"": ""unsafe_decision"", ""evidence"": ""All of the 4th stage turbine blades had the shroud notches repaired at Delta's turbine blade shop prior to installation in the engine.""}]",success
20100525X31845,"[{""text"": ""Misjudged Distance/Altitude/Airspeed"", ""role"": ""Flight Crew"", ""tier"": ""unsafe_perception""}]","{""unsafe_perception"": [""Misjudged Distance/Altitude/Airspeed - Flight Crew""]}","[{""subject"": ""unsafe_perception"", ""relation"": ""CO_OCCURS_WITH"", ""object"": ""unsafe_decision"", ""evidence"": ""The seat belt sign had been off for approximately 30 minutes prior to the turbulence encounter, which he described as 'unexpected and extremely violent'.""}]",success
20050526X00682,"[{""text"": ""Worn threads on nose landing gear actuator piston rod"", ""role"": ""Maintenance personnel"", ""tier"": ""unsafe_skill""}, {""text"": ""Sheared key locking washer in the gear assembly"", ""role"": ""Maintenance personnel"", ""tier"": ""unsafe_skill""}]","{""unsafe_skill"": [""Worn threads on nose landing gear actuator piston rod - Maintenance personnel"", ""Sheared key locking washer in the gear assembly - Maintenance personnel""]}","[{""subject"": ""unsafe_skill"", ""relation"": ""LEADS_TO"", ""object"": ""unsafe_perception"", ""evidence"": ""Worn threads on nose landing gear actuator piston rod""}, {""subject"": ""unsafe_skill"", ""relation"": ""LEADS_TO"", ""object"": ""unsafe_decision"", ""evidence"": ""Sheared key locking washer in the gear assembly""}]",success
20160415X02200,"[{""text"": ""placed and removing his hand on the top of the running belt in a recurring motion. He then placed his hand at the bottom of the belt and appeared to attempt the same behavior (riding his hand on the belt)."", ""role"": ""Ramp agent"", ""tier"": ""unsafe_skill""}]","{""operator_mental"": [""Distraction - Ground crew""], ""operator_physical"": [""Physical Fatigue - Ground crew""], ""unsafe_skill"": [""Placed and removing his hand on the top of the running belt in a recurring motion. He then placed his hand at the bottom of the belt and appeared to attempt the same behavior (riding his hand on the belt). - Ramp agent""]}","[{""subject"": ""unsafe_skill"", ""relation"": ""LEADS_TO"", ""object"": ""unsafe_violation"", ""evidence"": ""placed and removing his hand on the top of the running belt in a recurring motion. He then placed his hand at the bottom of the belt and appeared to attempt the same behavior (riding his hand on the belt).""}]",success
20170612X10422,"[{""text"": ""Failed to Prioritize Attention - Maintenance Crew"", ""role"": ""Maintenance Crew"", ""tier"": ""unsafe_skill""}]","{""unsafe_skill"": [""Failed to prioritize attention to the combustion liner condition and related engine performance issues, leading to delayed maintenance actions.""]}","[{""subject"": ""unsafe_skill"", ""relation"": ""CO_OCCURS_WITH"", ""object"": ""unsafe_decision"", ""evidence"": ""SkyWest received a total of four GE customer notification reports (CNRs) for the incident engine related to reduced hot day performance margin. SkyWest complied with the CNR recommendation to perform a core engine water wash after receipt of each CNR.""}]",success
20230816192883,"[{""text"": ""Worn fixed cylinder block bores in the IDGs caused the IDGs to trip offline."", ""role"": ""Maintenance"", ""tier"": ""unsafe_violation""}]","{""unsafe_violation"": [""Worn fixed cylinder block bores in the IDGs caused the IDGs to trip offline.""]}","[{""subject"": ""unsafe_violation"", ""relation"": ""LEADS_TO"", ""object"": ""unsafe_decision"", ""evidence"": ""The loss of both Integrated Drive Generators (IDG) due to worn fixed cylinder block bores, which caused the IDGs to be tripped offline and caused the airplane to enter an emergency electrical configuration.""}]",success
20180417X23642,"[{""text"": ""low-cycle fatigue crack in the dovetail of fan blade No. 13"", ""role"": ""Maintenance crew"", ""tier"": ""unsafe_violation""}]","{""operator_mental"": [""Loss of Situational Awareness - Flight crew""], ""operator_physical"": [""Fatigue - Maintenance personnel""], ""operator_limits"": [""Insufficient Reaction Time - Flight crew""], ""situational_tech"": [""Equipment Design - Engine design and maintenance procedures""], ""personnel_crm"": [""Failed to Communicate - Maintenance personnel"", ""Failed to Coordinate - Maintenance personnel""], ""unsafe_violation"": [""low-cycle fatigue crack in the dovetail of fan blade No. 13""]}","[{""subject"": ""unsafe_violation"", ""relation"": ""LEADS_TO"", ""object"": ""unsafe_decision"", ""evidence"": ""A low-cycle fatigue crack in the dovetail of fan blade No. 13, which resulted in the fan blade separating in flight""}]",success
20070610X00702,"[{""text"": ""The LC1 controller stated that she had received the green light from the LC2 controller, and therefore believed that it was safe to clear ASA677 for takeoff."", ""role"": ""LC1 Controller"", ""tier"": ""unsafe_skill""}, {""text"": ""There were no reported injuries to passengers or crew on either aircraft."", ""role"": ""AAY588 Crew and ASA677 Crew"", ""tier"": ""unsafe_violation""}]","{""unsafe_skill"": [""\""The LC1 controller stated that she had received the green light from the LC2 controller, and therefore believed that it was safe to clear ASA677 for takeoff.\"" (LC1 Controller)""], ""unsafe_violation"": [""\""There were no reported injuries to passengers or crew on either aircraft.\"" (AAY588 Crew and ASA677 Crew)""]}","[{""subject"": ""unsafe_skill"", ""relation"": ""LEADS_TO"", ""object"": ""unsafe_decision"", ""evidence"": ""The LC1 controller stated that she had received the green light from the LC2 controller, and therefore believed that it was safe to clear ASA677 for takeoff.""}, {""subject"": ""unsafe_violation"", ""relation"": ""CO_OCCURS_WITH"", ""object"": ""unsafe_skill"", ""evidence"": ""There were no reported injuries to passengers or crew on either aircraft.""}]",success
20110207X02852,"[{""text"": ""misidentified runway for an adjacent taxiway"", ""role"": ""Airport personnel - C"", ""tier"": ""unsafe_skill""}]","{""unsafe_skill"": [""misidentified runway for an adjacent taxiway - Airport personnel - C""]}","[{""subject"": ""unsafe_skill"", ""relation"": ""LEADS_TO"", ""object"": ""unsafe_decision"", ""evidence"": ""The driver of the operation vehicle's misidentification of the runway for an adjacent taxiway, resulting in a runway incursion with an aircraft in position for takeoff.""}]",success
20110518X94643,"[{""text"": ""forgot about the arrival and cleared the ERJ-145 for takeoff"", ""role"": ""ATC personnel"", ""tier"": ""unsafe_decision""}]","{""unsafe_decision"": [""forgotten action/omission - ATC personnel""]}","[{""subject"": ""unsafe_decision"", ""relation"": ""LEADS_TO"", ""object"": ""unsafe_violation"", ""evidence"": ""forgot about the arrival and cleared the ERJ-145 for takeoff""}]",success
20100420X55951,"[{""text"": ""Failed to Prioritize Attention"", ""role"": ""ATC personnel - C"", ""tier"": ""unsafe_decision""}]","{""unsafe_decision"": [""'their attention was focused on the radar display, not out the tower window.'""]}",[],success
20170608X90705,"[{""text"": ""The control alternator gearshaft failed because of high cycle fatigue intergranular corrosion cracking."", ""role"": ""Maintenance"", ""tier"": ""unsafe_violation""}]","{""unsafe_violation"": [""The control alternator gearshaft failed because of high cycle fatigue intergranular corrosion cracking.""]}","[{""subject"": ""unsafe_violation"", ""relation"": ""LEADS_TO"", ""object"": ""unsafe_decision"", ""evidence"": ""The control alternator gearshaft failed because of high cycle fatigue intergranular corrosion cracking.""}]",success
20100503X92217,"[{""text"": ""The local controller did not issue traffic advisories to the B737 or the Bell 207."", ""role"": ""ATC personnel"", ""tier"": ""unsafe_decision""}]","{""unsafe_decision"": [""The local controller did not issue traffic advisories to the B737 or the Bell 207.""]}","[{""subject"": ""unsafe_decision"", ""relation"": ""LEADS_TO"", ""object"": ""unsafe_violation"", ""evidence"": ""The local controller did not issue traffic advisories to the B737 or the Bell 207.""}]",success
20250130199620,"[{""text"": ""lack of effective pilot-applied visual separation by the helicopter crew"", ""role"": ""pilot of other aircraft"", ""tier"": ""unsafe_skill""}]","{""unsafe_skill"": [""lack of effective pilot-applied visual separation by the helicopter crew""]}","[{""subject"": ""unsafe_skill"", ""relation"": ""LEADS_TO"", ""object"": ""unsafe_decision"", ""evidence"": ""lack of effective pilot-applied visual separation by the helicopter crew, which resulted in a midair collision.""}]",success
20001212X21288,"[{""text"": ""The control yoke separated from the vertical column."", ""role"": ""Captain"", ""tier"": ""Unsafe Skill - Over-controlled Aircraft""}]","{""unsafe_skill"": [""The control yoke separated from the vertical column.""]}","[{""subject"": ""unsafe_skill"", ""relation"": ""LEADS_TO"", ""object"": ""unsafe_violation"", ""evidence"": ""The control yoke separated from the vertical column.""}]",success
20100317X00948,"[{""text"": ""difficulty seeing the runway due to the setting sun beyond the departure end of runway 25R"", ""role"": ""Pilot - C"", ""tier"": ""unsafe_perception""}]","{""unsafe_perception"": [""difficulty seeing the runway due to the setting sun beyond the departure end of runway 25R - Pilot - C""]}","[{""subject"": ""unsafe_perception"", ""relation"": ""LEADS_TO"", ""object"": ""unsafe_decision"", ""evidence"": ""difficulty seeing the runway due to the setting sun beyond the departure end of runway 25R""}]",success
20001212X22040,"[{""text"": ""Passengers were instructed to remain in their seats with seat belt fastened."", ""role"": ""Flightcrew"", ""tier"": ""unsafe_decision""}]","{""unsafe_decision"": [""Improper Procedure""]}","[{""subject"": ""unsafe_decision"", ""relation"": ""CO_OCCURS_WITH"", ""object"": ""operator_physical"", ""evidence"": ""Passengers were instructed to remain in their seats with seat belt fastened.""}]",success
20101210X92343,"[{""text"": ""The local controller's distraction with a helicopter south of the field."", ""role"": ""ATC personnel"", ""tier"": ""Unsafe_decision""}]","{""unsafe_decision"": [""The local controller's distraction with a helicopter south of the field.""]}","[{""subject"": ""unsafe_decision"", ""relation"": ""CO_OCCURS_WITH"", ""object"": ""operator_limits"", ""evidence"": ""The local controller's distraction with a helicopter south of the field.""}]",success
20020625X00967,"[{""text"": ""Ground service personnel's failure to follow company procedure"", ""role"": ""Ground Service Personnel"", ""tier"": ""Unsafe_Violation""}]","{""unsafe_violation"": [""Ground service personnel's failure to follow company procedure""]}","[{""subject"": ""unsafe_violation"", ""relation"": ""LEADS_TO"", ""object"": ""unsafe_decision"", ""evidence"": ""The ground service personnel's failure to follow company procedure, which resulted in the flight attendant sustaining a serious injury.""}]",success
20171003X23920,"[{""text"": ""There was no guidance in the Ground Operations Training Manual related to how ramp personnel should handle mechanical failures of ground support equipment."", ""role"": ""Ramp Agent"", ""tier"": ""unsafe_violation""}]","{""unsafe_violation"": [""There was no guidance in the Ground Operations Training Manual related to how ramp personnel should handle mechanical failures of ground support equipment.""]}","[{""subject"": ""unsafe_violation"", ""relation"": ""LEADS_TO"", ""object"": ""unsafe_decision"", ""evidence"": ""the mechanical failure of the tugs fuel governor, which made it difficult for the ramp agent to stop the tug.""}, {""subject"": ""unsafe_violation"", ""relation"": ""CO_OCCURS_WITH"", ""object"": ""unsafe_perception"", ""evidence"": ""The ramp agent stated afterwards that he could not get the tug to stop and thought running the tug into the staged baggage carts would stop or at least slow the tug down.""}]",success
20110809X50704,"[{""text"": ""overlooked the arriving airplane during his scan"", ""role"": ""ATC personnel"", ""tier"": ""unsafe_decision""}]","{""unsafe_decision"": [""overlooked the arriving airplane during his scan - ATC personnel""]}","[{""subject"": ""unsafe_decision"", ""relation"": ""LEADS_TO"", ""object"": ""unsafe_violation"", ""evidence"": ""overlooked the arriving airplane during his scan""}]",success
20020801X01282,"[{""text"": ""failure to establish and maintain a proper glidepath"", ""role"": ""pilot"", ""tier"": ""unsafe_decision""}]","{""unsafe_decision"": [""failure to establish and maintain a proper glidepath (pilot)""]}","[{""subject"": ""unsafe_decision"", ""relation"": ""LEADS_TO"", ""object"": ""unsafe_violation"", ""evidence"": ""The captain's and first officer's failure to establish and maintain a proper glidepath during the night visual approach to landing.""}]",success
20070817X01201,"[{""text"": ""encountered an area of severe turbulence"", ""role"": ""pilot"", ""tier"": ""unsafe_decision""}]","{""unsafe_decision"": [""Encountered an area of severe turbulence""]}","[{""subject"": ""unsafe_decision"", ""relation"": ""LEADS_TO"", ""object"": ""unsafe_perception"", ""evidence"": ""encountered an area of severe turbulence""}]",success
20110317X14552,"[{""text"": ""The flight crew's delay in shutting down the left engine following an engine oil pressure master warning, which led to a hard rub inside the engine that served as an ignition point for a titanium fire."", ""role"": ""Flight crew - C"", ""tier"": ""unsafe_decision""}]","{""unsafe_decision"": [""The flight crew's delay in shutting down the left engine following an engine oil pressure master warning, which led to a hard rub inside the engine that served as an ignition point for a titanium fire.""]}","[{""subject"": ""unsafe_decision"", ""relation"": ""LEADS_TO"", ""object"": ""unsafe_violation"", ""evidence"": ""The flight crew's delay in shutting down the left engine following an engine oil pressure master warning, which led to a hard rub inside the engine that served as an ignition point for a titanium fire.""}]",success
20140212X03156,"[{""text"": ""Encountered an area of severe mountain wave turbulence"", ""role"": ""Flight crew"", ""tier"": ""unsafe_decision""}]","{""unsafe_decision"": [""Encountered an area of severe mountain wave turbulence""]}","[{""subject"": ""unsafe_decision"", ""relation"": ""LEADS_TO"", ""object"": ""unsafe_perception"", ""evidence"": ""Encountered an area of severe mountain wave turbulence during cruise flight.""}]",success
20100719X80209,"[{""text"": ""Nothing was showing on radar, as he adjusted the antenna tilt between -1 and -5 degrees."", ""role"": ""Captain"", ""tier"": ""unsafe_skill""}]","{""unsafe_skill"": [""Breakdown in Visual Scan - Captain""]}","[{""subject"": ""unsafe_skill"", ""relation"": ""CO_OCCURS_WITH"", ""object"": ""situational_tech"", ""evidence"": ""Nothing was showing on radar, as he adjusted the antenna tilt between -1 and -5 degrees.""}]",success
20160614X04330,"[{""text"": ""put her hand out to avoid hitting her head"", ""role"": ""flight attendant"", ""tier"": ""unsafe_skill""}]","{""operator_mental"": [""Loss of Situational Awareness - Flight Attendant""], ""operator_physical"": [""Physical Fatigue - Flight Attendant""], ""personnel_crm"": [""Failed to Communicate - Captain""], ""unsafe_skill"": [""put her hand out to avoid hitting her head - flight attendant""]}","[{""subject"": ""unsafe_skill"", ""relation"": ""LEADS_TO"", ""object"": ""unsafe_perception"", ""evidence"": ""put her hand out to avoid hitting her head""}]",success
20171212X00211,"[{""text"": ""failure of the flight crew to confirm the left engine throttle lever was at idle during engine start."", ""role"": ""Flight crew"", ""tier"": ""unsafe_skill""}]","{""operator_mental"": [""Distraction - Flight crew (both captain and first officer)""], ""personnel_crm"": [""Failed to coordinate - Tug driver""], ""operator_limits"": [""Insufficient reaction time - Flight crew (both captain and first officer)""], ""unsafe_skill"": [""failure of the flight crew to confirm the left engine throttle lever was at idle during engine start.""]}","[{""subject"": ""unsafe_skill"", ""relation"": ""LEADS_TO"", ""object"": ""unsafe_decision"", ""evidence"": ""failure of the flight crew to confirm the left engine throttle lever was at idle during engine start.""}]",success
20230812192847,"[{""text"": ""Poor judgment in duty prioritization which distracted them from monitoring arriving and departing traffic"", ""role"": ""Local Control Controller"", ""tier"": ""unsafe_decision""}]","{""unsafe_decision"": [""Poor judgment in duty prioritization which distracted them from monitoring arriving and departing traffic - ATC personnel""]}","[{""subject"": ""personnel_readiness"", ""relation"": ""CO_OCCURS_WITH"", ""object"": ""unsafe_decision"", ""evidence"": ""The SAN ATCT personnel stated that they received no training on the use or troubleshooting of these printers.""}]",success
20241120195519,"[{""text"": ""Omitted Checklist Step - Lead Flight Attendant"", ""role"": ""Flight Attendant"", ""tier"": ""unsafe_skill""}]","{""operator_mental"": [""Loss of Situational Awareness - Captain"", ""Complacency - Captain""], ""operator_physical"": [""Physical Fatigue - Flight Attendant""], ""personnel_crm"": [""Failed to Communicate - Captain""], ""unsafe_skill"": [""Omitted Checklist Step - Lead Flight Attendant""]}","[{""subject"": ""unsafe_skill"", ""relation"": ""LEADS_TO"", ""object"": ""unsafe_decision"", ""evidence"": ""One flight attendant (FA) sustained a serious injury, and the remaining crewmembers and passengers were uninjured.""}]",success
20110401X24330,"[{""text"": ""Improper Procedure"", ""role"": ""Maintenance crew"", ""tier"": ""unsafe_decision""}]","{""unsafe_decision"": [""Improper procedure - Maintenance crew""]}","[{""subject"": ""unsafe_decision"", ""relation"": ""LEADS_TO"", ""object"": ""unsafe_violation"", ""evidence"": ""the improper installation of the fuselage crown skin panel at the S-4L lap joint during the manufacturing process, which resulted in multiple site damage fatigue cracking and eventual failure of the lower skin panel.""}, {""subject"": ""unsafe_decision"", ""relation"": ""LEADS_TO"", ""object"": ""unsafe_perception"", ""evidence"": ""flight attendant A's incorrect assessment of his time of useful consciousness""}]",success
20111209X35527,"[{""text"": ""did not ensure that the runway was clear of conflict before directing the B737 to cross the runway"", ""role"": ""ATC personnel"", ""tier"": ""unsafe_decision""}]","{""unsafe_decision"": [""did not ensure that the runway was clear of conflict before directing the B737 to cross the runway - ATC personnel""]}","[{""subject"": ""unsafe_decision"", ""relation"": ""LEADS_TO"", ""object"": ""unsafe_perception"", ""evidence"": ""did not ensure that the runway was clear of conflict before directing the B737 to cross the runway""}]",success
20231027193314,"[{""text"": ""Poor judgment in prioritization of their ground traffic ahead of their airborne traffic, that became a distraction and led to a loss of situational awareness"", ""role"": ""LC1 controller"", ""tier"": ""unsafe_decision""}]","{""unsafe_decision"": [""Poor judgment in prioritization of their ground traffic ahead of their airborne traffic, that became a distraction and led to a loss of situational awareness (LC1 controller)""]}",[],success
20141001X94301,"[{""text"": ""The tractor driver's failure to give way to the taxiing airplane."", ""role"": ""Ground crew"", ""tier"": ""unsafe_decision""}]","{""operator_mental"": [""Loss of Situational Awareness - Ground crew""], ""personnel_crm"": [""Failed to Communicate - Ground crew""], ""operator_limits"": [""Insufficient Reaction Time - Ground crew""], ""unsafe_decision"": [""The tractor driver's failure to give way to the taxiing airplane.""]}","[{""subject"": ""unsafe_decision"", ""relation"": ""LEADS_TO"", ""object"": ""unsafe_violation"", ""evidence"": ""The tractor driver's failure to give way to the taxiing airplane.""}]",success
20090527X25328,"[{""text"": ""Misjudged Distance/Altitude/Airspeed"", ""role"": ""Captain"", ""tier"": ""unsafe_perception""}]","{""unsafe_perception"": [""Misjudged Distance/Altitude/Airspeed - Captain""]}","[{""subject"": ""unsafe_perception"", ""relation"": ""CO_OCCURS_WITH"", ""object"": ""unsafe_decision"", ""evidence"": ""The captain stated that preflight information and enroute reports indicated only light chop for the flight and he communicated this to the flight attendants.""}]",success
20091117X55556,"[{""text"": ""thought they had struck 6 or 7 geese"", ""role"": ""Crew"", ""tier"": ""unsafe_skill""}]","{""operator_mental"": [""Loss of Situational Awareness - Pilot""], ""personnel_crm"": [""Failed to Communicate - Crew""], ""situational_tech"": [""Equipment Design - Engine Ingestion Protection""], ""unsafe_skill"": [""thought they had struck 6 or 7 geese - Crew""]}","[{""subject"": ""unsafe_skill"", ""relation"": ""CO_OCCURS_WITH"", ""object"": ""operator_physical"", ""evidence"": ""thought they had struck 6 or 7 geese""}]",success
20170911X34051,"[{""text"": ""encountered turbulence during final approach into El Paso International Airport (ELP)"", ""role"": ""Flight Crew"", ""tier"": ""Unsafe Perception""}]","{""unsafe_perception"": [""Misjudged Distance/Altitude/Airspeed - Flight Crew""]}","[{""subject"": ""unsafe_perception"", ""relation"": ""LEADS_TO"", ""object"": ""unsafe_violation"", ""evidence"": ""encountered turbulence during final approach into El Paso International Airport (ELP)""}]",success
20180922X71035,"[{""text"": ""The airplane was approximately three miles behind a narrow body Airbus, in landing configuration when the turbulence occurred."", ""role"": ""Flight crew"", ""tier"": ""unsafe_perception""}]","{""operator_mental"": [""Loss of Situational Awareness - Flight Attendant""], ""operator_physical"": [""Physical Fatigue - Flight Attendant""], ""personnel_crm"": [""Failed to Communicate - Flight Crew""], ""unsafe_perception"": [""Misjudged Distance/Altitude/Airspeed - Flight crew""]}","[{""subject"": ""unsafe_perception"", ""relation"": ""CO_OCCURS_WITH"", ""object"": ""unsafe_decision"", ""evidence"": ""The airplane was approximately three miles behind a narrow body Airbus, in landing configuration when the turbulence occurred.""}]",success
20181009X10416,"[{""text"": ""quickly pushing a catering cart throught the aisle"", ""role"": ""Ground crew - Caterer personnel"", ""tier"": ""unsafe_skill""}]","{""operator_mental"": [""Loss of Situational Awareness - Flight attendant""], ""operator_physical"": [""Physical Fatigue - Flight attendant""], ""personnel_crm"": [""Failed to Communicate - Catering personnel""], ""unsafe_skill"": [""quickly pushing a catering cart throught the aisle - Ground crew - Caterer personnel""]}","[{""subject"": ""unsafe_skill"", ""relation"": ""LEADS_TO"", ""object"": ""unsafe_perception"", ""evidence"": ""quickly pushing a catering cart throught the aisle""}]",success
20191220X85302,"[{""text"": ""Failed to Prioritize Attention"", ""role"": ""Flight Crew"", ""tier"": ""unsafe_decision""}]","{""unsafe_decision"": [""Failed to prioritize attention: 'The flight crew requested a descent to FL180. The seatbelt sign was extinguished after the flight reached FL180 since the skies were clear, they were experiencing a smooth ride, and there were no pilot reports of turbulence.'""]}","[{""subject"": ""unsafe_decision"", ""relation"": ""CO_OCCURS_WITH"", ""object"": ""operator_physical"", ""evidence"": ""The flight crew was not prepared for the turbulence as they had been informed of smooth conditions by ATC.""}]",success
20140714X45633,"[{""text"": ""Misrouted IDG power feeder cables, creating excessive slack and dangling below the support bracket"", ""role"": ""Maintenance personnel"", ""tier"": ""unsafe_skill""}]","{""unsafe_skill"": [""Misrouted IDG power feeder cables, creating excessive slack and dangling below the support bracket - Maintenance personnel""]}","[{""subject"": ""unsafe_skill"", ""relation"": ""CO_OCCURS_WITH"", ""object"": ""unsafe_decision"", ""evidence"": ""Misrouted IDG power feeder cables, creating excessive slack and dangling below the support bracket""}]",success
20080701X00963,"[{""text"": ""The design of the supplemental oxygen system hoses and the lack of positive separation between electrical wiring and electrically conductive oxygen system components."", ""role"": ""Maintenance"", ""tier"": ""unsafe_violation""}]","{""unsafe_violation"": [""The design of the supplemental oxygen system hoses and the lack of positive separation between electrical wiring and electrically conductive oxygen system components.""]}","[{""subject"": ""unsafe_violation"", ""relation"": ""LEADS_TO"", ""object"": ""unsafe_decision"", ""evidence"": ""The design of the supplemental oxygen system hoses and the lack of positive separation between electrical wiring and electrically conductive oxygen system components.""}]",success
20110615X10113,"[{""text"": ""One FA was thrown to the floor injuring her foot."", ""role"": ""Flight Attendant"", ""tier"": ""unsafe_skill""}]","{""unsafe_skill"": [""Breakdown in Visual Scan - Flight Attendant""]}","[{""subject"": ""unsafe_skill"", ""relation"": ""CO_OCCURS_WITH"", ""object"": ""operator_physical"", ""evidence"": ""One FA was thrown to the floor injuring her foot.""}]",success
20110510X84704,"[{""text"": ""Failed to Prioritize Attention - Captain and First Officer"", ""role"": ""Pilot"", ""tier"": ""unsafe_skill""}]","{""unsafe_skill"": [""Failed to prioritize attention - Captain and First Officer""]}","[{""subject"": ""unsafe_skill"", ""relation"": ""CO_OCCURS_WITH"", ""object"": ""operator_physical"", ""evidence"": ""Failed to Prioritize Attention - Captain and First Officer""}]",success
20241105195439,"[{""text"": ""Omitted Checklist Step - Flight Attendant"", ""role"": ""Flight Attendant"", ""tier"": ""unsafe_skill""}]","{""unsafe_skill"": [""Omitted Checklist Step - Flight Attendant""]}","[{""subject"": ""unsafe_skill"", ""relation"": ""CO_OCCURS_WITH"", ""object"": ""unsafe_decision"", ""evidence"": ""The FA assigned to jumpseat 2R reported that they had been seated with their seatbelt fastened for about 10-15 minutes due to a previous announcement from the fight deck about an area of light turbulence. With no turbulence encountered for several minutes the FA elected to stand and begin preparations for water service.""}]",success
20230115106577,"[{""text"": ""crossed runway 4L on taxiway J without air traffic control (ATC) clearance"", ""role"": ""Flight crew of American Airlines flight 106"", ""tier"": ""unsafe_skill""}]","{""unsafe_skill"": [""crossed runway 4L on taxiway J without air traffic control (ATC) clearance - Flight crew of American Airlines flight 106""]}","[{""subject"": ""unsafe_skill"", ""relation"": ""LEADS_TO"", ""object"": ""unsafe_decision"", ""evidence"": ""The American Airlines flight 106 crew's surface navigation error due to distractions caused by their performance of concurrent operational tasks during taxi, which resulted in a loss of situational awareness.""}, {""subject"": ""unsafe_skill"", ""relation"": ""CO_OCCURS_WITH"", ""object"": ""unsafe_violation"", ""evidence"": ""The American Airlines flight 106 crew crossed runway 4L on taxiway J without air traffic control (ATC) clearance""}]",success
20250828200898,"[{""text"": ""Inadvertent Flight Control Use"", ""role"": ""Flight crew"", ""tier"": ""unsafe_skill""}]","{""unsafe_skill"": [""Inadvertent Flight Control Use - Flight crew""]}","[{""subject"": ""unsafe_skill"", ""relation"": ""LEADS_TO"", ""object"": ""unsafe_decision"", ""evidence"": ""The abrupt maneuver required to comply with a traffic alert and collision avoidance system resolution advisory during descent.""}]",success
20190916X91526,"[{""text"": ""Failed to Prioritize Attention - Flight Attendants"", ""role"": ""Flight Attendants"", ""tier"": ""unsafe_skill""}]","{""unsafe_skill"": [""Failed to prioritize attention - flight attendants""]}","[{""subject"": ""unsafe_skill"", ""relation"": ""CO_OCCURS_WITH"", ""object"": ""unsafe_decision"", ""evidence"": ""Failed to Prioritize Attention - Flight Attendants LEADS_TO One of the aft flight attendants fell to the floor during the encounter.""}]",success
20180613X62240,"[{""text"": ""bumped into her during boarding"", ""role"": ""Flight attendant"", ""tier"": ""unsafe_decision""}]","{""operator_mental"": [""Distraction - Flight attendant""], ""operator_physical"": [""Physical Fatigue - Flight attendant""], ""personnel_crm"": [""Failed to Communicate - Passenger""], ""unsafe_decision"": [""bumped into her during boarding - Flight attendant""]}","[{""subject"": ""unsafe_decision"", ""relation"": ""LEADS_TO"", ""object"": ""unsafe_perception"", ""evidence"": ""bumped into her during boarding""}]",success
20190222X84313,"[{""text"": ""Omitted washer and retaining nut on the VSV #33 trunnion stem during engine overhaul"", ""role"": ""Maintenance crew"", ""tier"": ""unsafe_violation""}]","{""unsafe_violation"": [""Omitted washer and retaining nut on the VSV #33 trunnion stem during engine overhaul - Maintenance crew""]}","[{""subject"": ""unsafe_violation"", ""relation"": ""LEADS_TO"", ""object"": ""unsafe_decision"", ""evidence"": ""Omitted washer and retaining nut on the VSV #33 trunnion stem during engine overhaul""}]",success
20161027X90950,"[{""text"": ""The No. 1 engine was removed from the airplane by maintenance crews at SEA and prepared for shipment to Delta TechOps in Atlanta, Georgia for examination and partial disassembly."", ""role"": ""Maintenance crew"", ""tier"": ""Unsafe Skill""}]","{""unsafe_skill"": [""The No. 1 engine was removed from the airplane by maintenance crews at SEA and prepared for shipment to Delta TechOps in Atlanta, Georgia for examination and partial disassembly.""]}","[{""subject"": ""unsafe_skill"", ""relation"": ""CO_OCCURS_WITH"", ""object"": ""situational_tech"", ""evidence"": ""The No. 1 engine was removed from the airplane by maintenance crews at SEA and prepared for shipment to Delta TechOps in Atlanta, Georgia for examination and partial disassembly.""}]",success
20190805X55405,"[{""text"": ""thrown sideways, then to the ceiling, and then back to the floor."", ""role"": ""flight attendant"", ""tier"": ""unsafe_skill""}]","{""operator_mental"": [""Loss of Situational Awareness - Flight Attendant"", ""Complacency - Flight Attendant""], ""operator_physical"": [""Physical Fatigue - Flight Attendant""], ""personnel_crm"": [""Failed to Communicate - Flight Attendant""], ""unsafe_skill"": [""Thrown by turbulence - flight attendant""]}","[{""subject"": ""unsafe_skill"", ""relation"": ""CO_OCCURS_WITH"", ""object"": ""operator_physical"", ""evidence"": ""thrown sideways, then to the ceiling, and then back to the floor.""}]",success
20170124X45041,"[{""text"": ""Failed to Prioritize Attention"", ""role"": ""Maintenance crew"", ""tier"": ""unsafe_skill""}]","{""unsafe_skill"": [""Failed to prioritize attention""]}","[{""subject"": ""unsafe_skill"", ""relation"": ""LEADS_TO"", ""object"": ""unsafe_decision"", ""evidence"": ""Failed to Prioritize Attention""}]",success
20210706103420,"[{""text"": ""Passed through the tops of a small cumulus buildup and experienced moderate turbulence."", ""role"": ""Flight crew"", ""tier"": ""Unsafe_skill""}]","{""operator_mental"": [""Loss of Situational Awareness - Captain"", ""Complacency - Flight Attendants""], ""operator_physical"": [""Physical Fatigue - Flight Attendant (FA) #3""], ""personnel_crm"": [""Failed to Communicate - Captain""], ""unsafe_skill"": [""Passed through the tops of a small cumulus buildup and experienced moderate turbulence - Flight crew""]}","[{""subject"": ""unsafe_skill"", ""relation"": ""CO_OCCURS_WITH"", ""object"": ""situational_tech"", ""evidence"": ""Passed through the tops of a small cumulus buildup and experienced moderate turbulence.""}]",success
20150701X91338,"[{""text"": ""Inadvertently slipped off a worn tread descending the crew rest ladder."", ""role"": ""Flight attendant"", ""tier"": ""Unsafe skill""}]","{""operator_physical"": [""Physical Fatigue - Flight attendant""], ""operator_mental"": [""Loss of Situational Awareness - Flight attendant""], ""unsafe_skill"": [""Inadvertently slipped off a worn tread descending the crew rest ladder.""]}","[{""subject"": ""unsafe_skill"", ""relation"": ""LEADS_TO"", ""object"": ""unsafe_perception"", ""evidence"": ""Inadvertently slipped off a worn tread descending the crew rest ladder.""}]",success
20210409102901,"[{""text"": ""Moisture ingression thru the window humpseal coming into contact with the terminal block braid wires."", ""role"": ""Maintenance personnel"", ""tier"": ""unsafe_violation""}]","{""operator_mental"": [""Loss of Situational Awareness - Maintenance personnel""], ""operator_limits"": [""Incompatible Intelligence/Aptitude - Maintenance personnel""], ""situational_tech"": [""Equipment Design - Aircraft structures-Windows-windshield system-Flight compartment windows""], ""personnel_crm"": [""Failed to Communicate - Maintenance personnel""], ""unsafe_violation"": [""Moisture ingression thru the window humpseal coming into contact with the terminal block braid wires. (Maintenance personnel)""]}","[{""subject"": ""unsafe_violation"", ""relation"": ""LEADS_TO"", ""object"": ""unsafe_decision"", ""evidence"": ""Moisture ingression thru the window humpseal coming into contact with the terminal block braid wires.""}]",success
20150701X91130,"[{""text"": ""Inadvertent contact by beverage cart during cabin service."", ""role"": ""Cabin crew - Beverage cart operator"", ""tier"": ""unsafe_skill""}]","{""operator_mental"": [""Loss of Situational Awareness - Cabin crew""], ""operator_physical"": [""Physical Fatigue - Cabin crew""], ""unsafe_skill"": [""Inadvertent contact by beverage cart during cabin service.""]}","[{""subject"": ""unsafe_skill"", ""relation"": ""CO_OCCURS_WITH"", ""object"": ""operator_physical"", ""evidence"": ""inadvertent contact by beverage cart during cabin service.""}]",success
20220103104463,"[{""text"": ""Misperception of the distance to safely pass the stopped Republic Airways airplane"", ""role"": ""Flight crew"", ""tier"": ""unsafe_perception""}]","{""operator_mental"": [""Loss of Situational Awareness - Flight crew"", ""Complacency - Flight crew""], ""personnel_crm"": [""Failed to Communicate - Turkish Airlines captain""], ""unsafe_perception"": [""Misperception of the distance to safely pass the stopped Republic Airways airplane - Flight crew""]}","[{""subject"": ""unsafe_perception"", ""relation"": ""LEADS_TO"", ""object"": ""unsafe_decision"", ""evidence"": ""Misperception of the distance to safely pass the stopped Republic Airways airplane.""}]",success
20190617X11841,"[{""text"": ""The driver of the provisioning truck was unconscious when the truck impacted the airplane."", ""role"": ""Ground crew"", ""tier"": ""unsafe_skill""}]","{""unsafe_skill"": [""The driver of the provisioning truck was unconscious when the truck impacted the airplane - Ground crew""]}","[{""subject"": ""unsafe_skill"", ""relation"": ""LEADS_TO"", ""object"": ""unsafe_violation"", ""evidence"": ""The driver of the provisioning truck was unconscious when the truck impacted the airplane.""}]",success
20201109102250,"[{""text"": ""Environmental issues-Conditions/weather/phenomena-Turbulence-Terrain induced turbulence-Awareness of condition"", ""role"": ""Flight crew"", ""tier"": ""unsafe_decision""}]","{""operator_mental"": [""Loss of Situational Awareness - Flight Attendant""], ""situational_tech"": [""Insufficient Weather Information - Crew""], ""unsafe_decision"": [""Environmental issues-Conditions/weather/phenomena-Turbulence-Terrain induced turbulence-Awareness of condition""]}","[{""subject"": ""unsafe_decision"", ""relation"": ""CO_OCCURS_WITH"", ""object"": ""operator_physical"", ""evidence"": ""The airplane's encounter with severe turbulence while flying over a mountain range during cruise.""}]",success
20210825103753,"[{""text"": ""One passenger broke their elbow while descending on the evacuation slide."", ""role"": ""Passenger"", ""tier"": ""Unsafe Skill""}]","{""unsafe_skill"": [""One passenger broke their elbow while descending on the evacuation slide.""]}","[{""subject"": ""unsafe_skill"", ""relation"": ""CO_OCCURS_WITH"", ""object"": ""unsafe_decision"", ""evidence"": ""One passenger broke their elbow while descending on the evacuation slide.""}]",success
20060411X00417,"[{""text"": ""forgot to turn over the flight progress strip of the departing aircraft"", ""role"": ""North Local Controller (NLC)"", ""tier"": ""unsafe_skill""}]","{""unsafe_skill"": [""forgot to turn over the flight progress strip of the departing aircraft (North Local Controller)""]}","[{""subject"": ""unsafe_skill"", ""relation"": ""LEADS_TO"", ""object"": ""unsafe_decision"", ""evidence"": ""forgot to turn over the flight progress strip of the departing aircraft""}]",success
20230630192493,"[{""text"": ""Fuel nozzle b-nuts of fuel nozzles 17 and 18 had zero torque and backed off with no resistance"", ""role"": ""Maintenance personnel"", ""tier"": ""unsafe_skill""}]","{""unsafe_skill"": [""Fuel nozzle b-nuts of fuel nozzles 17 and 18 had zero torque and backed off with no resistance""]}","[{""subject"": ""unsafe_skill"", ""relation"": ""LEADS_TO"", ""object"": ""unsafe_decision"", ""evidence"": ""Fuel nozzle b-nuts of fuel nozzles 17 and 18 had zero torque and backed off with no resistance""}]",success
20131224X22946,"[{""text"": ""declared an emergency"", ""role"": ""Pilot"", ""tier"": ""unsafe_decision""}]","{""unsafe_decision"": [""declared an emergency""]}",[],success
20170607X22245,"[{""text"": ""The engine's turbine sections sustained extensive thermal and mechanical damage."", ""role"": ""Maintenance"", ""tier"": ""unsafe_perception""}]","{""unsafe_perception"": [""The engine's turbine sections sustained extensive thermal and mechanical damage.""]}","[{""subject"": ""unsafe_perception"", ""relation"": ""CO_OCCURS_WITH"", ""object"": ""situational_tech"", ""evidence"": ""The engine's turbine sections sustained extensive thermal and mechanical damage.""}]",success
20070821X01217,"[{""text"": ""did not look to the approach end of runway 24L and did not coordinate with LC2, as he did not recognize that WJA900 was north of runway 24L"", ""role"": ""North Ground Controller (GC2)"", ""tier"": ""unsafe_decision""}]","{""unsafe_decision"": [""did not look to the approach end of runway 24L and did not coordinate with LC2, as he did not recognize that WJA900 was north of runway 24L (North Ground Controller (GC2))""]}","[{""subject"": ""unsafe_decision"", ""relation"": ""LEADS_TO"", ""object"": ""unsafe_violation"", ""evidence"": ""did not look to the approach end of runway 24L and did not coordinate with LC2, as he did not recognize that WJA900 was north of runway 24L""}]",success
20160707X02944,"[{""text"": ""Maintenance personnel's failure to ensure proper installation of a fuel tube O-ring"", ""role"": ""Maintenance crew"", ""tier"": ""unsafe_skill""}]","{""unsafe_skill"": [""Maintenance personnel's failure to ensure proper installation of a fuel tube O-ring""]}","[{""subject"": ""unsafe_skill"", ""relation"": ""LEADS_TO"", ""object"": ""unsafe_perception"", ""evidence"": ""Maintenance personnel's failure to ensure proper installation of a fuel tube O-ring, which resulted in an undercowl engine fire during initial climb.""}]",success
20090303X74824,"[{""text"": ""Numerous maintenance difficulties had occurred on the aircraft involving the external AC power supply system beginning approximately 10-weeks before the accident."", ""role"": ""Maintenance crew"", ""tier"": ""unsafe_skill""}, {""text"": ""To attempt to remedy the anomalies, several relays, electrical contactors, the AC power switch, the external ground power receptacle, and other electrical components were removed and replaced with new components. Several of these components were located in the upper section of the JB-1 junction box."", ""role"": ""Maintenance crew"", ""tier"": ""unsafe_skill""}]","{""unsafe_skill"": [""Numerous maintenance difficulties had occurred on the aircraft involving the external AC power supply system beginning approximately 10-weeks before the accident. (Maintenance crew)"", ""To attempt to remedy the anomalies, several relays, electrical contactors, the AC power switch, the external ground power receptacle, and other electrical components were removed and replaced with new components. Several of these components were located in the upper section of the JB-1 junction box. (Maintenance crew)""]}","[{""subject"": ""unsafe_skill"", ""relation"": ""LEADS_TO"", ""object"": ""unsafe_decision"", ""evidence"": ""Numerous maintenance difficulties had occurred on the aircraft involving the external AC power supply system beginning approximately 10-weeks before the accident.""}, {""subject"": ""unsafe_skill"", ""relation"": ""LEADS_TO"", ""object"": ""unsafe_perception"", ""evidence"": ""To attempt to remedy the anomalies, several relays, electrical contactors, the AC power switch, the external ground power receptacle, and other electrical components were removed and replaced with new components. Several of these components were located in the upper section of the JB-1 junction box.""}]",success
20050929X01547,"[{""text"": ""The captain did not specify that the reason the flight attendant needed to keep a door open was because the air conditioning cart pressurized the cabin if all the doors were closed."", ""role"": ""Captain"", ""tier"": ""Unsafe Skill""}]","{""unsafe_skill"": [""\""The captain did not specify that the reason the flight attendant needed to keep a door open was because the air conditioning cart pressurized the cabin if all the doors were closed.\"" (Captain)""]}","[{""subject"": ""unsafe_skill"", ""relation"": ""CO_OCCURS_WITH"", ""object"": ""unsafe_decision"", ""evidence"": ""The captain did not specify that the reason the flight attendant needed to keep a door open was because the air conditioning cart pressurized the cabin if all the doors were closed.""}]",success
20100330X00627,"[{""text"": ""The local controller stated that his normal scan when clearing an aircraft for takeoff is to scan the runway, check the radar display, then go back to the runway."", ""role"": ""Local Controller"", ""tier"": ""unsafe_skill""}]","{""unsafe_skill"": [""The local controller stated that his normal scan when clearing an aircraft for takeoff is to scan the runway, check the radar display, then go back to the runway.""]}","[{""subject"": ""unsafe_skill"", ""relation"": ""CO_OCCURS_WITH"", ""object"": ""unsafe_decision"", ""evidence"": ""The local controller stated that his normal scan when clearing an aircraft for takeoff is to scan the runway, check the radar display, then go back to the runway.""}]",success
20231019193272,"[{""text"": ""Avio Aero's failure to inform GE about the manufacturing deviation and request approval"", ""role"": ""Manufacturer"", ""tier"": ""unsafe_violation""}]","{""unsafe_violation"": [""Avio Aero's failure to inform GE about the manufacturing deviation and request approval""]}","[{""subject"": ""unsafe_violation"", ""relation"": ""LEADS_TO"", ""object"": ""unsafe_skill"", ""evidence"": ""Avio Aero's failure to inform GE about the manufacturing deviation and request approval""}]",success
20030423X00550,"[{""text"": ""No specific warning was given by the air traffic controllers to either of the crews, due to the fact that the birds were not in their flight path."", ""role"": ""ATC"", ""tier"": ""unsafe_decision""}]","{""unsafe_decision"": [""Misdiagnosed Emergency""]}","[{""subject"": ""unsafe_decision"", ""relation"": ""LEADS_TO"", ""object"": ""unsafe_violation"", ""evidence"": ""No specific warning was given by the air traffic controllers to either of the crews, due to the fact that the birds were not in their flight path.""}]",success
20070712X00919,"[{""text"": ""missed the turn onto taxiway B"", ""role"": ""UAL flight crew"", ""tier"": ""unsafe_skill""}]","{""operator_mental"": [""Loss of Situational Awareness (UAL flight crew)""], ""operator_physical"": [""Physical Fatigue (UAL flight crew)""], ""personnel_crm"": [""Failed to Communicate (FLL ground controller)""], ""unsafe_skill"": [""missed the turn onto taxiway B""]}","[{""subject"": ""unsafe_skill"", ""relation"": ""LEADS_TO"", ""object"": ""unsafe_decision"", ""evidence"": ""missed the turn onto taxiway B""}]",success
20060925X01395,"[{""text"": ""riding the brakes"", ""role"": ""Maintenance technician seated in the cockpit"", ""tier"": ""unsafe_skill""}]","{""unsafe_skill"": [""riding the brakes - Maintenance technician seated in the cockpit""]}","[{""subject"": ""unsafe_skill"", ""relation"": ""CO_OCCURS_WITH"", ""object"": ""operator_physical"", ""evidence"": ""riding the brakes""}, {""subject"": ""unsafe_skill"", ""relation"": ""LEADS_TO"", ""object"": ""unsafe_decision"", ""evidence"": ""riding the brakes""}]",success
20140819X44937,"[{""text"": ""The sector 11R air traffic controller instructed the flight crew of the Boeing 777 to remain at FL360 until they passed the first airplane and then to climb to FL370."", ""role"": ""ATC personnel"", ""tier"": ""unsafe_decision""}]","{""unsafe_decision"": [""\""The sector 11R air traffic controller instructed the flight crew of the Boeing 777 to remain at FL360 until they passed the first airplane and then to climb to FL370.\"" (ATC personnel)""]}","[{""subject"": ""situational_tech"", ""relation"": ""CO_OCCURS_WITH"", ""object"": ""unsafe_decision"", ""evidence"": ""The Federal Aviation Administration's failure to provide controllers adequate automated conflict detection assistance, which removed a layer of backup to controller judgment and reduced the overall level of safety.""}]",success
20170320X74630,"[{""text"": ""The generator main rotor was never overhauled or re-wound and the total operating hours likely exceeded the 40,000 hour recommended overhaul interval specified in UTC Aerospace Systems service information letter (SIL) 449."", ""role"": ""Maintenance crew"", ""tier"": ""unsafe_violation""}]","{""unsafe_violation"": [""The generator main rotor was never overhauled or re-wound and the total operating hours likely exceeded the 40,000 hour recommended overhaul interval specified in UTC Aerospace Systems service information letter (SIL) 449.""]}","[{""subject"": ""unsafe_violation"", ""relation"": ""LEADS_TO"", ""object"": ""unsafe_decision"", ""evidence"": ""The generator main rotor was never overhauled or re-wound and the total operating hours likely exceeded the 40,000 hour recommended overhaul interval specified in UTC Aerospace Systems service information letter (SIL) 449.""}]",success
20001212X21079,"[{""text"": ""assaulted a flight attendant, and jumped out of the aft cabin passenger-loading door"", ""role"": ""Passenger"", ""tier"": ""unsafe_skill""}]","{""unsafe_skill"": [""assaulted a flight attendant, and jumped out of the aft cabin passenger-loading door""]}","[{""subject"": ""unsafe_skill"", ""relation"": ""LEADS_TO"", ""object"": ""unsafe_violation"", ""evidence"": ""assaulted a flight attendant, and jumped out of the aft cabin passenger-loading door""}]",success
20161208X21155,"[{""text"": ""water washes are performed on their CF34-8C engines every 1,200 flight hours, or when engine trend data shows performance degradation"", ""role"": ""Maintenance crew"", ""tier"": ""unsafe_violation""}]","{""unsafe_violation"": [""water washes are performed on their CF34-8C engines every 1,200 flight hours, or when engine trend data shows performance degradation - Maintenance crew""]}","[{""subject"": ""unsafe_violation"", ""relation"": ""LEADS_TO"", ""object"": ""unsafe_decision"", ""evidence"": ""The engine water wash schedule was reviewed and according to GoJet Airlines, water washes are performed on their CF34-8C engines every 1,200 flight hours, or when engine trend data shows performance degradation. GE currently recommends water washing the engine at every -2A check, or about 1,600 flight hours.""}]",success
20090105X01036,"[{""text"": ""Exceeded Ability"", ""role"": ""Engine Manufacturer"", ""tier"": ""unsafe_decision""}]","{""unsafe_decision"": [""The engine manufacturer's analysis indicated that the blade fracture was caused by a combination of the breakdown of the lubrication system and residual fatigue life usage following the last overhaul, coupled with the high operating stresses in the fan blade from the high thrust settings. (Engine Manufacturer)""]}","[{""subject"": ""unsafe_decision"", ""relation"": ""LEADS_TO"", ""object"": ""unsafe_perception"", ""evidence"": ""The examination of the fan blade also revealed the plasma spray coating was deteriorated and the dry film lubricant was almost completely gone.""}, {""subject"": ""unsafe_skill"", ""relation"": ""CO_OCCURS_WITH"", ""object"": ""unsafe_decision"", ""evidence"": ""An analysis by the engine manufacturer indicated that the blade fracture was caused by a combination of the breakdown of the lubrication system and residual fatigue life usage in the fan blade root following the last overhaul coupled with the high operating stresses in the fan blade from the high thrust settings.""}]",success
20050609X00744,"[{""text"": ""The inexperience of the driver (fleet service agent) in the operation of a belt loader, which resulted in the belt loader being driven under, and colliding with, the airplane."", ""role"": ""Fleet Service Agent"", ""tier"": ""unsafe_skill""}]","{""unsafe_skill"": [""The inexperience of the driver (fleet service agent) in the operation of a belt loader, which resulted in the belt loader being driven under, and colliding with, the airplane.""]}","[{""subject"": ""unsafe_skill"", ""relation"": ""LEADS_TO"", ""object"": ""unsafe_decision"", ""evidence"": ""The inexperience of the driver (fleet service agent) in the operation of a belt loader, which resulted in the belt loader being driven under, and colliding with, the airplane.""}]",success
20100219X11249,"[{""text"": ""The NLG cylinder failed due to intergranular (IG) cracking at the inner surface of the cylinder coincidental to a chrome plating crack, then propagated by stress corrosion cracking."", ""role"": ""Maintenance personnel"", ""tier"": ""unsafe_skill""}]","{""unsafe_skill"": [""The NLG cylinder failed due to intergranular (IG) cracking at the inner surface of the cylinder coincidental to a chrome plating crack, then propagated by stress corrosion cracking - Maintenance personnel""]}","[{""subject"": ""unsafe_skill"", ""relation"": ""CO_OCCURS_WITH"", ""object"": ""situational_tech"", ""evidence"": ""The NLG cylinder failed due to intergranular (IG) cracking at the inner surface of the cylinder coincidental to a chrome plating crack, then propagated by stress corrosion cracking.""}]",success
20001212X20332,"[{""text"": ""Chafing of the internal water heater wire."", ""role"": ""Maintenance crew"", ""tier"": ""Unsafe Skill""}]","{""unsafe_skill"": [""Chafing of the internal water heater wire. - Maintenance crew""]}","[{""subject"": ""unsafe_skill"", ""relation"": ""LEADS_TO"", ""object"": ""unsafe_decision"", ""evidence"": ""the chafing of the internal water heater wire.""}]",success
20001212X20732,"[{""text"": ""A passenger inadvertently picked up a backpack containing a Modular Bomb System (MBS)"", ""role"": ""Passenger"", ""tier"": ""unsafe_violation""}]","{""unsafe_violation"": [""A passenger inadvertently picked up a backpack containing a Modular Bomb System (MBS)""]}","[{""subject"": ""unsafe_violation"", ""relation"": ""LEADS_TO"", ""object"": ""unsafe_decision"", ""evidence"": ""A passenger inadvertently picked up a backpack containing a Modular Bomb System (MBS)""}]",success
20180913X21320,"[{""text"": ""40% of the seal land honeycomb surface was replaced."", ""role"": ""Engine Maintenance Crew"", ""tier"": ""Unsafe Skill""}]","{""unsafe_skill"": [""40% of the seal land honeycomb surface was replaced by the Engine Maintenance Crew""]}","[{""subject"": ""unsafe_skill"", ""relation"": ""CO_OCCURS_WITH"", ""object"": ""personnel_readiness"", ""evidence"": ""40% of the seal land honeycomb surface was replaced.""}]",success
20050323X00350,"[{""text"": ""Omitted Checklist Step"", ""role"": ""Captain"", ""tier"": ""unsafe_skill""}]","{""unsafe_skill"": [""Omitted Checklist Step (Captain)""]}","[{""subject"": ""unsafe_skill"", ""relation"": ""CO_OCCURS_WITH"", ""object"": ""unsafe_decision"", ""evidence"": ""The captain observed a storm about 25 to 50 miles ahead. He then made a cabin announcement to fasten seatbelts, and advised the flight attendant via interphone to take her seat.""}, {""subject"": ""unsafe_skill"", ""relation"": ""LEADS_TO"", ""object"": ""unsafe_perception"", ""evidence"": ""While on the phone, the airplane encountered turbulence, and the flight attendant fell to the floor.""}]",success
20080307X00282,"[{""text"": ""go around, traffic on the runway."", ""role"": ""LC2 controller"", ""tier"": ""unsafe_decision""}]","{""unsafe_decision"": [""'go around, traffic on the runway.' - LC2 controller""]}","[{""subject"": ""unsafe_decision"", ""relation"": ""LEADS_TO"", ""object"": ""unsafe_perception"", ""evidence"": ""LC2 controller, 'United 1547 go around, traffic on the runway.'""}]",success
20120221X03231,"[{""text"": ""The exact source or mechanism by which the oil entered the dry cavity between the fan mid shaft and the center vent tube is unknown."", ""role"": ""Maintenance personnel"", ""tier"": ""unsafe_violation""}]","{""unsafe_violation"": [""The exact source or mechanism by which the oil entered the dry cavity between the fan mid shaft and the center vent tube is unknown.""]}","[{""subject"": ""unsafe_violation"", ""relation"": ""CO_OCCURS_WITH"", ""object"": ""unsafe_decision"", ""evidence"": ""The exact source or mechanism by which the oil entered the dry cavity between the fan mid shaft and the center vent tube is unknown.""}]",success
20090910X53412,"[{""text"": ""cross-threaded and improperly installed B-nut"", ""role"": ""Maintenance crew"", ""tier"": ""unsafe_skill""}]","{""unsafe_skill"": [""B-nut was cocked and cross-threaded on the fitting""]}","[{""subject"": ""unsafe_skill"", ""relation"": ""LEADS_TO"", ""object"": ""unsafe_decision"", ""evidence"": ""cross-threaded and improperly installed B-nut""}]",success
20040528X00692,"[{""text"": ""Severe wear of the internal threads of the rudder interconnection contol rod which led to disengagement."", ""role"": ""Maintenance personnel"", ""tier"": ""Unsafe Skill""}]","{""operator_mental"": [""Loss of Situational Awareness - Flight Crew""], ""operator_physical"": [""Physical Fatigue - Maintenance Personnel""], ""situational_tech"": [""Equipment Design - Rudder Interconnect Rod""], ""unsafe_skill"": [""Severe wear of the internal threads of the rudder interconnection contol rod which led to disengagement.""]}","[{""subject"": ""unsafe_skill"", ""relation"": ""LEADS_TO"", ""object"": ""unsafe_violation"", ""evidence"": ""Severe wear of the internal threads of the rudder interconnection contol rod which led to disengagement.""}]",success
20161011X51744,"[{""text"": ""lost her balance while retrieving her carryon bag from an overhead bin"", ""role"": ""flight attendant"", ""tier"": ""unsafe_skill""}]","{""operator_mental"": [""Loss of Situational Awareness - Flight Attendant""], ""operator_physical"": [""Physical Fatigue - Flight Attendant""], ""personnel_crm"": [""Failed to Communicate - Other Crew Members""], ""unsafe_skill"": [""Lost balance while retrieving carry-on bag""]}","[{""subject"": ""unsafe_skill"", ""relation"": ""LEADS_TO"", ""object"": ""unsafe_perception"", ""evidence"": ""the flight attendant losing her balance as she was removing her carryon baggage resulted in her falling against an arm rest causing the serious injury.""}]",success
20111027X01810,"[{""text"": ""The Start Operability Bleed Valve (OBV) fuel return adapter-fitting had fractured and separated, the start OBV valve body alignment tab was not fully engaged with the mating notch in the start OBV duct"", ""role"": ""Maintenance crew"", ""tier"": ""unsafe_skill""}]","{""unsafe_skill"": [""The Start Operability Bleed Valve (OBV) fuel return adapter-fitting had fractured and separated, the start OBV valve body alignment tab was not fully engaged with the mating notch in the start OBV duct""]}","[{""subject"": ""unsafe_skill"", ""relation"": ""CO_OCCURS_WITH"", ""object"": ""situational_tech"", ""evidence"": ""The Start Operability Bleed Valve (OBV) fuel return adapter-fitting had fractured and separated, the start OBV valve body alignment tab was not fully engaged with the mating notch in the start OBV duct""}]",success
20111024X74546,"[{""text"": ""No. 2 engine rollback"", ""role"": ""pilot"", ""tier"": ""unsafe_skill""}, {""text"": ""Performed the engine fire procedure and the fire warning indication extinguished after discharging one fire bottle"", ""role"": ""pilot"", ""tier"": ""unsafe_decision""}]","{""unsafe_skill"": [""No. 2 engine rollback - pilot""], ""unsafe_decision"": [""Performed the engine fire procedure and the fire warning indication extinguished after discharging one fire bottle - pilot""]}","[{""subject"": ""unsafe_skill"", ""relation"": ""LEADS_TO"", ""object"": ""unsafe_decision"", ""evidence"": ""Performed the engine fire procedure and the fire warning indication extinguished after discharging one fire bottle""}]",success
20101027X04916,"[{""text"": ""Fatigue cracking initiated on the interior surface of the skin at multiple locations and propagated through the skin thickness."", ""role"": ""Manufacturer"", ""tier"": ""unsafe_violation""}]","{""unsafe_violation"": [""Fatigue cracking initiated on the interior surface of the skin at multiple locations and propagated through the skin thickness.""]}","[{""subject"": ""unsafe_violation"", ""relation"": ""LEADS_TO"", ""object"": ""unsafe_perception"", ""evidence"": ""Fatigue cracking initiated on the interior surface of the skin at multiple locations and propagated through the skin thickness.""}]",success
20210330102835,"[{""text"": ""Omitted Checklist Step"", ""role"": ""Captain"", ""tier"": ""unsafe_skill""}]","{""operator_mental"": [""Loss of Situational Awareness - First Officer"", ""Complacency - Captain""], ""operator_physical"": [""Physical Fatigue - First Officer and Captain""], ""operator_limits"": [""Insufficient Reaction Time - First Officer and Captain""], ""personnel_crm"": [""Failed to Communicate - Flight Attendant"", ""Failed to Coordinate - Captain""], ""unsafe_skill"": [""Omitted Checklist Step - Captain""]}","[{""subject"": ""unsafe_skill"", ""relation"": ""CO_OCCURS_WITH"", ""object"": ""unsafe_decision"", ""evidence"": ""The flight crew stated they expected turbulence on arrival into KCLT, because they had flown in from KCLT on the flight prior to the accident flight.""}, {""subject"": ""unsafe_skill"", ""relation"": ""LEADS_TO"", ""object"": ""unsafe_perception"", ""evidence"": ""As a result, prior to pushback of the accident flight, the captain made a public address announcement that the fasten seatbelt sign would remain on and the passengers and flight attendants (FA) should remain seated for the entirety of the flight.""}, {""subject"": ""unsafe_skill"", ""relation"": ""LEADS_TO"", ""object"": ""unsafe_violation"", ""evidence"": ""A passenger got up while the seatbelt sign was on and was in the lavatory when the turbulence was encountered.""}]",success
20110105X33913,"[{""text"": ""Insufficient installation torque of the bolts that secure the fuel manifold cover to the fuel manifold"", ""role"": ""Maintenance personnel"", ""tier"": ""unsafe_skill""}]","{""unsafe_skill"": [""Insufficient installation torque of the bolts that secure the fuel manifold cover to the fuel manifold - Maintenance personnel""]}","[{""subject"": ""unsafe_skill"", ""relation"": ""LEADS_TO"", ""object"": ""unsafe_violation"", ""evidence"": ""Insufficient installation torque of the bolts that secure the fuel manifold cover to the fuel manifold""}]",success
20171005X44145,"[{""text"": ""accidentally poured hot water onto his hand"", ""role"": ""flight attendant"", ""tier"": ""unsafe_skill""}]","{""operator_mental"": [""Loss of Situational Awareness - Flight attendant""], ""operator_physical"": [""Physical Fatigue - Flight attendant""], ""unsafe_skill"": [""accidentally poured hot water onto his hand - flight attendant""]}","[{""subject"": ""unsafe_skill"", ""relation"": ""LEADS_TO"", ""object"": ""unsafe_perception"", ""evidence"": ""accidentally poured hot water onto his hand""}]",success
20200914X31949,"[{""text"": ""Inadequate solder connection at the anti-ice power terminal block"", ""role"": ""Maintenance crew"", ""tier"": ""unsafe_skill""}]","{""operator_mental"": [""Loss of Situational Awareness - Maintenance crew""], ""operator_limits"": [""Insufficient Reaction Time - Maintenance crew"", ""Incompatible Intelligence/Aptitude - Maintenance crew""], ""situational_tech"": [""Equipment Design - Maintenance crew""], ""unsafe_skill"": [""Inadequate solder connection at the anti-ice power terminal block""]}","[{""subject"": ""unsafe_skill"", ""relation"": ""LEADS_TO"", ""object"": ""unsafe_perception"", ""evidence"": ""The arcing/overheating of the braid wire caused the fire event in the cockpit. Removal of the terminal block and sealant revealed an arcing hot spot where the failure occurred at power braid wire position A. There was no visible solder at the connection point of braid wire A, which led to the arcing of the power braid wire and the fire event in the cockpit.""}]",success
20100608X35931,"[{""text"": ""The cracked condition was not identified during the 2007 shop visit and the cylinder was returned to service in 2008."", ""role"": ""Maintenance personnel"", ""tier"": ""Unsafe violation""}]","{""unsafe_violation"": [""The cracked condition was not identified during the 2007 shop visit and the cylinder was returned to service in 2008.""]}","[{""subject"": ""unsafe_violation"", ""relation"": ""LEADS_TO"", ""object"": ""unsafe_decision"", ""evidence"": ""The cracked condition was not identified during the 2007 shop visit and the cylinder was returned to service in 2008.""}]",success
20100114X11754,"[{""text"": ""Incorrect procedure"", ""role"": ""Maintenance crew"", ""tier"": ""unsafe_decision""}]","{""unsafe_decision"": [""Incorrect procedure - Maintenance crew""]}","[{""subject"": ""unsafe_decision"", ""relation"": ""LEADS_TO"", ""object"": ""unsafe_skill"", ""evidence"": ""The primary O-ring was initially damaged when it was inserted into the fuel nozzle manifold adapter which had the rough internal bore.""}, {""subject"": ""unsafe_skill"", ""relation"": ""CO_OCCURS_WITH"", ""object"": ""unsafe_decision"", ""evidence"": ""Examination of the transfer tubes revealed an undersized O-ring retention zone, which allowed the O-ring to fit loosely such that it was not capable of withstanding continuous maximum fuel pressure load.""}]",success
20081219X16532,"[{""text"": ""Contamination of the surface from the chemical used to clean that area prior to painting"", ""role"": ""Maintenance personnel"", ""tier"": ""Unsafe-Violation""}]","{""unsafe_violation"": [""Contamination of the surface from the chemical used to clean that area prior to painting - Maintenance personnel""]}","[{""subject"": ""unsafe_violation"", ""relation"": ""LEADS_TO"", ""object"": ""unsafe_decision"", ""evidence"": ""Contamination of the surface from the chemical used to clean that area prior to painting""}]",success
20090610X65600,"[{""text"": ""The EEC was removed from the engine and sent to Hamilton Sundstrand, Windsor Locks, Connecticut."", ""role"": ""Maintenance crew"", ""tier"": ""unsafe_perception""}]","{""unsafe_perception"": [""The EEC was removed from the engine and sent to Hamilton Sundstrand, Windsor Locks, Connecticut.""]}","[{""subject"": ""unsafe_perception"", ""relation"": ""LEADS_TO"", ""object"": ""unsafe_decision"", ""evidence"": ""The EEC was removed from the engine and sent to Hamilton Sundstrand, Windsor Locks, Connecticut.""}]",success
20080829X01354,"[{""text"": ""D controller, working the O10/D6/A6/D4/A4 position, was responsible for coordinating time and altitude of non-radar aircraft and ensuring the information was available to the R4/D4 controller."", ""role"": ""ATC personnel"", ""tier"": ""unsafe_skill""}]","{""unsafe_skill"": [""\""D controller, working the O10/D6/A6/D4/A4 position, was responsible for coordinating time and altitude of non-radar aircraft and ensuring the information was available to the R4/D4 controller.\"" - ATC personnel""]}","[{""subject"": ""unsafe_skill"", ""relation"": ""CO_OCCURS_WITH"", ""object"": ""unsafe_decision"", ""evidence"": ""The D controller, working the O10/D6/A6/D4/A4 position, was responsible for coordinating time and altitude of non-radar aircraft and ensuring the information was available to the R4/D4 controller.""}]",success
20110927X91721,"[{""text"": ""two hawks were observed on the centerline of runway 35R"", ""role"": ""ATC"", ""tier"": ""unsafe_perception""}]","{""unsafe_perception"": [""two hawks were observed on the centerline of runway 35R""]}","[{""subject"": ""unsafe_perception"", ""relation"": ""CO_OCCURS_WITH"", ""object"": ""operator_physical"", ""evidence"": ""two hawks were observed on the centerline of runway 35R""}]",success
20110629X01453,"[{""text"": ""The failure of the pilots of both airplanes to see and avoid each other"", ""role"": ""Pilot"", ""tier"": ""unsafe_perception""}, {""text"": ""to maneuver as advised by the air traffic controller in time to prevent the conflict that resulted in the reported near midair collision."", ""role"": ""Pilot"", ""tier"": ""unsafe_decision""}]","{""unsafe_perception"": [""The failure of the pilots of both airplanes to see and avoid each other - Pilot""], ""unsafe_decision"": [""to maneuver as advised by the air traffic controller in time to prevent the conflict that resulted in the reported near midair collision. - Pilot""]}","[{""subject"": ""unsafe_perception"", ""relation"": ""LEADS_TO"", ""object"": ""unsafe_decision"", ""evidence"": ""The failure of the pilots of both airplanes to see and avoid each other and to maneuver as advised by the air traffic controller in time to prevent the conflict that resulted in the reported near midair collision.""}]",success
20120531X95046,"[{""text"": ""The end cap was examined and found to have failed in fatigue that initiated from multiple origins at an internal diameter."", ""role"": ""Maintenance"", ""tier"": ""unsafe_skill""}]","{""unsafe_skill"": [""The end cap was examined and found to have failed in fatigue that initiated from multiple origins at an internal diameter.""]}","[{""subject"": ""unsafe_skill"", ""relation"": ""CO_OCCURS_WITH"", ""object"": ""situational_tech"", ""evidence"": ""The end cap was examined and found to have failed in fatigue that initiated from multiple origins at an internal diameter.""}]",success
20120312X10202,"[{""text"": ""The end cap was examined and found to have failed in fatigue that initiated from multiple origins at an internal diameter."", ""role"": ""Manufacturer"", ""tier"": ""unsafe_skill""}, {""text"": ""The crack was present at the time of the inspection which indicated that the inspection method was ineffective in detecting the crack."", ""role"": ""Maintenance personnel"", ""tier"": ""unsafe_skill""}]","{""unsafe_skill"": [""\""The end cap was examined and found to have failed in fatigue that initiated from multiple origins at an internal diameter. (Manufacturer)\"""", ""\""The crack was present at the time of the inspection which indicated that the inspection method was ineffective in detecting the crack. (Maintenance personnel)\""""]}","[{""subject"": ""unsafe_skill"", ""relation"": ""CO_OCCURS_WITH"", ""object"": ""unsafe_skill"", ""evidence"": ""The end cap was examined and found to have failed in fatigue that initiated from multiple origins at an internal diameter. The crack was present at the time of the inspection which indicated that the inspection method was ineffective in detecting the crack.""}]",success
20090730X12915,"[{""text"": ""Abusive grinding/polishing of the chrome plate that was applied during the last overhaul"", ""role"": ""Maintenance crew"", ""tier"": ""Unsafe skill""}]","{""unsafe_skill"": [""Abusive grinding/polishing of the chrome plate that was applied during the last overhaul - Maintenance crew""]}","[{""subject"": ""unsafe_skill"", ""relation"": ""LEADS_TO"", ""object"": ""unsafe_perception"", ""evidence"": ""Abusive grinding/polishing of the chrome plate that was applied during the last overhaul""}]",success
20081219X65313,"[{""text"": ""Failed to Prioritize Attention - Captain"", ""role"": ""Captain"", ""tier"": ""unsafe_skill""}]","{""unsafe_skill"": [""Failed to prioritize attention - Captain""]}","[{""subject"": ""unsafe_skill"", ""relation"": ""CO_OCCURS_WITH"", ""object"": ""unsafe_decision"", ""evidence"": ""Failed to Prioritize Attention - Captain CO OCCURS WITH There was no evidence of manufacturing defects contributing to the fracture.""}]",success
20071231X02010,"[{""text"": ""Exceeded Ability"", ""role"": ""Flight Crew"", ""tier"": ""unsafe_decision""}]","{""unsafe_decision"": [""Exceeded Ability""]}","[{""subject"": ""unsafe_decision"", ""relation"": ""LEADS_TO"", ""object"": ""unsafe_violation"", ""evidence"": ""The flight crew pulled both throttles back to idle, declared an emergency, and started an air turn back to Love Field (DAL), Dallas, TX.""}]",success
20100503X82523,"[{""text"": ""failure of the mechanic to unstow and properly latch and lock the fan cowls after the engine maintenance had been completed"", ""role"": ""Maintenance crew"", ""tier"": ""unsafe_skill""}, {""text"": ""failure of the maintenance inspector to detect and identify the unlatched condition"", ""role"": ""Maintenance crew"", ""tier"": ""unsafe_decision""}]","{""unsafe_skill"": [""failure of the mechanic to unstow and properly latch and lock the fan cowls after the engine maintenance had been completed""], ""unsafe_decision"": [""failure of the maintenance inspector to detect and identify the unlatched condition""]}","[{""subject"": ""unsafe_skill"", ""relation"": ""LEADS_TO"", ""object"": ""unsafe_decision"", ""evidence"": ""failure of the mechanic to unstow and properly latch and lock the fan cowls after the engine maintenance had been completed, failure of the maintenance inspector to detect and identify the unlatched condition""}]",success
20090921X05830,"[{""text"": ""Performed exterior walk around inspection of aircraft for, but not limited to; leaks, obvious impact damage/foreign object damage, structural irregularities\u2026 (5) Underside of fuselage paying particular attention to drain holes, antennas and tail skid (bumper)."", ""role"": ""Maintenance Personnel"", ""tier"": ""unsafe_skill""}]","{""unsafe_skill"": [""Performed exterior walk around inspection of aircraft for, but not limited to; leaks, obvious impact damage/foreign object damage, structural irregularities\u2026 (5) Underside of fuselage paying particular attention to drain holes, antennas and tail skid (bumper). - Maintenance Personnel""]}","[{""subject"": ""unsafe_skill"", ""relation"": ""CO_OCCURS_WITH"", ""object"": ""operator_physical"", ""evidence"": ""Maintenance personnel were required to perform an exterior walk around inspection of the aircraft for obvious impact damage, structural irregularities and other conditions. Due to the height of the damage, personnel would likely need to bend down in order to see it.""}]",success
20240403194028,"[{""text"": ""Failed to Prioritize Attention"", ""role"": ""ATC Controller"", ""tier"": ""unsafe_decision""}]","{""unsafe_decision"": [""Failed to prioritize attention: The controller's workload was further increased due to technical limitations with the temporary very high frequency (VHF) communications antenna, resulting in clipped communication and increased frequency congestion.""]}","[{""subject"": ""unsafe_decision"", ""relation"": ""LEADS_TO"", ""object"": ""unsafe_violation"", ""evidence"": ""The controller\u2019s workload was further increased due to technical limitations with the temporary very high frequency (VHF) communications antenna the ARTCC was relying on to communicate with traffic after the primary VHF antenna was rendered inoperative in a fire in October 2023.""}]",success
20120207X14951,"[{""text"": ""The crew attempted to identify areas where they could divert to avoid the convective activity, but the controller was unable to approve significant deviations because of other traffic flows in the vicinity."", ""role"": ""ATC personnel"", ""tier"": ""unsafe_decision""}]","{""unsafe_decision"": [""The crew attempted to identify areas where they could divert to avoid the convective activity, but the controller was unable to approve significant deviations because of other traffic flows in the vicinity.""]}","[{""subject"": ""unsafe_decision"", ""relation"": ""CO_OCCURS_WITH"", ""object"": ""operator_limits"", ""evidence"": ""The crew attempted to identify areas where they could divert to avoid the convective activity, but the controller was unable to approve significant deviations because of other traffic flows in the vicinity.""}]",success
20081003X63355,"[{""text"": ""Adequacy of policy/proc-Manufacturer - F"", ""role"": ""Manufacturer"", ""tier"": ""unsafe_perception""}]","{""unsafe_perception"": [""Adequacy of policy/proc-Manufacturer - F""]}","[{""subject"": ""unsafe_perception"", ""relation"": ""CO_OCCURS_WITH"", ""object"": ""unsafe_decision"", ""evidence"": ""An engine fire in the No. 3 engine due to the failure of, and subsequent flammable fluid leak from, one of three fuel or hydraulic lines located in the engine's accessory raceway that ignited when the fluid came in contact with the hot engine cases.""}, {""subject"": ""unsafe_perception"", ""relation"": ""CO_OCCURS_WITH"", ""object"": ""unsafe_violation"", ""evidence"": ""There were no life limit or required pressure tests in place for any of the three tubes.""}]",success
20100720X43639,"[{""text"": ""smelled an electrical odor during the climb to cruise"", ""role"": ""Crew"", ""tier"": ""unsafe_perception""}, {""text"": ""observed small flames emanating from the Captain\u2019s side of the glareshield and extinguished the flames with a fire extinguisher"", ""role"": ""Crew"", ""tier"": ""unsafe_skill""}]","{""unsafe_perception"": [""smelled an electrical odor during the climb to cruise - Crew""], ""unsafe_skill"": [""observed small flames emanating from the Captain\u2019s side of the glareshield and extinguished the flames with a fire extinguisher - Crew""]}","[{""subject"": ""unsafe_perception"", ""relation"": ""LEADS_TO"", ""object"": ""unsafe_skill"", ""evidence"": ""smelled an electrical odor during the climb to cruise""}]",success
20031114X01902,"[{""text"": ""Improper Procedure"", ""role"": ""Maintenance Crew"", ""tier"": ""unsafe_decision""}]","{""unsafe_decision"": [""Improper procedure due to improper maintenance of the tailcone evacuation system by the airline""]}","[{""subject"": ""unsafe_decision"", ""relation"": ""LEADS_TO"", ""object"": ""unsafe_violation"", ""evidence"": ""The improper maintenance of the tailcone evacuation system, which prevented the evacuation slide from inflating during an evacuation due to smoke/fumes in the cabin.""}]",success
20070119X00072,"[{""text"": ""cleared for take off runway 9L, fly heading 110 at the marker"", ""role"": ""Controller"", ""tier"": ""unsafe_decision""}, {""text"": ""failure of the oncoming and outgoing local controllers to provide and receive a complete position relief briefing; and the oncoming controller's failure to use all available information sources to facilitate situational awareness"", ""role"": ""Controller"", ""tier"": ""unsafe_skill""}]","{""unsafe_decision"": [""cleared for take off runway 9L, fly heading 110 at the marker - Controller""], ""unsafe_skill"": [""failure of the oncoming and outgoing local controllers to provide and receive a complete position relief briefing; and the oncoming controller's failure to use all available information sources to facilitate situational awareness - Controller""]}","[{""subject"": ""unsafe_decision"", ""relation"": ""LEADS_TO"", ""object"": ""unsafe_skill"", ""evidence"": ""Controller's issuance of an improper takeoff clearance to DAL1606 led to the failure of the oncoming and outgoing local controllers to provide and receive a complete position relief briefing; and the oncoming controller's failure to use all available information sources to facilitate situational awareness.""}]",success
20160627X21034,"[{""text"": ""Improper placement of the coffee pot on the beverage cart"", ""role"": ""Flight Attendant"", ""tier"": ""Unsafe Skill""}, {""text"": ""Failure to use a safe-pour lid"", ""role"": ""Flight Attendant"", ""tier"": ""Unsafe Skill""}]","{""unsafe_skill"": [""Improper placement of the coffee pot on the beverage cart - Flight Attendant"", ""Failure to use a safe-pour lid - Flight Attendant""]}","[{""subject"": ""unsafe_skill"", ""relation"": ""LEADS_TO"", ""object"": ""unsafe_violation"", ""evidence"": ""the improper placement of the coffee pot on the beverage cart and failure to use a safe-pour lid.""}]",success
20100617X02311,"[{""text"": ""Performed a 'push to test' on the right sidewall accessory panel (P61) during preflight preparations."", ""role"": ""Maintenance crew"", ""tier"": ""unsafe_skill""}]","{""unsafe_skill"": [""Performed a 'push to test' on the right sidewall accessory panel (P61) during preflight preparations.""]}","[{""subject"": ""unsafe_skill"", ""relation"": ""CO_OCCURS_WITH"", ""object"": ""situational_tech"", ""evidence"": ""Performed a 'push to test' on the right sidewall accessory panel (P61) during preflight preparations.""}]",success
20090115X73226,"[{""text"": ""difficulty maintaining his intended airspeed on final approach"", ""role"": ""pilot"", ""tier"": ""unsafe_skill""}]","{""unsafe_skill"": [""difficulty maintaining his intended airspeed on final approach - pilot""]}","[{""subject"": ""unsafe_skill"", ""relation"": ""LEADS_TO"", ""object"": ""unsafe_decision"", ""evidence"": ""difficulty maintaining his intended airspeed on final approach""}]",success
20020123X00103,[],"{""operator_mental"": [""Complacency - Operator""], ""operator_physical"": [""Fatigue - Operator""], ""personnel_crm"": [""Failed to Communicate - Operator""], ""unsafe_violation"": [""The terrorist attacks of September 11, 2001 are under the jurisdiction of the Federal Bureau of Investigation. - Not applicable to aviation safety acts""]}",[],success
20020123X00105,[],"{""operator_mental"": [""Complacency - Operator""], ""operator_physical"": [""Fatigue - Operator""], ""personnel_crm"": [""Failed to Communicate - Operator""], ""unsafe_violation"": [""The terrorist attacks of September 11, 2001 are under the jurisdiction of the Federal Bureau of Investigation. - Not applicable (external event)""]}",[],success
20020123X00104,[],"{""operator_mental"": [""Complacency - Operator""], ""operator_physical"": [""Physical Fatigue - Operator""], ""unsafe_violation"": [""The terrorist attacks of September 11, 2001 are under the jurisdiction of the Federal Bureau of Investigation. - Not applicable (external event)""]}",[],success
20020123X00106,[],"{""operator_mental"": [""Complacency - Operator""], ""operator_physical"": [""Physical Fatigue - Operator""], ""unsafe_violation"": [""The terrorist attacks of September 11, 2001 are under the jurisdiction of the Federal Bureau of Investigation. - Not applicable (external event)""]}",[],success
20090910X95942,"[{""text"": ""Incorrect installation of a wire bundle, which contained wires for oxygen system, passenger address system and lavatory power, led to chafing of the wires on structure."", ""role"": ""Maintenance crew"", ""tier"": ""unsafe_skill""}]","{""unsafe_skill"": [""Incorrect installation of a wire bundle - Maintenance crew""]}","[{""subject"": ""unsafe_skill"", ""relation"": ""CO_OCCURS_WITH"", ""object"": ""situational_tech"", ""evidence"": ""A review of the Boeing wire installation drawings revealed that the damaged wire bundle was routed incorrectly and not properly secured.""}]",success
20081219X65251,"[{""text"": ""Inadequate Maintenance"", ""role"": ""Maintenance Crew"", ""tier"": ""unsafe_skill""}]","{""unsafe_skill"": [""Inadequate Maintenance - Maintenance Crew""]}","[{""subject"": ""unsafe_skill"", ""relation"": ""CO_OCCURS_WITH"", ""object"": ""personnel_readiness"", ""evidence"": ""Inadequate Maintenance CO OCCURS WITH personnel readiness issues as the truck beam fracture initiated by fatigue and stress corrosion cracking from pits that were present on the ID surface of the truck beam, under the protective finishes.""}]",success
20100423X02633,"[{""text"": ""tripped and fell, landing on her left hand"", ""role"": ""flight attendant"", ""tier"": ""unsafe_skill""}]","{""operator_mental"": [""Loss of Situational Awareness - Flight attendant""], ""operator_physical"": [""Physical Fatigue - Flight attendant""], ""unsafe_skill"": [""Failed to Prioritize Attention - flight attendant""]}","[{""subject"": ""unsafe_skill"", ""relation"": ""LEADS_TO"", ""object"": ""operator_physical"", ""evidence"": ""tripped and fell, landing on her left hand""}]",success
20250809200742,"[{""text"": ""Misjudged Distance/Altitude/Airspeed"", ""role"": ""pilot"", ""tier"": ""unsafe_perception""}]","{""operator_mental"": [""Loss of Situational Awareness - Pilot""], ""operator_physical"": [""Physical Fatigue - Pilot""], ""unsafe_perception"": [""Misjudged Distance/Altitude/Airspeed - pilot""]}","[{""subject"": ""unsafe_perception"", ""relation"": ""LEADS_TO"", ""object"": ""unsafe_decision"", ""evidence"": ""Misjudged Distance/Altitude/Airspeed""}]",success
20250915201001,"[{""text"": ""Failed to Prioritize Attention"", ""role"": ""pilot"", ""tier"": ""unsafe_skill""}]","{""operator_mental"": [""Loss of Situational Awareness - Pilot""], ""operator_physical"": [""Physical Fatigue - Pilot""], ""operator_limits"": [""Insufficient Reaction Time - Pilot""], ""unsafe_skill"": [""Failed to Prioritize Attention - pilot""]}",[],success
20250902200930,"[{""text"": ""Failed to Prioritize Attention"", ""role"": ""pilot"", ""tier"": ""unsafe_skill""}]","{""operator_mental"": [""Loss of Situational Awareness - Pilot""], ""operator_physical"": [""Physical Fatigue - Pilot""], ""operator_limits"": [""Insufficient Reaction Time - Pilot""], ""unsafe_skill"": [""Failed to Prioritize Attention - pilot""]}",[],success
