ev_id,severity_class,invest_type_binary,visual_condition,light_conditions,sky_conditions,person_involved,pilot_hours_bracket,year,month,combined_text,acft_make,acft_model,crew_age_mean,finding_description_agg,occurrence_description_agg,employment_qoq_pct,fuel_cost_qoq_pct,industry_total,fuel_cost_per_gallon,employment_bracket,fuel_bracket,operating_revenue_qoq_pct,load_factor_qoq_pct,revenue_bracket,loadfactor_bracket
20180906X30904,4,0,VMC,Daylight,UNK,PIC,<500,2018,9,"On September 1, 2018, about 1400 eastern daylight time, a Beech K35 airplane, N5321E, overran the runway during an aborted takeoff at Harrisville Airport (5Y0), Harrisville, Michigan. The private rated pilot sustained minor injuries and the three passengers were not injured. The airplane sustained substantial damage. The airplane was registered to and operated by the pilot under the provisions of Title 14 Code of Federal Regulations Part 91 as a personal flight. Visual meteorological conditions prevailed at the time of the accident and no flight plan was filed. The flight was departing at the time of the accident. 

A 32 second video of the takeoff attempt was reviewed and showed the following. As the video began the airplane was already in the takeoff roll on the grass runway that was defined by large yellow cones. At 14 seconds the airplane veered toward the left side of the runway until 22 seconds when a loud noise was heard from the end of the runway. The airplane made a sharp right turn then slid on the runway toward the trees where it came to rest (figure 1). 



 Figure 1  Accident site (Courtesy of FAA)The Sheriff's deputy who responded to the scene reported that he spoke to the pilot after the accident. The pilot stated that he could not get the airplane up to speed because of the tall grass on the runway. The pilot added that the data he had for the airport showed an additional 600 ft available runway. The pilot also stated that he knew he did not have the speed or altitude to make it over the trees at the end of the runway so he put the airplane back on the ground before going into the woods.

The deputy's photos from the accident site revealed several lopped tree limbs and tire marks in the grass beyond the left side of the runway. 

In a postaccident statement the pilot reported that he flew the same three passengers earlier that morning to an airport where he filled the left fuel tank with 25 gallons of fuel; the right fuel tank contained 2 to 3 gallons and the auxiliary fuel tank was empty. After fueling, the pilot proceeded to takeoff from a 2,952-ft-long asphalt runway and climbed to 50 ft above ground level before reaching 1,500 ft of runway distance. They landed at 5Y0, a 2,140 ft x 60 ft grass runway, without incident and consumed about 5 gallons of fuel during the flight. 

About 1400 they returned to the airplane and the pilot completed a preflight inspection and an engine run-up with no anomalies noted. He taxied to runway 21 and extended 10° of flaps. He started the takeoff roll and noted that the first 200 ft of the runway was soft and consisted of long grass, while the rest of the runway consisted of sand and patches of weeds. The pilot stated that during the takeoff roll he was able to lift the nose wheel off the runway around 300 ft and the main landing gear lifted off near mid-field where he kept the airplane in ground effect. About three-fourths of the way down the runway, while still in ground effect, the airplane would not gain altitude and the left wing contacted the trees on the left side. The pilot stated that it felt like the airplane was being pulled into the trees. The pilot aborted the takeoff, attempted to stop the airplane in the grass, but collided with trees at the end of the runway. 

The pilot reported that there were no mechanical malfunctions or anomalies with the engine or airframe that would have precluded normal operation.

The airplane's pilot operating handbook (POH) states that the maximum ramp weight is 2,960 lbs and the maximum takeoff weight is 2,950 lbs. The aft center of gravity (CG) limit at 2,950 lbs is 84.7 inches aft of datum. 

The pilot provided a completed weight and balance loading form for the accident flight, which noted that the ramp weight was 2,948 lbs (12 lbs under the limitation) and the takeoff weight was 2,938 lbs (12 lbs under the limitation). The calculated CG was 84.77 inches aft of datum (0.07 inches over the limitation). 

Usin

The private pilot reported that he completed a preflight inspection and an engine run-up with no anomalies noted. With about 20 gallons of fuel in the left tank, he taxied the airplane to the runway and extended the flaps to 10°. He started the takeoff roll and noted that the first 200 ft of the runway was soft and consisted of long grass, while the rest of the runway consisted of sand and weed patches. The pilot stated that during the takeoff roll, the nosewheel lifted off the runway around 300 ft and the main landing gear lifted off near midfield; he kept the airplane in ground effect. When the airplane was about 3/4 of the way down the runway, while still in ground effect, it would not gain altitude, and the left wing contacted trees. The pilot aborted the takeoff and attempted to stop the airplane in the grass but collided with trees at the end of the runway. The pilot reported that there were no mechanical malfunctions or anomalies with the engine or airplane that would have precluded normal operation. The pilot stated that he could not get the airplane up to speed because of the tall grass on the runway.

A 32-second video of the takeoff attempt revealed the beginning of the takeoff roll on the grass runway. At 14 seconds, the airplane veered toward the left side of the runway until 22 seconds, when a loud noise was heard, likely the airplane colliding with trees. The airplane made a sharp right turn, then slid on the runway where it came to rest in trees at the end of the runway. It is not clear from the video if the airplane became airborne as the pilot stated. 

The calculated takeoff weight was 12 lbs under the maximum takeoff weight of 2,950 lbs. The calculated center of gravity was 0.07 inch beyond the aft limit of 84.7 inches aft of datum. In addition, the pilot stated after the accident that the data he had for the airport showed an additional 600 ft of available runway.

Based on the available video evidence, the pilot's delayed decision to abort the takeoff did not leave enough runway length for the airplane to stop before colliding with trees at the end of the runway. It is likely that the airplane being loaded near the maximum gross weight and the airplane's center of gravity aft of the allowable limit contributed to its difficulty gaining adequate speed for takeoff. These factors, along with the pilot's incorrect runway length data, likely contributed to his delayed decision to abort the takeoff, as he expected the airplane to gain adequate speed for takeoff without difficulties.

The pilots delayed decision to abort the takeoff, which resulted in the loss of lateral control of the airplane and collision with trees at the end of the runway. Contributing to the accident was the pilots decision to depart with a center of gravity exceeding the aft limit and his inadequate preflight planning of the airplanes weight and balance calculations and runway length data.",Beech,35,50.0,Personnel issues-Action/decision-Info processing/decision-Decision making/judgment-Pilot - C,Takeoff Collision during takeoff/land,0.9707859034812305,0.452488687782826,725049.0,2.22,stable,stable,-0.03409300141038463,-7.797850445918131,stable,strong_decline
20130117X95034,3,0,VMC,Daylight,UNK,PIC,500-2000,2013,1,"HISTORY OF FLIGHTOn January 17, 2013, about 1245 eastern standard time, a Robinson R-22 Beta helicopter, N26NE, was substantially damaged following a loss of control during a practice autorotation at Ellington Airport (7B9), Ellington, Connecticut. The flight instructor (CFI) sustained minor injuries and the commercial-rated pilot receiving instruction was not injured. Visual meteorological conditions prevailed, and no flight plan was filed for the instructional flight that originated from 7B9 about 1240, and was conducted under the provisions of Title 14 Code of Federal Regulations Part 91.

According to the CFI, the helicopter remained at traffic pattern altitude in order to conduct a practice autorotation. The helicopter turned onto the final leg of the traffic pattern and the CFI and the pilot initiated a practice autorotation from about 950 feet above ground level by lowering the collective and reducing the throttle. Upon entry, the pilots observed an ""excessively high"" rotor RPM indication that continued to climb toward the top of the tachometer. Both pilots raised the collective control and pushed the cyclic control forward to decrease the rotor RPM, but the rotor RPM remained high and did not respond to control inputs.

As the helicopter approached the runway, the CFI elected to terminate the approach with power, and instructed the pilot to ""join"" the needles on the dual tachometer by restoring full engine power. Both the CFI and the pilot applied engine power simultaneously; however, the engine tachometer also indicated an overspeed condition. The CFI assumed sole control of the helicopter and initiated a deceleration, but the helicopter pitched up, rolled right, and impacted the ground on its side, which resulted in substantial damage to the main rotor and fuselage.

PERSONNEL INFORMATION

The CFI held a commercial pilot certificate with ratings for rotorcraft-helicopter and instrument helicopter. He also held a flight instructor certificate with ratings for rotorcraft-helicopter and instrument helicopter. His most recent Federal Aviation Administration (FAA) second class medical certificate was issued March 30, 2012. The pilot reported 1,326 total hours of flight experience, of which 1,033 were in the accident helicopter make and model.

The pilot held a commercial pilot certificate with ratings for rotorcraft-helicopter and instrument helicopter. Prior to the accident, his most recent FAA second class medical certificate was issued September 22, 2011. The pilot reported 196 total hours of flight experience, of which 170 were in the accident helicopter make and model.

AIRCRAFT INFORMATION

According to operator records, the helicopter was manufactured in 1993 and had accrued 11,974 total aircraft hours as of the date of the accident. Its most recent annual inspection was completed June 19, 2012 and the most recent 100 hour inspection was completed January 8, 2013.

The helicopter's most recent overhaul was completed by the operator June 6, 2011. Examination of maintenance records revealed that the overhaul was initiated December 2, 2010. When asked who participated in the overhaul, the operator stated that he, along with licensed and unlicensed mechanics worked on the helicopter under his supervision over the 6 months the helicopter was in overhaul.

METEOROLOGICAL INFORMATION

At 1251, the weather reported at Bradley International Airport (BDL), located 10 miles northwest of the accident site, included a broken ceiling at 3,700 feet, 10 miles visibility, and wind from 290 at 6 knots. The temperature was 4 degrees C, the dew point was minus 2 degrees C, and the altimeter setting was 30.00 inches of mercury.

WRECKAGE AND IMPACT INFORMATION

Examination of the wreckage by FAA inspectors revealed that the vertical collective control push-pull tube was disconnected from the collective jackshaft assembly. A search of the wreckage resulted in the recovery of the attachment bolt, its associated wa

According to the flight instructor, the helicopter remained at traffic pattern altitude in order to conduct a practice autorotation. As the helicopter turned onto the final leg of the traffic pattern, the instructor and the pilot receiving instruction initiated an autorotation from about 950 feet above ground level by lowering the collective and reducing the throttle. Upon entry, the pilots observed an ""excessively high"" rotor rpm indication that continued to climb toward the top of the tachometer. Both pilots raised the collective control and pushed the cyclic control forward to decrease the rotor rpm, but the rotor rpm remained high and did not respond to control inputs. As the helicopter approached the runway, the instructor elected to terminate the autorotation with power and instructed the pilot to ""join"" the needles on the dual tachometer by restoring full engine power. Both the instructor and the pilot applied engine power simultaneously; however, the engine tachometer indicated an overspeed condition. The instructor assumed sole control of the helicopter and initiated a deceleration, but the helicopter pitched up, rolled right, and impacted the ground on its side, resulting in substantial damage to the main rotor and fuselage.

Examination of the wreckage revealed that the vertical collective control push-pull tube was disconnected from the collective jackshaft assembly. A search of the wreckage resulted in the recovery of the attachment bolt and its associated washers and locknut, but the locking device was not found. Examination of the bolt and locknut threads revealed that they were undamaged. The bolt, locknut, washers, spacers, and the interior bore of the collective jackshaft assembly exhibited radial and axial smearing and fretting wear scarring of their contact surfaces. The wear was consistent with a lack of tightening force on the attachment hardware at installation. The helicopter's most recent overhaul was completed about 2 years before the accident, and subsequent inspections were performed between the time of the overhaul and the accident. The operator stated that he, along with licensed and unlicensed mechanics who he supervised, worked on the helicopter during the 6 months required for completion of the overhaul.

The separation of the collective push-pull tube and jackshaft assembly, which resulted in the total loss of helicopter control and collision with terrain. Contributing to the accident was the inadequate supervision of maintenance personnel by the operator during overhaul, which resulted in inadequate tightening force applied to the collective jackshaft attachment hardware, and the failure of maintenance personnel to detect the loose hardware during subsequent inspections.",ROBINSON HELICOPTER,R22 BETA,40.0,Aircraft-Aircraft oper/perf/capability-Performance/control parameters-(general)-Attain/maintain not possible - C,Prior to flight Aircraft maintenance event,-0.3602919937581328,-5.182926829268286,582973.0,3.11,stable,strong_decline,-1.193080220067655,-5.500299580587187,mild_decline,strong_decline
20151002X53723,2,0,VMC,Daylight,UNK,PIC,<500,2015,10,"HISTORY OF FLIGHTOn October 2, 2015, about 1112 Pacific daylight time, an experimental amateur-built Coot A experimental amateur-built airplane, N69BD, was destroyed when it impacted terrain about 1 mile north of Deer Park Airport (DEW), Deer Park, Washington. The private pilot was fatally injured. The amphibious airplane was registered to and operated by the pilot as a 14 Code of Federal Regulations Part 91 personal flight. Visual meteorological conditions were reported near the accident site about the time of the accident, and no flight plan was filed. The local flight originated from DEW about 1110.

Another pilot reported that he had spoken to the accident pilot before the accident and that his crew had helped the pilot get the accident airplane out of the hangar. He noted that the accident pilot told him that he had been having fuel system problems and that there had been an airworthiness directive (AD) for the carburetor installed on the Franklin engine. The accident pilot said that he had purchased a fuel pump that had been installed on a Bell 47 helicopter with a Franklin engine and had a mechanic help him install it on the accident airplane. The accident pilot also stated that the challenge was that the accident airplane's fuel tanks were below the engine and that he had been having problems with carburetor priming, so he had installed an electric boost pump to prime the carburetor and hoped that the engine-driven fuel pump would maintain engine operation. The accident pilot added that, during engine ground runs with the electric boost pump on, the engine ran too ""rich"" and ""rough."" Therefore, the accident pilot planned to turn the electric boost pump off to see if it would work. The other pilot assumed that the accident pilot intended to do this on the ground, but it was unclear.

One witness, who was a rated pilot located adjacent to the accident site, reported that the airplane departed from runway 16 and that, while the airplane was on upwind, he heard the engine ""sputtering."" The airplane turned left and remained in the airport traffic pattern. Another witness, who was in an airplane in the airport traffic pattern, reported that he observed the accident airplane ""enter a spin"" and descend toward the ground ""on the base leg near final."" No distress calls were heard on the airport's common traffic advisory frequency. PERSONNEL INFORMATIONThe pilot, age 79, held a private pilot certificate with an airplane single-engine land rating. The pilot was issued a third-class airman medical certificate on May 7, 2015, with the limitation that he ""must wear corrective lenses, not valid for any class after.""

Review of the pilot's personal logbook found within the wreckage revealed that he had accumulated a total flight time of 71 hours between 1977 and July 2015. In the 90 days before the accident, the pilot had logged 5.3 hours of flight time. The pilot's most recent flight review was completed on June 22, 2015. AIRCRAFT INFORMATIONThe two-seat, midwing, retractable gear, amphibious, experimental amateur-built airplane, serial number KK-6, was completed in 2000. It was powered by a 200-horsepower Franklin 6A-350-C2 engine, serial number T492. The airplane was equipped with a Hartzell HC-C2YF-1BLF adjustable-pitch propeller. Review of Federal Aviation Administration (FAA) registration information revealed that the owner purchased the airplane on April 10, 2011.

A review of the airframe, engine, and propeller logbooks revealed that the most recent conditional inspection was completed on July 1, 2015, at a Hobbs/airframe total time of 48.9 hours and a propeller time since major overhaul of 302.6 hours. The conditional inspection logbook entry for the engine stated, in part, ""AD's complied with; 2003-05-01 Fuel Pump, see complete compliance listing in logs."" On April 16, 2008, a conditional inspection was completed at a Hobbs time of 48.2 hours. Conditional inspections were also completed on April 24, 2010; April 10, 2

The private pilot departed in the experimental amateur-built airplane for the local flight during daytime visual meteorological conditions. A pilot reported that he had spoken to the accident pilot before the accident and that he had told him that he had been having problems priming the carburetor because the accident airplane's fuel tanks were below the engine. The accident pilot further told him that he had installed an electric boost pump to prime the carburetor and hoped that the engine-driven fuel pump would maintain engine operation. The accident pilot added that, during engine ground runs with the electric boost pump on, the engine was running too ""rich"" and ""rough"" and that he planned to turn the electric boost pump off to see if it would work. The pilot assumed that the accident pilot intended to do this on the ground, but it was unclear.

One witness, who was a rated pilot, reported that, after takeoff and while the airplane was upwind, he heard the engine ""sputtering."" The airplane then turned left and remained within the airport traffic pattern. Another witness, who was in an airplane in the airport traffic pattern, reported that he observed the accident airplane ""enter a spin"" and descend toward the ground ""on the base leg near final."" No distress calls were heard on the airport's common traffic advisory frequency.

Wreckage and impact signatures were consistent with an upright spin impact with terrain. Postaccident examination of the airplane and engine revealed that the upper spark plugs exhibited signatures consistent with a rich fuel/air mixture. No additional evidence of any preexisting anomalies that would have precluded normal operation were observed. Based on the available evidence, it could not be determined if the pilot had the electric fuel boost pump turned on during takeoff or at any time during the flight.

Review of the pilot's personal logbooks revealed that, over the past 38 years, he had only accumulated 71 hours of flight time, 5.3 hours of which were in the 90 days before the accident. In addition, no record of any flight time in the accident make/model airplane was found. Given the evidence, it is likely that the engine was running roughly and that this diverted the pilot's attention and led to his failure to maintain adequate airspeed and to exceed the airplane's critical angle of attack, which resulted in an aerodynamic stall and subsequent spin while maneuvering from the base leg to final. Given the known preexisting engine problems, the pilot should not have conducted the flight in the airplane in which he had little experience flying.

The pilot's failure to maintain sufficient airspeed and his exceedance of the airplane's critical angle of attack, which resulted in an aerodynamic stall and subsequent spin. Contributing to the accident was the pilot's diverted attention due to the rough running engine, which resulted from a rich fuel/air mixture, and the pilot's decision to conduct the flight in the airplane in which he had little experience flying despite knowing the airplane had preexisting engine problems.",JOHNSON,Coot,79.0,Personnel issues-Task performance-Use of equip/info-Aircraft control-Pilot - C,Approach-VFR pattern base Loss of control in flight,0.7158913374511355,-9.836065573770503,611140.0,1.65,stable,strong_decline,-8.034362215956936,-2.745367192862047,strong_decline,mild_decline
20151002X84211,4,0,IMC,Daylight,UNK,PIC,<500,2015,10,"HISTORY OF FLIGHT

On October 2, 2015, about 1512 eastern daylight time, a Piper PA-32R-301, N782TM, was destroyed when it collided with terrain following an in-flight breakup near Westminster, South Carolina. The private pilot and three passengers were fatally injured. The airplane was registered to Smith Family Aviation, LLC, and operated by the pilot under the provisions of 14 Code of Federal Regulations Part 91 as a personal flight. Day instrument meteorological conditions prevailed at the time of the accident, and an instrument flight rules (IFR) flight plan was filed. The flight originated from Warsaw Municipal Airport (ASW), Warsaw, Indiana, about 1151, and was destined for Oconee County Regional Airport (CEU), Clemson, South Carolina.

According air traffic control information provided by the Federal Aviation Administration (FAA), the en route portion of the flight was uneventful. Due to other traffic landing at CEU and prevailing weather, the pilot was told to expect to hold at the ZEYLM intersection before executing the RNAV runway 7 approach at CEU. At 1504, Atlanta Center coordinated with Greer approach control for the flight to hold at ZEYLM at 6,000 ft mean sea level (msl). Recorded radar data showed that the airplane approached ZEYLM at 6,000 ft on a southeasterly heading. GPS data indicated the airplane track passed over ZEYLM at 1508:08. After passing ZEYLM, the airplane began a turn to the right, consistent with the published holding pattern on the approach chart; however, it continued to turn a full 180° toward the opposite direction. At 1509:19, the flight was cleared for the approach and the pilot reported that he was ""outbound now"" and would report when the airplane was established on the procedure turn inbound. About 1510:06, at 5,991 ft GPS altitude, the airplane entered an increasingly tightening, descending right turn, and within 16 seconds, its ground speed increased from 150 knots to 212 knots. At 1510:56, the pilot of a military flight, call sign ""Blackbird 89,"" reported hearing a ""mayday"" call that an airplane was ""going down."" The controller subsequently queried the pilot when he did not report inbound on the approach; no response was received. Radar data showed the flight in a right, descending spiral until radar contact was lost over Lake Hartwell, on the Georgia/South Carolina border, about 2,200 ft msl. The last recorded GPS point was at 1510:44 in the vicinity of the main wreckage location.

Local residents reported hearing and seeing the airplane before the accident. One witness heard a loud ""boom,"" followed by white pieces of debris falling into the lake. Another witness saw the airplane descending vertically, in a spiral motion, until it disappeared behind a tree line. Another witness reported that the engine was running until ground impact. Several witnesses reported the event to 911, and the wreckage was located by first responders shortly thereafter.

PERSONNEL INFORMATION

The pilot, age 71, held a private pilot certificate with airplane single-engine land and instrument airplane ratings. He reported 1,448 hours total flight time on his most recent application for an FAA third-class medical certificate, dated October 17, 2013.

A review of the pilot's logbook revealed that the last entry was made on September 21, 2015. At that time, he had logged 1,736.4 total hours, including 1,677.9 hours as pilot-in-command, 125.2 hours actual instrument time, and 59.3 hours simulated instrument time. He logged 148.6 hours during the previous 12 months, including 27.6 hours actual instrument time and 23 instrument approaches. During the 24 months prior to the accident, all of his logged flight time was in the accident airplane. His most recent flight review was completed on August 28, 2015 in the   accident airplane. The flight review included three instrument approaches and holding.

The pilot's son, age 44, was seated in the right cockpit seat. He held an FAA student pilot certifica

Nearing the conclusion of a cross-country, instrument flight rules flight in instrument meteorological conditions, the private pilot was entering a procedure turn in advance of conducting an instrument approach to the destination airport. The pilot reported to air traffic control that he was outbound on the procedure turn but did not subsequently report when the airplane was inbound. Shortly thereafter, a military flight on the frequency reported hearing a ""mayday"" call and that the airplane was ""going down."" No further communications were received from the accident airplane. Radar and GPS data showed the airplane in a right, rapidly descending spiral. Witness statements and the distribution of the wreckage indicated that the airplane experienced an in-flight breakup. A postaccident examination of the airframe and engine revealed no evidence of mechanical malfunctions or failures that would have precluded normal operation. Fractures to the right wing and stabilator were consistent with overstress and likely occurred during an attempted recovery from the descending spiral.

The pilot's autopsy revealed severe atherosclerosis in the vasculature of the brain and heart. There was near-total occlusion of the right frontal and middle cerebral arteries. In the heart, the left anterior descending coronary had 80% occlusion, while both the right and circumflex coronary arteries showed 40% atheromatous occlusion. In addition, the myocardium displayed indications that the pilot had experienced a previous heart attack. The pilot's wife was unaware of a previous heart attack or heart condition, and the pilot had not reported any heart issues to the Federal Aviation Administration.

The pilot had very low levels of pseudoephedrine in his system at the time of the accident. Although his use of this powerful vasoconstrictor may have further increased his risk of an acute cardio- or cerebro-vascular event, given the low levels, it is unlikely that any direct psychoactive effect of the drug contributed to the accident. Finally, the pilot had 0.06 ug/ml of chlorpheniramine, a sedating antihistamine, in his postmortem blood. Although the pilot lost control of the airplane, there was no evidence of impaired behavior or decision-making before the loss of control. Therefore, it is unlikely that the sedating effects of the chlorpheniramine contributed to this accident.

Given the circumstances of the accident and pilot's cardiac conditions, it is possible that he became acutely incapacitated by a sudden cardio- or cerebro-vascular event and that could have resulted in the loss of airplane control. Because the pilot suffered fatal blunt force injuries within a few minutes after symptoms began, no findings indicating the acute event would be expected to be visible on autopsy, and none were found; thus, it could not be determined whether the loss of control was the result of incapacitation or if there was another reason that the airplane departed controlled flight and the pilot was unable to regain control.

The pilot's loss of airplane control for reasons that could not be determined based on the available information.",PIPER,PA32R,71.0,Personnel issues-Task performance-Use of equip/info-Aircraft control-Pilot - C,Approach-IFR initial approach Loss of control in flight,0.7158913374511355,-9.836065573770503,611140.0,1.65,stable,strong_decline,-8.034362215956936,-2.745367192862047,strong_decline,mild_decline
20150927X61012,2,0,VMC,Daylight,UNK,PIC,<500,2015,9,"HISTORY OF FLIGHTOn September 26, 2015, at 1222 central daylight time, an amateur-built Zodiac CH 601 HD airplane, N401, impacted terrain near St. Charles Airport (LS40), Ama, Louisiana. The pilot was fatally injured, and the airplane was substantially damaged. The airplane was registered to Buffalo RD, LLC, and was operated by the pilot as a 14 Code of Federal Regulations Part 91 personal flight. Day visual meteorological conditions existed near the accident site about the time of the accident, and no flight plan had been filed. The local flight originated from LS40 at 1221. 

According to GPS data downloaded from a Garmin Aera 500 GPS located in the wreckage, the airplane began its takeoff roll on runway 17 at LS40 at 1221:18. The maximum groundspeed during the takeoff roll was 84 knots. After takeoff, the groundspeed varied between 45 and 96 knots as the airplane turned to a southwesterly heading. At 1222:32, the airplane made a right turn toward the northwest . At 1222:37, the last recorded data point, the airplane was at 66 ft GPS altitude at a groundspeed of 15 knots. LS40 field elevation is 13 ft. When the airplane failed to return to the airport, a search was initiated. The wreckage was found the next day about 1300. PERSONNEL INFORMATIONThe pilot held a private pilot certificate with airplane single-engine land and gyroplane ratings. He held a Federal Aviation Administration third-class airman medical certificate, dated December 1, 2014, which contained the restriction, ""must wear corrective lenses."" The pilot's flight logbook was not located. The pilot did not report his flight time on his most recent application for his medical certificate; however, on a 1987 application for a medical certificate, the pilot reported he had logged an estimated 170 total flight hours. AIRCRAFT INFORMATIONZodiac Aircraft manufactured the airplane, serial number 6-3106, in kit form, and it was assembled in 2002. It was powered by a 65-horsepower Lycoming O-235-C1 engine, serial number 5544-15, and was equipped with a Warp Drive 3-bladed, fixed-pitch composite propeller. The propeller had been trimmed from 72 to 70.5 inches to increase static rpm to 2,750. 

Maintenance records indicated that the airframe's last conditional inspection was completed on June 9, 2015, at a tachometer time of 1,384.9 hours. At the accident site, the tachometer read 1,387.5 hours.

The engine received a field overhaul on January 18, 1965, and was installed in the airplane on May 22, 2012. At the time of the accident it had accrued 227.73 total hours and 72.77 hours since the overhaul. The engine's last 100-hour inspection was completed on June 9, 2015, at a tachometer time of 1,384.9 hours. METEOROLOGICAL INFORMATIONThe closest official weather reporting station was at Louis Armstrong New Orleans International Airport (MSY), New Orleans, Louisiana, about 3 miles northeast from the accident location. At 1153, the MSY Automated Surface Observing System reported wind from 030° at 9 knots; visibility 10 miles; few clouds at 3,000 ft; ceiling 12,000 ft broken, 20,000 ft overcast; temperature 27°C, dew point 21°C; and an altimeter setting 29.97 inches of mercury.

A review of the Carburetor Icing Probability Chart indicated the temperature and dew point about the time of the accident near the accident site were conducive to ""serious icing at descent power."" AIRPORT INFORMATIONZodiac Aircraft manufactured the airplane, serial number 6-3106, in kit form, and it was assembled in 2002. It was powered by a 65-horsepower Lycoming O-235-C1 engine, serial number 5544-15, and was equipped with a Warp Drive 3-bladed, fixed-pitch composite propeller. The propeller had been trimmed from 72 to 70.5 inches to increase static rpm to 2,750. 

Maintenance records indicated that the airframe's last conditional inspection was completed on June 9, 2015, at a tachometer time of 1,384.9 hours. At the accident site, the tachometer read 1,387.5 hours.

The engine received a fi

The private pilot was conducting a local flight in the experimental, amateur-built airplane. GPS data indicated that, during the takeoff roll, the airplane had a maximum groundspeed of 84 knots. The groundspeed varied between 45 and 96 knots as the airplane turned to a southwesterly heading after departure. About 1 minute 18 seconds after takeoff, the airplane made a right turn toward the northwest. The last recorded data point showed the airplane at an altitude of 66 ft and a groundspeed of 15 knots. When the airplane failed to return to the airport, a search was initiated. The wreckage was found the next day. The airplane impacted terrain in a thickly wooded area in an 80°-nose-down attitude. The airplane's nose section was skewed to the right, the right wing was leading, the left wing was trailing, and the empennage was bent down to the left, consistent with the airplane being in a left spin following an aerodynamic stall. 

Examination of the propeller assembly revealed indications of little or no rotation at impact. An engine examination revealed no mechanical malfunctions or failures that would have precluded normal operation. The weather conditions were conducive to serious icing at glide power, but the airplane was operating at takeoff power. Therefore, it cannot be said with certainty that the carburetor accumulated ice and caused a loss of engine power. Based on the GPS data and wreckage examination, it is likely that the pilot failed to maintain adequate airspeed and exceeded the airplane's critical angle of attack following a loss of engine power for reasons that could not be determined based on available evidence, which resulted in an aerodynamic stall and subsequent left spin.

The pilot's autopsy identified significant coronary artery stenosis and evidence of a previous heart attack. The pilot's previous heart attack and significant coronary artery stenosis placed him at risk for an acute cardiac event such as an arrhythmia or ischemia that would have caused chest pain, shortness of breath, palpitations, or fainting. If such an event occurred, the acuteness of the accident would have precluded identifying evidence of it at autopsy. Although acute incapacitation could have occurred, this investigation was unable to determine whether the pilot's cardiovascular disease contributed to the accident. Additionally, the evidence of a loss of engine power does not support a medically incapacitating event.

The pilot's failure to maintain adequate airspeed and his exceedance of the airplane's critical angle of attack following a loss of engine power for reasons that could not be determined based on available evidence, which resulted in an aerodynamic stall and left spin.",JONES RALPH D,ZODIAC  CH 601 HD,56.0,Not determined-Not determined-(general)-(general)-Unknown/Not determined - C,Initial climb Loss of control in flight,0.039388765467096576,-22.92682926829267,607011.0,1.58,stable,strong_decline,1.8557327220671382,-3.911131682480906,mild_growth,mild_decline
20150915X52520,4,0,VMC,Night,UNK,PIC,<500,2015,9,"HISTORY OF FLIGHT On September 15, 2015, about 0606 Alaska daylight time, a single-engine, turbine-powered, float-equipped de Havilland DHC-3T (Otter) airplane, N928RK, impacted tundra-covered terrain just after takeoff from East Wind Lake, about 1 mile east of the Iliamna Airport, Iliamna, Alaska. Of the 10 people on board, three passengers died at the scene, the airline transport pilot and four passengers sustained serious injuries, and two passengers sustained minor injuries. The airplane sustained substantial damage. The airplane was registered to and operated by Rainbow King Lodge, Inc., Lemoore, California, as a visual flight rules other work use flight under the provisions of 14 Code of Federal Regulations (CFR) Part 91. Dark night, visual meteorological conditions existed at the departure point at the time of the accident, and no flight plan was filed for the flight. At the time of the accident, the airplane was en route to a remote fishing site on the Swishak River, about 75 miles northwest of Kodiak, Alaska. 

The manager of Rainbow King Lodge reported that the accident airplane was being used to transport sport-fishing clients and guides to a remote area for a day of salmon fishing. The manager noted that, on the morning of the accident, a lodge employee transported the guests to East Wind Lake in a lodge-owned van for the early morning departure.

The pilot reported that, on the morning of the accident, he woke at 0430 to check the weather and prepare for the flight. He stated that he had been sleeping normally and was feeling well except for pain in his right knee. He left the lodge at 0515 to conduct a preflight of the airplane. He stated that, for an easterly departure, the light on the building near the departure point is left on so the pilot can use it as a visual reference, but for a westerly departure, there are no lights to use as a reference. The pilot typically used a ridgeline about 7 miles west of Iliamna as a horizon, but the dark night conditions made it difficult to see the ridgeline. He stated that a very small percent of flights departed in the dark.

The lodge employee that drove the guests to the lake stated that they left the lodge at 0545. The airplane had been loaded the day before with fishing equipment. He said that, after all of the passengers boarded the airplane and the pilot had started the engine, he then untied the airplane's floats so the pilot could taxi away from the shoreline. The lodge employee reported it was dark but that he was still able to watch the airplane as it started its westerly takeoff run. He said that, after liftoff, the airplane began to climb and then descended, and the floats subsequently struck the water's surface. The airplane then became airborne again and veered right, but he lost sight of it behind an area of rising terrain. 

The pilot stated that, during takeoff, he looks outside the airplane and does not focus on his instruments. The pilot stated that, after the airplane lifted off the water at what seemed like a normal pitch, he heard a noise from the left side of the airplane that distracted him. He looked outside for visual cues but was unable to see due to the dark night conditions. According to the automatic dependent surveillance-broadcast (ADS-B) data, the airplane then began a gradual right turn before reaching a maximum altitude of 175 ft above the water. The airplane then descended toward the water's surface, flew low over the water and terrain, and then climbed briefly again before it impacted terrain. The pilot stated that he did not know that the airplane touched the water's surface after the initial liftoff or that it then turned right.

A search and rescue team was assembled consisting of Iliamna residents, lodge employees, and Alaska State Troopers. Dark night conditions delayed the search and the discovery of the wreckage by about 30 minutes. PERSONNEL INFORMATIONThe pilot, age 54, held an airline transport pilot certificate with

The airline transport pilot and nine passengers departed in a float-equipped airplane in dark night, visual meteorological conditions on a 14 Code of Federal Regulations Part 91 other work use flight from a fishing lodge to a remote fishing location. The pilot reported that, before the flight departed, the front and center fuel tanks were filled, and the aft fuel tank had ""residual"" fuel. He did not weigh the cargo nor did he document any weight and balance calculations. When asked how he calculated the airplane's weight and balance before departure, the pilot said he ""guesstimated"" it.

According to a witness, after liftoff, the airplane began to climb and then descended, and the floats subsequently struck the water's surface. The airplane then became airborne again and veered right, but he lost sight of it behind an area of rising terrain. The pilot reported that he heard a noise from the left side of the airplane shortly after liftoff, which was likely the floats impacting the water. According to the automatic dependent surveillance-broadcast data, the airplane then began a gradual right turn before reaching a maximum altitude of 175 ft above the water. The airplane then descended toward the water's surface, flew low over the water and terrain, and then climbed briefly again before it impacted terrain. The pilot stated that he did not know that the airplane touched the water's surface after the initial liftoff or that the airplane then turned right.

Impact signatures were consistent with a right-wing-low attitude at impact. The entire airplane was accounted for at the wreckage site. Disassembly and examination of the engine and propeller revealed that both were operating during impact. Examination of the airframe and flight control systems found no preimpact malfunctions or failures that would have precluded normal operation. 

A postaccident weight and balance study using the passenger weights, weighed cargo, and fuel load showed that the airplane exceeded its maximum gross weight of 8,367 lbs by about 508.6 lbs and that the center of gravity (CG) was 4.08 inches aft of the aft CG limit. Data from the airplane's automatic dependent surveillance-broadcast (ADS-B) showed that the airplane was at or below the stall speeds listed in the airplane flight manual during both the initial and second climbs. The ADS-B data show that, because the pilot failed to determine the airplane's actual preflight weight and CG and loaded and operated outside of the weight and CG limits, the airplane did not attain a proper airspeed to climb, and it experienced an aerodynamic stall.

The pilot departed during dark night conditions over water and was relying on external visual cues and not the airplane's instrumentation to control the airplane. There were insufficient external cues available to the pilot to reliably control the airplane, and he was likely experiencing spatial disorientation after takeoff and the subsequent maneuvering.

The pilot's decision to depart in dark night, visual meteorological conditions over water, which resulted in his subsequent spatial disorientation and loss of airplane control. Contributing to the accident was the pilot's failure to determine the airplane's actual preflight weight and balance and center of gravity (CG), which led to the airplane being loaded and operated outside of the weight and CG limits and to a subsequent aerodynamic stall.",DEHAVILLAND,DHC 3T,54.0,Personnel issues-Action/decision-Info processing/decision-Decision making/judgment-Pilot - C,Initial climb Loss of control in flight,0.039388765467096576,-22.92682926829267,607011.0,1.58,stable,strong_decline,1.8557327220671382,-3.911131682480906,mild_growth,mild_decline
20080211X00169,4,0,IMC,Daylight,UNK,PIC,<500,2008,2,"HISTORY OF FLIGHT

On February 1, 2008, about 1128 eastern standard time, a Raytheon Aircraft Company C90A, N57WR, was substantially damaged when it impacted terrain during a missed approach following an instrument approach to the Mount Airy/Surry County Airport (MWK), Mount Airy, North Carolina. The certificated commercial pilot, pilot rated passenger, and four passengers were fatally injured. Instrument meteorological conditions prevailed, and an instrument flight rules (IFR) flight plan had been filed for the flight, which departed Polk County Airport/Cornelius Moore Field (4A4), Cedartown, Georgia. The personal flight was conducted under 14 Code of Federal Regulations (CFR) Part 91.

According to witness statements, rain, low ceilings, and fog were present in the local area. The pilot was first heard to check in on the MWK common traffic advisory frequency (CTAF), and announce final 36, Mount Airy. The airplane was then observed to break out of the clouds at approximately 500 feet above ground level (agl), in close proximity to the airport, and then descend rapidly for about 200 feet. It was then observed to side step to the left of the runway, and fly parallel to it for its entire length. The airplane then made a hard left turn at the end of the runway and climbed into the fog. A few minutes later, it came out of the bottom of the clouds in a nose down attitude, disappeared behind trees east of the airport and the sound of impact was heard. 

According to Federal Aviation Administration (FAA) air traffic control (ATC) voice and radar data, the airplane departed 4A4 at approximately 1024 and arrived in the vicinity of MWK approximately 50 minutes later. 

After arrival in the local area, the pilot contacted Greensboro Approach (GSO) and advised the controller that he was level at 4,000 feet above mean sea level (msl) on a northeast-bound track toward MWK. The GSO controller then instructed the pilot to maintain 4,000 feet msl until crossing the EDLIF waypoint, fly the Global Positioning System (GPS) approach to runway 36 at MWK, and switch to the CTAF for the airport. 

Radar data obtained from the terminal radar approach control facility at GSO contained recorded radar targets for the accident airplane from 1112 until 1128. During the GPS approach to runway 36, the airplane was recorded tracking inbound to the airport. The last radar target on final approach was recorded at 1125:40, at 2000 feet, approximately 1.25 nautical miles (nm) from the runway 36 threshold. No more radar targets were recorded until 1127:49, when the target representing the airplane reappeared on radar on a left base leg at 2300 feet. The target continued to turn left to about a 020-degree heading, overfly the threshold of runway 36 at 2300 feet, and continue on a 020-degree heading for another 14 seconds. The last target was recorded to the east of the airport, .6 nm south of the accident site, at 2,700 feet. 

The accident occurred during the hours of daylight. The wreckage was located at 36 degrees, 27.797 minutes north latitude, 80 degrees, 33.042 minutes west longitude, at an elevation of 1,219 feet msl.

PERSONNEL INFORMATION

According to FAA records, the pilot held a commercial pilot certificate with ratings for airplane multiengine land, airplane single engine land, and instrument airplane. He reported 780 total hours of flight experience on his most recent application for a FAA second-class medical certificate, dated August 6, 2007.

According to FAA records, the pilot-rated passenger held a private pilot certificate with ratings for airplane single engine land and instrument airplane. According to pilot records, he had accrued 1082.8 total hours of flight experience. His most recent application for a FAA second-class medical certificate was dated November 9, 2006.
 
AIRCRAFT INFORMATION

According to FAA and maintenance records, the airplane was manufactured in 2005. The airplanes most recent manufacture

While flying a nonprecision approach, the pilot deliberately descended below the minimum descent altitude (MDA) and attempted to execute a circle to land below the published circling minimums instead of executing the published missed approach procedure. During the circle to land, visual contact with the airport environment was lost and engine power was never increased after the airplane had leveled off. The airplane decelerated and entered an aerodynamic stall, followed by an uncontrolled descent which continued until ground impact. Weather at the time consisted of rain, with ceilings ranging from 300 to 600 feet, and visibility remaining relatively constant at 2.5 miles in fog. Review of the cockpit voice recorder (CVR) audio revealed that the pilot had displayed some non professional behavior prior to initiating the approach. Also contained on the CVR were comments by the pilot indicating he planned to descend below the MDA prior to acquiring the airport visually, and would have to execute a circling approach. Moments after stating a circling approach would be needed, the pilot received a sink rate aural warning from the enhanced ground proximity warning system (EGPWS). After several seconds, a series of stall warnings was recorded prior to the airplane impacting terrain. EGPWS data revealed, the airplane had decelerated approximately 75 knots in the last 20 seconds of the flight. Examination of the wreckage did not reveal any preimpact failures or malfunctions with the airplane or any of its systems. Toxicology testing detected sertraline in the pilots kidney and liver. Sertraline is a prescription antidepressant medication used for anxiety, obsessive-compulsive disorder, panic disorder, posttraumatic stress disorder, and social phobia. The pilots personal medical records indicated that he had been treated previously with two other antidepressant medications for anxiety and depression and a history of impatience and compulsiveness. The records also documented a diagnosis of diabetes without any indication of medications for the condition, and further noted three episodes of kidney stones, most recently experiencing severe and profound discomfort from a kidney stone while flying in 2005. None of these conditions or medications had been noted by the pilot on prior applications for an airman medical certificate. It is not clear whether any of the pilots medical conditions could account for his behavior or may have contributed to the accident.

The pilot's failure to maintain control of the airplane in instrument meteorological conditions. Contributing to the accident were the pilot's improper decision to descend below the minimum descent altitude, and failure to follow the published missed approach procedure.",RAYTHEON AIRCRAFT COMPANY,C90A,50.0,Personnel issues-Task performance-Use of equip/info-Aircraft control-Pilot - C,Approach-IFR final approach Altitude deviation,-0.35546011090099583,4.453441295546545,621762.0,2.58,stable,mild_growth,0.3746351070109455,-3.5723464405037153,stable,mild_decline
20111027X32938,2,0,VMC,Dusk,UNK,PIC,<500,2011,10,"HISTORY OF FLIGHT

On October 13, 2011, at 1911 eastern daylight time, a Cessna 150F, N3086X, was substantially damaged when it impacted trees and terrain at Berkeley County Airport (MKS), Moncks Corner, South Carolina. The private pilot was fatally injured. Twilight visual meteorological conditions prevailed. No flight plan had been filed for the personal flight, which was conducted under the provisions of 14 Code of Federal Regulations Part 91. 

According to a flight instructor, the pilots intent was to practice for an upcoming flight review. 

There were no witnesses to the accident; however, there was a witness to the pilot's activities prior to starting the airplane. That witness stated that he saw the pilot park his car near the hangar that housed the airplane, untie it, and pull it out of the hangar. Then, as the witness was leaving the airport, he saw the pilot get into the airplane. The witness also noted that the sun had gone down, but it was not quite dark when he left. 

Radar, just after the timeframe that the witness had seen the pilot, included a target transmitting a 1200 transponder code. At 1851, the target was first observed at 100 feet, departing runway 23. The target then made a left turn, followed by a right turn, and proceeded to the northwest. It subsequently completed a turn back toward the airport and entered a left downwind leg at 800 feet. After the left downwind, the target completed a left descending turn to a final approach to runway 23, with the final radar contact of the approach occurring at 1902.

At 1907, another target was observed at 100 feet, departing runway 23. The target entered a left downwind and subsequently completed the traffic pattern, with last contact approaching runway 23 at 1911. There was no further radar contact.

The pilot was reported missing on October 24, 2011, and he and the airplane were found on October 27, 2011.      

PERSONNEL INFORMATION

According to Federal Aviation Administration (FAA) records, the pilot, age 64, held a private pilot certificate with an airplane single-engine land rating. His most recent FAA third class medical certificate was issued April 15, 2011, and at the time, the pilot reported 1,060 total hours of flight experience. According to the pilot's logbooks, his most recent flight review occurred on June 15, 2002, and his most recent recorded flight occurred on May 8, 2011, at 1,062.6 hours of flight time. 

AIRCRAFT INFORMATION

According to FAA records, the airplane was manufactured in 1966 and registered to the owner on August 10, 1992. It was powered by a Continental Motors O-200 series, 100-horsepower engine. The airplane's most recent annual inspection was completed on July 10, 2011. At the time of the inspection, the reported total time was 3,600.2 hours in service with a tachometer time of 1,688.0 hours. 

METEOROLOGICAL INFORMATION

Weather, recorded at the airport at 1855, included calm wind, visibility 10 statute miles, clear skies, temperature 22 degrees C, dew point 18 degrees C, and an altimeter setting of 29.65 inches Hg.

According to United States Naval Observatory data, sunset occurred at 1849. The end of civil twilight occurred at 1914, and moonrise was not until 1933, with the moon then having a 98 percent visible disk.

AIRPORT INFORMATION

Runway 23 was 4,351 feet long and 75 feet wide, and was constructed of concrete. The airport did not have an air traffic control tower. Communications utilized a common traffic advisory frequency and were not recorded. 

WRECKAGE AND IMPACT INFORMATION

The wreckage was located in a level, wooded area about 60 feet outside the northwest airport perimeter fence, about 1,900 feet from the approach end of runway 23. The airplane came to rest in the vicinity of 33 degrees 11.24 minutes north latitude, 080 degrees 02.25 minutes west longitude. Initial tree cuts were consistent with an approximately 45-degree right-wing-down turn, 45-degree angle of descent

According to a flight instructor, the pilots intent was to practice for an upcoming flight review. There were no witnesses to the accident; however, a witness at the airport observed the pilot park his car near the hangar that housed the airplane, untie the airplane, and pull it out of the hangar. Then, as the witness was leaving the airport, he saw the pilot get into the airplane. The witness also noted that the sun had gone down, but it was not quite dark when he left. Radar data for the timeframe just after the witness observed the pilot indicated a target transmitting a 1200 transponder code that is consistent with the airplanes location. Just after sunset, the airplane took off and, after a brief flight to the northwest of the airport, entered the airport traffic area and completed a landing. After 5 minutes, the airplane was again airborne, and, according to radar data, completed another landing or a low approach. There was no further radar contact.

The pilot was reported missing 11 days after the accident and was found 3 days after that about 30 feet away from the airplane wreckage. The wreckage came to rest wedged between several trees about half way along, and to the right of, the runway about 60 feet outside the northwest airport perimeter fence. Initial tree cuts were consistent with an approximate 45-degree right-wing-down turn and 45-degree angle of descent, which is consistent with the pilots loss of control in flight. An examination of the wreckage revealed no mechanical malfunctions or failures that would have precluded normal operation.

The pilots location at the accident site indicated that he was able to unhook his seatbelt and extricate himself from the airplane. Autopsy results for the pilot indicated that the cause of death was most likely the toxic effects of ethylene glycol, a substance most frequently encountered in antifreeze fluid. Toxicological testing did not reveal the presence of ethylene glycol, but the autopsy found associated crystals in the kidney, indicating that the pilot survived long enough for the substance to clear his system. Initial symptoms of ethylene glycol poisoning mimic acute ethanol intoxication, with slurred speech and ataxia. Depression of the central nervous system can result in coma. Kidney failure is a late stage symptom.

According to the pilot's logbooks, his most recent flight review was about 9 years before the accident, and his most recent recorded flight was about 5 months before the accident. It was unknown if the pilot had recently flown but not logged the flight time. Although the pilots lack of recently logged flight time could indicate a loss of airplane control related to a lack of currency, it is far more likely that the debilitating effects of ethylene glycol posioning rendered him unable to control the airplane while airborne. How or why the pilot may have ingested ethylene glycol is beyond the scope of this investigation.

The debilitating effects of ethylene glycol poisoning, which resulted in the pilots inability to maintain control of the airplane.",CESSNA,150F,64.0,Personnel issues-Physical-Impairment/incapacitation-(general)-Pilot - C,Prior to flight Unknown or undetermined,-0.16488046166529546,-3.5369774919614128,581280.0,3.0,stable,mild_decline,-7.833528830000958,-5.0034506556245635,strong_decline,strong_decline
20150925X54323,2,0,VMC,Daylight,UNK,PIC,500-2000,2015,9,"HISTORY OF FLIGHTOn September 30, 2015, at 1147 eastern daylight time, a Piper PA-30, N21ND, was substantially damaged when it impacted terrain during takeoff from St Pete-Clearwater International Airport (PIE), Clearwater, Florida. The commercial pilot was fatally injured. The airplane was registered to Sowards Aircraft Leasing, LLC, and was operated under the provisions of 14 Code of Federal Regulations Part 91 as a personal flight. Visual meteorological conditions were reported near the accident site, and no flight plan was filed.

The airplane owner, who purchased the airplane 3 days before the accident flight, stated that he dispatched the accident pilot from San Diego, California, to Saint Petersburg, Florida, to pick up the airplane and fly it back to southern California. The airplane had recently undergone maintenance and an annual inspection.

On the morning of the accident, the pilot arrived at the airplane to meet the previous owner, accept the airplane, and review airplane-specific procedures and systems before the flight to California. According to the previous owner, they reviewed the airplane systems and spent much of their time going over aircraft performance characteristics and airspeeds. In addition, the previous owner stated that he told the pilot, ""if an engine loses power, you've got to keep the speed up."" The previous owner offered several times to fly with the accident pilot for some additional familiarization training, but the pilot declined. The pilot stated that he planned to perform some ""touch-and-goes"" to familiarize himself with the airplane before departing the area.

According to radio communications recordings provided by the Federal Aviation Administration (FAA), at 1125, the accident pilot contacted ground control at PIE, requested a radio check, and stated his intentions to perform a few touch-and-go landings. At 1131, the pilot performed engine run-up checks and, 3 minutes later, taxied to runway 36. At 1135, the pilot was cleared onto runway 36 for takeoff. Several minutes later, while in the traffic pattern, he was cleared for and successfully completed the first touch-and-go landing.

At 1144, the pilot was cleared for the second touch-and-go landing. After the second landing and subsequent takeoff, several witnesses reported that, during the initial climb, the airplane seemed to ""struggle"" between 100 and 200 ft above the ground. A pilot holding short of the runway stated that the airplane had an unusually shallow climb and started drifting to the right of the runway centerline; at an altitude of about 100 ft, the airplane rolled sharply to the right then pitched 90° nose-down before colliding with the ground.

Video recorded by security cameras at the airport showed the airplane climbing with the landing gear extended during the takeoff. The flap position could not be ascertained from the video. The airplane rolled sharply to the right and descended in a steep nose-down attitude before it disappeared out of camera view. PERSONNEL INFORMATIONAccording to FAA airman, personal logbook, and employment records, the pilot held a commercial pilot certificate with ratings for airplane single-engine land, airplane multiengine land, and instrument airplane. He also held a flight instructor certificate, with ratings for airplane single-engine, airplane multiengine, and instrument airplane. He held a first-class medical certificate, issued January 16, 2014. He had accrued about 768 total hours of flight experience, with 166 hours of flight experience in multiengine airplanes. In the previous 90 days, the pilot had flown 221 hours, with 85 hours in the previous 30 days. The pilot's multiengine experience was limited to Piper PA-44 and Beechcraft BE-55 airplanes. There were no entries in his pilot logbook for the Piper PA-30. AIRCRAFT INFORMATIONAccording to FAA airworthiness and registration records, the airplane was manufactured in 1963. It was a twin-engine, low-wing, four-place airpla

The commercial pilot, who had no documented previous experience in the make and model multiengine airplane, was performing touch-and-go landings on a 9,730-ft-long runway to familiarize himself with the airplane. Witnesses reported that, during the second takeoff, the airplane appeared to ""struggle."" Another witness reported the airplane was climbing at an unusually shallow angle. The airplane then drifted to the right of the runway centerline, rolled sharply to the right, and descended to ground impact in a steep, nose-low attitude. The airplane came to rest about 180 ft right of the runway centerline and about 1,450 ft before the end of the runway's paved surface.

Examination of the wreckage revealed that the right engine throttle was retarded, and the propeller lever was in the feather position. The right propeller blades displayed little damage and appeared to be in the feathered position. The left engine throttle and propeller levers were full forward, and damage to the left propeller was indicative of full left engine power at impact. Examination of the right engine revealed three anomalies; the diaphragm of the right fuel servo exhibited an unusual soot pattern; particulate contamination was in the fuel filter screen; and the spark plugs were in a degraded condition. However, none of these anomalies would likely have resulted in a total loss of engine power.

Based on the witness descriptions and the lack of damage to the right propeller blades, it is likely that during the climb, the right engine experienced, at least, a partial loss of power. Based on the postaccident positions of the right engine throttle and propeller levers and signatures observed on the right engine's propeller, the pilot likely responded to the loss of right engine power by retarding the right throttle and feathering the right propeller; however, he did not maintain the appropriate airspeed and subsequently lost control of the airplane. Given the airplane's impact location about 1,450 ft before the end of the runway, it is likely that, if the pilot had immediately retarded both throttles, maintained the appropriate airspeed, and landed straight ahead, he likely would have maintained control of the airplane. Additionally, the airspeed indicator did not have a marking for single-engine minimum controllable airspeed, nor was there a placard on the instrument panel as required by a Federal Aviation Administration airworthiness directive and the airplane flight manual. While the lack of these markings was not causal to the accident, their presence might have reminded the pilot of this critical information, and might have changed the outcome of the event.

The pilot's failure to maintain single-engine minimum controllable airspeed following a loss of right engine power during initial climb. Also causal was the loss of right engine power for reasons that could not be determined because examination of the wreckage revealed no significant mechanical deficiencies. Contributing to the outcome was the failure of maintenance personnel to ensure that required airspeed markings and placards were installed in accordance with an airworthiness directive and the airplane flight manual.",PIPER,PA 30,24.0,Personnel issues-Task performance-Use of equip/info-Aircraft control-Pilot - C,Initial climb Loss of engine power (total),0.039388765467096576,-22.92682926829267,607011.0,1.58,stable,strong_decline,1.8557327220671382,-3.911131682480906,mild_growth,mild_decline
20180821X62945,3,0,VMC,Daylight,UNK,PIC,2000-5000,2018,8,"HISTORY OF FLIGHTOn August 21, 2018, about 1218 central daylight time, a Hughes Helicopters 369FF, N530FU, was destroyed when it was involved in an accident near Granger, Texas. The flight instructor and the pilot receiving instruction sustained fatal injuries. The helicopter was operated as a Title 14 Code of Federal Regulations Part 91 instructional flight.

Brunner Aerospace had been contracted by the US Army Security Assistance Training Management Organization (SATMO), to provide ""MD530F Emergency Refresher Training (Enhanced)"" for special operations pilots who flew the MD-530F with the Jordanian Air Force. The accident flight was one such training flight.

The flight originated from Georgetown Municipal Airport (GTU), Georgetown, Texas, about 1208 and was destined for Draughon-Miller Central Texas Regional Airport (TPL), Temple, Texas. About 1207, the flight instructor made a radio call to the GTU tower and reported his intention to depart to the northeast. The tower controller acknowledged the flight instructor's transmission and cleared the helicopter for departure.

The final stage of the accident was not observed by any witnesses; however radar data from a Federal Aviation Administration (FAA) air route surveillance radar about 30 miles northeast of GTU revealed a target departing the GTU airport environment about 1209 and traveling east while climbing to a mode C transponder-reported altitude of 1,100 ft (about 500 ft above ground level [agl]). About that time, the instructor requested a frequency change with the tower, and 4 minutes after departure (9 miles east of Georgetown), the target began to descend. One minute later, the target had reached an altitude of about 50 ft agl. The target continued traveling east at a groundspeed of about 90 knots and at altitudes that varied between 0 and 120 ft agl over unpopulated areas.

A witness, who was at his residence 2 miles southwest of the town of Granger, stated that although helicopters are a normal sight in the area, between 1200 and 1300 on the day of the accident his attention was drawn to the unusually loud sound of a helicopter. When the witness looked north, he observed a black helicopter rapidly approach his house from the northwest, flying low over a field, about 30 to 40 ft agl, in a nose-down attitude. The witness became concerned that the helicopter might collide with his house, and reported that just as the helicopter approached to within about 200 ft, it began to rapidly climb up and over the power lines that bordered his street. He then looked to the south and anticipated that he would see the helicopter, but it was out of his view behind a stand of trees.

The radar data revealed that, about 1215:26, the target, while at 25 ft agl, had traveled left to right directly in front of the witness's house, coming within 700 ft. The target then began to climb and reached 125 ft agl as it passed beyond the witness' house while proceeding southeast. The last recorded target, which was 1 mile west of the accident site, was captured at 1217:14 at an altitude of 58 ft agl. The helicopter wreckage was located in a cotton field about 4 miles east of the witness' residence, and 1.5 miles west of Granger Lake. (as shown in figure 1).





Figure 1. Radar track (as indicated by red line) and wreckage location. (Background image courtesy of Google Earth).

A student pilot and a flight instructor in a fixed-wing airplane who were returning to GTU reported that, between 1215 and 1220, they both heard a series of expletives being transmitted over the GTU frequency in a manner that, according to the instructor, sounded ""desperate."" The student pilot stated that the transmissions lasted about 2 seconds, and the flight instructor stated that the transmissions happened just before he made his first call to GTU tower. The student pilot stated that he and the flight instructor were flying over Granger Lake (1.5 miles from the accident site) at the time. No such tr

The flight instructor was providing emergency procedure refresher training, as part of a contract between the US Army and a private contractor, to special operations pilots with the Jordanian Air Force. The accident was intended to be an introductory orientation flight for the pilot receiving instruction of the airports areas where the training would be occurring.

Radar data indicated that the helicopter traveled east from the departure airport and climbed to an altitude of about 500 ft above ground level (agl). Afterward, the helicopter began to descend, and flew at altitudes that varied between 0 and 120 ft agl at a groundspeed of about 90 knots. A witness saw the helicopter rapidly approaching his location and reported that the helicopter was flying low in a nose-down attitude.

A short time later, the helicopter struck and severed a steel wire power distribution line, and continued to fly until the helicopter impacted the ground about 950 ft beyond the impact point with the line. Most of the severed power line was continuous to the main wreckage location, having likely trailed or been attached to the helicopter after impact. According to the radar data, and impact trajectory, the 36-ft-tall power line support poles would have been hidden from the pilots' view by a stand of trees as the helicopter approached the area.

Postaccident examination revealed no anomalies with the airframe or engine that would have precluded normal operation of the helicopter. The wreckage location, which was well beyond the impact point with the power line, was consistent with the helicopter operating at a high forward speed and likely a high engine power.

The flight instructor was highly experienced in the accident helicopter make and model and had an extensive military career flying attack missions in helicopters. These missions included navigation and aerial gunnery, which would have required low-level flight close to terrain. Likewise, the pilot receiving instruction flew similar attack missions in helicopters with the Jordanian military. Therefore, it is likely that the flight instructor decided to intentionally deviate from the training syllabus and perform, or allow the pilot receiving instruction to perform, a high-speed, nap-of-the-earth flight for personal reasons, possibly to simulate their working environment, make the flight more interesting or engaging, push limits, or impress each other.

The flight instructor had used the sedating antihistamine cetirizine at some time before the accident flight. Although the levels of the drug were well below the therapeutic range, it is not possible to determine if he could have been impaired by the sedating effects during the accident sequence.

The failure of both pilots to see and avoid a power line while maneuvering at low altitude. Contributing to the accident was the flight instructor's decision to not follow the training syllabus and allow the low-level high-speed flight.",HUGHES,369,58.0,Personnel issues-Psychological-Attention/monitoring-Task monitoring/vigilance-Pilot - C,Maneuvering-low-alt flying Loss of visual reference,0.6261935550468722,0.4566210045662267,721360.0,2.2,stable,stable,-0.03409300141038463,2.363420427553442,stable,mild_growth
20180816X32919,4,0,VMC,Dusk,UNK,PIC,5000+,2018,8,"HISTORY OF FLIGHTOn August 16, 2018, about 1935 central daylight time, a Cessna 172L airplane, N2893Q, impacted trees and terrain shortly after departure from Rhome Meadows Airport (T76), Rhome, Texas. The commercial pilot was fatally injured and the three passengers sustained serious injuries. The airplane sustained substantial damage. The airplane was registered to and operated by the pilot as a Title 14 Code of Federal Regulations (CFR) Part 91 personal flight. Visual meteorological conditions prevailed at the time of the accident and no flight plan had been filed. The local flight was departing T76 at the time of the accident.

A family member stated that the pilot retrieved the airplane from under the open-air shelter for ""family fun night"" and was giving rides to several family members. The family members stated that the pilot had flown the airplane about one week before the accident, then again two times immediately preceding the accident flight. The two preceding flights lasted about 20 minutes and 10 minutes respectively and the family members reported no anomalies with the airplane. They also stated that during the accident flight the airplane departed from the grass runway and did not gain much altitude before it banked hard to the left and then descended behind a tree line. Figure 1 represents a satellite map view of T76 and the accident location.





Figure 1. Overhead map view of airport and accident area

 A pilot-rated witness reported that he saw the airplane depart T76 and then land soon after. The airplane taxied back and three passengers boarded with the engine still running. He stated that the airplane taxied back to the runway and started the takeoff roll, during which the engine did not sound like it was developing full power. The takeoff roll was longer than he expected, and once the airplane was airborne, the nose pitched up ""very high"" to about 50 ft above ground level (agl), then the nose came back down. The airplane flew low over the runway and appeared to accelerate until it pitched up and climbed to about 300 ft agl. The airplane then made a left turn and descended out of view. PERSONNEL INFORMATIONOn his most recent second-class medical certificate application, dated October 13, 2017, the pilot reported 8,000 total hours of flight experience and 125 hours in the preceding 6 months. The pilot's wife stated that he did not log his recent flight time and had not recorded flights in his pilot logbook since the 1990s.

During the flight, the pilot was seated in the front right seat with a minor in the front left seat; an adult and minor were seated on the rear bench seat. AIRCRAFT INFORMATIONThe pilot's wife stated that the airplane's maintenance logbooks were never received from the previous owner after the airplane was purchased in 2013. There was no documentation of maintenance performed since that time and no evidence that the airplane had received an annual inspection. A representative for the previous owner could not find the logbooks.

Family members stated that fuel cans, which were filled at another airport, were typically used to refill the airplane; those fuel cans were used to fuel the airplane on the night of the accident. The fuel cans were filled at an unknown time the week before the accident. AIRPORT INFORMATIONThe pilot's wife stated that the airplane's maintenance logbooks were never received from the previous owner after the airplane was purchased in 2013. There was no documentation of maintenance performed since that time and no evidence that the airplane had received an annual inspection. A representative for the previous owner could not find the logbooks.

Family members stated that fuel cans, which were filled at another airport, were typically used to refill the airplane; those fuel cans were used to fuel the airplane on the night of the accident. The fuel cans were filled at an unknown time the week before the accident. WRECKAGE AND IMPACT INFORMATIONThe airp

The commercial pilot was taking family members for rides in his airplane; the accident flight was the third flight of the evening. After the second flight, the pilot landed and taxied the airplane back to his property, where three family members boarded the airplane while the engine continued to run. The pilot taxied back to the runway and departed. A pilot-rated witness stated that the takeoff roll was longer than expected, and, once airborne, the airplane pitched ""very high"" nose-up to about 50 ft above ground level (agl), then the nose came back down. The airplane appeared to accelerate down the runway until it climbed to about 300 ft agl, then made a left turn and descended out of view. The airplane impacted several trees and continued into a field, where it came to rest inverted. Damage to the propeller was consistent with a lack of engine power at the time of impact.Examination of the airplane revealed evidence of a longstanding pattern of inadequate maintenance, including a rodent's nest in the leading edge of the left wing, a large mud dauber nest on the oil cooler, and cobwebs in the engine compartment. An automotive hydraulic hose was used in place of the main fuel line from the gascolator to the carburetor. The gascolator fuel strainer contained 3 large pieces of organic debris similar to insect cocoons, which were the same size as the hydraulic hose and associated fuel fitting. It is likely that the fuel line was removed for an extended period of time and eventually replaced with the automotive hydraulic hose, during which time the fuel system was exposed, which allowed insects to nest inside; because there were no maintenance records associated with the airplane, it could not be determined when the hose was replaced. During the accident flight, it is likely that the organic material became dislodged and restricted fuel to the carburetor, which subsequently starved the engine of available fuel and resulted in a total loss of engine power. 

The autopsy of the pilot revealed evidence of hypertension and coronary artery disease; however, it is unlikely that these conditions contributed to the accident. Toxicological testing indicated that the pilot had been using alcohol before the accident and had levels considered impairing; it is likely that alcohol impaired the pilot's decision making and his ability to operate the airplane. Toxicological testing also revealed evidence that the pilot had used marijuana before the accident; however, it could not be determined if the concentrations would have been impairing or would have affected his performance.

The pilot's inadequate maintenance of the airplane, which resulted in a total loss of engine power due to fuel starvation when organic debris restricted available fuel to the carburetor, and the pilot's impairment due to the ingestion of alcohol, which affected his ability to safely operate the airplane following the loss of engine power.",Cessna,172,63.0,Personnel issues-Task performance-Maintenance-(general)-Pilot - C,Prior to flight Preflight or dispatch event,0.6261935550468722,0.4566210045662267,721360.0,2.2,stable,stable,-0.03409300141038463,2.363420427553442,stable,mild_growth
20180818X33405,3,0,VMC,Daylight,UNK,PIC,500-2000,2018,8,"HISTORY OF FLIGHTOn August 18, 2018, about 1040 eastern daylight time, a Quicksilver MXL II Sport light sport airplane, N105SE, was substantially damaged when it impacted a field near Baugher's Orchard Airport (07MD), Westminster, Maryland. The private pilot and passenger were fatally injured. The airplane was owned and operated by the pilot as a Title 14 Code of Federal Regulations Part 91 personal flight. Visual meteorological conditions prevailed, and no flight plan was filed for the local flight, which originated about 1025 from 07MD.

Witnesses at the airport reported that the flight departed normally, flew to the north, before returning and entering the final approach for landing. One witness (the 07MD manager) reported that, when the airplane was about ¼ to ½ mile from the runway, a loud ""bang"" was heard. One witness reported the sound as a ""high pitch crack of something under stress."" The 07MD manager provided the account of a witness who wanted to remain anonymous. This witness was looking directly at the accident airplane during its landing approach. The witness indicated that the loud ""bang"" was followed by the ""upward folding"" of the right wing, after which the airplane rolled to the right and descended. Another witness stated that the wing ""broke"" when the airplane was at an estimated altitude of 100 to 200 ft. The 07MD manager observed the airplane descending ""straight down"" while rotating to the right and noted that the airframe parachute ""blew"" just before impact.

Two witnesses who were located about 2,100 ft south-southeast of the accident site reported hearing a sound similar to a sputtering engine followed by a ""bang"" sound. One of the witnesses reported that the airplane then began descending, and the other witness reported seeing white/gray dust. This witness could not discern the airplane's altitude when she saw the dust. PERSONNEL INFORMATIONThe pilot held a private pilot certificate with an airplane single-engine land rating and a third-class medical certificate issued on October 18, 2017, with the limitation ""must wear corrective lenses for near and distant vision."" On the medical certificate application, the pilot reported 1,200 hours of total flight experience. The pilot also held a repairman certificate for light sport aircraft, with a limitation for the inspection of the accident airplane. AIRCRAFT INFORMATIONThe high-wing, two-seat, tricycle gear airplane was built in 2006 and purchased by the pilot and his wife during August 2010. It was powered by a 65-horsepower Rotax 582 UL DCDI engine and was equipped with a Warp Drive four-bladed 62-inch composite adjustable propeller. The airplane was also equipped with a BRS-5 model UL2 ballistic airframe parachute that was mounted to the main axle tube behind the right seat.

The wing structure consisted of leading and trailing edge spars separated by a diagonal tube at the inboard end and four spanwise tubes. Eight support cables were attached to each wing at four attachment locations. On the wing, the cables were attached to the leading and trailing edge spars at the locations of the inboard and outboard middle chordwise tubes.

According to the Quicksilver Assembly, Maintenance, and Parts Manual, an AN5-30A bolt is one of the parts used to secure the upper and lower wing cables to the outboard attach point at the leading edge wing spar. The head of the bolt pointed downward, and the lower leading edge outboard cable was attached to the lower surface of the leading edge spar by the bolt, and the anti-drag cable, bellcrank strut cable, and upper leading edge outboard cables were attached to the upper surface of the leading edge spar. The section of the manual titled Construction Notes specifies that AN quality bolts are used throughout the airplane for structural integrity and indicates ""NEVER USE SUBSTITUTES!"" Although the manual did not provide a specific inspection interval for the bolt that secured the upper and lower cables to the outboard

The private pilot and a passenger departed on a local flight and returned for landing about 15 minutes later. While the airplane was on final approach at an altitude between 100 and 200 ft, several witnesses heard a loud sound, and one of the witnesses saw the right wing fold and the airplane enter a steep descent. The airplane subsequently impacted terrain in a field near the airport.

A witnesses reported observing the airframe parachute system deploy. The inspection of the components of the airframe ballistic parachute system indicated that the system had likely deployed just before or at the time of impact. Deployment of the parachute system at that low altitude would have been insufficient to adequately arrest the airplane's descent prior to impact.

A stainless steel bolt secured the upper and lower wing cables to the outer leading edge spar of the right wing. Examination of the bolt showed that it fractured during flight due to stress corrosion cracking that extended across about 95% of the cross-section area of the bolt shank. The bolt failure allowed the leading edge spar to rotate upward relative to the trailing edge spar and fracture at the inboard cable attach point, precluding controlled flight.

The stainless-steel material used for the wing cable attachment bolt was susceptible to stress corrosion cracking when exposed to a chloride-containing environment (such as the ocean). The airplane was previously equipped with floats, and was likely operated as an amphibious airplane at some point before the pilot purchased it. In addition, the installed bolt was a different material than the AN5-30A bolt specified in the Quicksilver Assembly, Maintenance, and Parts Manual for securing the outer upper and lower wing cables to the leading edge spar of the right wing. The material of the bolt recommended in the manual would be generally resistant to stress corrosion cracking as a result of a chloride-containing environment. The maintenance records did not indicate when the stainless steel bolt was installed.

Evidence of stress corrosion cracking might not be apparent during visual inspections of the bolted joint. Also, the location of the stress corrosion cracking on the bolt would likely not have been detected during a condition inspection with the bolted joint in place. Further, the assembly, maintenance, and parts manual did not provide for a specific inspection of the bolt that secured the upper and lower wing cables to the outboard leading edge spar. However, the manual indicated that the security of all bolts should be checked every 50 hours.

Although the pilot was taking a medication that could impair his ability to perform tasks requiring judgment or motor and cognitive skills, his use of the medication did not contribute to the accident.

The in-flight fracture of a stainless steel bolt that was used to secure the upper and lower wing cables to the outer attach point at the leading edge spar of the right wing due to stress corrosion cracking, which caused the right wing to fail and precluded controlled flight. Contributing to the bolt failure was the installation of a bolt that did not conform with the company's specification.",QUICKSILVER,MXL II Sport,62.0,Aircraft-Aircraft structures-Wing structure-(general)-Fatigue/wear/corrosion - C,Approach-VFR pattern final Aircraft structural failure,0.6261935550468722,0.4566210045662267,721360.0,2.2,stable,stable,-0.03409300141038463,2.363420427553442,stable,mild_growth
20180906X35852,2,0,VMC,Night,UNK,PIC,500-2000,2018,9,"HISTORY OF FLIGHTOn September 5, 2018, about 2347 eastern daylight time, a Canadian-registered Cessna 340A, C-GLKX, impacted terrain during an instrument approach to St. Clair County International Airport (KPHN), Port Huron, Michigan. The pilot received fatal injuries, and the airplane sustained substantial damage. The airplane was owned by Flex Air, Inc., and was being operated by the pilot as a Title 14 Code of Federal Regulations Part 91 business flight. Night visual meteorological conditions prevailed at the time of the flight, which was operating on an instrument flight rules (IFR) flight plan. The flight departed St. Thomas Municipal Airport (CYQS), St. Thomas, Ontario, Canada, about 2304, and was enroute to KPHN.

Flight track data obtained from the Stratus 2S unit onboard the airplane indicated that, the day before the accident flight, the pilot completed three flights for a total of 3 hours 37 minutes of flight time. A fuel receipt showed that the airplane was fueled with 106 gallons of fuel at 1836 on the day of the accident at Carp Airport (CYRP), Ottawa, Ontario, Canada, where the airplane was based. 

The owner of the airplane reported that the pilot intended to fly to fly to KPHN to clear US Customs before proceeding to his destination in Wisconsin on the day of the accident for business purposes. He stated that the departure from CYRP was delayed about 4 hours because the airport was out of fuel and the pilot had to wait for a fuel truck to arrive. 

Flight track data indicated that the flight departed CYRP for KPHN about 1929 and climbed to 23,000 ft; however, according to the aircraft owner, the pilot encountered adverse weather conditions and diverted to CYQS. The flight from CYRP to CYQS lasted about 2 hours 23 minutes. There was no record of the airplane refueling at CYQS.   

The pilot subsequently departed CYQS about 2304 and climbed to 4,000 ft mean sea level (msl) and maintained a 290° heading toward WYDUK, the initial approach fix for the RNAV (GPS) RWY 22 approach at KPHN. Review of air traffic control (ATC) information indicated that, about 2335, the pilot confirmed that he was inbound to WYDUK at 4,000 ft mean sea level (msl). 

About 2337, the controller informed the pilot that the airplane was no longer in radar contact (the airplane had descended below the floor of the radar coverage available for that area). 

About 2342, the controller asked the pilot if he had passed WYDUK; the pilot confirmed that he had and was inbound for runway 22. The controller then instructed the pilot to cross the ZORIX waypoint at or above 2,200 ft, cleared the flight for the RNAV (GPS) RWY 22 approach, and approved a frequency change to the airport's common traffic advisory frequency (CTAF); the airport was not staffed with a tower controller.  Radar track data indicated that the airplane was at 4,000 ft msl at 127 kts groundspeed at that time. At 2343:23, the engine data monitor recorded a rapid decrease in fuel flow to the right engine with a coinciding decrease in EGT and engine rpm. The airplane was about 1.3 nautical miles (nm) from ZORIX. The engine data recorded a brief spike in fuel flow to the right engine a few seconds after the initial fuel flow drop; the EGT and engine rpm displayed coinciding spikes. 

About 2344:01, the airplane crossed the final approach fix, ZORIX, at 3,500 ft msl at 118 kts groundspeed. Another spike in fuel flow, EGT, and engine rpm was recorded, and the engine rpm returned to 600. No other spikes were recorded.

About 2344:33, about 3,200 ft msl, the pilot contacted the controller and advised him that he had ""just lost my right engine."" When the controller asked if he would still make the landing, the pilot stated, ""I'm gonna work on it.""

About 2346:41, the airplane was at 1,700 ft msl at 100 kts groundspeed; the pilot stated, ""I see no lights at the runway, uh, and I tried to turn them on. They don't turn on."" The controller responded that he did not have contro

The private pilot of the multi-engine airplane was conducting an instrument approach during night visual meteorological conditions. About 1.3 nautical miles (nm) from the final approach fix, the right engine lost total power. The pilot continued the approach and notified air traffic control of the loss of power about 1 minute and 13 seconds later. Subsequently, the pilot contacted the controller again and reported that he was unable to activate the airport's pilot-controlled runway lighting. In the pilot's last radio transmission, he indicated that he was over the airport and was going to ""reshoot that approach."" The last radar return indicated that the airplane was about 450 ft above ground level at 72 kts groundspeed. The airplane impacted the ground in a steep, vertical nose-down attitude about 1/2 nm from the departure end of the runway. Examination of the wreckage revealed that the landing gear and the flaps were extended and that the right propeller was not feathered. Data from onboard the airplane also indicated that the pilot did not secure the right engine following the loss of power; the left engine continued to produce power until impact. The airplane's fuel system held a total of 203 gallons. Fuel consumption calculations estimated that there should have been about 100 gallons remaining at the time of the accident. The right-wing locker fuel tank remained intact and contained about 14 gallons of fuel. Fuel blight in the grass was observed at the accident site and the blight associated with the right wing likely emanated from the right-wing tip tank. The elevator trim tab was found in the full nose-up position but was most likely pulled into this position when the empennage separated from the aft pressure bulkhead during impact. Examination of the airframe and engine revealed no evidence of mechanical malfunctions or failures that would have precluded normal operation. 

Although there was adequate fuel on board the airplane, the pilot may have inadvertently moved the right fuel selector to the OFF position or an intermediate position in preparation for landing instead of selecting the right wing fuel tank, or possibly ran the right auxiliary fuel tank dry, which resulted in fuel starvation to the right engine and a total loss of power. The airplane manufacturer's Pilot Operating Handbook (POH) stated that the 20-gallon right- and left-wing locker fuel tanks should be used after 90 minutes of flight. However, 14 gallons of fuel were found in the right-wing locker fuel tank which indicated that the pilot did not adhere to the POH procedures for fuel management. The fuel in the auxiliary fuel tank should be used when the main fuel tank was less than 180 pounds (30 gallons) per tank. As a result of not using all the fuel in the wing locker fuel tanks, the pilot possibly ran the right auxiliary fuel tank empty and was not able to successfully restart the right engine after he repositioned the fuel selector back to the right main fuel tank. 

Postaccident testing of the airport's pilot-controlled lighting system revealed no anomalies. The airport's published approach procedure listed the airport's common traffic advisory frequency, which activated the pilot-controlled lighting. It is possible that the pilot did not see this note or inadvertently selected an incorrect frequency, which resulted in his inability to activate the runway lighting system. In addition, the published instrument approach procedure for the approach that the pilot was conducting indicated that the runway was not authorized for night landings. It is possible that the pilot did not see this note since he gave no indication that he was going to circle to land on an authorized runway. Given that the airplane's landing gear and flaps were extended, it is likely that the pilot intended to land but elected to go-around when he was unable to activate the runway lights and see the runway environment. However, the pilot failed to reconfigure the airplane

The pilot's improper fuel management, which resulted in a total loss of right engine power due to fuel starvation; the pilot's inadequate flight planning; the pilot's failure to secure the right engine following the loss of power; and his failure to properly configure the airplane for the go-around, which resulted in the airplane's failure to climb, an exceedance of the critical angle of attack, and an aerodynamic stall.",Cessna,340A,51.0,Personnel issues-Task performance-Use of equip/info-Use of equip/system-Pilot - C,Approach-IFR initial approach Fuel starvation,0.9707859034812305,0.452488687782826,725049.0,2.22,stable,stable,-0.03409300141038463,-7.797850445918131,stable,strong_decline
20180909X20438,3,0,VMC,Daylight,UNK,PIC,<500,2018,9,"HISTORY OF FLIGHTOn September 9, 2018, at 1037 eastern daylight time, a Cessna 335, N2707J, was destroyed when it was involved in an accident in Lake Worth, Florida. The pilot and passenger were fatally injured. The airplane was operated as a Title 14 Code of Federal Regulations Part 91 personal flight.

The airplane had departed Key West International Airport (EYW), about 0936. A review of data recorded by the on-board engine monitor and the primary flight display revealed that, when the airplane was about 9 miles southwest of Palm Beach County Airpark (LNA), descending through an altitude of about 7,000 ft mean sea level (msl) at an airspeed of about 170 knots, the engine exhaust gas temperature (EGT) values for all cylinders on the left engine decreased to below 300°F, consistent with a total loss of engine power. About 2 minutes later, the values all increased to between 900°F and 1,100°F, where they remained for about 2 minutes. The EGT values then rose briefly to about 1,350°F before decreasing again to below 300°F, consistent with a second total loss of engine power. This second loss of engine power occurred as the airplane was on a left downwind leg abeam the runway 16 threshold at LNA, at an altitude of about 1,000 ft msl and an airspeed of about 110 knots. The right engine EGT values remained relatively constant about 1,300°F until the last 30 seconds of data, when they increased to about 1,400°F. The airplane maintained its heading and altitude for about 20 seconds after the loss of engine power before it entered left descending 180° turn. During this turn, the bank angle varied between 0 and 30°. About 5 seconds before the end of the recorded data, the airspeed decreased to about 73 knots, the bank angle increased and the airplane rolled inverted as its pitch increased to 76° nose down.

Several witnesses reported that while the airplane was on approach to runway 16 at LNA, it rolled back and forth, became inverted, then descended to the ground in a spiral and spin. PERSONNEL INFORMATIONAccording to Federal Aviation Administration (FAA) airman records, the pilot did not possess a valid medical or airman certificate. He had previously held a private pilot certificate with ratings for airplane single and multiengine land; however, his certificate was revoked in 1997. His most recent second-class medical certificate was issued on June 30, 2014, and had expired for all classes in June 2016.

The pilot had owned the airplane since 2011. He received dual instruction in the accident airplane in 2011 and 2012, including one flight annotated in his logbook as ""emergency procedures engine outs"" in June 2011, and another annotated as ""engine out procedures"" in May 2012. In the 3 years preceding the accident, he logged 8.2 (2016), 6.4 (2017), and 1.8 (2018) hours in the accident airplane. There were no records of a flight review in his most recent logbook, which dated back to January 1997. AIRCRAFT INFORMATIONThe airplane total time at the time of the accident could not be determined.

Recent Maintenance

Other than periodic inspections and oil changes, the most recent maintenance entry in the left engine logbook was recorded on September 3, 2014, noting the replacement of cylinder Nos. 1, 3, and 5. The airplane had accrued about 73 hours between this maintenance and the last annual inspection.

Other than periodic inspections and oil changes, the most recent maintenance entry for the right engine (found in the airframe logbook) was performed on June 21, 2018, noting the replacement of cylinder No. 3. That entry was made by the accident pilot, who was not a certificated mechanic. The airplane had accrued about 8 hours between this maintenance and the last annual inspection.

Fuel Information

The airplane was equipped with two main fuel tanks located in the wingtips (each with a capacity of 50 usable gallons), two auxiliary fuel tanks located in the wings (each with a capacity of 31.5 usable gallons), and one w

The pilot, who was the owner of the airplane, was conducting a personal cross-country flight with one passenger. Recorded engine data indicated that, about 9 miles from the destination airport, the left engine lost all power for about 2 minutes. Power was restored for about 2 minutes before it was lost again as the airplane was on a left downwind leg abeam the approach end of the runway. The right engine's power output remained relatively constant for the remainder of the flight. The airplane continued the downwind leg for about 20 seconds, then began a left descending 180° turn. Data recovered from the primary flight display indicated that, at the end of this turn, the airspeed decreased to 73 knots (kts), below the airplane's published minimum control speed of 83 kts, and the airplane rolled inverted and descended into the ground.

The pilot did not hold a valid pilot certificate at the time of the accident, as his certificate had been revoked about 21 years earlier. Although the pilot had owned the airplane for about 7 years, he had logged only 1.8 hours in the preceding eight months, and 6.4 hours during the prior calendar year. The most recent documented practice of one engine inoperative (OEI) procedures was over 6 years before the accident, and there was no record of any flight reviews in his logbook; therefore, it is unlikely that the pilot was proficient in the procedures associated with OEI at the time of the accident, which included the criticality of maintaining minimum control speed (Vmc)  and not turning into the nonoperational engine.

Examination of both engines revealed no anomalies that would have precluded normal operation and the right engine's recorded data parameters and propeller exhibited signatures consistent with the engine operating until impact. Although the engine monitor's recorded parameters indicated the left engine lost power immediately before the accident, it lacked sufficient parameters to determine why the loss of engine power occurred. Given the available fuel onboard, the airplane had adequate fuel to complete the accident flight; however, the pilot's management of the fuel during the flight and whether it contributed to the loss of left engine power could not be determined.

Although autopsy of the pilot revealed evidence of severe coronary artery disease, the recorded flight data indicated that he continued to fly the airplane after both losses of power in the left engine; therefore, it is unlikely that sudden impairment or incapacitation from an acute cardiac event contributed to the loss of control. The pilot may have been experiencing effects from his use of diphenhydramine, such as psychomotor slowing and impaired judgment. However, based on the available information, whether effects from his use of diphenhydramine contributed to this accident could not be determined.

The pilot's loss of control during approach for landing following a total loss of left engine power for undetermined reasons.",Cessna,335,70.0,Aircraft-Aircraft oper/perf/capability-Performance/control parameters-Engine out control-Incorrect use/operation - C,Approach-VFR pattern downwind Loss of engine power (total),0.9707859034812305,0.452488687782826,725049.0,2.22,stable,stable,-0.03409300141038463,-7.797850445918131,stable,strong_decline
20180904X52324,3,0,VMC,Daylight,UNK,PIC,<500,2018,9,"HISTORY OF FLIGHTOn September 4, 2018, about 1100 Pacific daylight time, a Mooney M20J airplane, N701JM, was substantially damaged when it was involved in an accident in Palo Alto, California. The pilot was fatally injured. One passenger received serious injuries, and the other passenger received minor injuries. The airplane was operated as a Title 14 Code of Federal Regulations Part 91 personal flight. 
The pilot and airplane were based at Placerville Airport (PVF), Placerville, CA. The purpose of the flight was to perform an Angel Flight and fly a patient from the Redding Municipal Airport (RDD), Redding, California to the Palo Alto Airport (PAO). On the day of the accident, the airplane arrived at RDD about 0900 to pick up the patient and her mother. Surveillance camera imagery at RDD indicated that the two passengers boarded, and that the airplane departed the RDD ramp about 0924. 
About 7 minutes before landing at PAO, the pilot contacted the PAO air traffic control tower. The controller instructed the pilot to enter a left base for runway 13. About 10 seconds later, the controller instructed the pilot to ""fly to KGO,"" a charted visual flight rules (VFR) checkpoint and waypoint, and then enter the left base. The pilot responded that he was unfamiliar with KGO. The controller guided the pilot to KGO, and then instructed the pilot to fly to a second charted VFR checkpoint. About 3 minutes later, the pilot reported that he was having difficulty locating the airport; the controller advised him to turn to a heading that would nearly place the airplane on the final approach course. The pilot turned, sighted the airport, and advised the controller. About 1 minute and 10 seconds later, the pilot radioed ""I'm gonna have to abort this and go around."" The controller instructed the pilot to make ""left closed traffic,"" and asked if the pilot needed any assistance, to which the pilot replied, ""negative I just came in too fast."" That was the last communication from the pilot, and the accident occurred about 20 seconds later.
GPS data revealed that as the airplane became established on the final approach course, it was at a GPS altitude of about 550 ft, with groundspeed ranging between 81 and 84 knots. As the airplane traveled inbound on final approach, the groundspeed first increased to about 86 knots, and then steadily decreased to about 73 knots. 
Runway 13 was equipped with a precision approach path indicator (PAPI) which provides visual approach slope guidance for pilots. The PAPI approach path slope was 4°, and the PAPI slope intercepted the runway about 400 ft beyond the threshold. For most of the approach, the airplane was below the 4° PAPI approach path.
Both passengers were seated in the rear, and they wore headsets so that they could hear and speak to one another, as well as the pilot. The mother reported that they ""came in for a very rocky landing[and]... we bounced on the airstrip and then took off again."" She heard the pilot tell ATC that he had to do a go around, and that he just came in too fast.""
A flight instructor and student both reported that they were near midfield on the parallel taxiway (taxiway Z), taxiing toward the runway 13 threshold. The instructor and student watched the accident airplane touch down then begin to ""porpoise,"" oscillating in pitch and alternately bouncing between the main landing gear and the nose landing gear. They observed 3 to 4 oscillations before they saw the airplane lift off and the landing gear retract. At that point, the instructor stopped watching the airplane, but his student continued to watch it. Very shortly thereafter, the student called the instructors attention back to the airplane. The instructor saw it enter a very steep left bank (70° to 80°) at an altitude of about 150 to 200 ft and watched the nose pitch sharply down (about 60°), and then descend very rapidly to the ground as it essentially reversed course during the event. Other eyewitnesses reported very similar

The pilot was flying two passengers on an Angel Flight. When the airplane was about 10 miles north of the destination, the pilot contacted the air traffic control tower (ATCT). He was given instructions to fly to a charted VFR checkpoint, but then reported that he was not familiar with it and asked for directions from the controller. The pilot navigated to that checkpoint after several communications, and was then instructed to overfly a second checkpoint, about 2.5 miles north of the runway, as his left base leg for the arrival. The pilot was unable to locate the airport and requested ATCT assistance to advise him when to turn final, which the controller did. The pilot saw the airport and continued the approach. 

Witnesses observed the airplane touch down about mid-field and began to porpoise, alternately bouncing between the main and nose landing gear. After 3 to 4 oscillations, the pilot initiated a go-around and reported to the controller of the go-around. In response, the controller instructed the pilot to make a left closed traffic and asked if he needed assistance, to which the pilot replied negative, I just came in too fast."" The airplane climbed a few hundred feet and was then observed to enter a very steep left bank. The nose pitched sharply down, and the airplane descended rapidly to the ground. Examinations of the airplane and engine did not reveal any evidence of any pre-impact mechanical deficiencies or failures. Physical examination of the engine and propeller, combined with review of recorded engine operating parameter data, indicated that the engine operated normally, and was producing power at impact. 

The pilots logbook indicated that he had flown into that airport at least 32 times before, and therefore he should have been familiar with both the physical location of the airport and the names and locations of the local navigation fixes. Even if he had never been into that airport before, proper preflight planning dictates that he should have become familiar with those aspects. 

Data downloaded from the onboard GPS device revealed the airplane was about 10 to 15 knots above the manufacturer's approach speed (75 knots for the calculated landing weight) during final approach. The data also indicated that for most of the final approach, the airplane remained below the runway's 4° PAPI approach slope path

The pitch trim was found slightly airplane nose down from the normal takeoff setting, but the flaps were found fully retracted. The manufacturer's go-around procedures called for full power, liftoff, and retraction of the flaps from the landing position (full down) to the takeoff position (approximately half) once the climb was established. Then, in sequence, this was to be followed by re-trimming in pitch, acceleration to 76 knots, landing gear retraction, flap retraction to the full-up position, and acceleration to 86 knots. Witnesses reported that the landing gear was retracted very soon after liftoff, making it likely that the pilot did not comply with the manufacturer's retraction sequence.

The flaps-retracted 0° bank stall speed for the calculated airplane weight was about 58 knots, and the stall speed for 30° bank was about 63 knots. Takeoff flaps reduce these speeds by about 2 knots. Both the short amount of time between liftoff and the stall, and the stall itself, indicate that the pilot had fully retracted the flaps prior to achieving the prescribed speed of 86 knots. Based on the available information, speed mismanagement by the pilot, and a reduced stall margin due to the pilot prematurely retracting the flaps, caused the airplane to stall during the early portion of its go-around climb out at an altitude too low for recovery.

The pilots failure to maintain aircraft control during a go-around due to his premature flap retraction, which resulted in an aerodynamic stall and subsequent loss of control.",Mooney,M20J,66.0,Personnel issues-Action/decision-Action-Incorrect action sequence-Pilot - C,Landing-flare/touchdown Abnormal runway contact,0.9707859034812305,0.452488687782826,725049.0,2.22,stable,stable,-0.03409300141038463,-7.797850445918131,stable,strong_decline
20140716X94855,2,0,VMC,Daylight,UNK,PIC,2000-5000,2014,7,"HISTORY OF FLIGHTOn July 16, 2014, about 1745 eastern daylight time, a Piper PA-32R-301T, N297AS, was substantially damaged when it impacted the water near North Captiva Island, Florida. The airplane departed from Page Airport (FMY), Ft. Myers, Florida about 1735 with an intended destination of Salty Approach Airport (FL90), Ft. Myers, Florida. Day, visual meteorological conditions prevailed and no flight was filed. The private pilot was fatally injured. The personal flight was conducted under the provisions of Title 14 Code of Federal Regulations (CFR) Part 91.

Numerous witnesses reported that the airplane appeared to be departing from FL90. Some of those accounts stated that the airplane ""was having a hard time trying to climb"" or ""that it appeared that the pilot was trying to build up speed to gain elevation"" prior to the left wing making contact with the water. One eyewitness, who was familiar with the pilot, reported that the pilot had flown in earlier in the afternoon with a load of tile and the accident flight was the second trip for the day. Another eyewitness reported that the airplane appeared to be ""taking off attempting to recover [from] an aborted landing and did not have the airspeed to recover."" Several of the witnesses reported that they audibly observed the engine operating at the time of the accident. Some of the witnesses reported the airplane was about 7 feet above the ground when it passed over the beach. PERSONNEL INFORMATIONAccording to Federal Aviation Administration (FAA) records, the pilot held a private pilot certificate for airplane single-engine land with a rating for instrument airplane. His most recent third class medical certificate was issued on October 22, 2013. The pilot's flight logbook was located in the forward baggage compartment of the airplane. The logbook was saturated with water and considerable damage was done to the edge of the logbook; however, some pages were separated and on the last full page of handwritten entries indicated that the pilot had accumulated 2,018.7 total hours of flight experience. The subsequent page had four entries of 0.5 hours each, for a total flight experience of 2,020.7 hours; however, those entries were not dated. AIRCRAFT INFORMATIONAccording to FAA records, the airplane was issued an airworthiness certificate on December 10, 1999, and was registered to Howard Aviation on June 11, 2007, and the pilot was listed as the ""president."" It was powered by a Lycoming TIO-540-AH1A engine and driven by a Hartzell propeller model HC-I3YR-1RF. A review of copies of maintenance logbook records showed an annual inspection was completed on January 13, 2014, at a recorded Hobbs meter reading of 1,225 hours and indicated an engine total time in service of 1,225 hours. The Hobbs hour meter was observed at the accident site and indicated 1267.5 hours. METEOROLOGICAL INFORMATIONThe 1745 recorded weather observation at FMY, located approximately 20 miles to the east of the accident location, included wind from 330 degrees at19 knots with gusts of 30 knots, visibility 1 3/4 miles with thunderstorms in the vicinity and light rain, scattered clouds at 2,400 feet above ground level (agl), broken clouds at 3,400 feet agl, overcast at 5,500 feet agl, temperature 26 degrees C, dew point 23 degrees C and barometric altimeter 29.99 inches of mercury. The remarks section included a peak wind at 1741, lightning in all quadrants surrounding the airport, rain began at 1745 and a thunderstorm was present between 1727 and 1744.

No witnesses or first responders reported lighting, rain, or adverse winds in the vicinity of FL90 at the time of the accident. AIRPORT INFORMATIONAccording to FAA records, the airplane was issued an airworthiness certificate on December 10, 1999, and was registered to Howard Aviation on June 11, 2007, and the pilot was listed as the ""president."" It was powered by a Lycoming TIO-540-AH1A engine and driven by a Hartzell propeller model HC-I3YR-1RF. A review of c

A witness familiar with the pilot reported that the accident flight was the pilot's second flight to the airport that day to transport ceramic tiles to that location. One witness reported that the airplane appeared to be ""taking off attempting to recover [from] an aborted landing and did not have the airspeed to recover."" Several witnesses observed the airplane having difficulty climbing before it impacted water in a left-wing-low attitude. Based on the witness statements, the pilot was likely performing a go-around maneuver before the accident, and the airplane entered an aerodynamic stall. The airplane came to rest on its left side in about 8 ft of water and 200 yards from the departure end of the intended runway. Several witnesses reported hearing the engine operating with no hesitations noted, and postrecovery examination revealed no mechanical malfunctions or abnormalities of the airframe or engine that would have precluded normal operation.



During the examination, 666 lbs of ceramic tiles were found unsecured in the cargo compartment; this exceeded the cargo compartment weight limit by 57 lbs and would have degraded the airplane's climb performance and increased its stall speed. The investigation could not determine the actual distribution of the unsecured tiles in the cargo compartment before the accident, so postaccident weight and balance calculations were performed for several tile distribution scenarios. The calculations revealed that, with a relatively even distribution or with the tiles in the forward position of the cargo compartment, the center of gravity (CG) would have been within the CG envelope limits; with the tiles in the forward position, the CG would have been near its forward limit. However, with the tiles in the aft position, the CG could have exceeded the aft CG limit by as much as about 4 inches. 

Based on the evidence, it is likely that, during the approach to land, the unsecured tiles began to slide forward, which would have made the airplane's nose feel heavy and might have led to the pilot's decision to go around. However, when the pilot applied power and began to pitch the airplane's nose up during the go-around, it is likely that the unsecured tiles slid aft, which resulted in the CG exceeding its aft limit, the airplane's nose pitching up further, and the pilot's pitch control authority decreasing. These conditions resulted in the airplane exceeding its critical angle-of-attack, experiencing an aerodynamic stall, and colliding with water. Although pilots operating under 14 Code of Federal Regulations (CFR) Part 91 are not required to conduct preflight weight and balance calculations, 14 CFR 91.9 does require the pilot-in-command to comply with the operating limits, including weight and balance, in the approved airplane flight manual, which provides pilots weight and balance computations, charts, and graphs.


Although toxicology testing of the pilot revealed ethanol in both the liver and muscle specimens, the variation in the amount of ethanol in the tissue specimens suggests that most, and perhaps all, of the ethanol came from sources other than ingestion. Therefore, it is very unlikely that the pilot was impaired by ethanol at the time of the accident. Further, no evidence for medical impairment or incapacitation was found.

The pilots failure to secure the cargo in the cargo compartment, which resulted in a weight shift that led to the center of gravity exceeding its aft limit during a go-around attempt and a subsequent  aerodynamic stall. Also causal to the accident were the pilots inadequate preflight inspection and his loading the airplane beyond the cargo compartment weight limit.",PIPER,PA-32R-301T,62.0,Aircraft-Aircraft oper/perf/capability-Aircraft capability-CG/weight distribution-Capability exceeded - C,Prior to flight Aircraft loading event,0.4993337111522944,-0.6756756756756799,590517.0,2.94,stable,stable,1.2346325354091636,3.992327059105616,mild_growth,mild_growth
20180810X81812,4,0,VMC,Daylight,UNK,PIC,<500,2018,8,"HISTORY OF FLIGHTOn August 8, 2018, about 0920 Hawaii time, a Hughes MD Helicopters, Inc. 369D helicopter, N369MH, was substantially damaged when it was involved in an accident near Honolulu, Hawaii. The commercial pilot sustained minor injuries; the three passengers did not report any injuries. The helicopter was operated as a Title 14 Code of Federal Regulations Part 136 revenue air tour flight. 

The helicopter was the lead helicopter in a flight of two that departed Honolulu International Airport (HNL), Honolulu, Hawaii about 0909. The flight proceeded east/southeast from HNL approximately along the shoreline. The pilot stated that the helicopter was in cruise at an altitude of about 1,800 ft when he felt ""severe"" vibrations and heard a ""loud bang,"" after which the helicopter began to shake ""violently."" The pilot lowered the collective control and entered a power-on autorotation, with the intent of landing the helicopter in a grassy clearing. He radioed his intentions to his colleague in the trailing helicopter and then advised his passengers of the same. The pilot reported that small tail rotor pedal inputs significantly worsened the vibrations.

The pilot made a partial run-on landing onto the targeted clearing, which was about 13 miles east of HNL. He reported that on first contact, the helicopter bounced about 1 ft into the air and that the remaining slide on the dry and rocky grass field was rougher than he expected. The helicopter came to a stop upright, and the pilot shut down the engine. The landing field was part of the grounds of a public school, and the pilot released the passengers to the care of the school staff while he examined the helicopter and coordinated with his company.

The helicopter came to rest upright on its landing skids; the right skid was fractured but able to support the helicopter. Postaccident photographs indicated that multiple tail rotor blade and gearbox components were damaged, rendering the helicopter substantially damaged. Without NTSB or FAA knowledge or approval, and contrary to applicable regulations, the operator recovered the helicopter back to its facility shortly after the accident and began disassembly for repair. More than a day after the accident, the NTSB became aware of these activities, and instructed the operator to cease repairs.
 AIRCRAFT INFORMATIONConfiguration & Design Information

The helicopter was equipped with a single 5-blade main rotor (MR) system, a tail boom, a 4-blade tail rotor (TR) system, and a T-configuration horizontal and vertical stabilizer assembly. The TR transmission attached to the aft end of the tail boom, and the TR assembly attached to the output shaft of the TR transmission. A TR driveshaft, routed inside the tail boom, provided torque from the main transmission to the TR transmission. Pitch links and a swash plate connected the flight controls to the TR blades.

At least two different tail boom versions were available for this model helicopter. One was the original Hughes Helicopters (MDHI) version, and the other was an aftermarket version produced by Aerometals. The Aerometals tail boom was approved as FAA supplemental type certificate (STC) SH5055NM. The accident helicopter was equipped with the Aerometals tail boom.

The vertical stabilizer attached via 4 bolts to the aft right side of the tail boom. The horizontal stabilizer was equipped with 4 studs that inserted into holes in 4 lugs atop the vertical stabilizer and was secured by nuts on the studs. The original Hughes Helicopters (MDHI) tail boom had an aft-facing threaded steel stud anchored in each of the tail boom pads of the cast-aluminum TR transmission attachment frame. The Aerometals tail boom eliminated the studs, incorporated a machined aluminum TR transmission attachment frame, and installed four self-locking nut plates (MS21075L4) forward of the attachment frame mounting pads. Through-bolts were installed through the TR transmission lugs and tail boom attachment

The pilot of the helicopter commercial air tour flight stated that the helicopter was in cruise flight at an altitude of about 1,800 ft when, about 11 minutes after takeoff, he felt ""severe"" vibrations and then heard a ""loud bang,"" after which the helicopter began to shake ""violently."" The pilot entered a power-on autorotation and stated that the severity of the vibration caused the transponder to shake free of its mount in the instrument panel. He also stated that even small tail rotor pedal inputs significantly worsened the vibrations. The pilot conducted a partial run-on landing in a field. Examination revealed that multiple tail rotor blade and gearbox components had failed in flight, rendering the helicopter substantially damaged. 

The helicopter tail rotor (TR) transmission was mounted on the aft end of the tail boom, and the four-blade TR assembly mounted onto a four-arm fork that mounted on the output shaft of the TR transmission. The TR blade assembly comprised a pair of two-blade rotor assemblies that attached to the fork. A teeter bearing mounted in each fork arm, and each two-blade rotor assembly was secured in its fork arm pair by a teeter bolt that suspended it between, and was suspended by, the two teeter bearings.

At least two different tail boom versions were available for the accident model helicopter. One was the original McDonnell-Douglas Helicopters, Inc (MDHI) version, and the other was an aftermarket version produced by a company called Aerometals. The accident helicopter was equipped with the Aerometals tail boom. The primary difference between the two tail boom versions was the attachment method of the TR transmission to the tail boom. The MDHI version used studs and locking nuts, whereas the Aerometals version used bolts and locking nut plates. Both versions used a total of four attach fasteners.

Postaccident examination revealed that the two bolts that attached the left side of the TR transmission to the tail boom had fractured and partially pulled through their nut plates. The two right side attach bolts were damaged, but had not failed; instead, their respective mounting lugs on the TR transmission had failed. The failure of all four attachments meant that the TR assembly was retained on the helicopter by only the TR drive shaft and the pitch control linkage. Neither of those components was designed to retain the TR transmission, and the pitch control system incurred damage during the event. The TR assembly was on the verge of imminent failure. Based on the observed damage, it is likely that with continued operation, the TR would have very shortly separated from the helicopter, rendering control difficult or impossible.

All four TR blades remained attached to the fork, but the outer (furthest from the transmission) blade pair remained only partially attached to the fork. The outer teeter bolt was fractured and only a portion of it was recovered. Of the two teeter bearings that were normally mounted in the outer pair of fork arms, one was absent and presumed lost in flight. The remaining outer teeter bearing had debonded from its fork arm, and both it and its fork arm seat exhibited fretting damage on their mating surfaces. The fretting indicated that there was relative motion between the bearing and its seat, caused by helicopter operation with a debonded bearing.

Detailed laboratory examinations revealed that the fractured teeter bolt and the two fractured attach bolts had all failed in fatigue. The examinations also revealed several discrepancies with the repair and installation of some of the TR components, as well as some discrepancies within the applicable maintenance and inspection guidance.

The teeter bearings had been improperly installed in the fork during overhaul or during maintenance by the operator. Contrary to MDHI overhaul guidance, none of the four teeter bearing installations, including the two debonded ones for the outer blade pair, displayed any evidence of the

The operator's improper installation of the tail rotor (TR) teeter bearings, which resulted in cascading in-flight failures of the TR components and attach hardware.",Hughes,369,54.0,Aircraft-Aircraft propeller/rotor-Tail rotor-Tail rotor blade-Incorrect service/maintenance - C,Prior to flight Aircraft maintenance event,0.6261935550468722,0.4566210045662267,721360.0,2.2,stable,stable,-0.03409300141038463,2.363420427553442,stable,mild_growth
20090428X81708,3,0,IMC,Daylight,UNK,PIC,500-2000,2009,4,"HISTORY OF FLIGHT
On April 28, 2009, at 1615 eastern daylight time, a Cirrus SR22, N504MD, piloted by an instrument rated private pilot, was destroyed during a collision with trees and terrain near Mayfield Village, Ohio.  The flight was being conducted under 14 Code of Federal Regulations Part 91 on an instrument flight rules (IFR) flight plan.  Instrument meteorological conditions prevailed at the time of the accident.  The pilot and sole passenger on-board sustained fatal injuries.  The cross-country business flight departed Cuyahoga County Airport (CGF), Cleveland, Ohio, at 1612, with an intended destination of Buffalo Niagara International Airport (BUF), Buffalo, New York.

The pilot and passenger flew from BUF to CGF earlier in the day, arriving at CGF about 1319.  According to personnel working at the fixed base operator (FBO) at the time, the pilot and passenger attended a meeting at the airport and then left the airport for approximately 1 hour, before returning for the accident flight.  The pilot requested that the airplane be fueled to capacity (""topped off"") prior to departure and FBO personnel fueled the airplane with 40 gallons of aviation gasoline.

The CGF air traffic control tower (ATCT) issued a takeoff clearance for the flight from Runway 6 at 1611, instructing the pilot to fly the runway heading and climb to 3,000 feet mean sea level (msl).  The controller observed the airplane takeoff and enter the clouds.  Takeoff and initial climb appeared to be normal.  At 1612, the controller instructed the pilot to contact departure control.  The pilot acknowledged the instruction; however, the pilot never established communications with the departure controller.  At 1614, the pilot transmitted were having trouble getting on the CGF tower frequency.  At 1615, the pilot transmitted having trouble mike delta.  There were no subsequent transmissions from the pilot.  At 1616, the departure controller relayed a low altitude alert in the blind to the accident flight.

Flight track data recovered from the on-board avionics indicated that the airplane entered a right turn shortly after takeoff.  It remained in that right turn until it completed nearly 1-1/2 complete turns; 540 degrees of heading change.  The airplane subsequently rolled out on a south heading, and began to climb from 1,200 feet msl to 2,700 feet msl over the next 17 seconds.  The airspeed decreased to 50 knots and the airplanes heading transitioned from the south to the north-northwest.  The airplane subsequently descended to about 1,600 feet msl before beginning another climb.

Over the next 30 second time period, the altitude increased again to about 2,900 feet msl, and the airspeed decreased to about 60 knots.  At this point, the airplanes heading transitioned from the east-northeast to the west-northwest.  The airplane subsequently entered a right turn ultimately reversing course.  It then climbed approximately 1,300 feet, to a maximum altitude of 3,200 feet msl before descending again.  The airspeed decreased to 50 knots during this time.  The final data point was recorded at 1615:44.  At that time, the airplanes position was approximately 0.20 miles north of the accident site, at 2,000 feet msl.  (Detailed information regarding the airplanes flight attitude is included later in this report.)

A witness located 1/4 to 1/2 mile from the accident site reported that he was outside and heard the airplane for about 1 minute.  He noted that it sounded like it was circling around and . . . doing tricks in the air.  However, he was unable to actually see the airplane.  About 20 seconds after the sound faded he heard a boom.  At the time he thought it might have been thunder but later realized it was likely the impact.

A witness located in a nearby residential subdivision approximately one-tenth mile from the accident site, reported that the airplane flew over his car about 150 feet above ground level (agl).  He stated that it banked to

The instrument certified airplane climbed into instrument meteorological conditions about 30 seconds after takeoff. Radar track data showed that the airplane entered a right turn shortly after takeoff and entered the cloud base. The airplane remained in that right turn until it completed nearly 1-1/2 complete turns. The airplane rolled out and subsequently climbed 1,500 feet over next 17 seconds. The airspeed decreased to 50 knots and the airplanes heading abruptly transitioned from the south to the north-northwest which could have represented an aerodynamic stall. The airplane then descended before beginning another climb. The airplane completed two additional descent and climb oscillations with minimum airspeeds of 60 knots and 50 knots, respectively. Maximum pitch angles of 50 degrees nose up and nose down, and bank angles of 75 degrees were recorded during the flight. The duration of the accident flight was approximately 4 minutes and 30 seconds. 

The airplane impacted a wooded area located about 3 miles from the departure airport and was destroyed by impact forces and a postimpact fire. An examination of the airframe and engine did not revealed preimpact anomalies. No flight display and/or autopilot system faults were recorded during the accident flight. Further review of the flight data did not reveal inconsistencies within the data itself. The data indicated that the pilot initially engaged the autopilot about 5 seconds after lifting off when the airplane was approximately 61 feet above ground level. The autopilot bugs were set to the assigned heading and initial altitude prior to takeoff. However, after takeoff the pilot failed to properly engage the autopilot altitude preselect mode; the altitude hold mode was entered instead. As a result, the altitude and vertical speed bug settings were reset automatically to maintain the airplanes altitude. At that point, the airplanes altitude was above that specified by the autopilot bug. Subsequent attempts to engage the vertical speed/altitude pre-select mode caused the system to begin a descent to intercept the inadvertent altitude set in the autopilot. 

About 1 minute into the flight, the pilot reset the altitude bug above the airplanes current altitude at that time. The data suggests that the pilot never adequately regained control of the airplane. The pilot purchased the accident airplane about 7 months prior to the accident. He completed visual flight rules transition training at the time he took delivery of the airplane. The training did not include an instrument proficiency check. Prior to the transition training, the pilot reported a total flight time of 1,344 hours, which included 20 hours flight time and 4 hours instrument flight time within the one-year period preceding the training.

The pilots failure to maintain control of the airplane while operating in instrument meteorological conditions due to spatial disorientation. Contributing to the accident was the pilots inattention to basic aircraft control while attempting to program the autopilot system.",CIRRUS DESIGN CORP,SR22,51.0,Personnel issues-Psychological-Perception/orientation/illusio-Spatial disorientation-Pilot - C,Initial climb Loss of control in flight,-0.26142291448029153,0.0,582584.0,1.74,stable,unknown,4.068096949580258,10.615827732821304,mild_growth,strong_growth
20140707X41002,2,0,VMC,Daylight,UNK,PIC,<500,2014,7,"HISTORY OF FLIGHT

On July 5, 2014, about 1104 eastern daylight time, a Flight Design GMBH CT-SW 2006, N508CT, collided with trees then the ground shortly after takeoff from Royalton Airport, Gasport, New York. The private rated pilot, the sole occupant was fatally injured, and the airplane was substantially damaged. The airplane was registered to and operated by a private individual under the provisions of 14 Code of Federal Regulations (CFR) Part 91 as a personal, local flight. Visual meteorological conditions prevailed at the time and no flight plan was filed. The flight was originating at the time of the occurrence.

According to Federal Aviation Administration (FAA) personnel, witnesses reported the pilot performed an engine run-up at the approach end of runway 7, then back taxied down the runway where he turned around and initiated takeoff from runway 25. At rotation the airplane appeared to pitch up higher than normal followed by up and down pitch oscillations and left bank oscillations, climbing no higher than approximately 75 feet. The airplane also began a slow bank to the left, before impacting trees south of the runway in a left wing low attitude. The airplane came to rest nearly inverted on an easterly heading in a heavily wooded area. Witnesses called 911 to report the accident and the pilot was rescued and transported to a hospital, where he died on July 16, 2014.

PERSONNEL INFORMATION

The pilot, age 78, held an airline transport pilot certificate with rating(s) airplane multi-engine land; at the airline transport pilot level he held type ratings in B727 and DC-9. He held a commercial pilot certificate with rotorcraft helicopter, and instrument helicopter ratings; at the commercial level he was type rated in a SK-58. He also held a private pilot certificate with airplane single engine land rating, and held flight engineer certificate with turbojet and turboprop ratings. He held a third class medical certificate with a limitation to have available glasses for near vision on May 24, 2011. On the application for the last medical certificate he listed a total time of 30,225 hours, and his weight was listed as 222 pounds. There were no records of previous accidents or incidents or FAA enforcement actions.

A review of the pilot's pilot logbook from September 12, 2012, to the last entry dated May 21, 2014, revealed he logged 20 flights in the airplane totaling 34.5 hours. The first flight of September 17, 2012, was associated with the date he purchased the airplane and was logged as dual received and also as pilot-in-command (PIC). The remainder of the flights were only logged as PIC.

AIRCRAFT INFORMATION

The airplane was manufactured in 2006 by Flight Design GmbH, as model CT-SW 2006, and was designated serial number 06-10-06. It was powered by a Rotax 912 ULS carbureted engine rated for 5 minutes maximum at 100 horsepower at 5,800 rpm, or 95 horsepower maximum continuous performance at 5,500 rpm. It was equipped with a fixed pitch propeller.

Review of the maintenance records revealed the airplane was last inspected in accordance with an annual inspection that was signed off on June 24, 2014. The airframe logbook entry indicated in part that the autopilot computer was overhauled at the factory, and an invoice provided by the pilot's son indicated the inoperative roll servo was removed and a loaner roll servo was installed and rigged. The airplane total time at that time was reported to be 317.1 hours. Excerpts from the airframe maintenance records are contained in the NTSB public docket.

According to the mechanic who performed the last annual inspection, following installation of the overhauled autopilot computer and loaner roll servo, he test flew the airplane twice totaling about 1.2 hours. During both flights he operated the autopilot later reporting no discrepancies with the system including the loaner roll servo.

METEOROLOGICAL INFORMATION

A surface observation weather report taken

The private pilot was taking off in the light sport airplane for a local flight. Witnesses reported seeing the pilot begin the takeoff. During the rotation, the airplane appeared to pitch up higher than normal, followed by up-and-down pitch oscillations and left bank oscillations; it climbed no higher than about 75 ft. The airplane began a slow left bank, which was not consistent with a normal takeoff procedure, before impacting trees south of the runway in a left-wing-low attitude. The pilot indicated to his son before he died that the airplane experienced flight control issues related to the autopilot.

Postaccident examination of the airplane revealed that the flaps were symmetrically extended 15 degrees, and there was no evidence of preimpact failure or malfunction of the flight controls for roll, pitch, or yaw. According to an airplane performance study, the pilot was operating the airplane about 4 knots above its stall speed during the left turn; however, the location of the main wreckage with respect to the airplane's last GPS data point indicated that the bank angle likely increased and exceeded the airplane's critical angle-of-attack, which resulted in an aerodynamic stall.

Data from the engine's recording device indicated that, during the beginning portion of the takeoff sequence while the airplane was over the runway, the engine rpm decreased about 50 rpm and then increased nearly 900 rpm about the point and time when the airplane banked left and hit the trees. Postaccident operational testing of the engine revealed that it produced full-rated power with no evidence of preimpact failure or malfunction. The reason for the reduced power setting at takeoff could not be determined.

Although the pilot reported that the pitch-and-roll oscillations during takeoff were related to the autopilot, it could not be determined during examination of the autopilot whether the autopilot was engaged during the accident flight. Postaccident testing of the autopilot controller and roll servo revealed no evidence of preimpact failure or malfunction; the override torque value of the roll servo was within limits. 

The autopilot controller minimum airspeed was found set to a value of 0, which would have disabled the minimum airspeed alert if the autopilot were engaged. The pitch servo was found inoperative due to a failed voltage regulator; however, this condition would not have caused any increased torque or servo runaway. Following replacement of the failed component, the pitch servo tested satisfactorily, and the override value was within limits. Therefore, if the autopilot had been engaged and an autopilot malfunction had occurred, the pilot would have been able to override any pitch and yaw servo commands. Further, if the autopilot had been engaged and the controller minimum airspeed had been set to an appropriate value, it is likely that a stall alert would have occurred that provided the pilot with adequate time to respond to and avert an aerodynamic stall.

The pilot's failure to maintain adequate airspeed following a left turn during takeoff, which led to the airplane exceeding its critical angle-of-attack and experiencing an aerodynamic stall.",FLIGHT DESIGN GMBH,CT-SW 2006,78.0,Personnel issues-Task performance-Use of equip/info-Aircraft control-Pilot - C,Initial climb Aerodynamic stall/spin,0.4993337111522944,-0.6756756756756799,590517.0,2.94,stable,stable,1.2346325354091636,3.992327059105616,mild_growth,mild_growth
20140708X15409,2,0,VMC,Daylight,UNK,PIC,<500,2014,7,"HISTORY OF FLIGHT

On July 5, 2014, at 1513 Pacific daylight time, a Globe Swift GC-1B, N3773K, made a forced landing into a field following a loss of engine power during the approach to Pierce County Airport/Thun Field, Puyallup, Washington. The pilot, who was the registered owner, was operating the airplane under the provisions of 14 Code of Federal Regulations (CFR) Part 91. The private pilot, the sole occupant, was not injured; the airplane sustained substantial damage. The local flight departed from Vashon Municipal Airport, Vashon, Washington about 1455 with a planned destination of Puyallup. Visual meteorological conditions prevailed and no flight plan had been filed.

In a written statement the pilot reported that while on the downwind leg of the traffic pattern for runway 34, he configured the airplane for landing which included lowering the landing gear. He extended the downwind leg to allow for adequate spacing of other traffic and lowered the wing flaps as he turned onto the base leg. During the turn, the engine made a loud ""bang"" and began to experience a partial loss of power. The JPI engine monitor installed was indicating that the exhaust gas temperatures (EGTs) on the engines right side (cylinders nos.1, 3, and 5) were minimal. The oil and fuel pressure gauges remained in the green, showing normal indications.

The pilot further stated that gray smoke began emanating through the right side of the cockpit although he could not detect the source of any fire or flames. He activated the fuel boost pump to the ""low boost"" setting and the engine began operating worse. Thereafter he turned off the boost pump and the engine appeared to temporarily gain power, though the JPI now showed low EGT indications for the left cylinders. The airplane continued to descend and collided with an embankment that was located on the airport property prior to the runway. The airplane bounced and slid to a stop. As a result of the impact, the airplane incurred structural damage to the left wing.

A preliminary engine examination revealed that the no.3 cylinder's piston was not intact. 

AIRCRAFT INFORMATION

The Globe GC-1B Swift, serial number (s/n) 1466, was manufactured in 1946. The engine's data plate indicated it was a Continental Motors IO-360-KB3B engine, s/n 288571-R.

The engine had accumulated 1,393 hours total time, which was determined by using the maintenance logbook and accounting for the tachometer time on the airplane at the examination (181.1 hours). The last annual inspection was dated October 20, 2013 at an airframe total time of 3,431.5 hours. The entry noted that the ""engine will be airworthy concurrent with the airframe annual inspection, upon completion of repair to #3 cylinder for exhaust leak.""

The engine  underwent maintenance in December 2013, about 30 hours prior to the accident. The maintenance records and invoices indicated that the nos.3 and 5 cylinders underwent repairs due to the exhaust anomalies noted in the annual inspection. The invoice to the pilot detailed that the newly purchased (and presumably replaced) parts for the repairs were as follows (in pertinent part): two intake valves, two intake guide seals, one exhaust valve [the second exhaust valve was on back order], two exhaust guides, and eight valve keys. The labor detail paperwork that was filled out by the mechanics performing the work showed that the no.3 cylinder was repaired and the exhaust valve guides were replaced. The box was not initialed stating the work was completed for ""assemble cylinder with valves and springs,"" but was initialed for ""assemble cylinder complete with valves, springs, piston, and rings."" That paperwork was signed off by the mechanic as completed on December 02, 2013. The same initialed boxes were found for the no.5 cylinder.

The logbook entry for this maintenance, dated December 12, 2013, stated that both the nos.3 and 5 cylinders were removed for repair, the exhaust guides and valves were repl

The pilot/owner of the airplane was conducting a local personal flight. The pilot reported that, while the airplane was in the traffic pattern at the destination airport, the engine made a loud ""bang"" and experienced a loss of power. His attempts to regain engine power were unsuccessful, and the airplane descended and then collided with an embankment located on the airport property before the runway.

Examination of the engine revealed a large mechanically formed hole on the top side of the No. 3 piston, and the cylinder head had sustained significant mechanical damage. The exhaust valve head was separated from its stem and lodged in the exhaust valve seat perpendicular to its normal seated position. The stem was not located. Numerous pieces of the No. 3 cylinder's fractured piston and piston rings and other metal debris were found throughout the engine.

A metallurgical examination revealed that only the No. 3 cylinder's liberated valve head fragment remained, and the nature of the fracture could not be determined due to the subsequent damage sustained from the head battering against the piston crown. The mating valve stem was missing, and there were no remnants of its material in the cylinder. The valve stem seat keepers and the exhaust rocker arm were significantly damaged. Although the damage to the keepers and rocker arm may have occurred after the exhaust valve failed, the wear marks on the interior surfaces of the No. 3 exhaust retainer suggested that the valve seat keepers were not properly aligned, which may have resulted from their being installed improperly at one point or the valve stem being undersized; however, without the missing valve stem to examine, this could not be conclusively determined. There were no indications of foreign material or contamination in or on the No. 3 cylinder assembly components.

A review of the engine's maintenance records and invoices indicated that, about 30 hours before the accident, the Nos. 3 and 5 cylinders underwent repairs due to exhaust anomalies noted during the airplane's most recent annual inspection. The logbook entry for this maintenance action stated, in part, that both the Nos. 3 and 5 cylinders were removed and that the exhaust guides and valves were replaced with new parts. 

The next and last maintenance entry in the engine's logbook indicated that, about 19 flight hours following the previous maintenance, the pilot changed the oil and found metal flakes in the oil filter. He sent a sample of the oil to a laboratory for analysis, and the results showed that it contained a high quantity of metal, some of which was identified as metal consistent with valve keys (keepers) material. The oil/material analysis report recommended contacting the engine manufacturer's service representative; however, the pilot did not do so.

The failure of the exhaust assembly in the No. 3 cylinder for reasons that could not be determined due to the damage incurred to the fractured parts. Also causal to the accident was maintenance personnels improper installation of the cylinder.",GLOBE,GC 1B,66.0,Aircraft-Aircraft power plant-Engine (reciprocating)-Recip eng cyl section-Failure - C,Approach-VFR pattern base Loss of engine power (total),0.4993337111522944,-0.6756756756756799,590517.0,2.94,stable,stable,1.2346325354091636,3.992327059105616,mild_growth,mild_growth
20180811X51444,3,0,VMC,Daylight,UNK,PIC,<500,2018,8,"HISTORY OF FLIGHTOn August 11, 2018, at 1017 Pacific daylight time a Mooney M20K, N231EC, was substantially damaged when it was involved in an accident near Baker, Oregon. The private pilot and student pilot-rated passenger were fatally injured. The airplane was operated as a Title 14 Code of Federal Regulations Part 91 personal flight.

About 1015, a pilot who was in his hangar about 1,300 ft southwest of the runway 31 midfield at Baker City Municipal Airport (BKE), observed a low-wing airplane flying directly overhead toward the south. It caught his attention because it was inside the normal left downwind traffic pattern but was flying lower than appropriate, between 600 and 700 ft above ground level (agl). He then heard the airplane reduce engine power to a setting that seemed appropriate for an airplane descending to land. He did not see the airplane emitting any smoke or vapors. He anticipated watching the airplane land, but did not see it.

About the same time, the owner of a local fixed base operator located on the airfield heard the pilot of the accident airplane report that he was on final for runway 31. She did not hear the pilot make any additional calls, and did not hear the airplane land.

Multiple witnesses located south of the airport recounted seeing a low-wing airplane flying south-southeast in a direction typically followed by airplanes making a landing similar to the approach for runway 31. Two witnesses saw the airplane begin a left turn out of view beyond trees, followed by the sound of an impact. One witness saw the airplane turn, then immediately transition to a rapid, nose-down descent. Another witness located under the approach path for runway 31 saw the airplane fly overhead to the south and then off into the distance. Based on its location, he assumed it had just taken off, and a short time later, he looked back and could no longer hear the airplane, but saw that it was in a nose-dive. PERSONNEL INFORMATIONPilot

The pilot held a private pilot license certificate with a rating for airplane single-engine land, issued on December 7, 2016. The pilot's most recent flight instructor stated that he was initially approached by the pilot after another instructor had provided initial flight training. After his initial assessment, the instructor was concerned that the training would take a long time to complete, and after about 70 hours of instruction, the pilot was ready to solo. As the training progressed, the instructor was still concerned that the pilot was not learning and developing quickly enough and often flew ""behind the power curve,"" allowing the airplane to ""get ahead of him.""

The pilot initially failed the practical test for his private pilot certificate on November 28, 2016. His disapproval notice stated, ""Demonstrated poor situational awareness and single pilot resource management during cross country execution. Power on stall with turn was unsat[isfactory] as well."" He was reexamined, and passed the practical exam on his second attempt.

The pilot had 101 hours of flight experience (69.5 hours dual) by the time he was issued his private pilot license, the majority of which was in a Cessna 152. After receiving his pilot's license, the pilot told the instructor that he was looking for a faster airplane to commute in and was interested in a Mooney. The instructor expressed concern that the Mooney was too fast and complex for the pilot's level of experience.

The pilot transitioned to a Piper PA-28-180 and continued to receive flight instruction. He received his high-performance/complex airplane endorsement on January 5, 2018, after 7.5 hours of instruction in a Cessna 210.

The instructor stated that, after the first 5 flight lessons while training for his high-performance/complex airplane endorsement, the pilot was insistent that he was ready to fly solo, but the instructor disagreed, and as a test, they performed a short cross-country flight with the instructor observing. The ins

The pilot and student pilot-rated passenger were in a high-performance airplane and inbound for landing. Multiple witnesses saw the airplane on the downwind leg of the airport traffic pattern; one witness estimated that the airplane was lower and closer to the runway than a typical traffic pattern. Witnesses then saw the airplane begin a left turn, and one reported that the airplane then rapidly transitioned to a nose-down descent.

The wreckage location corresponded to an extended downwind-to-base turn; there was ample space available for the pilot to initiate the turn to final without excessive flight control inputs. The airplane appeared to be in the landing configuration, and debris distribution and damage indicated a near vertical, nose-down impact, consistent with the airplane impacting the ground while in a spin.

Postaccident examination did not reveal any anomalies with the airframe or engine that would have precluded normal operation, and the engine appeared to be operating at the time of impact; however, evidence suggested that the airplane's engine-driven vacuum pump had recently failed. Such a failure would have resulted in multiple visual alerts, caused the vacuum-operated instruments to become inoperative, and prevented operation of the airplane's speed brakes. The airplane was equipped with a backup vacuum system; however, impact damage prevented an accurate assessment of its operational status at the time of the accident. The vacuum pump had exceeded its manufacturer's recommended replacement life and had been subjected to multiple sudden engine stoppage events, each of which required replacement of the pump; however, there was no indication in the airplane's logbooks that the pump had been replaced following these events.

Although none of the systems that relied on the vacuum pump were critical for visual flight rules operation, such a failure would have presented an operational distraction to the pilot that would have competed for his attention while flying in the pattern. Based on witness reports and the location of the wreckage, it is possible that he extended the downwind leg to attempt to manage the failure or in an effort to slow the airplane further in order to land without the speed brakes.

The presence of a systems failure may have exceeded the pilot's capability to appropriately divide his attention between airplane control and systems management. The pilot had relatively low flight experience and had demonstrated poor situational awareness and pilot resource management during his initial private pilot practical test, which he failed on the first attempt. He was also involved in a hard landing with the accident airplane about 2 months before the accident, resulting in damage to the propeller and landing gear. His flight instructor expressed concern that the complex, high-performance airplane was too fast and advanced for the pilot's level of experience. He recounted how the pilot often struggled with maintaining a stabilized landing approach and often allowed the airplane to ""get ahead of him.""

It is likely that the pilot became distracted during the landing approach and allowed the airplane to slow down and exceed its critical angle of attack during the turn from the downwind to base leg, resulting in an aerodynamic stall and spin at an altitude too low for recovery.

The pilot's exceedance of the airplane's critical angle of attack during the landing approach as a result of his diversion of attention after a series of non-essential aircraft systems became inoperative following the failure of the engine-driven vacuum pump, which resulted in an aerodynamic stall/spin.",Mooney,M20K,77.0,Aircraft-Aircraft oper/perf/capability-Performance/control parameters-Angle of attack-Capability exceeded - C,Enroute Flight instrument malf/fail,0.6261935550468722,0.4566210045662267,721360.0,2.2,stable,stable,-0.03409300141038463,2.363420427553442,stable,mild_growth
20180811X71550,3,0,VMC,Daylight,UNK,PIC,<500,2018,8,"HISTORY OF FLIGHTOn August 11, 2018, about 1056 Pacific daylight time, an experimental, amateur-built Zenith CH-750 airplane, N328SK, was substantially damaged during a forced landing near Napa County Airport (APC), Napa, California. The commercial pilot/owner and his pilot-rated passenger were not injured. The airplane was operated as a Title 14 Code of Federal Regulations Part 91 personal flight. Visual meteorological conditions existed at APC about the time of the accident. The local flight had originated from APC about 25 minutes earlier.

According to the pilot, who was also the builder of the airplane, the airplane was for sale, and the accident flight was a demonstration/familiarization flight for a potential buyer. The pilot reported that they flew in the local area for about 20 minutes, and then he handed airplane control to the potential buyer, who was in the right seat. The buyer wanted to see how slowly the airplane could fly, and decelerated to about 30 knots, which resulted in a significant airplane-nose-up pitch attitude. The airplane began ""sinking,"" so the pilot/owner took back control and pushed the nose over to regain airspeed. Almost immediately smoke entered the cockpit. The pilot declared an emergency and headed towards APC. Within a minute or two, the engine lost all oil pressure, and then ceased developing power.

The pilot initially attempted to glide to the airport, but then realized that the airport was too distant. He then decided to land on a road atop a nearby levee. The airplane touched down on the road, and the initial rollout was satisfactory. However, due to wind, the left wingtip struck the ground, and spun the airplane around. Due to the narrow width of the road and levee, the airplane then veered off the levee, and damaged the wing and fuselage. The airplane came to rest below the top of the levee, about 0.6 miles west of the APC runway 6 threshold.

According to Federal Aviation Administration (FAA) information, about 1050 the pilot reported to the APC air traffic control tower (ATCT) local controller (LC) that he had an ""oil pressure issue."" The LC asked the pilot if he required any assistance, and the pilot replied in the negative. At 1055 the pilot re-contacted the LC, advising that he was having ""more issues,"" but did not elaborate. The ATCT controller in charge (CiC) declared an emergency for the pilot. The pilot then radioed that he had lost all engine power and was attempting to reach runway 6. At 1056 the pilot advised the LC that he could not make the runway and was landing on a levee about 1/2 mile short of the runway. After the airplane came to rest, the pilot notified the LC of their situation. PERSONNEL INFORMATIONFAA records indicated that the pilot held a commercial pilot certificate with airplane single-engine land, rotorcraft-helicopter, and instrument airplane ratings. He also held a repairman experimental aircraft builder certificate valid for the accident airplane. According to information provided by the pilot, he had approximately 7,700 total hours of flight experience, including about 200 hours in the accident airplane make and model. His most recent flight review was completed in September 2017, and his most recent medical certificate was issued under the Basic Med program in April 2017. AIRCRAFT INFORMATIONGeneral

FAA records indicated that the airplane was built by the pilot, and received its initial airworthiness approval in 2014. The airplane was equipped with a Belgian ULPower brand 350iS series piston engine that was rated at 130 horsepower.

Engine Fuel

The ULPower Operating Manual (OM) for the engine stated that ""regular unleaded automotive fuelshould be used to operate"" the engine. The OM specified minimum octane rating values of 98 RON, 90 MON, or 94 AKI. ""RON"" and ""MON"" are two different methods and indices for determining the octane value. ""AKI"" stands for anti-knock index, and is the arithmetic mean of RON and MON. In the United States, t

The pilot/owner was conducting a flight in the experimental amateur-built airplane with a pilot-rated passenger, who was a potential buyer. The pilot reported that they flew in the local area for about 20 minutes, and then smoke entered the cockpit. The pilot declared an emergency and headed toward the departure airport. Within 1-2 minutes, the engine lost all oil pressure and then lost total power.

The pilot initially attempted to glide to the airport but, because it was too far away, decided to land on a road atop a nearby levee. The airplane touched down normally, but due to wind, the left wingtip struck the ground; the airplane spun, veered off the levee, and sustained substantial damage to the wing and fuselage.

The engine exhibited some impact-related damage but did not exhibit any external evidence of nonimpact-related damage. The engine was devoid of lubricating oil, and significant oil residue was observed on the muffler and the lower fuselage. Postaccident examination indicated that the source of the oil was via the seal for the engine case drive penetration of the starter ring gear, located just above the muffler. The oil exited via this seal and produced smoke when it contacted the hot muffler.

The engine control unit (ECU) was removed and shipped to the engine manufacturer's facility, where it was installed on a testbed engine. That engine operated normally with the accident ECU installed.

The engine was disassembled and examined in detail. All four pistons displayed evidence of significant erosion damage consistent with detonation, with at least one piston eroded to the point that it could no longer seal against the cylinder wall. A common cause of detonation is using a lower octane fuel than specified by the manufacturer. The damage was consistent with the use of fuel with octane rating(s) significantly below that required for the engine. Although the pilot did not specify the octane rating of the fuel that he used, it is likely that he used fuel below the required octane rating.

At least one piston was eroded to the point that it allowed cylinder combustion gasses to enter and pressurize the engine crankcase. This crankcase pressurization forced the engine oil past the starter ring gear drive seal and out of the engine, which resulted in the exhaustion of the engine oil and a subsequent complete loss of engine power. The pilot-provided maintenance records did not include any entries that documented maintenance activities, including oil changes. Had the pilot conducted regular inspections and maintenance, it is possible that the detonation-caused internal engine damage would have been detected before the accident flight.

The pilot's use of fuel below the required octane rating, which caused engine detonation and damage and subsequently led to oil exhaustion and a total loss of engine power in flight. Contributing to the accident was the pilot's inadequate service/maintenance of the airplane.",Zenair,ZENITH STOL CH750,67.0,Aircraft-Fluids/misc hardware-Fluids-Fuel-Incorrect use/operation - C,Prior to flight Aircraft maintenance event,0.6261935550468722,0.4566210045662267,721360.0,2.2,stable,stable,-0.03409300141038463,2.363420427553442,stable,mild_growth
20180805X60932,4,0,VMC,Daylight,UNK,PIC,<500,2018,8,"HISTORY OF FLIGHTOn August 4, 2018, about 1753 Alaska daylight time, a de Havilland DHC-2 airplane, N323KT, sustained substantial damage during an impact with steep, snow-covered terrain about 50 miles northwest of Talkeetna, Alaska, in Denali National Park and Preserve. The commercial pilot and four passengers were fatally injured. The airplane was registered to Rust Properties, LLC, and was operated by Rust's Flying Service, Inc., doing business as K2 Aviation, as a Title 14 Code of Federal Regulations (CFR) Part 135 visual flight rules on-demand commercial air tour flight. Visual meteorological conditions prevailed and company flight following procedures were in effect. The flight departed Talkeetna Airport at 1705 and was scheduled to return about 1 hour later.

The glacier tour flight comprised an aerial tour of multiple glaciers as well as the area that serves as base camp for Denali climbers. A review of GPS track data from the company's satellite tracking program revealed that, at 1746, the accident airplane had changed its course near the Denali summit and proceeded southeast down the Kahiltna glacier valley abeam the Kahiltna Climber Base Camp.

At 1753, the Alaska Rescue Coordination Center received an alert from the airplane's emergency locator transmitter (ELT). At 1756, K2 Aviation's satellite tracking program alerted the flight follower that satellite tracking had stopped and the company initiated lost aircraft procedures. About 1800, the accident pilot placed a satellite phone call to personnel at K2 Aviation. According to another company pilot that was in the operations area at K2 Aviation, the accident pilot stated on that call ""[w]e've run into the side of a mountain"" and that they were in need of rescue; the connection was lost shortly thereafter. After several attempts, contact was again made with the accident pilot, who stated that he was trapped in the wreckage and there were possibly two fatalities. No further information was received before the connection was lost a second time. At 2008, a National Park Service (NPS) rescue helicopter departed Talkeetna Airport en route to the coordinates transmitted from the ELT. Due to poor weather conditions in the area, the wreckage was not located. On August 6, an NPS helicopter crew located the airplane in a crevasse on a hanging glacier on Thunder Mountain (about 14 miles southwest of the Denali summit) at an elevation about 10,920 ft mean sea level (msl). PERSONNEL INFORMATIONThe pilot, age 58, held a commercial pilot certificate with ratings for airplane single-engine land and sea and instrument airplane. His most recent second-class Federal Aviation Administration medical certificate was issued on March 13, 2018, with a limitation for corrective lenses.

The pilot's personal logbooks were located; however, the last entry in the logbook was April 27, 2018. Company records indicated that the pilot had accumulated about 2,550 total hours of flight experience, of which about 216 were in the previous 90 days and 78.8 were in the previous 30 days. His most recent pilot competency check conducted in accordance with 14 CFR 135.293 was completed on May 18, 2018. AIRCRAFT INFORMATIONThe accident airplane was manufactured in 1957. At the time of the most recent 100-hour inspection on July 22, 2018, the airplane had a total time in service of 15,495.6 flight hours. At the time of the accident, the airplane had accrued 48.6 flight hours since the 100-hour inspection.

The airplane was equipped with a Pratt and Whitney R-985 radial engine rated at 450 horsepower. The engine was overhauled 1,113.4 hours before the accident flight. The engine had a total time in service of 2,471.6 hours. METEOROLOGICAL INFORMATIONThe station models in the vicinity of the accident site about the time of the accident depicted light winds, broken to overcast clouds, and temperatures between 58°F and 64°F. Farther north and northeast of the accident site, the stations at McKinley Park Ai

The commercial pilot was conducting a 1-hour commercial air tour flight over Denali National Park and Preserve with four passengers on board. About 48 minutes after departure, the Alaska Rescue Coordination Center received an alert from the airplane's emergency locator transmitter. About 7 minutes later, company personnel received a call from the pilot, who reported that the airplane had run ""into the side of a mountain."" Although a search was initiated almost immediately, due to poor weather conditions in the area, the wreckage was not located until almost 36 hours later in a crevasse on a glacier about 10,920 ft mean sea level. Due to the unique challenges posed by the steepness of terrain, the crevasse, avalanche hazard, and the condition of the airplane, neither the occupants nor the wreckage were recovered from the accident site. 

A weather model sounding for the area of the accident site estimated broken cloud bases at 700 ft above ground level (agl) with overcast clouds at 1,000 ft agl and cloud tops to 21,000 ft agl and higher clouds above. The freezing level was at 9,866 ft and supported light-to-moderate rime type icing in clouds and precipitation. The on-scene assessment indicated that the right wing impacted snow while the airplane was flying in a wings-level attitude; the right wing had separated from the remainder of the wreckage. Based upon available weather data and forecast models and the impact evidence, it is likely that the pilot entered an area of reduced visibility and was unable to see the terrain before the airplane's right wing impacted the snow.

The company's organizational structure was such that one group of management personnel oversaw operations in both Anchorage and Talkeetna. Interviews with company management revealed that they were not always aware of the exact routing a pilot would take for a tour; the route was pilot's discretion based upon the weather at the time of the flight to provide the best tour experience. 

Regarding risk mitigation, the company did not utilize a formal risk assessment process, but rather relied on conversations between pilots and flight followers. This could lead to an oversight of actual risk associated with a particular flight route and weather conditions.

About 8 months after the accident, an assessment flight conducted by the National Park Service determined that during the winter, the hazardous hanging glacier at the accident site calved, releasing an estimated 4,000 to 6,000 tons of ice and debris. There was no evidence of the airplane wreckage near the crash site, in the steep fall line, or on the glacier surface over 3,600 ft below. 

Although the known circumstances of the accident are consistent with a controlled flight into terrain event, the factual information available was limited because the wreckage was not recovered and no autopsy or toxicology of the pilot could be performed; therefore, whether other circumstances may have contributed to the accident could not be determined.

Impact with terrain for reasons that could not be determined because the airplane was not recovered due to the inaccessible nature of the accident site.",De Havilland,DHC-2,58.0,Not determined-Not determined-(general)-(general)-Unknown/Not determined - C,Enroute Unknown or undetermined,0.6261935550468722,0.4566210045662267,721360.0,2.2,stable,stable,-0.03409300141038463,2.363420427553442,stable,mild_growth
20180809X51217,3,0,VMC,Daylight,UNK,PIC,<500,2018,8,"HISTORY OF FLIGHTOn August 8, 2018, about 1828 Pacific daylight time, a Cessna T337G airplane, N255, was substantially damaged to the lower fuselage during landing at Lewiston Perce Nez Airport (LWS) Lewiston, Idaho. The commercial pilot and his passenger were not injured. The airplane was registered to Northern Air Inc, and was under contract to and being operated by the United States Forest Service as a Title 14 Code of Federal Regulations Part 91 aerial survey flight. Visual meteorological conditions existed at the time of the accident and no flight plan was filed. The flight had originated from LWS about 5 hours before the accident.

According to the pilot, the airplane operated normally for the mission, and for most of the landing approach. However, when the pilot selected the landing gear to the extended position, the gear doors opened, the electric motor that pressurized the hydraulic extension system continued to run, but the landing gear failed to extend. The pilot reported that the airplane was at a speed about 20 mph below the maximum landing gear operating speed when he selected the gear down. The pilot pulled the circuit breaker for the pump motor and abandoned the approach. He then flew a short distance away from LWS so that he could attempt to troubleshoot and rectify the problem.

The pilot cycled the landing gear control five or six times, but all efforts to operate the landing gear were unsuccessful. He then employed his passenger to assist him with running the checklists and other troubleshooting activities. The pilot and passenger determined that the landing gear system hydraulic fluid reservoir that was accessible to them in the cabin was empty. The pilot contacted his maintenance personnel by radio, and they assisted in additional attempts to correct the situation; these attempts included replenishing the reservoir with oil and water. Despite those efforts, the landing gear could not be successfully extended. The pilot decided to burn off extra fuel before returning to conduct a gear-up landing.

During the return approach, the pilot secured the front engine, and ""bumped"" the propeller with the starter to position the blades horizontally, in order to prevent damaging them by runway contact. The occupants unlatched a cabin door in order to enable assured opening after landing. The pilot landed the airplane gear up on runway 30, and the airplane slid to a stop within a few feet of the runway centerline. PERSONNEL INFORMATIONFederal Aviation Administration (FAA) records indicated that the pilot held a commercial pilot certificate with a airplane single engine, multiengine, and instrument ratings. According to information provided by the pilot, he had approximately 4,460 total hours of flight experience, including approximately 632 hours in the accident airplane make and model. His most recent flight review was completed in May 2018, and his most recent FAA second-class medical certificate was issued in May 2018. AIRCRAFT INFORMATIONThe airplane was manufactured in 1975, as serial number P3370213. Operator information indicated that the airplane was equipped with two Continental Motors TSIO-360 series engines. The airplane was a centerline thrust configuration, and was equipped with retractable, tricycle-configuration landing gear. The airframe and both engines had each accumulated a total time (TT) in service of about 2,848 hrs. The engines had each accumulated about 880 hours TT since the most recent overhaul. The most recent annual inspection was completed on July 9, 2018.

The airplane manufacturer's published normal operating speed range for the airplane was 80 to 190 mph, and the caution speed range was from 190 to 230 mph. The maximum landing gear extension speed was 160 mph, and the maximum landing gear extended operating speed was 230 mph.

The landing gear was arranged in a tricycle configuration. All 3 landing gear retracted into the fuselage, and were aerodynamically faired by multiple d

The pilot reported that he was returning to the airport after an uneventful aerial survey flight. When the pilot extended the landing gear, the system began operating but the gear did not extend. Multiple efforts to extend the gear, including assistance by the passenger and coordination with his company's maintenance personnel, were unsuccessful. The pilot then burned off excess fuel and conducted a gear-up landing at the airport. The airplane sustained substantial damage to the lower fuselage. 

Postaccident examination of the airplane revealed that two main landing gear door actuators had hyperextended and allowed all hydraulic fluid to be lost. Detailed examination indicated that the right actuator had hyperextended in flight, while the left one hyperextended due to landing gear door runway contact during the gear-up landing. The actuator rod in each actuator was normally travel-limited and contained by a single internal snap ring, which acted as the mechanical stop and retention device for the rod inside the actuator cylinder. For undetermined reasons, the snap ring was liberated from its groove in the right actuator, which allowed the actuator rod to travel beyond its normal limit, which resulted in the loss of hydraulic fluid and operational failure of the landing gear. Postexamination reassembly and testing of the landing gear system indicated that the hyperextended actuators were the only mechanical deficiencies in the system.

The airplane manufacturer's maintenance manual specified the replacement of the snap rings (retainers) upon rebuild of the actuator. According to the airplane maintenance records, all three main landing gear door cylinders (actuators) were rebuilt with new ""O-rings"" about 4 years before the accident. The entry did not cite any additional details about the rebuilds, including whether new internal snap rings were installed. Discussions with the operator's director of maintenance indicated that the snap rings likely were not replaced during the actuator rebuild.

Review of industry documents revealed other occurrences of snap ring liberation and consequent landing gear system problems in this model airplane, and at least two different hardware options to prevent recurrence were available. One incorporated a new-design actuator that eliminated the accident failure mode, and one involved elimination of the subject actuators from the airplane. The operator reported that this modification was installed on the accident airplane when it was repaired after the accident. Either option would ensure against a recurrence of this accident scenario.

The liberation of an internal snap ring from a landing gear door actuator, which resulted in a complete loss of hydraulic fluid and a gear-up landing. Contributing to the accident was the failure of maintenance personnel to replace the snap ring during the last rebuild of the actuator.",Cessna,T337,33.0,Aircraft-Aircraft systems-Landing gear system-Landing gear door retract sec-Failure - C,Approach Sys/Comp malf/fail (non-power),0.6261935550468722,0.4566210045662267,721360.0,2.2,stable,stable,-0.03409300141038463,2.363420427553442,stable,mild_growth
20150910X75635,2,0,VMC,Daylight,UNK,PIC,<500,2015,9,"HISTORY OF FLIGHTOn September 10, 2015, about 1448 eastern daylight time, a Mooney M20TN airplane, N370MM, impacted the Atlantic Ocean off the coast of Atlantic City, New Jersey. The commercial pilot was fatally injured, and the airplane sustained substantial damage. The airplane was owned by the pilot and the flight was being conducted as a 14 Code of Federal Regulations Part 91 personal flight. Day visual meteorological conditions existed near the accident site about the time of the accident, and an instrument flight rules flight plan had been filed. The flight originated from Gaylord Regional Airport (GLR), Gaylord, Michigan, about 1200 and was destined for Atlantic City International Airport (ACY), Atlantic City, New Jersey.

According to the pilot's logbook and a fuel receipt, he flew the accident airplane for 1 hour on September 7, 2015, and then fueled the airplane with 11.4 gallons of 100LL aviation fuel. There were no other fuel transactions or flights between that time and the day of the accident. The pilot reported in his flight plan that there was sufficient fuel onboard the airplane for 6 hours of flight.

According to Federal Aviation Administration (FAA) Minneapolis Air Route Traffic Control Center (ARTCC) records, the airplane departed GLR about 1200, and at 1214:04, the pilot checked in and informed the controller that he was climbing from 17,600 to 21,000 ft mean sea level (msl). The controller then instructed the pilot to climb to 25,000 ft msl, and the pilot read back the assigned altitude and continued toward the destination.

About 23 minutes later, while the autopilot-equipped airplane was in cruise flight, the ARTCC controller attempted to contact the pilot with a frequency change; however, the pilot did not respond. The controllers' repeated attempts to contact the pilot throughout the remainder of the flight were unsuccessful as the airplane continued flying a straight course toward ACY at 25,000 ft msl. According to radar data, at 1438 and while about 5 miles northwest of ACY, the airplane began descending from 25,000 ft msl and continued to descend at an average descent rate of about 1,600 ft per minute on a southeast heading until it impacted the Atlantic Ocean about 8 minutes later. As the airplane was descending, two F-16 airplanes departed ACY to relay search and rescue information, and the pilots subsequently found debris. PERSONNEL INFORMATIONAccording to the pilot's logbook, he held a commercial pilot certificate with airplane single-engine land, multiengine land, and instrument airplane ratings. His most recent FAA third-class medical certificate was issued on October 26, 2013, with no limitations. He recorded 4,900 hours of total flight experience, 2.5 hours of which were in the 90 days before the accident. AIRCRAFT INFORMATIONAccording to FAA records, the airplane was manufactured in 2007 and registered to the pilot in December 2007. The most recent annual inspection was performed on June 12, 2015, at which time it had accumulated 472.2 total hours of time in service.

According to the Pilot's Operating Handbook (POH), the airplane was equipped with extended range tanks where fuel was ""carried in two integrally sealed sections of the forward, inboard area of the wing."" The total usable fuel capacity was 102 gallons, 51 gallons per side. The pilot could set the fuel selector valve to the ""left"" tank, ""right"" tank, or ""off"" position via a recessed three-position handle aft of the console on the floor.

The airplane was also equipped with a four-place oxygen system that provided supplementary oxygen necessary for continuous flight at high altitude. Four oxygen outlets were provided in the overhead panel between the pilot and copilot seats. Oxygen would flow from the outlets only when a mask hose was connected. The pilot's mask was a permanent rebreathing-type mask with a vinyl plastic hose and a built-in microphone for radio communication while using oxygen. The oxygen cylinder fill

The commercial pilot departed Michigan on a personal cross-country flight in the autopilot-equipped airplane destined for New Jersey. Air traffic control records indicated that after the airplane departed, about 1200, a controller instructed the pilot to climb to 25,000 ft mean sea level (msl). At 1216, the pilot read back the assigned altitude and continued toward the destination. About 23 minutes later, the controller attempted to contact the pilot; however, the pilot did not respond. Controllers' repeated attempts to contact the pilot throughout the remainder of the flight were unsuccessful as the airplane continued flying a straight course toward the destination.

According to radar data, about 2 hours 22 minutes after the pilot's last transmission and while about 5 miles northwest of the destination, the airplane began descending out of 25,000 ft msl while on a southeast heading until it impacted the Atlantic Ocean about 8 minutes later. Given that the pilot refueled the airplane several days before the flight and filed a flight plan that indicated that the airplane's fuel onboard would allow for 6 hours of flight, it is likely that both fuel tanks had 51 gallons of fuel onboard. Fuel consumption calculations indicate that the airplane would consume up to 22.6 gallons of fuel per hour at cruise flight at 25,000 ft. Therefore, it is likely that the amount of fuel consumed on the day of the flight, given initial takeoff and climb consumption in addition to the 2 hours 22 minute cruise flight, would have been equivalent to the fuel available in one tank. Without pilot action to switch fuel tanks, the engine became starved of fuel and the airplane began its descent to the ocean.

An examination of the airframe and engine revealed no preimpact anomalies that would have precluded normal operation.

During an examination of the oxygen system on the airplane, a fitting, which connected an oxygen line to a regulator on the tank, was found loose and could be moved in both directions by hand without resistance. The oxygen system was serviced with oxygen 5 flight hours before the accident and had a capacity of at least 11 hours of oxygen for pilot-only operations; however, it is likely that the loose oxygen line allowed oxygen to escape and drained the oxygen canister more quickly than the pilot expected. Therefore, although the pilot was found wearing an oxygen mask, given the high altitude the airplane was at for the duration of the flight, the pilot's failure to respond to controller contact, and evidence indicating that he would have had reduced availability of supplemental oxygen, it is likely that the pilot became incapacitated due to hypoxia. The airplane's continued flight at 25,000 ft msl and its descent profile were consistent with the airplane operating under autopilot control and then descending to water impact due to fuel starvation.

The servicing of the oxygen system was performed at the time of an annual inspection, which should have included an inspection of the oxygen system for leaks.

Toxicology testing of specimens from the pilot detected 26 mg/dL ethanol in the blood; given that no ethanol was detected elsewhere, the low level of ethanol detected in pilot's blood was likely due to postmortem production not from ingestion; therefore, ethanol likely did not contribute to the accident. Diphenhydramine, an impairing medication that causes sedation, altered mood, and impaired cognitive and psychomotor performance, was detected in the liver and cavity blood. Because diphenhydramine undergoes postmortem distribution, levels may have been significantly lower than the detected postmortem levels ; therefore, it could not be determined whether the pilot's use of diphenhydramine contributed to the accident.

A loose oxygen line, which was not detected by maintenance personnel during a recent annual inspection, that allowed oxygen to escape and drain the oxygen canister more quickly than the pilot expected. This reduced the pilot's availability of supplemental oxygen and led to his experiencing hypoxia and the airplane subsequently flying on autopilot until it eventually lost power due to fuel starvation.",MOONEY AIRPLANE CO INC,M20TN,68.0,Aircraft-Aircraft systems-Oxygen system-(general)-Malfunction - C,Prior to flight Aircraft maintenance event,0.039388765467096576,-22.92682926829267,607011.0,1.58,stable,strong_decline,1.8557327220671382,-3.911131682480906,mild_growth,mild_decline
20150914X71046,3,0,VMC,Daylight,UNK,PIC,500-2000,2015,9,"HISTORY OF FLIGHT On September 13, 2015, about 1630 eastern daylight time, a Cessna 177, N2835X, impacted the ground following a go-around maneuver at Smith Mountain Lake Airport (W91), Moneta, Virginia, and a postimpact fire ensued. The commercial pilot and passenger were seriously injured. The airplane sustained substantial damage to both wings, the empennage, and the fuselage. Visual meteorological conditions prevailed and no flight plan was filed for the local aerial observation flight, that departed Norfolk International Airport (ORF), Norfolk, Virginia. The airplane was owned by a private individual and operated by DAP Imaging, Inc. for the aerial photographic flight, which was operated under the provisions of Title 14 Code of Federal Regulations Part 91. 

According to several witnesses, some of which were pilots; the airplane entered the downwind leg of the traffic pattern for runway 23 and was observed, above the expected approach path, while on the final leg of the approach. One eyewitness, who observed the accident, reported the engine was ""missing and backfiring"" prior to impact, and it was lower than he had ""normally"" observed. Two witnesses stated that the airplane was high and fast on the approach. One of these witnesses also stated that the airplane had a high groundspeed on the runway. The airplane impacted two trees and then a street. The passenger exited the airplane followed by the pilot, a few seconds later. However, after the passenger exited, the airplane was engulfed in flames. 

According to the passenger, the pilot elected to land at W91 because they were ""low on fuel."" During the entire flight she did not observe the pilot lean the fuel mixture. During the landing, the wind ""pushed"" them too far down the runway and about 80 percent of the way down the runway, the pilot attempted to takeoff. During climbout the engine ""was not making a normal sound,"" the stall horn sounded, and then the airplane impacted trees. After the airplane came to rest fuel was ""pouring onto them"" and the pilot told her to ""get out."" After she exited the airplane, it was engulfed in fire and the pilot was still inside. 

PERSONNEL INFORMATION 

According to Federal Aviation Administration (FAA) records, the pilot held a commercial pilot certificate with ratings for airplane single-engine land, helicopter, and instrument airplane and helicopter. He held a first-class medical certificate, which was issued on August 1, 2014, and had one restriction of ""must have corrective lenses."" According to IACRA (Integrated Airman Certification and Rating Application) paperwork found in the wreckage, that listed the pilot's name, revealed 246.7 total hours of flight experience in airplanes and 428.20 total hours of flight experience in helicopters; however, due to thermal damage to the paperwork, a date or total flight experience could not be ascertained. The pilot's flight logbook was located within the wreckage. The logbook was thermally damaged; however, an entry indicated that the pilot had conducted a flight review on March 30, 2015. According to the operator, the pilot's flight experience was reviewed in August 2015. Although no records were made of the experience the pilot had approximately 779 flight hours, of which, approximately 20 of those hours were in the accident airplane make and model. 

AIRCRAFT INFORMATION 

The high-wing, single-engine airplane, a Cessna 177 (serial number 17700235), was manufactured and issued a standard airworthiness certificate on November 16, 1967. The airplane was powered by a Lycoming O-360-E2D, 150-hp engine and driven by a 2-blade, McCauley propeller. A review of the maintenance records indicated that an annual inspection had been completed on September 1, 2015, at an airframe total time of 3777.0 hours. At the time of the inspection, the engine had accumulated 133.0 hours since major overhaul. The inspection was the most recent entry in the airplane maintenance records. 

According to

The commercial pilot was conducting an aerial photographic flight with one passenger on board. The airplane had been filled with fuel the day before the accident flight. On the day of the accident, the airplane was flown to and landed at two airports before it departed for the accident flight. The airplane was not refueled before the accident flight. 

  According to the passenger, during the accident flight, the pilot chose to land because the airplane was ""low on fuel."" Two witnesses stated that the airplane was high and fast on the approach. One witness stated that the airplane had a high groundspeed on the runway. The passenger stated that, during the landing, the wind ""pushed"" the airplane too far down the runway and that, when the airplane was about 80 percent of the way down the runway, the pilot attempted to perform a go-around. The passenger added that, during climbout, the engine did not sound normal, the stall horn sounded, and the airplane then impacted trees and that, after the airplane came to rest, fuel was ""pouring onto them."" A postcrash fire ensued.

  Examination of the airframe and engine did not find any abnormalities that would have precluded normal operation. The examination revealed that one propeller blade was fractured in at least three segments, which was indicative of rotation at the time of impact. Although it is likely that the engine was developing power at the time of impact, the investigation could not determine the amount of power that was being developed or applied at that time. 

  Although the pilot stated that the airplane was low on fuel and the passenger reported that the engine did not sound normal during the go-around, the amount of available fuel could not be determined. However, if the airplane was in a very low fuel state, the pilot might have felt a sense of urgency to get the airplane on the ground before the fuel was exhausted. He may have then rushed the approach to the airport, which led to the airplane being high and fast as it neared the runway and resulted in the need to go around late in the ground roll.

The flap position was found at less than 10 degrees; however, according to the go-around checklist in the Pilot's Operating Handbook (POH), the flaps should be retracted to ""1/2,"" which correlates to 15 degrees, until the airplane reaches an airspeed of about 75 mph. Therefore, it is likely that the flaps were in transit at the time of impact because the pilot had prematurely retracted the flaps. Further, the POH states that ""application of maximum allowable power [during a go-around] will require considerable control pressure to maintain a climb pitch attitude. The addition of power will tend to raise the airplane's nose suddenly and veer to the left. Forward elevator pressure must be anticipated and applied to hold the nose in a safe climb attitude"" It is likely that the combination of the premature retraction of the flaps and insufficient forward pressure led to the pilot's inability to maintain pitch control, which resulted in the airplane exceeding its critical angle-of-attack and a subsequent aerodynamic stall.

The pilot's premature retraction of the wing flaps and his subsequent failure to maintain pitch control during an attempted go-around, which resulted in the airplane exceeding its critical angle-of-attack and an aerodynamic stall. Contributing to the accident were the pilots inadequate in-flight fuel planning; his internal pressure to reach the airport expediently due to low fuel, which led to a high and fast approach; and his subsequent decision to go around when low on fuel.",CESSNA,177,36.0,Personnel issues-Task performance-Use of equip/info-Aircraft control-Pilot - C,Approach-VFR pattern final Miscellaneous/other,0.039388765467096576,-22.92682926829267,607011.0,1.58,stable,strong_decline,1.8557327220671382,-3.911131682480906,mild_growth,mild_decline
20111031X10241,2,0,VMC,Night,UNK,PIC,<500,2011,10,"HISTORY OF FLIGHTOn October 29, 2011, about 2009 Alaska daylight time (ADT), a Eurocopter AS350-B2 helicopter, N165EH, was destroyed during a collision with tundra-covered terrain about 7 miles southwest of Iliamna, Alaska. The pilot, the only occupant, died at the scene. The helicopter was operated by ERA Helicopters LLC, Anchorage, Alaska, as a 14 CFR Part 135 visual flight rules (VFR) on-demand charter flight when the accident occurred. Dark night, visual meteorological conditions (VMC) prevailed at the Iliamna Airport. The flight originated in Nome, Alaska about 1343, with fuel stops in Unalakleet and Bethel, Alaska before continuing to Iliamna, the flight's destination for the day. VFR company flight following procedures were in effect.

During an interview with the National Transportation Safety Board (NTSB) investigator-in-charge (IIC), on October 30, the operator's general manager reported that the accident helicopter was under contract to Fugro Airborne Surveys to support an aerial seismic survey project near Nome. He said that the survey crew had completed their survey, and the two survey crew members returned to Anchorage on October 25. The pilot planned to rendezvous with the crew in Anchorage, so that the specialized survey equipment which was still installed in the helicopter could be removed. However, continuous poor weather conditions delayed the pilot's departure from Nome until the afternoon of October 29.

The accident helicopter was equipped with a Sky Connect onboard satellite tracking system, which provides flight dispatchers with real-time position reports about every minute, as well as providing satellite phone communication with the pilot. The operator provided the NTSB with archived Sky Connect flight track data, which shows that after refueling in Bethel, the helicopter departed about 1755 en route to Iliamna. As the flight progressed along an easterly heading toward Iliamna, and eventually along the northern shore of Iliamna Lake, the Sky Connect system signal was lost at 2008, about 8 miles southwest of Iliamna, and subsequent attempts to contact the helicopter were unsuccessful.

The Federal Aviation Administration (FAA) issued an alert notice (ALNOT) on October 30, at 0615 Alaska daylight time.

The following morning, the crew of a company owned and operated Bell 212 helicopter discovered the fragmented wreckage about 7 miles southwest of Iliamna, in an area of marshy, tundra-covered terrain.

During telephone conversations with an NTSB investigator on October 31, the fuel vendors in Unalakleet and Bethel consistently noted that the pilot seemed rushed, and both reported him mentioning that he was trying to get to Iliamna before dark.

Sunset on the day of the accident was 1833; the end of civil twilight was 1917. PERSONNEL INFORMATIONThe pilot, age 66, held a commercial helicopter pilot certificate, and a helicopter instrument rating. In addition, he held a commercial airplane pilot certificate with airplane single-engine land, multiengine land, and an instrument airplane rating. The most recent second-class medical certificate was issued to the pilot on February 10, 2011, which contained the limitation that he wears corrective lenses.

In the Pilot/Operator Aircraft Accident Report (NTSB Form 6120.1) submitted by ERA Helicopters, the pilot's total aeronautical experience was listed as 11,091 flight hours, with 5,097 hours in the accident helicopter make and model. The report noted that in the preceding 90 and 30 days prior to the accident, the pilot flew a total of 105 hours and 45 hours.

The pilot's normally scheduled duty day was from 0700 to 2100. In the three days prior to the accident, the pilot was on duty, but he did not fly due to continuous poor weather condition in Nome. On the day of the accident, his duty day started at 0700. After departing from Nome about 1343, the helicopter flew about 5.0 hours before the accident. AIRCRAFT INFORMATIONThe helicopter was a Euroco

The helicopter pilot was under contract to support an aerial seismic survey project in a remote part of western Alaska. The survey crew had completed their survey, and the pilot, who was the only occupant, was relocating the helicopter to the operator's base in south central Alaska; however, poor weather conditions delayed his departure until mid-afternoon on the fourth day. The pilot made two fuel stops while en route, and both fuel vendors noted that the pilot seemed rushed and that he mentioned that he was trying to get to his destination before dark. The operator reported the helicopter overdue when the helicopter failed to arrive and they were unable to make contact with the pilot. Searchers discovered the fragmented wreckage about 7 miles southwest of the destination airport, in an area of marshy, tundra-covered terrain.


Dark night visual meteorological conditions prevailed at the destination airport before the accident, and transient snow showers and reduced visibility were reported in the area just after the accident. Examination of the helicopter and engine revealed no preaccident mechanical anomalies that would have precluded normal operation. The debris path and extensive fuselage fragmentation were consistent with the helicopter impacting terrain at high speed.
The pilot's autopsy revealed several heart abnormalities, including an enlarged heart, a 90-percent occlusion of the left anterior descending coronary artery, a 99-percent occlusion of the right coronary artery, and an aortic valve that was severely calcified and stenotic. Such findings would have put the pilot at high risk of a sudden cardiac event, including acute myocardial infarction, syncope, or arrhythmia, any of which would have impaired or incapacitated him. Further, the weather and the pilot's rush to reach his destination by nightfall after a 4-day delay may have contributed to the pilot's stress level, increasing the risk that his severe but undiagnosed heart disease would cause an acute medical event during the flight. 


Given the lack of mechanical deficiencies that would have precluded normal operation of the helicopter, and the pilot's severe coronary artery disease and aortic stenosis, it is likely that the pilot's medical conditions caused sudden impairment or incapacitation, which resulted in the loss of control of the helicopter. Although it is possible that the pilot did not recognize that he was flying the helicopter in a shallow descent into terrain, the overwhelming evidence of heart disease compounded by stress makes it more likely that the pilot was impaired or incapacitated.

The pilot's loss of control due to sudden medical impairment or incapacitation.",EUROCOPTER,AS 350 B2,66.0,Personnel issues-Physical-Impairment/incapacitation-Cardiovascular-Pilot - C,Enroute-cruise Loss of control in flight,-0.16488046166529546,-3.5369774919614128,581280.0,3.0,stable,mild_decline,-7.833528830000958,-5.0034506556245635,strong_decline,strong_decline
20130919X04513,3,0,VMC,Daylight,UNK,PIC,<500,2013,9,"HISTORY OF FLIGHTOn September 19, 2013, about 1553 mountain daylight time, a Beech C90-A twin-turboprop airplane, N191TP, was substantially damaged when it impacted a field short of the runway at Idaho Falls Regional Airport (IDA), Idaho Falls, Idaho, during its final approach to the airport. The commercial pilot and one passenger received minor injuries, and one passenger received serious injuries. The airplane was owned and operated by WE FLY LLC of Idaho Falls. The business flight was conducted under the provisions of Title 14 Code of Federal Regulations Part 91. Visual meteorological conditions prevailed, and no Federal Aviation Administration (FAA) flight plan was filed for the flight.

According to the pilot, the airplane was based at IDA, and he and two passengers originated the day's flight sequence at IDA on the morning of the accident. The airplane was flown first to Pocatello Regional Airport (PIH), located about 45 nautical miles (nm) from IDA, where a third passenger boarded. The airplane then flew to Boise Air Terminal/Gowen Field (BOI), located about 165 nm from PIH, where the passengers deplaned to attend a meeting. About 5 hours after landing in BOI, the pilot and same passengers departed BOI for IDA, with an interim stop at PIH to drop off the one passenger. The flight from BOI to PIH was uneventful. The pilot and two remaining passengers reported that the flight from PIH to IDA was ""bumpy"" or ""turbulent.""

The pilot reported that when the airplane was on its final approach to runway 2 at IDA, a ""master warning or caution"" annunciator light illuminated, and the pilot was ""pretty sure"" that it was related to a fuel quantity/distribution issue. He stated that he then checked the fuel quantity gauges, and recalled that they indicated that the airplane still had fuel. He did not provide any elaborating information to the investigation regarding the fuel quantity or distribution in the airplane at the time of the event. The pilot did not recall anything else about the event, except that he ""saw the ground coming up fast"" and instructed his passengers to ""hold on."" One of the passengers recounted a similar version of the sequence of events. PERSONNEL INFORMATIONFAA records indicated that the pilot held a commercial pilot certificate with airplane single- and multi-engine land ratings, and an instrument-airplane rating. According to information provided by the pilot, he had approximately 3,975 total hours of flight experience, including about 2,500 hours in the accident airplane make and model. His most recent flight review was completed in June 2013, and his most recent FAA first-class medical certificate was also issued in June 2013. AIRCRAFT INFORMATIONFAA information indicated that the airplane was manufactured in 1989, and was equipped with two Pratt & Whitney Canada PT6A turboshaft engines.

Airplane manufacturer's information indicated that the airplane was equipped with one wing (main) fuel tank and one nacelle tank per side (left and right). The usable fuel quantity for each main tank was 132 gallons, and the usable fuel quantity for each nacelle tank was 60 gallons, for a total usable fuel quantity of 384 gallons. In normal operation, fuel for each engine is supplied from its respective nacelle tank, and electrically-powered boost pumps automatically transfer fuel from each main tank to each respective nacelle tank. A cockpit-display annunciator light system indicates when fuel pressure in the transfer system drops to a pre-determined level, essentially indicating that the main tank no longer contains any usable fuel. The annunciator light bears the text ""NO FUEL XFR.""

The airplane was equipped with two fuel quantity indication gauges in the cockpit, one for each side of the airplane. A two-position switch was used to select the quantity displayed on the gauges; the switch positions would cycle the gauge display between either the amount of fuel in each of the nacelle tanks, or the total fuel (nac

The airplane was equipped with two main fuel tanks (132 usable gallons each) and two nacelle fuel tanks (60 usable gallons each). In normal operation, fuel from each nacelle tank is supplied to its respective engine, and fuel is automatically transferred from each main tank to its respective nacelle tank. While at the airplane's home airport, the pilot noted that the cockpit fuel quantity gauges indicated that the nacelle tanks were full, and he believed that the main tanks had fuel sufficient for 30 minutes of flight. The pilot did not verify by any other means the actual fuel quantity in any of the tanks. Thirty gallons of fuel were added to each main tank; they were not topped off. The airplane, with two passengers, then flew to an interim stop about 45 miles away, where a third passenger boarded. The airplane then flew to its destination, another 165 miles away. The pilot reported that, at the destination airport, he noted that the cockpit fuel quantity gauges indicated that the nacelle tanks were full; he surmised that the main fuel tanks were not empty but did not note the actual quantity of fuel. Forty gallons of fuel were added to each main tank. Again, the main tanks were not topped off, and the pilot did not verify by any other means the actual fuel quantity in any of the tanks.

The return flight to the interim stop was uneventful. The third passenger deplaned there, and the airplane departed for its home airport. While on final approach to the home airport, both engines stopped developing power, and the pilot conducted a forced landing to a field about 1.2 miles short of the runway. The pilot later reported that, at the time of the power loss, the fuel quantity gauges indicated that there was still fuel remaining in the airplane.  

Postaccident examination of the airplane revealed that all four fuel tanks were devoid of fuel. The examination did not reveal any preimpact mechanical anomalies, including fuel leaks, that would have precluded continued flight.

The airplane manufacturer conducted fuel-consumption calculations for each of the two city pairs. Because the pilot did not provide any information regarding flight routes, altitudes, speeds, or times for any of the flight segments, the manufacturer's calculations were based on direct routing in zero-wind conditions, nominal airplane and engine performance, and assumed cruise altitudes and speeds. Although the results are valid for these input parameters, variations in any of the input parameters can significantly affect the calculated fuel requirements. As a result, although the manufacturer's calculations indicated that the round trip would have burned less fuel than the total available fuel quantity that was derived from the pilot-provided information, the lack of any definitive information regarding the actual flight parameters limited the utility of the calculated value and the comparison. 

The manufacturer's calculations indicated that the accident flight leg (from the interim airport to the home airport) would have consumed about 28.5 gallons total. Given that the airplane was devoid of fuel at the accident site, the pilot likely departed the interim airport with significantly less than the manufacturer's minimum allowable departure fuel quantity of about 39.5 gallons per side. The lack of any observed preimpact mechanical problems with the airplane, combined with the lack of objective or independently substantiated fuel quantity information, indicates that the airplane's fuel exhaustion was due to the pilot's inadequate and improper pre- and inflight fuel planning and procedures.

The pilot's inadequate preflight fuel planning, which resulted in departure with insufficient fuel to complete the flight, and consequent inflight power loss due to fuel exhaustion.",BEECH,C90 - A,35.0,Personnel issues-Task performance-Planning/preparation-Fuel planning-Pilot - C,Prior to flight Preflight or dispatch event,-0.3646840885632052,5.1724137931034475,583030.0,3.05,stable,strong_growth,3.213693471747203,-6.093354794205563,mild_growth,strong_decline
20111031X25724,4,0,VMC,Night,UNK,PIC,<500,2011,10,"HISTORY OF FLIGHT

On October 31, 2011, about 1942 eastern daylight time, a Gulfstream G150, N480JJ, operated by Hendrick Motorsports Aviation, was substantially damaged during a landing overrun at Key West International Airport (EYW), Key West, Florida. The two airline transport pilots and one passenger reported minor injuries, while a second passenger was seriously injured. Night visual meteorological conditions prevailed and an instrument flight rules flight plan was filed for the flight that departed Witham Field Airport (SUA), Stuart, Florida, at 1900. The personal flight was conducted under the provisions of 14 Code of Federal Regulations Part 91. 

The pilot-in-command (PIC) stated that air traffic control cleared the flight for a visual approach to runway 27, which was 4,801 feet long. The PIC did not call for the checklist due to radio chatter, but observed the copilot (CP) complete the before landing checks, with the landing gear and flaps extended. The airplane entered the airport traffic pattern on a right base leg for runway 27. The flightcrew lost sight of the runway due to some low stratus clouds and discontinued the approach. The controller then instructed them to overfly the airport and enter a right downwind leg for runway 27, which they did. During the second approach, they again temporarily lost sight of the runway due to clouds, while turning from the base to final leg; however, they were able to visually reacquire the runway on final approach.

The PIC further stated that he continued the approach and touched down about the landing reference speed (Vref) of 120 knots, just past the 1,000-foot touchdown marker on runway 27. The PIC applied brakes and was just about to activate the thrust reversers when he realized the brakes were not working. He stated ""no brakes"" and the CP also depressed the brake pedals with negative results. The PIC suggested a go-around to the CP, but the CP responded that it was too late. The airplane subsequently traveled off the end of the runway and struck a gravel berm. During the impact, one of the passengers' seat dislodged from its seat track and was found on the cabin floor, with the passenger still in it. The PIC added that maintenance had been performed on the brakes within 10 days of the accident. 

The CP's statement was consistent with the PIC's statement. When asked why they did not utilize the emergency brake system, both pilots stated that there was not enough time. 

The passenger in the left forward facing seat stated they did not land on the first attempt and the flightcrew did not provide any information. They were in a fairly quick traffic pattern. It was dark with clouds and he could not see very much because the airplane was in a bank and he was concerned about the missed approach. The airplane touched down near the fixed base operator and he did not feel any braking action. This caused more concern because he knew the runway was short. He did not remember hearing the ground spoilers deploy or if the engines spooled up or down. There was no warning from the flightcrew that the airplane was going to depart the runway. He heard someone in the cockpit state, ""oh no"" right before the airplane departed the runway. There was a big bump, jolt and his seat came out of the seat track and he went forward in the seat. The airplane came to a stop and his wife and the CP came to his assistance and they evacuated the airplane through the cabin door.

PERSONNEL INFORMATION

The PIC, age 47, held an airline transport pilot certificate, with ratings for airplane single-engine land, airplane multiengine land, and instrument airplane, issued on May 6, 2011. He also held a flight instructor certificate, with ratings for airplane single and multiengine, issued on December 22, 2009. His most recent first-class medical certificate was issued on September 6, 2011, with the limitation, ""Must have available glasses for near vision."" The PICs last flight review was conduct

The airplane was approaching the destination airport in night visual meteorological conditions. After losing sight of the runway once and going around, they continued the approach, even though the pilot in command (PIC) stated that he thought they were going to land long. The  PIC stated that the main landing gear touched down near the 1,000-foot marker of the 4,801-foot-long runway, about the landing reference speed (Vref) of 120 knots. The PIC stated that he then applied the brakes but thought they were not working; he had not yet activated the thrust reversers. He alerted the second in command (SIC), who also depressed the brake pedals with no apparent results. The PIC suggested a go-around, but the SIC responded that it was too late. The airplane subsequently traveled off the end of the runway, struck a gravel berm, and came to rest about 816 feet beyond the end of the runway. During the impact, one of the passenger seats dislodged from its seat track and was found on the cabin floor, with the passenger still in it. 

Review of cockpit voice recorder, video, and performance data revealed that the main landing gear touched down at Vref and about 1,650 feet beyond the approach end of the runway. The nosegear then touched down 2.4 seconds later and about 2,120 feet beyond the approach end of the runway, with about 2,680 feet of runway remaining. Digital electronic engine control data revealed that about 8 seconds after weight-on-wheels, the power levers were advanced from the idle position to the takeoff position. The power levers were then returned to the idle position 6 seconds later. The power levers were moved to the reverse thrust position 8 seconds after that and remained in that position for the duration of the accident sequence; both thrust reversers deployed when commanded. Examination and testing of the airplane systems did not reveal any evidence of preimpact mechanical malfunctions with the wheels brakes or any other systems.

Although armed, the airbrakes did not deploy upon touchdown; the data available was inconclusive to determine what position the throttles were in at touchdown and why the airbrakes did not deploy. It is likely that the pilots did not detect the wheel braking because its effect was less than expected with the airplane at full power and with the airbrakes stowed.

Landing distance data revealed that the airplane required about 2,551 feet to stop at its given weight in the given weather conditions. With a runway distance of 2,680 feet remaining, the airplane could have stopped or gone around uneventfully with appropriate use of all deceleration devices. The landing procedure stated to activate the thrust reversers after nosewheel touchdown and then apply the brakes, as necessary; however, the PIC only applied the brakes. Further, no callouts were made to verify ground spoiler or reverse thrust deployment. The PIC then stated that he was going to go around, but the SIC said it was too late, so the thrust levers were brought back to idle and the reversers were deployed. The PIC's delayed decision to stop or go around resulted in about a 22-second delay in thrust reverser activation, which resulted in the runway overrun. Additionally, the procedure for a (perceived) failed brake system would have been to activate the emergency brake, which neither pilot did.

Examination of the seats revealed that a forward-facing seat was installed in the aft-facing position and an aft-facing seat was installed in the forward-facing position. Additionally, the ejected seat's shear plungers were found in the raised position. Had the seat been installed correctly, the plungers would have been in the lowered position, in the seat track. The improper installation most likely resulted in the passengers seat separating from the seat track and exacerbating his injuries.

The pilot in command's failure to follow the normal landing procedures (placing engines into reverse thrust first and then brake), his delayed decision to continue the landing or go-around, and the flight crew's failure to follow emergency procedures once a perceived loss of brakes occurred. Contributing to the seriousness of the passenger's injury was the improper securing of the passenger seat by maintenance personnel.",GULFSTREAM,G150,47.0,Personnel issues-Task performance-Use of equip/info-Use of policy/procedure-Pilot - C,Landing-flare/touchdown Landing area overshoot,-0.16488046166529546,-3.5369774919614128,581280.0,3.0,stable,mild_decline,-7.833528830000958,-5.0034506556245635,strong_decline,strong_decline
20180802X34004,3,0,VMC,Daylight,UNK,PIC,<500,2018,8,"HISTORY OF FLIGHTOn August 2, 2018, about 1705 Pacific daylight time, a Mooney M20J, N56039, was substantially damaged when it impacted terrain during an approach to Lopez Island Airport (S31), Lopez Island, Washington. The flight instructor and private pilot receiving instruction were fatally injured. The airplane was registered to and operated by the pilot as a Title 14 Code of Federal Regulations (CFR) Part 91 personal flight. Visual meteorological conditions prevailed and no flight plan was filed for the flight, which departed Friday Harbor Airport (FHR), Friday Harbor, Washington at an unknown time.

According to the instructor's wife, her husband was scheduled to perform a flight review with the accident pilot at 1400, but the flight was delayed until 1500 for unknown reasons.

A witness reported that he was departing in an airplane from an airport about 3 nautical miles (nm) west of the accident airplane at the time of the accident. During the witness' initial climb, he heard another pilot announce over the radio that he was on an extended left base for ""runway 14"" at S31, and stated that the voice sounded unsure or distracted. The witness then made a left turn to an easterly course, where he observed an airplane about 300 ft above ground level and about 0.5 nm north of S31 that appeared to be initiating a turn from the base to final leg of the traffic pattern for runway 16 at S31. The airplane's left turn progressed into a 45° bank that continued to increase until the airplane entered a nose-down dive. He saw the airplane complete one revolution on its roll axis before it disappeared from his line of sight.

Audio of the accident was captured by a surveillance camera at a nearby residence. The video camera faced the accident site but did not capture the impact, as the airplane was obscured by trees. The airplane's engine could be heard about 30 seconds into the approximate 1-minute long audio sample; the sound was smooth and continuous. After several seconds, the engine sound was consistent with an engine advancing to a high power setting. Almost instantaneously, the airplane was heard impacting trees, and several trees in the distance could be seen moving in the video. PERSONNEL INFORMATIONThe pilot receiving instruction did not hold a current flight review at the time of the accident.

The flight instructor, age 68, held a flight instructor certificate with a rating for airplane single-engine. His most recent second-class medical certificate was issued on May 30, 2018, with the restriction ""must have available glasses for near vision."" His total flight time was constructed using his flight logbook, which was current as of January 2018, and the tachometer records for his personal airplanes; these records indicated that the flight instructor had about 1,462 total hours of flight experience at the time of the accident, 74 of which were in the previous 90 days. His logbook records from June 2017 to the time of the accident showed that the pilot was practiced in Piper Aircraft and a Waco. The logbook did not show any experience in the accident airplane make and model.

FAA records indicated that the instructor had previously failed two check rides. His first failure was recorded in September 2012 during an examination for his flight instructor certificate. According to an FAA inspector, the failure was the result of exceeding aircraft limitations and other basic airmanship deficiencies. He retested for his flight instructor certificate 2 weeks later and was found satisfactory.

The instructor subsequently applied for a 14 CFR Part 135 Air Taxi initial check ride to fly for a local commercial operator in the San Juan Islands. Records indicated that he passed the oral portion of the examination but failed the route check and flight portion of the annual check ""substantially."" According to the FAA, the failures were remarkable both in the volume of unsatisfactory items and that they were failures in basic airmans

The private pilot and flight instructor were conducting a flight review in the pilot's airplane. A witness departing from a nearby airport heard the pilot of the accident airplane make a position report while in the traffic pattern, then saw the accident airplane about 300 ft above ground level initiating a left turn from the base to final leg of the traffic pattern for landing. The airplane started the left turn and its bank angle progressively steepened until the airplane entered a spin and disappeared behind trees. 

The electric fuel boost pump was found inoperative; however, its condition suggested that it had been inoperative for an extended period of time before the accident flight. Further, the engine would run normally during landing using the engine-driven fuel pump. Therefore, the inoperative electric fuel boost pump did not contribute to the accident. Examination of the airframe and engine did not reveal any evidence of preimpact anomalies that would have precluded normal operation. Surveillance video near the accident location captured audio of the airplane as it approached the runway; the audio was consistent with the engine operating during the landing approach and revealed a sudden increase in engine sound shortly before the impact. 

The witness statement and impact signatures at the accident site were consistent with a cross control stall and spin and subsequent impact with trees as the pilot was likely attempting to correct his approach after overshooting the runway centerline during a base-to-final turn. The private pilot's rudder and aileron inputs were likely uncoordinated, which would have initiated the spin when one of the occupants added power at an altitude too low for recovery. While the flight instructor may have attempted to remediate the stall by adding power, his lack of oversight during the approach likely contributed to the stall entry.  

A low concentration of ethanol was detected in the pilot's cardiac and cavity blood; however, there was no ethanol found in fluid that was less susceptible to postmortem production, thus it is reasonable that some or all of the identified ethanol was from sources other than ingestion and did not contribute to the accident. There was postmortem evidence of moderate to severe atherosclerotic disease in the right coronary artery of the pilot; however, as there was a second pilot onboard and given the accident circumstances, it is unlikely that the pilot's medical condition would have been a factor in this accident.

The pilot's exceedance of the airplane's critical angle of attack while maneuvering for landing, which resulted in a cross-control aerodynamic stall, spin, and impact with terrain. Contributing to the accident was the flight instructor's delayed remedial action in preventing the stall.",Mooney,M20J,76.0,Personnel issues-Task performance-Use of equip/info-Aircraft control-Pilot - C,Approach-VFR pattern base Aerodynamic stall/spin,0.6261935550468722,0.4566210045662267,721360.0,2.2,stable,stable,-0.03409300141038463,2.363420427553442,stable,mild_growth
20180730X13125,4,0,VMC,Daylight,UNK,PIC,<500,2018,7,"HISTORY OF FLIGHTOn July 29, 2018, about 1435 eastern daylight time, an Extra EA300 LC airplane, N32WR, and a Cessna 172 airplane, N6021A, collided inflight over runway 25 at the North Fox Island Airport (6Y3), North Fox Island, Michigan. The the Extra EA300 LC was landing and the Cessna 172 was departing. The airline transport pilot and passenger on the Extra EA300 LC were uninjured and the airline transport pilot and two passengers on the Cessna 172 received minor injuries. The Extra EA300 LC sustained substantial right-wing damage and the Cessna 172 sustained substantial empennage, left wing, and fuselage damage during the collision and subsequent impact with terrain. The Extra EA300 LC was registered to Captain Property and Investment LLC and was operated by its pilot. The Cessna 172 was registered to and operated by its pilot. Both flights were being conducted as Title 14 Code of Federal Regulations Part 91 personal flights. Day visual meteorological conditions prevailed in the area about the time of the accident, and the flights were not operated on flight plans. The Extra EA300 LC departed from the Appleton International Airport, near Appleton, Wisconsin, and was destined for 6Y3. The Cessna 172 was originating from 6Y3 at the time of the accident.

According to the pilot of N32WR, the flight was uneventful until the landing phase. He initiated the descent approximately 10 miles from 6Y3 and started self-announcing his intentions ""in accordance with Advisory Circular 90-66B."" At no time were there any responses or transmissions heard from other aircraft at 6Y3. Upon reaching the pattern altitude of 1,700 ft, the pilot continued the left-hand pattern to final.

At approximately 30-40 feet above the surface, the pilot started to round out while slowing in order to land just beyond the threshold to maximize the runway surface for the rollout. He advised that there were no aircraft visible during the final and approach to landing until an estimated 20-30 feet above the landing surface just prior to the threshold which was marked by 3 yellow cones. Out of the pilot's right side, just in front of the right-hand wing, he saw a bright object which turned out to be a departing airplane.

The pilot stated that N32WR aircraft impacted the other airplane. He said that the airplane yawed strongly to the right. The pilot was able to regain control and ended up coming to a stop about 800 ft beyond the resting place of the other airplane, near the imaginary runway centerline. The pilot determined his passenger was ok and he egressed to help the other airplane's occupants.

The pilot then ran toward the other airplane, a Cessna 172. One Cessna occupant was already out of the airplane and another left the airplane through the right-hand door. The third occupant was still inside, but before the Extra pilot could reach the airplane, the third occupant had departed through the right-hand door as well. There was an observed fuel leak from the left-hand wing of the Cessna as fuel was exiting out of the topside wing vent.

According to the passenger in N32WP, the flight was approaching North Fox Island and the pilot announced on the radio we were approaching with the intention of landing on the Island. He checked the weather on Beaver Island, the weather report was good and again on the radio said we were approaching, and we were minutes out. They heard no response. The passenger reiterated that the pilot announced on the radio at least 4 times saying we were heading to North Fox Island with the intention of landing and we never received a response. The pilot set up for final approach and the conditions of the field looked good. They saw a different aircraft at the opposite end of the airstrip, and the pilot decided to land. The passenger indicated that the other aircraft that came up under us was not observed. When the airplane came to a final stop the passenger's first response to ask the pilot ""what just happened."" The pilot respo

An airline transport pilot in an aerobatic low-wing airplane, an Extra 300, with a passenger on board was landing while an airline transport pilot in a high-wing airplane, a Cessna 172, near maximum weight with two passengers on board was conducting a short/soft-field takeoff from an nontowered, island-based runway surrounded by tall trees.

The Extra pilot and passenger reported that the pilot's landing intention was communicated on the common traffic advisory frequency (CTAF) with no replies. They saw an airplane at the opposite end of the airstrip, and the pilot decided to land. The Cessna pilot reported that he monitored the CTAF and then taxied down the center of the runway; he heard a radio call on the frequency from an airport on a nearby island. The Cessna pilot made his departure radio call on the CTAF in the blind and conducted a rolling departure with as much runway ahead as possible; he did not hear or see any other airplanes. The Cessna lifted off about 5 to 7 ft above ground level and accelerated to best angle of climb speed plus 10 knots. The Extra pilot indicated that he did not see any aircraft while he was on final approach to landing until his airplane was about 20-30 ft above the landing surface just before the threshold when he saw a bright object out the right side just in front of the wing. The Extra and the Cessna then collided.

The CTAF frequency at the accident airport is not recorded. However, a witness monitoring another CTAF frequency on a nearby island overheard the pilot of an airplane calling intention to land and remarked to a customer that the call was on the wrong frequency. It is likely that the Extra pilot was transmitting on the CTAF frequency for the airport on a nearby island; the Cessna pilot likely heard this transmission but attributed it to a pilot landing at the other airport.

The airport leaseholder's website contained a link to pilot information, which included a safety briefing for the airport. The briefing recommended that the airport's CTAF, as well as another local airport's CTAF, be monitored. In addition, the briefing recommended that arriving aircraft fly over the airfield and scan for aircraft on the ground using a left traffic pattern. The briefing advised that the airport is in the Unimproved Airport Category and that pilots ""land at your own risk.""

The Extra pilot's use of an incorrect CTAF precluded him from hearing the Cessna pilot's transmission of his intent to depart. In addition, trees surrounding the runway precluded the Extra pilot from seeing the Cessna's departure until it was too late to take evasive action.

The Extra pilots failure to see and avoid the Cessna, which resulted in an in-flight collision. Contributing to the accident was the failure of the Extra pilot to tune his radio to the correct frequency, which resulted in no common traffic advisories being heard or recognized as relevant by either pilot.",Extra,EA300,47.0,Personnel issues-Psychological-Attention/monitoring-Monitoring other aircraft-Pilot - C,Landing Midair collision,1.494040789106843,5.769230769230771,724433.0,2.2,mild_growth,strong_growth,-0.03409300141038463,5.836247437597963,stable,strong_growth
20180731X41318,3,0,VMC,Daylight,UNK,PIC,<500,2018,7,"HISTORY OF FLIGHTOn July 30, 2018, about 1044 eastern daylight time (EDT), a Piper PA-60-602P, Canadian registration C-GRRS, was destroyed when it impacted terrain while attempting to land at Greenville Airport (3B1), Greenville, Maine. The foreign-certificated pilot and two passengers were fatally injured. The airplane was registered to and operated by the pilot under Canadian Aviation Regulations as a recreational flight. Visual meteorological conditions prevailed at 3B1 at the time of the accident, and an instrument flight rules flight plan was filed for the flight, which departed Pembroke Airport (CYTA), Pembroke, Ontario, Canada, about 0905, and was destined for Charlottetown Airport (CYYG), Prince Edward Island (PEI), Canada.

According to the CYTA airport manager, the pilot had been a regular customer at the airport for several years. The pilot flew the accident airplane into CYTA 3 days before the accident and purchased 117 gallons of 100LL fuel. The airport manager, who personally fueled the airplane that day, said that he topped off the wing tanks first, followed by the center tank. He did not fuel the auxiliary tank. The manager said that each of the fuel caps felt tight and he made sure they were properly fitted back onto each tank. The airplane was then placed in a hangar until the morning of the accident.

A review of air traffic control communications revealed that, after departure, the airplane climbed and leveled off at 23,000 ft mean sea level (msl) and the pilot contacted the Boston Air Route Traffic Control Center at 1019:39. About 13 minutes later, the pilot told the controller, ""...we're losing altitude trying to figure out what's going on."" The controller then began to vector the airplane toward 3B1, which was about 17 miles southeast. At 1033, the controller asked the pilot, ""...are you producing power right now or have you lost power."" The pilot responded, ""I think I've lost power..."" The controller asked the pilot if he could make Greenville Airport, and the pilot responded, ""Ah I think so.""

The controller continued to vector the pilot to 3B1 and declared an emergency on his behalf. At 1040:41, the pilot reported that he had the airport in sight and was going to join the downwind leg of the traffic pattern for runway 14. Radar data indicated that the airplane was at an altitude of about 4,600 ft msl at this time. The airplane continued to descend as it turned onto the base and final legs of the traffic pattern for runway 14. At 1043:32, said the pilot transmitted, without a call sign, ""I gotta turn around and ahh we're a little high obviously."" About this time, the airplane was on a short final for runway 14 at an altitude of about 1,800 ft msl (about 400 ft above ground level). The airplane then entered a left turn to the northwest and was over the airport when radar contact was lost at 1043:48.

A witness was standing on the airport's apron near the terminal building between runway 14 and 21 when he first saw the airplane approaching the airport from the south. The witness said the airplane was ""low."" It flew over the center of the airport and made what appeared to be a left downwind entry for runway 21. There was no smoke trailing the airplane and the landing gear was retracted. The witness said both propellers were turning, but he could not tell how fast they were turning or if one was turning faster than the other. He was standing next to active construction equipment at the time, which prevented him from fully hearing the engines. When the airplane reached the approach end of runway 21, it began a ""shallow"" left turn. The nose of the airplane was ""high"" and the airplane was ""going so slow."" He said, ""It was like it almost stopped in the air"" before the left wing suddenly dropped and the airplane dove toward the ground and disappeared behind an embankment. The witness saw a debris cloud and knew that the airplane had crashed.

A second witness, who was a commercial pilot, was standing

The private pilot of the multiengine airplane was in cruise flight at 23,000 ft mean sea level (msl) in day visual meteorological conditions when he reported to air traffic control that the airplane was losing altitude due to a loss of engine power. The controller provided vectors to a nearby airport; about 7 minutes later, the pilot reported the airport in sight and stated that he would enter a downwind leg for runway 14. By this time, the airplane had descended to about 3,200 ft above ground level. Radar data indicated that the airplane proceeded toward the runway but that it was about 400 ft above ground level on short final. The airplane flew directly over the airport at a low altitude before entering a left turn to a close downwind for runway 21. Witnesses stated that the airplane's propellers were turning, but they could not estimate engine power. When the airplane reached the approach end of runway 21, it entered a steep left turn and was flying slowly before the left wing suddenly ""stalled"" and the airplane pitched nose-down toward the ground.

Postaccident examination of the airplane and engines revealed no mechanical deficiencies that would have precluded normal operation at the time of impact. Examination of both propeller systems indicated power symmetry at the time of impact, with damage to both assemblies consistent with low or idle engine power. The onboard engine monitor recorded battery voltage, engine exhaust gas temperature, and cylinder head temperature for both engines. A review of the recorded data revealed that about 14 minutes before the accident, there was a jump followed by a decrease in exhaust gas temperature (EGT) and cylinder head temperature (CHT) for both engines. The temperatures decreased for about 9 minutes, during which time the right engine EGT data spiked twice. Both engines' EGT and CHT values then returned to normal, consistent with both engines producing power, for the remaining 5 minutes of data. It is possible that a fuel interruption may have caused the momentary increase in both engines' EGT and CHT values and prompted the pilot to report the engine power loss; however, the engine monitor did not record fuel pressure or fuel flow, and examination of the airplane's fuel system and engines did not reveal any mechanical anomalies. Therefore, the reason for the reported loss of engine power could not be determined.

It is likely that the pilot's initial approach for landing was too high, and he attempted to circle over the airport to lose altitude. While doing so, he exceeded the airplane's critical angle of attack while in a left turn and the airplane entered an aerodynamic stall at an altitude too low for recovery.

The pilot's exceedance of the airplane's critical angle of attack while maneuvering to land, which resulted in an aerodynamic stall.",Piper,PA60,58.0,Personnel issues-Task performance-Use of equip/info-Aircraft control-Pilot - C,Maneuvering Aerodynamic stall/spin,1.494040789106843,5.769230769230771,724433.0,2.2,mild_growth,strong_growth,-0.03409300141038463,5.836247437597963,stable,strong_growth
20180912X65838,2,0,VMC,Daylight,UNK,PIC,5000+,2018,9,"HISTORY OF FLIGHTOn September 12, 2018, about 1245 mountain daylight time, a RotorWay Exec 90 experimental amateur-built helicopter, N166LC, was substantially damaged when it was involved in an accident at Billings Logan International Airport (BIL), Billings, Montana. The nonrated rotorcraft-helicopter pilot was fatally injured. The helicopter was operated as a Title 14 Code of Federal Regulations Part 91 personal flight.

An acquaintance of the pilot, who occupied the hangar directly behind the accident pilot's hangar, reported that the pilot had purchased the helicopter about 3 years before the accident, but the acquaintance did not know the helicopter's condition or stage of assembly at that time. The acquaintance stated that the pilot hover-taxied the helicopter frequently on airport property to perform testing but that he ""had not really flown"" the helicopter. The acquaintance stated that, on the morning of the accident, the pilot hover-taxied around the airport area to perform testing, landed in front of his hangar, shut down the engine, and exited the helicopter. The acquaintance also stated that he and the pilot spoke for about 15 minutes, during which time the pilot told him how well the helicopter was flying and that he had no issues with it. Afterward, the pilot boarded the helicopter and started the engine. The pilot then hover-taxied the helicopter to the west and parallel to the row of hangars. The helicopter made a 90° left turn to the south and a 180° turn to the north, and the pilot then hover-taxied the helicopter north along the west end of the hangar row. The acquaintance stated that he did not witness the accident but heard the helicopter impact a hangar. PERSONNEL INFORMATIONA check of Federal Aviation Administration (FAA) records revealed that the pilot did not possess a rotorcraft-helicopter pilot certificate. No records were recovered regarding the pilot's flight time in rotorcraft-helicopter. AIRCRAFT INFORMATIONThe accident helicopter was constructed with an aluminum tail and a full fiberglass cockpit enclosure. The engine had a centrifugal compressor and a radial inflow turbine.
The most recent FAA certificate of registration for the helicopter was issued on June 28, 2015. In addition, the FAA issued a special airworthiness certificate on December 8, 2015, which authorized operation as an amateur-built helicopter in the experimental category.

The accident pilot purchased the helicopter in September 2015. A build ledger for the helicopter, which was found in the pilot's hangar, revealed that the anti-torque pedals had been fabricated in December 1996. AIRPORT INFORMATIONThe accident helicopter was constructed with an aluminum tail and a full fiberglass cockpit enclosure. The engine had a centrifugal compressor and a radial inflow turbine.
The most recent FAA certificate of registration for the helicopter was issued on June 28, 2015. In addition, the FAA issued a special airworthiness certificate on December 8, 2015, which authorized operation as an amateur-built helicopter in the experimental category.

The accident pilot purchased the helicopter in September 2015. A build ledger for the helicopter, which was found in the pilot's hangar, revealed that the anti-torque pedals had been fabricated in December 1996. WRECKAGE AND IMPACT INFORMATIONThe helicopter's main rotor blades impacted the top of a 25-ft-tall hangar, and the fuselage then impacted the hangar's forward door section. The helicopter came to rest partially inside the hangar and facing upward on an angle of about 30° and against the front of the hangar on a magnetic heading of about 280°.

There was a presence of fuel but no postcrash fire. The top and both sides of the cabin/cockpit were destroyed due to impact forces. All components necessary for flight were accounted for at the accident site. Flight control continuity was confirmed throughout the helicopter.

Both main rotor blades remained attached to their respective hubs

The pilot, who did not hold a helicopter rating, was maneuvering his experimental amateur-built helicopter around the airport area. An acquaintance of the pilot stated that the accident pilot would regularly hover-taxi around the airport area testing the helicopter. The acquaintance also stated that, on the day of the accident, the pilot mentioned that the helicopter was flying well and that he did not have any issues with it. Afterward, the pilot started the helicopter and departed to the west and hover-taxied around the row of hangars back to his hangar. The acquaintance reported that he did not see the accident but that he heard the sound of the helicopter impacting a hangar.

Postaccident examination of accident site showed that the helicopter's main rotor blades had collided with the top section of the hangar and that the helicopter came to rest oriented upward on an angle of about 30° and against the front of the hangar on a westerly heading. It is likely that, during the hover-taxi, the accident pilot ascended above a hover to the height of the hangars before colliding with one. 

The left anti-torque pedal for the pilot's right-seat position had failed where the horizontal and vertical tubes met. Notwithstanding the failed anti-torque pedal, examination of the airframe and engine found no mechanical anomalies that would have precluded normal operation of the helicopter. 

A metallurgical examination of the fractured horizontal and vertical components of the pilot's right seat's left anti-torque pedal assembly revealed that they failed from a lack of complete fusion at a fillet joint, which led to an overstress fracture. The fractured pedal tube assembly consisted of two aluminum tubes joined together with a filler metal that was consistent with a zinc solder alloy. However, the right anti-torque pedal tube assembly, which was intact, consisted of alloy steel tubes that were welded together with an alloy steel filler metal. The intact tube assembly had a much stronger quality due to the welding process and the inherent higher mechanical properties of the steel than those of the fractured tube assembly. 

A build ledger for the helicopter revealed that the anti-torque pedals had been fabricated in December 1996 by the previous owner, almost 20 years before the accident pilot purchased the helicopter. However, the ledger did not detail the fabrication differences among the anti-torque pedals. 

The investigation could not determine if the left anti-torque pedal for the right-seat position failed before the impact with the hangar or during the impact sequence. Although the pilot might have been able to control the helicopter after the pedal failed, that possibility would be unlikely given the pilot's minimal experience in helicopters.

The pilot's failure to maintain clearance with a hangar while maneuvering to his hangar. Contributing to the accident was the pilot's limited experience in helicopters.",ROBERT L Coons,RotorWay RW 1,74.0,Personnel issues-Psychological-Attention/monitoring-Task monitoring/vigilance-Pilot - C,Maneuvering-low-alt flying Low altitude operation/event,0.9707859034812305,0.452488687782826,725049.0,2.22,stable,stable,-0.03409300141038463,-7.797850445918131,stable,strong_decline
20151010X62028,3,0,VMC,Night,UNK,PIC,<500,2015,10,"HISTORY OF FLIGHTOn October 9, 2015, about 1919 eastern daylight time, a Columbia Aircraft Manufacturing LC41-550FG, N1058S, impacted the ground in an uncontrolled descent after encountering a thunderstorm near Erwin, Tennessee. The private pilot and the passenger were fatally injured, and the airplane was destroyed. The airplane was owned and operated by the pilot. The personal flight was conducted under the provisions of 14 Code of Federal Regulations Part 91. The flight originated from the Tyson Airport (TYS) Knoxville, Tennessee, about 1830 and had an intended destination of Monroe County Airport (BMG), Bloomington, Indiana. Night visual meteorological conditions prevailed, and an instrument flight rules (IFR) flight plan had been filed.

The flight originated earlier in the day from the Kissimmee Gateway Airport (ISM), Orlando, Florida. Prior to departing ISM, the pilot's login credentials were used to access weather information via DUAT (Direct User Access Terminal). The information provided included weather along the planned route of flight in textual form The terminal area forecasts along the route of flight predicted showers and thunderstorms in the TYS area and north beginning about 1700. The weather report also included a ""Severe Weather Outlook,"" which stated in part ""There is a marginal risk of severe thunderstorm from southern New England to the Tennessee Valley. Scattered thunderstorms should occur today in a corridor from New York and parts of New England Southwestward to the Tennessee Valley region. A few of these storms may produce damaging gusts near severe limits and a tornado cannot be ruled out over the northeast.""

While en route, the pilot diverted to TYS as he wanted to ""check the weather."" The flight landed at TYS about 1745. DUAT records indicated that about 1750 the pilot's login credentials were used to access the system and obtain a weather briefing. The weather briefing included a textual description of weather reports along the intended route of flight, and spanning as far as Florida and the New England area. About 1830, the airplane departed TYS and was observed on radar climbing to 15,000 ft mean sea level (msl) on an easterly heading, paralleling an east-west line of convective weather to the north. During the flight, the pilot was in communication with air traffic control (ATC) personnel.

At 1836:02 the TYS controller contacted an air carrier flight descending into TYS and stated in part, ""i got a Columbia that's trying to get towards uh Bloomington Indiana uh would you say going up to like sixteen thousand uh would be a good idea through that area or should i take him somewhere else.""

At 1836:13 the air carrier flight stated ""absolutely no he needs to go somewhere else.""

At 1836:21 the accident flight acknowledged the transmission.

At 1836:21 the controller stated in part ""if i take you to the north i got some areas of uh some lighter precipitation off to the north uh i can get you that way you might be able to cut through that way would you want to try that.""

At 1836:37 the controller then stated ""that's gonna be my lightest areas i have a few areas of heavy precipitation but it's more scattered and not as uh well us interconnect as the stuff down here towards the uh southwest""

For the next approximate 9 minutes the controller provided clearances for the accident pilot to deviate and turn left and/or right as necessary.

At 1845:10 the controller, in communication with another ATC facility stated in part ""he's trying to get through this line that we told him he really shouldn't even have departed cause he can't get through the line.""

For the next approximate 9 minutes the controller provided deviation clearances and radio frequency change for the accident flight.

At 1854:28 the controller stated ""based on the weather i'm showing um do you have any uh nexrad or anything on board.""

At 1854:36 the pilot replied ""i do have nexrad on board""

At 1854:41 th

The instrument-rated private pilot was on an instrument flight rules (IFR) cross-country flight; while en route, the pilot elected to divert to an intermediate airport to ""check the weather."" The pilot was subsequently provided a weather briefing that described a line of convective weather along the intended route of flight. The airplane departed about 45 minutes later and flew east along the south side of an east-west line of thunderstorms. The pilot was communicating with air traffic control, and when asked by the air traffic controller if he had onboard weather information, the pilot stated that he had NEXRAD. The airplane was equipped with satellite-delivered weather information service that was displayed in the cockpit, and it is likely that the pilot was referring to NEXRAD images provided by that system.  The pilot requested and was granted permission to turn north in order to navigate through the line of storms toward his destination. Ground track and weather radar data revealed that the airplane penetrated a thunderstorm cell of strong intensity The pilot subsequently lost control of the airplane before it rapidly descended to ground impact.

The wreckage debris path was compact, and examination of the wreckage revealed extensive fragmentation and thermal damage. No preimpact mechanical malfunctions were noted that would have precluded normal operation of the airplane. The impact damage to the engine and propeller were consistent with the engine operating at a high power setting at the time of impact.

The satellite-delivered weather information likely being used by the pilot did not provide real-time weather radar images in the cockpit, with a delay between the time the weather was observed and when it was provided. It is likely that the pilot attempted to maneuver through the line of thunderstorms, but the time delay in the satellite-delivered weather data likely resulted in inadvertent penetration of a severe thunderstorm cell.

The investigation could not determine the color intensity of the precipitation being displayed to the pilot on cockpit avionics around the time of the accident. However, the most extreme color band that could have been shown would have been dark orange, which was classified as 55 dBZ. On the WSR-88D and satellite-delivered radar images, orange was classified as 40 dBZ. The WSR-88D Level 2 reflectivity product revealed that the weather reflectivity, around the accident location, ranged from 5 dBZ to 55 dBZ.

Postaccident toxicology testing revealed the presence of citalopram, an antidepressant medication, and ethanol. Citalopram is one of four medications that has been approved by the FAA for the treatment of depression. Personal medical records documented that the pilot's depression was well controlled with citalopram, and the pilot had no adverse effects from the medication. Therefore, there is no evidence that depression or the citalopram impaired the pilot's decision-making ability or his ability to safely operate the airplane. The ethanol detected was likely from postmortem production. Further, considering that the level of the ethanol was below a level that would be considered impairing, the ethanol detected did not impair the pilot nor contribute to the accident.

The pilot's decision to fly into a known area of adverse weather, which resulted in the airplane entering a severe thunderstorm and a subsequent loss of control.",COLUMBIA AIRCRAFT MFG,LC41 550FG,45.0,Personnel issues-Task performance-Use of equip/info-Aircraft control-Pilot - C,Enroute Windshear or thunderstorm,0.7158913374511355,-9.836065573770503,611140.0,1.65,stable,strong_decline,-8.034362215956936,-2.745367192862047,strong_decline,mild_decline
20151013X50647,3,0,VMC,Daylight,UNK,PIC,<500,2015,10,"HISTORY OF FLIGHTOn October 13, 2015, at 1134 mountain daylight time (MDT), a Beech G35 airplane, N394CW, collided with terrain near Eaton, Colorado. The commercial rated pilot and passenger were fatally injured. The airplane was registered to and operated by a private individual under the provisions of 14 Code of Federal Regulations Part 91 as a personal flight. Visual meteorological conditions prevailed at the time of the accident and no flight plan was filed. The flight originated from the Lyons-Rice County Municipal Airport (LYO), Lyons, Kansas, at 0918 central daylight time (CDT) and was destined for the Greeley-Weld County Airport (GXY), Greeley, Colorado. 

The LYO airport manager stated that the accident airplane was purchased by a new owner on October 10, 2015, who rented a hangar at LYO to store the airplane. On the morning of the accident the owner arrived at LYO about 0800. The airport manager helped the owner pull the airplane out of the hangar and service the main fuel tanks with a total of 17.4 gallons of 100 low-lead fuel. The new owner had never moved or fueled the airplane. The manager added that the accident pilot was not present during the fueling process. The pilot and the owner departed after 0900 and were flying to GXY for a meeting. 

Several witnesses reported observing the accident airplane overhead and the engine made a ""sputtering"" sound as if it was running out of fuel. The airplane was flying north and then turned west when it began to ""nose dive"" out of sight. The witnesses found the airplane crashed in a harvested corn field. 

A review of the radar information revealed the airplane departed LYO at 0918 CDT and proceeded northwest. At 1127 MDT the airplane approached GXY from the southeast and proceeded north, tracking about 400 ft agl above the runway.  The airplane climbed to 900 ft agl and continued northbound. About 8 miles north of GXY the airplane was about 1,100 ft agl, then entered a left turn and descended. At 1134 MDT, the last radar point showed the airplane on a southwest heading about 350 ft agl. The main wreckage was found about 460 ft from the last radar point on a heading of 215 degrees. 

About 1130 MDT, two GXY airport employees heard an expletive on the universal communications (UNICOM) radio. There were no other transmissions or formal contact over the UNICOM radio. PERSONNEL INFORMATIONThe pilot, age 35, held a commercial pilot certificate with ratings for airplane single engine land, multi-engine land, and airplane single engine sea and instrument airplane. He also held flight instructor certificate with a rating for single engine airplane. On March 13, 2014, the pilot received a first class Federal Aviation Administration (FAA) medical certificate with no limitations; however, it was valid as a third class medical certificate at the time of the accident. At the time of the exam, the pilot reported his flight experience included 290.9 total hours with 50.8 hours in the last six months.

A review of the pilot's logbooks revealed that his total flight experience included 464 total hours, 131 hours in the accident airplane make and model, 24.3 hours in the last 30 days, 1.5 of which were in the accident airplane.

The pilot's wife stated that he planned to fly the airplane owner to GXY for a meeting and believed that the accident flight was not an instructional flight, only a business flight.

The passenger (airplane owner), age 41, submitted an application for a combined student pilot certificate and third class medical certificate on March 6, 2013; the pilot was not issued that certificate. On the application for the certificate he did not report any flight experience; however, a previous medical application that was submitted on February 11, 2000, listed 5 total hours with 0 hours in last six months. 

The owner's wife stated that he was not a pilot and had not yet started flight training. 

An LYO airport employee who interacted with the owner and acciden

The commercial-rated pilot and passenger (who owned the airplane) were conducting a cross-country business flight. Several witnesses reported observing the accident airplane overhead; one witness stated that the engine made a ""sputtering"" sound like it was running out of gas. She stated that airplane was flying north and then turned west when it began to ""nose dive"" out of sight. A review of the radar data revealed that the airplane approached the destination airport from the southeast and proceeded north, tracking above the runway about 400 ft above ground level (agl).  The airplane then climbed to 900 ft agl and continued northbound. About 8 miles north of the destination airport, the airplane was about 1,100 ft agl and then entered a left turn and descended. The last radar point showed the airplane on a southwest heading and about 350 ft agl. The airplane impacted the ground with its left wing low, cartwheeled to the right, and came to rest upright in a harvested corn field. The main wreckage was found about 460 ft southwest of the last radar point. 

The accident airplane likely encountered low-level wind shear and clear air turbulence and a wind shift that switched from a gusting headwind to a gusting tailwind in a short amount of time. 

The right main fuel tank, which the selector valve indicated was selected at the time of the accident, was found empty and was not breached. The engine carburetor did not contain any fuel. A postaccident examination of the engine and airframe did not reveal any preimpact mechanical malfunctions or anomalies that would have precluded normal operation. 

The pilot reported that the main tanks were full and the tip tanks were empty, so it is likely that the airplane contained 60 gallons of fuel before departure. The radar data revealed that the accident flight was 3 hours 16 and minutes long. Based on the accident flight, the engine would have consumed about 40 gallons of fuel from initial taxi to the accident site. This should have left about 20 gallons remaining in the tanks, which would have been enough to fly to the destination airport in addition to reserve fuel. The accident airplane was equipped with a single fuel quantity indicator gauge for the six fuel tanks; only one tank could be monitored at any given time. Switches on the instrument panel allowed the pilot to select which tank to monitor on the gauge. The pilot and airplane's new owner had limited experience in the airplane and with the airplane fuel indicating system, so they likely had the fuel indicator selected to another fuel tank and did not appropriately monitor the level of fuel in the right main tank, which was selected to feed the engine. Based on witness statements and the evidence obtained on-scene, it is likely that the engine was starved of available fuel. Once engine power was lost, the pilot then failed to maintain control of the airplane while flying in gusting wind and low-level wind shear conditions.

The pilot's loss of airplane control in gusting wind conditions and low-level wind shear, following a loss of engine power due to fuel starvation. Contributing to the accident was the pilots failure to properly monitor the fuel level inflight because of his unfamiliarity with the fuel system.",BEECH,G35,35.0,Personnel issues-Task performance-Use of equip/info-Aircraft control-Pilot - C,Approach Collision with terr/obj (non-CFIT),0.7158913374511355,-9.836065573770503,611140.0,1.65,stable,strong_decline,-8.034362215956936,-2.745367192862047,strong_decline,mild_decline
20111004X71245,4,0,VMC,Daylight,UNK,PIC,<500,2011,10,"HISTORY OF FLIGHT

On October 4, 2011, about 1525 eastern daylight time, a Bell 206B helicopter, N63Q, crashed into the East River shortly after takeoff from East 34th Street Heliport (6N5), New York, New York. The commercial pilot and one passenger were not injured, one passenger sustained serious injuries, and two passengers were fatally injured. The helicopter was substantially damaged. The helicopter was registered to and operated by a private pilot as a personal flight under the provisions of 14 Code of Federal Regulations (CFR) Part 91. Visual meteorological conditions prevailed, and no flight plan was filed for the local flight. The flight originated from 6N5 about 1524 and was scheduled to return to 6N5.

The pilot reported that the purpose of the flight was to take friends visiting from abroad on a sightseeing flight around New York City. According to the pilot, who was seated in the right cockpit seat, he completed the ""before takeoff"" check in accordance with the checklist. At takeoff, he brought the helicopter to a 3- to 5-foot hover, made a right pedal turn, and attempted to depart into the wind. He initiated the takeoff to the northeast and continued the turn north, into the wind. He estimated that the helicopter climbed to an altitude of about 30 to 50 feet above the East River, where he felt a small left yaw and then applied the right anti-torque pedal. At that time, he believed that the helicopter was ""weathervaning,"" but he then heard what he thought was the ""engine-out"" audio warning and thought he had an engine failure. 

In response, he initiated a hard right turn back to 6N5 and lowered the collective pitch. He then observed the engine N1 speed to be ""up"" and concluded that the initial yaw was weathervaning and not an engine malfunction. The pilot then increased collective pitch with the intention of conducting a normal landing at 6N5. The nose of the helicopter began an uncommanded yaw to the right. The yaw rate increased rapidly into a spin around the main rotor mast that could not be arrested with full left pedal application. 

The pilot believed the helicopter had suffered a tail rotor drive train failure or that he had encountered loss of tail rotor effectiveness (LTE). He lowered the collective pitch and then raised the collective control just before water contact in order to cushion the impact. The helicopter entered the water and rolled inverted.

According to the passenger who was seated in the left cockpit seat, the helicopter moved backwards as it lifted off. The nose was pointed down, and he was leaning forward in his seat against the restraint. The helicopter then began moving ""erratically,"" the pilot made an exclamation similar to oops, and the passenger then ""knew something wasn't quite right."" The helicopter ""banked"" and began ""oscillating from side to side"" before it struck the water and rolled inverted. The passenger said that he did not recall hearing any audible warnings or any noises at all. 

According to a lineman who was working at 6N5 at the time of the accident, the four passengers arrived at the heliport about 30 minutes before the arrival of the helicopter. Heliport personnel did not provide a passenger briefing. The helicopter arrived about 1517, landed on pad 4, and continued to run. The lineman escorted the passengers to the helicopter and assisted them with their seatbelts while the helicopter was still running. The helicopter took off rearward and climbed to about a 60-foot hover over the river. The helicopter turned left, parallel to the shoreline, and started forward. Then the nose dipped down and the helicopter spun to the left one and one-half turns ""out of control"" before it collided with the river.

Several witnesses were at or near 6N5 at the time of the accident. They reported that the pilot did not shut down the engine or exit the helicopter before it took off. They observed the helicopter lift off from the helipad, back up over the river, and be

The purpose of the flight was for the pilot to take friends on a sightseeing flight around New York City. After the helicopter landed at the East 34th Street Heliport (6N5), the pilot did not shut down the engine while the passengers boarded. The pilot had initially anticipated taking two passengers on the flight, but the two passengers brought two additional adults with them who also boarded the helicopter. The pilot did not conduct a safety briefing or mention life vests available on board the helicopter, complete performance planning, or perform weight-and-balance calculations before takeoff. (The heliport personnel did not conduct a safety briefing and were not required to do so.)

The helicopter departed 6N5 in a rearward hover and transitioned over the shoreline from an in-ground-effect condition to an out-of-ground-effect (OGE) condition while climbing to about 60 feet above the water. As the pilot completed a pedal turn into the wind, the helicopter yawed, and what was likely the low rotor rpm audio warning sounded. The pilot believed that he heard an engine-out warning and responded by turning back toward 6N5, which oriented the tail into an adverse (tail) wind condition. He then confirmed normal engine operation by the N1 gas tachometer and concluded that the initial yaw was weathervaning as opposed to an engine malfunction. After the pilot increased collective pitch, the helicopter entered an uncommanded right yaw that accelerated into a spin around the main rotor mast that could not be corrected by application of full left pedal. At this point, the pilot believed that the helicopter had tail rotor drive failure or encountered a loss of tail rotor effectiveness (LTE). Witnesses described the helicopter as descending in an uncontrolled spin before it contacted the water, where it then rolled inverted and sank. 

The pilot and front-seat passenger, who were not injured, attempted to help the aft-seat passengers evacuate as the helicopter filled with water and sank. One passenger drowned at the scene, and two passengers later died in a hospital from complications of near drowning. (Title 14 Code of Federal Regulations 830.2 defines fatal injury as any injury which results in death within 30 days of the accident. Because one passengers death occurred 33 days after the accident, she is listed as a serious injury in this report.) The helicopter was difficult to exit because it was inverted in the water.

Examination of the wreckage revealed no evidence of any preimpact failures or malfunctions of the engine, drive train, main rotor, tail rotor, or structure of the helicopter. Additionally, the main and tail rotors showed indications of rotation at the time of water impact. 
The investigation determined that the helicopter was loaded to an overweight condition, likely because the pilot did not anticipate having two additional passengers onboard the helicopter and because he did not perform weight-and-balance calculations. The front-seat passenger stated in a postaccident interview that the pilot did not ask for anyones weight or perform any calculations before takeoff. The passenger weights that the pilot provided investigators following the accident were significantly less than the weights provided by medical personnel and the surviving passenger. The calculated empty weight of the helicopter at its most recent weight-and-balance check on October 21, 2008, was 1,914.52 pounds, and the estimated empty weight postaccident, including residual water, was estimated to be 2,146.8 pounds. Therefore, investigators determined that the estimated gross weight of the helicopter at takeoff was likely between 3,228 pounds and 3,461.2 pounds. The manufacturers maximum allowable gross weight at takeoff was 3,200 pounds.

Federal Aviation Administration Advisory Circular (AC) 90-95, Unanticipated Right Yaw in Helicopters, issued in February 1995, described LTE as a critical, low speed aerodynamic flight characteristic

The pilot's failure to anticipate and correct for conditions (high gross weight, low indicated airspeed, and a right downwind turn) conducive to loss of tail rotor effectiveness (LTE), which resulted in LTE and an uncontrolled spin. Contributing to the accident was the pilots inadequate preflight planning, which resulted in the helicopter being in excess of its maximum allowable gross weight at takeoff.",BELL,206B,56.0,Aircraft-Aircraft oper/perf/capability-Performance/control parameters-Yaw control-Not attained/maintained - C,Initial climb Loss of tail rotor effectiveness,-0.16488046166529546,-3.5369774919614128,581280.0,3.0,stable,mild_decline,-7.833528830000958,-5.0034506556245635,strong_decline,strong_decline
20151008X02333,2,0,VMC,Daylight,UNK,Other,<500,2015,10,"HISTORY OF FLIGHTOn October 8, 2015, about 1830 eastern daylight time, a Piper PA-38-112, N4313E, operated by Asterix Aviation LLC, was substantially damaged when it impacted terrain after a loss of engine power in Jasper, Georgia. The student pilot was fatally injured. Visual meteorological conditions prevailed, and no flight plan was filed for the local solo instructional flight conducted under the provisions of 14 Code of Federal Regulations (CFR) Part 91, which departed from Pickens County Airport (JZP), Jasper, Georgia, about 1720.

According to the student pilot's flight instructor, the student pilot was on his second supervised solo flight. The instructor reported that he saw the student pilot perform the preflight inspection of the airplane and that the student pilot ""reported to him"" that 14 gallons of fuel were in the airplane. The flight instructor could not recall if he backed the student up by visually checking the fuel quantity himself and could not recall if the student used a fuel stick when checking the quantity.

The flight school's general manager, who was leaving the airport at the time, saw the flight instructor on the ramp using his mobile phone while the student was performing the preflight inspection.

The flight instructor reported that, after takeoff from JZP, the student flew to the practice area and returned to the airport about an hour later. The student then performed a touch-and-go landing on runway 16. During climb after the touch-and-go, the flight instructor heard the engine suddenly stop running. The airplane then ""sunk down,"" and he saw the airplane turn to the left like the student pilot was going to return to the airport. The airplane then appeared to enter an aerodynamic stall and then spin to the left. It descended rapidly while still in the spin until it was lost from view behind trees, and the flight instructor heard the sound of impact. PERSONNEL INFORMATIONStudent Pilot

According to Federal Aviation Administration (FAA) airman records and pilot records, the student pilot, age 21, held a third-class medical with a student pilot certificate issued on August 24, 2015.

Review of pilot records indicated that he had taken his pre-solo written exam on September 11, 2015. Before the accident flight, he had accumulated 13.5 total hours of flight experience, 1.3 hours of which were in solo flight. His previous supervised solo flight had occurred on September 21, 2015 (17 days before the accident flight). No dual instruction was logged after that date.

Flight Instructor

The flight instructor, age 31, held a commercial pilot certificate with ratings for airplane single-engine land, airplane multi-engine land, and instrument airplane. He also possessed a flight instructor certificate with ratings for airplane single-engine and instrument airplane. He reported that, during the previous year, he had soloed 10 students, and, at the time of the accident, he had accumulated about 3,400 hours of flight experience, 2,900 of which were as flight instructor. AIRCRAFT INFORMATIONThe airplane was a 2-seat, single engine, low-wing, fixed-gear monoplane of conventional metal construction. It was equipped with a 4-cylinder, air-cooled, horizontally opposed, normally aspirated, 112-horsepower Lycoming O-235-L2C engine, driving a metal, two-blade Sensenich 72CK-0-56, fixed pitch propeller.

According to FAA airworthiness records and airplane maintenance records, the airplane was manufactured in 1978. The airplane's most recent annual inspection was completed on October 3, 2015. At the time of the inspection, the airplane had accrued about 3,147 total hours of operation.
Review of the airplane's fuel system indicated that fuel was stored in two 16-gallon (15 gallons usable) fuel tanks, giving the airplane a total capacity of 32 gallons (30 gallons usable). The fuel tank selector control was in the center of the engine control quadrant; the selector had three positions: right, left, and off. A

The student pilot was on his second supervised solo flight. According to the flight instructor, before the airplane departed, he observed the student pilot's preflight inspection of the airplane, and the student reported to him that the airplane had 14 gallons of fuel onboard. The flight instructor could not recall if he visually checked the fuel quantity himself or if the student used a fuel quantity measuring stick when checking the quantity. Further, the flight school's manager stated that he saw the instructor speaking on his phone while the student was performing the preflight.

 After takeoff, the student pilot flew to the practice area and came back to the airport about 1 hour later. The student pilot then performed a touch-and-go landing. During the climb after the touch-and-go, the flight instructor heard the engine suddenly stop running. The instructor saw the airplane turn to the left like the student pilot was going to return to the airport. The airplane entered an aerodynamic stall and then a spin to the left. It descended rapidly while in the spin until the instructor lost sight of the airplane behind trees; he then heard the impact.

Examination of the accident site and wreckage revealed that the airplane impacted the ground about 1,700 ft from the departure end of the runway. Ground scarring and the lack of damage to the propeller indicated that the engine was not producing power during the impact sequence. The examination found no evidence of preimpact mechanical failures that would have precluded normal operation of the airplane. However, the examination revealed that the fuel system was devoid of usable fuel. A broken fuel quantity measuring stick made from a wooden dowel was discovered in the wreckage.

Review of the flight log recovered from the wreckage indicated that the airplane had been operated about 4.9 hours since the last refueling. According to the airplane manufacturer's pilot operating handbook, the airplane's endurance was about 4.5 hours when fueled to its maximum capacity of 32 total gallons, of which 30 gallons were usable. Although the student reported to the instructor that 14 gallons of fuel, or about half of its total capacity, were onboard, given the airplane's fuel consumption rate, it is unlikely that the airplane would have been devoid of fuel after 1 hour of flight had this assertion been accurate. Therefore, it is likely that the student erred in measuring the fuel onboard during his preflight inspection. Had the flight instructor personally observed the airplane's fuel state prior to the flight, he might have noticed the discrepancy and corrected the problem. Additionally, the flight school had no written policies or procedures regarding fueling. If a policy had been in place that prescribed a minimum fuel level prior to departure, or required the flight instructor to personally verify the fuel quantity on board before a student departed on a solo flight, the accident may have been prevented.

The student pilot's failure to accurately determine the airplane's fuel state, subsequent fuel exhaustion, and a total loss of engine power during initial climb. Contributing to the accident was the flight instructor's inadequate oversight of the student pilot's preflight inspection, the flight school's lack of fueling procedures, and the student pilot's exceedance of the airplane's critical angle-of-attack, which resulted in an aerodynamic stall.",PIPER,PA 38-112,21.0,Personnel issues-Psychological-Attention/monitoring-(general)-Instructor/check pilot - C,Prior to flight Preflight or dispatch event,0.7158913374511355,-9.836065573770503,611140.0,1.65,stable,strong_decline,-8.034362215956936,-2.745367192862047,strong_decline,mild_decline
20151007X51551,3,0,IMC,Night,UNK,PIC,<500,2015,10,"HISTORY OF FLIGHTOn October 7, 2020, about 0530 eastern daylight time, a Beech S35; N449CT, was substantially damaged when it was involved in an accident near Knoxville, Tennessee. The pilot and passenger were seriously injured. The airplane was operated as a Title 14 Code of Federal Regulations Part 91 personal flight.

The airplane had been topped off with 23.2 gallons of 100LL aviation gasoline on the day before the accident flight. According to the pilot, he arrived at Knoxville Downtown Island Airport (DKX), Knoxville, Tennessee the following morning around 0505 to preflight the airplane for their flight to Moore-Murrell Airport (MOR), Morristown, Tennessee. About 0530, the pilot and his passenger boarded the airplane and fastened their seatbelts. The pilot then ""gave my briefing to my passenger.""

The pilot started the airplane and inserted his updated data cards. He then taxied to the run-up area for runway 8. While taxiing he listened to DKX's automated weather observation system (AWOS). He advised that he thought that the AWOS was transmitting that the ceiling was at 200 feet, ""or something to that effect,"" which he stated that he, ""found to be untrue"" since he could ""look up at the sky and see stars."" He also stated that, this was also not compatible with his weather briefings from the night before or earlier the morning of the accident.

Upon reaching the run-up area he performed a run-up, checked the magnetos, and performed the propeller checks. The flight controls were free and correct. Once the engine oil temperature was acceptable, he transmitted over the common traffic advisory frequency that he was departing runway 8 and then taxied to the runway. After lining up on the runway he advanced power until ""all was green,"" continued to full power and then took off. Once the airplane was airborne, and when the entire usable runway was behind him, he raised the landing gear, and checked his climb attitude and trim. The pilot stated that this was all he could remember about the accident flight.

According to the passenger, he did not remember being briefed by the pilot about use of the shoulder harness, so he did not have it on during the accident flight. On the morning of the accident it was dark and foggy, and he could not see the sky. He remembered asking the pilot about instrument procedures as he believed the pilot was instrument qualified. He could remember the preflight, the engine warmup, the takeoff, and the landing gear going up (retracting). After that he could not remember anything except when he was being placed on a spine board at the accident scene, and afterwards being in the hospital.

According to the airport's line service manager, he arrived at the airport about 0550. He stated that he could not see anything and that it was ""zero/zero."" About 0612, he was notified that an emergency locator transmitter signal was being picked up. The traffic patrol pilot for the local radio station tried to take off to see if he could locate the airplane but the visibility was too bad. The fog cleared around 1000.

Around 0630 the Morristown, Tennessee 911 communications center received a telephone call from the pilot reporting that he had crashed sometime after departure from DKX. After determining that the air traffic control tower at Mc Ghee Tyson Airport (TYS) Knoxville, Tennessee was not in contact with the airplane, the pilot was asked to hang up and dial 911. The pilot did so, and the call was received by the Knox County, Tennessee 911 communications center. The communications personnel at the center were then able to ping the pilot's cellular telephone and determine the location of the call. First responders were then able locate the accident site and provide medical assistance to the pilot and his passenger who were both seriously injured.
 PERSONNEL INFORMATIONThe pilot held a Federal Aviation Administration (FAA) private pilot certificate with ratings for airplane single-engine land, and instr

The airplane had been topped off with fuel the day before the accident flight. Early the following day, the pilot arrived at the airport for the visual flight rules flight and completed a preflight inspection, then he and his passenger boarded the airplane. According to the pilot, while taxiing to the runup area for the runway, he listened to the automated weather observation system (AWOS) at the airport and thought he heard that the ceiling was about 200 ft, even though he could ""look up at the sky and see stars."" He also stated that this was also not compatible with his weather briefings from the night before or earlier the morning of the accident. According to the passenger, the morning of the accident was dark and foggy, and he could not see the sky. He remembered asking the pilot about instrument procedures as he believed the pilot was instrument qualified. The pilot and passenger could only remember the preflight, the engine warmup, the takeoff, and the landing gear retraction. After departure, the airplane impacted trees and vegetation about 10 ft above ground level about 600 ft from the departure end of the runway. The airplane then impacted in an open field in a level attitude with the wing flaps retracted and the landing gear in the up position. Both the pilot and passenger were seriously injured during the impact sequence.

The airport's line service manager arrived at the airport about 20 minutes after the accident occurred and stated that he could not see anything and that it was ""zero/zero."" The traffic patrol pilot for the local radio station tried to take off to try to locate the airplane, but the visibility was too bad.

There was no record of the pilot receiving a formal weather briefing. Review of the weather conditions before the accident revealed that the National Weather Service had been forecasting fog and low clouds for at least 5 hours before the time of the accident, the AWOS had been reporting 1/4 mile visibility for at least 15 minutes before the accident, and the sun had not yet risen. If the pilot had delayed his departure until midmorning, he would have been able to depart in visual meteorological conditions.

Postaccident examination of the airframe, engine, and recorded engine data did not reveal any preimpact failures or malfunctions that would have precluded normal operation. Examination of the accident site and airplane revealed that the impact with the ground was at high speed with the engine at takeoff power, indicative of the pilot not climbing the airplane after takeoff. It is likely that, during the takeoff from the well-lit runway into a dark sky with no ambient light, the pilot experienced a somatogravic illusion in which he likely sensed that the sudden linear acceleration of the airplane created a pitch-up sensation, when instead the airplane was not climbing or climbing shallowly. It is likely that, with no other visual cues, the pilot became spatially disoriented and pushed the nose down to avoid what he sensed was pitching up too high and impacted the trees at the end of the runway.

The pilot's inadequate preflight weather planning and his improper decision to attempt a visual flight rules flight in night instrument metrological conditions, which resulted in spatial disorientation and subsequent collision with terrain.",BEECH,S35,51.0,Personnel issues-Task performance-Planning/preparation-Weather planning-Pilot - C,Prior to flight Preflight or dispatch event,0.7158913374511355,-9.836065573770503,611140.0,1.65,stable,strong_decline,-8.034362215956936,-2.745367192862047,strong_decline,mild_decline
20180731X84010,3,0,VMC,Daylight,UNK,PIC,500-2000,2018,7,"On July 29, 2018, at about 0912 Alaska daylight time, N744AK, a Robinson R44 II helicopter, sustained substantial damage during a forced landing following a total loss of engine power shortly after takeoff from the Bettles Airport (PABT), Bettles, Alaska. The commercial pilot and two passengers were not injured. The helicopter was registered to and operated by Quicksilver Air Inc., under the provisions of 14 Code of Federal Regulations Part 91 as a public-use flight. Visual meteorological conditions prevailed and company flight following procedures were in effect. The flight departed PABT about 0908.

According to the pilot, he had computed the weight and balance and performed a preflight inspection prior to departure. After the passengers boarded the helicopter, the engine was started, and all ground run-up checks of the engine were satisfactory. He stated that about 4 minutes after liftoff the helicopter lost all engine power. He entered an emergency autorotation and landed the helicopter in a bog. During the emergency landing, the tips of the helicopter's skids broke though the vegetative matt on the bog's surface and the main rotor blades impacted the tailboom. The helicopter sustained substantial damage to the fuselage and tailboom. 

Examination of the recovered Lycoming IO-540-AE1A5 engine revealed that it remained attached to the airframe via all its mounts. All fuel lines, throttle, and mixture control cables were intact and remained attached to the engine. The bottom spark plugs were removed and remained free of mechanical damage. The bottom spark plugs exhibited coloration consistent with normal operation. The cooling fan nut was rotated in the direction of normal rotation. No movement of the intake and exhaust rocker arms was observed. The oil suction screen was removed and found to contain metallic fragments.  The engine was removed from the airframe for further examination. 

The left and right magneto, vacuum pump, oil filter and rear accessory housing was removed from the engine. The crankshaft idler gear and gear shaft was observed loose from their mount. Both the bolt and stud were separated from the crankcase and their respective bores were elongated. Heavy fretting, gouging, and smearing was observed around the mounting surface for the crankshaft idler gear shaft. Fragmented remains of the safety wire, stud, nut and bolt were located in the oil sump. Examination of images of the components by the National Transportation Safety Board (NTSB) Materials Laboratory revealed impact wear and deformation around both crankcase mounting holes and the shaft flange mounting face, was consistent with the partial or complete loss of bolt and stud clamping force of the shaft flange to the crankcase. The NTSB's Materials Laboratory Factual Report is available in the public docket for this accident. 

Review of the helicopter's maintenance records revealed that the overhauled engine was installed on the accident helicopter on July 10, 2015 at a total time in service of 6,600.0 hours. The last logged maintenance activity in which the fasteners could have been manipulated was performed at the engine overhaul, about 3 years prior to the accident. The engine had accumulated about 727 operating hours since that time. The most recent 100-hour inspection was conducted 18.1 hrs before the accident on July 21, 2018, at an engine total time in service of 7,309.3 hrs, and 709.3 hrs since major overhaul. No logbook entries were observed concerning the idler gear shaft mounting stud and fasteners. 

The oil filter element which had been cut and examined at the most recent 100-hr inspection was located and reexamined and found to contain greater than 60 small pieces of shiny flake like metallic material with some of those flakes estimated to be greater than 1/16 inch in diameter. 

According to the operator, the mechanic who completed the most recent 100-hr inspection examined the oil filter with the aid of a magnet and found

According to the commercial pilot, about 4 minutes after liftoff for the public flight, the helicopter lost all engine power. He entered an emergency autorotation and landed the helicopter in a bog. During the emergency landing, the tips of the helicopter's skids broke through the vegetative matt on the bog's surface, and the main rotor blades impacted the tailboom. The helicopter sustained substantial damage to the fuselage and tailboom. 

Postaccident engine examination revealed that the crankshaft idler gear and gear shaft were loose in their mount. Both the bolt and stud for the idler gear shaft had separated from the crankcase, and their respective bores were elongated. Fragmented remains of the safety wire, stud, nut, and bolt were found in the oil sump. Examination of images of these components revealed that there was impact wear and deformation around both of the crankcase mounting holes and the shaft flange mounting face, which was consistent with the partial or complete loss of bolt and stud clamping force of the shaft flange to the crankcase. The insufficient preload on the bolt and stud for the idler gear shaft likely resulted in the dismounting of the idler gear shaft assembly.

A review of maintenance records revealed that the last maintenance activity during which the fasteners could have been adjusted was during an engine overhaul performed about 3 years before the accident. The engine had accumulated about 727 operating hours since that time. It is likely that maintenance personnel applied insufficient preload to the bolt and stud at that time, which allowed them to wear and deform over time.

 The oil filter element from the most recent 100-hour inspection, which was conducted 18.1 hours before the accident, was examined and found to contain more than 60 small pieces of shiny, flakelike nonmagnetic metallic material; some of the flakes were estimated to be more than 1/16 inch in diameter. The operator reported that the mechanic who performed the inspections did not find any metallic material. The engine manufacturer had issued Mandatory Service Bulletin No. 480F, ""Oil Servicing, Metallic Solids Identification After Oil Servicing, and Associated Corrective Action,"" which stated, in part, if  ""pieces of shiny flake-like, material (larger than 1/16  inch in diameter) with no copper tint"" are found in the oil filter, the engine should be removed or disassembled for repair. The mechanic's failure to identify the metallic particles contained in the oil filter element at the most recent 100-hour inspection likely contributed to the accident because it allowed the helicopter to be returned to service when it should not have been.

Maintenance personnel's application of insufficient preload on the attachment hardware for the idler gear shaft during engine overhaul, which resulted in the dismounting of the idler gear shaft assembly due to wear and deformation and the subsequent total loss of engine power. Contributing to the accident was a mechanic's failure to identify metallic particles contained in the oil filter element at the most recent 100-hour inspection.",Robinson,R44,48.0,Aircraft-Aircraft power plant-Engine (reciprocating)-Recip eng rear section-Failure - C,Prior to flight Aircraft maintenance event,1.494040789106843,5.769230769230771,724433.0,2.2,mild_growth,strong_growth,-0.03409300141038463,5.836247437597963,stable,strong_growth
20140722X24951,4,0,VMC,Daylight,UNK,PIC,<500,2014,7,"HISTORY OF FLIGHTOn July 19, 2014, about 2000 eastern daylight time, a Colt Balloons 160A, N976TC, contacted powerlines in Clinton, Massachusetts. The balloon received minor damage.  The pilot and three passengers were uninjured, and three passengers were seriously injured. The local sightseeing flight was operated by Damn Yankee Balloons under the provisions of 14 Code of Federal Regulations Part 91. Visual meteorological conditions prevailed, and no flight plan was filed for the flight, which departed from a field in Shrewsbury, Massachusetts, about 1845.

The pilot stated that the accident flight was the second flight that day. After meeting the passengers and ground crew at the departure location, he provided the passengers with a safety briefing that included all aspects of the flight, including the risks involved and the flight procedures and timeline. While the pilot conducted the safety briefing, his ground crew assembled the balloon. The pilot then performed a preflight inspection before inflating the envelope. The passengers boarded, and the pilot conducted a second preflight inspection before launching.

According to the pilot, after launch, the balloon climbed to about 1,000 ft above ground level (agl) and traveled 170°-180° (southbound) at a groundspeed of about 5 knots. About 1 hour into the flight, the balloon passed over a reservoir, then the wind ""shifted"" and the balloon began approaching the town of Clinton. Witness photographs captured images of the balloon as it traveled over the reservoir between 50 and 100 ft agl. One witness reported that the balloon's basket was ""skimming the water."" The pilot reported that he approached the town at an altitude of 100 ft agl in preparation for landing should an adequate landing site appear. Shortly thereafter, he saw a large side yard next to a house at an intersection. He initiated a descent using the balloon's burners intermittently to maintain the proper descent path.  Photographs showed the balloon approaching the landing site about 50 feet agl.

According to the pilot, as the balloon approached the landing site, the basket skid (attached to the bottom of the basket), contacted the top wire of a set of electrical wires perpendicular to the balloon's flight path. The balloon continued forward, causing the top wire to contact another wire; a large arc and flash ensued. The balloon then continued its descent to the landing site, where it touched down normally.

Video footage of the accident showed that the pilot engaged the burner several times as the balloon approached the landing site. Subsequent footage showed the balloon descending toward the landing site. As it descended, the envelope contacted the three uppermost powerlines, resulting in an electrical discharge, a shower of sparks, and portions of the powerlines falling onto the ground and a parked vehicle. The balloon then continued in a controlled descent to the landing area. After the balloon landed, the ground crew and others who had stopped to render assistance helped the passengers egress from the basket. Three of the passengers received serious electrical burns as a result of the balloon's contact with the powerlines.

The pilot stated that he decided to land in the town because the balloon had about 20 minutes of fuel remaining, and that sunset would occur in about 30 minutes. He also stated that he was unfamiliar with the area, and reported to law enforcement personnel that he was navigating with the use of a map application on his cell phone. In his written statement to the NTSB, he suggested that the accident may have been prevented with a steeper approach to the landing site. PERSONNEL INFORMATIONThe pilot held a commercial pilot certificate with a rating for lighter-than-air balloon, and private pilot privileges for airplane single-engine land. His most recent Federal Aviation Administration (FAA) third-class medical certificate was issued on September 14, 2012. He reported 4,388.9 total h

The commercial pilot departed on the hot air balloon tour flight with 6 passengers. After about 1 hour of flight, the balloon approached a town; with about 20 minutes of fuel remaining and about 30 minutes until sunset, the pilot descended the balloon to locate a landing site. He subsequently selected the yard of a residence near an intersection. The pilot initiated a descent, intermittently activating the balloon's burners to maintain the descent path. As the balloon approached the landing site, the envelope contacted powerlines, resulting in an electrical discharge, a shower of sparks, and portions of the powerlines falling onto the ground and a parked vehicle. The balloon sustained thermal damage to the basket, but continued a controlled descent to the intended landing site. Three of the passengers received serious electrical burns as a result of the balloon's contact with the powerlines. The pilot stated that there were no mechanical malfunctions or anomalies with the balloon that would have precluded normal operation. The pilot further stated that he was unfamiliar with the area and was navigating with the aid of a map application on his cell phone.

Although the pilot reported that the overflight of the town was the result of a sudden shift in wind direction, given the balloon's departure location and the accident site, the balloon maintained a predominately northerly heading throughout the flight; there was no indication of any variation in wind direction. Based on this information, the pilot should have been able to predict the balloon's flight path with reasonable accuracy both before and after reaching the town and plan a landing site accordingly. Review of satellite imagery for the surrounding area showed several suitable landing fields about 1 ¼ nautical miles north of the accident site.

The accident was one of 4 events involving the accident pilot, all of which occurred during low-level operation or confined area landings and resulted in property damage. The events displayed a pattern of poor decision-making which was also exhibited during the accident flight with the pilot's decision to land in a populated area confined by powerlines. Given this history, it is possible that, with a more robust system of oversight and surveillance of balloon operators, the Federal Aviation Administration would have identified the accident pilot as a potential safety risk and taken steps to mitigate this risk.

The pilot's inadequate preflight and inflight planning and improper landing site selection and approach path, which resulted in the balloon contacting powerlines during landing. Contributing to the accident was the Federal Aviation Administration's inadequate oversight of balloon tour operators.",COLT BALLOONS,160A,66.0,Personnel issues-Task performance-Planning/preparation-Flight planning/navigation-Pilot - C,Prior to flight Preflight or dispatch event,0.4993337111522944,-0.6756756756756799,590517.0,2.94,stable,stable,1.2346325354091636,3.992327059105616,mild_growth,mild_growth
20140722X53457,2,0,VMC,Daylight,UNK,PIC,<500,2014,7,"HISTORY OF FLIGHT On July 22, 2014, about 1120 Pacific daylight time, an MDHI 369D, N5225C, collided with terrain and rolled downhill several times near Oso, Washington. Olympic Air was operating the helicopter under the provisions of Title 14 Code of Federal Regulations (CFR) Part 133. The commercial pilot sustained serious injuries, and the helicopter airframe sustained substantial damage during the accident sequence. The local external load flight departed at an undetermined time. Visual (VMC) meteorological conditions prevailed, and no flight plan had been filed. 

A Federal Aviation Administration (FAA) inspector examined the wreckage on site. He noted that the main rotor blades fragmented into many pieces that were scattered along the hillside. He identified four of the five blades. During recovery, personnel located the fifth blade about 900 feet away, and with much less damage. 

TESTS AND RESEARCH 

Follow Up Examination July 28, 2014 

The National Transportation Safety Board (NTSB) investigator-in-charge (IIC) and investigators from Boeing and Rolls-Royce examined the wreckage in Auburn, Washington, on July 28, 2014. A complete report is part of the public docket for this accident. 

There was no evidence of preimpact damage to the airframe. There were no anomalies with the airframe or engine that would have precluded normal operation. 

Four of the five main rotor blades exhibited substantial damage. They were bent, buckled, had spar damage, leading edge gouges and dents, and trailing edge separation. Some blades were warped and fragmented. 

The fifth blade, serial number (SN) 091B, had substantially less damage than the other four blades. The blade subassembly was liberated from the root assembly; it fractured with bonding separation at the blade root, and the blade airfoil was relatively intact. 

All five main rotor blades were manufactured by Helicopter Technology Company (HTC), LLC, under Parts Manufacturing Authority (PMA) issued by the FAA. 

Follow Up Examination 

The NTSB IIC and another NTSB investigator examined the wreckage on September 23, 2014. They retrieved the blade roots for all five main rotor blades, and submitted them to the NTSB Material's Laboratory for examination. 

National Transportation Safety Board (NTSB) Material's Laboratory Blade Examination 

There were several components that comprised the main rotor blade assembly. Skin doublers were bonded to the outside of the blade at the root end. Upper and lower root fittings were joined to the root end of the blade subassembly with a blue-colored film adhesive on a scrim cloth carrier and five attachment bolts. Three of the attachment bolts were arranged spanwise along the fitting, and two bolts (inboard of the aforementioned three spanwise bolts) at the root end were arranged chordwise relative to one another. For the purposes of this investigation, the bolt located at the outboard end of the root fitting was labeled as the ""No. 1 attachment bolt,"" and the bolt adjacent to it was labeled as the ""No. 2 attachment bolt."" 

According to the manufacturer of the main rotor blade assemblies, the blade and fittings were joined as follows: 

1. A primer containing strontium was applied to each fitting and the doubler 
2. The adhesive film was sandwiched between the fittings and the blade and the adhesive was cured 
3. The excess adhesive was trimmed from the edge of the fitting 
4. A sealant was applied around the edge of the fitting 
5. Paint coatings were then applied 

Examination of Separated Rotor Blade 

Visual examination prior to disassembly revealed that rotor blade SN 091B was fractured primarily chordwise through the second bolt hole from the outboard end of the root fitting, about 3 inches from the inboard end of the blade subassembly. On the inboard end of the separated blade subassembly, blue-colored adhesive film remained bonded to the upper and lower surfaces in the area that mated to the inner

The commercial pilot was performing external load operations in the helicopter when one main rotor blade separated, which resulted in a loss of control and collision with terrain. The helicopter rolled downhill, and the airframe sustained substantial damage. On-site examination of the wreckage revealed that four of the main rotor blades were fragmented into many pieces. The fifth main rotor blade was found about 900 ft from the main wreckage and exhibited less damage; postaccident examination of this rotor blade revealed that it had separated due to fatigue cracking that had initiated near the root end of the blade at the second-most outboard bolt hole through the spar, skin, and doubler. 

Further examination revealed that the fatigue cracks in the separated blade had initiated due to disbondment at the interface between the adhesive film on the blade subassembly and the upper and lower root fittings. Examination of the root fitting assembly revealed paint cracks along the root fitting/blade interfaces, indicative of complete or partial disbondment of the root fittings. When the remaining attachment bolts were removed, the root fittings cleanly separated from the blade subassembly. 

The helicopter manufacturer had previously issued a service bulletin indicating that disbondment of the root fitting was caused by a high number of torque events/external lifts per hour that exceeded the helicopter's ""original design fatigue spectrum."" Further, the Federal Aviation Administration had previously issued an airworthiness directive (AD), which instructed the operator to determine and record the number of torque events (TE) accumulated on each main rotor blade. It stated that, on or before accumulating an additional 200 TEs or at the end of each day's operations, whichever occurred first, the operator was required to record and update the total accumulated TEs. For each blade that had accumulated 13,720 or more TEs and 750 or more hours time in service (TIS), before further flight, unless accomplished previously, the operator was to perform a main rotor blade TE inspection. The AD also required a recurrent main rotor blade TE inspection at intervals not to exceed 200 TEs or 35 hours TIS, whichever occurred first. A review of maintenance records indicated that the blades on the helicopter had accumulated about 1,123 hours TIS and 232,674 TEs since installation. The examination of all of the blades suggested that initial indications of root fitting disbondment, specifically paint cracking around the root fitting/blade interface, occurred sufficiently early to have been detected if the inspections had been performed in accordance with the AD.

The pilot stated that he obtained an airframe and powerplant certificate so that he could perform the TE inspections. He added that he averaged about 200 TEs per hour and that he tried to comply with the AD as best as he could on work sites. On a typical job, he usually did not perform the TE inspections until he got home at night. He read the AD and maintenance manual to determine how to inspect the blades and noted that the inspection procedures stated that the inspector should inspect the root end for cracks. He stated that he looked primarily at the root fitting and metal for cracks, not necessarily the bond line. He added that the intent of inspecting the bond line was not clear to him until the helicopter and blade manufacturers published service notices after the accident, which included color photographs; the photographs showed examples of possible evidence of initial failure of the adhesive bond between the main rotor blade and doubler. 

The fracture on the accident blade initially occurred at the second-most outboard bolt hole, which was outside the indicated inspection area for chordwise cracks. Because the crack was outside the indicated inspection area, it was possible that the crack could have been missed or misidentified during an inspection. However, the crack initiated at

The pilot/mechanics failure to properly perform required inspections of the main rotor blades at the necessary intervals, which resulted in an in-flight separation of a main rotor blade due to disbonding and fatigue cracking. Contributing to the accident was the lack of clear guidance in the helicopter maintenance inspection instructions, which allowed for the possible misinterpretation by maintenance personnel of their intent.",MDHI,369D,65.0,Aircraft-Aircraft propeller/rotor-Main rotor system-Main rotor blade system-Inadequate inspection - C,Maneuvering-low-alt flying Part(s) separation from AC,0.4993337111522944,-0.6756756756756799,590517.0,2.94,stable,stable,1.2346325354091636,3.992327059105616,mild_growth,mild_growth
20180919X15343,3,0,VMC,Daylight,UNK,PIC,<500,2018,9,"On September 18, 2018, about 0815 Hawaiian standard time, a Robinson R44 Raven I helicopter, N632NV, was substantially damaged when it was involved in an accident near Wahiawa, Hawaii. The pilot and two passengers were not injured. The helicopter was operated as a Title 14 Code of Federal Regulations Part 136 commercial air tour flight. 
The flight originated from the Daniel K Inouye International Airport (HNL), Honolulu, Hawaii, about 0745. The pilot reported that, during preflight, the oil level was at 9 quarts and the fuel level was at 11 gallons. A note from company maintenance indicated that the 50-hour inspection, as well as a repair to the engine cowl, had been completed the previous night.
The helicopter departed HNL. While the helicopter was in cruise flight about 2,200 ft above ground level, the engine oil light illuminated red and stayed illuminated for the rest of the flight. There were no other indications in the cockpit, but the pilot began to execute the emergency procedure of landing immediately. The pilot noted that the helicopter did not lose engine power and he did not need to adjust the throttle or enter autorotation (an oil pressure light is one of the indications of an engine failure). About 4 to 7 seconds after the oil light illuminated, he noted minor fluctuations in engine rpm; however, the allowable limits were never exceeded. 
The pilot then noted a major spike and overspeed of the engine rpm greater than 110%; he later realized that it was the main rotor building and overspeeding. The pilot stated that he continued the descent and, as he approached closer to the ground, began to decelerate as the altitude lowered. As the helicopter neared the end of the descent, the pilot raised the collective; however, the low rotor rpm light illuminated, and the low rotor rpm horn annunciated. He stated that he either kept the collective where it was or slightly lowered the collective and tried to lower the tail into a steeper flare. After the flare, he brought the helicopter to a mostly level attitude and tried to cushion the landing by raising the collective as the helicopter neared touchdown. The helicopter impacted terrain at about 40 knots, after which it slid about 40 ft. During the postimpact sequence, the left skid separated, and the helicopter rotated about 90°. During his postflight inspection, the pilot noted oil on the outside of both lower engine inspection panels, which continued down the tailboom and over the vertical stabilizer and tail rotor. A large quantity of oil was also found on the inside of the engine inspection panel on the pilot's side. The oil level dipstick indicated oil at about the 1/8-inch mark.
A review of a video obtained from an onboard camera indicated that the red ""oil"" warning light illuminated in flight when the helicopter was about 2,500 ft mean sea level. The oil pressure gauge indicated that the oil pressure dropped to zero. During the descent, the manifold pressure indicated 12 inches of manifold pressure and remained at about the same power setting for the duration of the descent; the engine rpm and rotor rpm fluctuated in small percentages (98%-105%). The helicopter flared about 40-70 ft above ground level, and the main rotor was overspeeding. During the deceleration/flare sequence, the engine rpm dropped to about 80%; however, once the helicopter stabilized on the ground, the engine rpm increased and returned to 102%, which is within the normal operating range.
The R44 Pilot's Operator Handbook states, in part, the following: ""The governor maintains engine RPM by sensing changes and applying corrective throttle inputs through a friction clutch which can be easily overridden by the pilot. The governor is active only above 80% engine RPM and can be switched on or off using the toggle switch on the end of the right seat collective. The handbook also states that the electronic engine governor makes minor throttle adjustments by rotating the twist grip to maintain R

The pilot and two passengers were in cruise flight in the helicopter when the engine oil light illuminated. The pilot initiated an immediate descent to land and confirmed that the engine continued to produce power (the oil pressure light is one of the indications of an engine failure). As the helicopter approached the ground, the pilot slightly manipulated collective to maintain rotor rpm within limits. The helicopter impacted terrain with some forward speed and slid about 40 ft before coming to a stop. During his postflight examination of the helicopter, the pilot noted oil on the outside of both lower engine inspection panels and on the inside of the engine inspection panel on the pilot's side. The oil level dipstick indicated oil at about the 1/8-inch mark.
Review of video from the onboard camera indicated that the red ""oil"" warning light illuminated in flight, and the oil pressure gauge indicated that the oil pressure had dropped to zero. It also revealed that during the deceleration/flare sequence, the engine rpm dropped to about 80%; however, once the helicopter stabilized on the ground, the engine rpm increased and returned to 102%.
According to the R44 Pilots Operating Handbook, engine rpm is maintained by a governor, but only above 80%. For the engine rpm to drop to 80% and below, the pilot must manually rotate the throttle. Manual manipulation is not typically required except during start up, shut down, autorotation practice, and emergencies. The handbook also states that the emergency procedure in response to an illuminated oil light is to ""land immediately,"" which the pilot proceeded to do. However, the helicopter did not lose engine power; therefore, there was no need for the pilot to manipulate the throttle. It is possible that, without throttle manipulation, the pilot could have performed a normal landing to a suitable landing area and landed safely under power without damage to the helicopter.
A postaccident engine functionality check did not reveal any anomalies; the engine ran for 8 minutes without any apparent oil leaks. However, the next day, fresh oil was noted under the engine oil filter. Further examination revealed that the torque required to rotate the oil filter was significantly less than normal. In addition, the threaded fitting that the filter threads onto the adapter was about 2 threads in, and the filter cavity was empty of any oil. The loss of oil in flight was likely a result of the loose oil filter adapter.

Loss of oil in flight as a result of a loose oil filter adapter which resulted in the pilot initiating an immediate landing to an open field. Contributing to the accident was the pilot's manipulation of the throttle that led to a reduction in rotor rpm, which resulted in his inability to perform a normal landing.",Robinson,R44,28.0,Aircraft-Aircraft power plant-Engine (turbine/turboprop)-Oil system-Incorrect service/maintenance - C,Enroute-cruise Pressure/environ sys malf/fail,0.9707859034812305,0.452488687782826,725049.0,2.22,stable,stable,-0.03409300141038463,-7.797850445918131,stable,strong_decline
20140723X03322,3,0,VMC,Daylight,UNK,PIC,<500,2014,7,"HISTORY OF FLIGHTOn July 23, 2014, about 1020 central daylight time, an experimental, amateur-built Great Lakes 2T1A, N47149, operated by a private individual, was substantially damaged when it impacted a swamp near Lillian, Alabama. The private pilot and passenger were fatally injured. The local personal flight was conducted under the provisions of Title 14 Code of Federal Regulations Part 91. Visual meteorological conditions prevailed and no flight plan was filed for the flight that departed Ferguson Airport (82J), Pensacola, Florida, about 1010.

The pilot owned the airplane and based it at 82J. Prior to the accident flight, he had completed a 15-minute personal scenic flight uneventfully with a different passenger. That passenger then deplaned and the pilot boarded another passenger for another 15-minute local flight. When the airplane did not return, search and rescue procedures were initiated. An Alabama State Police helicopter tracked the pilot's mobile phone and located the wreckage about 1600, in swampy terrain approximately 5 miles northwest of 82J.

The airplane was not, nor was it required to be, equipped with a transponder. Review of radar data from the Federal Aviation Administration (FAA) revealed primary radar targets recorded near 82J about the time of the accident. The targets were consistent with a departure on runway 18, followed by a left downwind leg departure from the airport traffic pattern and a left turn to the west. After a westerly track that continued for about 4 miles, there was an approximate 1-mile gap in data, followed by five targets recorded on a northerly track near the accident site.

Two witnesses, who were at a residence near the accident site, reported seeing a biplane, consistent with the accident airplane, shortly after 1000. The airplane seemed low, below a cloud layer about 500 feet above ground level. It performed steep turns to reverse direction, but did not make any unusual maneuvers, or appear to be in distress. Both witnesses lived near a local airport, saw airplanes frequently, and paid no more attention to the airplane. They did not witness the accident.

According to the father of the previous passenger, the previous flight was unremarkable and no aerobatics were performed. His son recalled that the pilot reduced the engine power to idle and let the airplane glide for a while, which the son enjoyed. PERSONNEL INFORMATIONThe pilot held a private pilot certificate with a rating for airplane single-engine land. His most recent FAA third-class medical certificate was issued on October 9, 2012. At that time, he reported a total flight experience of 700 hours. Review of excerpts from the pilot's logbook revealed that he had flown 3 hours and 2 hours, all in the accident airplane, during the 90-day and 30-day period preceding the accident, respectively. AIRCRAFT INFORMATIONThe two-seat tandem, bi-wing, tailwheel airplane, serial number 7115-J521, was assembled in 1978 and issued an FAA experimental airworthiness certificate. It was powered by a Lycoming O-320, 150-horsepower engine, equipped with a two-blade, fixed-pitch, McCauley propeller. The pilot purchased the airplane with a partner in 1988. According to the aircraft logbooks, the airplane's most recent annual condition inspection was completed on March 15, 2014. At that time, the airplane had accumulated 682.97 total hours of operation and the engine had accumulated 1404.08 hours since major overhaul. According to the tachometer, the airplane flew 8.25 hours from the time of the condition inspection, until the accident. Additionally, review of the engine logbook revealed that two overhauled magnetos were installed on February 11, 2013; however, the investigation was unable to determine where the magnetos were overhauled.

The mechanic who maintained the airplane stated that in January 2014, the left exhaust manifold was sent for repair due to cracking. To prevent further cracking, the repair facility installed ball-

The pilot of the experimental, amateur-built airplane completed one 15-minute local flight with a passenger onboard. During a second 15-minute local flight with a different passenger, two witnesses near the accident site observed the airplane flying about 500 ft above ground level. They did not notice anything unusual about the flight and diverted their attention. The airplane was subsequently reported overdue and located about 6 hours later.

The airplane impacted wooded swampy terrain in a level attitude on a heading consistent with the closest airport. A strong smell of fuel at the accident site indicated the presence of fuel at impact. There was no evidence of pilot incapacitation. Examination of the wreckage did not reveal any preimpact mechanical malfunctions with the exception of the left magneto, which would not produce spark. Although records indicated the magnetos were overhauled within 2 years of the accident, laboratory examination of the left magneto revealed that its internal components were worn and near their life limit, which was not consistent with an overhaul during the previous 2 years. The points also did not make contact when closed. The investigation was unable to determine if the pilot performed a preflight check of the magnetos before departing on the accident flight or the preceding flight.

Additionally, the mechanic who maintained the airplane stated that about 6 months before the accident, the left exhaust manifold was sent out for repair due to cracking. To prevent further cracking, the repair facility installed ball joints; however, the carburetor heat shroud had to be reduced by about half-size to facilitate the modification. The reduced carburetor heat shroud would have resulted in a corresponding reduction in carburetor heat capability. A review of a carburetor icing chart revealed that, for the given temperature and dew point, atmospheric conditions were conducive to the formation of ""serious icing"" at engine glide power settings. The previous passenger reported that part of the scenic flight included a reduction in engine power to idle and a gliding descent. The carburetor heat control was found in the ""ON"" position. It was likely that an inoperative magneto and possible carburetor ice accumulated while gliding that the carburetor heat system was unable to melt resulted in a loss of engine power and forced landing into the swamp.

A loss of engine power due to an inoperative magneto and possible carburetor ice, which resulted in a forced landing into unsuitable terrain. Contributing to the accident was an inadequate magneto overhaul by unknown personnel and the modification to the carburetor heat system.",WILDERODER,GREAT LAKES 2TIA,67.0,Aircraft-Aircraft power plant-Ignition system-Magneto/distributor-Inoperative - C,Maneuvering-low-alt flying Loss of engine power (total),0.4993337111522944,-0.6756756756756799,590517.0,2.94,stable,stable,1.2346325354091636,3.992327059105616,mild_growth,mild_growth
20180723X93813,2,0,VMC,Daylight,UNK,PIC,500-2000,2018,7,"HISTORY OF FLIGHTOn July 21, 2018, at 1155 central daylight time, a Cessna 210C, N3611Y, was substantially damaged during a forced landing to a field near Blum, Texas. The airline transport pilot was uninjured. The airplane was registered to and operated by the pilot under Title 14 Code of Federal Regulations Part 91 as a personal flight that was not operating on a flight plan. Day visual meteorological conditions prevailed at the time of the accident. The flight departed from Granbury Regional Airport (GDJ), Granbury, Texas, and was destined to Hilltop Lakes Airport (0TE4), Hilltop Lakes, Texas.

The pilot stated that she completed a preflight inspection during which she sumped the fuel system. The fuel sump samples did not contain water or contaminant. She said that her first attempt to start the engine was unsuccessful, so she waited about 30 minutes for the starter to cool before attempting another start. Upon the second start attempt, the engine started and ""ran normally,"" and the subsequent engine run-up was ""normal"".

After takeoff, the airplane departed GDJ traffic pattern and proceeded on course at a cruise-climb airspeed; all ""engine indications were ""normal"". Upon reaching a cruise altitude of 3,500 ft mean sea level, engine power and speed were set to 22 inches of manifold pressure and 2,200 rpm, and the mixture was set to 13 gallons per hour. About 20 minutes after departure, the engine began to run ""rough"" and because of the hot weather conditions the pilot suspected vapor lock. She switched the fuel selector position from the right to the left fuel tank, but the engine roughness worsened so she switched the selector back to the right fuel tank. She then selected the boost pump to LOW and then HIGH, but those selections had no effect on the engine roughness. The engine began to lose power rapidly. The pilot retarded the throttle control but that did not affect the engine.

About 1,000 ft above ground level, the pilot selected a field for a forced landing. She said that she complied with the aircraft manufacturer's procedure and landed on the field with landing gear retracted because the engine driven hydraulic pump was being powered by a windmilling engine. She selected flaps to 30 degrees and advanced the throttle control to silence the gear warning horn. On short final to the field, she turned the ignition switch OFF. She said that the landing touchdown was ""firm,"" and the airplane slid to a stop very quickly. She estimated that 2 minutes elapsed from the onset of engine roughness to landing.

The National Transportation Safety Board (NTSB) Investigator-in-Charge (IIC) asked the pilot why she did not lower the landing gear for the forced landing; she said the airplane checklist stated that the landing gear was not to be lowered, and that it would take her about 3 minutes to manually pump the landing gear down. She said it would take her about 3 minutes to manually pump the landing gear down during landing gear swing tests that she did during the airplane's maintenance. She said the 3 minutes was without air loads on the airplane because it was a gear swing test with the airplane on jacks. She said that she would rather focus on flying the airplane rather than pumping the landing gear during the approach for the forced landing. She said that the outcome landing with the landing gear partially extended would have been worse than landing with the gear retracted. She said the she did not have enough time to lower the landing gear due to the altitude the airplane was at during the approach to a field. She said there is no way to tell if a field is rough while the airplane is 2 miles away from the field.

When the pilot was asked on separate occasions by the NTSB IIC and the FAA inspector whether she advanced the mixture control to the full rich position when the engine roughness occurred; she said that she did not remember. She said that she did not change the mixture control position after the forced land

The pilot stated that she was about 20 minutes into a cross-country flight with the airplane at a cruise altitude of 3,500 ft mean sea level (msl) when the engine started to run roughly. The pilot suspected vapor lock because of the hot weather conditions and attempted to restore engine power. She switched the fuel selector positions from the right to the left fuel tank, but when the roughness worsened, she switched the selector back to the right tank. She selected the boost pump to LOW and then HIGH, and retarded throttle control, all of which had no effect on engine operation. The engine began to lose power rapidly and then quit; the propeller windmilled. 

The pilot began an approach for a forced landing on a field with flaps at 30° and the landing gear retracted. She said that it would take her about 3 minutes to manually pump the landing gear down and that she did not have enough time to lower the landing gear due to the airplane's altitude. The landing on the field was ""firm,"" and the airplane quickly slid to a stop and sustained substantial damage during the gear-up landing.

The airplane emergency checklist for a forced landing after a complete engine failure required extension of the landing gear if the landing surface is smooth and hard and does not mention the need to extend the landing gear using manual extension; the windmilling engine would provide power to the hydraulic pump to operate the flaps and also to extend the landing gear normally. Postaccident examination of the field showed that the surface was hard and in good condition to perform a landing; however, the pilot stated that she could not determine this when she was 2 miles from the field when she decided to land there. 

The density altitude near the departure airport was about 3,500 ft msl, which would have required full rich fuel mixture at takeoff.

Postaccident examination of the airplane revealed that the left and right fuel tanks were each about half full, the throttle and propeller controls were in the full forward positions, and the mixture control was near the idle cutoff position. The pilot stated she did not remember advancing the mixture control to full rich when the engine roughness occurred and did not change the mixture control position after landing. Advancement of the mixture control to full rich would have increased fuel flow to mitigate restrictions to fuel flow, if present. There were no anomalies noted during the postaccident test run of the engine. Thus, it is likely that the pilot leaned the fuel mixture too much when the airplane reached cruise altitude, which resulted in the subsequent loss of engine power.

The pilot's excessive leaning of the fuel mixture, which resulted in a loss of engine power, and the pilot's failure to extend the landing gear in accordance with the airplane emergency checklist, which resulted in a gear-up landing.",Cessna,210C,76.0,Personnel issues-Action/decision-Action-Incomplete action-Pilot - C,Enroute-cruise Fuel related,1.494040789106843,5.769230769230771,724433.0,2.2,mild_growth,strong_growth,-0.03409300141038463,5.836247437597963,stable,strong_growth
20180726X90912,2,0,VMC,Daylight,UNK,PIC,<500,2018,7,"HISTORY OF FLIGHT

On July 26, 2018, about 1648 eastern daylight time, the private pilot of a Cessna 182P, N1311S, was fatally injured when he was struck by the propeller during a preflight inspection of the airplane at the Cleveland Regional Jetport (RZR), Cleveland, Tennessee. The airplane, which was not damaged, was owned by NCFL Ltd., and privately operated under the provisions of Title 14 Code of Federal Regulations (CFR) Part 91. Visual meteorological conditions prevailed for the intended personal flight to Blairsville Airport (DZJ), Blairsville, Georgia.

The pilot's wife reported that they had flown to RZR earlier that day, and her husband performed a normal shutdown of the engine utilizing the mixture control. They performed errands then returned to the airport. While outside the airplane behind the passenger door facing her seat, her husband was performing a preflight inspection of the airplane with the airplane's ignition key in his pocket. She heard the ""propeller move"" which she described as unusual and heard the engine like it was starting or trying to start. She looked up and noticed her husband fall to the ground. She went to him and thought the propeller stopped at that time, then went inside the fixed-base-operator to summon help.

According to FAA and airport personnel, airport security video did not capture the sequence of events.

AIRCRAFT INFORMATION

Airplane History

The four-place, high-wing airplane, serial number 18264876, was manufactured in 1976. It was powered by a 230-hp Continental O-470-S engine equipped with two independent engine-driven magnetos electrically controlled by an on-condition, key actuated, five position rotary ignition switch mounted on the lower left portion of the pilot's instrument panel.

The pilot purchased the airplane in April 2007, and it remained in his operational control the entire time. According to the pilot's wife, since then, there was no previous instance in which the ignition key could be removed from the switch in an intermediate position, or any position other than the off position. She also indicated that since owning the airplane, there was no previous issue of the key coming out, falling out, or being loose.

Cessna Service Bulletin SEB91-5 Revision 1, dated June 14, 1991, applicable to the accident make and model airplane by serial number and also by the installed ignition switch, specified an inspection and lubrication of the ignition switch; however, there was no requirement to determine if the key could be removed from any position other than off.

Review of the airplane service manual that describes inspection procedures at 50 Hours, 100 Hours, 200 Hours, and special inspection items, and review of 14 CFR Part 43 Appendix D which documents the scope and detail of items to be inspected in the annual or 100-hour inspections revealed no specific mention to check if the key could be removed from any position other than off.

A review of the Pilot's Operating Handbook that documents the preflight inspection items revealed a requirement to verify the ignition switch being in the off position before beginning the outside inspection. The inspection of the propeller specifies to check for nicks, security and oil leaks.

Airworthiness Directive (AD) 93-05-06, applicable to ACS Products Company and Gerdes Products Company ignition switches and the accident make and model airplane by serial number, specified an internal inspection for corrosion, lubrication of the ignition switch, and to determine if a diode or other surge suppresser was installed on the starter solenoid. The AD was required to be completed within 100 hours after the effective date of the AD (April 29, 1993), or at the next annual inspection, whichever occurred first. The AD did not specify a test to determine key to switch integrity, or to determine if the key could be removed from any position other than off. The maintenance records reflect that the AD was originally signed

After completing a personal flight with his wife, the private pilot secured the engine by placing the mixture control in the idle cut-off position. Based on physical evidence observed after the accident, he likely moved the ignition switch toward the off position and removed the key. The pilot's wife indicated that, after they performed local errands and returned to the airport, the pilot was performing his preflight inspection of the airplane with the ignition key in his pocket. Although airport security video did not capture the accident sequence and the pilot's wife, who was by the airplane's right cabin door, did not see her husband move the propeller, she heard the propeller move and the engine starting or trying to start. The pilot likely slightly moved the propeller and the engine briefly started; the propeller then rotated and fatally injured the pilot. The engine did not sustain operation, and the propeller ceased rotating.

Postaccident examination of the 42-year-old ignition switch revealed that it appeared to be in the off position when observed visually from the pilot's seat, but its actual selected position was more toward the right magneto position. The switch and key were determined to be slightly misaligned with the instrument panel placard markings. On- and off-airframe operational testing of the ignition switch in the as-found position revealed the right magneto was hot, or not grounded. In addition, examination of the cut surfaces of the key notches revealed relatively smooth and reflective surface features consistent with a worn surface on the flank of the notch adjacent to the key retention ridge and on the tip end of the shank opposite the notched side. Examination of the key cylinder revealed an area with a smooth and reflective surface consistent with wear on the lower side of the key slot. The location and shape of the worn area was consistent with wear contact with the tip of the key as it was inserted and removed. The key could be removed from the switch in any of the five positions due to the wear of the switch's internal components, contrary to its intended function that would retain the key in any position except the off position. Although the switch manufacturer tested all new switches to ensure this functionality when new, that test is not specified to be performed at any time as part of any inspection or checklist by the switch manufacturer, airframe manufacturer, or Title 14 Code of Federal Regulations Part 43 Appendix D.

Although the mechanic who performed the last annual inspection reported the key-to-switch integrity was satisfactory with no discrepancies, the worn condition of the ignition switch likely existed at the time of the annual inspection, which was about 31 flight hours before the accident flight (excluding the pilot's previous flight the day of the accident). Additionally, during the annual inspection when the mechanic installed the ignition switch after repairs, he failed to properly align the switch positions with the marks on the instrument panel placard.

The undetected wear of the ignition switch and key, which allowed removal of the key from an intermediate position and subsequently led to an unintended engine start-up. Contributing to the undetected wear of the 42-year-old ignition switch was the lack of guidance by the switch manufacturer and airframe manufacturer for procedures to detect lack of integrity between the ignition key and switch.",Cessna,182,70.0,Aircraft-Aircraft power plant-Ignition system-Switching-Fatigue/wear/corrosion - C,Standing Preflight or dispatch event,1.494040789106843,5.769230769230771,724433.0,2.2,mild_growth,strong_growth,-0.03409300141038463,5.836247437597963,stable,strong_growth
20180721X41413,4,0,VMC,Daylight,UNK,PIC,5000+,2018,7,"HISTORY OF FLIGHTOn July 21, 2018, about 0915 central daylight time, a Douglas DC-3 airplane, N47HL, was destroyed when it was involved in an accident near Burnet, Texas. The pilot, crew chief, and four passengers sustained serious injuries; one passenger sustained minor injuries; and the copilot and five passengers were not injured. The airplane was operated as a Title 14 Code of Federal Regulations Part 91 personal flight.

Representatives from the Commemorative Air Force (CAF) reported that all of the passengers were volunteers at the CAF wing and that the intention of the flight was to travel to Oshkosh, Wisconsin, to attend an airshow. An intermediate fuel stop was planned at Sedalia Regional Airport (DMO), Sedalia, Missouri.

The copilot reported that, during a discussion with the pilot before the flight, he told the pilot that his time in the airplane was low, that almost all his tailwheel time was in small airplanes. The pilot replied that he was a 4,000-hour DC-3 pilot and that there weren't going to be any problemsif you could taxi it, you could fly it."" Additionally, they briefed that the copilot would conduct the takeoff and be the pilot flying and that the pilot would be the pilot monitoring. The pilot stated that the airplane would be heavier than what the copilot was used to and that it might be necessary to help the tail up. He asked the copilot if he was comfortable taking off with a heavy airplane, and the copilot responded that he was.

The copilot stated that the pilot taxied the airplane to the run-up area, where they completed all pretakeoff checks and an engine run-up. The pilot then taxied the airplane onto runway 19. Subsequently, the copilot took control of the airplane, conducted a pretakeoff brief, and initiated the takeoff sequence. After the airplane began to move, he ""applied some forward pressure on the control yoke."" The pilot told him that he was applying the pressure too early, so he then slightly relaxed forward pressure on the control yoke. About 10 seconds into the takeoff roll, the airplane drifted right, at which time the copilot applied left rudder input, followed shortly after by the pilot taking control of the airplane.

The captain reported that, after taxiing to the runway, he didnt like how things looked, so he unlocked the tailwheel, let the[airplane] roll forward 6 to 7 inches, relocked the tailwheel, and verified it was locked. The pilot couldnt recall whether, during the initial stages of the takeoff roll, if the airplane swerved right, but he did recall telling the copilot not to push the tail up because it was heavy and that the airplane then swerved left. He then yelled ""right rudder"" three times. Shortly thereafter, he said, my airplane and then took control of the airplane. As he put his hands on the control yoke, he noticed that either the tail had started to lower or that the main wheels had just lifted off the ground. He knew the airplane was slow as he tried to ease it back over to the runway and set it back down and then felt the shudder of a stall."" The airplane rolled left and impacted the ground, the right main landing gear (MLG) collapsed, and the left wing struck the ground. After the airplane came to a stop, a postimpact fire ensued. All the airplane occupants egressed through the aft left door.

The crew chief, who was seated behind the pilots, reported that, during the takeoff sequence, he was concentrating on the instrument panel and heard the pilot tell the copilot not to push forward on the stick and to let the tail come up naturally. About 3 to 5 seconds later, he heard the pilot say, ""I have the aircraft."" He said he looked outside and could see that they were on the far-left side of the runway and that the pilot was on the controls, moving the rudder pedals and ailerons.

A video recorded by a witness located on the airports ramp area showed that about 13 seconds after the airplane started the takeoff roll, it veered slightly

According to the copilot, before takeoff, he and the pilot had briefed that the copilot would conduct the takeoff for the planned cross-country flight and be the pilot flying and that the pilot would be the pilot monitoring. The accident flight was the copilot's first takeoff in the accident airplane with it at or near its maximum gross weight. The pilot reported that he taxied the airplane onto the runway and locked the tailwheel in place and that the copilot then took over the controls. About 13 seconds after the start of the takeoff roll, the airplane veered slightly right, and the copilot counteracted with left rudder input. The airplane then swerved left, and shortly after the pilot took control of the airplane. The airplane briefly became airborne; the pilot stated that he knew the airplane was slow as he tried to ease it back over to the runway and set it back down. Subsequently, he felt the shudder of a stall, and the airplane rolled left and impacted the ground, the right main landing gear collapsed, and the left wing struck the ground. After the airplane came to a stop, a postimpact fire ensued. All the airplane occupants egressed through the aft left door.
Postaccident examination of the airplane revealed no evidence of any mechanical malfunctions or failures with the flight controls or tailwheel. Both outboard portions of the of the aluminum shear pin within the tailwheel strut assembly were sheared off, consistent with side load forces on the tailwheel during the impact sequence.

The copilot obtained his pilot-in-command type rating and his checkout for the accident airplane about 2 months and 2 weeks before the accident, respectively. The copilot had conducted two flights in the accident airplane with a unit instructor before the accident. The instructor reported that, during these flights, he noted that the copilot had directional control issues; made ""lazy inputs, similar to those for small airplanes""; tended to go to the right first; and seemed to overcorrect to the left by leaving control inputs in for too long. He added that, after the checkout was completed, the copilot could take off and land without assistance; however, he had some concern about the his reaction time to a divergence of heading on the ground.

Given the evidence, it is likely the copilot failed to maintain directional control during the initial takeoff roll. It is also likely that, if the pilot, who had more experience in the airplane, had monitored the copilot's takeoff more closely and taken remedial action sooner, he may have been able to correct the loss of directional control before the airplane became briefly airborne and subsequently experienced an aerodynamic stall.

The copilot's failure to maintain directional control during the initial takeoff roll and the pilot's failure to adequately monitor the copilot during the takeoff and his delayed remedial action, which resulted in the airplane briefly becoming airborne and subsequently experiencing an aerodynamic stall.",Douglas,DC3,61.0,Personnel issues-Task performance-Use of equip/info-Aircraft control-Copilot - C,Takeoff Loss of control on ground,1.494040789106843,5.769230769230771,724433.0,2.2,mild_growth,strong_growth,-0.03409300141038463,5.836247437597963,stable,strong_growth
20180717X95107,2,0,VMC,Daylight,UNK,PIC,500-2000,2018,7,"HISTORY OF FLIGHTOn July 17, 2018, about 1423 central daylight time, a Cessna 152 II, N24515, sustained substantial damage when it was involved in an accident near Fort Rice, North Dakota. The commercial pilot sustained fatal injuries. The airplane was operated as a Title 14 Code of Federal Regulations Part 91 aerial photography flight.

The purpose of the flight was to take photographs of farms and ranches in Morton County, North Dakota. The pilot used a handheld digital camera and took photographs with the left window of the airplane opened. The pilot also used a kneeboard with a county map to locate the target areas. To photograph the targets, the pilot would set engine power between 1,800 and 2,200 rpm and fly at a 45° approach angle toward the target, positioning the camera forward of the wing strut to not get the strut or the airplane's propeller in the photograph.

On the day of the accident, the pilot conducted the preflight of the airplane at Mandan Municipal Airport (Y19), Mandan, North Dakota, and reported to a mechanic that he would return to the airport about lunchtime. The airplane departed from the airport about 0845 and returned at some point before 1330, after which the mechanic refueled the airplane. During the payment process for the fuel, the mechanic observed that the pilot ""kept rubbing his eyes like he was tired."" The mechanic suggested that the pilot take a nap before continuing flight operations, to which the pilot replied that he could not make any money if he did not fly.

The accident flight departed about 1337. Federal Aviation Administration (FAA) surveillance data showed that the airplane followed the Missouri River on a southeast path toward Huff, North Dakota. Once established south of Huff, the airplane performed multiple turns throughout the area at an average altitude of 2,500 ft mean sea level (msl) before traveling east toward Fort Rice. The last segment of data showed that the airplane made several low-level turns over the Missouri River, as shown in figure 1. Most of the turns were to the left. The last recorded data point showed that the airplane at 1,700 ft msl and a groundspeed of 49 knots. About 1442, the Morton County Sheriff's Office received notification that a witness observed the airplane located in the Missouri River.





Figure 1. Last segment of flight over the Missouri River. The image is oriented to the north. The times and locations of the last several aerial images captured by the pilot are shown.
 PERSONNEL INFORMATIONThe owner of the aerial photography company for which the pilot worked reported that the accident flight occurred during the pilot's second season (May/early June to October) with the company. The pilot's wife noted no concerns about the pilot's sleep schedule and activities during the 72 hours before the accident.
 AIRCRAFT INFORMATIONThe airplane's tachometer time on the day of the accident indicated a total of about 4.5 hours of flight that day. Examination of the airplane's maintenance records revealed no evidence of uncorrected mechanical discrepancies.

The airplane was equipped with an Electronics International carburetor temperature system on the right side of the cockpit, located to the right of the yoke on that side. The manufacturer's operating instructions states in part the following:

When Carb. Temp. is selected on the Electronics International Carb. Temp. instrument, the carburetor temperature is continuously monitored and the ""Ice Zone"" warning light over the display is activated for that channel. The ""Ice Zone"" warning light is only active for the channel selected. At 39°F (before ice can form in the venturi of the carburetor) the ""Ice Zone"" warning light will light up. When this happens, apply carburetor heat, making small adjustments to bring the carburetor temperature above 39°F, thereby avoiding any possible carburetor icing condition. If the carburetor temperature is below 10°F the ""Ice Zone"" warning light will go

The pilot was conducting his second low-level aerial photography flight that day; the pilot would take the photographs through the left window of the airplane. A review of surveillance data showed the airplane depart from the airport and fly to the target areas for aerial photographs. After the pilot completed the photography work over the target areas, the airplane traveled over a river. The airplane then made several low-level turns over the river, most of which were to the left. The last recorded data point showed that the airplane at 1,700 ft. msl and a groundspeed of 49 knots. The airplane wreckage was found partially submerged in the river. The photographs from the pilot's camera were extracted, and the last several images showed a fish in the river. It was undetermined why the pilot was taking photos of the fish.

Postaccident examination of the airplane and engine revealed no anomalies that would have precluded normal operation of the airplane.

Given the temperature and dew point at the time of the accident, the airplane was susceptible to serious carburetor icing at glide power settings. The airplane was equipped with a carburetor temperature system that was installed on the right side of the cockpit. The system had an ""ice zone"" warning light that illuminated before carburetor ice could form. It is likely that, during the low-level turns to the left over the river, the pilot was focusing on taking photographs through the airplane's left window and did not see that the ice zone light had illuminated. After illumination of this light, a pilot was expected to apply carburetor heat. However, the airplane's carburetor heat was found in the off position. Thus, given the ambient conditions at the time of the accident, it is likely that carburetor ice formed and resulted in a loss of engine power. Because the pilot's attention was diverted while taking photos of a fish in the river, he likely did not notice the loss of airspeed, which resulted in the airplane exceeding its critical angle of attack, and a subsequent low-level aerodynamic stall.

Before the accident flight, a mechanic who assisted the pilot with refueling the airplane observed that the pilot kept rubbing his eyes. The mechanic surmised the pilot was fatigued. The mechanic suggested that the pilot that take a nap before continuing flight operations and the pilot replied that he can't make any money if he isn't flying, and subsequently departed for the accident flight. Evidence does not suggest that the pilot had a reduced sleep opportunity or circadian disruption during the days preceding the accident. However, at the time of the accident the pilot had completed one photo flight in the morning and was about 57 minutes into a second photo flight when the accident occurred. Although the pilot's total flight time that day was not extreme, the single-pilot aerial photography flight required low level maneuvering and divided attention which could have been fatigue inducing from a workload and time-on-task perspective. However, there was insufficient information from which to determine whether fatigue played a role in the sequence of events.

The pilot's failure to use carburetor heat in conditions that were conducive to serious carburetor icing, which resulted in a loss of engine power, an exceedance of the airplane's critical angle of attack, and an aerodynamic stall. Contributing to the accident was the pilot's diverted attention during the low-level aerial observation flight.",Cessna,152,35.0,Personnel issues-Action/decision-Action-Lack of action-Pilot - C,Maneuvering-low-alt flying Miscellaneous/other,1.494040789106843,5.769230769230771,724433.0,2.2,mild_growth,strong_growth,-0.03409300141038463,5.836247437597963,stable,strong_growth
20180719X32511,4,0,VMC,Daylight,UNK,PIC,<500,2018,7,"HISTORY OF FLIGHTOn July 18, 2018, about 1900 Alaska daylight time, a float-equipped De Havilland DHC-2 (Beaver) airplane, N9878R, was destroyed when it was involved in an accident near Willow, Alaska. The pilot sustained fatal injuries and the two passengers sustained serious injuries. The airplane was operated as a Title 14 Code of Federal Regulations (CFR) Part 135 on-demand air taxi flight. 

The director of operations (DO) for Regal Air reported that the flight was chartered by the Alaska Medicaid Travel Office to provide roundtrip transportation for two passengers from a private residence at a remote lake, to the Willow Seaplane Base (2X2) and then return them home 2 days later. A different company pilot flew the passengers (a woman and her 2.5-year-old son) from their home to Willow Seaplane Base on July 16, and the accident flight was the return trip. The accident pilot had not flown  out of Willow Lake as a company pilot-in-command or to the destination lake before, so the DO reviewed the lakes, route, and fuel load with him before the flight. The company vice president called the passenger before the flight and obtained an expected cargo load of 600 lbs.

A review of Federal Aviation Administration radar and automatic dependent surveillance-broadcast (ADS-B) track data, revealed the airplane departed Lake Hood Seaplane Base (LHD), the operator's home base, about 1755 and arrived at Willow Seaplane Base at 1817. 

Witnesses reported that after arriving at the Willow Seaplane Base, the pilot loaded the passenger's cargo. According to the passenger, the cargo consisted of 800 lbs of masonry mortar bags, three totes full of food and stores, two propane tanks, a utility sink, and miscellaneous baggage and supplies. No one witnessed the pilot weighing or loading the cargo; therefore, it is unknown where items were stowed or the exact calculated weight and balance. The passenger stated that the bags of mortar were piled up on the floor behind the pilot in the second-row, and she was seated in the second-row right seat with her son on her lap. Two witnesses helped push the airplane off the shore after loading because the floats were deep and stuck on the lake bottom. They stated that the airplane appeared very deep and heavy, especially the aft end of the floats. The pilot stated to the witnesses that he planned on offloading some ""cement bricks"" if he could not takeoff. 

Other lakeside witnesses observed the airplane maneuvering on the lake. A review of various witness videos and statements revealed that the pilot made one take-off attempt to the south-southeast. The airplane then taxied back to the north end of the lake, with the aft end of the floats deep under water in almost a plow taxi, then he step taxied (taxied fast on-plane) around the center portion of the lake with the flaps up, and finally performed a step taxi takeoff with the flaps in the takeoff position, heading south-southeast. One witness stated that the pilot did not use the entire length of the lake for takeoff but rather started the takeoff with 1,300 ft of waterway behind the airplane at the north end of the lake. 

According to the witnesses, the airplane slowly lifted off and attained a nose high attitude as it barely climbed over trees at the southeast end of the lake (see figure 1). The passenger stated that after takeoff, as the airplane turned left in the direction of the destination, it rolled left and crashed. After the impact, she noted that the pilot was unresponsive as the airplane became engulfed in fire, and she immediately evacuated with her son.

Figure 1. Willow Lake with approximate water and flight tracks based on witness videos.

A home surveillance video camera near the accident site captured the seconds before impact as the airplane flew east-southeast. The National Transportation Safety Board performed a video study that revealed that 3 seconds before ground impact the airplane's altitude was estimated at 115 ft abo

The pilot was conducting an on-demand air taxi flight in a float-equipped airplane from a seaplane base on a public lake to a remote lakeside home, with a passenger and her young son. The passenger  brought cargo to transport as well, including an unexpected 800 lbs of mortar bags. Witnesses who labored to push the airplane out after loading reported that the airplane appeared very aft heavy and the pilot said he would offload ""cement blocks"" if he could not take off. A review of witness videos revealed that the pilot attempted one takeoff using only 3/4 of the available waterway, then step taxied around the lake and performed a step-taxi takeoff, again not using the full length of the lake. The airplane eventually lifted off, and barely climbed over trees on the south end of the lake, before descending and impacting terrain. 

A home surveillance video that captured the airplane seconds before the crash revealed that 3 seconds before ground impact, the estimated altitude of the airplane was 115 ft above ground level (agl) and the groundspeed was about 64 miles per hour (mph), which was low and much slower than normal climb speed (80 mph). As the airplane banked to the left to turn on course, it rolled through 90° likely experiencing an aerodynamic stall. Analysis of the engine rpm sound revealed that the engine was operating near maximum continuous power up until impact, and a postaccident examination of the airframe and engine revealed no evidence of mechanical malfunctions or failures that would have precluded normal operation.

A calculation performed by investigators postaccident revealed the airplane's estimated gross weight at the time of the accident was 75 lbs over the approved maximum gross takeoff weight, and the airplane's estimated center of gravity was 1.76 inches aft of the rear limit.

The pilot had been recently hired by the operator and he flew his first commercial flight in the same make and model, float-equipped airplane the week before the accident. He had accumulated 12.9 flight hours, and 13 sea landings/takeoffs in the accident model airplane since being hired as a part-time pilot.

Although the airplane was able to takeoff, the aircraft's out-of-limit weight-and-balance condition increased its stall speed and degraded its climb performance, stability, and slow-flight characteristics. When the pilot turned the airplane left, the critical angle of attack was exceeded resulting in an aerodynamic stall at low altitude. If the pilot had performed a proper weight and balance calculation, he may have recognized the airplane was overweight and out of balance and should not have attempted the flight without making a load adjustment.

The pilot's exceedance of the airplane's critical angle of attack during departure climb, which resulted in an aerodynamic stall. Contributing to the accident was the pilot's improper decision to load the airplane beyond its allowable gross weight and center of gravity limits, coupled with his lack of operational experience in the airplane make, model, and configuration.",De Havilland,DHC-2,24.0,Personnel issues-Task performance-Use of equip/info-Aircraft control-Pilot - C,Prior to flight Aircraft loading event,1.494040789106843,5.769230769230771,724433.0,2.2,mild_growth,strong_growth,-0.03409300141038463,5.836247437597963,stable,strong_growth
20140726X45400,4,0,VMC,Daylight,UNK,PIC,500-2000,2014,7,"HISTORY OF FLIGHT On July 25, 2014, about 1646 Pacific daylight time, a landing Eurocopter/Airbus EC-130 helicopter, N154GC, and a taxiing DeHavilland DHC-6 airplane, N190GC, collided at Boulder City airport (BVU) Boulder City, Nevada. Neither the two pilots on board the airplane, nor the pilot and six passengers aboard the helicopter, were injured. The helicopter, operated by Papillon Airways Inc. (dba Papillon Grand Canyon Helicopters dba Grand Canyon Helicopters) as an aerial sightseeing flight, sustained substantial damage. That flight was being conducted under the provisions of Title 14 Code of Federal Regulations Part 135. The airplane, operated by Grand Canyon Airlines, was beginning a repositioning flight, and was being operated under the provisions of Title 14 Code of Federal Regulations Part 91. Both Papillon and Grand Canyon Airlines (GCA) are part of the same parent company, Papillon Airways. Day visual meteorological conditions prevailed. 

According to the helicopter pilot, he was inbound from the south, and planned to land on the airport location designated as ""Spot 2,"" which was a dedicated helicopter arrival and departure location. He followed the company-designated arrival procedure, in which the helicopter flew a descending pattern first north along the centerline of taxiway A (also referred to as ""alpha""), and then west along the centerline of taxiway D (also referred to as delta) to Spot 2. Spot 2 was a 50 foot painted square situated on the airport ramp. Taxiway Delta was 40 feet wide, was oriented approximately east-west, and comprised the southern perimeter of the previously-cited ramp. The center of Spot 2 was located about 50 feet north of the centerline of taxiway Delta. Since BVU was not equipped with an operating air traffic control tower, the pilot communicated his positions and intentions via radio transmissions on the BVU common traffic advisory frequency (CTAF). 

The helicopter pilot first saw the airplane when the helicopter was making the left turn from north to west near the junction of taxiways Alpha and Delta. At that time, the airplane was moving south, towards taxiway Delta, along a taxi line just east of Spot 1, on ramp about 600 feet east of Spot 2. The airplane crew announced their intentions on CTAF to taxi to runway 15 via taxiway Delta. The helicopter pilot reported that the last time that he saw the airplane prior to the accident was as the helicopter overflew the intersection of taxiway Delta and the taxi line just east of Spot 1. At that time, the airplane was turning westbound onto taxiway Delta. The helicopter pilot realized the potential for conflict, since the two aircraft were now both traveling westbound along taxiway Delta. The helicopter pilot stated that he ""immediately"" queried on CTAF whether the airplane crew had him in sight. The helicopter pilot heard a ""double click"" on the CTAF frequency, which he interpreted as acknowledgement by the airplane crew that they had him in sight. Based on this information, the helicopter pilot was convinced that the airplane was behind him, and that its flight crew had him in sight. 

The helicopter pilot therefore continued his descent along the centerline of taxiway Delta towards Spot 2. About 8 to 10 seconds later, as the helicopter came almost abeam of Spot 2, the pilot began a right pedal turn to traverse to and set down on Spot 2. At the commencement of that pedal turn, the pilot simultaneously spotted the wings and nose of the airplane through his chin windows, and felt an"" impact."" He stopped the turn and descent, transitioned to the ramp, descended, and landed on Spot 2. 

The flight crew of the airplane was unaware that there had been a collision, and they continued with their taxi-out and departure from BVU. Shortly after departure, the airplane was recalled to BVU by company personnel, after the company personnel learned of the collision. The airplane was equipped with a cockpit voice recorder (CVR). The device w

The commercial helicopter pilot was operating on his first day of revenue service for the aerial tour company and was returning to the nontowered airport at the completion of a tour with six passengers. The pilot complied with the published arrival procedures, including flying the prescribed route and making the appropriate radio position callouts on the airport's common traffic advisory frequency (CTAF). Concurrent with the helicopter's arrival, the captain and first officer of an aerial tour airplane were beginning the taxi-out for departure of the positioning flight. The airport arrival procedures, layout, and wind conditions resulted in the two aircraft having to use the same portion of taxiway Delta, in the same direction, for their respective operations. 

The helicopter pilot reported that he first saw the airplane when the helicopter was turning westbound and descending over Delta; at that time, the airplane was taxiing southbound on the ramp toward Delta. The helicopter pilot announced his location and intentions and continued descending along Delta. When the airplane reached Delta, the first officer announced on the CTAF that the airplane was planning to proceed westbound on Delta. The captain reported that he looked but did not see any helicopters and that he then proceeded to turn westbound onto Delta, which placed the airplane directly into and under the helicopter's flightpath and prompted the helicopter pilot to radio that he was ""right above"" the airplane and repeat his landing intentions. The helicopter pilot continued the descent based on his hearing a ""double-click"" on the CTAF, which he interpreted as the airplane flight crew's acknowledgement that they saw and would avoid the helicopter. Shortly thereafter, the helicopter collided with the airplane; damage patterns indicated that the two aircraft were aligned in nearly the same direction (westbound) at the time of impact. 

Because the helicopter was approaching from the airplane's left, along taxiway Delta, and was close in, it should have been readily visually detectable by the captain. Given that the first officer was aware of the inbound helicopter and should have been aware of its location and intentions based on the radio calls, the airplane's flight crew should have recognized the high potential for conflict and operated the airplane in a manner to ensure that a collision would not occur. In addition, the helicopter, as the landing aircraft, had the right of way over the departing airplane. The simplest and most effective method to prevent any conflict would have been for the airplane flight crew to stop on the ramp and not proceed onto taxiway Delta until the helicopter was positively determined to no longer pose a collision threat. However, there was no evidence that the airplane stopped before it turned from the ramp onto taxiway Delta. The evidence indicated that the airplane taxied out just ahead of and below the descending but faster moving helicopter, which significantly reduced the helicopter pilot's ability to avoid the airplane.

The airplane flight crews failure to exercise the necessary vigilance and precautions and yield the right of way to the landing helicopter, which resulted in the airplane colliding with the helicopter. Contributing to the accident was the helicopter pilots decision to continue his descent without positively determining that the airplane did not pose a collision hazard. _x000b_",EUROCOPTER,EC 130 B4,30.0,Personnel issues-Psychological-Attention/monitoring-Monitoring other aircraft-Pilot of other aircraft - C,Landing Ground collision,0.4993337111522944,-0.6756756756756799,590517.0,2.94,stable,stable,1.2346325354091636,3.992327059105616,mild_growth,mild_growth
20110929X31009,2,0,VMC,Dusk,UNK,PIC,500-2000,2011,9,"On September 29, 2011, about 1850 Pacific daylight time, an experimental amateur-built Zivko/Poe Edge 540 aerobatic airplane, N42GP, was substantially damaged when it impacted terrain in Chualar, California, while the pilot was conducting aerobatics. The certified private pilot/owner received fatal injuries. The personal flight was operated under the provisions of Title 14 Code of Federal Regulations Part 91. Visual meteorological conditions prevailed, and no flight plan was filed for the flight. 

The airplane was based at Salinas Airport (SNS), Salinas, California, and was one of several registered to the pilot. According to information provided by Lockheed Martin Flight Services (LMFS), the pilot did not contact them or the Direct User Automated Terminal System for weather or flight planning information.

Family members reported that the pilot frequently performed aerobatics in that airplane in the airspace over his vineyard property, which was located about 9 miles south of SNS. Flight track data recovered from a handheld GPS device that was onboard the airplane indicated that the airplane departed SNS about 1841, and headed directly for the vineyard. The airplane arrived over the vineyard about 3 minutes after departure. The pilot then spent the next 4 minutes performing maneuvers over the property. The GPS data showed that in the last 30 seconds, the airplane flew a straight, level trajectory to the east at an altitude of about 500 feet, and then began a steep climb. The last 3 recorded points indicated a climb rate of over 5,000 feet per minute, and that the airplane had nearly reversed course to the west, with only about 100 feet of lateral offset of the ground track. The last recorded point was at an altitude of 938 feet, and the calculated groundspeed was 40 knots. These characteristics are all consistent with the initial ascending portion of a loop or Cuban Eight. The last point was situated about 300 feet east of the initial ground impact point. 

The airplane first impacted the dirt road adjacent to the vineyard trellises and plants, and then immediately entered the vineyard. The trajectory and debris path was offset about 75 degrees from the trellis rows, which were constructed of vertical steel poles, strung horizontally with steel wires/cables and nylon mesh. As a result, the airplane was highly fragmented. The debris path was aligned about 18 degrees from the azimuthal direction opposite that of the ground track of the immediately preceding ascending segment. 

PERSONNEL INFORMATION 

Federal Aviation Administration (FAA) records indicated that the 59-year-old pilot held a private pilot certificate with rotorcraft-helicopter, and single- and multi-engine land airplane ratings. His most recent flight review was completed in September 2009. In July 2009, he reported to the FAA that he had 1,500 total hours of flight experience, including 60 hours in the past 6 months.

He was a competition aerobatic pilot, and was actively involved in his family vineyard & wine-making business. 

AIRCRAFT INFORMATION

FAA records indicated that the airplane was equipped with a Lycoming IO-540 series engine, and was first registered to the pilot's family in 2009. The airplane was purpose-designed for aerobatics. Although the airplane was emblazoned with advertisements for the use of ethanol in the fuel, the pilot's son reported that the pilot used normal avgas and did not use ethanol in the airplane.

METEOROLOGICAL INFORMATION 

The 1853 automated weather observation at SNS included winds from 310 degrees at 9 knots, visibility 10 miles, an overcast cloud layer at 1,100 feet above ground level, temperature 18 degrees C, dew point 14 degrees C, and an altimeter setting of 29.92 inches of mercury. 

The area around SNS and the accident location is subject to a cloud phenomenon called the marine layer, which typically moves in and out from the ocean on a daily cycle. The marine layer is characterized by a low

The owner/pilot of the experimental amateur-built aerobatic airplane was a part-time competition pilot, and he flew the airplane almost daily to practice aerobatics. His typical routine was to practice over his vineyards, located about 9 miles south of the airport where he based the airplane. On the day of the accident, the pilot took off, flew directly to his vineyard, and arrived there about 3 minutes later. He spent the next 4 minutes performing maneuvers, several of which could induce high g-loads. About 25 seconds after a steep climb and an equally steep descent and level-off, the pilot made a rapid course-reversal turn and began a loop, which terminated in ground impact. The airplane impacted in an approximate wings-level attitude, with high forward velocity and minimal vertical velocity. The debris path was aligned with the loop, and was nearly perpendicular to the vineyard trellis rows constructed of steel poles, steel wires/cables and nylon mesh. As a result, the airplane was highly fragmented. All major components of the engine and airplane, including all aerodynamic control surfaces, were accounted for at the accident site. A postaccident examination of the flight control system, airplane structure, propeller, and engine revealed no evidence of mechanical malfunctions or failures that would have precluded normal operation. 

The pilot's toxicology analysis identified the low-level presence of ethanol, likely as a result of ingestion. The detected level of ethanol was unlikely, in isolation, to have significantly impaired the pilot's performance, although there may have been some negative effect. The pilot also had a significant amount of hydrocodone in his blood, and the evidence indicated that he was a chronic user. Although hydrocodone is known to have an impairing effect on infrequent users, the effects on chronic users are less well-defined, and, therefore, the level of impairment due to the hydrocodone alone could not be determined. Similarly, the performance effects of the combination of alcohol and hydrocodone are not well defined, and although the pilot may have been impaired, the extent of his impairment could not be determined.

Significant coronary artery disease and a previous infarction put the pilot at risk for an acute cardiac event, including recurrent infarction and acute arrhythmia. The toxicology revealed the presence of phendimetrazine, which, in combination with the pilot's history of hypertension, can significantly increase blood pressure, and may have exacerbated the risk of an acute cardiac arrhythmia. 

The pilot had experienced g-induced loss of consciousness (g-LOC) during aerobatic maneuvers in the 3 months before the accident, but he did not report it to any medical personnel, and he did not cease aerobatic flying. Several of the maneuvers performed on the day of the accident could induce significant g-loads, and the sudden changes in cardiac work associated with g-loading and -unloading presented another risk factor for cardiac arrhythmia. 

Therefore, the pilot's coronary artery disease, his previous infarction, his use of phendimetrazine, and his conduct of aerobatics all increased his risk of an acute cardiac arrhythmia. It is very likely that this pilot was medically incapacitated either by g-LOC alone, or in combination with an arrhythmia, and that this resulted in the ground impact. The investigation was unable to determine what effect the pilot's chronic opioid use had on either his pre-flight decision-making or his performance during the flight.

The pilots incapacitation due either to g-induced loss of consciousness alone or in combination with a cardiac arrhythmia. Contributing to the accident was the pilots use of several medications. _x000b__x000b_",POE G L/POE S Y,540,59.0,Personnel issues-Physical-Impairment/incapacitation-Cardiovascular-Pilot - C,Maneuvering-aerobatics Miscellaneous/other,0.4639543183440509,0.9646302250803984,579890.0,3.14,stable,stable,2.7765613364195474,-4.332593717155198,mild_growth,mild_decline
20131016X31510,3,0,VMC,Daylight,UNK,PIC,2000-5000,2013,10,"On October 11, 2013, about 1244 Pacific daylight time, a Bell 206L-1 helicopter, N206KK, was destroyed during a forced landing following an in-flight loss of engine power and fire during cruise flight near Seeley, California. The helicopter was registered to and operated by Blackhawk Helicopters Inc., El Cajon, California, under the provisions of Title 14 Code of Federal Regulations Part 91. The airline transport rated pilot and his two passengers were not injured. Visual meteorological conditions prevailed and a company visual flight rules flight plan was filed for the aerial observation flight. The cross-country flight originated from Yuma, Arizona, about 1200 with an intended destination of El Cajon. In a written statement to the National Transportation Safety Board (NTSB) investigator-in-charge (IIC), the pilot reported that during cruise flight, he heard a loud pop followed by an immediate loss of engine power. The pilot lowered the collective, and entered an auto rotation. He further reported that the left front door opened, and the cabin became filled with black smoke. Subsequently, the helicopter landed upright in an open area, and the pilot and passengers egressed. The pilot stated that upon exit, he saw fire originating from about 2 feet aft of the right forward door. 

Examination of the helicopter by a Federal Aviation Administration (FAA) inspector revealed that the fuselage was mostly consumed by fire. All primary components of the helicopter were located at the accident site. The wreckage was recovered to a secure location for further examination.

The wreckage was examined at the operator's hangar October 21, 2013 by representatives from Bell Helicopter, Rolls-Royce, Blackhawk Helicopters, and the Federal Aviation Administration. 

Examination of the wreckage revealed that little of the aluminum structure, magnesium components, or plastic/composite material remained. All cockpit instruments and controls were consumed by fire. An approximate 4 foot section of the tail boom, including the tail rotor and vertical fin, was not damaged by fire. The tail rotor turned and changed pitch freely, and exhibited no evidence of impact damage or operational failure.

The main rotor blades had been largely consumed by fire. The blade grips were present on the main rotor mast, and were fire damaged. The main rotor transmission housing was consumed by fire, exposing the transmission gearing within. A few feet of each main rotor blade's tip were also present, and exhibited fire damage. The leading edges exhibited no evidence of impact damage.

The engine exhibited evidence of exposure to an intense fire, and the magnesium auxiliary gearbox housing was consumed by fire. The engine also exhibited evidence of high-energy debris being liberated from the turbine section. Several gears from the accessory gearbox were found within the debris, however not all the gears could be accounted for. 

The helical torquemeter gear and power output gear were found in the debris; however, the idler gear and N2 tachometer gear were not located. The centrifugal breather gear and two unidentifiable idler gears were found melted within a large pool of solidified aluminum. The fuel pump/oil pump gear was found, and was thermally damaged. The spur adapter gearshaft remained in-place, and was thermally damaged. No engine accessories were located in the recovered debris.

Evidence of high-energy debris exiting the turbine was observed in the engine exhaust collector. Visual examination of the turbine revealed the 4th stage turbine wheel turbine blades were separated at the blade roots. A boroscope was inserted into the power turbine module, which revealed several missing 3rd stage turbine blades.

The leading edges of the compressor blades were rough to the touch, and exhibited evidence of exposure to intense heat. Otherwise, inspection of the compressor inlet revealed no visible damage or signs of foreign object ingestion. 

The engine

The pilot reported that, during cruise flight, he heard a loud pop and that, immediately after, the engine lost power. The pilot subsequently performed an autorotation. During the autorotation, the left front door opened, and the cabin then filled with black smoke. The pilot subsequently landed the helicopter upright in an open area, and he and the passengers egressed. The pilot stated that, upon exit, he saw fire originating from about 2 ft aft of the right forward door; the fire consumed most of the helicopter. 

Examination of the helical power train drive assembly revealed that the No. 4 bearing rollers were exposed to intense heat and that one of the rollers exhibited evidence of flat spotting, consistent with a skidding roller. The No. 4 bearing separator was fractured through one roller pocket at three locations, and the fracture surfaces were oxidized, which prevented the identification of a specific fracture mode. Signatures observed on the No. 4 bearing and the pinion gear were consistent with damage generated from the bearing spinning on the pinion gear. It is likely that the failure of the No. 4 bearing generated heat, which caused the expansion and softening of the aft end of the power train pinion gear and resulted in the gear disconnecting from the turbine shaft-to-pinion gear coupling splines. As a result of this disconnection, the load on the power turbine was suddenly removed, which resulted in an overspeed of the 3rd- and 4th-stage turbine wheels and the subsequent separation of their shrouds and blades, some of which were liberated from the engine. Several exit holes caused by high-energy debris were found in-line with the fuel control unit and power turbine governor, which likely was the source of the in-flight fire. Oil filters that had been retained by the operator's mechanic during previous troubleshooting were examined, and they contained particles consistent with two different alloys used to manufacture the pinion gear and bearing races, respectively, indicating that a problem existed before the accident flight.

About 15 years before the accident, the manufacturer issued a service bulletin (SB) that outlined the replacement of both the Nos. 3 and 4 bearings with updated bearings before the end of 2002, which was 11 years before the accident. During engine disassembly, the No. 3 bearing was found to have been replaced with the updated bearing as outlined in the SB; the maintenance logbooks did not indicate when this bearing was replaced. However, the No. 4 bearing was found to have the same serial and part numbers as the original bearings installed in the engine about 17 years before the accident. If the No. 4 bearing had been replaced in accordance with the SB, it likely would not have failed in flight, and the accident could have been prevented.

The total loss of engine power due to the failure of the No. 4 bearing.",BELL HELICOPTER TEXTRON,206L 1,66.0,Aircraft-Aircraft power plant-Engine (turbine/turboprop)-Accessory drives-Failure - C,Maneuvering-low-alt flying Fire/smoke (non-impact),0.011293074094553823,2.749140893470803,584495.0,2.99,stable,mild_growth,-6.062511649299818,-5.122288878634073,strong_decline,strong_decline
20151015X81026,2,0,VMC,Daylight,UNK,PIC,<500,2015,10,"On October 15, 2015, about 1500 central daylight time, a Bell 206L-3, N206CJ, experienced a loss of tail rotor thrust and contacted trees during an emergency descent near Dickinson, Alabama. The commercial pilot was not injured, and the helicopter was substantially damaged. The helicopter was registered to CB Couch, Inc., and operated by Couch Helicopter Service, Inc., as an aerial application flight under the provisions of 14 Code of Federal Regulations Part 137. Visual meteorological conditions prevailed in the area at the time, and no flight plan was filed for the local flight that originated about 5 minutes earlier from a nearby field.The operator reported that, toward the end of the flight, during a left turn while flying at an airspeed less than 15 knots and between 70 and 120 ft above trees, the pilot heard a ""pop"" sound followed by a loss of tail rotor thrust. The pilot added full left anti-torque pedal input but that was not effective. He then lowered the collective but did not reduce throttle. As the helicopter descended, the main rotor blades, mast, and a portion of the tailboom contacted trees and fractured. The helicopter descended to the ground and came to rest on its left side.

Examination of the helicopter by a Federal Aviation Administration operations inspector revealed that the tailboom with attached tail rotor had separated but was found near the main wreckage. The tail rotor blades were intact and showed little damage except for scratches from contact with trees. Examination of the tail rotor drive system revealed that the first driveshaft assembly (shaft S1) aft of the oil cooler blower, and the second driveshaft assembly (shaft S2) aft of the oil cooler blower, were both fractured about midspan. One of the fasteners used to attach shaft S1 to the disc pack coupling at the shaft's aft end was missing, and the securing hardware was not located. The third tail rotor driveshaft (shaft S3) aft of the blower was not fractured. The forward flange of the fourth tail rotor driveshaft (shaft S4) aft of the blower was fractured on one side, and the fractured section remained attached to the disc pack coupling. The opposite side bolt remained trapped in the disk pack coupling, and the bolt was bent and fractured. Components of the tail rotor drive system consisting of fractured shafts S1 and S2, non-fractured shaft S3, and the fractured section of the forward end of shaft S4 with disc pack couplings and securing hardware were sent to the NTSB Materials Laboratory located in Washington, DC.

According to the NTSB Materials Laboratory report, the fracture surface of shaft S1 showed irregular fracture features with postfracture damage and inward deformation consistent with an overstress fracture, and the fracture features on shaft S2 were on slant planes and matte gray, which is consistent with overstress. There was no evidence of preexisting damage to either fracture surface. Examination of the fractured section of shaft S4 revealed fracture features consistent with an overstress fracture under shear loading.

Examination of the flange of the aft portion of shaft S1 associated with the missing hardware revealed wear in the hole bore corresponding to contact with the threads of the missing fastener. The outside face of the flange of the aft end of shaft S1 diametrically opposite from the flange with the missing fastener displayed circumferential sliding contact marks, and no torque paint was observed on the flange, washer, or bolt threads. At the missing attachment location, the forward plate in the disc pack coupling was cracked across the width of the plate between the inner and outer diameter, and the crack intersected the middle of the attachment hole. Contact marks were observed at the aft end of shaft S1 at the sides approximately orthogonal to the flanges. The shape and location of the contact marks were consistent with contact with the heads of the bolts attaching shaft S2 to the disc pack coupling and s

During an aerial application flight, the helicopter was flying between 70 and 120 ft above trees, and the pilot heard a ""pop"" sound followed by an immediate loss of tail rotor thrust. He lowered collective and descended into trees, and the helicopter came to rest on its left side. Examination of the helicopter determined that the loss of tail rotor thrust was precipitated by a disconnect in the tail rotor drive system. A self-locking nut securing one of the two bolts that attached the aft end of the first tail rotor driveshaft (shaft S1) aft of the oil cooler blower to the disc pack coupling was missing. The nut and the bolt that it secured were not recovered at the accident site. The separated hardware allowed misalignment of the driveshaft with the axis of rotation, which led to the fracture of shaft S1 and of the second tail rotor driveshaft (shaft S2) aft of the oil cooler blower. The prevailing or tare torque on two out of the remaining three self-locking nuts securing the forward and aft ends of shaft S1 to the disc pack couplings were below the minimum torque specified in the helicopter manufacturer's standard practices manual. The prevailing torque is a measure of the turning resistance of a lock nut, and the turning resistance generally decreases as nuts are reused.

About 490 hours earlier, the operator had performed a modification to the helicopter that required in part, removal of shaft S1 and the tailboom assembly. Since this modification, the helicopter had been subjected to four 100-hour inspections. Three lots of defective nuts of the type used to secure components of the tail rotor drive system had been identified; however, the operator could not determine whether they had previously had any of the suspect nuts in stock. Although the possibility of a defective nut resulting in the driveshaft disconnect could not be eliminated, given the insufficient prevailing torque on 2 of the remaining 3 self-locking nuts securing shaft S1 to the disc pack couplings, it is more likely that the separated nut also had insufficient prevailing torque. And it was that insufficient prevailing torque of the missing self-locking nut that had been removed and improperly re-installed by the operator's maintenance personnel, which allowed the self-locking nut to back-off.  This accident and six previous accidents involving the same make and model of helicopter illustrate an in-service issue with hardware used to secure the tail rotor driveshafts. As a result of these accidents, Transport Canada issued a safety alert notifying maintenance personnel of the need to check the prevailing or tare torque of hardware securing the tail rotor drive system.

The improper installation by company maintenance personnel of the securing hardware of a tail rotor driveshaft section, which resulted in that section of tail rotor driveshaft disconnecting and a complete loss of tail rotor thrust.",BELL,206L 3,48.0,Aircraft-Aircraft propeller/rotor-Tail rotor drive system-Tail rotor drive shaft-Malfunction - C,Maneuvering-low-alt flying Flight control sys malf/fail,0.7158913374511355,-9.836065573770503,611140.0,1.65,stable,strong_decline,-8.034362215956936,-2.745367192862047,strong_decline,mild_decline
20150908X35241,4,0,VMC,Daylight,UNK,PIC,<500,2015,9,"HISTORY OF FLIGHT

On September 8, 2015, about 1613 Pacific daylight time, British Airways flight 2276, a Boeing 777-236ER, G-VIIO, powered by two General Electric (GE) GE90-85BG11 turbofan engines, had started its takeoff ground roll on runway 7L at McCarran International Airport (LAS), Las Vegas, Nevada, when an uncontained engine failure in the No. 1 (left) engine and subsequent fire occurred. The flight crew aborted the takeoff, stopped the airplane on the runway, and evacuated the airplane. The fire was extinguished by aircraft rescue and firefighting (ARFF) personnel after the evacuation ended. The 157 passengers and 13 crewmembers evacuated on the runway via emergency slide/rafts; during the evacuation, 1 cabin crewmember sustained a serious injury, and 19 passengers sustained minor injuries. The airplane was substantially damaged from the fire. The flight was operating under the provisions of 14 Code of Federal Regulations Part 129 from LAS to London Gatwick International Airport (LGW), Horley, England.  

Preflight activities were uneventful, and the airplane departed the gate at 1555, 10 minutes ahead of the scheduled 1605 departure. The captain was the pilot flying, and the first officer was the pilot monitoring. A relief pilot was also in the cockpit; he was sitting in the jumpseat, which was behind and between the two pilot seats. The captain taxied the airplane to runway 7L for an intersection takeoff at taxiway A8, which was about 2,662 ft from the runway 7L threshold. 

The flight data recorder (FDR) showed that the airplane turned onto the runway heading at 1612:30. The captain advanced the engines to takeoff power 6 seconds later, and the engine N1 (low-pressure compressor), the longitudinal acceleration, and the ground speed increased, consistent with the start of the takeoff roll, at 1612:42. The cockpit voice recorder (CVR) recorded the sound of a ""bang"" at 1612:51.5, which was followed during the next 2 seconds by a sound similar to an engine spooling down, the engine indicating and crew alerting system (EICAS) aural annunciation ""engine fail,"" and the captain's ""stop"" callout. During postaccident interviews, the first officer and the relief pilot stated that they heard a ""thud"" and a ""bang,"" respectively, just before the airplane reached 80 knots, at which time the airplane veered to the left. The FDR showed that, at 1612:53, the left and right master warning lights illuminated (which occurred about the same time as the engine fail warning) and that the thrust levers (as indicated by the left and right throttle lever angle parameters) were moved to idle; 1 second later, the airplane began decelerating from about 77 knots, which was the peak airspeed achieved. The takeoff decision speed (V1) for the flight was 149 knots.  

At 1612:58, the CVR recorded a sound similar to the fire warning bell, which lasted for 1.8 seconds, and the FDR showed that the left engine fire warning had illuminated. At that time, the captain stated, ""tell [air traffic control (ATC)] we're stopping""; the first officer made this notification at 1613:05. During a postaccident interview, the first officer stated that, as the captain applied wheel braking, he noticed that the thrust levers began moving forward, so he disconnected the autothrottle. (Before reaching 80 knots, the Boeing 777 autothrottles attempt to set takeoff power if the thrust levers are retarded with the autothrottles still engaged.) The captain also reported that he did not use maximum braking because he initially thought that a tire had burst, and the first officer stated that he did not select reverse thrust and deploy the ground spoilers during the rejected takeoff (both pilot monitoring responsibilities) because he was ""distracted by the thrust lever increasing.""  

FDR data showed that the airplane came to a stop at 1613:07 (15.5 seconds after the CVR recorded the sound of the bang); at that time, the CVR recorded the captain's second call for the en

A British Airways Boeing 777-236ER, powered by two General Electric (GE) GE90-85BG11 turbofan engines, had started its takeoff ground roll at McCarran International Airport, Las Vegas, Nevada. During the takeoff roll, the cockpit voice recorder (CVR) recorded a ""bang"" sound. Immediately afterward, the airplane veered to the left. and the CVR recorded the engine indicating and crew alerting system (EICAS) aural annunciation ""engine fail."" The captain moved the thrust reverser levers to their idle positions and began the rejected takeoff maneuver. 

The airplane's airspeed at the time of the rejected takeoff maneuver was about 77 knots. According to the British Airways B777 Flight Crew Operations Manual Quick Reference Handbook (QRH), the decision to reject a takeoff must be made in time to start the maneuver by the takeoff decision speed, which was 149 knots for the flight. The start of the rejected takeoff maneuver occurred 2 seconds after the ""bang"" sound, and the airplane came to a stop 13 seconds after the rejected takeoff maneuver began. Thus, the captain made a timely decision to reject the takeoff and performed the maneuver in accordance with company training and procedures.

The uncontained left engine failure resulted from a fatigue crack in the high-pressure compressor (HPC) stage 8 disk. The fatigue crack started on the aft face of the disk web and progressed through the web and in the circumferential direction. The fracture region had an intergranular appearance near the aft face of the web and a transgranular appearance farther away from the initiation site. The transgranular area exhibited striations consistent with low-cycle fatigue crack growth. GE considered worst-case conditions (highest stresses and temperatures and minimum material properties) in predicting the low-cycle fatigue crack initiation lifetime at the stage 8 disk aft web faced and found that it had a low-cycle fatigue initiation life of about 29,800 cycles.  (A fatigue facture can be divided into an initiation phase and a propagation phase.  During the initiation phase, the material structure is changing due to the cyclic loads, but no cracks have formed.  Eventually a crack forms and begins to grow, indicating the onset of the propagation phase.  FAA Advisory Circular 33.70-01 uses the concept of detectable crack initiation, which is the size of a crack that can be detected using a nondestructive inspection method, to demarcate the transition from initiation to propagation.) 

The HPC stage 8-10 spool had accumulated 11,459 total cycles and the low-cycle fatigue crack had propagated over approximately 5,400 of those cycles, the balance was the number of cycles for crack initiation, approximately 6,000 cycles. Thus, GE's predicted crack initiation life (low-cycle fatigue life) at the aft web face was approximately five times greater than the estimated crack initiation life at the aft web face of the accident disk. 

During its metallurgical examination of the event HPC stage 8-10 spool, it was observed that the aft surface of the stage 8 disk outer web had lower-than-expected shot peen coverage. GE's examination of other similar spools also found reduced shot peen coverage on the aft surface of the stage 8 disk web. When GE's estimates low-cycle fatigue life, the calculations do not account for the benefits of shot peening. As a result, GE determined that the lower-than-expected shot peen coverage on the aft surface of the stage 8 disk could not account for the fatigue crack initiation and eventual fracture of the spool.

Evidence indicated that the crack initiated by an environmentally assisted failure mode. With the sustained-peak low-cycle fatigue failure mode, a cyclic stress profile with an extended hold time, combined with an oxidizing atmosphere and elevated temperature, leads to oxidation of grain boundaries, which become brittle and eventually crack along an intergranular path. A cyclic stress profile with an extended hold time

The failure of the left engine high-pressure compressor (HPC) stage 8-10 spool, which caused the main fuel supply line to become detached from the engine main fuel pump and release fuel, resulting in a fire on the left side of the airplane. The HPC stage 8-10 spool failed due to a sustained-peak low-cycle fatigue crack that initiated in the web of the stage 8 disk; the cause of the crack initiation could not be identified by physical inspection and stress and lifing analysis. Contributing to this accident was the lack of inspection procedures for the stage 8 disk web.",BOEING COMPANY,BOEING 777-236,63.0,Aircraft-Aircraft power plant-Engine (turbine/turboprop)-Compressor section-Failure - C,Takeoff-rejected takeoff Uncontained engine failure,0.039388765467096576,-22.92682926829267,607011.0,1.58,stable,strong_decline,1.8557327220671382,-3.911131682480906,mild_growth,mild_decline
20150908X84919,4,0,IMC,Daylight,UNK,PIC,<500,2015,9,"HISTORY OF FLIGHTOn September 5, 2015, about 1408 mountain daylight time a Cessna 310H, N1099Q, impacted mountainous terrain near Silverton, Colorado. The private pilot, a pilot-rated passenger, and two passengers were fatally injured. The airplane was destroyed by impact forces. The airplane was registered to and operated by the pilot as a 14 Code of Federal Regulations Part 91 a personal flight. Instrument meteorological conditions (IMC) prevailed at the time of the accident, and no flight plan had been filed. The pilot was not using air traffic control (ATC) services. The flight departed from Flagstaff Pulliam Airport (FLG), Flagstaff, Arizona, about 1150 and was destined for Tradewind Airport (TDW), Amarillo, Texas.

A fuel receipt from the Big Bear City Airport (L35), Big Bear, California, showed that 20.04 gallons of fuel was purchased for the airplane on September 4, 2015.

The pilot's daughter stated that the airplane was kept at L35 during the summer and afterward at Barstow-Daggett Airport (DAG), Daggett, California. She said that her father departed from L35 on September 5, 2015, about 0615 PDT, and arrived at DAG about 0630 PDT to pick up the passengers. He was then going to fly to Amarillo, Texas, following Interstate 40, where they were going to have dinner and then return the same day. She said that her father did not call her after he refueled and departed Flagstaff and that she called for help on September 6 because she had not heard from him. She said that there was another pilot aboard and that they had a GPS. She said that her father did not know anyone in Colorado or Montana.

A part-time Unicom operator at L35 said that the pilot talked about conducting the flight about 1 week before the accident. The pilot asked ""a lot of different pilots to go along as copilot"" and asked him to go on the flight. The Unicom operator did not know what time the pilot departed on September 5, but ""it was pretty early in the morning"" when the pilot left to pick up passengers. The Unicom operator stated that the pilot purchased the airplane ""not too long ago,"" that the airplane radios were ""very old,"" and that the ""instruments were not all that good.""

The pilot's initial contact with an air traffic control (ATC) facility on the day of the accident occurred during a visual approach to FLG. A rerecording of provided radio transmissions between the pilot and an FLG air traffic controller between 1011 and 1038 follows:

N1099Q: ""Flagstaff traffic this is Piper Comanche N1099Z I'm sorry quebec we're approximately thirty miles miles west of the field anybody know what how the weather is down there you socked in there cause we are flying over the top here.""

FLG tower: ""Comanche 1099Q flagstaff tower we are open. The uh the ATIS is also broadcasting we're 900 broken, 1,600 broken, 2,400 overcast, visibility 10.""

N1099Q: ""Oh thank you I just turned the ATIS then. I appreciate it thank you Flagstaff.""

N1099Q: ""Flagstaff tower 1099Q about to land we are we are approximately 10 miles west of the airport.""

FLG tower: ""Comanche uh 99Q flagstaff tower the uh we're IFR at the airport 900 broken 1600 broken visibility 10.""

1099Q: ""We are now approximately 8,000 feet we have visibility looks like greater than 10 miles.""

FLG tower: ""Comanche 99Q I concur with the visibility uh are you requesting something special.""

FLG tower: ""Comanche 99Q the field is now VFR the uh ceiling is well I have a scattered layer of 1,200 ceiling 1,600 report a right base for runway 21.""

N1099Q: ""Report right base for runway 21 will do quebec.""

FLG tower: ""Comanche 99Q uh verify you have information charlie.""

N1099Q: ""Copy that we have we got a little bit of a  here.""

FLG tower: ""Comanche 99Q roger the wind is 220 at 8 temperature 16 density altitude is 8,400 dew point 13 and the altimeter 30.26.""

N1099Q: ""30.36 thank you.""

FLG tower: ""altimeter 30.26 26.""

N1099Q: ""Flagstaff tower this is quebec were gonna report

The airplane owner, who was a noninstrument-rated private pilot and did not hold a multiengine airplane rating, was conducting a visual flight rules (VFR), personal cross-county flight in the multiengine airplane. Before the accident flight, the pilot flew the airplane to an intermediate airport to refuel. A review of air traffic control (ATC) radio transmissions between the pilot and an air traffic controller between 0911 and 0938 showed that, during the approach for landing, the pilot misidentified in every transmission the make and model airplane he was flying, referring to his airplane as a Piper Comanche instead of a Cessna 310. Further, he did not provide correct responses to the controller's instructions (for example, he reported he was set up for the left base leg instead of right base leg as instructed), and he provided inaccurate information about the airplane's position, including its distance and direction from the airport. 

A witness stated that, after the airplane landed and while it was taxiing, it almost hit another airplane and golf carts, and it was taxied close enough to the fuel pumps that it ""knocked"" a ladder with one of its propellers. The witness said that the pilot was not ""observant about his surroundings."" While at the intermediate airport, the pilot requested an abbreviated weather briefing for a VFR flight from that airport to the destination airport. However, the pilot incorrectly identified the destination airport as ""L51,"" which was depicted on the VFR sectional chart for the Amarillo area but referred to the maximum runway length available at the destination airport not the airport itself. L51 was an airport identifier assigned to an airport in another state and located north of the accident location and in a direction consistent with the airplane's direction of travel at the time of the acident. 

During the  departure for the accident flight, the pilot taxied to and attempted to take off from an active runway without any radio communications with or clearance from ATC, which resulted in a runway incursion of an air carrier flight on final approach for landing to the runway. The air carrier initiated a missed approach and landed without further incident. The controller reported that the runway incursion was due to the accident pilot's loss of ""situational awareness."" Radar data showed that, after the airplane departed, it turned northward and away from a course to the intended destination airport. The northward turn and track was consistent with a course to an airport in another state. According to meteorological information, as the flight progressed northward, it likely encountered instrument meteorological conditions (IMC) while flying into rain showers. The wreckage was found in rising mountainous terrain, and the accident wreckage distribution was consistent with a low-angle, high-speed impact. Given that postaccident examination of the airplane revealed no mechanical anomalies that would have precluded normal operation, it is likely that the noninstrument-rated pilot did not see the rising mountainous terrain given the IMC and flew directly into it.  

The pilot had told person(s) that he flew F-4 Phantoms, but a military identification card showed that the pilot was a retired Marine lance corporal. Although the pilot's logbook showed that he had accumulated 150 hours of multiengine airplane flight time, there was no record of the actual flights showing the accumulation of 150 multiengine airplane hours or any record that he had flown military aircraft. The logbook did not show that the pilot had received any flight training in the accident airplane. The logbooks also showed that he had flown numerous flights in the airplane with passengers without proper certification and that he had not had a recent flight review as required by Federal Aviation Regulations (FARs). The pilot's logbook showed  that he had once made low-altitude (10 ft above the ground) passes over a parade in the s

The noninstrument-rated pilot's improper judgment and his failure to maintain situational awareness, which resulted in the flight's encounter with instrument meteorological conditions and controlled flight into terrain during cruise flight.",CESSNA,310H,71.0,Personnel issues-Experience/knowledge-Experience/qualifications-Recent instrument experience-Pilot - C,Enroute VFR encounter with IMC,0.039388765467096576,-22.92682926829267,607011.0,1.58,stable,strong_decline,1.8557327220671382,-3.911131682480906,mild_growth,mild_decline
20140727X14613,4,0,VMC,Daylight,UNK,PIC,<500,2014,7,"HISTORY OF FLIGHTOn July 27, 2014, about 1445 eastern daylight time, a Piper PA-28-181, N8826C, was substantially damaged during a forced landing to a shoreline in Venice, Florida. The private pilot and the pilot-rated passenger were not injured; however, two people in shallow water near the shoreline were fatally injured. Visual meteorological conditions prevailed, and no flight plan had been filed for the personal flight between Buchan Airport (X36), Englewood, Florida, and Venice Municipal Airport (VNC), Venice, Florida, conducted under the provisions of 14 Code of Federal Regulations (CFR) Part 91.

In an interview with the responding Federal Aviation Administration (FAA) inspector, the pilot stated that it was the first time the hangered airplane had flown in the preceding 3 1/2 months. The pilot later wrote that, after arriving at the hangar, he checked the fuel levels and noted ""Right tank below tab. Left tank at tab."" He also checked the oil level and added 3/4 quart of oil to the engine.

The pilot started the engine and made several magneto checks; the left magneto consistently ran ""rough with 300 drop."" He then shut down the engine and discussed the situation with an individual who had been working on another airplane in the hangar. The pilot subsequently started the engine again, and completed additional magneto operational checks with ""all mags check[ing] out."" The pilot then made a decision to go on a short flight and land at VNC for fuel, and he invited the other individual to go on the flight.

After taxiing to the run-up area, the pilot completed another engine run-up, with no anomalies noted.

The airplane subsequently took off from runway 30, with the climbout at best angle to 500 ft, and a slow turn south along the Intercoastal Waterway. The pilot subsequently climbed the airplane to 1,000 ft and cruised at 2,100 rpm. After maneuvering for a short while, the pilot headed the airplane north toward VNC with the engine rpm at 2,300 to 2,400 and the mixture remaining rich. The pilot decided to fly a 45-degree intercept to the VNC runway 23 downwind leg of the traffic pattern, passing over the beach at 900 to 1,000 ft.

En route, the engine started making a ""missing, knocking, hitting sound. Rapid deterioration,"" according to the pilot. In a statement to county sheriff's office personnel and the FAA, the passenger recalled, that, in flight, the engine started running""like there was a fouled plug or somethingit started running rough a little bitthat was before it quit."" The pilot subsequently adjusted the mixture and throttle to remove the knock, but the engine experienced a sudden total loss of power.

The pilot turned the fuel pump on and switched fuel tanks. The altitude was ""dropping"" and the pilot adjusted for best glide airspeed. He then looked toward VNC to land on runway 31 but decided the airplane would not reach the runway. He called VNC Unicom and declared an emergency, responding to questions about the airplane's location and registration.

The pilot then decided to target the Casperan Beach shoreline. He observed ""only sparse population on sand"" and a ""group of people on high ground,"" which required him to keep the airplane over the water to remain clear of the grouping of people and noted that he could maneuver to shore, if able. The passenger also noted that, as the airplane approached the shoreline, he did not see people in the water. He further noted that, as the airplane was descending, the pilot ""keptpulling the nose up to try to extend the glide."" The airplane subsequently touched down in shallow water on a northerly heading angled slightly toward the shore and came to a quick stop.

After the pilot and the passenger got out of the airplane, a lady shouted to them that she needed a cell phone. The pilot thought she wanted to call on their behalf, and it was only then that he learned that the airplane had hit two people in the water.
Neither the pilot nor the passenger indi

The private pilot was conducting a short flight from one airport to another airport to obtain fuel for the airplane. The pilot reported that the airplane had been kept in a hangar and had not been flown in the preceding 3 1/2 months. The pilot performed a preflight inspection of the airplane and noted the fuel quantity but he did not sump the fuel tanks. He subsequently performed an engine run-up and departed without incident. He climbed the airplane to about 1,000 ft and, after some maneuvering, eventually flew over the water and paralleled a shoreline toward another airport. The pilot reported that the engine then began to run roughly and that he heard a ""missing, knocking, hitting sound"" but that neither he nor the pilot-rated passenger noted a decrease in engine rpm. Although the pilot rotated the ignition switch through the various positions and changed fuel tanks, the engine lost power and the propeller began wind-milling.

The pilot declared an emergency and angled the descending airplane toward the shoreline. He was concerned that, if he landed in deeper water, the fixed-landing-gear airplane would flip over. The pilot saw a group of people along the beach and attempted to navigate around them. He then aimed for a spot where he thought there were no people, and the airplane touched down in the water near the shoreline and then came to rest on the sand near the water's edge. The pilot exited the airplane and learned that he had struck two people in the water. 

Postaccident examination of the airframe and engine, which included a successful engine test run using fuel from the airplane's fuel system, did not reveal any evidence of water contamination or mechanical malfunctions or failures that would have precluded normal operation. Given this evidence, the loss of engine power was likely a transient condition. Although the condition could have resulted from pilot action, neither the pilot nor the passenger indicated that the pilot took any action that would have resulted in the loss of engine power. Although the airplane was operating in conditions that were conducive to the formation of carburetor ice without the carburetor heat on, the fixed-pitch propeller/engine combination did not gradually lose rpm, which would have occurred if carburetor ice had developed. Therefore, the reason for the loss of engine power could not be determined.

The National Transportation Safety Board asked the Federal Aviation Administration (FAA) to provide information on any policy that addressed protecting people on the ground during a loss of engine power. The FAA responded, in part, ""Because of the variety of possible emergency situations, it is impractical to apply a specific policy addressing risks involved between beach landings and ditching. The FAA relies on its requirements for pilot training on aeronautical decision making to compel pilots to pursue courses of action in an emergency which appear to be the safest and most appropriate under the circumstances."" Once the engine failed, the pilot chose to land on a shoreline area that he incorrectly believed was unoccupied.

A total loss of engine power for reasons that could not be determined because postaccident examination of the engine revealed no mechanical malfunctions or failures that would have precluded normal operation. Contributing to the accident was the pilots failure to identify occupants on the ground near the shoreline in the airplanes forced landing path.",PIPER,PA28,57.0,Not determined-Not determined-(general)-(general)-Unknown/Not determined - C,Enroute Loss of engine power (total),0.4993337111522944,-0.6756756756756799,590517.0,2.94,stable,stable,1.2346325354091636,3.992327059105616,mild_growth,mild_growth
20180927X41915,4,0,VMC,Daylight,UNK,PIC,5000+,2018,9,"HISTORY OF FLIGHT

On September 27, 2018, about 1346 eastern daylight time, a Dassault Falcon 50, N114TD, was substantially damaged when it was involved in an accident at Greenville Downtown Airport (GMU), Greenville, South Carolina. The two pilots were fatally injured, and the two passengers were seriously injured. The airplane was operated as a Title 14 Code of Federal Regulations Part 135 on-demand air taxi flight.

The airplane departed from St. Pete-Clearwater International Airport (PIE), Clearwater, Florida, at 1230. According to the cockpit voice recorder (CVR), during the approach to GMU, the flight crew had difficulties understanding the navigation fixes that air traffic control had provided. The CVR also showed that the flight crew did not use any prelanding checklist or discuss that no braking was available with the brake system in the ""#1-ON"" position (the pilot was the copilot for the previous four flights in the airplane, during which this condition was present). At 1345:34, the CVR recorded the sound of the airplane touching down. At 1345:38, the pilot stated that the brakes were not operating. He and the copilot commented about the lack of brakes several more times before the airplane went over an embankment and came to a stop.

Air traffic controllers at GMU reported that the airplane touched down ""normally"" at a standard touchdown point on the runway. They saw the airplane's thrust reverser deploy and watched as the airplane continued down the runway without decelerating. An airport security video captured the airplane's touchdown and showed that the thrust reverser and the airbrakes were deployed. The video also showed the airplane as it continued to the end of the runway and went over the embankment.

PERSONNEL INFORMATION

The pilot held an airline transport pilot certificate and a type rating for the Dassault Falcon 50 with a limitation for second-in-command privileges only. He also held type ratings for Learjet and Westwind business jets.

The co-pilot held a private pilot certificate with ratings for airplane single and multiengine land. He did not hold any type ratings nor did he hold an instrument rating.

AIRCRAFT INFORMATION

The Dassault Falcon 50 was a midsize long-range business jet. The three engines were mounted at the rear of the airplane with the left engine identified as No. 1, the center engine identified as No. 2, and the right engine identified as No. 3. A thrust reverser was located on the No. 2 engine. The airplane was equipped with two independent hydraulic systems, which provided hydraulic power to several onboard systems including the airplane's brakes. System 1 provided hydraulic pressure for normal braking (with antiskid), while system 2 provided hydraulic pressure for emergency braking and parking brake. Selection of normal or emergency braking was done via a switch labeled ""BRAKE"" that was located on the instrument panel. The ""#1-ON"" position of the switch selected normal braking utilizing system 1, and provided antiskid protection, while the ""2-OFF"" position selected emergency braking and did not provide antiskid.

Review of the airplane maintenance records revealed that, on August 13, 2018, a 12-month avionics check was completed, at which time the airplane had accumulated 14,003 total hours and 7,541 total cycles.

According to the operator's director of maintenance, the airplane had been kept in storage in a hangar for about 4 years. In June 2018, a work order was generated to return the airplane to a serviceable status. The work order included a 12-month inspection, a 12-month or 500-hour inspection, a 24-month inspection, and a 36-month inspection. The work order also indicated that 1C, 3C, and 5C checks were to be completed and that a total of 103 discrepancies found during the ongoing inspections needed to be addressed. The work order was about 60% complete at the time of the accident, and there were no maintenance log entries made indicating that the

The flight crew was operating the business jet on an on-demand air taxi flight with passengers onboard. During landing at the destination airport, the cockpit voice recorder (CVR) recorded the sound of the airplane touching down followed by the pilot's and copilot's comments that the brakes were not operating. Air traffic controllers reported, and airport surveillance video confirmed, that the airplane touched down ""normally"" and the airplane's thrust reverser deployed but that the airplane continued down the runway without decelerating before overrunning the runway and impacting terrain. Post-accident examination of the airplane's brake system revealed discrepancies of the antiskid system that included a broken solder joint on the left-side inboard transducer and a reversal of the wiring on the right-side outboard transducer. It is likely that these discrepancies resulted in the normal braking system's failure to function during the landing.

Before the accident flight, the airplane had been in long-term storage for several years and was in the process of undergoing maintenance to bring the airplane back to a serviceable condition, which in-part required the completion of several inspections, an overhaul of the landing gear, and the resolution of over 100 other unresolved discrepancies. The accident flight and four previous flights were all made with only a portion of this required maintenance having been completed and properly documented in the airplane's maintenance logs. A pilot, who had flown the airplane on four previous flights along with the accident pilot (who was acting as second-in-command during them), identified during those flights that the airplane's normal braking system was not operating when the airplane was traveling faster than 20 knots. He remedied the situation by configuring the airplane to use the emergency, rather than normal, braking system. That pilot reported this discrepancy to the operator's director of maintenance, and it is likely that maintenance personnel from the company subsequently added an ""INOP"" placard near the switch on the date of the accident. The label on the placard referenced the antiskid system, and the airplane's flight manual described that with the normal brake (or antiskid) system inoperative, the brake selector switch must be positioned to use the emergency braking system. Following the accident, the switch was found positioned with the normal braking system activated, and it is likely that the accident flight crew attempted to utilize the malfunctioning normal braking system during the landing. Additionally, the flight crew failed to properly recognize the failure and configure the airplane to utilize the emergency braking system, or utilize the parking brake, as described in the airplane's flight manual, in order to stop the airplane within the available runway.

The operator's decision to allow a flight in an airplane with known, unresolved maintenance discrepancies, and the flight crew's failure to properly configure the airplane in a way that would have allowed the emergency or parking brake systems to stop the airplane during landing.",Dassault,FALCON 50,49.0,Aircraft-Aircraft systems-Landing gear system-Brake-Failure - C,Prior to flight Aircraft inspection event,0.9707859034812305,0.452488687782826,725049.0,2.22,stable,stable,-0.03409300141038463,-7.797850445918131,stable,strong_decline
20130210X93918,3,0,VMC,Night,UNK,PIC,5000+,2013,2,"HISTORY OF FLIGHT

On February 10, 2013, about 0330 Pacific standard time, a Bell Helicopter 206B JetRanger, N59518, collided with terrain shortly after departing from a landing zone (LZ) on a movie ranch near Acton, California. Orbic Air, LLC was operating the helicopter under the provisions of 14 Code of Federal Regulations (CFR) Part 91. The commercial pilot and two passengers (an actor and a camera-operator) sustained fatal injuries; the helicopter sustained substantial damage. The local flight departed the LZ about one minute prior to the accident for the purpose of shooting an aerial video sequence. Dark night visual meteorological conditions prevailed, and no flight plan had been filed.

The helicopter was being used for the filming of a reality television show. The pilot and several members of the production crew had scouted the movie ranch location a few weeks prior, at which time they discussed the helicopter's maneuver possibilities, equipment needed, and filming planning. Following that meeting, the pilot filed a Plan of Action (POA) waiver with the Federal Aviation Administration (FAA), and the filming day was scheduled for the evening of February 9th.

The tentative plan scripted for the production shoot called for an actor to drop a backpack to the ground while the helicopter was in a hover, enabling the cameras to film the airborne actor, the backpack receiver on the ground, and the helicopter executing the mission. There were two shots needed of the backpack being dropped, to be done by two different actors, at two separate locations, both of which were at the movie ranch.

The pilot departed on February 9 about 1645 from the helicopter's base at Van Nuys Airport, Van Nuys, California, with about 55 gallons of fuel onboard and an additional 10 gallons of fuel in plastic containers. The helicopter arrived at the LZ, and about 1730, the pilot conducted a safety meeting with the production crewmembers, briefing them of the potential hazards of having the helicopter on-site. The pilot unloaded the fuel containers and removed the left-side doors.

A Canon EOS 300PL video camera was used by the rear-seated camera operator on both a prior flight and the accident flight, as was a Sounds Devices 702T audio recorder. A GoPro Hero camera was installed on the upper windshield frame to film the actor on the accident flight. Additionally, a 3-mode FLEXiT flexible light pad was affixed to the center windshield frame with a grip clip and cupped to direct the light toward the actor's face for the purpose of the GoPro recording. The actor and camera-operator additionally had headlights with red and white light settings and there was a dim white map light installed on the helicopter between the actor and pilot on the bulkhead. NTSB investigators recovered audio and video recordings from these devices at the accident site, and a recorder specialist with the NTSB Vehicle Recorder Division downloaded and synced the files together and created a partial transcript that is contained within the Recorder Specialist's factual report available in the public docket for this accident.

Prior Flight

The first flight began around 2100 and was conducted with the pilot in the right-front seat, the actor in the left-front seat, and the camera operator in the left-rear seat. The flight's duration was about an hour and consisted of the pilot performing four bag drops over a predetermined drop zone (an open clearing surrounded by trees) located a few hundred yards away from the LZ. While the helicopter made a pass over the drop zone, the actor would drop the backpack, and then they would return to the LZ to retrieve the backpack and discuss the necessary changes in the flight to capture the correct shot.

Prior to departure, while the pilot was waiting for the engine to warm up, a conversation ensued between the pilot, actor, and camera operator about the lighting being used inside the helicopter. The camera operator stated that he

***This report was modified on October 1, 2015. Please see the docket for this accident to view the original report.**

The pilot was hired to fly the helicopter for the production of a reality television show. The tentative plan scripted for the production shoot called for an actor to drop a backpack to the ground while the helicopter was in a hover to enable the cameras to film the airborne actor, the backpack receiver on the ground, and the helicopter executing the mission. Two shots were needed of the backpack being dropped, and they were to be done by two different actors at two separate locations at a movie ranch; the accident occurred during the filming of the second shot.

Recovered audio and video recordings from inside the helicopter revealed that the first bag-drop flight occurred around 2100, lasted about an hour, and consisted of four actual bag drops. During the first flight, the pilot made numerous comments about not being able to see the drop zone due to the dark night conditions and had the actor guide him with verbalized visual cues to ensure that the helicopter remained clear of trees. Several of the pilot's comments indicate that he was trying to be amenable to the production company's requests, and, although he did not directly communicate that he could not comply with some of them, he repeatedly remarked on the limited visibility and the brightness of a flexible light pad affixed to the center windshield frame in the cockpit. After the flight, he expressed his appreciation to the ground crew for not pressuring him and giving him the opportunity to perform multiple passes.

The second bag-drop location was on a plateau close to the landing zone and was situated about 85 ft above a dry riverbed. The plan was for the helicopter to maneuver toward the plateau while ascending from the riverbed. There were no lights in the river valley; however, the production crew had placed lights on the plateau and glowsticks and another light on the sloping terrain leading up from the riverbed to the top of the plateau. The flight began around 0330 and was conducted with the pilot in the right-front seat, the actor in the left-front seat, and the camera operator in the left-rear seat. The flexible light pad was cupped to direct the light toward the actor's face.

Before takeoff, the camera operator asked the pilot if they could try to use the light pad, and the pilot responded, ""we'll see, it just really [sigh] blinds me."" The camera operator then showed the actor how to operate the light pad. The actor turned it on to the lowest setting, and the camera operator remarked that it was bright but that they would see what the pilot thought; the pilot did not comment. During the initial takeoff and while maneuvering over the dry riverbed, the actor continued with scripted dialogue for about a minute until the pilot intervened to state that he needed the light pad turned off. The camera operator acknowledged him and informed the actor to turn off the light by pressing a button twice. The actor leaned forward to turn off the light, and, 8 seconds later, the camera operator announced, ""where did uh, we're going down low,"" indicating that he was temporarily disoriented and then noted that they were descending. The actor cycled through the light's settings and eventually turned it off while the pilot simultaneously stated, ""okay, okay, I can't."" The camera operator interrupted saying, ""pull up, pull up."" The helicopter subsequently impacted terrain in the dry riverbed. Postaccident examination of the wreckage revealed no evidence of mechanical malfunctions or anomalies that would have precluded normal operation.

The pilot recognized on the first flight that he was operating with reduced/no visibility and with a bright light in the cockpit that ""blinded"" him when it was on but chose to proceed with both flights likely because he believed that was what was required to fulfill the production requirements. Despite recognizing

The pilot's decision to conduct a flight in dark night conditions with an illuminated cockpit light that degraded his visibility and his ability to identify and arrest the helicopter's descent while maneuvering, which resulted in controlled flight into terrain.",BELL,206B,59.0,Personnel issues-Action/decision-Info processing/decision-Decision making/judgment-Pilot - C,Maneuvering Controlled flight into terr/obj (CFIT),-0.022089608465969413,4.153354632587858,583856.0,3.26,stable,mild_growth,-1.193080220067655,-3.2975085490962286,mild_decline,mild_decline
20130204X05610,3,0,VMC,Daylight,UNK,PIC,500-2000,2013,2,"On February 1, 2013, at 0805 central standard time, a Cirrus model SR22 airplane, N247RB, and a Cessna model 152 airplane, N93124, collided inflight about 13 miles west-southwest of Easterwood Field Airport (CLL), College Station, Texas. Both airplanes were able to land at CLL following the collision. The Cirrus SR22 sustained substantial damage to the upper cockpit fuselage structure and the commercial pilot sustained minor injuries. The Cessna 152 sustained minor damage to the right main landing gear assembly and the flight instructor and the student pilot were not injured. The Cirrus SR22 was owned by a private individual, but operated by the Cirrus Aircraft Corporation as a demonstration airplane. The Cessna 152 was owned and operated by the Texas A&M Flying Club. Visual meteorological conditions prevailed at the time of the accident. Both flights were being conducted under the provisions of 14 Code of Federal Regulations Part 91. The Cirrus SR22 departed Austin Executive Airport (EDC) at 0748 and was en route to CLL. The Cessna 152 departed CLL at 0744 for a local instructional flight.According to a statement provided by the Cirrus pilot, after climbing above the departure airport's traffic pattern altitude he engaged the autopilot system and continued direct toward CLL under visual meteorological conditions. The cruise portion of the flight was at 3,500 feet mean sea level (msl). The pilot reported that as the flight approached CLL, with the autopilot system engaged, at 3,500 feet msl, the windshield suddenly imploded from an apparent impact with an object. His initial thought was that the airplane had collided with a bird because he had not received any alerts from the airplane's traffic advisory system nor did he see another aircraft. He subsequently recovered from an unintended descent before continuing direct toward CLL and declaring an emergency with the tower controller. The pilot reported that he had not established radio contact with the tower controller before the inflight collision. A normal landing was subsequently made on runway 16 without further incident.

The Cessna flight instructor reported that the local training flight was with a primary student on her second instructional flight. The flight consisted of basic attitude flight maneuvers, which included level and climbing turns, climbs and descents to predetermined altitudes, and maintaining level flight while tracking a course. The flight instructor stated that as they were climbing to 3,500 feet msl, while maintaining a southeast heading, they felt an impact and heard a loud bang. He reported that the impact originated from the right side of the airplane, aft of the main cabin. The flight instructor noted that there were no apparent flight control issues following the collision and that he observed no damage to the right wing. Shortly after the collision, his student saw another airplane in a rapid descent at their 10 o'clock position. The flight instructor entered a descending left turn to follow the other airplane. Shortly thereafter, the flight instructor heard another airplane declare an emergency on the tower frequency due to an imploded windshield. He noted that they were monitoring the tower frequency before the collision, but had not established radio contact with the tower controller. He turned in the general direction of CLL with the intention of returning to the airport, while continuing to monitor the tower controller's communications with the other aircraft. The flight instructor noted that at some point he told the tower controller that they had hit something and were returning to the airport. The tower controller requested that the Cessna stay west of the airport while the other aircraft landed. After the other airplane had landed, the tower controller transmitted that the other airplane had tire marks on its roof and requested that they make a low approach to verify the condition of their landing gear. The flight instructor stated tha

A review of available flightpath data established that there was a midair collision between a Cessna 152 and a Cirrus SR22 at 3,500 ft mean sea level (msl). The flight instructor of the Cessna 152 reported that he was conducting a local training flight with a primary student on her second instructional flight. The commercial pilot of the Cirrus SR22 was on a business flight en route to the same airport from which the Cessna 152 had departed. Both flights were operating in visual meteorological conditions (VMC).

The flight instructor stated that they had been practicing basic attitude flight maneuvers, and, as the airplane was climbing to 3,500 ft msl while maintaining a southeast heading, they felt an impact that originated from the right side of the airplane, aft of the main cabin, and heard a loud bang. He added that they were not in radio contact with the tower controller before the collision. The flight instructor subsequently observed that the right main landing gear wheel had separated from the airplane. After informing the tower controller of the damage, they were asked to perform a low pass and then to circle the airport until emergency equipment was in position. After circling the airport several times, the flight instructor made an uneventful landing.

The Cirrus pilot reported that, while established in cruise flight at 3,500 ft msl, the airplane's windshield suddenly imploded from an apparent impact with an object. His initial thought was that the airplane had collided with a bird because he had not received any alerts from the airplane's traffic advisory system nor did he see another aircraft. He subsequently recovered from an unintended descent before continuing directly toward the planned destination and declaring an emergency with the tower controller. The pilot reported that he had not established radio contact with the tower controller before the collision. He subsequently landed the airplane without further incident.

The flightpath data showed that the Cirrus had maintained a 080-degree true course at 3,500 ft msl for about 14 minutes before the collision. About 90 seconds before the collision, the Cessna was in a climbing left turn from a west-southwest course to the south-southeast. The plotted data established that, during the 70 seconds before the collision, the Cessna maintained a 160-degree true course and continued to climb from 3,100 ft to a maximum GPS altitude of 3,573 ft, which was recorded about 12 seconds before the collision. The Cessna subsequently descended about 60 ft during the 12-second period before the collision. The calculated angle between each airplane's flightpath was about 80 degrees at the time of the collision. During the 70 seconds before the collision, the Cessna's relative position to the Cirrus flightpath averaged 27 degrees left of course (11-o'clock position). Conversely, the Cirrus's position relative to the Cessna flightpath averaged 72 degrees right of course (between the 2- and 3-o'clock positions).

Additional review of air traffic control radar track data revealed no transponder beacon returns associated with the Cessna until 2 minutes 34 seconds after the collision. During the same time period, primary radar returns were recorded by the radar sensor that closely matched the flightpath as recorded by the flight instructor's portable GPS receiver. However, after the collision, the radar sensor began receiving transponder beacon returns from the Cessna that included a 1200 beacon code with associated mode-C altitude data. A reinforced beacon return was received for a remainder of the flightpath. When presented with a summary of the radar track data, the flight instructor acknowledged that he likely departed with the transponder off, or in the standby position, and then subsequently turned it on following the collision. Additionally, postaccident testing of the airplane's altitude, static, and transponder systems revealed no anomalies that would have precluded t

The flight instructors and commercial pilots failure to see and avoid the other airplane, which resulted in a collision during cruise flight. Contributing to the accident was the failure of the flight instructor of the other airplane to activate the transponder before departure, which resulted in no traffic advisories being issued before the collision.",Cirrus Design Corporation,SR22,31.0,Personnel issues-Psychological-Attention/monitoring-Monitoring other aircraft-Pilot - C,Enroute Midair collision,-0.022089608465969413,4.153354632587858,583856.0,3.26,stable,mild_growth,-1.193080220067655,-3.2975085490962286,mild_decline,mild_decline
20180921X14852,3,0,VMC,Night,UNK,PIC,<500,2018,9,"HISTORY OF FLIGHTOn September 20, 2018, about 2230 central daylight time, a Cessna 150H, N7152S, sustained substantial damage when it was involved in an accident near Festus, Missouri. The pilot and passenger sustained fatal injuries. The airplane was operated as a Title 14 Code of Federal Regulations Part 91 personal flight.

The pilot and his son were relocating the airplane from New York to Festus Memorial Airport (FES), Festus, Missouri. Fuel receipts showed that the pilot refueled the airplane three times during the trip. The first stop was Chautauqua County/Dunkirk Airport (DKK), Dunkirk, New York, about 19 miles from the departure airport, where the pilot obtained 13.4 gallons of fuel. The second refueling stop was about 226 miles away, at Knox County Airport (4I3), Mount Vernon, Ohio, where the airplane was fueled with 16.56 gallons. The third refueling stop was about 174 miles away at Greensburg Municipal Airport (I34), Greensburg, Indiana, where the airplane was fueled with 13.62 gallons at 1906. The distance from I34 to FES was about 275 miles.

The pilot and passenger communicated with the pilot's fiancée via text message during the trip. They told her that the airplane was experiencing a ""small electrical problem"" and stated that their estimated time of arrival (ETA) would be determined ""at the next fuel stop just before dark."" After their fuel stop at I34 they estimated their ETA at FES would be about 2215. They then asked her to stand on the end of the runway with a flashlight to help guide the airplane in for landing.

They also stated that they would attempt to activate the airport lighting system with a handheld radio, but they were unsure if the radio had enough battery power to perform the task. During the last leg of the flight, they indicated that they had ""picked up a head wind"" and further extended their ETA until 2220.

The pilot's fiancée reported that she went to the end of the runway with the flashlight on, and the pilot attempted to land, but she was unsure if the airplane touched down on the runway due to the dark night conditions. She further reported that the airplane was ""blacked out"" and did not have any exterior lights on.

The last text message from the pilot stated, ""keep light on."" After several minutes of not seeing or hearing the airplane, she tried contacting the pilot multiple times with no response before contacting law enforcement. The wreckage was located the following morning in a tree-covered swamp about 1/4 mile southeast of the departure end of runway 19. PERSONNEL INFORMATIONAt the time of the accident, the pilot was employed as an airline pilot. He previously worked as a helicopter air ambulance pilot and a military helicopter pilot. The pilot held a mechanic certificate with airframe and powerplant ratings. According to the pilot's employer, the pilot's most recent flight with the company was on September 19, 2018. The pilot's last check ride occurred on August 24, 2018.

According to Federal Aviation Administration (FAA) records, while the passenger held a FAA third class medical certificate, he did not hold any airman certificates, and did not have any reported flight time on the date of his examination. AIRCRAFT INFORMATIONThe Cessna 150H pilot's operating handbook (POH) stated that the maximum capacity for both fuel tanks was 26 gallons total (13 gallons in each tank). The POH further stated that the usable fuel amount for all flight conditions was 22.5 gallons total, and the unusable fuel amount was 3.5 gallons total.

The Textron Aviation Pilot Safety and Warning Supplements discussed electrical power failures. This document states in part:

The pilot should maintain control of the airplane and land when practical if an electrical power loss is evident. 

If an electrical power loss is experienced, continued flight is possible, but should be terminated as a soon as practical. Such things as fuel quantity and engine temperature indicators and panel lig

The commercial pilot and his son were conducting a cross-country flight from New York to Missouri. Before the final fuel stop, they communicated to the pilot's fiancée via text message that the airplane was experiencing a ""small electrical problem."" The pilot refueled the airplane about 275 miles from the destination airport and continued on the final leg of the flight into dark night conditions. 

The passenger subsequently messaged the pilot's fiancée and asked her to stand at the end of the runway with a flashlight to help direct the airplane toward the runway for landing. He stated that they would attempt to use a handheld radio onboard to activate the runway lights but were unsure if the radio would have sufficient battery. The passenger also indicated that they had ""picked up a head wind"" during the flight.

The pilot's fiancée reported that the airplane attempted to land, but she was unsure if it touched down on the runway due to the night conditions and the fact that the airplane was ""blacked out"" and did not have any exterior lights on. The last text message from the passenger stated, ""keep light on."" The airplane impacted terrain about 1/4 mile from the departure end of the runway in a nose-down attitude consistent with an aerodynamic stall. The two intact fuel tanks contained no usable fuel, and the propeller blades lacked chordwise scratches or torsional deformation, consistent with a loss of engine power. No preimpact mechanical malfunctions or failures with the airframe and engine were noted during the examination, with the exception of the voltage regulator, which was found to be inoperable. 

Manufacturer guidance stated that, following an electrical system failure, the pilot should land the airplane as soon as practical; however, the pilot chose to both initiate and continue the flight into dark night conditions with a known electrical problem to an airport that required him to activate the runway lights. Though the extent of the pilot's preflight and inflight fuel planning could not be determined, it is possible that the airplane consumed more fuel than planned, as the passenger indicated that the airplane had encountered a headwind inflight, and it is likely that the absence of a fuel quantity indication contributed to the fuel exhaustion. 

Based on the location of the airplane relative to the runway, it is likely that the pilot initiated a go-around following the first landing attempt. During the go-around, the airplane experienced a total loss of engine power and the pilot subsequently failed to maintain airspeed and exceeded the airplane's critical angle of attack, which resulted in an aerodynamic stall and impact with terrain.

A total loss of engine power due to fuel exhaustion and the pilot's subsequent exceedance of the airplane's critical angle of attack, which resulted in an aerodynamic stall. Contributing to the accident was the pilot's decision to initiate and continue the flight into dark night conditions with a known electrical problem.",Cessna,150,56.0,Personnel issues-Task performance-Planning/preparation-Fuel planning-Pilot - C,Prior to flight Preflight or dispatch event,0.9707859034812305,0.452488687782826,725049.0,2.22,stable,stable,-0.03409300141038463,-7.797850445918131,stable,strong_decline
20121203X03615,3,0,VMC,Daylight,UNK,PIC,5000+,2012,12,"On December 1, 2012, about 1030 eastern standard time, an experimental amateur-built RV-4, N416DH, was substantially damaged when it impacted terrain during a forced landing following a partial loss of engine power near McConnell Airfield (5NC3), Carthage, North Carolina. The certificated commercial pilot/co-owner of the airplane and the certificated airline transport pilot were seriously injured. Visual meteorological conditions prevailed, and no flight plan was filed for the flight, which originated from Long Island Airport (NC26), Long Island, North Carolina, and was destined for Rowan County Airport (RUQ), Salisbury, North Carolina. The personal flight was conducted under the provisions of Title 14 Code of Federal Regulations Part 91. According to the commercial pilot, he had purchased the airplane about two months prior to the accident and had flown it home from Utah. Since then, he had been trying to identify and rectify some ""squawks"" he had noted with the airplane. One of the issues he had observed was that fuel seemed to be seeping from the right wing fuel tank, and he had been attempting to identify the source of the leak. About one week prior to the accident flight, he re-sealed all of the rivet lines on the fuel tank from the outside. The purpose of the accident flight was to test fly the airplane and determine if the leak had been fixed.

The commercial pilot, was seated in the front seat of the airplane, which was equipped with a fully functional set of flight/engine controls and instrumentation, while the airline transport pilot was seated in the rear seat, which was only equipped with basic flight and engine controls, and did not include flap or brake controls. The pilots planned to fly around the local area, and had anticipated stopping at several airports throughout the day. After performing a preflight inspection, the pilots filled the airplane's fuel tanks and departed from Lake Norman Airpark (14A), Mooresville, North Carolina. They then proceeded uneventfully to NC26, where after a brief stop, they departed on the accident flight.

About 5 minutes after departing, and while flying at an altitude of about 3,000 feet msl, the airplane's engine began losing power over a period of about 15 seconds, and continued to run roughly at a very low power output. The front seat pilot activated the carburetor heat, richened the mixture, activated the fuel boost pump, ensured that the primer was locked in place, and switched the fuel selector from the right to left fuel tank. The rear seat pilot then took control of the airplane and turned towards 5NC3, which was nearby.

Upon arriving over the airport, the rear seat pilot circled overhead in order to lose altitude before turning onto the final approach to the runway and asking the front seat pilot to set the flaps to 30 degrees. Shortly before reaching the runway threshold, the rear seat pilot heard a loud ""bang,"" and realized that the flaps had retracted from the 30- to the 10-degree position. The rear seat pilot then asked the front seat pilot to reposition the flaps back to the 30-degree position; but could not recall if the front seat pilot had done so. Seeing persons and vehicles near the departure end of the runway, the rear seat pilot elected to abort the landing, increased the throttle to the full forward position, and maneuvered the airplane toward a farm field to the south of the runway. While attempting to land, the airplane touched down hard, collapsing the landing gear, before coming to rest in a stand of trees, resulting in substantial damage to the fuselage and both wings.

A Federal Aviation Administration (FAA) inspector performed a cursory examination of the airplane at the accident site, and noted that the wing flaps appeared to be fully extended. The airplane was subsequently recovered from the accident site and examined. Both fuel tanks were breached at the inboard forward attach points where the fuel lines were installed. Both fuel tank ca

During cruise flight, the engine began losing power. The pilot in the front seat, who was flying the airplane, attempted to troubleshoot the engine issue, including activating the carburetor heat; however, the engine continued to run roughly, so he chose to divert to a nearby airport. The rear-seat pilot then took control of the airplane. While on final approach to the runway, the rear-seat pilot asked the front-seat pilot, who was seated near the wing flap control, to configure the flaps for landing. After the flaps fully extended, they retracted. The rear-seat pilot then asked the front-seat pilot to re-extend the flaps. About this time, the rear-seat pilot noticed that people and vehicles were at the end of the runway and chose to abort the landing by increasing engine power and turning the airplane toward an adjacent field. However, the airplane had sufficient altitude and power, so the pilot should have been able to make the runway and land safely. During the subsequent attempt to land the airplane, it stalled and then touched down hard. The airplane was substantially damaged, and both pilots were seriously injured.

Postaccident examination of the airplane revealed that the wing flaps appeared to be fully extended. The front-seat pilot, who was a co-owner, had been working to rectify several maintenance discrepancies he had identified after purchasing the airplane 2 months earlier, one of which included a leaking right fuel tank; he had repaired the exterior of the tank. Examination of the engine and fuel system identified the presence of fuel tank sealant on the exterior of the steel braid of both fuel tanks' flexible pick-up tubes and flaked pieces of fuel tank sealant and other contaminants within the gascolator. However, examinations revealed that the fuel screens at the engine-driven fuel pump and the carburetor were not contaminated. Both fuel tanks were found breached. An examination of the engine did not reveal any preimpact mechanical malfunctions or failures that would have precluded normal operation. Although the temperature and dew point about the time of the accident were conducive to the formation of carburetor ice, it unlikely that carburetor ice played a role in the loss of engine power because the pilots' reported using carburetor heat following the loss of engine power.

A partial loss of engine power for reasons that could not be determined because postaccident examinations of the engine and fuel system revealed no anomalies that would have precluded normal operation. Contributing to the severity of the accident was the rear-seat pilots' decision to abort the landing with partial engine power and his failure to successfully perform a forced landing to an available airfield.",HANSEN DAVID DANIEL,RV-4,40.0,Not determined-Not determined-(general)-(general)-Unknown/Not determined - C,Enroute-cruise Loss of engine power (partial),-0.5101683658050638,-3.105590062111807,582701.0,3.12,stable,mild_decline,-6.536613727754204,-0.22053418279833759,strong_decline,stable
20180929X15228,4,0,VMC,Daylight,UNK,PIC,<500,2018,9,"HISTORY OF FLIGHTOn September 28, 2018, at 1057 Alaska daylight time, an Airbus Helicopters AS350-B3e helicopter, N907PL, was destroyed when it was involved in an accident in Glacier Bay National Park, about 60 miles northwest of Gustavus, Alaska. The safety pilot was fatally injured, one passenger sustained serious injuries, and the pilot and another passenger remain missing and are presumed fatal. The helicopter was operated as a Title 14 Code of Federal Regulations Part 91 personal flight.

The purpose of the trip was to deliver the newly-purchased helicopter to Anchorage from the Airbus Helicopters factory in Texas. The left seat safety pilot was onboard for insurance coverage purposes and was acting as a safety pilot. The right seat pilot-in-command, who owned the helicopter, planned to drop off the safety pilot in Wasilla, Alaska, then proceed to Anchorage with the passengers. The trip began on September 25, 2018, and included more than 30 stops for sightseeing, fuel, and rest.

In a postaccident interview, the surviving passenger, who was seated in the left rear seat, stated that the accident flight departed Juneau International Airport (JNU), Juneau, Alaska, and proceeded north toward Yakutat Airport (YAK), Yakutat, Alaska, at low altitude parallel to the shoreline. The passengers' headphones were muted, but at one point, the pilot unmuted the passengers' headphones and asked if the passengers wanted to land on a beach to stretch their legs. About 1 minute later, the safety pilot pointed his hand to the right toward a long stretch of beach. The passenger recalled that the pilot initiated a controlled right turn and the helicopter began to descend; the safety pilot did not have his hands on the flight controls. He stated that the pilot pulled up on the collective and rolled the throttle off. He never heard anything abnormal with the engine noise or noticed any anomalies with the helicopter. The pilot left the collective up and the helicopter entered a free fall from about 500 ft agl, then about 30 ft agl the pilot increased the throttle again. Before impact, he heard the pilot yell ""NO"" and continue to manipulate the flight controls. He felt the helicopter impact the water and noticed water splash in the cabin before he lost consciousness. He later awoke in the water and swam to shore, where he awaited rescue. He was unable to locate the other occupants.

A review of the onboard cockpit image recorder, an Appareo Vision 1000, revealed that the helicopter was refueled at JNU before departing on the accident flight. The helicopter departed JNU and proceeded west over the mountains about 3,000 to 4,000 ft mean sea level (msl), then northwest along the coastline about 500 to 700 ft msl. Figure 1 depicts the helicopter's flight path from JNU to the accident site.





Figure 1  The helicopter flight track in orange from JNU to the accident site. PERSONNEL INFORMATIONThe pilot began his helicopter flight training in a Robinson R44 helicopter and had accumulated 59 hours of helicopter flight experience. On forms provided to Airbus before conducting AS350-B3e model transition training, the pilot reported no experience in the accident helicopter make and model. On June 4, 2018, the pilot completed transition training for the AS350-B3e with an Airbus Helicopters flight instructor at the Airbus factory in Grand Prairie, Texas; this training included 3 hours of flight time and 1 hour of simulator time.

From June 18 to August 29, 2018, the pilot completed at least 10 flights (more than 18.3 hours) in an AS350-B2 model operated by the safety pilot's company in Alaska. in Alaska. Of the 18.3 hours, 11.4 were conducted with the accident safety pilot and 6.9 were conducted with a company flight instructor.

On August 5, 2018, the pilot completed a 1.5-hour flight at the Airbus factory with the same Airbus Helicopters flight instructor in an AS350-B3e. The pilot had accumulated 4.5 flight hours in the B3e before departi

The private pilot had just purchased the helicopter and was returning it to his home airport accompanied by a commercial-certificated safety pilot and two passengers. Video from the cockpit image recorder indicated that the pilot, seated in the right seat, was manipulating the flight controls from takeoff until the accident occurred. The surviving passenger stated that, while en route, the pilot indicated that they would be landing on a beach in order to stretch their legs. 

The recovered data showed the helicopter flying about 500 to 700 ft over water when the pilots began conversing and pointing toward the shore. The safety pilot, whose hands were on his lap, then raised his right hand in a manner that appeared that he was guarding the cyclic control in anticipation that his assistance or intervention might be required. Shortly thereafter, the pilot twisted the collective twist grip throttle from FLIGHT to IDLE; data from the engine data recorder (EDR) indicated that, at this time, the engine fuel control was set to the idle power setting. Such action is consistent with a practice autorotation. The collective control was adjusted downward slightly, but the main rotor speed (Nr) gauge showed Nr decay from the normal ""green"" operating range of 375 to 405 rpm to the ""yellow"" cautionary range of 320 to 375 rpm about 5 seconds after the twist grip was set to IDLE. An Nr value of less than 360 rpm would have resulted in a continuous aural tone to alert the pilots of the low rotor speed. About 7 seconds after the twist grip was set to IDLE, the pilot reached toward the center console, after which the ""HORN"" caution light illuminated, consistent with the pilot muting the aural tone signaling the low Nr condition. After the horn was muted, Nr continued to decay to a low of 254 rpm. Several small cyclic inputs were observed, then the recorded data ended. 

The helicopter impacted the water and was destroyed. The four occupants were ejected from the helicopter; one of the passengers survived the accident and swam to shore. Postaccident examination of the helicopter and the recovered data did not reveal any helicopter malfunctions or failures that would have precluded normal operation. 

Since recorded cockpit imagery did not capture microphone audio, the reason for the pilot's decision to roll the throttle to IDLE could not be determined, and what conversations the pilots may have had before and during the maneuver could not be determined. The passengers' headphones were muted from the pilots' conversation, and the surviving passenger did not know if they planned to practice an autorotation to the beach. Cockpit video recordings from previous flights indicated that the safety pilot did not guard the flight controls when the pilot was performing takeoffs or landings. It is plausible that the pilot's intention was to practice or perform an autorotation to the beach, with the safety pilot guarding the controls. However, the beach was not the most suitable location for a practice autorotation to landing procedure and was out of the ordinary from their previous flights, as observed on the recorded cockpit imagery. 

When the twist grip throttle is set to IDLE position during normal flight, Nr will decay unless the pilot takes action to maintain it, such as a reduction in main rotor collective pitch or returning the twist grip throttle to the FLIGHT position.  However, after the throttle was set to IDLE, the pilot failed to reduce main rotor collective pitch, which resulted in low rotor rpm. The pilot's action of muting the low rotor rpm alert horn indicated that he was aware of the annunciation to an anomalous condition, but it could not be determined if the pilot understood the nature of why the horn annunciated or the criticality of the situation.

The pilot's failure to maintain main rotor speed after setting the engine fuel control to idle, which resulted in a loss of helicopter control and impact with water.",AIRBUS HELICOPTERS INC,AS350,42.0,Personnel issues-Action/decision-Action-Incorrect action selection-Pilot,Enroute Loss of control in flight,0.9707859034812305,0.452488687782826,725049.0,2.22,stable,stable,-0.03409300141038463,-7.797850445918131,stable,strong_decline
20180930X33629,3,0,VMC,Daylight,UNK,PIC,<500,2018,9,"HISTORY OF FLIGHT On September 30, 2018, about 0837 mountain daylight time, a Cessna 210M airplane, N732MV, was destroyed when it was involved in an accident near Silver City, Idaho. The pilot and the two passengers were fatally injured. The airplane was operated as a Title 14 Code of Federal Regulations Part 91 personal flight. 
The flight originated from Sunrise Skypark Airport, Marsing, Idaho, about 0810 and was destined for Murphy Airport, Murphy, Idaho. The airplane did not have a discrete transponder code; therefore, primary targets from flight track data covering the area and time surrounding the accident were reviewed. 
From 0824:24 to 0827:00, a target was moving to the south direction at altitudes between 3,200 and 3,400 ft mean sea level (msl) at an average ground speed of 131 knots. The target was lost at 0827:00 and reappeared at 0831:12 heading south at a position consistent with radar returns being blocked by hilly terrain. The track appeared to be following a road.  
From 0831:12 to 0835:00, the returns showed the airplane continuing to move on a southerly track, climbing from about 4,700 to 6,600 ft msl. The last three radar returns showed that the airplanes altitude above the ground decreased as the terrain rose; at 0834:24, the airplane was about 825 ft above ground level, and by 0835:00 it was about 150 ft above ground level. During this time, the airspeed decreased from 90 kts calibrated airspeed (KCAS) to about 68 KCAS. The last target showed the airplane about 1,950 ft west and 15.5 nm east of the wreckage, which was found near the bottom of a valley. The emergency locator beacon activated at 0836; therefore, it is likely the accident occurred about that time. 
Two witnesses located about 1 mile west of the accident site reported that they saw a white airplane flying south and that it appeared to be flying along a north-south oriented ditch or dry river bed and that they then saw it cross over an east-west oriented hill. Shortly after, they saw a plume of smoke on the other side of the hill.

 PERSONNEL INFORMATION At the time of the pilots last medical examination, he reported having type 2 diabetes, high blood pressure, high cholesterol, and hypothyroidism. He was issued a special issuance, third-class medical certificate with the limitation that he must have glasses available for near vision and that stated, ""Not valid for any class after 12/31/2017. Not valid outside the borders of the United States."" The pilot completed the BasicMed educational course and obtained a BasicMed physician attestation in December 2017.

 AIRCRAFT INFORMATION The airplanes weight and balance were calculated based on the airplane's empty weight and the pilots and two passengers reported weights. The airplanes gross weight at the time of the accident was estimated to be about 3,900 lbs, which was about 100 lbs over its maximum allowable gross weight. The calculations also showed that the airplane had a more forward center of gravity. 
The airplane's Pilot's Operating Handbook provides stall speeds at the airplane's maximum gross weight. For an airplane operating at the maximum gross weight and with a forward center of gravity, the airplane's stall speed with 10° of flaps was 68 KCAS at 0° bank; 73 KCAS at 30° of bank; and 96 KCAS at 60° of bank.
equated to about 100 lbs over the maximum gross weight of the airplane, 3,800 lbs, with a more forward center of gravity. The detailed computations are appended to this report. 

 METEOROLOGICAL INFORMATION A friend of the pilot was notified of the accident shortly after it occurred and flew out to the accident location. He reported that, while maneuvering about 1 mile east of the accident site at 6,500 ft msl, his onboard weather system displayed that the wind was from the southwest at 38 knots. A High-Resolution Rapid Refresh model for 0900 in the area surrounding the accident indicated a surface wind from 245° at 15 knots. The wind speed increased to 25 knots by

The pilot and two passengers departed on a local area flight through mountainous terrain to a nearby airport. A review of primary targets that were consistent with the airplanes flight track; initially, for a 3 minute period, the airplane was flying between 3,200 and 3,400 ft mean sea level (msl) at an average speed of 131 knots calibrated airspeed (KCAS). Radar data were lost for about the next 4 minutes due to mountainous terrain. Once the radar returns were picked up again, for about the next 4 minutes, the flight track showed the airplane continuing a southerly track, climbing from 4,700 to 6,500 ft msl. The last three radar returns showed that, during the last 36 seconds of flight, the airplanes altitude above the ground decreased as the terrain rose such that the airplane was about 150 ft above ground level at the last radar return; the airspeed decreased to less than 70 KCAS by the end of the data. The wreckage was located near the bottom of a valley about 1,950 ft west and 15.5 nm east of the wreckage. Postaccident examination of the airplane and engine revealed no evidence of any preimpact mechanical malfunctions or failures that would have precluded normal operation. 
Using the approximate conditions that existed at the time of the accident, including an estimated airplane gross weight of 3,900 lbs (about 100 lbs over the airplanes maximum allowable gross weight) and flaps at 10°, the airplanes stall speed was estimated to be about 68 KCAS. A ground scar at the accident site indicated that the left wing impacted terrain first, and the wreckage lay along a heading of 345°, indicating that the pilot was likely turning the airplane during the accident sequence. Given this evidence and that the airplane was losing speed as it climbed over rising terrain near the accident site and was approaching or at its stall speed by the end of the radar data, it is likely that the pilot did not maintain adequate airspeed while making a left turn in mountainous terrain. The gusting wind and low-level wind shear conditions could also contribute to the airplane exceeding its critical angle of attack, which resulted in an aerodynamic stall with the left wing low. 
Although the pilot had type 2 diabetes, the accident circumstances are not consistent with incapacitation; therefore, it is unlikely that the pilot's diabetes contributed to the accident. Toxicology testing indicated that the pilot had taken buprenorphine, which can cause somnolence and impaired decision-making, at some point before the accident. However, based on the available information, it could not be determined whether the pilot's use of buprenorphine contributed to the accident.

The pilot's failure to maintain adequate airspeed and his exceedance of the airplanes critical angle of attack while making a turn in gusting wind conditions while flying through hilly terrain, which resulted in an aerodynamic stall.",Cessna,T210,73.0,Aircraft-Aircraft oper/perf/capability-Performance/control parameters-Airspeed-Not attained/maintained - C,Maneuvering-low-alt flying Aerodynamic stall/spin,0.9707859034812305,0.452488687782826,725049.0,2.22,stable,stable,-0.03409300141038463,-7.797850445918131,stable,strong_decline
20140731X70148,3,0,VMC,Daylight,UNK,PIC,2000-5000,2014,7,"HISTORY OF FLIGHTOn July 31, 2014, about 0857 central daylight time, an experimental amateur-built Zimmerman Breezy airplane, N3AZ, exited runway 36R at the Wittman Regional Airport (OSH), near Oshkosh, Wisconsin, and impacted parked vehicles east of the runway. A ground fire subsequently occurred. The pilot was fatally injured and the passenger sustained serious injuries. The airplane sustained substantial wing and fuselage damage. The airplane was registered to A Z Air Lease Inc. and operated by the pilot under the provisions of 14 Code of Federal Regulations Part 91 as personal flight. Day visual flight rules conditions prevailed for the flight, which did not operate on a flight plan. The local flight originated from OSH.

The rear seat passenger was a volunteer at Experimental Aircraft Association (EAA) Airventure Oshkosh 2014. She asked for a ride in the Breezy. During an interview, she said that Federal Aviation Administration (FAA) and volunteer staff get priority for flights. She stated that prior to the ride she signed a waiver in reference to the flight and recalled getting a safety brief on where to keep hands and feet placed. The brief included a warning not to have loose items. When asked how she was told to sit, she replied that she was told to keep feet on either side of seat and not to interfere with the control stick. She indicated the stick was marked, ""Do not touch."" She further said that she was told to keep her hands on her lap. She reported she wore headphones during the flight, which lasted about 10 minutes and subsequently said that it was a great flight. She reported that the airplane landed and indicated that it was a good landing. The airplane turned immediately to the right. The pilot pulled up and was able to land the plane for a second time, which was a good landing as well. The pilot pulled up and went in for another landing. The airplane turned right again. She stated that the airplane hit a taxiway light. She felt the lenses from the taxiway light hit her leg. She recalled seeing a truck and the airplane pull up. She thought the airplane was not going to clear the truck. She recalled that the airplane hit the truck and felt being separated from the airplane. She recalled flying through the air and waking up on the ground. She could not move her left arm and remembered asking for help. She then remembered waking up in the ambulance.

A pilot in the airplane trailing the Breezy stated that he was cleared to land while flying a left base to runway 36R from FISKE [an intersection south of OSH]. He saw two airplanes in front of his airplane. One was a white or light colored high wing airplane that was just turning from a right base to final for 36R, and the second was a high wing airplane, a Breezy, on right downwind. He turned final behind the Breezy. The controller was giving instructions to the high wing and the Breezy. It appeared to the pilot that the controller was concerned about the high wing airplane and Breezy spacing and the fact that his airplane was a faster airplane behind both of them. The controller referred to the pilot's airplane as a Mooney, which the pilot did not ""pick up on right away."" However, his passenger did recognize the reference to Mooney. When the pilot was on short final, he heard the controller tell the Breezy to ""pick it up a bit"" or words to that affect, and that a Mooney was behind him. The pilot's statement, in part, said:

At that point, just prior to my touching down on the numbers, the 
Breezy became airborne again and flew no more than 10 feet off the 
ground for a couple hundred feet. Once I was on the ground, I heard 
the controller tell the Breezy he could set it down. The Breezy landed 
again, and quickly veered to the left, but stayed on the runway. The 
Breezy then corrected his ground track and appeared to be back on the 
centerline for a short time before veering off the right side of the 
runway and onto the grass. He seemed to correct h

The accident pilot flew a passenger on a 10-minute flight during the Experimental Aircraft Association Airventure Oshkosh 2014. During landing, the pilot lost airplane control and subsequently struck a parked ground vehicle. A pilot in another airplane that had been cleared to land reported that he saw two airplanes in front of his airplane: a light-colored high-wing airplane that was turning from the right base to the final leg of the traffic pattern, and a high-wing airplane, which was the accident airplane, directly in front of him on the right downwind leg. The pilot of the trailing airplane stated that the air traffic controller was providing instructions to the pilots of the other two airplanes simultaneously and that it appeared that the controller was concerned about the spacing between the two airplanes ahead of him and the fact that his airplane was a faster airplane than the other two airplanes. The pilot heard the controller tell the accident airplane pilot while he was on short final to ""pick it up a bit"" and inform hit that a faster airplane was behind him. The accident airplane touched down and then become airborne again, and the controller subsequently stated to the accident pilot that ""he could set it down."" The airplane landed again and veered left on the runway. The pilot appeared to correct the airplane's ground track back on the centerline for a short time before the airplane veered right off the runway and onto the grass. The airplane then became airborne again and was in a nose-high, right-wing-low attitude; the pilot was likely attempting to clear a row of vehicles parked in the grass outside of the safety area. However, the airplane's tail hit one of the vehicles, and a small ground fire ensued. The pilot of the trailing airplane did not see any debris on the runway nor anything fall off the accident airplane before it hit the parked vehicle, and no debris or separated parts were found on the runway. An examination of the wreckage did not reveal any preimpact anomalies that would have precluded normal operation. 



The tower communications were consistent with the air traffic controller simultaneously coordinating the landing of three airplanes on the same runway. Photographs revealed that, after the accident airplane landed behind the first airplane, the separation between the two airplanes decreased before the accident airplane exited the runway. It is likely that after the accident pilot landed the airplane, he observed that the separation between his airplane and the airplane ahead of him was decreasing, which led to his loss of airplane control.

The pilots failure to maintain airplane control during landing while the air traffic controller was simultaneously coordinating the landing of three airplanes on the same runway, which resulted in the airplane exiting the runway and impacting a parked ground vehicle.",ZIMMERMAN,BREEZY,74.0,Personnel issues-Task performance-Use of equip/info-Aircraft control-Pilot - C,Landing-landing roll Runway excursion,0.4993337111522944,-0.6756756756756799,590517.0,2.94,stable,stable,1.2346325354091636,3.992327059105616,mild_growth,mild_growth
20130206X71903,3,0,VMC,Daylight,UNK,PIC,<500,2013,2,"HISTORY OF FLIGHT On February 6, 2013, about 1135 mountain standard time, a Beechcraft E-90, N555FV, was destroyed following a loss of control during an attempted go-around and impact with terrain at the Casa Grande Airport (CGZ), Casa Grande, Arizona. The certified private pilot, who was the registered owner and occupied the left pilot seat, and the airline transport pilot/certified flight instructor (CFI) who occupied the right pilot seat, sustained fatal injuries. Visual meteorological conditions prevailed at the time of the accident and no flight plan was filed. The reported local instructional flight was conducted in accordance with 14 Code of Federal Regulations (CFR) Part 91. The flight departed the Marana Regional Airport (AVQ) , Marana, Arizona, about 1030.

In a statement provided to the National Transportation Safety Board (NTSB) investigator-in-charge, the Chief of Line Service at the fixed based operation where the airplane was based reported that after pulling the airplane out of the hangar, the CFI indicated that the airplane would not need to be fueled. The CFI stated that there was enough fuel on board, and that they were only going to be out for an hour. The lineman said that shortly thereafter, the pilot/owner arrived and began a preflight of the airplane. The pilot stated that he and the CFI were just going out to practice for an hour or so, and then asked that ground power be applied. The pilot added that they had plenty of fuel for what they were going to do. The lineman stated that the airplane departed AVQ between 1015 and 1030.

Four witnesses to the accident provided written statements to the IIC relative to their observations of the accident sequence:

Witness #1, a local fire fighter, reported that upon hearing his partner yell an expletive, he looked up and saw a white airplane with blue or dark green stripes pull up into a vertical flight, bank left, then rotate down nose first. The witness stated that he heard the engines as it banked up and over, and it sounded as if [they were] under full power. The witness opined that the airplane impacted the ground in a vertical fashion and burst into flames. 

Witness #2, a captain/paramedic for the local fire department, reported that while on the second story balcony at the CGZ fire station and looking to the west, he observed the belly of a twin propeller airplane banking straight up, going from west to east, turning sharply, and then going down to the north of the runway. The witness stated that the plane hit the ground and burst into flames, which was followed by a huge explosion.

Witness #3 stated that he was riding his bicycle at the airport, and as he looked toward the direction of runway 5 he observed a twin engine aircraft in a left hand bank and a nose down attitude of about 75 degrees, at an altitude of about 300 feet [above ground level]. The witness, himself a pilot, felt the aircraft was too low to recover, and subsequently watched it crash, after which he reported the accident to the CGZ fire department.

Witness #4 reported that she watches many airplanes perform ""touch down and take off"" practice, and that the accident airplane did not appear to be anything different until she noticed something in the sound of the engine. She stated, ""It became too quiet, as if the engine had stopped completely."" The witness stated that the airplane seemed to be on a normal route for touchdown, then the dirt flew up and she thought the plane went off the runway. She added that while she watched the dirt clear she heard a pop like a tire blowing, then saw the explosion. 

A postaccident on-site examination of the wreckage revealed that the airplane was destroyed following impact with flat, dirt-covered terrain located about 150 feet west of runway 5 (5,200 feet in length by 100 feet in width), and about 120 feet south of the 2000-foot distance remaining marker. Impact orientation was on a measured magnetic heading of about 050 degrees. The ai

The lineman who spoke with the pilot/owner of the accident airplane before its departure reported that the pilot stated that he and the flight instructor were going out to practice for about an hour. The flight instructor had given the pilot/owner his initial instruction in the airplane and flew with the pilot/owner regularly. The flight instructor had also given the pilot/owner about 58 hours of dual instruction in the accident airplane. The pilot/owner had accumulated about 51 hours of pilot-in-command time in the airplane make and model. It is likely that the pilot/owner was the pilot flying.

Several witnesses reported observing the accident sequence. One witness reported seeing the airplane pull up into vertical flight, bank left, rotate nose down, and then impact the ground. One witness reported observing the airplane go from east to west, turn sharply, and then go north of the runway. He subsequently saw the airplane hit the ground. One witness, who was a pilot, stated that he observed the airplane enter a left bank and then a nose-down attitude of about 75 degrees at an altitude of about 300 feet above ground level, which was too low to recover. 

It is likely that the pilot was attempting a go-around and pitched up the airplane excessively and subsequently lost control, which resulted in the airplane impacting flat desert terrain about 100 feet north of the active runway at about the midfield point in a steep nose-down, left-wing-low attitude. The airplane was destroyed by postimpact forces and thermal damage. All components necessary for flight were accounted for at the accident site. A postaccident examination of the airframe and both engines revealed no anomalies that would have precluded normal operation. Additionally, an examination of both propellers revealed rotational scoring and twisting of the blades consistent with there being power during the impact sequence. No anomalies were noted with either propeller that would have precluded normal operation. 

Toxicological testing of the pilot was negative for drugs and alcohol. The flight instructor's toxicology report revealed the presence of tetrahydrocannabinol (THC). Given the elevated levels of metabolite in the urine and kidney, the absence of quantifiable THC in the urine, and the low level of THC in the kidney and liver, it is likely that the flight instructor most recently used marijuana at least several hours before the accident. However, the effects of marijuana use on the flight instructor's judgment and performance at the time of the accident could not be determined.

A review of the flight instructor's personal medical records indicated that he had a number of medical conditions that would have been grounds for denying his airman medical certificate. The ongoing treatment of his conditions with more than one sedating benzodiazepine, including oxazepam, simultaneously would also likely not have been allowed. However, none of the prescribed, actively sedating medications were found in the flight instructor's tissues, and oxazepam was only found in the urine, which suggests that the flight instructor used the medication many hours and possibly several days before the accident. The toxicology findings indicate that the flight instructor likely did not experience any impairment from the benzodiazepine medication itself; however, the cognitive effects from the underlying mood disturbance could not be determined.

The pilots loss of control of the airplane after pitching it excessively nose up during a go-around, which resulted in a subsequent aerodynamic stall/spin.",BEECH,E90,65.0,Aircraft-Aircraft oper/perf/capability-Performance/control parameters-Airspeed-Not attained/maintained - C,Approach-VFR go-around Loss of control in flight,-0.022089608465969413,4.153354632587858,583856.0,3.26,stable,mild_growth,-1.193080220067655,-3.2975085490962286,mild_decline,mild_decline
20130213X43319,2,0,VMC,Daylight,UNK,PIC,2000-5000,2013,2,"HISTORY OF FLIGHTOn February 13, 2013, at 1314 eastern standard time, a Cessna T337C, N2576S, was destroyed when it impacted the ground in a farm pasture shortly after departure from New Smyrna Beach Municipal Airport (EVB), New Smyrna Beach, Florida. Day visual meteorological conditions prevailed and no flight plan was filed for the local maintenance test flight. The airline transport pilot was fatally injured. The local flight was conducted under the provisions of Title 14 Code of Federal Regulations Part 91.

According to transcripts of voice recording from the FAA contract Air Traffic Control tower at EVB, the airplane was issued a takeoff clearance with a left turn approved at 1312:40. At 1314:06, the pilot transmitted ""mayday mayday"" over the tower frequency. The flight was subsequently cleared to land on any runway but no further communication was received from the flight.

According to two eyewitnesses, the airplane was observed in a left wing down bank when it impacted a tree, powerlines, and then another tree prior to coming to rest. The witnesses further stated that they heard the engine producing power; however, they could not determine if both engines were operating or producing power. PERSONNEL INFORMATIONAccording to Federal Aviation Administration (FAA) records, the pilot held an airline transport pilot certificate with a rating for airplane multiengine land, a commercial pilot certificate with ratings for airplane single-engine land, airplane single-engine sea, and airplane multiengine sea. He also had a flight instructor certificate for airplane single-engine, multiengine, and instrument airplane. He held a second-class medical certificate which was issued on August 23, 2012, and had two restrictions of ""not valid for any class after"" and ""must wear corrective lenses."" At the pilot's most recent medical he had reported 4,186 total flight hours and 50 of those flight hours were in the 6 months preceding the medical application. AIRCRAFT INFORMATIONAccording to FAA and airplane maintenance records the airplane was issued an airworthiness certificate on June 1, 1968 and was registered to RoyalAir Aviation, Inc. on April 24, 2007. It was equipped with two engines. The front engine was a Continental Motors TSIO-360A3B, 210-hp engine and the rear engine was a Continental Motors TSIO-360 AcAB, 210-hp engine. It was also equipped with two McCauley propellers. The airplane's most recent annual inspection was completed on May 1, 2012. Paperwork located in the hangar, which included an FAA form 8130-1, indicated that on January 15, 2013 an engine driven fuel pump was tested and recorded as ""tested good set to factory flows.""

According to the aircraft Owner's Manual, the airplane had a total fuel capacity of 131 gallons. The fuel system comprised of two main fuel tanks with a capacity of 46 gallons each and two auxiliary tanks with a capacity for 19.5 gallons each. The last located recorded fueling was accomplished on October 28, 2012 at EVB. The airplane had been fueled with 58.09 gallons of fuel.

According to a mechanic who had performed maintenance on the airplane, the most recent work performed was due to the lack of full travel on the rear fuel selector valve. During operation of the selector valve it would only go from the ""OFF"" position to the ""ON"" position and would not allow the use of the auxiliary tank position. The airplane was defueled into clean containers and then the mechanic removed the ""Right Hand Selector"" valve, sent the valve to a repair facility, which was subsequently returned and reinstalled. The rigging was verified and ""Full travel was confirmed and resistance was normal,"" on the fuel selector valve. In addition, the engine driven fuel pump was removed, repaired and reinstalled on February 11, 2013. According to the mechanic the pilot reported having difficulty starting in the ""super rich"" position as well as black smoke was reported coming from the rear engine by others that observed

Shortly after taking off on the test flight, the pilot transmitted ""mayday mayday"" over the control tower's radio frequency. According to eyewitnesses, the airplane was in a left-wing-down attitude when it impacted a tree, power lines, and then another tree before coming to rest in a pasture. A review of data downloaded from the engine data monitor revealed that the rear engine exhibited erratic fuel flow beginning 2 days before the accident and continuing through the accident flight. Further, the engine data monitor indicated that the rear engine's propeller was under low-to-no power with a low pitch angle at the time of impact. The front engine exhibited no abnormalities or malfunctions, and the investigation found no other anomalies that would have precluded normal operation of the airplane.



  During postaccident examination, the engine-driven fuel pump was removed and bench tested where it exhibited fuel flow higher than manufacturer guidelines with low fuel pressure. In order to meet bench test standards, an adjustment equal to three turns of the adjustment screw was made. The fuel pump then operated normally and was placed back on the engine; however, the engine still did not attain full power. Further examination revealed potential debris between the throttle assembly's brass and stainless steel plates. After removal of the debris and reassembly of the throttle assembly, it operated within the normal range. Although the source of the debris could not be definitively determined, it likely originated in either in the fuel or a fuel tank. 



  Maintenance records indicate that two days before the accident, the fuel pump was removed, repaired, and reinstalled after work was completed on the rear fuel selector valve. After the pump was reinstalled, the mechanic adjusted the continuous flow fuel injection system using the airplane's JPI engine monitor system and an external low pressure gauge to set the takeoff fuel flow; he then refueled the plane from containers in which he had stored the fuel in order to service the fuel pump. The following day, the pilot and the mechanic again adjusted the fuel pump's fuel flow after conducting an unsatisfactory engine run-up . After the adjustment, the run-up appeared to be normal. Directives from the engine's manufacturer recommended using a Model 20 ATM-C Porta Test Unit or equivalent to ensure the fuel injection system meets all pressure and flow specifications. Using a JPI engine monitor and an external gauge would have given inaccurate results without a properly calibrated fuel pump, and the mechanic's recalibration of the engine-driven fuel pump's adjustment screw would have only masked the debris issue within the throttle assembly.

  
Further, review of the manufacturer's approved engine-out emergency procedures indicated that with a rear engine failure, the propeller should be immediately feathered and the landing gear retracted after obstacle clearance. Therefore, even with a loss of rear engine power, the airplane's operating manual indicated that the airplane would have been able to climb at least 275 feet per minute with one engine, assuming the required pilot inputs were made. Had those single-engine climb performance conditions been met, the airplane likely would have been able to, at a minimum, maintain altitude until a safe landing could have been accomplished. However, as the rear propeller was found with a low pitch angle and the landing gear was found in the down and locked position after the accident, the airplane had not been configured for maximum single-engine performance as outlined in the engine-out procedures.

Maintenance personnel's failure to follow procedures and published directives in calibrating the continuous flow fuel system and failure to accurately diagnose debris in the throttle assembly, resulting in a loss of power in one engine. Contributing to the accident was the pilot's failure to comply with published engine out procedures, which resulted in an off-airport landing and subsequent impact with a tree and the ground.",CESSNA,T337C,56.0,Aircraft-Aircraft power plant-Engine fuel and control-Fuel control/carburetor-Malfunction - C,Initial climb Loss of engine power (partial),-0.022089608465969413,4.153354632587858,583856.0,3.26,stable,mild_growth,-1.193080220067655,-3.2975085490962286,mild_decline,mild_decline
20110919X64454,3,0,VMC,Daylight,UNK,PIC,2000-5000,2011,9,"HISTORY OF FLIGHT

On September 19, 2011, at 1310 mountain daylight time, a Concannon Radial Rocket experimental amateur-built airplane, N91TX, sustained substantial damage when it impacted terrain while maneuvering near the Socorro Municipal Airport (ONM), Socorro, New Mexico. The commercial pilot and pilot-rated passenger sustained fatal injuries. The airplane was owned and operated by the pilot. Visual meteorological conditions prevailed, and a flight plan was not filed for the 14 Code of Federal Regulations Part 91 personal flight. The flight departed Dallas Executive Airport (RBD), Dallas, Texas, at 0939 central daylight time.

According to the previous owner of the airplane, the pilot and passenger arrived in Mississippi to purchase the airplane on September 17th. On September 18th, the pilot, passenger, and previous owner spent several hours examining the airplane and reviewing its systems. The previous owner and pilot then performed a flight for approximately 30 minutes in which the pilot completed various basic flight maneuvers. The previous owner stated the pilot was very smooth and coordinated on the flight controls. The previous owner then gave the pilot-rated passenger a ride for approximately 10 minutes. For another couple hours after the flights, the group continued to review the airplane. During that time, the previous owner discussed items relative to flight and engine operations during critical phases of flight. The previous owner stated the pilot had concerns with the complexity of the electronic flight information system (EFIS), autopilot system, use of the mixture control, placement of switches, and use of the boost pumps (The pilot owned a Yak 52 with a similar engine, other than there was no mixture control on his Yak 52). The previous owner also stated the pilot had difficulty focusing on where the airspeed and altitude readouts were located on the EFIS display. The previous owner felt the pilot was attentive, asked appropriate questions, and demonstrated an understanding of what was discussed during the day.

The pilot and passenger then departed Mississippi approximately 1535 central daylight time en route to the Dallas, Texas, area to stop for an overnight before proceeding to Arizona. 

The previous owner mentioned he originally planned to spend approximately 10 days with the pilot to perform a detailed inspection and several flights. The pilot indicated he was comfortable and decided to depart from Mississippi on September 18th.  

The pilot and passenger then flew the airplane to RBD, and spent the night in the Dallas area. After the arrival at RBD, the pilot had the airplane fueled with 16.5 gallons of aviation gasoline. In addition, the pilot asked one of the lineman at the fixed based operator (FBO) for some tools. The lineman observed the pilot and passenger perform some type of repair to the left main landing gear. 

The airplane departed RBD on the morning of September 19th. Prior to the flight, the passenger contacted flight service and requested the winds aloft along the planned route from RBD to Arizona. When asked what type of airplane, the passenger stated a Cessna 172. 

Data extracted from a handheld global positioning system (GPS) unit recovered from the wreckage showed a departure from RBD and a descent towards ONM. The recorded flight track ended approximately 2 miles prior to the accident site.

One witness, who is a mechanic for a emergency medical services company based at ONM, observed the airplane prior to the accident. He heard a loud pop which brought his attention to the accident airplane. The mechanic saw the airplane heading from east to west toward ONM. As the airplane approached Interstate Highway 25, which runs north and south on the east side of ONM, the airplane turned to the north. During the turn, the airplane appeared to be waving with its wings rocking back and forth. As the airplane continued to the north, the wing waving increased. The witness s

The pilot had purchased the airplane the day before the accident and had performed a 30-minute flight with the previous owner. During the purchase inspection, the pilot reportedly expressed concern about the electronic flight display, the autopilot, the mixture control operation, and the boost pump systems. No additional transition training was accomplished in the airplane before the accident flight. Just before the accident, a witness heard abnormal engine sounds (popping) and observed the airplane flying erratically in the traffic pattern. While maneuvering toward the airport, the airplane's wings were rocking back and forth, which was consistent with a near stalled condition, before the airplane pitched up then entered a nose-down descent into terrain. The previous owner stated that proper mixture control position and boost pump position was critical during landing, or the engine may stumble or experience a brief shutdown. A postaccident examination of the wreckage did not reveal any evidence of preimpact anomalies. It is likely that the pilot, due to his limited training (30 minutes) in the airplane make and model, was unfamiliar with the unique characteristics of this airplane and its avionics, and that contributed to his failure to maintain airspeed while maneuvering.

In a 2012 safety study on ""The Safety of Experimental Amateur-Built Aircraft,"" the NTSB concluded that ""purchasers of used [experimental amateur-built] (E-AB) aircraft face particular challenges in transitioning to the unfamiliar E-AB aircraft. Like builders of new E-AB aircraft, they must learn to manage the unique handling characteristics of their aircraft and learn the systems, structure, and equipment, but without the firsthand knowledge afforded to the builder."" Thus, the NTSB recommended that the Federal Aviation Administration and the Experimental Aircraft Association ""complete planned action to create a coalition of kit manufacturers, type clubs, and pilot and owner groups and (1) develop transition training resources and (2) identify and apply incentives to encourage both builders of experimental amateur-built aircraft and purchasers of used experimental amateur-built aircraft to complete the training that is developed.""

Postmortem toxicology testing for the pilot indicated positive results for ibuprofen, lorazepam and tramadol. The pilot had not reported any medication on his most recent medical application about 10 months before the accident. Although such medications can have sedating and/or impairing effects, it was not possible to determine to what extent the pilot may have been impaired.

The pilot's failure to maintain adequate airspeed during the visual approach to the runway, which resulted in an aerodynamic stall. Contributing to the accident were the pilots lack of experience in the airplane make and model and the possible sedating effects of medication.",CONCANNON MILTON,RADIAL ROC,59.0,Aircraft-Aircraft oper/perf/capability-Performance/control parameters-Airspeed-Not attained/maintained - C,Maneuvering Loss of control in flight,0.4639543183440509,0.9646302250803984,579890.0,3.14,stable,stable,2.7765613364195474,-4.332593717155198,mild_growth,mild_decline
20110924X61935,3,0,IMC,Daylight,UNK,PIC,<500,2011,9,"HISTORY 

On September 23, 2011, at 1615, eastern daylight time, a Cessna P210N, N210LE, registered to Silent H LTD and operated by an individual, incurred substantial damage when it impacted trees during a force landing in South Deerfield, Massachusetts. The pilot and passenger received serious injuries. Instrument meteorological conditions (IMC) prevailed and an instrument flight rules flight plan was filed for the 14 Code of Federal Regulations Part 91, personal flight. The flight originated from Barnes Municipal Airport (BAF), Westfield, Massachusetts, and was enroute to Hancock County-Bar Harbor Airport (BHB), Bar Harbor, Maine, about 1539.

According to the pilot, he completed a preflight inspection of the airplane with no anomalies noted. After takeoff he raised the landing gear and the gear warning horn remained on continuously. He reported to the controller at the tower that he may be returning to land. He had his passenger look for the gear warning horn circuit breaker, however about two minutes later, the warning horn stopped by itself. The pilot thought the gear horn issue was resolved and elected to continue to his destination of BHB. The air traffic controller gave the pilot further instructions to contact departure control and a frequency change was approved.

Immediately following the frequency change, the navigation systems failed, restarted, and failed again. The cabin fan, instrument lights, and cabin lights failed and the airplane suffered a total electrical system failure. At this point, the pilot believed that the airplane encountered turbulence, heavy rain, and he elected to climb above the weather. He reported the airplane seemed to receive strong gusts of wind upsetting the airplane; at one point, giving an indication of over 2,000 feet per minute descent. The pilot put the gear handle down and the flaps out in order to try to stabilize the airplane, but neither functioned. The pilot arrested the steep descent, elected to descend below cloud level, and make a precautionary landing. He saw a clearing in the clouds and made a standard rate spiral down through it. He broke out of the clouds about 2,700 feet mean sea level. He saw an open field and maneuvered for the downwind with the intent to land there. On the approach to the field, about 300 feet above ground level, the airplane porpoised three times; the pilot increased engine power, however, the airplane porpoised again. The nose of the airplane struck the top of a tree, the airplane impacted the ground, and came to rest about 200 feet past the tree. 

PERSONNEL INFORMATION

The pilot held a private pilot certificate with ratings for airplane single-engine land and instrument airplane. He was issued a third-class medical certificate on June 24, 2010, with limitation of must wear corrective lenses. He reported 1,452 total hours, of which 985 were in make and model of the accident airplane; 87 of those total hours were in actual instrument conditions. 

AIRCRAFT INFORMATION 

The pressurized, six place, high wing, serial number P21000825, airplane was manufactured in 1983 and issued a standard airworthiness certificate in the normal category. The airplane incorporated an optional dual alternator electrical system. The airplane was equipped with a Continental Motors TSIO-520-AF3B, 310 horsepower engine with a McCauley controllable pitch propeller. According to airplanes maintenance records, the most recent annual inspection was performed on August 11, 2011. At the time of the accident the airplane had accumulated 2,985 hours of total time and the engine accumulated 350 since major overhaul. 

The airplane was equipped with the following electrical operated equipment: Garmin GMX200 Color Multi-Functional Display (MFD) equipped with Electronic Charts, XM Weather, Traffic Information System (TIS) and XM Radio, a Garmin 530WAAS (Wide Area Application Services) , a Garmin SL30 #2 NAV/COM slim line unit, a Garmin GTX330, S-Mode Transponder,

According to the pilot, during the initial climb, the airplane experienced a loss of electrical power. The pilot said that he unsuccessfully attempted to restart the alternators by cycling the on/off switches. The airplane was in instrument meteorological conditions, and when he saw a clearing in the clouds, the pilot made a standard rate spiral down through it. After exiting the clouds, he found a suitable place to land. On the approach, about 300 feet above ground level, the airplane started to porpoise. The pilot attempted to correct the porpoise, but the nose of the airplane struck the top of a tree before impacting the ground.

Postaccident examination of the airplanes flight controls did not reveal any mechanical anomalies. The engine examination revealed that incorrect pistons were installed at the time the engine was overhauled about 350 hours before the accident, but this did not play a role in the accident. The airplane was equipped with a dual alternator system. A postaccident interview with the pilot revealed that he attempted to energize the alternators field utilizing the pilot operating handbook procedure for a single alternator system. The dual alternator system emergency procedure was a supplement for the pilot operating handbook, and the checklist that was located in the airplane did not contain the normal or emergency procedures that were required for the dual alternator system. The emergency procedure for the dual system stated to depress the ALT RESTART switch, located next to the circuit breaker panel; the pilot stated that he did not know about the ALT RESTART switch. The No. 1 alternator was tested and examined. The No. 1 alternator functioned for 5 minutes during the test before it stopped producing power. It showed signs of excessive heat consistent with overloading when examined internally. The No. 2 alternator was not tested due to accident damage. The internal examination revealed burnt windings.

The onboard engine data monitoring system indicated that the battery voltage decreased rapidly just prior to the loss of electrical power. A postaccident examination of the airplanes electrical system revealed that the alternator restart battery pack did not contain enough voltage to reenergize the alternator field in the event that an alternator failed. A functional test of the system was required every 25 hours to ensure it worked correctly. The batteries were required as per the Airplane Service Manual to be replaced annually or sooner if the alternators cannot be restarted under a heavy load electrical load. A review of the airplanes maintenance records revealed that most recent documentation for the alternator restart system batteries change was about 12 years ago.


It is likely that the No. 2 alternator failed at an unknown time, which resulted in the entire electrical system on the airplane feeding off of the No. 1 alternator. The No. 1 alternator subsequently overloaded and failed, and the airplanes battery was unable to sustain the electrical system demand. If the BEFORE TAKEOFF checklist for a dual alternator equipped airplane had been completed, the pilot could have detected that the airplanes electrical charging system was not working correctly.

The failure of the electrical system due to an alternator failure during flight in instrument meteorological conditions, and the pilots inadequate preflight inspection and failure to use the approved checklist for the dual alternator system. Contributing to the accident was the inadequate maintenance because the alternator restart battery pack was not replaced annually, as required by the airplane service manual.",CESSNA,P210N,61.0,Aircraft-Aircraft systems-Electrical power system-AC generator-alternator-Failure - C,Initial climb Electrical system malf/failure,0.4639543183440509,0.9646302250803984,579890.0,3.14,stable,stable,2.7765613364195474,-4.332593717155198,mild_growth,mild_decline
20151026X43000,3,0,VMC,Daylight,UNK,PIC,5000+,2015,10,"HISTORY OF FLIGHTOn October 26, 2015, at 1233 eastern daylight time, a Piper PA-31-350, N55GK, was substantially damaged during a forced landing to a marsh in Weston, Florida, while on approach to Fort Lauderdale Executive Airport (FXE), Fort Lauderdale, Florida. The airline transport pilot was fatally injured, one passenger incurred minor injuries, and one passenger was not injured. The business flight was operated by Spohrer & Dodd Aviation LLC., and conducted under the provisions of 14 Code of Federal Regulations Part 91. Visual meteorological conditions prevailed in the area, and an instrument flight rules flight plan was filed for the flight, which departed Jacksonville Executive Airport (CRG), Jacksonville, Florida, about 1033.

According to a fueling receipt and statements from the passengers, the flight originated from Herlong Recreational Airport (HEG), Jacksonville, Florida, about 1010. Before departure, the airplane was fueled with 17.3 gallons of 100 low-lead aviation gasoline, which brought the fuel quantity in the main fuel tanks to full. No fuel was added to the auxiliary fuel tanks at this time. The flight departed for FXE but diverted to CRG due to a cockpit window that was not properly closed. The pilot secured the window at CRG and departed on the accident flight.

According to information from the Federal Aviation Administration (FAA), the flight was in radio and radar contact with air traffic control (Miami Approach) while being vectored for a visual approach to runway 9 at FXE. At 1230, the air traffic controller instructed the flight to descend from 3,000 ft to 2,000 ft mean sea level (msl), which the pilot acknowledged. The controller subsequently instructed the pilot to turn right from a heading of 160° to 180°, which the pilot acknowledged. About 1 minute later, the controller instructed the pilot to turn left to a heading of 090° and report the airport in sight. The pilot acknowledged the vector but did not initiate a left turn. About 20 seconds later, the controller asked whether the pilot was turning left, and the pilot replied that he might have to land on the interstate highway. He then asked where the airport was, and the controller told him it was 15 miles east. At 1233:28, the pilot reported that he saw the interstate highway.  No further communications were received from the airplane.

Review of radar data revealed that the airplane entered a right turn about 1230 and then continued on a straight course of about 180° magnetic from approximately 1232:18, when the airplane was at 2,000 ft msl, until the last radar target was recorded at 1233:41, when the airplane was at 200 ft msl. Further review of the radar data revealed that the majority of the cruise portion of the flight was flown about 40 knots slower than the final portion of the flight. The data indicated about 120 knots groundspeed from 1045 to 1154, then 160 knots groundspeed from 1155 until 1213, when the descent from cruise altitude began. PERSONNEL INFORMATIONThe pilot held an airline transport pilot certificate with ratings for airplane single-engine land and airplane multiengine land. He also held a flight instructor certificate with ratings for airplane single-engine, airplane multiengine, and instrument airplane. The pilot's most recent FAA second-class medical certificate was issued on April 27, 2015. At that time, he reported a total flight experience of 11,000 hours. Review of the pilot's most recent logbook revealed that he had accumulated about 6,379 hours of multiengine flight experience; of which, 105 hours were flown in the accident airplane, dating back to 2006. AIRCRAFT INFORMATIONThe eight-seat, low-wing, retractable-gear airplane, serial number 31-7852013, was manufactured in 1978. It was powered by two Lycoming TIO-540, 350-hp engines equipped with Hartzell propellers. According to maintenance records, the airplane's most recent annual inspection was completed on June 8, 2015. At that time, the airframe had a

The airline transport pilot of the multiengine airplane had fueled the main (inboard) fuel tanks to capacity before the cross-county flight. As the flight approached the destination airport, an air traffic controller instructed the pilot to turn right for a visual approach, and the pilot acknowledged. Subsequently, the pilot reported that he might have to land on a highway. The airplane impacted a marsh area about 15 miles from the destination airport.

Review of data downloaded from an onboard engine monitor revealed that the right engine momentarily lost and regained power before experiencing a total loss of power. Examination of the wreckage revealed that the left propeller was feathered and that the right propeller was in the normal operating range. Sufficient fuel to complete the flight was drained from the left wing fuel tanks. Although the right wing fuel tanks were compromised during the impact, sufficient fuel was likely present in the right main fuel tanks to complete the flight before impact because both the left and right main fuel tanks were fueled to capacity concurrently before the flight, but it likely was in a low fuel state due to fuel used during the flight.

The right wing main fuel tank was not equipped with a flapper valve, which should have been located on the baffle nearest the wing root where the fuel pickup was located. The flapper valve is used to trap fuel near the fuel pickup and prevent it from flowing outboard away from the pickup. The maintenance records did not indicate that the right main fuel tank bladder had been replaced; however, the manufacture year printed on the bladder was about 20 years before the accident and 16 years after the manufacture of the airplane, indicating that the bladder had been replaced at some point. When the right main fuel tank bladder was replaced, the flapper valve would have been removed. Based on the evidence, it is likely that maintenance personnel failed to reinstall the flapper valve after installing the new fuel bladder. This missing valve would not affect operation of the fuel system unless the right main fuel tank was in a low fuel state, when fuel could flow outboard away from the fuel pickup (such as in a right turn, which the pilot was making when the engine lost power), and result in fuel starvation to the engine.

Toxicology testing of the pilot revealed that his blood alcohol level during the flight was likely between 0.077 gm/dl and 0.177 gm/dl, which is above the level generally considered impairing.

Therefore, it is likely that, during the right turn, the fuel in the right main fuel tank moved outboard, which resulted in fuel starvation to the right engine. When the right engine lost power, the pilot should have secured the right engine by feathering the propeller to reduce drag and increase single-engine performance; however, given the position of the propellers at the accident site, the pilot likely incorrectly feathered the operating (left) engine, which rendered the airplane incapable of maintaining altitude. It is very likely that the pilot's impairment due to his ingestion of alcohol led to his errors and contributed to the accident.

The pilot's feathering of the incorrect propeller following a total loss of right engine power due to fuel starvation, which resulted from maintenance personnels failure to reinstall the flapper valve in the right main fuel tank. Contributing to the accident was the pilot's impairment due to alcohol consumption.",PIPER,PA31,63.0,Personnel issues-Action/decision-Action-Incorrect action selection-Pilot - C,Approach Fuel starvation,0.7158913374511355,-9.836065573770503,611140.0,1.65,stable,strong_decline,-8.034362215956936,-2.745367192862047,strong_decline,mild_decline
20150907X44940,3,0,IMC,Daylight,UNK,PIC,500-2000,2015,9,"**This report was modified on August 31, 2016. Please see the docket for this accident to view the original report.**

HISTORY OF FLIGHT

On September 7, 2015, about 1203 eastern daylight time, N36HT, a Beech A36, was destroyed when it impacted terrain near Kernersville, North Carolina. The private pilot and the two passengers were fatally injured. The airplane was registered to Central Penn Aviation Academy Inc., Paxinos, Pennsylvania and operated by the pilot. An instrument flight rules (IFR) flight plan was filed for the flight that departed Sarasota-Bradenton International Airport (SRQ), Sarasota, Florida, about 0819, under the provisions of a 14 Code of Federal Regulations Part 91 personal flight. Instrument meteorological conditions (IMC) prevailed at the time of the accident.

According to radar and voice communication data provided by the Federal Aviation Administration (FAA), the airplane was being radar vectored by air traffic control for the ILS RWY 5R instrument approach to the Piedmont Triad International Airport (GSO), Greensboro, North Carolina, following a previous unsuccessful ILS approach to the same runway.

The pilot contacted GSO approach at 1132:54 and reported that he was descending through 5,700 ft.  A controller replied that automated terminal information system (ATIS) information Delta was current, the altimeter setting was 30.19, and the pilot should expect to land on runway 5R.  The pilot read back the runway assignment, and then asked if he should expect a visual approach. The controller stated that the pilot should expect the ILS approach, and asked the pilot to report when he had received information Delta.  The pilot confirmed that he had information Delta, and then asked if the assigned runway was 5L. The controller reconfirmed the original assignment, runway 5R.

At 1133:51, the pilot asked the controller to confirm that he was cleared to descend to 5,000 ft. The controller responded that if 5,000 was the altitude assigned by the previous controller, it was correct, and also noted that he had not issued any other altitude instructions. The pilot acknowledged.

At 1135:14, the pilot again asked the controller to confirm whether he should expect runway 5R or 5L.The controller responded, ""The right side  R I G H T.""  The pilot read back, ""Five right 36HT.""

At 1140:44, the controller instructed the pilot of N36HT to fly heading 360 for sequencing into GSO, and the pilot acknowledged.  At 1143:26, the controller instructed the pilot to contact another controller on frequency 124.35.

The pilot contacted the controller at 1144:00 while the airplane was level at 5,000 ft.  The controller provided the GSO altimeter setting, 30.19.  At 1145:24, the controller cleared the pilot to descend to 3,000 ft.  At 1148:01, the controller advised the pilot of potentially conflicting traffic ahead, type and altitude unknown.  The pilot responded, ""Roger  36HT is about to go IMC.""  The airplane was descending through 3,600 ft at the time.
At 1148:38, the controller advised the pilot that traffic was no longer a factor and instructed him to turn right heading 010 degrees. The pilot correctly read back the heading.  At 1149:04, the pilot reported level at 3,000 ft, and then asked if the controller wanted him to remain at 3,000 ft. The controller responded, ""Affirmative.""

At 1150:35, the controller transmitted, ""N36HT niner miles from Pagan, turn right heading 020, maintain 3,000 until established on the localizer, cleared ILS runway 5R approach. The pilot responded, ""Turning right heading 020 for Pagan.""  The controller restated the altitude restriction and the approach clearance, and the pilot correctly read it back.

At 1152:48, the pilot asked, ""How do you like this route of flight?""  The controller responded, ""You look just a little bit right of course for the ILS, turn left heading 0make that 360 for the ILS, report established.""  The pilot then asked, ""Turning left or turning right for

The private pilot had recently purchased the airplane and it was more complex than the airplane he had flown previously. The accident airplane was also equipped with an upgraded avionics suite. The pilot had practiced loading and flying instrument approaches with the new avionics during recent flights with a flight instructor and another pilot onboard, and the flights were conducted in visual meteorological conditions (VMC). The pilot's most recent logbook was not available for review, so his instrument currency, as well as his recent and type of flight experience could not be verified. 

 

Review of the flight from departure to entry into the arrival airport's airspace revealed no unusual events or problems, and it was conducted in VMC. However, once the pilot began the higher workload phase of flight preparing to execute the instrument landing system (ILS) approach in actual instrument meteorological conditions, he began to exhibit some uncertainty and confusion. The first approach controller had to confirm the runway assignment three times and the pilot's assigned altitude once. After contacting a second approach controller, who vectored the flight to the ILS, the pilot had difficulty becoming established on the localizer, eventually causing the controller to cancel the approach clearance and issue vectors for a second attempt at the approach.

The instructions issued by the second approach controller were not complicated, but the pilot had difficulty flying assigned headings and altitudes. The controller also did not immediately detect some of the unusual maneuvers conducted by the pilot or recognize that he was perhaps suffering from spatial disorientation until the pilot explicitly said so. Instead of simply issuing a single heading and having the pilot climb a few hundred feet back into VMC, the controller asked the pilot if he was able to accept ""no-gyro"" vectors. The pilot accepted the offer, and the controller then issued turn instructions that required turns in both directions. This excessive maneuvering possibly exacerbated the pilot's spatial disorientation. The controller then directed the pilot to climb in an attempt to get him into VMC, but shortly thereafter, the airplane entered an aerodynamic stall/ spin and impacted terrain. When interviewed, the controller was unable to explain the basics of no-gyro vectoring and was unable to demonstrate the ability to effectively provide the service.

 

Facility management provided four summaries of training scenarios that included unusual or emergency situations, but none included no-gyro vectors or focused on identification of emergencies. Overall, the recognition of and response to emergencies did not appear to be a strong training item, which is not limited to this facility. The FAA training did not properly prepare the controllers involved in this accident to recognize and effectively respond to disorientation scenarios.

 

Examination of the airframe, engine, and flight instruments revealed no mechanical deficiencies that would have precluded normal operation at the time of impact.

The pilot's loss of airplane control due to spatial disorientation, which resulted in an aerodynamic stall/spin. Contributing to the accident was deficient Federal Aviation Administration air traffic control training on recognition and handling of emergencies, which led to incorrect controller actions that likely aggravated the pilot's spatial disorientation.",BEECH,A36,55.0,Personnel issues-Task performance-Use of equip/info-Aircraft control-Pilot - C,Approach-IFR initial approach Loss of control in flight,0.039388765467096576,-22.92682926829267,607011.0,1.58,stable,strong_decline,1.8557327220671382,-3.911131682480906,mild_growth,mild_decline
20151017X04139,3,0,VMC,Daylight,UNK,PIC,<500,2015,10,"HISTORY OF FLIGHTOn October 17, 2015, at 1552 Pacific daylight time, a Piper PA28R-180, N4972J, impacted mountainous terrain near Morongo Valley, California. The private pilot and passenger sustained fatal injuries; the airplane was destroyed. The airplane was registered to and operated by the pilot under the provisions of 14 Code of Federal Regulations (CFR) Part 91. The cross-country personal flight departed Palm Springs International Airport (PSP), Palm Springs, California, at 1513, with a planned destination of Santa Barbara Municipal Airport, Santa Barbara, California. Visual meteorological conditions prevailed at the departure airport, and no flight plan had been filed.

Earlier on the day of the accident, the pilot and passenger flew the airplane from their home base of Santa Barbara to Palm Springs in order to visit a museum. According to friends, the original planned departure time for the flight to Palm Springs was 0900; however, due to weather conditions, they departed just before noon and arrived about 1330. Radar data revealed that the route of the outbound flight was via Santa Paula, Valencia, and Acton, then across the east-west mountain range of the Angeles National Forest, across the Los Angeles Basin, and through the Banning Pass to Palm Springs.

For the return trip, the pilot requested visual flight rules (VFR) flight following from the clearance delivery controller at Palm Springs and reported that his route of flight back to Santa Barbara would be along a northern route via Palmdale. He initially requested an altitude of 7,500 ft mean sea level (msl) and then immediately corrected himself, requesting 5,500 ft msl. The controller responded, telling the pilot to squawk VFR and to expect a northbound departure with an unrestricted climb.

Radar and audio data provided by the Federal Aviation Administration (FAA) captured the entire flight sequence, beginning with the departure from runway 31R at PSP.

Following takeoff, the airplane began a climb to the north, and, about 6 minutes later, the pilot initiated radio contact with Southern California Terminal Radar Approach Control, stating that he was 6 miles northeast of Palm Springs. He requested VFR flight following to Santa Barbara and, during the exchange, stated, ""It looks like we might have to get up to 9,000 ft with the clouds."" The air traffic controller responded, providing the pilot with a squawk code, altimeter setting, and instructions to maintain VFR at an altitude at the pilot's discretion. The pilot confirmed the instructions, and, a short time later, the controller responded that he had obtained radar contact with the airplane. The airplane continued to climb, and, about 4 minutes later, after it reached an altitude of about 5,200 ft msl, the controller communicated, ""just to be clear you do have the terrain in sight to your left, right?"" The pilot responded in the affirmative and added that he was going to perform a 360° turn to gain altitude. The controller responded, ""Ok, just wanted to make sure we are on the same page."" The controller then transmitted, ""Are you guessing you are going to wind up north of Big Bear or do you think you're going to be able to get up through the Banning Pass, is that what your intents are?"" The pilot responded, ""I'm going to try to go through San Bernardino and out to the desert then out by General Fox."" The airplane then began a left 270° turn, rolling out on a northeast heading by which time it had reached an altitude of 7,000 ft msl.

Over the next 14 minutes, the airplane conducted a series of 6 climbing 360° turns, eventually rolling out on a west heading, at an altitude of 10,800 ft msl. By that time, the airplane was about 14 miles east of, and heading directly toward, the 11,500 ft peak of San Gorgonio Mountain. The pilot reported that he was now travelling west, and the controller transmitted, ""So you're going to go north side of the peak then, there, correct?"" The pilot reported, ""Um, say agai

The non-instrument rated private pilot and his passenger completed a cross-country flight from their home base to another airport in the airplane earlier that day. They delayed their initial planned departure time for that flight due to weather concerns, ultimately arriving 3 hours later than planned. During that flight, they flew over a high mountain range and through a mountain pass.

For the return (accident) flight a few hours later, the weather had deteriorated, resulting in low ceilings along the original route (including in the pass), with high cloud tops and rapidly building cloud formations west and north of the departure airport in the intended direction of the return flight. However, there is no record that the pilot obtained weather information before departing on the return flight.

While on the ground, the pilot reported to air traffic control that he was planning to take a ""northern route,"" which would have taken them around the north side of the east-west mountain range that they had crossed on the inbound leg. Shortly after takeoff, the pilot reported to air traffic control that, due to clouds, he would need to climb to an altitude of 9,000 ft mean sea level (msl), which was almost twice as high as originally requested. The request was most likely because, once airborne, the pilot could see the full extent of the building cloud formations to the north along his route, as well as the formations building just west of the departure airport.

As the flight proceeded, the air traffic controller began the first of what would become a series of warnings to the pilot about mountainous terrain. The pilot responded that he was aware of the terrain. He then began a series of six climbing 360° turns, rolling out on a west heading directly toward, and about 700 ft lower than, the mountain peak. The controller warned the pilot of the peak several times, and the pilot responded, sounding confused, stating that he was still climbing.

Now cruising at an altitude of about 11,000 ft msl, the airplane's climb capabilities had diminished. Furthermore, the pilot did not appear to be flying the airplane at a speed that would have resulted in optimal climb performance. The airplane continued heading west, now no longer climbing and most likely just above the cloud tops. With high and ominous-looking cloud formations now building to the left and right of the flight track, the pilot most likely opted to continue on his homeward westerly track, while attempting to climb over the terrain and clouds ahead.

The airplane then suddenly reversed course and rapidly descended. It then transitioned to a fast spiraling descent, and, when challenged by the controller as to whether he had the terrain in sight, the pilot exclaimed, ""Negative! Negative!"" The turn rate increased as the airplane descended to about 7,500 ft msl and then impacted mountainous terrain just below the cloud bases. Examination of the accident site indicated that the airplane struck the ground in a wings-level attitude at a high forward speed. Damage patterns indicated that the engine was producing power at impact.

It is likely that, unable to outclimb the terrain and the cloud tops, the airplane entered the clouds and thus instrument meteorological conditions during the final portion of the flight, and the pilot then experienced spatial disorientation and lost control of the airplane, which resulted in the rapid descent. Additionally, prior to the descent into clouds, he was flying almost directly towards the sun, which could have been a further distraction and additional source of stress.

Many of the 71-year-old pilot's medical conditions, including hypertension, low testosterone, Barrett's esophagus, chronic obstructive pulmonary disease, deafness, chronic neck pain, vitamin D deficiency, and prediabetes, were unlikely to cause acute symptoms or be chronically impairing. Similarly, his blood pressure medication, cholesterol medication, testosterone, and pr

The non-instrument rated pilot's improper inflight decision-making to attempt to outclimb clouds along his planned route rather than reverse course, which resulted in his inadvertent entry into instrument meteorological conditions, spatial disorientation, and a resultant loss of control. The pilot's preexisting medical conditions and his use of impairing medications contributed to his degraded performance.",PIPER,PA 28R-180,71.0,Personnel issues-Experience/knowledge-Experience/qualifications-Total instrument experience-Pilot - C,Enroute-cruise Loss of visual reference,0.7158913374511355,-9.836065573770503,611140.0,1.65,stable,strong_decline,-8.034362215956936,-2.745367192862047,strong_decline,mild_decline
20090712X93925,2,0,VMC,Daylight,UNK,PIC,<500,2009,7,"HISTORY OF FLIGHT

On July 10, 2009, about 1927 eastern daylight time, an Ayres Corporation S2R-T34, N357CA, registered to Craft Air Services LLC, operated by Craft Air Service, Inc., crashed in a cornfield near Craig Craft Airport (86NC), Hertford, North Carolina. Visual meteorological conditions prevailed at the time and no flight plan was filed for the 14 Code of Federal Regulations (CFR) Part 91 other work use flight. The airplane sustained substantial damage and the certificated commercial pilot was killed. The flight originated from 86NC about 1907.

The founder and chief pilot of Craft Air Services LLC (chief pilot) flew the accident airplane earlier that day for approximately 14 minutes, and performed spray passes applying water. The only discrepancy he noted was related to the spray nozzles, which were adjusted after the flight.

This was the pilot's first flight in a turbine powered Ayres airplane. Before the accident flight departed, the pilot filled the left fuel tank with Jet A, and added 225 gallons of water to the hopper tank. A witness reported the departure appeared normal and the accident pilot proceeded to make a spray pass over a cornfield located adjacent to the runway. The pilot then proceeded across the street to a large open area without nearby obstructions, and was observed making practice spray runs.

The chief pilot, who was airborne in another airplane spraying chemical near the approach end of the runway at 86NC, noticed the accident pilot returning to 86NC, and asked the pilot if he was landing. The accident pilot responded that he wanted to go back and make a few more passes.

Another individual who heard the accident pilot state he wanted to make a few more passes to, ""get the [feel] of the plane some more"" heard the pilot perform 2 or 3 more passes which during the propeller sound during the pull-up and turn maneuver was consistent. During the last pull-up and turn maneuver, the sound from the propeller was not the same at the end of the procedure. He reported typically during a pull-up and turn, the sound starts low then gets louder and at a higher pitch then ends the same way it started. During the last pull-up maneuver the sound ""started low got louder and at a high pitch, like always, but it seemed to stay that way just a moment too long and then I heard one solid lick!"" The witness ran to the center of the runway and looked for the crashed airplane but did not see it. He ran to a radio and called for the accident pilot but there was no response. The witness called on the radio to the chief pilot asking him to fly in the area to check on the accident pilot and about 20 to 30 seconds later the chief pilot radioed him to call 911, which he did. The chief pilot landed and both drove in a vehicle near the crash site.

The chief pilot reported that he noted what appeared to be a whisp of rising smoke and simultaneously heard a ground crewmember calling on the radio to the accident pilot, but there was no response. The chief pilot flew his airplane towards the area of the smoke and noted the airplane was inverted in a cornfield.

PERSONNEL INFORMATION

The pilot, age 37, held airline transport pilot, commercial, and certified flight instructor certificates. The airline transport pilot certificate was endorsed with airplane multi-engine land rating, the commercial pilot certificate was endorsed with airplane single engine land, and the certified flight instructor certificate was endorsed with airplane single engine rating. He held a second class medical certificate issued January 27, 2009, with no medical restrictions or limitations. He listed having 10,800 hours total flight time on the application for his last medical certificate. The brother of the pilot estimated his total time was 14,000 hours, and reported he was familiar with flying an airplane equipped with a PT6 engine because he had flown a Cessna 208 (Caravan) airplane. The NTSB Pilot/Operator Aircraft Accident/Inciden

During the pilot's first flight in the accident make and model airplane, he performed multiple spray passes simulating spray application. Most of the spray passes were consistent in terms of heading, altitude, etc., as recorded by the on-board global positioning system (GPS) receiver. The chief pilot, who was flying another company airplane at the time of the accident, noticed the accident pilot returning to the home base and asked him if he was landing. The accident pilot responded that he wanted to go back and make a few more passes. Readout of the GPS receiver revealed that during the last 22 seconds of flight, the heading remained nearly constant at 030 degrees, the altitude decreased to an adjusted value of 48 feet above ground level, and the groundspeed increased to the last recorded value of approximately 152 mph. A witness familiar with agricultural spray operations reported hearing a normal propeller sound during the last 2 to 3 spray passes; however, during the last pull-up and turn maneuver, the witness stated that the sound from the propeller was not the same at the end of the procedure as it had been previously. He reported that it started low and then became louder and at a higher pitch that seemed to remain elevated a moment too long before he heard the sound of the impact. The airplane came to rest inverted in a corn field approximately 1220 feet and 223 degrees from the last recorded GPS data point, though no determination could be made as to what maneuver(s) was or were performed during the last portion of the flight. No swath thru the corn was noted and there was no evidence of forward energy displacement on the ground. Inspection of the airplane revealed extensive damage to the left wing, consistent with ground contact first. There was no evidence of preimpact failure or malfunction to the flight controls, engine, or propeller. At the time of impact, all propeller blades were in the normal operating range.

Although the airplane was equipped with a Pratt and Whitney PT6A-27 model engine, which was not called for in the  airplane type certificate, the airplane had been flown in that configuration since March 1992. The PT6A-27 is an approved engine for a S2R-T15 airframe, which according to the engineering manager for the airplane type certificate holder, is nearly identical to the accident airframe and as such would not result in any unusual flight characteristics. Recent work to the airplane within the last month consisted of reinstallation of the power section and a new propeller. The removal of the propeller 11 days before the accident was to replace the spinner dome; the propeller was reinstalled 4 days before the accident. Earlier on the day of the accident the airplane was flown by the chief pilot of the operator for approximately 14 minutes. The only reported discrepancy related to the flight was associated with the agricultural spray nozzles.

The in-flight collision with terrain for undetermined reasons.",AYRES CORPORATION,S2R-T34,37.0,Not determined-Not determined-(general)-(general)-Unknown/Not determined - C,Maneuvering Collision with terr/obj (non-CFIT),-1.438590829820252,9.195402298850563,574203.0,1.9,mild_decline,strong_growth,5.409454686339843,7.20396776193426,strong_growth,strong_growth
20181013X10104,3,0,VMC,Daylight,UNK,PIC,500-2000,2018,10,"HISTORY OF FLIGHTOn October 12, 2018, about 1608 central daylight time (CDT), a Piper PA-32RT-300, N221MC, was destroyed when it was involved in an accident near Poolville, Texas. The pilot and passenger were fatally injured. The airplane was operated as a Title 14 Code of Federal Regulations Part 91 personal flight. Marginal visual meteorological conditions prevailed for the flight.

The flight originated from the Sierra Blanca Regional Airport (SRR), Ruidoso, New Mexico, about 1325 CDT and was destined for Hicks Airfield (T67), Fort Worth, Texas. Automatic dependent surveillance-broadcast (ADS-B) data from the Federal Aviation Administration (FAA) and GPS data from the airplane's Garmin 696 GPS receiver showed that the airplane was on a straight ground track and at a cruise altitude between about 8,500 and 9,500 ft mean sea level (msl) for most of the flight. About 1605 the airplane began descending from 9,000 ft msl. During the next 2 minutes, the airplane remained on a straight ground track at an average descent rate of 700 ft per minute. The airplane then entered a descending right turn with a decreasing radius, as shown in the figure; the radius of the turn was initially about 4,000 ft, which decreased during the next minute to about 1,000 ft in the final 1 second of data. Also, as the airplane continued to turn, the descent rate increased; the average rate of descent for the final 10 seconds of the recorded ADS-B data was about 12,900 ft per minute. The final recorded ADS-B data point was located about 900 ft west of the main wreckage location at an altitude of 4,350 ft msl. The accident site was located about 24 nautical miles west of T67.





Figure. GPS data showing the final portion of the accident flight. PERSONNEL INFORMATIONA review of the pilot's logbook indicated that he had 2.3 hours of actual instrument flight experience and 43 hours of simulated instrument flight experience. Between June 8, 2018, and the last entry dated September 28, 2018, the pilot logged 0.2 hour of actual instrument flight and no simulated instrument flight. METEOROLOGICAL INFORMATIONThe weather observations surrounding the accident site indicated marginal visual flight rules conditions with ceilings overcast from 2,500 to 3,000 ft above ground level (agl). Several airport weather stations immediately north and north-northeast of the accident site reported instrument flight rules (IFR) conditions to low IFR conditions at the time of the accident. No breaks in the overcast layer of clouds were reported surrounding the time of the accident. Satellite imagery indicated the presence of nimbostratus-type clouds over the accident area, with cloud tops near 19,000 ft over the accident site. There was no record of any preflight weather briefings or flight plan being filed by the accident pilot.

The recorded weather conditions at SRR about the departure time included clear skies and 10 miles of visibility, but weather observations along the route of flight indicated that the conditions deteriorated as the flight progressed.

There was no record of the pilot receiving any preflight weather briefings or filing a flight plan. WRECKAGE AND IMPACT INFORMATIONThe airplane wreckage was distributed in a northeast direction for about 3,600 ft. The main wreckage consisted of most of the fuselage, the inboard right wing, and the airplane's engine. The elevation at the main wreckage location was about 1,250 ft msl. The left wing was found about 500 ft and 320° from the main wreckage. The airplane's left fiberglass wing tip was located about 3,500 ft and 58° from the main wreckage. Various other airplane parts were found distributed in a triangle-shaped pattern formed by the location of the main wreckage, the left wing, and the left wing tip. Additional debris determined to be items from within the airplane came to rest about 6,500 ft and 62° from the main wreckage.

The right side of the horizontal stabilator failed in downward bending, and t

The pilot and passenger departed on the cross-county flight in visual meteorological conditions. Automatic dependent surveillance-broadcast (ADS-B) and GPS data indicated that, after takeoff, the airplane proceeded east and that, for most of the flight, flew at altitudes that were between 8,500 and 9,500 ft mean sea level (msl). However, as the flight progressed, the weather conditions deteriorated. Toward the end of the flight, the airplane began descending from 9,000 ft msl at a descent rate of about 700 ft per minute. The airplane then entered a descending right turn with a decreasing radius before the ADS-B and GPS data ended. The radius of the turn was initially about 4,000 ft and decreased during the next minute to about 1,000 ft by the final 1 second of the data. As the airplane continued to turn, the descent rate increased; the average rate of descent of the airplane for the final 10 seconds of the recorded ADS-B data was about 12,900 ft per minute. 

The airplane wreckage was distributed over a large area with airframe parts located 3,600 ft from the main wreckage location and lighter-weight items from within the airplane located more than 1 mile away. The wreckage distribution indicated that the airplane broke apart during flight and before contacting the ground. Examination of the airframe and engine revealed no anomalies consistent with a prebreakup failure or malfunction. 

Weather data indicated that marginal visual flight rules conditions prevailed across the area with ceilings overcast from 2,500 to 3,000 ft agl. Several weather stations immediately north and north-northeast of the accident site reported instrument flight rules (IFR) conditions to low IFR conditions, indicating ceilings of less than 1,000 ft agl and/or visibilities of less than 3 miles. No breaks in the overcast layer of clouds were reported surrounding the time of the accident, so the pilot's visual flight into IMC would have been conducive to the development of spatial disorientation. 

The pilot held an instrument rating, but a review of his flight logbook revealed that he had logged a total of only 2.3 hours of actual instrument flight experience, including 0.2 hour during the 3 months preceding the accident. As a result, the pilot did not likely possess the experience or recency to adequately control the airplane through the use of the instruments in IFR conditions.  Thus, it is likely that the pilot experienced spatial disorientation during an encounter with IMC, which progressed into a graveyard spiral (as indicated by the tightening of the turn) and a subsequent loss of control.

The pilot's loss of airplane control as a result of spatial disorientation and the exceedance of the structural capabilities of the airplane. Contributing to the accident was the pilot's limited experience in instrument conditions.",Piper,PA32RT,44.0,Personnel issues-Psychological-Perception/orientation/illusion-Spatial disorientation-Pilot - C,Enroute-descent Loss of control in flight,0.35793510234900516,6.818181818181812,727026.0,2.35,stable,strong_growth,-2.4200670952093883,-5.0131024267973,mild_decline,strong_decline
20180610X42028,4,0,IMC,Daylight,UNK,PIC,<500,2018,6,"HISTORY OF FLIGHTOn June 10, 2018, at 1201 central daylight time, a Cessna T182T airplane, N1880B, was destroyed during a collision with trees and terrain about 3/4 mile north-northwest of the Monroe Municipal Airport (EFT), Monroe, Wisconsin.  The pilot and three passengers were fatally injured.  The airplane was registered to and operated by the pilot as a Title 14 Code of Federal Regulations Part 91 personal flight. Day instrument meteorological conditions prevailed. The flight was operated on an instrument flight rules flight plan. The flight originated from the Kenosha Regional Airport (ENW) about 1126 and was destined for EFT.

Federal Aviation Administration (FAA) air traffic control (ATC) radar position and communications data revealed that, after departing from ENW, the airplane proceeded westbound en route to EFT at a cruising altitude of 4,000 ft mean sea level (msl).  The pilot requested the RNAV (GPS) Rwy 30 approach at EFT.  She initially inquired about being cleared to the Davis initial approach fix (IAF).  However, the controller suggested proceeding to GENZU due to weather southeast of Janesville.  At 1139, the pilot was cleared to the GENZU initial approach fix on the RNAV (GPS) Rwy 30 approach into EFT.  At 1150, the pilot was instructed to cross GENZU at 3,000 ft and was cleared for the approach.  The airplane began a descent from 4,000 ft and subsequently leveled at 3,000 ft about 2 minutes later.  At 1154, the airplane passed the GENZU initial approach fix and turned to the south-southeast along the published GPS Rwy 30 approach transition.

The pilot informed the controller that she would like to proceed to the Rockford International Airport (RFD) in the event of a missed approach.  However, she later advised the controller that she wanted to go back to ENW.  The controller provided alternate missed approach instructions: fly heading 090° and climb and maintain 4,000 ft.  At 1155, the controller authorized the pilot to change to the airport common traffic advisory frequency and the pilot acknowledged.  No further communications were received from the pilot.  At 1156, the airplane passed the XOTIY intermediate approach fix and turned to the west-northwest inbound to runway 30.  At 1159, the airplane passed the ZEBRU final approach fix at 2,700 ft.  The final radar data point was recorded at 1201:06.  The airplane was 1.90 nautical miles southeast of the runway 30 approach threshold at 1,700 ft.  Radar contact was lost consistent with coverage limitations and was not regained.

A witness reported that she was at home when she heard the airplane.  It sounded similar to an airplane performing aerobatic maneuvers, with a loud, high-pitched sound.  She subsequently looked out of her kitchen window and observed a ""fireball"" through an opening in the tree line behind her home.  She then heard a loud ""boom"" and saw thick black smoke rising above the trees.

The accident site was located in a wooded ravine about 1/2 mile north of the runway 30 departure threshold. PERSONNEL INFORMATIONThree pilot logbooks provided to the National Transportation Safety Board by a family representative for review were current to September 21, 2014.  The family representative reported that the pilot had moved to a computer-based logbook after that point and he did not know where that data was stored.  The pilot's total flight time after the final entry in the third logbook was 4,348.5 hours.  The pilot had logged about 110 hours in Cessna 152 airplanes, about 385 hours in Cessna 172 airplanes, about 919 hours in Cessna 182 airplanes, about 1,625 hours in Cessna 206 airplanes, and about 1,300 hours in Cessna T206 airplanes.  The logged actual and simulated instrument flight times totaled 491 and 85 hours, respectively.

On the most recent medical certificate application, dated June 2017, the pilot reported a total flight time of 4,480 hours with no flight time in the preceding 6 months.  However, on the previous medical cert

The commercial pilot was conducting a personal, cross-country flight.  Upon arrival at the destination airport, air traffic control (ATC) cleared the pilot for a GPS approach.  The controller instructed the pilot to change to the airport common traffic advisory frequency after passing the initial approach fix.  The pilot acknowledged, after which point no further communications were received.  The available ATC data depicted the airplane tracking the final approach course until radar contact was lost less than 2 miles from the runway due to routine radar coverage limitations.  Radar contact with the airplane was not regained.  Low instrument meteorological conditions prevailed, and the cloud ceiling was below the minimum descent altitude for the approach.  

A witness heard the airplane immediately before the accident and described the sound as similar to an airplane performing aerobatic maneuvers.  She subsequently observed a ""fireball"" through an opening in the tree line behind her home and immediately heard an explosion.  The accident site was located about 1/2 mile north of the runway departure threshold.  

Postaccident airframe and engine examinations did not reveal any anomalies consistent with a preimpact failure or malfunction.

The investigation was unable to determine whether the autopilot was engaged during the flight.  However, the precise flight track and course intercepts depicted by the position data are consistent with extended portions of the flight, including the initial portion of the approach, being flown by the autopilot.  While the published missed approach procedure included a left turn, the location of the accident site in relation to the runway indicated that a right turn was executed during the missed approach.  This revealed that the pilot was not using the course guidance from the autopilot and was either using the autopilot in heading mode or was flying the airplane manually.  Based on the witness description of an airplane performing aerobatics, it is likely that the pilot was flying the airplane manually.

Furthermore, it is probable that the airplane remained in instrument meteorological conditions during the approach and missed approach phases of the flight.  Therefore, it is likely that the pilot became spatially disoriented during the missed approach which resulted in a loss of airplane control and impact with the trees and terrain.

Spatial disorientation resulting in a loss of control during the missed approach conducted in instrument meteorological conditions.  Contributing to the accident was the pilot's decision to execute an instrument approach in weather conditions that were below the approach minimums.",CESSNA,T182T,81.0,Personnel issues-Psychological-Perception/orientation/illusion-Spatial disorientation-Pilot - C,Approach-IFR missed approach Loss of control in flight,1.245551601423478,12.755102040816336,718078.0,2.21,mild_growth,strong_growth,12.274310465061532,2.869912961656085,strong_growth,mild_growth
20090715X15408,3,0,VMC,Daylight,UNK,PIC,5000+,2009,7,"HISTORY OF FLIGHT

On July 14, 2009, about 0930 Alaska daylight time, a float-equipped amateur built Zenair STOL CH701 airplane, N701BX, was destroyed during impact with terrain and a postcrash fire, following an uncontrolled descent during takeoff/initial climb from Kalmbach Lake, about 5 miles northwest of Wasilla, Alaska. The airplane was being operated by the pilot as a visual flight rules (VFR) local flight under Title 14, CFR Part 91, when the accident occurred. The airline transport pilot and pilot-rated passenger received fatal injuries. Visual meteorological conditions prevailed, and no flight plan was filed.

An on-site examination of the wreckage was made by the National Transportation Safety Board (NTSB) investigator-in-charge (IIC) on July 14. During the examination it was discovered that the passenger was an FAA inspector from Oklahoma City, Oklahoma, giving the pilot, who was an FAA designated pilot examiner (DPE), an annual proficiency checkride which was required to maintain his certification as a DPE.

A witness at the site told the NTSB IIC that she had left her residence en route to town, and came upon the burning wreckage in the middle of the road leading to her residence. She returned to her residence and called 911.

Another witness said he was familiar with the airplane, and had watched part of the accident takeoff. He said the airplane took an unusually long time to become airborne, but disappeared from his view prior to reaching the end of the lake.

There were no witnesses to the actual impact.

INJURY TO PERSONS

Both the pilot and sole passenger were killed in the accident.

DAMAGE TO AIRCRAFT

The airplane was destroyed by impact with terrain and a postcrash fire.

PERSONNEL INFORMATION

The 72 year old pilot held an airline transport certificate with multi-engine land, and single-engine land and sea ratings. He also held a flight instructor certificate, flight engineer certificate, ground instructor certificate, and repairman experimental aircraft builder certificate. His most recent second-class medical certificate was issued on June 6, 2008, and contained a limitation for corrective lenses.

No personal flight log books were discovered for the pilot. According to an application for an FAA medical certificate dated June 6, 2006, the pilot had 27,200 hours of flying experience. 

AIRCRAFT INFORMATION

The accident airplane was an experimental amateur built, Zenair STOL CH 701/A. The airplane was originally completed and registered in 1990. 

The airplane was maintained by the pilot who held a repairman certificate for experimental amateur built aircraft. The last entry in the airplane's maintenance logbook was made on June 12, 2009, and indicated an overhauled engine had been installed, and that the airplane was safe for flight. The logbook entry also indicated that the total time on the airplane since manufacture was 529 hours. Additional logbook entries indicated that the airplane had been placed on floats September 19, 2006, and a weight and balance calculation was completed at that time.

METEOROLOGICAL INFORMATION

The closest weather reporting station was the automated weather station at Wasilla Airport, Wasilla, about 3 miles west of the accident location. The automated weather observation at 0956 ADT reported the wind as calm, visibility 10 statute miles, ceiling 2,500 feet overcast, altimeter 30.16 inches of mercury, temperature 57 degrees F, and dew point 53 degrees F.  

COMMUNICATIONS

There were no known communications with the airplane.

WRECKAGE AND IMPACT INFORMATION

On July 14, 2009, the NTSB IIC, along with an FAA air safety inspector from the Anchorage Flight Standards District Office (FSDO), traveled to the accident site, and examined the wreckage.

The accident site was in the center of a dirt road, with steep banks and trees on both sides of the road. The impact area was about 300 feet from the southwest end of the departure lake.

The commercial pilot and the pilot-rated passenger, a Federal Aviation Administration (FAA) inspector, were on a local flight in the pilots float-equipped experimental light sport airplane. The pilot was a light sport designated pilot examiner (DPE) and the purpose of the flight was for the FAA inspector to administer a recurring DPE flight proficiency flight check of the pilot. The airplane departed from a lake near the pilots residence and crashed on the lakes perimeter road. A postcrash fire consumed the majority of the passenger cabin and the inboard portions of each wing. Impact damage was consistent with a near-vertical descent. The composite propeller was burned, however pieces of the propeller had fractured on impact and were found away from the wreckage, indicative of the engine producing power when it crashed. No evidence of any preimpact mechanical anomaly was discovered. A witness living on the lakeshore said the airplane was usually airborne when it passed his house, but on this departure the airplane was still on the water when it passed, and continued out of sight. There was a stand of trees, high brush, and a hill at the departure end of the lake, separating it from the road. There was no evidence that the airplane impacted the trees or the bank. The airplane's weight and balance was calculated using the pilots and passenger's weights noted on their FAA medical certificates, 7.5 gallons of fuel predicated on a one-hour flight and 30-minute reserve, and zero baggage weight. The airplane's empty weight, gross weight, and center of gravity (CG) limitations were derived from the accident airplane's maintenance logbooks. The engines fuel consumption was estimated from the engine manufacturer's specifications. Baggage weight used was zero, although remnants of fishing gear and other personal items were found in the burnt wreckage, and a survival kit as required by regulation. The airplane's estimated gross weight was 36 lbs over its maximum gross weight, and the center of gravity was near the forward CG limit. Witness statements and evidence suggest that the fire burned intensely for 30-40 minutes. A witness stated that the pilot and passenger were planning to take the airplane fishing after the flight check, which would have required an additional 1.5 hours flight time and additional fuel. It is likely the airplane had more than the minimal 7.5 gallons of fuel onboard used for the weight and balance calculation (it had a 27 gallon capacity), and probably had fishing and survival equipment as well, adding to its already over gross weight. The fact that the airplane took longer to become airborne than usual, and its over gross weight, suggest that the airplane was near the lakes shoreline and close to rising terrain when it finally became airborne, requiring a steep climb attitude. The lack of evidence of any mechanical problems along with the airplanes near vertical descent is consistent with a loss of control due to an aerodynamic stall shortly after liftoff.

The pilot's failure to maintain sufficient airspeed to avoid an aerodynamic stall during takeoff and his decision to fly the airplane over its allowable gross weight. Contributing to the accident was the airplane's excessive gross weight.",ZENAIR LTD,STOL CH 701,72.0,Aircraft-Aircraft oper/perf/capability-Performance/control parameters-Airspeed-Not attained/maintained - C,Initial climb Loss of control in flight,-1.438590829820252,9.195402298850563,574203.0,1.9,mild_decline,strong_growth,5.409454686339843,7.20396776193426,strong_growth,strong_growth
20090724X05537,4,0,VMC,Night,UNK,PIC,<500,2009,7,"HISTORY OF FLIGHT

On July 23, 2009, at 2226 eastern daylight time, a Robinson R44 helicopter, N7189W, was substantially damaged when it struck a guy-wire and impacted the ground while in cruise flight near Boonsboro, Maryland. The certificated commercial pilot and three passengers were killed. Night visual meteorological conditions prevailed and no flight plan had been filed for the Title 14 Code of Federal Regulations Part 91 business flight. The flight originated from Hagerstown Regional Airport (HGR), Hagerstown, Maryland, and was en route to Frederick Municipal Airport (FDK), Frederick, Maryland, when the accident occurred. 

The helicopter was based at FDK and maintained by Advanced Helicopter Concepts (AHC), an operator of five Robinson R22 helicopters. The helicopter was privately owned by a trustee of Advanced Helicopter Youth Foundation, a non-profit charity founded by the President of AHC. 

According to witnesses, on the day of the accident, the helicopter flew from FDK to HGR, to transport a Director of Advanced Helicopter Youth Foundation, and another passenger to a business association meeting. In addition, the pilot was scheduled to give rides in the helicopter, in conjunction with that meeting. The pilot and the third passenger were employees of AHC. The helicopter arrived at HGR at approximately 1812. It was originally scheduled to arrive at 1630, but was delayed due to weather. The pilot then gave rides in the helicopter, until about 2000. The rides consisted of a flight around the traffic pattern and lasted less than 5 minutes each.

After the business meeting and the rides, the pilot and passengers boarded the helicopter; however, it was shut-down shortly thereafter and the occupants returned to the terminal. An airport employee reported that one of the passengers stated that the weather was ""pretty bad"" and that the pilot thought they would be delayed about 1 hour. At approximately 2100, the pilot called an employee of AHC, to ask about the weather conditions for the return flight to FDK. The employee lived about 4 miles from FDK, near the base of South Mountain, and informed the pilot that the weather conditions were ""miserable"" with severe thunderstorms in the area. He offered to drive in his car to HGR to return the occupants to FDK; however, the pilot stated they would ""wait out"" the weather. The pilot called back ""sometime between 2200 and 2215,"" to again ask about the weather conditions. The employee told the pilot that the rain had stopped; however, it was still foggy, and windy with lightning in the area. He again offered to drive to HGR, and the pilot stated that he would wait for the weather conditions to improve. He also mentioned that a wife of one of the passengers owned a minivan, and could pick them up if needed. 

It was estimated that the helicopter departed HGR about 2215. The HGR air traffic control tower closed at 2200, and there were no known communications with the helicopter.

A witness, driving east on Interstate 70 (I-70), stated that he observed the helicopter pass over his right side. It was a ""dark night,"" and there was fog present about 50 feet above the roadway surface. The helicopter appeared to fly into ""low clouds,"" turned around, and was heading back toward the west, when it contacted power lines just as his car passed under them. The helicopter impacted the ground and ""burst into flames.""

Another witness, driving on I-70, reported that the helicopter was flying parallel with the interstate, and ""seemed to be getting lower."" It then disappeared from view, which was followed by ""sparks in the sky."" He then observed the helicopter descend toward the roadway.

PERSONNEL INFORMATION

The pilot, age 24, was hired by AHC in January 2009. He held a flight instructor certificate, with ratings for rotorcraft and instrument helicopter. He also held a commercial pilot certificate, with ratings for airplane single-engine land, rotorcraft, instrument airplane, and i

The helicopter arrived at Hagerstown Regional Airport, Hagerstown, Maryland, from Frederick Municipal Airport (FDK), Frederick, Maryland, about 1815, which was almost 2 hours later than scheduled, because of adverse weather. About 2000, the pilot and three passengers boarded the helicopter for the return flight to FDK; however, they subsequently returned to the airport terminal because of poor weather conditions. 

According to witnesses at the airport, the pilot checked the weather while at the terminal several times. Further, he called a fellow employee of Advanced Helicopter Concepts (the operator of the helicopter), who lived about 4 miles from FDK, twice to ask about weather conditions at the airport. About 2100, the employee informed the pilot that the weather conditions were miserable with severe thunderstorms in the area. Sometime between 2200 and 2215, the employee told the pilot that the rain had stopped; however, he stated that it was still foggy and windy with lightning in the area. On both occasions, the employee offered to drive the helicopter occupants back to FDK; however, the pilot declined the offers. 

A 2210 weather observation taken at FDK, located about 15 miles southeast of the accident site at an elevation of 303 feet above mean sea level (msl), indicated the following: visibility of 10 statute miles, thunderstorms and light intensity rain, and scattered clouds at 800 and 8,000 feet. A witness on the ground near the accident site reported that it was a dark night (civil twilight ended at 2101, and only 4 percent of the moons visible disk was illuminated) and that fog was present about 50 feet above the roadway surface. Given that the helicopter was only certified to be operated under visual flight rules, the pilot exercised poor judgment when he chose to fly back to FDK in dark night and adverse weather conditions. 

The helicopter took off about 2215 and was flying over an interstate highway toward FDK when it entered an area of reduced visibility. The helicopter subsequently struck an unmarked, steel guy-wire that extended perpendicularly over the interstate, near the top of a mountain, and then crashed. During the final 2 minutes of the flight, the helicopter was flying at level flight about 1,100 feet above msl as the terrain elevation rose from about 600 to 1,200 feet above msl. A witness observed the helicopter fly into clouds and reverse direction just before impact. The accident sequence is consistent with controlled flight into an obstacle that the pilot most likely did not see because of the dark night conditions and reduced visibility. 

The helicopter was equipped with a radar altimeter. Further, Robinson Helicopter Safety Notice SN-16 advises pilots to constantly be on alert for power lines because flying into wires, cables, and other objects is by far the number one cause of fatal accidents in helicopters and to always maintain at least 500 feet AGL [above ground level], except during take-off and landing. Safety Notice SN-26 states, Many fatal accidents have occurred at night when the pilot attempted to fly in marginal weather...when it is dark, the pilot cannot see wiresEven when he does see it, he is unable to judge its altitude because there is no horizon for reference.

The pilots improper decision to depart on a visual flight rules (VFR) flight at night in adverse weather conditions in close proximity to rising mountainous terrain in a helicopter that was only certified to be operated under VFR and his subsequent failure to maintain adequate clearance with wires.",ROBINSON HELICOPTER,R44,24.0,Personnel issues-Action/decision-Info processing/decision-Decision making/judgment-Pilot - C,Enroute-cruise VFR encounter with IMC,-1.438590829820252,9.195402298850563,574203.0,1.9,mild_decline,strong_growth,5.409454686339843,7.20396776193426,strong_growth,strong_growth
20180602X62747,2,0,VMC,Daylight,UNK,PIC,2000-5000,2018,6,"HISTORY OF FLIGHTOn June 2, 2018, about 1338 mountain daylight time, an experimental, amateur-built North Wing Pulse 10M hang glider, N62073, collided with the ground while participating in an airshow at Mountain Home Air Force Base (KMUO), Mountain Home, Idaho. The commercial pilot sustained fatal injuries and the hang glider sustained substantial damage. The hang glider was registered to and operated by the pilot as a Title 14 Code of Federal Regulations Part 91 flight. Visual meteorological conditions prevailed, and no flight plan was filed for the local flight, which departed KMUO about 1332.

The premise of the pilot's airshow routine was a comedy act in which he would simulate inadvertently flying the hang glider into an active airshow, interrupting another airplane that was performing an aerobatic routine. The plan was for the hang glider, which was equipped with smoke canisters and a series of trailing streamers, to be towed past show center while the aerobatic airplane made a series of close passes, eventually cutting the streamers. Throughout the routine, the rehearsed radio interactions between the hang glider pilot, aerobatic pilot, and the show announcer were transmitted over the public address system.

During a typical airshow, the hang glider was launched by a moving tow-launch system composed of a winch trailer pulled by a truck. The truck and trailer then travelled back and forth down the runway spinning out the tow line while the winch operator maintained line tension as the hang glider climbed to the desired altitude (usually 1,500 ft). The pilot typically released the line once the truck had turned around after the third pass. The pilot would then begin to perform a series of gliding maneuvers down to the ground, while the line, which was equipped with a parachute, was rewound back into the winch spool as it descended.

Most of the accident sequence was recorded on a security camera located on the KMUO control tower in the center of the airport, about 2,100 ft south of runway 12/30, and directly across from show center. Footage from the camera was provided by the United States Air Force (USAF).

On the day of the accident, the performance began and progressed uneventfully until the end of the truck and winch trailer's second runway pass. After being given the all-clear by the hang glider pilot, the truck and winch trailer turned around as planned and began to accelerate along runway 12 in anticipation of the pilot releasing the line. (See figure 1.) The winch operator stated that, a few seconds after the turn, he looked up and noticed that the hang glider was about 500 ft below the altitude at which he would typically expect to see it. The hang glider then performed an aggressive turning maneuver (see figure 2) and descended another 500 ft. The winch operator then released the winch pressure to supply the hang glider with more slack and prevent it from being impeded by line tension. The hang glider then entered a climb, rolled to the left, descended, and impacted the ground in a nose-down attitude. (See figures 3 and 4.)





Figure 1. Hang glider (red circle) and tow truck (green circle) beginning the final pass along runway 12





Figure 2. Hang glider performing aggressive turning maneuver





Figure 3. Hang glider rolling left





Figure 4. Hang glider striking the ground

Multiple witnesses recounted a similar sequence of events, stating that the maneuvers after the second pass were completely unconventional and not part of the routine. The airshow coordinator (air boss), who had seen the routine performed many times before, stated that the performance appeared to be going well and the streamers were cut during the second lap as planned. However, during the final turn, the hang glider was a little lower than normal and it performed a sudden circling maneuver, which he described as a ""pinwheel."" He commented to one of the crew that something was not right. The hang g

The hang glider pilot was performing a routine in an airshow that included the hang glider being towed to altitude by a truck-driven winch trailer. The truck and hang glider typically needed to make three passes along the runway in order to gain the altitude required for the routine; however, at the beginning of the third pass, the hang glider appeared to descend and then made an aggressive turning maneuver. The hang glider then stabilized for a few seconds before rolling to a  nose-down attitude and striking the ground.

Postaccident examination did not reveal any anomalies with the airframe or the tow system that would have precluded normal operation.

Multiple witnesses reported seeing at least one dust devil on the airfield about the time of the accident. Review of video footage confirmed the presence of a dust devil about the time of the accident along with evidence of low-level wind shift activity.

A grass fire on the airfield earlier in the day had resulted in the temporary suspension of the airshow. By the time the accident routine had begun, the fire had been extinguished; however, smoldering areas and hot spots were still present and were being monitored by the fire department. All of the criteria for the development of dust devils were present at the time of the accident except for temperatures above 90°F; however, the burn area from the fire would have resulted in locally warmer temperatures in the vicinity of the accident site and increased the likelihood of eddy or vortices in the area of the accident site. Additionally, while the routine was progressing, a military fighter jet was idling on the ramp with its hot exhaust gases facing the runway toward the location of the ground impact. The jet began to taxi during the hang glider routine, and it is possible that the exhaust gases further exacerbated the conditions and created sufficient eddies to trigger a dust devil event.

Based on the available evidence, it is likely that the hang glider encountered dust devil activity while being towed to altitude.

The 62-year-old pilot had been paralyzed from the shoulders down due an accident about 40 years prior. He had accumulated extensive hang gliding experience since then and had performed the airshow routine many times before. However, the pilot had been suffering from arthritis in his left shoulder, which in recent months had resulted in a significant decrease in its range of movement. As such, he was experiencing difficulties getting into the hang glider harness, operating his wheelchair, and performing routine daily tasks, and he had discussed the possibility of retiring at the end of the airshow season. Although the autopsy identified evidence of mild coronary artery disease, there was no evidence he ever had any symptoms of ischemia, and it is unlikely that his heart disease contributed to the accident.

The pilot's recently degraded shoulder function due to arthritis, likely reduced his ability to perform the control inputs required to recover from the dust devil encounter or release the hang gliders airframe parachute.

The hang glider's encounter with a developing vortex or dust devil while maneuvering during an airshow routine, which resulted in a loss of control at an altitude that precluded recovery. Contributing to the accident was the pilot's preexisting and worsening arthritis in his left shoulder, which inhibited his range of motion and resulted in a reduced ability to control and recover the hang glider during the encounter.",NORTH WING,Pulse,62.0,Environmental issues-Conditions/weather/phenomena-Wind-Dust devil/whirlwind-Effect on equipment - C,Maneuvering-low-alt flying Other weather encounter,1.245551601423478,12.755102040816336,718078.0,2.21,mild_growth,strong_growth,12.274310465061532,2.869912961656085,strong_growth,mild_growth
20181013X75622,3,0,VMC,Daylight,UNK,PIC,<500,2018,10,"HISTORY OF FLIGHTOn October 13, 2018, at 1058 eastern daylight time, a Piper PA-34-200T, N593MS, was destroyed when it was involved in an accident near Westhampton Beach, New York. The flight instructor, a private pilot and a passenger were fatally injured. The airplane was operated as a Title 14 Code of Federal Regulations (CFR) Part 91 instructional flight.

The flight instructor departed Waterbury Oxford Airport (OXC), Oxford, Connecticut, and landed at Danbury Municipal Airport (DXR), Danbury, Connecticut, to pick up the private pilot and passenger for the flight to Charleston Executive Airport (JZI), Charleston, South Carolina. Text messages from the flight instructor to another student indicated that the instructor planned to fly back alone after dropping off the private pilot and the passenger. Radar and voice communication information from the Federal Aviation Administration (FAA) showed that the airplane departed DXR around 1025. At 1026:47, the instructor requested visual flight rules (VFR) flight following from the air traffic controller and announced a planned climb to 8,500 ft mean sea level (msl), and an on-course heading of 219°. At 1037:06, the instructor checked in with the controller at 9,200 ft msl, and radar data showed the airplane's ground track still in a southeasterly direction. When queried by the controller, the instructor replied that he was climbing to 11,500 ft msl, and that his heading would be 223°. The airplane's ground track continued southeast.

At 1042:51, the instructor indicated to the controller that he was climbing another 1,000 ft to be ""VFR-on-top,"" but the airplane continued to climb after passing through 12,500 ft msl. At 1045:33, the instructor checked in with the controller at 15,000 ft msl and the controller responded, ""Just be advised that where you are, right at your altitude, I've had numerous reports that it's currently IMC [instrument meteorological conditions],"" and asked the instructor to confirm that the airplane was in visual meteorological conditions (VMC). The instructor responded that they were in VMC and trying to maintain VMC and requested vectors due to an ""unreliable"" attitude indicator. The instructor then added that the airplane was ""in and out of IMC."" At 1046, the controller declared an emergency on behalf of the pilot and attempted to locate VFR conditions.

At 1048:05, the controller advised the instructor to start a left turn to a heading of 300° because VFR conditions were below 10,000 ft msl in that direction. The instructor confirmed the heading; however, radar data indicated that the airplane's ground track continued southeast; the airplane was at an altitude of 16,525 ft msl.

At 1049:47, the controller noted that the airplane was in a slow right turn and queried the instructor, who responded, ""We are maintaining straight and level. We do have the sun above us and we're using the sun as (unintelligible)."" The controller responded, ""3MS, roger, looks like you are in a little bit of a righthand turn. I know you said your attitude indicator was bad. Do you have a turn and slip that you could level off the wings with?"" The instructor responded affirmatively. The controller suggested that the instructor level the wings and advise when ready to make a turn toward the west, and the instructor acknowledged. Radar data indicated that the airplane was climbing through 17,000 ft msl about this time.

At 1051:14, the controller suggested that the instructor commence a standard rate turn either left or right for 1 minute to head toward a nearby airport, and the instructor asked the altitude of the cloud tops. The controller responded that the last report had indicated the cloud tops were about 19,000 ft msl, and the instructor responded that he was going to climb to 19,000 ft msl.

At 1052:23, the instructor reported that the airplane was ""VFR-on-top"" and again requested radar vectors. The controller directed a turn to 300°; however, the instructor did no

The flight instructor picked up the private pilot and passenger for a cross-country flight. The instructor requested visual flight rules (VFR) flight following services from air traffic control (ATC) and indicated a planned climb to 8,500 ft mean sea level (msl); however, the airplane continued to climb past that altitude. During the climb, the instructor indicated to the ATC controller, in separate transmissions, that he was climbing to reach ""VFR on-top,"" that he was experiencing problems with an ""unreliable"" attitude indicator, and that the airplane was ""in and out of IMC [instrument meteorological conditions]."" Based on weather sounding and satellite imagery, it is likely that the airplane was operating in IMC above 4,100 ft.

About 20 minutes after the airplane departed, the controller declared an emergency on behalf of the pilot and provided multiple radar vectors for the airplane to return to visual meteorological conditions (VMC); however, the airplane's radar track showed that the airplane continued climbing to 19,400 ft msl before it entered a series of figure-eight turns followed by a steep, turning descent. A witness stated that the airplane sounded ""as if it were a stunt plane doing spins (pitch changing)"" and then heard a ""pop"" and saw large pieces of the airplane descending from the overcast sky. Examination of the recovered portions of the airplane revealed no evidence of preimpact mechanical anomalies and a wreckage distribution consistent with an in-flight breakup.

Both the instructor and the private pilot had low levels of ethanol in cavity blood but none in vitreous (instructor) or urine (private pilot). The absence of ethanol in the second specimen indicates it is likely the ethanol was not from ingestion and therefore it did not contribute to the accident circumstances. The private pilot also had evidence of use of morphine, an impairing opioid. However, the decision-making on this flight, including the route and response to weather conditions, was most likely performed by the instructor. Therefore, it is unlikely that effects from low levels of morphine in the private pilot contributed to the accident circumstances.

The instructor demonstrated several lapses in judgment associated with conducting the flight. Specifically, the instructor did not appear to recognize the significance of widespread ceilings along his route of flight and planned a cruise altitude that took him into instrument conditions.  The instructor likely did not carry supplemental oxygen onboard the nonpressurized airplane and continued to climb the airplane to altitudes that required the use of oxygen; without oxygen he risked becoming susceptible to the effects of hypoxia. Further, another pilot who had flown the accident airplane before the accident flight stated that the airplane had a known problem with the directional gyro, yet the instructor flew the airplane in instrument conditions; based on the instructor's failure to follow the controllers' directional instructions, it is likely the directional gyro was still not working. Lastly, review of the instructor's logbook and an interview with another flight instructor indicated that the instructor was likely not instrument current, so his ability to safely maneuver the airplane in the clouds that were prevalent during the flight would have been negatively impacted by the broken gyro and his lack of currency.

In summary, the instructor's decision to continue the flight in instrument conditions with a known flight instrument anomaly greatly increased his workload and likely resulted in his eventual loss of airplane control due to spatial disorientation. The rapidly descending turn (graveyard spiral) depicted on radar and the in-flight breakup due to overstress during the ensuing uncontrolled descent were consistent with the known effects of spatial disorientation. Further, the airplane had been operating above 16,000 ft msl for more than 10 minutes at the time of the upset;

The instructor's decision to conduct and continue a visual flight rules flight into instrument meteorological conditions with a known flight instrument anomaly, which resulted in spatial disorientation, causing a loss of airplane control and subsequent in-flight breakup. Contributing to the accident were the instructor's lack of recent instrument flight experience and degraded airplane control and decision-making due to hypoxia.",Piper,PA34,47.0,Environmental issues-Conditions/weather/phenomena-Ceiling/visibility/precip-Below VFR minima-Decision related to condition - C,Enroute Loss of visual reference,0.35793510234900516,6.818181818181812,727026.0,2.35,stable,strong_growth,-2.4200670952093883,-5.0131024267973,mild_decline,strong_decline
20140627X84708,2,0,VMC,Daylight,UNK,PIC,<500,2014,6,"HISTORY OF FLIGHT
On June 27, 2014, about 0940 eastern daylight time, a Cessna 182Q, N182PE, was substantially damaged during a forced landing near Littleton, North Carolina. The commercial pilot was fatally injured. Visual meteorological conditions prevailed and an instrument flight rules flight plan was filed for the flight, which departed from Sabot Airport (1VA0), Sabot, Virginia, at 0848, and was destined for Rocky Mount-Wilson Regional Airport (RWI), Rocky Mount, North Carolina. The personal flight was conducted under the provisions of 14 Code of Federal Regulations Part 91.
According to air traffic control (ATC) voice and radar data provided by the Federal Aviation Administration (FAA), the airplane departed from 1VA0 and climbed to an altitude of 4,000 feet mean sea level (msl). At 0929, the pilot advised ATC that he had mechanical problem and would like to divert to Hanover County Municipal Airport (OFP), Richmond, Virginia and was cleared direct to OFP. At 0932, the pilot advised ATC that ""I just got rpm is a gone past the red line and everything else is a looking alright got a low oil pressure but a temperature is okay a so I'm just going back as a precaution."" At 0934, the pilot advised ATC that he was going to have to land the airplane and that he was showing Halifax-Northampton Regional Airport (IXA), Roanoke Rapids, North Carolina as the closest airport. The controller confirmed that IXA was the closest airport, which was at the airplane's two o'clock position and 10 miles away. The controller then cleared the flight direct to IXA and requested that the pilot report the airport in sight. At 0935, the controller advised the pilot to descend at his own discretion, maintain 2,500 feet msl and report the airport in sight for the visual approach unless he wanted a different approach; the pilot acknowledged the instructions. At 0937, the pilot advised the controller that he was ""losing the engine"" and when asked if he would be able to make the field, he responded negative. The controller asked if there were any prominent landmarks that the pilot could describe or did he have a field in sight to land. The pilot responded that ""there were many fields and that he still had forward movement."" The controller then advised the pilot that IXA was 8.5 miles away.

No further communications were received and the airplane was located by first responders about 1050.

PERSONNEL INFORMATION

The pilot, age 71, held a commercial pilot certificate with ratings for airplane single-engine land and instrument airplane. His most recent medical application, dated June 3, 2014, noted a total of 2,721 flight hours; of which 62 flight hours were accrued within the 6-month period prior to the exam. The pilot was issued a second-class medical certificate with limitations. A review of the pilot's current logbook revealed the last entry was made on February 17, 2014, with a total of 2,533.1 flight hours in single-engine airplanes.

AIRCRAFT INFORMATION

The four-seat, high-wing, fixed-gear airplane, serial number 18265584, was manufactured in 1977. It was powered by a Continental P-Ponk O-470-50/O-470-U13B, serial number 2651/ CMI-820119R engine, equipped with a McCauley D3A34C401C propeller. A review of copies of maintenance logbook records showed a 100-hour inspection was completed April 4, 2014, at a recorded airframe total time of 2,873.5 hours and an engine total time of 1,123.4 hours. Further review of the aircraft records revealed that the engine was overhauled and modified with the P-Ponk STC- SA5966NM and STC-SE4985NM conversion on August 26, 2010. The work was performed by Aero Engines of Winchester, Virginia, and had about 300 hours' time in service since overhaul.

METEOROLOGICAL INFORMATION

The recorded weather at IXA, located 6.6 miles from the accident site at an elevation of 144.5 feet, at 0935, included wind from 040 degrees at 8 knots, 10 statute miles visibility, clear sky, temperature 27 degrees Celsius (C),

During a personal cross-country flight, the commercial pilot reported to air traffic control that he had a mechanical issue and wanted to return to an airport near his departure airport. The controller acknowledged the pilot's request and cleared him direct to that airport. About 5 minutes later, he reported that he needed to land and requested the nearest airport. The controller cleared the airplane direct to the nearest airport. Shortly thereafter, the pilot reported that he lost engine power and would have to land immediately. During the landing in a field, the nosewheel embedded in soft ground, and the airplane came to rest inverted. 

An external examination of the engine revealed that four of the pistons had seized due to bearing and connecting rod damage. Metallurgical examination of the engine case halves revealed a gray-colored sealant on the crankcase main journal bearing saddle bosses mating surfaces. A bead of sealant was also noted on the edges of the mating surfaces both on the interior and exterior edges. The engine likely failed due to insufficient oil supply to the bearings for three of the connecting rods and the rotation of the fourth bearing. It is likely that beads of sealant were squeezed out of the mating faces of the crankcase and that these beads of sealant broke off and contaminated the oil supply, thereby reducing the oil flow. In addition, as the sealant on the saddle faces was squeezed out over time, the crush load could have been reduced, which would have affected the clearances between the bearings and the journals, leading to reduced oil pressure to the connecting rod bearings and increased risk of main bearing shifting and spinning. Thus, the use of sealant likely contributed to the bearing lubrication issue.

A review of the maintenance logbooks revealed that the engine had been overhauled and modified about 4 years (and 300 hours of operation) before the accident. Overhaul and modification instructions and manuals stated that the engine should be overhauled in accordance with the original equipment manufacturer's manuals and service bulletins, which indicated that no sealant should be applied on the main journal bearing saddle bosses.

None of the prescription medications the pilot had reported to the Federal Aviation Administration were impairing. Given that there was no indication of pilot impairment in his exchanges with the controllers, it is unlikely that the pilot's cardiac disease played a role in the accident. Indomethacin was found only in the pilot's urine, not in other body tissues; thus, it could not have directly caused systemic symptoms.

The diphenhydramine measured in the pilot's aortic blood (0.26 ug/ml) was well above the therapeutic range of 0.0250 to 0.1120 ug/ml. Although diphenhydramine undergoes postmortem redistribution, the level suggests that the pilot had therapeutic amounts in his system at the time of the crash; thus, it is likely the pilot was impaired to some extent by the drug's effects. However, the available evidence indicates that the pilot's behavior and decision-making during the accident sequence were appropriate for a pilot with his skill level and knowledge. Therefore, the effects of diphenhydramine likely did not contribute to the accident.

Maintenance personnel's application of sealant to the engine case halves during engine overhaul, contrary to manufacturer's instructions, which resulted in internal failure of the engine due to the loss of case bolt torque.",CESSNA,182,71.0,Aircraft-Aircraft power plant-Engine (reciprocating)-Recip engine power section-Incorrect service/maintenance - C,Prior to flight Aircraft maintenance event,0.5210306611099114,-2.3178807947019764,589007.0,2.95,stable,mild_decline,13.74873811831836,3.434246739260516,strong_growth,mild_growth
20140629X51219,2,0,VMC,Daylight,UNK,PIC,<500,2014,6,"HISTORY OF FLIGHT

On June 29, 2014, about 0810 mountain daylight time, a Cessna 182Q, N132K, was substantially damaged when it impacted trees and terrain while maneuvering in the traffic pattern to land on runway 19 at Big Creek airport (U60), Big Creek, Idaho. The owner/pilot was seriously injured. The personal flight was conducted under the provisions of Title 14 Code of Federal Regulations Part 91. Visual meteorological conditions prevailed, and no Federal Aviation Administration (FAA) flight plan was filed for the flight.

The pilot planned to fly his airplane, in a pre-arranged group of several other airplanes, into U60 to attend a fly-in breakfast event there. The airport was considered a ""backcountry"" airport, denoting that it is situated in mountainous terrain, and typically requires approach and/or departure procedures that are more demanding and less forgiving than most airports.

According to an eyewitness, who was part of the group, and who had already landed, he saw the airplane during the last 20 to 30 degrees of its turn from base to final, after it ""came around the Hogback,"" a ridge parallel to and on the left downwind leg side for runway 19. The witness's impression was that the airplane was ""really low and slow"" for its position relative to the runway. He estimated that the airplane was at about ""one third [of] the height"" that an airplane would normally be for the base-to-final turn. However, the witness was not certain about how far out on the final leg the airplane was when it made the turn, and he allowed that it could have been significantly closer to the runway than was normal for that airport. The witness did not see the airplane long enough or well enough to observe its flap configuration. The witness stated that he observed the airplane pitch ""immediately nose down and left"" as it made the turn. He heard the application of ""full [engine] power,"" and the airplane descended behind the trees.

According to the pilot, he had entered the traffic pattern, and was transitioning from the base leg to final when the airplane departed controlled flight, descended rapidly into the trees, and impacted the ground. The airplane came to rest inverted in a ravine forested by tall trees, about 800 ft short of the runway.

PERSONNEL INFORMATION

FAA records indicated that the pilot held a commercial pilot certificate with airplane single engine land and instrument airplane ratings. According to information provided by the pilot, he had approximately 1,267 total hours of flight experience, including approximately 520 hours in the accident airplane make and model. His most recent flight review was completed in December 2012, and his most recent FAA third-class medical certificate was issued in June 2012. The pilot reported that he had flown into U60 one time previously, about 2 years before the accident flight.

According to FAA records, in September 2009, the pilot was attempting to conduct a touch-and-go in the same airplane on a ""182 yard"" (546 ft) long gravel bar in the Willamette River near Newberg Oregon, which resulted in the airplane becoming ""completely submerged"" in the river.

AIRCRAFT INFORMATION

The airplane was manufactured in 1979 as Cessna serial number 18266782, with an original registry of N96609. It was purchased by the pilot in July 2007, and re-registered by him as N132K in February 2008.

FAA records indicated that between January and April 2008, the airplane was modified to incorporate numerous major alterations, primarily by means of FAA Supplemental Type Certificates (STCs). An STC is the FAA's approval of a major change in the type design of a previously type certificated product. STCs are primarily issued by FAA Aircraft Certification Offices (ACO).The STC changes incorporated into the accident airplane included, but were not limited to, installation of the following:
-	Continental IO-550 engine
-	3-blade propeller
-	Canards
-	Wingtip extensions (37 inch span increase)

The owner/pilot was participating in a fly-in to a backcountry airport that he had flown into once about 2 years before. He was the last of his group to arrive in the airport vicinity, and he reported that he was using his GPS, published guidance, and information from fellow pilots to navigate to and enter the airport's traffic pattern. The pilot stated that on the base leg, he determined that the airplane was higher and much closer to the runway than he anticipated. In response, he initiated a left-wing-down slip to lose altitude, and shortly thereafter, while concurrently attempting to maintain the slip, he initiated a left turn to align with the final approach path. Almost immediately after the turn began, the airplane stalled, descended, and impacted trees and terrain about 800 feet short of the runway threshold. Postaccident examination of the airplane revealed no evidence of preimpact mechanical malfunctions or failures that would have precluded normal operation. Although the pilot reported that he extended the flaps to 40 degrees on the downwind leg, the flaps were found extended to 15 degrees. 

A published arrival procedure suggested a traffic pattern altitude of 800 to 1,000 ft above field elevation (AFE) and a final leg about 1 mile in length. A ridge between the runway and the downwind leg limited pilots' view of the airport while on downwind, and the 1-mile final provided an opportunity to detect airborne or ground traffic sufficiently early to allow pilots to safely compensate for the traffic. Analysis of data from an onboard GPS device revealed that the pilot's traffic pattern differed significantly from the published pattern. His downwind leg began at an altitude of about 800 ft AFE but then descended continuously at a rate of about 400 ft per minute. Also, the pilot made about a 70 degree turn to base leg when the airplane was abeam the threshold. Turning less than 90 degrees resulted in a base leg oriented away from the runway and necessitated a turn of about 110 degrees to align with the final approach course. Further, turning early rather than continuing until the airplane was about 1 mile from the threshold, as suggested, put the airplane on a base leg that was very close to the runway. Despite the descending downwind leg, the airplane's position at the point that the pilot began his turn to final required a steep approach slope (about 10 degrees) to arrive near the threshold in position for a normal landing. When the pilot recognized that the airplane was too high and too close to the runway to use a normal approach slope (about 4 degrees), he could have opted to discontinue the landing attempt and execute a go-around. However, the pilot stated that he continued the approach because he believed that successful completion of the landing was well within his and the airplane's capabilities.

The pilot reported that he used approach speeds similar to the airplane's original certificated airspeeds, but the investigation was unable to determine the pilot's actual traffic pattern airspeeds. The investigation was also unable to determine the reason for the difference between the pilot's reported flap setting of 40 degrees and the as-found setting of 15 degrees; it is possible that the pilot began retracting the flaps after the airplane stalled. If the flaps were set to 15 degrees when the pilot believed them to be at 40 degrees, and if he was flying at the lower airspeed appropriate for the greater flap extension, this would have reduced his stall margin. Finally, the pilot's intentional slipping of the airplane while in the turn to final resulted in a steep, uncoordinated turn, which increased the airplane's susceptibility to a cross-control stall.


The airplane was extensively modified from its original Federal Aviation Administration (FAA) certificated design by the installation of five significant aerodynamic or performance-related modifications that were approved through the FAA's supplemental type c

The pilots execution of a traffic pattern that did not put the airplane in position for a normal final approach and the pilots decision to continue the landing attempt instead of initiating a go-around, which resulted in the airplane exceeding its critical angle-of-attack and experiencing an aerodynamic stall at an altitude too low to prevent ground impact.",CESSNA,182Q,71.0,Personnel issues-Action/decision-Action-Incorrect action selection-Pilot - C,Approach-VFR pattern base Loss of control in flight,0.5210306611099114,-2.3178807947019764,589007.0,2.95,stable,mild_decline,13.74873811831836,3.434246739260516,strong_growth,mild_growth
20090724X13440,4,0,VMC,Daylight,UNK,PIC,<500,2009,7,"HISTORY OF FLIGHT

On July 17, 2009, about 0830 coordinated universal time (1130 local time), an MD Helicopters MD-530 (369FF), N974BW, operated by Presidential Airways, Inc., was destroyed when it impacted terrain at Camp Butler, about 20 miles east of Baghdad, Iraq. The copilot and the left door gunner were fatally injured, while the pilot in command (PIC) and the right door gunner were seriously injured. The right door gunner subsequently succumbed to his injuries on February 8, 2010. The aerial gunnery training flight was operating on a company flight plan under military training range regulations.

Under the provisions of Annex 13 to the Convention on International Civil Aviation, and by mutual agreement, the Iraqi government delegated the investigation to the United States. The Iraq Civil Aviation Authority designated an accredited representative to the investigation on behalf of the government of Iraq.

According to the PIC, his was one of two helicopters that had arrived at Camp Butler from Baghdad, each with two pilots and two door gunners onboard. Crewmembers of the other helicopter reported that the accident helicopter first landed at the range to provide a radio to range personnel, while the second helicopter loitered to the south. After the radio transfer, both helicopters proceeded to the range, and conducted a ""range sweep."" Both helicopters subsequently completed firing runs, and while the accident helicopter was conducting additional training, the second helicopter was orbiting off range, to the south, and none of its crewmembers saw the accident. 
 
During a telephone interview, the PIC of the accident helicopter stated that the gunnery range included an east-west track, approximately 1 mile long, with four targets just to the north of the track and three targets just to the south of it. Each target would be engaged as it came into range, with fire coming from both sides of the helicopter. After engaging all of the targets along the track, the helicopter would reverse course and commence another firing run.   

The PIC also noted that a total of eight tracks were flown prior to the accident, four in each direction. The first two tracks were flown at 60 knots, the second two at 70 knots, the third two at 90 knots, and during the last two tracks, the helicopter decelerated as it approached each target. All of the eastbound tracks were flown by the copilot, and all the westbound tracks were flown by the PIC. After the completion of each track, the pilots transferred control of the helicopter, and the new pilot at the controls would execute the course reversal.
 
In regards to the accident sequence, the PIC recalled that after the copilot had completed the final eastbound track, he transferred the controls to the PIC. The PIC, seated in the right seat, then began a left-turning course reversal at an altitude approximately 100 feet above the ground. The next thing the PIC remembered was that, while in the turn, and like a hazy dream, he saw the copilots finger moving toward the instrument panel, and after that, being dragged, shaken, and bumped along the ground. 

In a subsequent response to written questions, the PIC stated that he believed the copilot was directing his attention to ""a situation of decaying rotor and/or engine rpm...which would have been associated with a rapid nose tuck [and] rapid loss of altitude."" 

When asked if he had flown the training profiles previously, the PIC responded that he had done so many times. Firing range training was normally scheduled once a week, and would have been completed each week ""unless something else came up."" The PIC also noted that in the almost 2 years he had been there, the tactics had been modified very little.
  
The PIC further recalled that a pretty standard preflight briefing had been conducted, with both flight crews present, and which included actual threats (low), weather (good), and temperatures (in the low 100s - normal for t

The helicopter arrived at a military gunnery range with two pilots and two door gunners onboard. The gunnery range included an east-west track, approximately 1 mile long, with four targets just to the north of the track and three targets just to the south of it. Each target was to be engaged as it came into range, with gunfire coming from both sides of the helicopter. After engaging all of the targets along the track, the helicopter was to reverse course and commence another firing run. A total of eight tracks were flown prior to the accident: four in each direction. All of the eastbound tracks were flown by the copilot, seated in the left seat, and all the westbound tracks were flown by the pilot in command (PIC), seated in the right seat. After the completion of each track, the pilots transferred control of the helicopter and the new pilot at the controls executed the course reversal.

After the copilot had completed the final eastbound track, he transferred the controls to the PIC. The PIC then began a left-turn course reversal approximately 100 feet above the ground. The next thing the PIC remembered was that, while in the turn and like a hazy dream, he saw the copilots finger moving toward the instrument panel and, after that, being dragged, shaken, and bumped along the ground. The PIC stated that despite his hazy recollection, he remembered that the helicopter was operating properly, with no warnings, cautions, or changes in sound. He further noted that even though the copilot appeared to be pointing at something, the copilot did not speak or otherwise indicate that anything was wrong. There was no indication of hostile fire.

Observations at the accident site revealed that the helicopter was traveling westward at terrain impact. The initial impact point, at the eastern edge of a dried-up pond, was 17 meters in width, indicated by imprints of both skids. About 1 meter east  feathered dirt indicated a spinning tail rotor. The second point of impact was on the western edge of the same dried-up pond. The distance between the first point of impact and the main wreckage was about 44 meters. The tail boom came to rest about 20 meters to the south, and about 24 meters east of that was the tail rotor.

After the wreckage was secured, it was shipped to the United States where examination revealed that the helicopter had impacted the ground in a descending left turn. Main rotor blade damage indicated flailing at impact, at operational rpm. Tail rotor blade damage also indicated that the rotor was under power at impact. Flight control continuity could not be confirmed from the cockpit to the flight control surfaces; however, continuity was confirmed at the tail rotor pitch change mechanism. The engine did not exhibit any preimpact mechanical anomalies, and interior compressor blade scoring on the engine shroud indicated that it was operating at impact.

The ENGINE OUT warning light was illuminated at some point during impact sequence; however, an expected RE-IGN P RST caution light was not concurrently illuminated for unknown reasons. It is possible that the ENGINE OUT warning light illuminated as the helicopter was decelerating while in ground contact. With no indication of mechanical failure or hostile fire, and with the PIC observing the copilot pointing to something on the instrument panel, it was possible that the PIC's attention was sufficiently diverted to allow the helicopter's inadvertent descent into terrain.

The pilots failure to maintain terrain clearance during a low-level course reversal.",MD HELICOPTER INC,530 (369FF),62.0,Aircraft-Aircraft oper/perf/capability-Performance/control parameters-Altitude-Not attained/maintained - C,Maneuvering-low-alt flying Low altitude operation/event,-1.438590829820252,9.195402298850563,574203.0,1.9,mild_decline,strong_growth,5.409454686339843,7.20396776193426,strong_growth,strong_growth
20140812X45951,3,0,IMC,Daylight,UNK,PIC,<500,2014,8,"HISTORY OF FLIGHT
On August 9, 2014, about 1310 central daylight time, an amateur-built Barger RV-7A airplane, N92BF, was destroyed when it impacted terrain near Russell, Iowa. The pilot and passenger received fatal injuries. The airplane was owned and operated by the pilot under the provisions of 14 Code of Federal Regulations Part 91 as personal flight. Marginal visual meteorological conditions existed in the immediate area of the accident site and the flight was operated on a visual flight rules (VFR) flight plan. The flight originated from the Ottumwa Regional Airport (OTM), Ottumwa, Iowa at an unconfirmed time, and was bound for the Meadow Lake Airport (FLY), Colorado Springs, Colorado when the accident occurred.Tracking data was recovered from a handheld GPS receiver found within the wreckage. The recorded data began at 1242:18 at OTM. The aircraft departed and proceeded west/southwest at an initial altitude of about 4,500 feet. About 1304, the airplane turned to the right to a more westerly track. This westerly track continued until about 1306. Shortly after the aircraft turned to the west, it began a climb at a slower groundspeed, to a maximum recorded altitude of 7,769 feet at 1308:15, when the groundspeed had slowed to 75 knots. During this climb, the aircraft track turned left towards the southwest; however, the southwesterly track exhibited about three fluctuations to the left and right. About 1308:15, the airplane began a descent from its maximum recorded altitude. The track data depicted a descending right turn of increasing groundspeed, reaching a maximum computed groundspeed of 208 knots by 1308:57. At this time the airplane was descending through 5,364 feet in excess of 3,000 feet per minute. The last recorded point was at 1309:07 when the aircraft was descending through 4,094 feet. During the last 52 seconds of the recorded data, the airplane lost 3,675 of altitude, resulting in a calculated average rate of descent for this time period in excess of 4,000 feet per minute.

PERSONNEL INFORMATION
The pilot, age 53, held a private pilot certificate with a single engine land airplane rating. He did not have an instrument rating. His second class airman medical certificate was issued on June 14, 2014. The limitations section of the medical certificate noted that the pilot must wear corrective lenses when exercising the privileges of his pilot certificate. The pilot's flight logbook was not available for review during the investigation; however, on the application for that medical certificate, the pilot reported having 117 hours total flight experience and 33 hours in the 6 months preceding his medical examination.

AIRCRAFT INFORMATION
The airplane was an amateur-built RV-7A airplane that was constructed from a kit. The airplane was a low-wing monoplane with a fixed tricycle landing gear arrangement. It was constructed primarily of aluminum, seated two occupants in a side-by-side seating arrangement, and was powered by a  180 horsepower Superior O-360-A1A engine, serial number 1053-SPS,. The propeller was a 3-blade Catto propeller assembly with composite skin, wood core blades.

According to airworthiness documents, the airplane limitations included the following

Never exceed speed 230 mph
Maximum structural cruising speed 193 mph
Maneuvering speed 142 mph
Best rate of climb speed 110 mph
Best angle of climb speed 80 mph
Stall speed (clean) 64 mph
Stall speed (landing configuration 58 mph)

METEOROLOGICAL INFORMATION
There was no record of the pilot obtaining a weather briefing from the FAA contract Automated Flight Service Center (AFSS) or from any of the Direct User Access Terminal System (DUATS) providers. It is not known if the pilot obtained weather information from a different source.

At 1255, the weather conditions at the Chariton Municipal Airport (CNC), Chariton, Iowa, about 16 miles northwest of the accident site were: wind from 90 degrees at 4 knots; 9 miles visibility, overcast c

The noninstrument-rated pilot was conducting a cross-country flight. GPS data indicated that the airplane departed and then proceeded west-southwest at an initial altitude of about 4,500 ft mean sea level (msl). About 20 minutes later, the airplane's track deviated from its initial heading, and the airplane began to climb. The airplane continued to climb at a slower groundspeed and reached a maximum recorded altitude of 7,769 ft msl; the groundspeed had slowed to 75 knots. The airplane then began a descending right turn, during which it reached a maximum groundspeed of 208 knots. During this time, the airplane was descending through 5,364 ft msl, and its descent rate reached more than 3,000 ft per minute (fpm). The last recorded point showed the airplane descending through 4,094 ft msl. During the last 52 seconds of the recorded data, the airplane lost 3,675 ft of altitude, and the descent rate had increased to more than 4,000 fpm. The airplane impacted a field, and examination of the wreckage revealed evidence consistent with a near vertical impact.

  
Postaccident examination of the airplane did not reveal any preimpact anomalies. A mechanic reported that the airplane's mechanical fuel pump had been replaced a few days before the accident; however, if the mechanical fuel pump had failed it would not have caused the steep descent during the final portion of the flight. Additionally, the electric fuel pump was operational and would have supplied the fuel necessary for engine operation.

The pilot was receiving flight-following services from air traffic control during the accident flight. In his last communication, the pilot reported to a controller that he had entered instrument meteorological conditions (IMC) and was trying to get ""back on track""; he made this communication about the same time as the GPS data showed the airplane in the steep descending right turn. The controller advised the pilot to maintain visual flight rules, but the pilot did not respond. Weather conditions in the area at the time of the accident included overcast ceilings of 1,200 to 1,300 ft above ground level. No record was found indicating that the pilot received a preflight weather briefing; however, it could not be determined if the pilot obtained weather information using other sources. The restricted visibility conditions would have been conducive to the development of spatial disorientation, and the airplane's rapidly descending turn were consistent with the noninstrument-rated pilot inadvertently entering IMC and then losing airplane control due to spatial disorientation. 

Toxicological testing of the pilot's specimens detected ethanol in the muscle and liver; however, it was likely produced postmortem.

The noninstrument-rated pilots inadvertent entry into instrument meteorological conditions, which resulted in his spatial disorientation and the subsequent loss of airplane control.",BARGER STEVE M,RV-7A,53.0,Personnel issues-Psychological-Perception/orientation/illusion-Spatial disorientation-Pilot - C,Enroute-cruise VFR encounter with IMC,-0.2368238146094992,-1.3468013468013518,588493.0,2.93,stable,mild_decline,1.2346325354091636,1.7168391345249168,mild_growth,mild_growth
20140813X65210,3,0,VMC,Daylight,UNK,PIC,<500,2014,8,"On August 13, 2014, about 1215 mountain daylight time, a Piper PA-28-236 airplane, N2190H was substantially damaged during landing, following a loss of engine power and emergency descent from cruise flight, near the Lemhi County Airport (KSMN), Salmon, Idaho. The airplane was registered to and operated by the private pilot as a visual flight rules (VFR) personal cross-country flight under the provisions of 14 Code of Federal Regulations Part 91. Visual meteorological conditions prevailed, and the pilot was not injured. The sole passenger received minor injuries. The airplane departed Gooding Municipal Airport (KGNG), Gooding, Idaho, about 1054 for Kalispell City Airport (S27), Kalispell, Montana, and no flight plan had been filed.During a telephone conversation with the National Transportation Safety Board (NTSB) investigator-in-charge (IIC) on August 13, the pilot said that during run-up, prior to departing Gooding, he noted that there was no engine vacuum indication. He took the airplane to a maintenance facility at the Gooding Airport, and the vacuum pump was replaced. He said that following the replacement of the vacuum pump, a leak check was not performed. The mechanic replaced the cowls, and told the pilot to give him a ""thumbs up"" if he had vacuum when the engine was started. After starting the engine and observing that he had engine vacuum, he gave the signal and departed for Kalispell in the airplane. About 150 miles north of Gooding, the pilot heard an unusual noise from the engine, and noted a loss of engine oil pressure. He turned toward the nearest airport, which was Lemhi County, and made a mayday call on 121.5 Mhz. The pilot believed he had enough altitude and airspeed to make it to the airport. Approaching the airport, it was clear that he would be short of the airport, and he elected to land in a hayfield next to the airport. After touchdown in the field, the airplane encountered a road perpendicular to his direction of travel, which collapsed the landing gear, and the airplane slid through the airport's perimeter fence. 

The airplane sustained substantial damage to its wings and fuselage. No preaccident mechanical anomalies, with the exception of the vacuum pump replacement and subsequent loss of engine oil pressure and power, were reported.

The airplane was recovered to a maintenance facility at the Lemhi County Airport, where an airframe and engine examination were conducted by the National Transportation Safety Board (NTSB) investigator-in-charge assisted by a local mechanic.

Engine Examination                      

The engine was not removed from the airplane or disassembled. An exterior examination of the engine showed several holes in the top of the case near the centerline joint. The holes were narrower at the bottom than at the top, consistent with force being applied from the interior of the case. The engine was covered with oil residue, and oil pooled in low areas of the case exterior and around the engine accessories. Additionally oil streaking was noted along the underside of the fuselage. 

Peering through the holes in the case, fragmentation of the internal engine parts was seen. The oil filter was cut apart and the internal filter material was laid out and examined. The filter material was infused with metal fragments. 

The recently installed ""dry"" vacuum pump, which does not rely on pressurized oil from the crankcase for internal lubrication, was located on the upper aft right side of the engine. The upper aft right side area of the engine was covered in oil residue, with oil pooled in low areas. The vacuum pump mounting base is square with mounting holes in each corner, and was mounted on an engine accessory pad and secured with four mounting studs secured to the case with four nuts. A fiber gasket is used between the dry vacuum pump and the accessory pad. 

The vacuum pump was removed. The four studs and nuts were in place; however an accurate break-torque could not be asc

Before departing on the personal cross-country flight, the private pilot noted that there was no engine vacuum indication. He took the airplane to a maintenance facility, and a mechanic replaced the vacuum pump. Following the replacement, no leak check was performed; however, vacuum was restored when the engine was started, and the pilot subsequently departed on the flight. 

The pilot reported that, about 150 miles from his destination, the engine lost oil pressure. He then turned the airplane toward the nearest airport, and the engine lost power. The airplane was unable to glide to the airport, so he landed it in a hayfield next to the airport. The airplane sustained substantial damage to both wings and the fuselage.

During examination of the engine, holes were found in the top of the case. The engine was covered with oily residue, and oil streaking was found along the bottom of the fuselage. The internal engine parts were fragmented, and the oil filter material was infused with metal fragments. 

During examination of the recently installed ""dry"" vacuum pump, the appropriate fiber gasket was found in place between the pump body and the accessory mounting pad surface. The gasket appeared intact, and neither side (mating surface) showed signs of tearing or surface scuffing, peeling, or separation. The internal (dry) area was partially filled with oil, and all of the internal parts had oily residue. Oil staining was found on both sides of the gasket and around the accessory pad's pressure crankcase oil passage hole (used for ""wet"" pump installations), and extended along the internal cavity edge and the exterior perimeter of the pump base on three of its four sides. The pressure crankshaft oil galley hole was not sealed as recommended in the engine manufacturer's service instructions for the installation of a dry vacuum pump.

Further, the engine accessory mounting pad was examined, and it had remnants of gasket material not associated with the installed gasket adhered to it, making the surface rough and uneven. It is likely that the new dry pump was installed on an improperly cleaned surface and that this condition, in conjunction with the unsealed galley hole, allowed the engine oil to vent to the exterior of the engine and resulted in the loss of engine oil and oil pressure, internal engine damage, and the subsequent loss of engine power. If a postmaintenance leak check been performed, the oil leaking through the seal or hole would have been detected.

Maintenance personnels improper surface preparation of the accessory mount pad for the installation of the engines dry vacuum pump, which resulted in the loss of engine oil, oil pressure, and engine power during flight. Contributing to the accident was the lack of a postmaintenance leak check.",PIPER,PA 28-236,54.0,Aircraft-Aircraft systems-Vacuum system-(general)-Incorrect service/maintenance - C,Enroute-cruise Loss of engine power (total),-0.2368238146094992,-1.3468013468013518,588493.0,2.93,stable,mild_decline,1.2346325354091636,1.7168391345249168,mild_growth,mild_growth
20140814X24748,3,0,VMC,Daylight,UNK,PIC,<500,2014,8,"HISTORY OF FLIGHTOn August 14, 2014, about 1125 eastern daylight time, a Cessna 150M, N66241, was substantially damaged when it impacted terrain during the initial climb after takeoff from Mount Pleasant Regional Airport-Faison Field (LRO), Mount Pleasant, South Carolina. The commercial pilot and student pilot were fatally injured. The airplane was registered to Hanger Aviation, Inc., and operated by a private individual. Visual meteorological conditions prevailed, and no flight plan was filed for the local instructional flight. The flight was conducted under the provisions of 14 Code of Federal Regulations Part 91.

The airplane was operated by the student pilot's father, who in July 2014 employed Coastal Aviation, Inc., a flight school at LRO, to provide flight instruction to his son in the airplane. The owner of the flight school assigned the commercial pilot, who was recently hired as a flight instructor, to instruct the student. According to the student pilot's father, his son was attending college near LRO, and the commercial pilot helped him reposition the airplane to LRO for his son's convenience in the weeks that preceded the accident.

The commercial pilot and student pilot had previously completed approximately two 1-hour long instructional flights together. On the day of the accident, a witness observed the commercial pilot and the student pilot inspect the fuel for contaminants and check the flight controls during their preflight inspection. According to another witness, the airplane began its takeoff roll on runway 35, a 3,700-foot-long, asphalt runway, with the flaps fully extended. Several people reported that the airplane lifted off the ground about midfield and immediately looked unstable, which they described as the wings banking to the right and left. When the airplane reached an altitude of approximately 100 feet above ground level, it entered a steep left turn. Two pilots reported that the airplane then lost forward momentum and appeared to stall. It immediately entered a nose down attitude followed by a right wing low attitude and was in a ""straight downward dive"" when it impacted the ground. One of the witnesses who attempted to help the occupants reported a strong odor of fuel at the accident site. The witnesses did not report hearing any interruptions in engine power. PERSONNEL INFORMATIONThe commercial pilot, age 33, held a Federal Aviation Administration (FAA) commercial pilot certificate with ratings for airplane single-engine land, airplane multiengine land and instrument airplane. He did not hold a flight instructor certificate, but had received a logbook endorsement from a flight instructor to take the practical test for his airplane single-engine flight instructor certificate. His most recent FAA first-class medical certificate was issued on May 25, 2011, at which time he reported 275 total flight hours. The last entry in the commercial pilot's logbook was dated June 9, 2014, which showed a total of approximately 350 flight hours. A review of his logbook entries from August 2007 to June 2014 indicated that he had not accumulated any time in the accident airplane make and model.

The student pilot, age 22, was seated in the left seat, and did not possess a medical certificate or student pilot certificate. His logbook was not recovered. According to the student pilot's father, his son had some experience as a passenger, but had not accumulated any formal training as a student pilot.

According to the owner of the flight school, the commercial pilot indicated that he was a certified flight instructor seeking employment. He was hired by Coastal Aviation, Inc. as a flight instructor in July 2014 and began providing instruction to the student pilot in early August 2014.

A flight schedule from Coastal Aviation was cross-referenced with logbooks provided by some of the commercial pilot's students to approximate how long the commercial pilot had been providing instruction. The logbooks includ

The commercial pilot indicated to the flight school that hired him that he was a flight instructor; however, he did not hold a flight instructor certificate. He had been providing flight instruction to flight school students for about 1 month at the time of the accident. On the day of the accident flight, the commercial pilot and the student pilot were flying their third instructional flight together. After completing a preflight inspection, the commercial pilot and student pilot taxied to the runway and began the takeoff roll. Witnesses reported that the airplane departed the runway about midfield and immediately looked unstable. Multiple observers stated that the airplane stalled about 100 ft above ground level and subsequently entered a nose-down dive before it impacted the ground seconds later. 

Examination of the wreckage revealed a fractured flap switch return spring, which prevented the switch from returning to the OFF position. A subsequent laboratory examination confirmed electrical continuity for the flap switch contacts but could not determine when the spring fractured. Postaccident examination of the wreckage revealed that the flap actuator jackscrew was consistent with the flaps in the retracted position. No other evidence of preimpact mechanical malfunctions or failures that could have precluded normal operation was found. A witness stated that he observed the airplane begin its ground roll with the flaps fully extended. However, there were no previously reported issues with the flap system and the postaccident wreckage examination showed that the flaps were in the retracted position at impact; thus, it is possible that the flaps were extended during takeoff and were subsequently retracted before impact.

Review of the commercial pilot's logbook showed that he had accumulated more than 350 total hours of flight experience but had not flown an airplane of similar make and model to the accident airplane in at least 7 years. His lack of experience as a flight instructor and in make and model suggests that he may not have possessed the skills to quickly recognize and remediate a stall at a low altitude. Additionally, the student pilot would not have likely been proficient in recognizing and recovering from a stall at his training level. The student pilot had not had any formal training experience before his two previous lessons with the commercial pilot. At this stage in his flight training, the student pilot would have been learning basic flying skills, which suggests that the commercial pilot was likely demonstrating the takeoff or should have been ready to retain control of the airplane if the student pilot was operating the flight controls. While the commercial pilot told the flight school owner that he was a certificated flight instructor, a check of his logbook would have revealed that he did not hold a flight instructor certificate.

Toxicological testing detected the presence of hydrocodone and its metabolites in the commercial pilot's urine; however, it was not detected in the blood so would not have been impairing. An inactive metabolite of cyclobenzaprine was detected in his blood and urine but would not have impaired the pilot. Although the commercial pilot's toxicology testing detected Tramadol, an opioid pain medication, in his heart blood at 20 times the normal level, such levels are indicative of chronic use. Further, the flight school owner did not observe any abnormal behaviors with the commercial pilot on the day of the accident. Thus, it is likely that the commercial pilot was not impaired from the sedating effects of the medication at the time of the accident. Tramadol, particularly at high doses, is associated with an increased risk of seizure; however, the investigation was unable to determine if the commercial pilot's chronic pain condition or a seizure due to extremely high levels of tramadol impaired him and contributed to the accident.

The commercial pilots exceedance of the airplanes critical angle-of-attack during the initial climb, which resulted in an aerodynamic stall and impact with terrain. Contributing to the commercial pilots failure to recognize and remediate the stall were his lack of experience as a flight instructor and lack of recent experience in the accident airplane make and model.",CESSNA,150,33.0,Personnel issues-Task performance-Use of equip/info-Aircraft control-Pilot - C,Initial climb Miscellaneous/other,-0.2368238146094992,-1.3468013468013518,588493.0,2.93,stable,mild_decline,1.2346325354091636,1.7168391345249168,mild_growth,mild_growth
20121027X02310,3,0,VMC,Daylight,UNK,PIC,500-2000,2012,10,"HISTORY OF FLIGHT On October 27, 2012, about 1410 mountain standard time, a Robinson R-22 Mariner helicopter, N2627M, was substantially damaged when it impacted the surface of Lake Havasu, Arizona, during a commercial photography flight. The certified flight instructor pilot-in-command and private pilot rated co-pilot/trainee received minor injuries. The business flight was conducted under the provisions of Title 14 Code of Federal Regulations Part 91. Visual meteorological conditions prevailed, and no Federal Aviation Administration (FAA) flight plan was filed for the flight. 

According to the pilot, the helicopter was temporarily based at Boulder City Municipal Airport (BVU), Boulder City, Nevada. Both the pilot and co-pilot were employed by a company based in Florida which photographed boats in motion, and marketed those photographs to the boat operators via its website ""Boatpix.com."" The co-pilot's primary function was to act as the photographer, while also learning the company methods, and occasionally flying the helicopter. 

Typically, the company and helicopter crews did not pre-coordinate with the boat operators being photographed; instead the crews patrolled and photographed all operating boats in a given location as targets of opportunity. The usual procedure was to fly ""low and slow"" on a path parallel to, and in the same direction as, the target boat, pass the boat, make a 180-degree course reversal turn around the bow of the boat, and then proceed to the next boat. The pilot did not cite any particular operational speeds for the photo passes.

On the day of the accident, the crew flew from Boulder City to Lake Havasu, and photographed boats on the lake. They then landed at Lake Havasu Airport (HII), refueled and ate lunch, and departed on another photographic flight. The pilot was in the left seat, and the copilot was in the right seat, and they took turns flying to their planned patrol site. Once they neared their planned patrol area, the pilot took over the flying, and the crew began their photography operations. Subsequent to a photo pass on one boat, in accordance with the pilot's reported normal procedures, the helicopter climbed to about 50 feet above the water for the course reversal to the right. Also in accordance with those normal procedures, near the completion of the turn, the pilot began the descent for a photo pass on the next boat. However, the pilot was unable to arrest the descent via the addition of power and collective pitch, and the helicopter impacted the water. 

According to a verbal report by a law enforcement officer who responded to the accident, one eyewitness reported that while the helicopter was making a right turn, with its floats about 3 feet above the water, the main rotor blade struck the water, and the helicopter subsequently crashed. However, no written follow-up of the report or the witness's contact information was provided to the investigation. 

According to both crew members, after water impact, the helicopter immediately inverted, but they were both able to safely extract themselves from the submerged cockpit via their respective door openings. The crew was rescued by a nearby boat, and the helicopter was recovered to shore by a commercial marine salvage operator. 

The crew did not report whether they had successfully completed other photo passes subsequent their lunch break, or whether the accident pass was the first one since their break. 

PERSONNEL INFORMATION 

The pilot held a flight instructor certificate for helicopters. He reported that he had a total flight experience of approximately 1,009 hours, including about 938 hours in helicopters, of which about 850 were in the R-22. His most recent flight review was completed in January 2012 in the R-22, and his most recent FAA second-class medical certificate was issued in May 2012. 

The co-pilot held a private pilot certificate and was qualified in the R-22 helicopter. He reported a total flight e

Both the pilot and copilot of the helicopter were employed by and operating for a company that photographed boats in motion. The typical procedure was to fly low and slow on a path parallel to, and in the same direction as, the target boat; pass the boat; make a climbing 180-degree course reversal turn around the bow of the boat; and then descend and proceed to the next boat. During their second flight of the day, while nearing the completion of the course reversal turn to the right after a photo pass, the pilot initiated the descent for the next photo pass. The pilot added power and collective pitch to arrest the descent; however, he was unable to do so before the helicopter impacted the water. Although the tail boom was not recovered, no evidence of any preimpact failures with the helicopter was observed in the recovered wreckage. 

The course reversal turn was made from north to south, and the wind at an airport 17 miles to the northwest was out of the north at 15 knots. The pilot reported that the wind was about 12 knots gusting to 17 knots and that ""clear air turbulence"" was present. Although the exact wind conditions at the accident site were not known, evidence indicated that the helicopter experienced an overall wind change from a 12- to 15-knot headwind to a similar magnitude tailwind during the course reversal turn. Given the low speed of the photo pass, it is likely that the pilot did not correctly compensate for the wind speed and direction change during the course reversal and that the helicopter entered a vortex ring state (settling with power) due to the combination of low forward speed and the tailwind. The pilot's perception of, or attention to, the airspeed could have been adversely affected by his extra-cockpit focus on locating and tracking target boats. 

The pilot's attempt to arrest the descent by adding power and collective pitch was not the proper technique for recovery from the vortex ring state, but no evidence suggests that the pilot even recognized the onset of that condition. However, even if he did recognize its onset, the helicopter's altitude was likely too low to safely exit the vortex ring state because proper recovery from that state requires increasing the airspeed and/or lowering the collective pitch, which respectively either requires or results in a temporarily increased descent. Further, it is likely that the pilot was operating in a region of the height-velocity chart such that an autorotation would not have been successful.

The pilots unintentional and unrecognized entry into a vortex ring state as a result of conducting a course reversal turn into a tailwind while at a low altitude and airspeed, which resulted in an uncontrolled descent into water.",ROBINSON HELICOPTER COMPANY,R22 MARINER,40.0,Personnel issues-Task performance-Use of equip/info-Aircraft control-Pilot - C,Maneuvering-low-alt flying Settling with power/vortex ring state,-1.2821421340352246,11.18644067796608,585081.0,3.28,mild_decline,strong_growth,-6.536613727754204,-3.726349792339645,strong_decline,mild_decline
20151029X24739,3,0,VMC,Daylight,UNK,PIC,<500,2015,10,"HISTORY OF FLIGHTOn October 24, 2015, at 1633 Pacific daylight time, an American Eurocopter AS350B3 helicopter, N911WL, landed hard during a practice autorotation near Folsom, California. The flight instructor, pilot undergoing instruction (PUI), and tactical flight officer (TFO) were not injured; the helicopter sustained substantial damage. The helicopter was registered to Placer County, and operated by the Placer County Sheriff's Department, as a public aircraft flight. Visual meteorological conditions prevailed, and a company flight plan had been filed. The instructional flight departed Mc Clellan Airfield, Sacramento, California, at 1618.

The purpose of the flight was to perform patrol missions, in addition to providing training for the PUI, who had recently been hired by the Sheriff's department. This was his first patrol training flight, and he was seated in the front left seat, with the flight instructor in the front right, and the TFO in the rear jump seat. The plan was to introduce the PUI to the helicopters systems while on patrol, and then perform a series of straight-in, 180°, and ""enhanced"" autorotation's. The flight instructor stated that an enhanced autorotation is a maneuver where a point is picked for an emergency landing, and the pilot is tasked with landing the helicopter at that point using whatever maneuvers are necessary.

The crew departed from their base at Auburn Municipal Airport, Auburn, California about 1230, and initially performed routine patrol work. Once completed, they then transitioned to a series of autorotation's with power recoveries in a flat field, all of which were uneventful. They then landed at Mc Clellan Airfield, and serviced the helicopter with about 120 gallons of fuel. After departure, they flew to a peninsula on the northern shore of the Folsom Lake Reservoir with the intention of performing more enhanced autorotation training. The peninsula, which according to the flight instructor was an area for training approved by the department, was normally partially submerged in water but due to drought conditions, was fully exposed.

They reported surveying the area and beginning the maneuver at 2,500 ft mean sea level (about 2,100 ft above the lake surface). The flight instructor stated that he was the pilot-in-command, and that the PUI was ""shadowing"" the controls.

They surveyed the area and then performed an enhanced autorotation with a power recovery to the dry lakebed. The flight instructor stated that during this maneuver the PUI appeared overwhelmed. They then set up for another approach to the peninsula, and the flight instructor told him to just track rotor RPM and not to worry about foot pedal control, or aircraft attitude, as he demonstrated that rotor RPM could be controlled with both the cyclic and collective.

The flight instructor reported that at about 1,000 ft agl, he felt the PUI was inadvertently hindering the controls, and he reached over and moved the PUI's hands away from the controls. The flight instructor stated that he was not concerned, and in his experience, this was not unusual while providing training.

The rotor RPM remained within limits during the remainder of the descent, and as they approached 100 ft agl, the flight instructor verbalized his intentions to perform a power recovery, and began by turning the throttle twist grip control from idle to flight, while simultaneously initiating the flare. As the flare progressed he did not hear the engine fully regain its speed, and he checked the instruments, observing that the engine and rotor RPM needles were still ""split"". They were between 10 and 25 ft from the ground and he prepared for a full touchdown landing, but by now the helicopter had moved forward to an area of down-sloping terrain. He did not want to land in an unusual attitude, so aimed to touch down flat on the skids relative to the slope. He then pulled the collective control hard just before impact to cushion the landing. By now th

The purpose of the public helicopter flight was to perform a patrol mission with a tactical flight officer onboard, while the flight instructor also trained the pilot under instruction (PUI), who had recently been hired by the sheriff's department. The plan was to perform a routine patrol mission to introduce the PUI to the operation of the helicopter's systems, then practice autorotations, which the PUI had not previously performed in the accident helicopter make and model.

After the patrol, they practiced a series of uneventful autorotations over flat areas. They then conducted an autorotation to a pinnacle in the middle of a peninsula. The flight instructor was flying the helicopter throughout the maneuver; during the power recovery phase of the autorotation, he applied engine power by moving the throttle twist grip from the idle to the flight position as the helicopter passed through 100 ft. The engine did not respond as he expected, and, unable to reach the pinnacle, he maneuvered the helicopter to a forced landing on downsloping terrain. The helicopter landed hard and tipped forward, resulting in substantial damage to the tailboom and aft fuselage structure. Postaccident examination of the engine and airframe did not reveal any anomalies that would have precluded normal operation, and the engine met its nominal performance parameters during a subsequent test run.

The helicopter's flight manual recommended that autorotation training be conducted within gliding distance of a suitable running landing area. The flight instructor's choice of a raised landing area, which was surrounded by soft and rocky downsloping terrain, did not represent a suitable area for such practice. Additionally, the slope did not allow a sufficient maneuvering envelope for the appropriate control inputs required to safely control the helicopter in the event of a delayed engine response or loss of engine power. Also, although physically close to a town, the location was relatively remote, because accessing the site by road would have required a long on- and off-road drive by first response vehicles around the lake. Therefore, the chosen location placed the crew in additional danger should a more serious accident have occurred.

About 3 months before the accident, the helicopter manufacturer issued a safety information notice regarding the high exposure to accidents and incidents during simulated engine-off landing training. The notice issued a series of procedural updates, including a recommendation that minimal crew be onboard, and that power recoveries should be initiated as the helicopter passed through 200 ft above ground level (agl) rather than 70 ft agl, as recommended in the flight manual. The notice reiterated the need to be prepared to conduct an engine-off landing if power recovery was unsuccessful, along with the reminder that a higher gross weight increases the risk of a hard landing. Therefore, the flight instructor's choice of a power recovery initiation altitude (100 ft) lower than recommended left him with a reduced margin for recovery when the anomaly occurred. Further, the decision to keep the tactical flight officer onboard during the autorotation portion of the training represented an unnecessary risk both to him and the mission. The helicopter was loaded near its maximum gross weight, increasing the risk of a hard landing.

The flight instructor did not hold a valid medical certificate at the time of the accident due to a recent Type 1 diabetes diagnosis. However, as a public operation, the sheriff's department was responsible for oversight of its own operation and allowed the instructor to fly with another pilot present.  The instructor was not exhibiting any symptoms of the condition, and there was no evidence to suggest his diagnosis contributed to the outcome of the accident.

The flight instructor's failure to perform simulated engine failure training in accordance with manufacturer guidance, including his improper recovery from the maneuver, which resulted in an overshoot of the intended landing zone when the engine did not respond as expected; his selection of an unsuitable landing area; and his decision to perform the maneuver near the helicopter's maximum gross weight, which resulted in a hard landing.",AMERICAN EUROCOPTER LLC,AS350B3,44.0,Personnel issues-Action/decision-Action-Delayed action-Instructor/check pilot - C,Autorotation Miscellaneous/other,0.7158913374511355,-9.836065573770503,611140.0,1.65,stable,strong_decline,-8.034362215956936,-2.745367192862047,strong_decline,mild_decline
20130910X93340,2,0,VMC,Daylight,UNK,PIC,<500,2013,9,"HISTORY OF FLIGHT

On September 4, 2013, about 1835 eastern daylight time, a Cessna 188B, N59JK, operated by Hopkins Flying Service was substantially damaged during landing roll, after a flight control malfunction, at a private airport in Woodrow, South Carolina. The commercial pilot received minor injuries. Visual meteorological conditions prevailed for the aerial application flight conducted under the provisions of Title 14 Code of Federal Regulations Part 137. 

According to the pilot, he was spraying a cotton field near Lydia, South Carolina when he completed a pass and at the end of the field, pulled up to turn to the right. During the climb he applied right rudder as usual but this time, the right rudder pedal assembly broke off, and went up against the back of the hopper tank.

The pilot then decided to return to a private airport where the airplane was based in Woodrow, South Carolina as it was larger than the other spray strips in the area. Upon arrival at the airport, he flew over the top and used his cell phone to call and let personnel at the field know he would be landing without rudder control.

The landing was uneventful, but during the landing roll, the airplane began to turn left. The pilot however had no way to correct for the left turn.  The airplane then exited the left side of the runway and entered a soybean field. The right main landing gear then collapsed, and the the right wing impacted the ground.

PERSONNEL INFORMATION

According to Federal Aviation Administration (FAA) and pilot records, the pilot held a commercial pilot certificate with a rating for airplane single-engine land. His most recent FAA second-class medical certificate was issued on January 30, 2013. He reported that he had accrued 2,249 total hours of flight experience, of which, 1,392 hours were in the accident airplane make and model.

AIRCRAFT INFORMATION

The accident aircraft was a single seat, strut braced, low wing monoplane specifically designed by the manufacturer for aerial application use. The tail cone and empennage assemblies were of semi-monocoque construction. From the tailcone forward, a welded, tubular-steel structure was incorporated, which was covered with aluminum skin panels. It was equipped with a liquid dispersal system, which included a fiber glass reinforced plastic hopper which was located immediately forward of the cockpit, and a conventionally configured heavy duty landing gear system, which consisted of chrome-vanadium steel main landing gear springs, and a spring-steel tubular tail wheel spring, with a steerable tailwheel. It was powered by a normal aspirated, 230 horsepower, six-cylinder, horizontally opposed, air cooled, engine. 

The interior of the airplane was internally corrosion-proofed, and the external finish was acid resistant.

According to FAA and maintenance records the airplane was manufactured in 1973.

On April 27, 1973, the airplane was sold by the Cessna Aircraft Company to an operator in Montana and was registered as N21796.

On July 24 1973, the airplane was sold to an operator in Canada, and was removed from the United States Civil Aircraft Registry and registered in Canada as C-FFZI.

On July 12, 1982 the airplane was involved in an accident during landing which damaged the landing gear, one of the wings, and the vertical stabilizer.

On March 24, 1994 it was sold to an operator in Colorado, and reinstated on the United States Civil Registry as N59JK. 

On July 16, 1997, the airplane was modified by the installation of Aeronautical Testing Service, Inc. vortex generators on the wings and ""Split Flaps"" on the lower trailing edge of the inboard stub wing.

On April 2, 2008, it was sold by the operator in Colorado and over the next year was operated by a succession of operators.

On September 14, 2009, it was purchased by Hopkins Flying Service.

On April 7, 2013 a Knisley Welding aftermarket modified exhaust system was installed.

On April 7, 2013, t

While spraying a cotton field, the pilot completed a pass and, at the end of the field, pulled up to turn to the right. During the climb, he applied right rudder, but the right rudder pedal assembly broke off, allowing the pedal full travel to the back of the hopper tank. The pilot was able to return to the airfield and make an uneventful landing, but during the landing roll, the airplane began to turn left, and the pilot had no way to correct since the right rudder, right brake, and right tailwheel steering were not operable. The airplane then exited the left side of the runway and entered a soybean field, causing the right main landing gear to collapse and the right wing to impact the ground and sustain substantial damage. 

Postaccident examination of the rudder pedal assembly revealed the right rudder pedal arm had separated from its mounting location on the right rudder bar. Both were constructed of steel tubing. The external surfaces of the right rudder pedal arm exhibited areas with disbonded topcoat paint and exposed steel with minor surface corrosion. Internally, the right rudder pedal arm exhibited heavy rust scaling over all surfaces and rust scale that had sloughed from the surfaces had collected at the base of the right rudder pedal arm, where it attached to the right rudder bar. Although measurements of the tube wall's thickness at the top of the rudder pedal arm appeared to be full thickness, with measurements of 0.054 inch, 0.053 inch, 0.056 inch, and 0.055 inch (measured at 90 degree intervals around the circumference), measurements of the tube wall's thickness at the point of the fracture were only 0.030 inch at the thickest point and 0.013 at the thinnest point. 

The airplane was equipped with a liquid dispersal system, including a hopper tank located immediately forward of the cockpit. Remnants of corrosion product had adhered to silicone plugs that were at the top of the rudder pedal arm tubing, indicating that the corrosion product was present before the application of the silicone sealant. The plugs had likely been inserted in an attempt to keep contaminants (chemicals from the hopper tank and water from cleaning) out of the rudder pedal arms. 

Review of the Service Manual and Illustrated Parts Catalog revealed that the manufacturer had published inspection criteria for the airplane based on operating usage and operating environment. The criteria provided mandatory inspection intervals for components and airplane structures. The manufacturer also offered a supplemental Corrosion Prevention and Control Program to help prevent or control corrosion in the airplane's primary structure so that it did not cause a risk to continued airworthiness as the airplane aged. A supplemental inspection document also included guidance regarding corrosion inspection and corrosion control of the rudder system. Review of the maintenance records revealed no record of the modifications and no record of an inspection of the rudder system per the supplemental inspection document.

A failure of the right rudder pedal arm due to corrosion as a result of inadequate maintenance and inspection of the rudder pedal assembly.",CESSNA,188B,36.0,Aircraft-Aircraft systems-Flight control system-Rudder control system-Fatigue/wear/corrosion - C,Prior to flight Aircraft maintenance event,-0.3646840885632052,5.1724137931034475,583030.0,3.05,stable,strong_growth,3.213693471747203,-6.093354794205563,mild_growth,strong_decline
20130911X14426,2,0,VMC,Daylight,UNK,PIC,500-2000,2013,9,"HISTORY OF FLIGHT

On September 11, 2013, at 0923 eastern daylight time, a Bender Mustang II, N691LB, was destroyed when it impacted a taxiway and hangar during takeoff from Smoketown Airport (S37), Smoketown, Pennsylvania. The private pilot/owner/builder was seriously injured, and the airplane was consumed by post-crash fire. Visual meteorological conditions prevailed, and no flight plan was filed for the personal flight, which was originating at the time of the accident. The flight was conducted under the provisions of Title 14 Code of Federal Regulations Part 91. 

Witnesses indicated the airplane had just lifted from runway 28 at ""full power"" when the wings rocked steeply to the left, and then to the right. One witness described the attitude of the airplane as a ""knife edge."" The airplane descended and subsequently impacted the parallel taxiway on the north side of the airport, and continued into a hangar. The witnesses described the sound of the engine as smooth, continuous, and at ""full power"" until ground contact. The engine separated from the airframe, and the cockpit area caught fire. The pilot egressed under his own power, and received help from the witnesses to extinguish the flames on his clothing. 

The witnesses asked the pilot if he intended to fly, as he had been performing ground testing of the airplane, and he replied, ""Yes."" When asked if the airplane was responding to his control inputs, he also replied, ""Yes.""

Prior to being transported to the hospital, the pilot reported to police that he had been conducting several high-speed taxi tests to identify ground-handling issues with the airplane. He stated that he had never flown the airplane, had not intended to fly, and that the airplane ""suddenly"" lifted from the runway. Once airborne, he was unable to control the airplane and it almost immediately impacted the ground and caught fire. He reported that he egressed the airplane under his own power.

PERSONNEL INFORMATION

The pilot/owner held a private pilot certificate with ratings for airplane single engine land and instrument airplane. He did not possess a helicopter rating. The pilot also held a repairman experimental aircraft builder certificate for a Rotorway Exec 162F helicopter, but not for the Mustang II. His pilot logbooks were not recovered, and therefore his total flight experience could not be determined. His most recent Federal Aviation Administration (FAA) third class medical certificate was issued on April 11, 2011. The pilot reported 977 total hours of flight experience on that date.

The pilot died in the hospital on November 23, 2013.

AIRCRAFT INFORMATION

The experimental amateur-built airplane was constructed from a kit. According to the kit manufacturer's records, the pilot/owner/builder first purchased fuselage and empennage kits in 1999. In 2001, a wing kit was purchased and in 2008 an engine cowling and propeller spinner were shipped to the pilot/owner. An invoice that referenced a main landing gear leg, or potentially a landing gear leg repair was dated February 2012.

According to FAA records, the airplane was manufactured in 2005, and the airworthiness certificate was issued October 27, 2011. During a post-accident telephone interview, the FAA inspector who completed the inspection and issued the airworthiness certificate specifically recalled that during the inspection he had checked the flight controls for proper and corresponding movement, and noted no anomalies.

Photographs of the maintenance records for the airplane were taken at the time of the inspection, but records documenting the period of time following the airplane's certification were not recovered. 

Searches conducted by the FAA, police, friends and family members for the records were unsuccessful. As such, it could not be determined if any subsequent condition inspections or modifications had been made to the airplane since its certification. 

According to the manufacturer's records, the

The pilot/owner/builder had received an airworthiness certificate for the airplane nearly 2 years before the accident, but he had not flown the airplane. He and witnesses reported that he had been conducting taxi-testing of the airplane on the day of, and for months before, the accident. Witnesses indicated that, on the day of the accident, the airplane had just lifted off from runway 28 at ""full power"" when the wings rocked steeply first to the left, and then to the right. One witness described the attitude of the airplane as a ""knife edge."" The airplane descended, impacted the parallel taxiway, and continued into a hangar, where it was mostly consumed by post-crash fire. The witnesses described the sound of the engine as smooth, continuous, and at ""full power"" until ground contact, suggesting that the pilot had not attempted to abort the high-speed taxi test/takeoff. Immediately after the accident, the pilot reported to witnesses that he had intended to fly and that the airplane was responding to his control inputs. Before being transported to the hospital, the pilot reported to police that he had been conducting several high-speed taxi tests to identify ground-handling issues with the airplane. He stated that he had never flown the airplane, had not intended to fly, and that the airplane ""suddenly"" lifted from the runway. Once airborne, he was unable to control the airplane, and it subsequently descended into the ground and caught fire. Due to the pilot's contradictory statements, it could not be determined whether the accident flight was the result of an accidental takeoff during a high-speed taxi test or a premeditated intent to conduct a first test flight of the airplane.

Postaccident examination of the airframe and engine revealed no obvious evidence of any pre-impact mechanical malfunctions or failures; however, due to the damage sustained during the impact and the post-impact fire, the airplane's specific pre-accident on-ground and in-flight handling characteristics could not be qualified or evaluated. In an interview following the accident, a local flight instructor stated that the pilot had no flight experience in the accident airplane make and model and had only flown once in the 3 1/2 years before the accident, which was a flight review with the instructor. The instructor stated that he had accompanied the pilot during ground tests of the airplane and that during those tests, he found the airplane was ""uncontrollable."" When asked by the pilot if he would perform the initial flight testing of the airplane, the flight instructor refused because he thought the airplane was ""unsafe."" He counseled the pilot to obtain instruction in the accident airplane make and model, and when the pilot dismissed that notion, he advised the pilot to obtain instruction in a ""high performance tail-dragger."" The pilot also dismissed that advice and said he had learned to fly in a relatively low performance tailwheel-equipped airplane and that was adequate training for the accident airplane.

The pilot/owner/builder's failure to abort the takeoff and his subsequent failure to maintain airplane control. Contributing to the accident were the pilot's total lack of experience in the accident airplane and his lack of flying experience in the 3 1/2 years before the accident.",JOSEPH BENDER,MUSTANG II,74.0,Aircraft-Aircraft oper/perf/capability-Performance/control parameters-Directional control-Not attained/maintained - C,Takeoff Loss of control in flight,-0.3646840885632052,5.1724137931034475,583030.0,3.05,stable,strong_growth,3.213693471747203,-6.093354794205563,mild_growth,strong_decline
20110918X02047,2,0,VMC,Daylight,UNK,PIC,<500,2011,9,"On September 17, 2011, about 1434 eastern daylight time, a North American T-28C, N688GR, registered to and operated by a private individual, collided with terrain during a low altitude aerobatic maneuver at the Eastern WV Regional Airport/Shepherd Field (MRB), Martinsburg, West Virginia. Visual meteorological conditions prevailed at the time and no flight plan was filed for the 14 Code of Federal Regulations (CFR) Part 91 aerobatic demonstration flight. The airplane sustained substantial damage, and the airline transport pilot, the sole occupant, was fatally injured. The flight originated from MRB about 1425.The purpose of the flight was a 15 minute performance of aerobatic and non-aerobatic maneuvers by 6 pilots of the Trojan Horsemen Demonstration Team (Trojan Horseman) for Thunder Over the Blue Ridge Open House and Air Show at MRB. The accident flight occurred during the single performance of the Trojan Horsemen that day; a single performance of the Trojan Horseman was also scheduled for the following day.

The pilot of the accident airplane was the No. 6 position for the Trojan Horsemen demonstration. As part of the flight, the Nos. 5 and 6 airplanes were to complete an opposing pass, crossing at show center at an altitude of 500 feet with smoke on, with an aileron roll immediately following the pass. After completion of the opposing pass, the accident pilot was to follow the formation with a four-point roll, and rejoin the formation behind the crowd. The accident occurred during the opposing pass maneuver.The pilot of N28XT who was flying in the No. 5 position reported that he and the accident pilot were laterally displaced and flying towards each other. Their flight paths were to cross at 300 feet above ground level, and then both were to perform an aileron roll.

The pilot of N28XT was to roll to the right after crossing, while the pilot of the accident airplane was to roll to the left after crossing. The pilot of N28XT reported that the accident pilot announced their standard callouts of ""key"" ""rolling in,"" ""in sight,"" ""smoke on,"" ""nose up,"" and ""roll up now,"" but he did not call ""smoke off,"" which was his first indication that something was wrong with the accident pilot. After crossing and before the next pass, he radioed the accident pilot because he did not observe him in the air, but there was no response. Another member of the team also attempted to communicate with the pilot of the accident airplane, but was unsuccessful. The pilot of N28XT flew over the airport and noted movement of fire rescue vehicles, but thought they were responding to a grass fire until he observed the empennage of the accident airplane. He informed the pilots of the other four airplanes of the crash, and joined them in formation. The five airplanes diverted to a nearby airport and landed uneventfully. A postaccident inspection of N28XT revealed no damage. The rest of the team later reported they did not witness the accident sequence prior to ground contact.
A military pilot who witnessed the accident sequence reported seeing a clean separation of the eastbound and westbound aircraft during the opposing pass. It appeared to the witness that both aircraft pitched up about the same time to begin the aileron roll; however, the eastbound aircraft (N28XT) appeared to pitch up slightly higher than the accident airplane. The witness noted that the pilot of the accident airplane initiated a roll to the left, which he described as more consistent with a slow barrel roll rather than an aileron roll. It appeared to the witness that the roll slowed, then stopped as it reached the 90-degree point. The airplane then descended and impacted the ground.

Another military pilot familiar with aerobatic maneuvers reported that he observed the accident airplane following the opposing pass. He described seeing the initiation of an aileron roll, which in his opinion degraded into a barrel roll. From this point, the airplane descended and impacted the groun

After takeoff for an airshow performance, the pilot performed maneuvers consisting of a barrel roll, loop, and an opposing pass with another airplane, culminating with an aileron roll. Witnesses and recorded video indicated that after the two airplanes crossed, the accident pilot began an aileron roll to the left, which degraded into a barrel roll. After completing about 270 degrees of the roll, the airplane stopped rolling and continued in a right-wing-down, nose-low attitude until impact. Review of the video revealed no separation of airplane parts and no obvious attempt by the pilot to recover. Postaccident examination of the airframe and flight controls and a cursory examination of the engine revealed no evidence of preimpact failure or malfunction that would have precluded normal operation. 

According to the pilot's medical records, he developed early onset coronary artery disease and suffered a heart attack (myocardial infarction) at age 46, requiring urgent four-vessel coronary artery bypass graft (CABG) surgery in 2003. One of his grafts failed in the first year, and further intervention by surgery or angioplasty was deemed impossible. The pilot was aggressively treated for high cholesterol following his heart attack and also developed diabetes. Even with intensive treatment, atherosclerosis will predictably continue to develop. Thus, the risk of death and other major adverse cardiovascular events following CABG is significant and increases over time. Studies indicate that by 8 years following CABG surgery, approximately 30 percent of diabetic patients have died; this increases to nearly 40 percent by 12 years. 

Following his surgery, the pilot applied for a special issuance of his medical certificate. During that process, he did not indicate that he intended to fly aerobatics. The pilot received a special issuance third class medical certificate, which was renewed annually. However, he was not asked again about the types of flying he was doing or intending to do. Although the pilot routinely passed regular exercise stress testing as part of the special issuance requirements, his personal medical records indicated that he had a small area of his heart muscle that was repeatedly identified as at risk on nuclear imaging studies. 

The sudden changes in cardiac work associated with g-loading and unloading may be an independent risk factor for cardiac arrhythmia in the setting of a scar resulting from previous infarction. Even without g-loading, the risk of arrhythmia is highest in the first minutes, hours, and days after a heart attack. According to autopsy results, the medical examiner found a ""fresh"" area of myocardial infarction (heart attack) on the gross pathology; however, no microscopic analysis was performed. That the medical examiner was able to identify an area of grossly abnormal tissue suggests the event occurred hours to a couple of days previously. A closer approximation of the timing of the pilot's final myocardial infarction could not be determined.

The evidence indicates that the pilot likely became impaired or incapacitated while flying a low-altitude aerobatic maneuver soon after suffering a heart attack. The FAA knew about the pilot's medical condition and appropriate procedures had been followed during the evaluation for his aerobatic competency card. Currently, there are no limitations to permitted flight characteristics for special issuance medical certificates, including those issued for cardiac disease.

In January 1999, as a result of several investigations involving pilot incapacitation, including accidents during airshow performances, the NTSB issued Safety Recommendations A-99-1 and -2 asking the FAA to, respectively, ""restrict all pilots with special issuance certificates due to cardiac conditions that could affect their g-tolerance from engaging in aerobatic flight"" and ""restrict all pilots taking medication that reduces g-tolerance from engaging in aerobatic flight."" In evaluat

The pilot's impairment or incapacitation that occurred during a low-altitude aerobatic maneuver due to complications from a recent heart attack, resulting in his inability to maintain control of the airplane. Contributing to the accident was the Federal Aviation Administration's willingness to allow an airman with well-documented, severe coronary artery disease to perform high-risk, low-altitude aerobatic maneuvers.",NORTH AMERICAN,T-28C,54.0,Personnel issues-Physical-Impairment/incapacitation-Cardiovascular-Pilot,Maneuvering-aerobatics Miscellaneous/other,0.4639543183440509,0.9646302250803984,579890.0,3.14,stable,stable,2.7765613364195474,-4.332593717155198,mild_growth,mild_decline
20130215X10538,3,0,VMC,Daylight,UNK,PIC,<500,2013,2,"HISTORY OF FLIGHTOn February 14, 2013, about 1630 eastern standard time, a Cessna 310H, N104DR, operated by a private individual, was substantially damaged during impact with terrain, while maneuvering near Yeehaw Junction, Florida. The private pilot, pilot-rated passenger and a second passenger were fatally injured. Marginal visual meteorological conditions prevailed and no flight plan was filed for the flight that departed Sebastian Municipal Airport (X26), Sebastian, Florida, about 1600; destined for Bartow Municipal Airport (BOW), Bartow, Florida. The personal flight was conducted under the provisions of 14 Code of Federal Regulations Part 91.

According to information from the Federal Aviation Administration (FAA), earlier during the day of the accident, the airplane flew uneventfully from Nassau, Bahamas to Palm Beach International Airport (PBI), West Palm Beach, Florida. The airplane arrived at PBI about 1200, cleared U.S. Customs, and the pilot purchased 20 gallons of aviation gasoline at 1338.

About 1455, the pilot-rated-passenger contacted Vero Beach Municipal Airport (VRB), Vero Beach, Florida air traffic control tower and advised that he was ""scud running up the coast"" at 500 feet to X26. The controller responded that the transition through the VRB airspace was approved and she provided the current altimeter setting. The pilot-rated-passenger acknowledged the controller's transmission and no further communications from the accident airplane were received by VRB tower.

The airport manager at X26 stated that the accident airplane landed there about 1515 and parked on the ramp for approximately 45 minutes. During that time, the occupants remained in the airplane and did not come in to the fixed based operator. The airplane then departed about 1600 and flew northwest.

The pilot's wife stated that he had telephoned her while at X26. He had intended to clear U.S. Customs at Saint Lucie County International Airport (FPR), Fort Pierce, Florida, but diverted to PBI due to weather. The pilot's wife then told him that the weather was bad in Winter Haven, Florida, as it was rainy and dark. The pilot's wife believed that he was going to stay at X26 overnight.

The pilot-rated-passenger subsequently contacted Orlando Approach at 1620 and reported that the flight had entered inadvertent instrument meteorological conditions and he needed assistance. The approach controller acknowledged the transmission and instructed the pilot-rated-passenger to set the airplane's transponder code to 0311. The pilot-rated-passenger then asked at what height the tops of clouds were and could he climb out of them. The controller replied that she needed the transponder code set to 0311 to find him and asked if he knew their position; however, no further communications were received from the accident airplane. The controller then instructed the pilot-rated-passenger that if he could hear her, to contact Miami Center 135.7. The controller subsequently transmitted that VRB was 8 miles east of their current position. No communications from the accident airplane were received by Miami Center.

Review of radar data revealed that the first target with a 0311 transponder code was recorded at 16:22:13, indicating 8,900 feet above mean sea level (msl), about 10 miles southwest of X26. The airplane then completed three left circuits and descended to 1,800 feet at 16:24:14. It subsequently made a right circuit, descending to 900 feet and proceeded southwest, eventually descending to 200 feet at 16:27:07. During the last 3 minutes of radar data, the airplane was traveling southwest between 100 and 200 feet msl. The final target was recorded at 16:29:56, while the airplane was in a left circuit at 200 feet, about 1/8 mile southwest of the accident site. PERSONNEL INFORMATIONThe pilot, age 67, held a private pilot certificate with ratings for airplane single-engine land, airplane single-engine sea, and airplane multiengine land. The pilot did not pos

The noninstrument-rated pilot, copilot, and the passenger were attempting to return from the Bahamas to Florida; a weather front was passing over Florida at the time. The copilot had contacted flight service before the initial flight and learned of thunderstorms in the area; the flight had to divert from its planned destination. The copilot contacted flight service before a second flight, and the flight service specialist advised that visual flight rules flight was not recommended due to low cloud ceilings and visibility. The pilot decided to land at an airport closer to his destination. At that airport, the copilot again contacted flight service and remarked that he was trying to figure out how to ""scud run"" to get home. He also spoke to his wife, who told him that the weather ""was bad"" at their final destination, and she reported that she thought they would delay their flight until the next day. Even though his calls to the weather briefer and his wife indicated adverse weather along the route of flight and at the destination, the copilot likely advised the pilot to continue the flight. About 20 minutes into the flight, the copilot contacted the Orlando approach controller and reported that they had inadvertently entered instrument meteorological conditions (IMC). The controller instructed him to set the transponder code to 0311 so that she could locate the airplane and then to contact Miami Center; however, no further communications were received from the copilot. 

Review of radar data revealed that, shortly after contacting Orlando Approach control, while the controller was attempting to locate the airplane, it descended in three left circuits from 8,900 feet mean sea level (msl) to 1,800 feet msl. It subsequently made a right circuit, descended to 900 feet msl, and continued to proceed toward the destination airport, eventually descending to 200 feet msl. The last 3 minutes of radar data showed the airplane flying at an altitude between 100 and 200 feet msl. The final radar target was recorded while the airplane was in a left circuit at 200 feet, about 1/8 mile southwest of the accident site. The wreckage was located the following day in a heavily wooded, deep water, swamp area, and no debris path was observed. Given the radar data and the existence of marginal visual conditions, moderate rain, and the pilot not being instrument rated, it is likely that the pilot experienced spatial disorientation.

Two toxicological tests revealed measurements of diphenhydramine in the pilot's blood at levels within or well above the therapeutic range indicating that the pilot likely took the drug about 2 to 3 hours before the accident. Diphenhydramine causes marked sedation and is also classed as a depressant and used as a sleep aid. Altered mood and impaired cognitive and psychomotor performance may also be observed. Therefore, it is very likely that cognitive and psychomotor impairment caused by diphenhydramine contributed to the pilot's poor judgment about flying in marginal weather conditions and may have further impaired his ability to appropriately cope with relatively unfamiliar flying conditions when he flew into IMC.

The noninstrument-rated pilot's improper decision to continue visual flight rules flight into instrument meteorological conditions and his subsequent spatial disorientation. Contributing to the accident was the copilot's improper evaluation of the weather conditions after receiving several weather briefings for the flight. Also contributing to the accident was the pilot-in-command's cognitive and psychomotor impairment due to recent use of an overthecounter sedating antihistamine and the pilots' personal pressure to get home.",CESSNA,310H,67.0,Personnel issues-Action/decision-Info processing/decision-Decision making/judgment-Pilot - C,Enroute-cruise VFR encounter with IMC,-0.022089608465969413,4.153354632587858,583856.0,3.26,stable,mild_growth,-1.193080220067655,-3.2975085490962286,mild_decline,mild_decline
20130215X30422,4,0,VMC,Daylight,UNK,PIC,<500,2013,2,"HISTORY OF FLIGHTOn February 14, 2013, about 1221 eastern standard time, a Eurocopter MBB-BK-117 C-2, N481LF, operated by Geisinger Medical Center, doing business as Life Flight, was substantially damaged when the main rotor contacted a flag marker, mounted on a construction crane, during approach, at Geisinger Rooftop Heliport (79PN), Danville, Pennsylvania. The pilot, flight nurse, flight paramedic, and patient were uninjured. Visual meteorological conditions prevailed for the Title14 Code of Federal Regulations (CFR) Part 135 helicopter emergency medical services (HEMS) flight, which originated at Muncy Valley Hospital Heliport (7PS5), Muncy, Pennsylvania at 1210.

According to the pilot, they departed their base at Primrose Heliport (25PS), Minersville, Pennsylvania for 7PS5 to pick up a patient for an interfacility transfer. After arriving at 7PS5 at 1142, the patient was loaded and they departed for 79PN at 1212. The patient was ""doing poorly"" and there was some initial consideration as to whether the patient was alive and whether to fly him at all. After departure, the pilot climbed to 2000 feet above mean sea level (msl) and flew on an approximate 160 degree magnetic heading, direct to 79PN.

As the helicopter approached the mountains near Danville the pilot turned slightly right to pass through a gap in the ridgeline and continued to fly direct to the heliport. The pilot then radioed in that he was ""3 minutes out."" Around this time the medical team intubated the patient, and he was advised by the communications center that there were two people on the roof to assist him. He then observed two individuals on the rooftop landing pad, which ""while not abnormal"" was ""not routine"". He was ""a bit concerned"" as he wanted to make sure the personnel were clear of the helipad prior to him getting any closer.

The pilot recalled that he was somewhat more attuned to the patient's condition as the medical crew was working hard to keep the patient alive and were moving about the cabin unrestrained. He continued descending, and commenced his final approach to the rooftop helipad. About 100 yards from touchdown he noticed something ""orange"" out of the left window. At almost the same time the flight paramedic mentioned that he ""saw something orange"". The pilot then felt a ""slight low frequency vibration"". This vibration was also noticed by the flight nurse. About 6 seconds later, he landed on the landing pad, executed an emergency shutdown, and then cleared the crew to exit.

According to contractors who were operating a construction crane near the heliport, they were lowering a piece of equipment onto the roof of a building when one of them observed a helicopter approaching. Another one of the contractors then observed that ""all of a sudden."" He saw one of the blades of the helicopter hit the safety flag (flag marker) which was mounted on the top of the construction crane boom, and ""pieces of wood and flag were flying all over the place."" At this point, the contractors stopped all operations with the construction crane, to confirm that all of their personnel were uninjured, and to insure that the boom and cable did not receive any damage. PERSONNEL INFORMATIONAccording to Federal Aviation Administration (FAA) and pilot records, the pilot held an airline transport pilot certificate with ratings for rotorcraft-helicopter, commercial privileges for airplane single-engine land, airplane multiengine-land, and instrument airplane, and held type ratings for the SK-64 and SK-65. He also held a flight instructor certificate with ratings for rotorcraft-helicopter and instrument helicopter. His most recent FAA first-class medical certificate was issued on September 11, 2012. He reported 3,035 hours of total flight experience, 12 of which was in the accident helicopter make and model. AIRCRAFT INFORMATIONThe accident aircraft was a twin-engine medium utilitytransport helicopter of conventional construction, configured for emergency medic

The pilot reported that, as the helicopter approached mountainous terrain near the hospital during a helicopter emergency medical services (HEMS) flight, he turned the helicopter slightly right to pass through a gap in the ridgeline and then continued to fly directly to the heliport. The pilot then radioed that he was ""3 minutes out."" About this time, the medical crew intubated the patient, and the communications center advised the pilot that two people were on the roof to assist him. He then observed two individuals on the rooftop helipad, which, ""while not abnormal,"" was ""not routine."" He was ""a bit concerned"" because he wanted to make sure the personnel were clear of the helipad before landing. The pilot recalled that he was somewhat more attuned to the patient's condition because the medical crew was working hard to keep the patient alive and was moving around the cabin unrestrained. He continued descending the helicopter on a straight-in approach and began the final approach to the rooftop helipad. About 100 yards from touchdown, he noticed something ""orange"" out of the left window. At almost the same time, the flight paramedic mentioned that he also ""saw something orange."" The pilot then felt a ""slight low frequency vibration,"" which was also noticed by the flight nurse. About 6 seconds later, he landed the helicopter on the helipad, executed an emergency shutdown, and then cleared the crew to exit.

A contractor who was operating a construction crane near the heliport reported that he was lowering a piece of equipment onto the roof of a building when he observed a helicopter approaching. Another contractor then observed one of the helicopter's blades contact the flag marker, which was mounted on the top of the construction crane boom, and ""pieces of wood and flagflying all over the place."" Examination of the helicopter confirmed that the main rotor had contacted the flag marker and that one of its blades was substantially damaged. According to the pilot, neither he, the flight nurse, nor the flight paramedic had seen the construction crane before the helicopter contacted it while approaching the helipad.

Review of photographs taken after the accident revealed that the pilot's straight-in approach to the rooftop helipad passed over the location of the construction crane, which was positioned next to a nearby building. Flight crews had been notified of the construction crane's position 2 days before the accident, and the pilot believed that he had briefed the crew about the presence of the construction crane at the medical center. According to the notification, the crane was to be in position between about 0700 to 1000 local time and was going to have a beacon on top because of the proximity of the helipad. However, no beacon was installed, and the crane was still in use and in position 2 hours 21 minutes after the notification advised that the work was supposed to be completed. 

No evidence was found indicating that the continued operation of the construction crane nor its presence was transmitted to the flight crewmembers when the flight was approaching the hospital. The investigation revealed that the communications technician was on the rooftop helipad at the time of the accident, not at her duty station manning the radio. The investigation also revealed that another helipad, which was located at ground level and was not near the construction crane, was available at the time of the accident and could have been used for the landing. 

If the pilot had been provided with correct information about the construction crane's operation time and its presence or if he had used the available ground-level helipad, he would have been more likely to have avoided the crane. However, if the pilot had followed the guidance in the company's general operations manual, which required that a high-orbiting reconnaissance be completed before beginning the approach and that all published helicopter procedures for the heliport

The pilots decision to conduct a straight-in approach to the helipad, which resulted in the main rotor blade impacting a construction crane flag marker. Contributing to the accident was the erroneous information about the construction cranes operation time and the pilots self-induced time pressure, which resulted from his awareness of the patients medical situation during the flight.",EUROCOPTER DEUTSCHLAND GMBH,MBB-BK 117 C-2,55.0,Personnel issues-Task performance-Planning/preparation-Flight planning/navigation-Pilot - C,Prior to flight Preflight or dispatch event,-0.022089608465969413,4.153354632587858,583856.0,3.26,stable,mild_growth,-1.193080220067655,-3.2975085490962286,mild_decline,mild_decline
20130218X22833,2,0,VMC,Daylight,UNK,PIC,<500,2013,2,"HISTORY OF FLIGHTOn February 18, 2013, at 1424 Pacific standard time, a Bell 206B helicopter, N20620, collided with power transmission lines near Eureka, Nevada. El Aero Services, Inc., owned the helicopter, which was being operated by the Bureau of Land Management (BLM), U.S. Department of the Interior (DOI), as a public-use seed-dispersal flight. The commercial pilot sustained fatal injuries; the helicopter was substantially damaged during the accident sequence. The flight departed about 1420 from a temporary loading area 2 miles east of the accident site. Visual meteorological conditions prevailed, and no flight plan had been filed.

The helicopter was utilized for a low-level (100-200 feet above ground level) aerial reseeding project for the area damaged by the ""Pinto Fire,"" which occurred in June 2012, just east of Eureka. The land was managed by the BLM, and the services of El Aero were retained for the DOI utilizing an ""On Call"" contract.

At 0700 on the morning of the accident, the pilot departed in the helicopter from Ely Airport (Yelland Field), Ely, Nevada. He proceeded 40 miles south-southwest to a helispot south of Lund, at the base of Ninemile Mountain. Over the course of the next 2 hours he performed about 10 separate seed application runs utilizing a seeder attached to the bottom of the helicopter, returning to the helispot to reload each time. At 0947, he departed for a second helispot 70 miles northwest in the Pinto Creek Ranch area, along the eastern foothills of the Diamond Mountains range. From there he flew a reconnaissance mission along the intended drop zone with the BLM Helicopter Manager. The manager stated that during the flight he made the pilot aware of two separate sets of power transmission lines in and around the seeding area. The pilot had experience flying in that area before, and informed the manager that there was in fact a third set of power lines in the seeding area.

The pilot then performed multiple uneventful seed-dispersal runs throughout the morning. The operation continued after lunch, however, after departing for the last drop of the day, he did not return. A search was initiated, and at 1500 the helicopter wreckage was located. PERSONNEL INFORMATIONThe 74-year-old pilot held a commercial pilot certificate with ratings for airplane single and multi-engine land, rotorcraft-helicopter, and instrument airplane. He additionally held a flight instructor rating for airplane single and multi-engine, and rotorcraft-helicopter, as well as an airframe and powerplant mechanic certificate with inspection authorization. Due to a history of diabetes he held an aviation medical examiner assisted special issuance (AASI) second-class medical certificate issued in April 2012, with limitations that he must wear lenses for near and distant vision. At the time of application for the medical certificate, he reported a total flight experience of 37,500 flight hours. His most recent airman competency/proficiency check was performed on April 26, 2012.

The pilot was involved in another helicopter accident, which occurred while herding horses on October 18, 2007, in Medora, North Dakota. The NTSB determined the probable cause of the accident as, ""The pilot failed to maintain clearance from the fence while maneuvering at a low altitude"". See NTSB accident number CHI08CA021 for further details. AIRCRAFT INFORMATIONThe helicopter was manufactured in 1981 and equipped with a Rolls-Royce/Allison 250-C20B gas turbine engine.

A review of the maintenance logbooks revealed that the last inspection was for a 100-hour engine and airframe exam dated February 8, 2013. At that time the airframe had accumulated a total flight time of 15,540 hours, with the engine accruing 1,492.8 hours since major overhaul.

The helicopter was equipped with a seed spreading system, the operation of which was controlled by the pilot in conjunction with the onboard agricultural navigation system. The seeder consisted of a bucket

The pilot was flying a helicopter as part of a Department of Interior (DOI) reseeding project when the helicopter struck the static line above a set of power transmission lines. Postaccident examination of the engine and airframe revealed no evidence of mechanical malfunctions or failures that would have precluded normal operation. The length and direction of the debris field was consistent with the helicopter traveling in the direction of, and at a rate of speed consistent with, a seed dispersal run.

The pilot was familiar with the area and was aware of the transmission lines, having performed a reconnaissance flight and flown over them multiple times during the previous flights that day. In the area of the accident site, the power lines began an ascent up an adjacent hill, with the static lines diverging such that they were about 40 feet higher than the power lines at the collision location. The static lines were of thinner gauge and could easily have been obscured by the surrounding hilly terrain. The lines were depicted on the relevant Federal Aviation Administration sectional chart. The helicopter was not equipped with a wire strike protection system nor was it required to be under the terms of the DOI contract. Neither the power nor static lines were equipped with visibility markers nor were they required to be due to their elevation above ground level.

The pilot had flown 40.5 hours over the last 5 days as part of the reseeding project, which was just short of the DOI contract maximum. A review his sleep history indicated that he received adequate rest the night before the accident. On the morning of the accident, he had flown 10 application runs in an area about 70 miles away. He took a lunch break about 3 hours before the accident, then flew 20 separate seed application runs and 10 reloads. His total flight time for that day was 6.6 hours. The low-level and ""nap of the earth"" flight operations required considerable concentration, most likely resulting in task-and/or work-related fatigue at the end of the day. By comparison, the United States Army recommends a maximum flight time of 8 hours per day or 37 hours per week, with a reduction of a factor of 1.3 to 1.6 for low-level and ""nap of the earth"" flying; thus the pilot would have exceeded their duty hour recommendations for each of the 5 days leading up to and including the accident day.

The pilot held an assisted special issuance second-class medical certificate based on a reported history of diabetes for which he was taking medication. His most recent medical examination revealed a new diagnosis for hypertension, as well as preexisting cataracts in both eyes, which exhibited no change since his last examination a year prior. In part due to the lack of an autopsy, the relevance of these findings, combined with his likely work-related fatigue, could not be determined.

The pilots failure to maintain clearance from a wire while maneuvering during low-altitude operations. Contributing to the accident was task- and/or work-related fatigue.",BELL,206B,74.0,Personnel issues-Psychological-Attention/monitoring-Task monitoring/vigilance-Pilot - C,Maneuvering-low-alt flying Loss of visual reference,-0.022089608465969413,4.153354632587858,583856.0,3.26,stable,mild_growth,-1.193080220067655,-3.2975085490962286,mild_decline,mild_decline
20140819X12142,2,0,IMC,Night,UNK,PIC,<500,2014,8,"On August 18, 2014, at about 2130 Pacific daylight time, a Beech B35, N1160T, collided with terrain while maneuvering near Novato, California. The airplane was registered to and operated by the pilot under the provisions of Title 14 Code of Federal Regulations Part 91 as a personal flight. The private pilot was fatally injured and the airplane was substantially damaged. Visual and instrument meteorological and dark night conditions prevailed in the area at the time of the accident. An instrument flight rules (IFR) flight plan was filed for the flight. The cross-country flight originated from Brookings Airport (BOK), Brookings, Oregon at 1920 with a destination of San Carlos Airport (SQL), San Carlos, California.According to air traffic control (ATC) communications, the pilot was in contact with a SeattleRoute Traffic Control Center (ARTCC) controller and was transferred to an Oakland ARTCC controller during the southbound flight. Soon after being transferred, the pilot reported a loss of engine power. The controller initially gave the pilot vectors to Sonoma County Airport (STS), Santa Rosa, California about 27 miles to the north of (behind) the pilot's position, and followed up by issuing vectors to Gnoss Field (DVO) Novato, about 19 miles to the east of the airplane's position. After that discussion, during which the airplane had turned west, north, and then later east, the pilot reported that the engine power had returned. That statement was about 5 minutes after the pilot's initial notification to ATC of an engine problem. The pilot continued eastbound, and shortly thereafter there was a simultaneous loss of radar and radio contact, when the airplane was about 8 miles west of DVO.

Review of radar data provided by the Federal Aviation Administration revealed a primary target, consistent with the accident airplane, was traveling on a southbound heading at 7,200 feet indicated altitude before descending over the next 7 minutes to about 6,000 feet mean sea level (msl). The radar then depicted a right turn to a northerly heading, while continuing to descend to about 5,000 feet. The data further depicted the target enter a left 270 degree left turn followed by an easterly heading while descending down to below 2,000 feet. The target then ascended to about 3,000 feet and made several left and right turns before heading east towards the DVO area. The last 10 radar targets depicted an easterly heading while descending to about 1,000 feet. The last radar target was about 1/3 mile from the accident location.

The airplane was the subject of an Alert Notification, and the wreckage was located early the next morning, near the location of the last radar contact at an elevation of about 700 feet. About 32 acres of land was burned during the postimpact fire.

A witness located about 2 1/2 miles south-southwest of the accident site described an airplane flying at a low altitude over his house about the time of the accident. He stated the sound of the engine was loud as it passed by overhead, drowning out the sound of the TV that he was watching. The witness's brother that lives 1 1/2 miles further west of the first witnesses house, also stated that an airplane flew over his house about the time of the accident and seemed to be at a low altitude and the sound of the engine was loud. He concluded that there was heavy fog at the time and that didn't clear up until the following day.

PERSONNEL INFORMATION

The pilot, age 51, held a private pilot certificate with an airplane single-engine land, and instrument rating. The most recent third-class FAA medical certificate was issued in June 2008, with no limitations. The pilot reported on that medical certificate application that he had accumulated 650 total flight hours and 50 hours in the last 6 months. The pilot logbooks were not obtained during the investigation.

AIRCRAFT INFORMATION

The four-seat, low-wing, Beechcraft V35B Bonanza, serial number (S/N) D-9928, was manufactured

While en route to the destination airport on an instrument flight rules flight plan in dark night conditions, the instrument-rated private pilot declared an emergency, advised the air traffic controller that the engine was losing power, and stated that he needed to divert. The controller first issued instructions to an airport about 20 miles behind the airplane's position, then offered an airport about 14 miles abeam the airplane's position. The pilot initiated a turn to the first airport, then to the second airport, accordingly. During these transmissions, the controller referred to the positions of these airports as ""radials"" from the airplane, despite the pilot's repeated request for headings.

As the airplane maneuvered, it descended from its cruise altitude of 6,000 ft mean sea level (msl) to about 2,000 ft msl. The controller contacted the airplane and stated that it had descended below the minimum vectoring altitude for that area. About a minute later, the pilot stated that the engine had regained power, again asked for a heading to the diversion airport, then stated that he had ""lost [the] compass."" Over the next 3 minutes, the airplane climbed to about 3,100 ft msl before entering a gradual descent. The controller provided the pilot with vectors, and the pilot asked how far the airplane was from the airport. The controller first provided an incorrect distance of 7 miles, then corrected himself, stating the airplane was 9.7 miles from the airport.  Shortly thereafter, the pilot asked whether the airport was under visual meteorological conditions, to which the controller replied, ""affirmative."" The pilot then stated that he was in the clouds and asked the controller if there were ""any hills"" between the airplane and the airport. The controller did not answer the pilot's question, but instead provided the current weather conditions at the airport. The last transmission from the accident airplane was the pilot stating, ""one thousand feet,"" followed by a series of microphone clicks, indicating that the pilot may have been attempting to activate the airport's pilot-controlled lighting system.

The airplane impacted terrain at an elevation about 700 ft msl about 7 miles from the airport. Examination of the airplane indicated that the landing gear was extended at the time of impact. No mechanical malfunctions or anomalies were identified with the engine, airframe, or gyroscopic flight instruments that would have precluded normal operation; therefore, the investigation was unable to identify the reason for the pilot's reported loss of engine power and ""lost compass."" It is likely that, following the emergency declaration, the pilot began to shed tasks and became completely dependent on the controller for providing orientation. The inaccurate and varying communications from the controller, including the use of the word ""radial"" rather than ""heading,"" could have contributed to a loss of situational awareness. Further, had the controller issued a safety alert to the pilot or provided him with the elevation of terrain located between the airplane and the airport, the pilot may have been able to take action to avoid the terrain.  

Given the radar track of the airplane and the evidence that the landing gear was extended at the time of impact, it is likely that the pilot had configured the airplane for landing and elected to continue the airplane's descent in an attempt to locate the airport. However, despite the automated weather observation indicating the airport was experiencing visual meteorological conditions, witness accounts and additional sources of weather data indicated the presence of heavy fog in the vicinity of the accident site about the time of the accident. It is unlikely that the pilot was able to obtain visual contact with the ground or the airport environment, and descended into terrain as he attempted to do so.

The instrument-rated pilot's decision to conduct a visual approach to the airport in night, instrument meteorological conditions, which resulted in controlled flight into terrain. Contributing to the accident was the pilot's loss of situational  awareness, the controller's failure to provide clear and concise instructions to the pilot following his declaration of an emergency, and the controller's failure to provide adequate information to the pilot regarding the airplane's proximity to terrain.",BEECH,V35B,51.0,Personnel issues-Action/decision-Info processing/decision-Decision making/judgment-Pilot - C,Enroute-cruise Loss of engine power (partial),-0.2368238146094992,-1.3468013468013518,588493.0,2.93,stable,mild_decline,1.2346325354091636,1.7168391345249168,mild_growth,mild_growth
20140820X60812,2,0,VMC,Daylight,UNK,PIC,<500,2014,8,"On August 19, 2014, about 1400 central daylight time, a kit-built Zenith STOL CH 750 airplane, N484XB, collided with terrain while attempting to depart the East Kansas City Airport (3GV), Grain Valley, Missouri. The commercial pilot was seriously injured and the airplane was substantially damaged. The airplane was registered to and operated by a private individual under the provisions of 14 Code of Federal Regulations Part 91 as a personal flight. Visual meteorological conditions prevailed for the flight, which operated without a flight plan. The local flight departed 3GV about 1230.While conducting touch and go landings the airplane was observed by witnesses to climb to about 100 feet above ground level before the airplane rolled and quickly descended. The airplane collided with the ground and substantial damage was sustained to the airplane's fuselage and wings. A postaccident examination of the airplane and engine found only impact damage to the composite propeller.

The airplane was a kit-built Zodiac STOL CH 750 powered by a 110 horsepower Viking Aircraft Engines 110 engine. The airplane was issued a special airworthiness certificate on June 25, 2014, and the airplane was still in Phase 1 testing. On August 10, 2014, the pilot removed the airplane's leading edge slats and did not fly the airplane until August 19. The pilot's son stated that the pilot removed the slats in an effort to make the airplane fly more like a Cessna airplane.

The airplane was equipped with a Dynon Skyview SV-D1000 multi-function display. Data recorded in the device was downloaded by the National Transportation Safety Board Laboratories, Washington, D.C. Data retrieved from the device contained the accident flight. Data recorded the flight's departure at 1230 and recorded the flight as the airplane made a 180 degree turn to the east and climbed to 5,225 feet mean sea level (msl). The data did not contain any stall maneuvers during this portion of the flight.  The airplane then descended and headed back towards 3GV. The flight path was consistent with seven touch and go landings. The first six landings occurred at airspeeds between 42 and 52 knots. On the seventh landing, the airplane landed at 35 knots and accelerated to 45 knots on the runway before the airplane lifted off and began climbing. The airplane was pitched up between 15-20° nose high and rolled left between 5-10°. The airspeed began to decrease as the airplane climbed to about 47 feet above ground level (agl).  The airplane slowed to 39 knots and then began to increase as the airplane remained level about 47 feet agl. The last recorded information showed the airplane at 982 feet msl (about 47 feet agl), airspeed at 44 knots, 12° of pitch, and 7° degrees of left roll. At that time, the engine was operating at 4,867 rpm with a fuel flow of 4.6 gallon per hour. The data ended prior to the airplane's descent and impact with terrain.

According to a representative of Viking Aircraft Engines, electrical power is required to keep the fuel pump, ECU, and engine operational.  Early installations used a single-battery concept and a series of breakers and relays to provide the necessary power to the engine components and other equipment.  Subsequently, a dual battery design incorporated a simpler wiring harness where one battery would provide power to the engine components and a second battery served as a backup. If the airplane is wired as recommended, the alternator enable signal wire will continue to be powered by the alternator through the key switch in the ""on"" position.  If the alternator stays operational, the batteries are not needed to supply electrical current for engine operation.  The current wiring diagram shows that the alternator enable signal wire is powered by either the alternator through a 60 Ampere (A) and 10A fuse or the batteries through the 10A fuse and the ignition switch.  The ECU is powered directly by either battery or alternator. No other components appeared in a

Data from the onboard avionics device revealed that, after conducting a touch-and-go landing, the amateur-built airplane immediately began a low-speed, high-pitch-angle climb. The airplane's airspeed began to decrease as the airplane climbed to about 47 ft above ground level and then began rolling left; the recording then ended. Witnesses reported observing the airplane roll, descend, and impact terrain. The data and the witness statements are consistent with the airplane having experienced an aerodynamic stall. A postaccident examination of the composite propeller found that it did not display signatures of rotation during impact, consistent with a total loss of engine power. 

The engine manufacturer's initial installation used a single battery with a series of breakers and relays to provide power to the engine components and other equipment. This design was subsequently replaced by a dual-battery design that incorporated a simpler wiring harness. The airplane was originally wired for a single-battery operation, and a second battery was subsequently added. However, the simpler wiring harness was not used; instead the electrical path from the alternator to the alternator sense wire used a complex series of fuses to provide power to the components; one of these fuses was found open, which is indicative of an electrical power failure and would have led to the loss of engine power. Although the onboard avionics device did not record the airplane's loss of engine power, descent, or impact with terrain, the interruption of the recorded data likely resulted from the electrical failure. 

The pilot had removed the airplane's slats 9 days before the accident; the accident flight was the pilot's first flight in the airplane with the new configuration. According to the kit designer, the airplane was not designed to fly with the slats removed because it would result in a higher stall speed with a distinct stall break and roll if the flight was not coordinated. In addition, the pilot had recently resumed flying after not having flown in about 45 years. Although he had received 2 hours of dual instruction about 2 months before the accident, after a test flight in a company airplane, another pilot assessed the accident pilot's piloting skills as poor and advised him to obtain further instruction; however, the accident pilot did not do so. Given his lack of recent flight experience, he was likely not properly prepared for how to respond to a loss of engine power and the subsequent stall.

The pilots failure to maintain airplane control during a low-speed, high-pitch climb after the airplane experienced a loss of electrical power and subsequent total loss of engine power, which resulted in an aerodynamic stall. Contributing to the accident was the airplanes modified electrical system and the pilots failure to obtain adequate familiarization and experience in the airplane with the recent slat-removed configuration.",BECKER ELMER L,STOL CH 750,76.0,Personnel issues-Task performance-Use of equip/info-Aircraft control-Pilot - C,Takeoff Electrical system malf/failure,-0.2368238146094992,-1.3468013468013518,588493.0,2.93,stable,mild_decline,1.2346325354091636,1.7168391345249168,mild_growth,mild_growth
20121020X72847,3,0,VMC,Daylight,UNK,PIC,500-2000,2012,10,"HISTORY OF FLIGHT

On October 20, 2012, about 1504 eastern daylight time, a Swift Museum Foundation, Inc., GC-1A, N80823, owned by the pilot, impacted the water of Moriches Inlet, East Moriches, New York. Visual meteorological conditions prevailed at the time of the accident and no flight plan was filed for the 14 CFR Part 91 personal flight from Spadaro Airport (1N2), East Moriches, New York, to Republic Airport (FRG), Farmingdale, New York. The airplane was substantially damaged and the private pilot and 1 passenger were fatally injured. The flight originated from 1N2 about 1455.

The reported purpose of the flight was to return to FRG. An airframe and powerplant mechanic who signed off the last condition inspection was at the south end of 1N2 when the accident flight departed. He reported that what first caught his attention was the sound. The airplane at that time was past the departure end of the runway about 100 feet above ground level (agl), and he described hearing a noise from the engine he described as an after noise. He was asked if it was an after fire, and he advised it was not. He again referred to it as an after noise, which in all his years of experience he could not describe. Because of the noise which he perceived as abnormal, he expected the pilot to return but he did not. He did not observe any smoke trailing the airplane, which disappeared from his view. The witness was asked if he wears any hearing aide devices and he said he does, but at that time was not wearing them because they were in for repairs.

According to data downloaded from the on-board GPS receiver, after takeoff the flight proceeded south to the southern coast of long Island while climbing to 1,473 feet, then turned to the west paralleling the coastline climbing to a maximum altitude of 2,602 feet at 1459:10. The airplane continued on the westerly heading along the southern coast of Long Island and descended to 2,383 feet where at 1500:47, a right turn to the north was made. The flight continued on the northerly heading and descended to 1,812 feet, and at 1501:37, the flight turned to an easterly heading, followed by a southeasterly heading towards the southerly coast of Long Island. The flight then turned to an easterly heading with decreasing altitude and steady groundspeed value of approximately 86 knots. When just west of Moriches Inlet, at 1504:14, the GPS altitude was noted to be 60 feet and the groundspeed was 85 knots, while 7 seconds later, the GPS altitude was noted to be 87 feet and the groundspeed was 75 knots. The final GPS target at 1504:22 indicates the GPS altitude was 89 feet and the groundspeed was 67 knots. The last target was located at 40 degrees 45.8736 minutes North latitude and 072 degrees 45.396 minutes west longitude.

A witness driving eastbound on the beach approximately 200 yards west of the Moriches Inlet jetty reported the accident airplane flew over his vehicle about 30 feet agl. The witness heard a sputtering engine, and assumed that the airplane was in distress, and was going to land on the beach. He then lost sight of the airplane and assumed it had impacted the water in the inlet. He proceeded to the area and observed boaters secured the airplane with anchor lines. The comment about the sputtering engine was echoed by another witness located on the west jetty of Moriches Inlet.

One individual who was on the beach located 1,000 to 1,500 feet west of the Moriches Inlet reported seeing the airplane flying low in an easterly direction. The witness reported the airplane appeared to spook a flock of birds which became airborne, and then observed the airplane pitch up, followed by the nose pitching down; the airplane crashed into the water of the Moriches Inlet.

According to the Federal Aviation Administration (FAA) inspector-in-charge, the accident pilot did not establish contact with any FAA air traffic control facility at any time during the flight, and there was no radar data available for

The airplane departed with an adequate supply of fuel in the main fuel tank but an unknown amount of fuel in the tip tanks. After the airplane took off, the mechanic who performed the last condition inspection and who was near the departure end of the runway noted an unusual sound; he said the sound was abnormal and expected the pilot to return, but he did not. The airplanes GPS indicated that the flight proceeded south to the southern Long Island coastline then turned to the west, paralleling the coastline while climbing to a maximum altitude of 2,602 feet. The flight continued on the westerly heading along the southern coast of Long Island and descended to 2,383 feet and then turned north; the VHF transceiver was set to the Farmingdale automatic terminal information service. The flight continued on the northerly heading and descended to 1,812 feet, then turned to an easterly heading, followed by a southeasterly heading toward the southern coast of Long Island. The flight then turned back to an easterly heading with a steadily decreasing altitude and a steady groundspeed of about 86 knots. When just west of Moriches Inlet, the GPS altitude was noted to be 60 feet, and the groundspeed was 85 knots.

Several witnesses located near the crash site heard a sputtering engine. One witness stated that the airplane was running flawlessly, but he thought it was going to land because it was flying way too slow. Another witness who was located about 1,000 to 1,500 feet west of the Moriches Inlet reported seeing a flock of birds take flight followed by the airplane pitching up and then pitching down into the inlet. 

Postaccident inspection of the airframe, flight controls, engine, and engine systems revealed no evidence of preimpact failure or malfunction. Although minimal damage was noted on the propeller, no evidence of a bird strike was noted on any component of the airplane. The flaps and landing gear were extended, consistent with a precautionary landing.

During the postaccident examination, the left side of the engine exhaust, where it enters the muffler, was circumferentially fractured at a weld, and cracks were noted in a weld-repaired area of the left side exhaust system components; the fracture and cracks can be attributed to overload as a result of impact. There was no evidence of exhaust gas escaping the repaired area. Further, no carbon monoxide was detected in specimens of the pilot or passenger taken during the postmortem examinations. Although a crack to the left side exhaust system had been detected 9 days earlier and repaired at a non-aviation facility, it did not play a role in the accident.

The fuel selector was found positioned to the tip tanks, both of which were breached during the impact sequence; therefore, no determination could be made as to the quantity of fuel in the tanks at the time of the accident. Although the remaining quantity of fuel in the main fuel tank was not quantified during the postaccident investigation, the airplane had only been operated for 40 minutes since the main fuel tank was filled; the main fuel tank can hold over 2 hours of fuel. No obstructions of the fuel supply from the main or tip tanks were noted, and the engine-driven fuel pump tested satisfactorily. Although about 6 ounces of water was drained from the main fuel tank, the water was consistent with ocean water; no other contaminants from the tank were noted. Water contamination was also noted from a sample of fuel and water drained from an open fuel supply line for the right tip tank; however, the right tip tank was breached and the water was likely from the ocean. No fuel or contamination was noted in the carburetor bowl.

Although a valve on the left side of the firewall was inoperative, which allowed heated air to enter the cockpit by the pilots side, no determination could be made as to how or if that factored into the accident sequence. Further, that condition had been known by the pilot since September.

The failure of the pilot to maintain airspeed, while attempting a precautionary landing for reasons that could not be determined from the available evidence. Contributing to the accident was the pilots pitch-up reaction to birds that took flight during his approach for the precautionary landing, which resulted in an inadvertent stall.","Swift Museum Foundation, Inc.",GC-1A,51.0,Aircraft-Aircraft oper/perf/capability-Performance/control parameters-Airspeed-Not attained/maintained - C,Enroute Unknown or undetermined,-1.2821421340352246,11.18644067796608,585081.0,3.28,mild_decline,strong_growth,-6.536613727754204,-3.726349792339645,strong_decline,mild_decline
20181025X55256,4,0,VMC,Daylight,UNK,PIC,2000-5000,2018,10,"HISTORY OF FLIGHTOn October 25, 2018, about 1119 eastern daylight time, a Piper PA-31T, N555PM, was presumed to have impacted the Atlantic Ocean about 100 miles southeast of Charleston, South Carolina. The two pilots and three passengers were not found and presumed fatally injured. The airplane was operated as a Title 14 Code of Federal Regulations Part 91 personal flight.

The family of the pilot/owner reported that the airplane departed from its home base, a private runway in Andrews, South Carolina, destined for Governors Harbour Airport (MYEM), Governors Harbour, Bahamas. Radar and air traffic control data provided by the Federal Aviation Administration (FAA) showed the airplane departed the private runway toward the southeast about 1047.  The airplane crossed over the coastline and began a climb to an assigned altitude of 25,000 ft. The climb rate was consistent at 500 ft per minute (fpm), and the airplane remained on course flying toward the assigned airspace fix. When the airplane was about 12 miles from the fix (about 95 miles southeast of Charleston Air Force Base/International Airport (CHS), Charleston, South Carolina), while climbing through 24,300 ft, the pilot made a garbled radio transmission (that had a considerably increased background noise level) that included the word ""emergency"". The pilot of another airplane on the same frequency relayed that he heard N555PM say that he was diverting to CHS. At the time of the transmission, the airplane had drifted slightly to the right (less than 1/4 mile) of course. The airplane then began a descent about 1,000 fpm and returned on course toward the fix. About 23 seconds after the garbled emergency transmission, following several requests from air traffic control requests to repeat it, the pilot (or possibly the co-pilot) stated, ""we're descending."" About 15 seconds later, at an altitude of about 23,500 ft, the airplane turned sharply toward the left, and the descent rate increased to greater than 4,000 fpm. About 25 seconds after that, the radar data's altitude parameter became invalid; the last reported altitude was 21,500 ft. About 35 seconds later, at 1118:33, the pilot transmitted ""emergency emergency,"" and no further transmissions were recorded. The last radar position was recorded at 1118:50, about 3 miles to the left (northeast) of the airplane's original course toward the fix.  That position corresponded to a location about 100 nautical miles east southeast of CHS.

The FAA issued an alert notice (ALNOT) and a search effort was conducted by the U.S. Coast Guard. One of the search airplanes reported an oil sheen on the surface of the water near the last known coordinates; however, neither the airplane nor debris were located. A nearby commercial tanker vessel was requested by the Coast Guard to divert to the area and search. Personnel reported briefly observing a white object just beneath the water surface, about 4.5 miles east of the last recorded radar position, but they were unable to identify it. The search effort was cancelled 2 days later at sunset. PERSONNEL INFORMATIONThe airplane was certificated for single pilot operation. The second pilot on board, who also held a flight instructor certificate, was serving as co-pilot. AIRCRAFT INFORMATIONA review of airplane records revealed that the airplane's most recent annual inspection included routine maintenance, the replacement of the starter generators on both engines, replacement of the cabin oxygen bottle, and compliance with several airworthiness directive (AD) inspections, including AD 2017-02-06, which addressed a potential issue with electrical wiring arcing and fire risk. The airplane was equipped with an airframe and propeller deicing system, an autopilot, airborne weather radar, and an satellite-based weather data receiver. METEOROLOGICAL INFORMATIONA review of weather records revealed that there were no convective or precipitation echoes in the area at the time of the accident. Satellite imagery

The two pilots and three passengers were conducting a cross-country flight over the ocean from South Carolina to the Bahamas. About 30 minutes into the flight, while climbing through 24,300 ft to 25,000 ft about 95 miles beyond the coast, the pilot made a garbled radio transmission indicating an emergency and intent to return. At the time of the transmission the airplane had drifted slightly right of course. The airplane then began a descent and returned on course.  After the controller requested several times for the pilot to repeat the radio transmission, the pilot replied, ""we're descending."" About 15 seconds later, at an altitude of about 23,500 ft, the airplane turned sharply toward the left, and the descent rate increased to greater than 4,000 ft per minute, consistent with a loss of control. Attempts by the air traffic controller to clarify the nature of the emergency and the pilot's intentions were unsuccessful. About 1 minute after the sharp left turn and increased descent, the pilot again declared an emergency. No further communications were received. Search efforts coordinated by the U.S. Coast Guard observed an oil slick and some debris on the water in the vicinity of where the airplane was last observed via radar, however the debris was not identified or recovered. According to recorded weather information, a shallow layer favorable for light rime icing was present at 23,000 ft. However, because the airplane was not recovered, the investigation could not determine whether airframe icing or any other more-specific issues contributed to the loss of control. 

One air traffic control communication audio recording intermittently captured the sound of an emergency locator transmitter (ELT) ""homing"" signal for about 45 minutes, beginning near the time of takeoff, and ending about 5 minutes after radar contact was lost. Due to the intermittent nature of the signal, and the duration of the recording, it could not be determined if the ELT signal had begun transmitting before or ceased transmitting after these times. Because ELT homing signals sound the same for all airplanes, the source could not be determined. However, the ELT sound was recorded by only the second of two geographic areas that the airplane flew through and began before the airplane arrived near either of those areas. Had the accident airplane's ELT been activated near the start of the flight, it is unlikely that it would be detected in the second area and not the first. Additionally, the intermittent nature of the ELT signal is more consistent with an ELT located on the ground, rather than an airborne activation. An airborne ELT is more likely to have a direct line-of-sight to one or more of the ground based receiving antennas, particularly at higher altitudes, resulting in more consistent reception. 

The pilot's initial emergency and subsequent radio transmissions contained notably louder background noise compared to the previous transmissions. The source or reason for the for the increase in noise could not be determined.

An in-flight loss of control, which resulted in an impact with water, for reasons that could not be determined because the airplane was not recovered.",Piper,PA31T,47.0,Not determined-Not determined-(general)-(general)-Unknown/Not determined - C,Enroute-climb to cruise Inflight upset,0.35793510234900516,6.818181818181812,727026.0,2.35,stable,strong_growth,-2.4200670952093883,-5.0131024267973,mild_decline,strong_decline
20140823X82338,2,0,VMC,Daylight,UNK,PIC,2000-5000,2014,8,"HISTORY OF FLIGHTOn August 23, 2014, at 1500 central daylight time, a Beech S35, N334DF, was destroyed during impact with terrain and a subsequent post-impact fire near Laurel Hill, Florida. The commercial pilot was fatally injured. Visual meteorological conditions prevailed, and no flight plan was filed for the flight, which departed Bob Sikes Airport (CEW), Crestview, Florida, about 1450, and was destined for Florala Municipal Airport (0J4), Florala, Alabama. The personal flight was operated under the provisions of Title 14 Code of Federal Regulations Part 91.

A friend of the pilot stated that the purpose of the flight was to relocate the airplane to 0J4, located about 19 miles northeast of CEW, where it could be stored in a hangar while the pilot traveled overseas. The pilot attempted to complete the flight the day prior to the accident, but upon arrival at the airport, he found that the airplane would not start. Attempts to jump-start the airplane were unsuccessful, and the pilot requested that a mechanic at the fixed-base operator troubleshoot and repair the airplane so that the flight could be completed the next day. The morning of the accident, the mechanic serviced the airplane's battery with fluid, placed it on a charger, and reinstalled it in the airplane. The mechanic then successfully started the engine and performed a run-up check.

A lineman reported that the pilot arrived at CEW between 1400 and 1430 on the day of the accident. He observed as the pilot boarded the airplane, started the engine, and taxied the airplane to the runway for takeoff. He heard the pilot perform a pre-takeoff engine run-up, which he described as unusually long, and stated that typically, the pilot would ""hop in and go.""

There was no record of the pilot having contacted air traffic control at any time during the accident flight. However, radar data from the Federal Aviation Administration showed a target correlated to be the accident airplane, depart CEW to the north about 1450 and climb to an altitude about 1,600 feet mean sea level. About 1451, the airplane began a left turn to the west and descended to an altitude of 900 feet as it conducted a 360-degree turn in the vicinity of his home. About 1454, the airplane resumed its northeasterly track and climbed to an altitude about 1,400 feet. About 1 minute later, the airplane turned to an easterly heading as it continued to climb, and about 1457, resumed its northeasterly heading and climbed to an altitude about 2,400 feet. About 1459, the airplane began a descending right turn. The last four radar targets, at 1459:45, 14:59:49, 14:59:59, and 15:00:04, placed the airplane about 1.25 nautical miles southeast of the accident site at an altitude about 1,400 feet, and on an approximate magnetic heading of 285 degrees.

A witness located near the accident site observed the airplane circling over his home and stated that the engine sounded as though it was revving up and down. As the airplane descended and flew towards a nearby field, he heard the engine ""popping"" and saw it trailing smoke. After watching the airplane descend into trees and impact the ground, he drove to the accident site to render assistance. He observed a pillar of black smoke rising from the wreckage and noted that the cockpit was filled with smoke. As he approached the airplane, he stated that it ""exploded,"" and subsequently exploded a second time before first responders arrived. PERSONNEL INFORMATIONThe pilot held a commercial pilot certificate with ratings for airplane single engine land and instrument airplane. His most recent FAA second-class medical certificate was issued in March 2014, at which time he reported 3,300 total hours of flight experience, with 0 hours in the previous 6 months. No personal flight logs were recovered, and no determination could be made as to the pilot's recent flight experience or his experience in the accident airplane. An autopsy was conducted by the Office of the Medical Examiner

A friend of the commercial pilot reported that the purpose of the personal flight was to relocate the airplane to an airport about 19 miles northeast of the departure airport, where it could be stored in a hangar while the pilot was on an extended trip overseas. He added that the pilot attempted to complete the flight the day before the accident but that he was unable to start the airplane because the battery required servicing; the battery was serviced the morning of the accident. 

A lineman reported that, before the airplane departed on the day of the accident, he observed the pilot perform an extended engine run-up. He stated that typically the pilot would just ""hop in and go."" Radar data showed the airplane just after departure on a northerly heading climbing to about 1,600 ft mean sea level (msl). About 2 minutes after departure, the airplane turned west and descended to about 900 ft msl as it turned 360 degrees near the pilot's home. The airplane then resumed a northeasterly course and climbed to 2,400 ft msl, presumably toward the destination airport. About 9 minutes after departure, the airplane entered a descending right turn. The final radar targets showed the airplane about 1.25 nautical miles southeast of the accident site about 1,400 ft msl and on an approximate magnetic heading of 285 degrees. Postaccident examination of the airframe and flight controls revealed no anomalies. 

The propeller displayed signatures consistent with lack of engine power at the time of impact. Initial examination of the engine case revealed that it was breached in two locations, near the Nos. 2 and 4 cylinders, and that the Nos. 2, 3, and 4 connecting rods were fractured. Further examination of the engine revealed signatures consistent with preignition and/or detonation in the No. 6 cylinder, which had eroded the No. 6 cylinder piston face and subsequently allowed combustion gases to pressurize the engine crankcase. This likely caused the expulsion of oil from the engine via the breather tube and resulted in a lack of lubrication throughout the engine, consistent with the extreme thermal discoloration and mechanical damage observed in the engine's internal components. The cause of the preignition and/or detonation could not be determined. 

During the approximate 10-minute flight before the engine lost power, the pilot should have received several indications of an engine anomaly, including, but not limited to, a drop in oil pressure, a rise in oil temperature, a rise in cylinder head temperature, and engine roughness. However, the airplane's flight track after takeoff, including the low-level circling of the pilot's home and its continuation to the destination airport rather than returning to the departure airport, suggests that the pilot either did not observe these signs nor recognize them to be indicative of a serious engine problem or that he thought he would be able to complete the remaining short flight to the destination airport. Although it is uncertain when the anomalous engine indications might have begun, given the pilot's extended engine run-up, it is possible that they were observable as early as before takeoff. The fact that the pilot had attempted to complete the flight the previous day and had been unable to do so would likely have increased the pilot's desire to reach the destination airport and contributed to his unwillingness to cancel the flight, return to the departure airport, or conduct a precautionary off-airport landing before the engine failed.

  Although toxicological testing of the pilot's specimens detected pheniramine, diphenhydramine, and zolpidem, all of which can be sedating, the detected drug levels were well below therapeutic levels; therefore, it is unlikely that any of the medications or the combination of the medications impaired the pilot's ability to safely operate the airplane.

A total loss of engine power due to detonation/preignition damage of the No. 6 cylinder. Contributing to the accident was the pilots decision to continue flight after receiving an indication of an impending engine failure.",BEECH,S35,64.0,Aircraft-Aircraft power plant-Engine (reciprocating)-Recip eng cyl section-Damaged/degraded - C,Enroute-cruise Loss of engine power (total),-0.2368238146094992,-1.3468013468013518,588493.0,2.93,stable,mild_decline,1.2346325354091636,1.7168391345249168,mild_growth,mild_growth
20140824X22102,2,0,VMC,Daylight,UNK,PIC,<500,2014,8,"On August 23, 2014, about 1210 eastern daylight time, a Piper PA-28-180, N9095J, registered to and operated by Old Cherokee LLC, was substantially damaged during a forced landing at Montgomery County Airpark (GAI), Gaithersburg, Maryland. The commercial-rated pilot, the sole occupant sustained serious injuries, and the airplane was being operated under the provisions of 14 Code of Federal Regulations (CFR) Part 91 as a personal flight. Visual meteorological conditions prevailed at the time and an instrument flight rules flight plan was filed for the flight to Essex County Airport, Caldwell, New Jersey. The flight was originating at the time of the accident.The pilot stated that in preparation of the flight he performed a preflight inspection of the airplane using a laminated Piper checklist which he followed step by step. He then had the left fuel tank fueled, which he watched. About 20 to 25 minutes after fueling he checked both fuel tank sump drains and the fuel strainer for contaminants; none were found.

He started the engine, obtained his IFR clearance, and taxied to the run-up area of runway 14. While there with full fuel tanks, he performed systems checks (run-up) using the laminated checklist, and noted everything was normal. He reported the magneto drops were normal with one drop slightly greater than the other with the difference being within the normal range. He obtained his IFR departure clearance, taxied onto the runway and being aware of the new engine, he applied partial power then released the brakes. He then added full power, and with the fuel selector positioned to the right tank believed the tachometer indicated 2,475 to 2,500 rpm. He reported that the airplane accelerated normally and noted that all instruments were in the green and indicating normal. He allowed the airplane to fly off the runway but could not recall the point along the length, but did state that the takeoff roll seemed normal. After becoming airborne he accelerated to and was climbing at Vy speed, and when the flight was about 100 feet above ground level, the engine surged only once. He stated that he was asked by the FAA inspector if he felt or heard the surge and he reported telling the FAA inspector that he heard the surge. He equated the surge to be similar as if the fuel to air ratio was leaned before shutdown.

He leveled off, where the engine operated normally and the engine did not surge again. He also stated that when he leveled the nose ""everything [was] as it should be."" He was asked if the surging evidenced itself on the tachometer and he reported he was not sure because he was looking outside. He allowed the airplane to accelerate, ""to good forward speed."" He stated that at the point where the surge occurred there was insufficient runway remaining to land, and he was cognizant of needing to land if the engine quit. He allowed the speed to build and he relaxed the forward pressure on the control yoke allowing the airplane to climb. During a climb about 100 feet more, the engine ""failed"" or quit suddenly. At that point with trees, houses, and a road ahead he decided that an on-airport landing would be best. He reported trouble shooting procedures consisted of switching tanks, but this did not restore engine power. Following the loss of power he called on the radio to announce the engine failure and turned left towards an area north of the runway. At some point he turned off the fuel selector, but when asked if the propeller stopped he said he did not believe it did. He bled off airspeed, and recalled the airplane impacted the ground with the left wing first followed by the left main landing gear, and responded that he believed he was in controlled flight when the airplane impacted and he had not stalled the airplane. He did not believe he lost consciousness, and was assisted from the airplane.

Two witnesses were interviewed by a NTSB National Resource Specialist (Aviation Systems Engineer) at GAI several hours after the a

The pilot reported that, before departing with full fuel tanks, he performed an engine run-up with no discrepancies noted. After taxiing the airplane onto the runway, the pilot applied partial power and then released the brakes. He then added full power, and the engine developed full power, the airplane accelerated normally, and all of the instruments were indicating normal. The pilot reported that the takeoff roll seemed normal. The airplane lifted off, and, when it reached about 100 ft above ground level, the engine surged once, which the pilot stated sounded similar to when the fuel-to-air ratio was leaned before shutdown. The pilot subsequently leveled off the airplane, and the engine operated normally and did not surge again. He continued the flight aware that there was insufficient runway remaining to land and allowed the airplane to accelerate and then climb. After the airplane ascended another 100 ft, the engine quit suddenly. At that point, due to trees, houses, and a road ahead, he decided to try to return to the airport. He attempted to troubleshoot the engine problem, including switching fuel tanks, but his actions did not restore engine power. He turned left toward an area north of the runway, and, at some point, he turned off the fuel selector and then bled off airspeed. The airplane impacted the ground with the left wing first followed by the left main landing gear. The pilot stated that he believed he was in controlled flight at the time of impact and that he had not stalled the airplane; this statement was corroborated by the stall warning light bulb filament not being stretched.

Impact damage to the crankshaft precluded an engine test run; however, examination of the engine and engine systems revealed no evidence of preimpact mechanical failure or malfunction. Examination of the fuel supply and fuel vent systems revealed no evidence of blockage, and the fuel selector tested satisfactorily. Data from the engine monitoring device showed a sharp decrease in fuel flow, followed by a slight increase, then another sudden decrease; however, the reason for the erratic fuel flow rate, which likely led to fuel starvation, could not be determined.

Although the environmental conditions at the time of the accident were favorable for serious carburetor icing at glide power or reduced power settings, the pilot reported that the engine developed full power during the takeoff; therefore, it is unlikely that carburetor icing resulted in the interruption of the fuel flow.

The loss of engine power due to fuel starvation for reasons that could not be determined during postaccident examination of the fuel supply and fuel vent systems.",PIPER,PA-28-180,48.0,Not determined-Not determined-(general)-(general)-Unknown/Not determined - C,Initial climb Loss of engine power (total),-0.2368238146094992,-1.3468013468013518,588493.0,2.93,stable,mild_decline,1.2346325354091636,1.7168391345249168,mild_growth,mild_growth
20121015X92424,4,0,VMC,Night,UNK,PIC,5000+,2012,10,"HISTORY OF FLIGHT

On October 13, 2012, about 0458 Atlantic Standard Time (AST), a Piper PA-23-250, N5553Y, was substantially damaged during a collision with water in cruise flight near Charlotte Amalie, United States Virgin Islands (U.S.V.I.). The airline transport pilot was not found after the accident and is presumed fatally injured. Two passengers were fatally injured. One passenger survived the accident, and was found at sea with serious injuries. Night visual meteorological conditions prevailed, and no flight plan was filed for the business flight carrying newspapers which was operated by Rainbow International Airlines under the provisions of 14 Code of Federal Regulations Part 91. The flight departed Henry E. Rohlsen Airport (TISX), Christiansted, U.S.V.I. about 0445 and was destined for Cyril E. King Airport (TIST), Charlotte Amalie, U.S.V.I.

Review of radar data provided by the Federal Aviation Administration (FAA) revealed that a target identified as the accident airplane climbed to 1,700 feet after departure from TISX, where it leveled in cruise flight on a 330 degree heading for about 2 minutes. The airplane then entered a steady descent on the same approximate heading for the next 10 minutes until it leveled at 200 feet. The airplane cruised at 200 feet for the final 18 seconds of the flight until the radar contact was lost, approximately 5 miles from the destination airport.

The surviving passenger was interviewed by the United States Coast Guard (USCG) and the Federal Aviation Administration (FAA). She stated that she was acquainted with the pilot and had flown with him on the newspaper carrying flights ""many"" times before. During the en route portion, the airplane flew progressively lower to ""get under the weather."" The passenger stated that she could see lights on the shore near the destination airport, and could see that it was raining. She recalled light turbulence, and observed the pilot as he made his ""usual"" radio call. She next remembered the airplane ""hitting a wall"" and ""seeing a flash"" before the airplane filled with water. She said the pilot broke the window on his side of the airplane, and that she and the pilot egressed through it. She did not see any of the occupants of the airplane after that. When asked if she noticed anything unusual with the flight, or if the pilot provided any warning before striking the water, she said no, and indicated that everything was ""normal.""  

PERSONNEL INFORMATION  

The pilot held an airline transport pilot certificate with multiple type ratings. His most recent FAA first class medical certificate was issued June 1, 2012. He reported 17,000 total hours of flight experience on that date.

The pilot's most recent FAR Part 135 flight review was completed 12/30/2011.

AIRCRAFT INFORMATION

The airplane was manufactured in 1963 and was registered to Cardair, Inc. It's most recent 100-hour inspection was completed on September 12, 2012, at 6,576 total aircraft hours.

The accident airplane was not listed in the operations specifications of the Rainbow International Airlines 14 CFR Part 135 operating certificate.

METEOROLOGICAL INFORMATION

An NTSB Senior Meteorologist provided a study of the weather surrounding the route of flight and the accident site at the time of the accident. A tropical storm advisory (Rafael) was in effect.

At 0453, the weather reported at TIST included few clouds at 3,300 feet, a broken ceiling at 4,600 feet, with 10 miles of visibility in light rain. The winds were from 070 degrees at 9 knots gusting to 15 knots. 

	The terminal area forecast for TISX in effect at the time of the accident expected northeast wind at 4 knots, visibility better than 6 statute miles with thunderstorms in the vicinity and a broken ceiling at 3,000 feet agl in cumulonimbus type clouds.

The terminal area forecast for TIST in effect at the time of the accident expected wind from the east at 8 knots with visibility better than 6 miles, sh

The accident airplane departed over water on a dark night and flew toward its destination airport at an altitude of about 1,700 feet above the water. Radar data showed that the airplane began a gradual descent on about the same heading before it leveled off at 200 feet above the water. The airplane continued at 200 feet above the water for another 18 seconds before its radar target disappeared about 5 miles from the destination airport.

The surviving passenger stated that she had flown with the pilot on this flight many times before. She stated that during the en route portion of the accident flight, the pilot flew progressively lower to ""get under the weather."" The passenger stated that she could see lights on the shore near the destination airport, and could see that it was raining. She recalled light turbulence and observed the pilot make his ""usual"" radio call. She next remembered the airplane ""hitting a wall,"" and the airplane filled with water. She said that the pilot broke the window on his side of the airplane, and that she and the pilot egressed through it. She did not see any of the other occupants of the airplane after that. When asked if she noticed anything unusual with the flight or if the pilot provided any warning before striking the water, the passenger said no, and indicated that everything was normal.

Examination of the wreckage revealed damage consistent with a high-speed, shallow-angle impact with water, and no evidence of preimpact mechanical anomalies.

Weather data and imagery were consistent with the passengers account of flying beneath outer rain bands associated with a developing tropical storm southeast of the accident site. There was little to no illumination from the moon. Based on a search of flight service and commercial vendor records, the pilot did not obtain a weather briefing or file a flight plan before the accident flight.

The destination airport was tower-controlled, but the tower was closed at the time of the accident. The runway was located along the shore, with the approach end surrounded by water on three sides. Multiple instrument approach procedures were available for the airport; however, those instrument approaches were not authorized while the tower was closed. A caution printed in the plan view of the approach charts stated, ""CAUTION: Pilots may encounter false illusory indications during night approaches to Runway 10 when using outside visual cues for vertical guidance.""

It is likely that the pilot descended the airplane to remain clear of the lowering clouds and descended into the water due to the lack of visual cues.

The pilot's attempted visual flight rules (VFR) flight into marginal VFR conditions on a dark night over water and his failure to maintain sufficient altitude, which resulted in the airplanes controlled flight into water. Contributing to the accident was the pilot's inadequate preflight weather planning.",PIPER,PA-23-250,57.0,Personnel issues-Action/decision-Info processing/decision-Decision making/judgment-Pilot - C,Prior to flight Preflight or dispatch event,-1.2821421340352246,11.18644067796608,585081.0,3.28,mild_decline,strong_growth,-6.536613727754204,-3.726349792339645,strong_decline,mild_decline
20110906X72514,2,0,VMC,Daylight,UNK,PIC,2000-5000,2011,9,"HISTORY OF FLIGHT
On September 5, 2011, about 1833 central daylight time, a Socata TBM 700, N850SY, impacted terrain near Mount Pleasant, Wisconsin, during a forced landing following a loss of engine power. The pilot was fatally injured. The airplane was registered to Green Plane LLC, and operated by the pilot under the provisions of 14 Code of Federal Regulations (CFR) Part 91 as a personal flight. Visual flight rules (VFR) conditions prevailed for the flight, which operated on an instrument flight rules (IFR) flight plan. The flight originated from the Central Wisconsin Airport (CWA), Mosinee, WI, about 1626, and the intended destination was the Waukegan Regional Airport (UGN), Waukegan, Illinois.

GPS track data, retrieved from the Garmin G1000 avionics system on the airplane, depicted the airplane departing CWA about 1626. The airplane remained in the CWA traffic pattern, performing two full stop landings at CWA prior to proceeding toward UGN. At 1653, the airplane took off from runway 8 at CWA and then proceeded southeast for about 5 nautical miles then south for 12 nautical miles where it crossed the Stevens Point Airport (STE) at an altitude of about 12,000 feet mean sea level (msl). After crossing STE, the airplane turned southeast to a heading of 130 degrees. During this portion of the flight, the airplane was in a climb reaching an altitude of about 19,000 feet msl at 1703:15. 

Data retrieved from the G1000 indicated that during the climb portion of the flight the roll angle and lateral acceleration were neutral. This indicated that the rudder trim was appropriately set for the climb portion of the flight. As the airplane leveled off and accelerated from the 140 knot indicated airspeed (IAS) for the climb to 200 knots IAS in level flight, the lateral acceleration steadily increased reaching values in excess of 0.15 g (positive values indicate a right sideslip), and the roll angle decreased to values less than -5 (positive values indicate a right roll), corresponding to a left bank in excess of 5 degrees angle of bank. The lateral acceleration remained elevated throughout the remainder of the flight. This and the recorded roll angles indicated that the airplane was flying in a slip. 

At 1811:30, the airplane began a descent from 19,000 feet msl and the IAS increased to about 225 knots. As the speed increased, the lateral acceleration increased to about 0.2g. At 1822:33, when the airplane was at 11,000 feet msl and about 7 nautical miles north of the Timmerman Airport (MWC), the avionics system recorded a momentary complete loss of engine torque. At this time the pilot was in communication with the General Mitchell International Airport (MKE) West Departure control position. At 1822:53, the pilot informed the controller that he had a problem with the airplane, later reporting that the problem was related to fuel pressure. The controller advised the pilot of three airports available for landing if necessary, and noted that the airplane had descended 1,600 feet below its assigned altitude of 11,000 feet msl. When the controller inquired as to the pilot's intentions, the pilot elected to continue the flight to UGN. The controller subsequently cleared the flight to 8,000 feet msl and the airplane maintained that altitude for approximately 3 minutes. 

At 1829:29, the avionics system recorded another complete loss of engine torque and the pilot reported the loss of power to the controller. Engine power was not restored for the remainder of the flight. At the time of the power loss, the airplane was about 10 miles west of the John H. Batten Airport (RAC), Racine, Wisconsin, at about 7,600 feet msl. The field elevation of RAC was 674 feet msl. At the time of the loss of engine power, the airplane was about 9.25 nautical miles west of RAC. GPS data showed that the airplane turned toward RAC and communications transcripts verified that the pilot was attempting to glide the airplane to RAC for a forced landing. The ai

During cruise flight, the pilot reported to an air traffic controller that the airplane was having engine fuel pressure problems. The controller advised the pilot of available airports for landing if necessary and asked the pilot's intentions. The pilot chose to continue the flight. GPS data recorded by an onboard avionics system indicated that the engine had momentarily lost total power about 20 seconds before the pilot reported a problem to the controller. About 7 minutes later, when the airplane was about 7,000 feet above ground level, the engine lost total power again, and power was not restored for the remainder of the flight. The pilot attempted to glide to an airport about 10 miles away, but the airplane crashed in a field about 3 miles from the airport. 

GPS data showed a loss of fuel pressure before each of the engine power losses and prolonged lateral g-forces consistent with a side-slip flight condition. The rudder trim tab was found displaced to the left about 3/8 inch. Flight testing and recorded flight data revealed that the rudder trim tab displacement was consistent with that required to achieve no side slip during a typical climb segment. The GPS and flight data indicated that the lateral g-forces increased as the airplane leveled off and accelerated, indicating that the automatic rudder trim feature of the yaw damper system was either not engaged or not operating. The recorded data indicated autopilot system engagement, which should have automatically engaged the yaw damper system. However, the data indicated the yaw damper was not engaged; the yaw damper could have subsequently been turned off by several means not recorded by the avionics system. Testing of the manual electric rudder (yaw) trim system revealed no anomalies, indicating that the pilot would have still been able to trim the airplane using the manual system. It is likely that the pilot's failure to properly trim the airplane's rudder led to a prolonged uncoordinated flight condition. Although the fuel tank system is designed to prevent unporting of the fuel lines during momentary periods of uncoordinated flight, it is not intended to do so for extended periods of uncoordinated flight. Therefore, the fuel tank feed line likely unported during the prolonged uncoordinated flight, which resulted in the subsequent loss of fuel pressure and engine power.  

The propeller and propeller controls were not in the feathered position, thus the windmilling propeller would have increased the airplane's descent rate during the glide portion of the flight. The glide airspeed used by the pilot was 20 knots below the airspeed recommended by the Pilot's Operating Handbook (POH), and the reduced airspeed also would have increased the airplane's descent rate during the glide. The flight and GPS data indicated that the airplane had a gliding range of about 16 nautical miles from the altitude where the final loss of engine power occurred; however, the glide performance was dependent on several factors, including feathering the propeller and maintaining the proper airspeed, neither of which the pilot did. Although the POH did not contain maximum range glide performance data with a windmilling propeller, based on the available information, it is likely that the airplane could have glided to the alternate airport about 10 miles away if the pilot had followed the proper procedures.

The pilots failure to properly trim the airplanes rudder during cruise flight, which resulted in a prolonged uncoordinated flight condition, unporting of the fuel tank feed line, and subsequent fuel starvation and engine power loss. Contributing to the accident was the pilots failure to feather the engines propeller and maintain a proper glide airspeed following the loss of engine power.",SOCATA,TBM 700,76.0,Aircraft-Aircraft oper/perf/capability-Performance/control parameters-Yaw control-Incorrect use/operation - C,Enroute-cruise Loss of engine power (total),0.4639543183440509,0.9646302250803984,579890.0,3.14,stable,stable,2.7765613364195474,-4.332593717155198,mild_growth,mild_decline
20151109X40213,3,0,VMC,Daylight,UNK,PIC,2000-5000,2015,11,"HISTORY OF FLIGHTOn November 9, 2015, about 1052 mountain standard time, a Cirrus Design Corporation SR22 airplane, N752C, was destroyed when it impacted terrain north of the City of Colorado Springs Municipal Airport (COS), Colorado Springs, Colorado. A postimpact fire ensued. The private pilot and passenger were fatally injured. The airplane was registered to Linkup Aviation LLC. and operated by the pilot under the provisions of 14 Code of Federal Regulations Part 91 as a personal flight. Visual meteorological conditions prevailed for the flight, which operated without a flight plan. The personal flight was originating at the time of the accident and was en route to Northwest Regional Airport (52F), Roanoke, Texas.

According to Federal Aviation Administration (FAA) air traffic control transcripts, the accident airplane contacted COS ground control at 1046:41, reported that they were ready to taxi, and requested an intersection departure from taxiway A3. The controller responded ""fly runway heading maintain v f r at or below eight thousand five hundred"" and provided the departure control frequency and transponder setting. The pilot responded ""alright we'll maintain eight thousand or below and ah departure is one two four."" The controller cleared the pilot to taxi to runway 35L via A3.

At 1050:12, the pilot reported to COS air traffic control tower that he was holding short of runway 35L at alpha three and was ready for departure. The controller cleared the pilot for takeoff and later instructed the pilot to fly runway heading. At 1051:44, the pilot reported to the controller that he was ""having engine problems we'd like to turn around."" The controller instructed the pilot to enter a left downwind for runway 35L. No other transmissions were recorded from the airplane.

One witness described hearing the engine surge during the takeoff. A second witness watched the airplane take off from the intersection. When he looked back toward the airplane, he expected the airplane to be airborne; however, the airplane was still on the ground. He estimated that the airplane was on the ground for several thousand ft before it became airborne and was between 100 and 150 ft above the ground when it passed him. He did not report hearing anything abnormal. A third witness on the ramp witnessed the takeoff and did not hear any unusual sounds from the engine. A fourth witness observed the airplane in a steep bank at the end of the runway but did not witness the accident. PERSONNEL INFORMATIONThe pilot, age 63, held a private pilot certificate with airplane single engine land and instrument airplane ratings. He was issued a third class medical certificate on November 4, 2013. The certificate contained the limitation ""Not valid for night flying or by color signal control. Must wear corrective lenses.""

Remains of a Taxlog Tax record flight log were found adjacent to the main wreckage. The start date on the first page of the log could not be determined due to fire damage. The first flight appeared to be a business flight with the duration of 6.6 hours. The start ""tach"" time was 1,309.8 and the stop ""tach"" time was 1,316.4. There were 19 pages of records with the first discernable date starting on page 6 of the record in 2009. All of the flights recorded in the log were in the accident airplane. The last entry on the 19th page was dated March 17, 2015, and was from 52F to AEE/VGT, with a start time of 3,095 and end time of 3,108.2. Two flights before that, dated February 19, 2015, the pilot successfully completed the requirements of a flight review and an instrument proficiency check in the airplane. The flight was 2.7 hours in duration and included 3 landings and 3 instrument approaches.

Based upon the remains of this flight log, the airplane was likely based at 52F as the flights recorded all appeared to originate from 52F. This airport was located 3 miles northwest of Roanoke, Texas, at an elevation of 643 ft mean sea level (msl). Th

The private pilot and his passenger departed on a cross-country flight. Shortly after takeoff, the pilot reported to the controller that he was having an engine problem and wanted to return to the airport. One witness heard the engine surge during the takeoff roll. Another witness stated that the airplane was on the ground longer than he expected but did not report hearing anything abnormal with the engine. A third witness stated that the engine sounded normal and a fourth witness reported seeing the airplane in a steep bank.

The airplane was damaged by impact and a postimpact fire. An examination of the engine, propeller, airframe, and related systems revealed no anomalies that would have precluded normal operation prior to the accident.  The damage to the airplane and the witness marks on the ground were consistent with the airplane being in a flat spin at the time of impact.

The density altitude at the time of the accident was 7,446 ft mean sea level. The majority of the pilot's flight experience was conducted at airports with a lower field elevation and he had flown to the accident airport on only two other occasions. It is likely that, after takeoff, the pilot misinterpreted the airplane's reduced engine power and decreased climb performance, due to the high density altitude conditions, as an engine malfunction. During the turn back to the airport the pilot exceeded the airplane's critical angle of attack and experienced an aerodynamic stall and spin.

Although there was evidence that the pilot had used marijuana at some time prior, it is unlikely that the pilot was impaired by marijuana at the time of the accident. The pilot had been diagnosed with mild depression two months before the accident and had started treatment with sertraline. The pilot had not yet followed-up with his physician after starting treatment. Therefore, the investigation was unable to determine if the pilot may have been impaired by the symptoms of his depression.

The pilot was using diphenhydramine, cetirizine, and sertraline, which in combination significantly increased the risk of impairment over each medication alone. The experienced pilot was exposed to a high workload environment following the degradation of airplane performance, but would have been expected to safely fly the airplane. Therefore, it is likely that when the pilot was exposed to a high workload environment, due to the airplane's degraded takeoff performance, the combination of multiple medications likely impaired his ability to respond safely and, therefore contributed to the subsequent loss of control.

The pilot's loss of airplane control during the turn back to the airport after takeoff in high density altitude conditions, which resulted in an inadvertent aerodynamic stall and subsequent spin. Contributing to the accident was the pilot's impaired performance due to his use of a combination of potentially impairing medications.",CIRRUS DESIGN CORP,SR22,63.0,Aircraft-Aircraft oper/perf/capability-Performance/control parameters-Airspeed-Not attained/maintained - C,Takeoff Loss of control in flight,1.2123440465218183,-6.547619047619035,613864.0,1.57,mild_growth,strong_decline,-8.034362215956936,-4.626951995373052,strong_decline,mild_decline
