ev_id,entities_json,hfacs_json,relationships_json,extraction_status
20080118X00073,"[{""text"": ""UAL tug operator"", ""role"": ""Maintenance Personnel"", ""tier"": ""unsafe_skill""}, {""text"": ""SFO Ground Controller"", ""role"": ""ATC"", ""tier"": ""unsafe_decision""}]","{""operator_mental"": [""Loss of Situational Awareness (Tug Operator)"", ""Channelized Attention (Ground Controller)""], ""personnel_crm"": [""Failed to Communicate (ATC Ground Controller)"", ""Failed to Coordinate (UAL Maintenance Crew)""], ""unsafe_skill"": [""UAL tug operator: 'looking over his shoulder and didn't see the other aircraft pushback from Gate 79' (Breakdown in Visual Scan)"", ""SFO Ground Controller: 'did not foresee a traffic conflict' despite clearing both for simultaneous pushback onto same taxiway (Failed to Prioritize Attention)""], ""unsafe_decision"": [""UAL Maintenance Crew: 'pushing the 757-222 back from gate 80 without the use of wing-walkers or tail walkers' in close quarters/night conditions (Improper Procedure)"", ""SFO Ground Controller: 'believed there was room for both aircraft to push back and did not foresee a traffic conflict' leading to issuance of conflicting clearances (Poor Decision)""]}","[{""subject"": ""unsafe_decision"", ""relation"": ""CO_OCCURS_WITH"", ""object"": ""unsafe_skill"", ""evidence"": ""The company tug operator's failure to maintain clearance with another aircraft during the pushback process. Also causal was the ground controller's failure to alert the pilot of the other aircraft and tug operator of this airplane of the simultaneous pushback occurring from adjacent gates.""}]",success
20080125X00103,[],"{""operator_mental"": [""Distraction (Maintenance personnel)"", ""Complacency (Maintenance personnel)""], ""personnel_crm"": [""Failed to Coordinate (Maintenance personnel)""], ""unsafe_decision"": [""Maintenance personnel - C: 'Neither mechanic returned to the accident airplane to either latch or verify that the fan cowling was latched.'"", ""Maintenance personnel - F: 'According to the maintenance personnel, this task was not completed prior to the airplane being returned to service.'""]}","[{""subject"": ""unsafe_decision"", ""relation"": ""LEADS_TO"", ""object"": ""unsafe_violation"", ""evidence"": ""The mechanics left the accident airplane to assist the other mechanic. Neither mechanic returned to the accident airplane to either latch or verify that the fan cowling had been latched.""}, {""subject"": ""unsafe_violation"", ""relation"": ""LEADS_TO"", ""object"": ""situational_tech"", ""evidence"": ""The separation of the engine cowling which resulted from maintenance personnel failing to follow maintenance procedures in that they did not latch the engine cowling following the maintenance inspection.""}]",success
20080212X00178,[],"{""situational_tech"": [""Equipment Design (windshield heat terminal block connection design prone to arcing/loose connections)""], ""unsafe_violation"": [""Boeing Service Bulletin 757-30-0019 calling for inspection of the lower, aft terminal block for a loose connection had not been performed on the windshield at the time of the incident - Maintenance""]}",[],success
20080220X00214,[],"{""operator_mental"": [""Complacency (Captain)"", ""Loss of Situational Awareness (Flight Attendant)""], ""personnel_crm"": [""Failed to Coordinate (Captain and Flight Attendant)""], ""unsafe_decision"": [""The flight was descending from 14,000 feet to 13,000 feet when it encountered severe turbulence... The FASTEN SEATBELTS sign was reportedly illuminated. ... the flight attendant was lying on the floor unconscious (Captain/Flight Crew)""]}",[],success
20080304X00260,[],"{""operator_mental"": [""Complacency (Flight Attendant)"", ""Loss of Situational Awareness (Flight Attendant)""], ""personnel_crm"": [""Failed to Coordinate (Cabin Crew/Flight Operations)""], ""unsafe_skill"": [""Flight attendant slipped and fell on glycol-contaminated floor""]}",[],success
20080228X00243,[],"{""operator_mental"": [""Loss of Situational Awareness (Captain/First Officer)""], ""unsafe_decision"": [""Austin Airport representative: 'does not have an FAA approved Wildlife Management Plan' (Failure to implement required hazard management despite presence of hazardous wildlife in flight path)""]}",[],success
20081124X34243,[],"{""operator_mental"": [""Loss of Situational Awareness - Pilot in Command (Embraer E170)"", ""Haste - Pilot in Command (Embraer E170)""], ""personnel_crm"": [""Failed to Coordinate - Pilot in Command (Embraer E170) and Air Traffic Control""], ""unsafe_perception"": [""The captain stated that he checked the proximity of the Airbus, and it looked like he could clear it and then felt the impact - Pilot of Embraer E170""]}",[],success
20080305X00267,[],"{""situational_tech"": [""Equipment Design (D-ring seat attachment failure mode) - Aircraft Manufacturer/Operator"", ""Interface (Non-mandatory SAIB compliance leading to known defect retention) - Operator""], ""personnel_readiness"": [""Inadequate Preparation/Maintenance Compliance (Failure to replace D-rings per advisory) - Maintenance/Organization""], ""unsafe_violation"": [""failure of the operator to comply with the SAIB""]}",[],success
20080312X00305,"[{""text"": ""mechanic"", ""role"": ""maintenance"", ""tier"": ""unsafe_skill""}]","{""operator_mental"": [""Complacency (Maintenance mechanic)"", ""Haste (Maintenance mechanic)""], ""personnel_readiness"": [""Inadequate Training/Preparation (Maintenance mechanic)""], ""unsafe_skill"": [""The mechanic who installed all four tachometers had never installed one before... He indicated he had no issues with the installation (Maintenance Mechanic)""]}",[],success
20080413X00464,[],"{""personnel_crm"": [""Flight crew failed to communicate turbulence encounter or adjust cabin safety protocols for flight attendants""], ""unsafe_decision"": [""Flight crew continued approach at 30,000 feet in IMC/Night conditions without adequate weather briefing or deviation from the arrival path despite unexpected turbulence""]}",[],success
20080307X00283,[],"{""operator_mental"": [""Loss of Situational Awareness - Pilot in Command (SWA411)"", ""Complacency - Pilot in Command (SWA411)""], ""personnel_crm"": [""Failure to Coordinate - First Officer (SWA411) and Pilot in Command (SWA411)"", ""Failed to Communicate - Pilot in Command (SWA411)""], ""unsafe_perception"": [""The captain of SWA411 later stated that it appeared to him that they could safely pass SWA15 on their left (Captain, SWA411)"", ""the taxiing airline transport pilot perceived the distance between the two airplanes adequate to continue to the terminal gate (Captain, SWA411)""], ""unsafe_violation"": [""Southwest Airlines Flight Operations Manual Bulletin 24-05... instructed pilots that 'When the aircraft is not on a taxi line, a lateral clearance of 10 feet is considered minimum acceptable separation' (Captain, SWA411)""]}","[{""subject"": ""unsafe_perception"", ""relation"": ""LEADS_TO"", ""object"": ""unsafe_decision"", ""evidence"": ""The captain of SWA411 later stated that it appeared to him that they could safely pass SWA15 on their left... the first officer of SWA411 said he asked the captain about wing clearance as they approached SWA15 and the captain looked over his left shoulder and said they had enough room.""}, {""subject"": ""unsafe_decision"", ""relation"": ""LEADS_TO"", ""object"": ""unsafe_skill"", ""evidence"": ""The failure of the taxiing flight crew to maintain an adequate clearance from the stationary airplane... the left winglet of SWA411 collided with the left horizontal stabilizer of SWA15.""}]",success
20080509X00640,[],"{""situational_tech"": [""Ambiguous Service Bulletin instructions and figures regarding clip orientation (Manufacturer)""], ""personnel_crm"": [""Failure to verify correct installation against requirements during maintenance task execution (Maintenance personnel)""], ""unsafe_skill"": [""Maintenance personnel installed the clips on the incorrect side of the vertical stiffener and omitted required spacers, resulting in a 'Poor Technique' or improper execution of the installation task.""]}",[],success
20080331X00404,"[{""text"": ""Flight crew"", ""role"": ""Pilot in Command / First Officer"", ""tier"": ""unsafe_skill""}, {""text"": ""Flight crew"", ""role"": ""Pilot in Command / First Officer"", ""tier"": ""unsafe_decision""}]","{""operator_mental"": [""Distraction (Captain)"", ""Complacency (First Officer)""], ""personnel_crm"": [""Failed to Coordinate (Flight Crew)"", ""Failure of Leadership (Captain)""], ""unsafe_skill"": [""Omitted Checklist Step: Flight crew (Captain and First Officer) failed to verify the cargo door annunciator light as required by the 'Before Takeoff' checklist, evidenced by the narrative stating they 'most likely did not see that the light was illuminated prior to departure' due to lack of professionalism.""], ""unsafe_decision"": [""Improper Procedure: Flight crew (Captain and First Officer) engaged in non-essential conversations ('comments and jokes') during a critical phase of flight (taxi/takeoff), deviating from sterile cockpit regulations and standard operating procedures for checklist verification.""]}","[{""subject"": ""unsafe_decision"", ""relation"": ""LEADS_TO"", ""object"": ""unsafe_perception"", ""evidence"": ""Due to the flight crew's lack of professionalism and deviation from standard operating procedures, they most likely did not see that the light was illuminated prior to departure.""}]",success
20080404X00426,[],"{""operator_mental"": [""Loss of Situational Awareness - Flight Crew"", ""Complacency - Flight Crew""], ""personnel_crm"": [""Failed to Coordinate - Flight Crew""], ""unsafe_decision"": [""Flight crew - C: The flight crew's improper landing technique for an inoperative anti-skid system resulting in locked brakes and four blown main landing gear tires."", ""Flight crew - C: FDR data revealed the speed brakes were not extended and the thrust reversers were not used, despite the QRH detailing that speed brakes are to be deployed manually immediately upon landing.""]}","[{""subject"": ""unsafe_decision"", ""relation"": ""LEADS_TO"", ""object"": ""unsafe_skill"", ""evidence"": ""The flight crew's improper landing technique for an inoperative anti-skid system resulting in locked brakes and four blown main landing gear tires.""}, {""subject"": ""unsafe_decision"", ""relation"": ""LEADS_TO"", ""object"": ""unsafe_violation"", ""evidence"": ""The flight crew departed for the destination airport knowing that the anti-skid system was inoperative... During the landing the flight crew encountered four blown main landing gear tires""}]",success
20080722X01094,[],"{""operator_mental"": [""Complacency (Captain)""], ""personnel_crm"": [""Failed to Coordinate (Captain)""], ""unsafe_decision"": [""Pilot flying (captain) asked flight attendants to prepare the cabin earlier than usual due to weather, but the subsequent turbulence encounter while they were still in the aft galley indicates a poor decision regarding timing and safety protocols for cabin crew during descent""]}",[],success
20081003X63355,[],"{""situational_tech"": [""Equipment Design (Manufacturer): Inadequate hose fire sleeves and lack of life limits/pressure test requirements for fuel/hydraulic hoses""], ""unsafe_decision"": [""Maintenance personnel failed to identify the compromised fire sleeves and leaking hoses during routine inspections, leading to a 'lack of adequate inspection' as noted in the narrative""]}",[],success
20081219X16532,[],"{""operator_mental"": [""Complacency (Maintenance Personnel)""], ""personnel_readiness"": [""Inadequate Preparation/Procedure Adherence (Maintenance Personnel)""], ""unsafe_skill"": [""Maintenance personnel used a chemical cleaning solution that caused hydrogen embrittlement, leading to intergranular cracking (Poor Technique)""]}",[],success
20081003X16303,[],"{""operator_mental"": [""Complacency (Pilot)"", ""Loss of Situational Awareness (Pilot)""], ""unsafe_decision"": [""Flight crew failed to prepare for flight by not anticipating turbulence or adjusting altitude/route despite overflying a cloud, leading to an inadvertent encounter""]}",[],success
20080723X01111,[],"{""operator_mental"": [""Complacency (Captain)"", ""Loss of Situational Awareness (Captain)""], ""personnel_crm"": [""Failed to Coordinate (Lead Flight Attendant)""], ""unsafe_decision"": [""Captain: 'seatbelt sign had been off' despite 'thunderstorm activity in the area' and 'towering cumulus clouds', leading to unsecured cabin crew during turbulence""]}",[],success
20080703X00974,"[{""text"": ""Captain"", ""role"": ""Pilot in Command"", ""tier"": ""unsafe_decision""}, {""text"": ""First Officer"", ""role"": ""Co-Pilot"", ""tier"": ""unsafe_decision""}]","{""operator_mental"": [""Loss of Situational Awareness - Captain"", ""Channelized Attention - First Officer""], ""situational_tech"": [""Automation - FMS/Autopilot bank angle logic vs. pilot expectation""], ""unsafe_decision"": [""Captain decided to command the FMS to maintain an airspeed of 240 knots... Both pilots expected the FMS to automatically default to the ICAO maximum holding speed of 265 knots"", ""First officer recommended extending the slats... When the slats extended, the maximum slat extension speed indicator on the airspeed indicator fell to below 220 knots""], ""unsafe_perception"": [""He stated that he expected the bank to be limited to 15 degrees, but the autopilot actually commanded 23 degrees of bank"", ""The captain then immediately ordered the first officer to retract the slats... He stated that at this point the airplane began to buffet""]}","[{""subject"": ""unsafe_decision"", ""relation"": ""LEADS_TO"", ""object"": ""unsafe_perception"", ""evidence"": ""The captain decided to command the FMS to maintain an airspeed of 240 knots... He also stated that he expected the bank to be limited to 15 degrees, but the autopilot actually commanded 23 degrees.""}, {""subject"": ""unsafe_perception"", ""relation"": ""LEADS_TO"", ""object"": ""unsafe_decision"", ""evidence"": ""The first officer recommended extending the slats... When the slats extended, the maximum slat extension speed indicator on the airspeed indicator fell to below 220 knots.""}]",success
20080701X00963,[],"{""situational_tech"": [""Equipment Design (Oxygen system hose/wiring separation) - Aircraft Manufacturer/FAA"", ""Equipment Design (Fire protection/detection system) - Aircraft Manufacturer""], ""personnel_crm"": [""Failure of Leadership / Policy & Procedure Management - Operator (ABX Air)""], ""unsafe_decision"": [""FAA/Regulator: Failure to require the installation of nonconductive oxygen hoses after the safety issue concerning conductive hoses was initially identified by Boeing""]}",[],success
20080720X01081,[],"{""operator_mental"": [""Distraction (Tug driver)"", ""Loss of Situational Awareness (Tug driver)""], ""personnel_crm"": [""Failed to Communicate (Ground crew/Tug driver)""], ""unsafe_skill"": [""Tug driver: 'focused on the cockpit of the airplane and was directing the starting of the airplane's number 2 engine' (Failed to Prioritize Attention / Breakdown in Visual Scan)""], ""unsafe_decision"": [""Ground crew: 'ground crew members were not utilizing headsets' due to lightning, leading to lack of communication (Improper Procedure / Poor Decision)""]}",[],success
20080808X01189,[],"{""operator_mental"": [""Complacency (Maintenance Mechanic)""], ""situational_tech"": [""Equipment Design (Slide Cover Retention System)""], ""unsafe_skill"": [""Omitted Checklist Step - Maintenance mechanic (failed to secure slide cover tie-down straps)""]}",[],success
20081003X17330,[],"{""operator_mental"": [""Misplaced Motivation (First Officer)""], ""personnel_crm"": [""Failure of Leadership / Failed to Back-up (Captain)""], ""unsafe_skill"": [""The flying pilot's excessive angle of attack during the landing flare resulting in abnormal runway contact""]}",[],success
20080915X01465,[],"{""operator_mental"": [""Loss of Situational Awareness (Flight Crew)"", ""Distraction (Flight Crew)""], ""personnel_crm"": [""Failed to Coordinate (Ground Crew & Flight Crew)"", ""Failed to Communicate (Flight Crew)""], ""unsafe_skill"": [""Ground crew - C: 'It was the perception of the marshaler and the wing walker that the empennage was clear of the building during the turn.' (Failure to maintain proper visual scan/clearance awareness)""], ""unsafe_decision"": [""Flight crew - F: 'the flight crew's unprofessional behavior... led to a lack of situational awareness' and 'deviated from the sterile cockpit environment' (Poor decision-making regarding task prioritization and professional conduct during critical phase)""]}","[{""subject"": ""unsafe_violation"", ""relation"": ""LEADS_TO"", ""object"": ""personnel_crm"", ""evidence"": ""The flight crew's lack of professionalism and deviation from essential communications led to a lack of situational awareness.""}, {""subject"": ""unsafe_violation"", ""relation"": ""LEADS_TO"", ""object"": ""unsafe_perception"", ""evidence"": ""The flight crew's unprofessional behavior... led to a lack of situational awareness.""}]",success
20081007X03940,[],"{""operator_mental"": [""Get-home-itis (Flight Crew)"", ""Loss of Situational Awareness (Flight Crew)""], ""personnel_crm"": [""Failed to Coordinate with Maintenance/Dispatch (Flight Crew & Company Tech Support)""], ""unsafe_decision"": [""Flight crew elected to continue the flight on battery power despite knowing the battery would be depleted in approximately 30 minutes and losing critical systems like stabilizer trim"", ""Maintenance personnel cleared EICAS status messages without making logbook entries or investigating the underlying electrical anomalies, stating they were 'good to go'""]}","[{""subject"": ""unsafe_decision"", ""relation"": ""LEADS_TO"", ""object"": ""situational_tech"", ""evidence"": ""the flight crew's decision to continue a flight that was operating on battery power""}, {""subject"": ""situational_tech"", ""relation"": ""CO_OCCURS_WITH"", ""object"": ""unsafe_decision"", ""evidence"": ""The failure of an electrical relay due to eroded contacts and the flight crew's decision to continue a flight that was operating on battery power.""}]",success
20081027X75039,[],"{""operator_mental"": [""Loss of Situational Awareness (First Officer)"", ""Channelized Attention (First Officer)""], ""personnel_crm"": [""Failed to Back-up (Captain)""], ""unsafe_skill"": [""First Officer: 'increased back pressure on the side-stick to arrest the sink rate' resulting in a touchdown pitch attitude of 12.3 degrees, exceeding the limit""]}","[{""subject"": ""unsafe_perception"", ""relation"": ""LEADS_TO"", ""object"": ""unsafe_decision"", ""evidence"": ""The first officer stated that he felt a \u201csense of ground rush\u201d during the flare at about 70 feet and he increased back pressure on the side-stick to arrest the sink rate.""}, {""subject"": ""unsafe_decision"", ""relation"": ""LEADS_TO"", ""object"": ""unsafe_skill"", ""evidence"": ""The failure of the flightcrew to arrest an excessive sink rate during the flare for landing.""}]",success
20081110X15316,[],"{""operator_mental"": [""Distraction (Tug driver)"", ""Loss of Situational Awareness (Tug driver)""], ""personnel_crm"": [""Failed to Coordinate (Wing-walker/Tug driver)""], ""unsafe_decision"": [""tug driver attempted to maneuver the tug in a manner that would result in the nose of the airplane clearing the jetway""], ""unsafe_perception"": [""the tug driver's attention became focused upon the jetway, and he therefore did not see or hear the signals given by the wing-walker""]}","[{""subject"": ""unsafe_decision"", ""relation"": ""LEADS_TO"", ""object"": ""unsafe_perception"", ""evidence"": ""instead of terminating the pushback and realigning the tug, the tug driver attempted to maneuver... his attention became focused upon the jetway, and he therefore did not see or hear the signals""}]",success
20081113X92722,[],"{""operator_mental"": [""Loss of Situational Awareness (Ramp Agent)"", ""Channelized Attention (Ramp Agent)""], ""personnel_crm"": [""Failed to Coordinate (Ramp Controller/Ramp Agent)""], ""unsafe_skill"": [""Breakdown in Visual Scan - Ramp agent (tug driver)""]}",[],success
20081116X33137,[],"{""situational_tech"": [""Equipment Design (Nose wheel steering link material strength insufficient for operational loads)""], ""unsafe_decision"": [""The flight crew performed a go-around; left the landing gear extended, and departed the area to attempt to rectify the situation... The first officer transferred airplane control to the captain, and performed the alternate landing gear extension checklist. However, the anomalous indications remained... The flight crew then flew the airplane past the air traffic control tower (ATCT) to enable the ATCT personnel to determine the status of the nose landing gear... The crew subsequently elected to return to the airport to perform a nose-gear-up landing""]}",[],success
20081219X65313,[],"{""operator_mental"": [""Complacency (Maintenance/Inspection Personnel)"", ""Loss of Situational Awareness (Pilot)""], ""personnel_crm"": [""Failed to Coordinate (Maintenance Organization)""], ""unsafe_decision"": [""Captain reported he felt a bump, but then everything seemed fine and he taxied to the gate (Pilot)""]}",[],success
20081215X93019,[],"{""operator_mental"": [""Haste (Maintenance mechanic)"", ""Complacency (RII Inspector)""], ""operator_limits"": [""Inexperience (Maintenance mechanic)"", ""Lack of specific training (Maintenance mechanic)"", ""Insufficient knowledge (RII Inspector)""], ""situational_tech"": [""Confusing maintenance manual instructions (Manufacturer/Company documentation)""], ""personnel_crm"": [""Failed to Communicate (Maintenance mechanics)"", ""Failure of Leadership (Day shift supervisor)""], ""unsafe_skill"": [""The upper attachment bolt used to mount the left MLG uplock assembly to the structure was installed and cotter pinned, but did not engage the uplock assembly (Maintenance Mechanic)"", ""the RII inspector stated that he could not actually see the gear being extended from his position during the test as he was only watching the flight instrument panel for the indication of a full extension (RII Inspector)""], ""unsafe_decision"": [""Both mechanics signed off the work package as being complete having made a verbal turnover to the day shift supervisor, inconsistent with Air Wisconsin, Inc., policies and procedures (Maintenance Mechanics)"", ""the RII inspector did not follow the manual extend procedures outlined in the manuals, but instead followed an abbreviated procedure (RII Inspector)""]}","[{""subject"": ""unsafe_skill"", ""relation"": ""LEADS_TO"", ""object"": ""unsafe_violation"", ""evidence"": ""The mechanic who replaced the left gear uplock assembly had never before done such installation, nor had he received pertinent training... Both mechanics signed off the work package as being complete having made a verbal turnover to the day shift supervisor, inconsistent with Air Wisconsin, Inc., policies and procedures""}, {""subject"": ""unsafe_violation"", ""relation"": ""LEADS_TO"", ""object"": ""unsafe_perception"", ""evidence"": ""The RII inspector stated that he could not actually see the gear being extended from his position during the test as he was only watching the flight instrument panel for the indication of a full extension... The RII inspector did not use a flash light or inspection mirror as part of the inspection to see in the darkened MLG wheel-well""}, {""subject"": ""unsafe_perception"", ""relation"": ""LEADS_TO"", ""object"": ""unsafe_decision"", ""evidence"": ""the RII inspector did not follow the manual extend procedures outlined in the manuals, but instead followed an abbreviated procedure... The discrepancies were corrected by the mechanic... however the discrepancies were not properly documented""}]",success
20081215X14936,[],"{""situational_tech"": [""Equipment Design (DC Ground Service Tie Relay and Blocking Diode Assemblies malfunction/arcing)""], ""unsafe_decision"": [""Misdiagnosed Emergency: The captain assumed the smoke to be 'electrical in nature' and instructed the first officer to initiate the Smoke and Fumes Fire/Electrical checklist, which involved turning off generators that did not resolve the issue (smoke continued), indicating a potential misidentification of the source or procedure selection based on initial assumption rather than definitive evidence.""]}",[],success
20081216X41655,[],"{""operator_mental"": [""Loss of Situational Awareness (Tug Operator)"", ""Haste (Pilot)""], ""personnel_crm"": [""Failed to Coordinate (Pilot and Tug Operator)""], ""unsafe_decision"": [""Tug driver initiated movement on snow-covered surface without adequate traction assessment (Tug Driver)""]}",[],success
20081217X83220,[],"{""operator_mental"": [""Complacency (Maintenance personnel)""], ""situational_tech"": [""Equipment Design (Manufacturer)"", ""Interface (Manufacturer)""], ""unsafe_decision"": [""Maintenance personnel rigged and checked the door with the use of the aircraft hydraulic pumps instead of the external hydraulic power unit as required by AMM Task 32-12-01-220-801 (Config A01)""]}",[],success
20081221X14648,[],"{""operator_limits"": [""Insufficient crosswind experience/training (Captain)""], ""personnel_crm"": [""Failure to disseminate key wind information between ATC and pilots (ATC System/Controllers)""], ""unsafe_skill"": [""The captain's cessation of right rudder input, which was needed to maintain directional control of the airplane... when the airplane encountered a strong and gusty crosswind that exceeded the captain's training and experience""]}","[{""subject"": ""personnel_readiness"", ""relation"": ""LEADS_TO"", ""object"": ""unsafe_decision"", ""evidence"": ""inadequate crosswind training in the airline industry due to deficient simulator wind gust modeling""}, {""subject"": ""situational_tech"", ""relation"": ""CO_OCCURS_WITH"", ""object"": ""personnel_readiness"", ""evidence"": ""an air traffic control system that did not require or facilitate the dissemination of key, available wind information""}]",success
20081223X70710,[],"{""operator_mental"": [""Complacency (Captain)"", ""Loss of Situational Awareness (Ground Crew)""], ""personnel_crm"": [""Failed to Coordinate (Ground Crew & Captain)""], ""unsafe_decision"": [""Ground crew started the push-back unit in the proximity of the heater's fresh air intake""]}",[],success
20081228X25156,[],"{""operator_mental"": [""Loss of Situational Awareness - Ground crew (757 tug operator and wing walker)"", ""Channelized Attention - Ramp Controller""], ""personnel_crm"": [""Failed to Communicate - Ramp Controller"", ""Misinterpretation of Traffic Calls - Ramp Controller"", ""Failed to Coordinate - Ground crew (both aircraft)""], ""unsafe_skill"": [""Tug operator and wing walker of the Boeing 757-351 failed to maintain clearance with the other aircraft during the pushback process in dark night"", ""Tug operator and wing walker of the Boeing 737-832 failed to maintain clearance with this aircraft during the pushback process in dark night""], ""unsafe_decision"": [""Ramp controller's misinterpretation of the other airplane's gate location and her improper clearance for both airplanes to simultaneously push back from nearly opposing gates""]}","[{""subject"": ""unsafe_perception"", ""relation"": ""LEADS_TO"", ""object"": ""unsafe_decision"", ""evidence"": ""The controller stated that she thought that the Boeing 737-832 was requesting to push back from a different gate than they had requested; however, the recorded communications tapes clearly have flight crew of the Boeing 737 stating their correct gate in their initial call for a pushback clearance.""}, {""subject"": ""unsafe_decision"", ""relation"": ""LEADS_TO"", ""object"": ""unsafe_violation"", ""evidence"": ""Also causal was the ramp controller's misinterpretation of the other airplane's gate location and her improper clearance for both airplanes to simultaneously push back from nearly opposing gates.""}, {""subject"": ""unsafe_perception"", ""relation"": ""LEADS_TO"", ""object"": ""unsafe_violation"", ""evidence"": ""The failure of the tug operator and wing walker of this airplane to maintain clearance with the other aircraft during the pushback process in dark night.""}]",success
20081229X40417,[],"{""operator_mental"": [""Loss of Situational Awareness (Flight Attendant)""], ""unsafe_decision"": [""Flight attendant transported the beverage cart to the aft galley... while securing the beverage cart in the aft galley, the airplane encountered a 'violent surge of turbulence' which resulted in the flight attendant being thrown upwards""]}",[],success
20081229X80551,[],"{""operator_mental"": [""Loss of Situational Awareness (First Officer)"", ""Distraction (First Officer)""], ""personnel_crm"": [""Failed to Communicate (First Officer)"", ""Failure of Leadership (Captain)""], ""unsafe_decision"": [""First Officer advanced the left engine throttle during pushback without parking brakes set, violating the explicit procedure 'Do not advance throttles until parking brakes are parked' and acting on a misdiagnosis of a stuck bleed valve rather than waiting for stabilization.""]}","[{""subject"": ""unsafe_decision"", ""relation"": ""LEADS_TO"", ""object"": ""unsafe_violation"", ""evidence"": ""The first officer indicated that he advanced the left engine throttle during the airplane's taxi in order to clear what he suspected was a stuck bleed air valve... This action, which occurred without the knowledge of the captain or the tug operator and without application of the parking brakes""}, {""subject"": ""unsafe_violation"", ""relation"": ""LEADS_TO"", ""object"": ""situational_tech"", ""evidence"": ""resulted in a substantial increase in thrust that overwhelmed the tug's resistance until the airplane impacted the tug""}]",success
20090102X60836,[],"{""operator_mental"": [""Loss of Situational Awareness - Ground crew""], ""personnel_crm"": [""Failed to Coordinate - Ground crew""], ""unsafe_perception"": [""ground crew's failure to maintain clearance from the light pole while directing the airplane to parking""]}",[],success
20090105X01036,[],"{""situational_tech"": [""Inadequate lubrication schedule established by the engine manufacturer (Rolls-Royce) not reflective of operator usage"", ""Design/Task design issues regarding maintenance intervals for plasma spray coating and dry film lubricant""], ""unsafe_decision"": [""Engine manufacturer established an inadequate lubrication schedule that was not reflective of the operator's use of the engine, leading to breakdown of the lubrication system""]}",[],success
20090114X61852,[],"{""operator_mental"": [""Loss of Situational Awareness (Tug Operator)"", ""Distraction (Tug Operator)""], ""personnel_crm"": [""Failure to Coordinate (Ground Crew/Tug Operator)""], ""unsafe_decision"": [""failure to follow procedures when operating motorized equipment inside the Diamond of Safety (tug operator)"", ""failure to properly position safety cones on the right wing (tug operator)"", ""failure to ensure safe driving in inclement weather (tug operator)"", ""failure to take a safety time out when unsure of the intended path of the moving vehicle (tug operator)""]}","[{""subject"": ""unsafe_perception"", ""relation"": ""LEADS_TO"", ""object"": ""unsafe_decision"", ""evidence"": ""due to heavy winds and pelting sleet his vision was impaired and that he had closed his eyes just prior to his tug nearing the wing""}, {""subject"": ""unsafe_decision"", ""relation"": ""LEADS_TO"", ""object"": ""unsafe_violation"", ""evidence"": ""failure to follow procedures when operating motorized equipment inside the Diamond of Safety, failure to properly position safety cones on the right wing""}]",success
20090115X73226,[],"{""operator_mental"": [""Task Saturation (Captain)""], ""personnel_readiness"": [""Lack of industry flight crew training and guidance on ditching techniques (Flight Crew)""], ""unsafe_skill"": [""captain's resulting difficulty maintaining his intended airspeed on final approach due to the task saturation""]}",[],success
20090127X92950,[],"{""operator_mental"": [""Loss of Situational Awareness (Captain)"", ""Task Saturation (Flight Crew)""], ""operator_physical"": [""Physical Fatigue (Captain)"", ""Impaired Physiological State (Captain)""], ""personnel_crm"": [""Failed to Coordinate (Flight Crew)"", ""Failure of Leadership (Captain)""], ""unsafe_decision"": [""flight crew's failure to follow published standard operating procedures in response to a flap anomaly"", ""captain's decision to continue with the unstabilized approach""], ""unsafe_perception"": [""failure to monitor and maintain a minimum safe airspeed while executing an instrument approach""]}","[{""subject"": ""personnel_readiness"", ""relation"": ""LEADS_TO"", ""object"": ""unsafe_decision"", ""evidence"": ""fatigue due to the time of day in which the accident occurred and a cumulative sleep debt, which likely impaired the captain's performance""}, {""subject"": ""personnel_readiness"", ""relation"": ""LEADS_TO"", ""object"": ""unsafe_skill"", ""evidence"": ""fatigue due to the time of day in which the accident occurred and a cumulative sleep debt, which likely impaired the captain's performance""}, {""subject"": ""personnel_crm"", ""relation"": ""LEADS_TO"", ""object"": ""unsafe_decision"", ""evidence"": ""the flight crew's poor crew resource management""}, {""subject"": ""unsafe_violation"", ""relation"": ""CO_OCCURS_WITH"", ""object"": ""unsafe_skill"", ""evidence"": ""failure to follow published standard operating procedures in response to a flap anomaly""}]",success
20090213X13613,[],"{""operator_mental"": [""Loss of Situational Awareness (Captain)"", ""Channelized Attention (Flight Crew)""], ""personnel_crm"": [""Failure of Leadership (Captain)"", ""Failed to Coordinate (First Officer)""], ""unsafe_skill"": [""captain's inappropriate response to the activation of the stick shaker (Captain)"", ""flight crew's failure to monitor airspeed in relation to the rising position of the low-speed cue (Flight Crew)""], ""unsafe_decision"": [""failure to adhere to sterile cockpit procedures (Flight Crew)"", ""captain's failure to effectively manage the flight (Captain)""]}","[{""subject"": ""unsafe_perception"", ""relation"": ""LEADS_TO"", ""object"": ""unsafe_decision"", ""evidence"": ""the flight crew's failure to monitor airspeed in relation to the rising position of the low-speed cue""}, {""subject"": ""unsafe_decision"", ""relation"": ""LEADS_TO"", ""object"": ""unsafe_skill"", ""evidence"": ""The captain\u2019s inappropriate response to the activation of the stick shaker, which led to an aerodynamic stall from which the airplane did not recover""}, {""subject"": ""personnel_crm"", ""relation"": ""LEADS_TO"", ""object"": ""unsafe_decision"", ""evidence"": ""the captain\u2019s failure to effectively manage the flight""}]",success
20090223X03403,[],"{""operator_mental"": [""Loss of Situational Awareness (Captain)"", ""Channelized Attention (First Officer)""], ""operator_limits"": [""Visual Limitation (First Officer)""], ""unsafe_perception"": [""first officer stated that he had a 'hard time' judging the distance between the right wing and fuel truck due to sun glare on the wing and fuel truck""]}","[{""subject"": ""unsafe_perception"", ""relation"": ""LEADS_TO"", ""object"": ""unsafe_decision"", ""evidence"": ""The first officer stated that due to sun glare on the wing and fuel truck, he had a hard time judging the clearance between the wingtip and fuel truck.""}, {""subject"": ""unsafe_decision"", ""relation"": ""LEADS_TO"", ""object"": ""unsafe_skill"", ""evidence"": ""The captain stated that he then positioned the airplane about four feet to the left of the taxiway centerline in an attempt to avoid the fuel truck... Subsequently, the right wingtip of the airplane struck the fuel truck""}]",success
20090303X74824,[],"{""personnel_readiness"": [""Maintenance crew failed to resolve recurring electrical anomalies in the AC power distribution system despite multiple component replacements over several weeks""], ""unsafe_decision"": [""Maintenance crew: Repeatedly replaced components (relays, contactors) to remedy recurring electrical anomalies without identifying the root cause or systemic issue, leading to continued operation of a defective system.""]}",[],success
20090401X82602,[],"{""operator_mental"": [""Complacency - Flight Attendant"", ""Distraction - Flight Attendant""], ""personnel_crm"": [""Failed to Coordinate - Flight Crew/Flight Attendants""], ""unsafe_decision"": [""Flight attendant: 'Neither FA fastened their restraints.'"", ""Flight attendant: 'it took about 1 minute to get everything put away in the galley... Then he and the third FA went to the aft jumpseat to be seated.'""]}",[],success
20090421X81417,[],"{""operator_mental"": [""Complacency (Passenger)"", ""Misplaced Motivation (Passenger)""], ""personnel_crm"": [""Failed to Communicate (Flight Attendant)""], ""unsafe_decision"": [""Passenger - C: The injured passenger's failure to comply with the requirement to remain seated with a fastened seatbelt.""]}",[],success
20090422X95319,[],"{""operator_mental"": [""Loss of Situational Awareness (Captain)"", ""Complacency (First Officer)""], ""personnel_crm"": [""Failed to Coordinate (Flight Crew and Ramp Personnel)""], ""unsafe_skill"": [""Breakdown in Visual Scan - First Officer (responded that they were clear of the GPU when clearance was not maintained)"", ""Failed to Prioritize Attention - Captain (lost sight of the power cart and relied on FO's incorrect assessment)""]}",[],success
20090505X04553,[],"{""operator_mental"": [""Loss of Situational Awareness (First Officer)"", ""Channelized Attention (First Officer)""], ""personnel_crm"": [""Failed to Coordinate (Captain and First Officer)"", ""Failure of Leadership (Captain)""], ""unsafe_skill"": [""The first officer (FO) initiated the flare at about 45 feet... attempted to arrest the sink rate with larger than normal aft stick deflection"", ""During the bounce, the FO held 16 degrees aft stick input (approximately full aft travel)... and moved the thrust levers to idle during the bounce"", ""The first officer's excessive pitch-up of the airplane while landing with a tailwind... resulted in a tailstrike""], ""unsafe_decision"": [""Despite the callout, the thrust levers remained at climb and the autothrust system commanded increased engine power... The FO then retarded the thrust levers"", ""Contributing to the bounced landing were... excessive thrust resulting from the first officer's delay in retarding the thrust levers to idle""]}","[{""subject"": ""unsafe_perception"", ""relation"": ""LEADS_TO"", ""object"": ""unsafe_decision"", ""evidence"": ""The FO initiated the flare at about 45 feet. He stated that he attempted to arrest the sink rate with larger than normal aft stick deflection.""}, {""subject"": ""unsafe_decision"", ""relation"": ""LEADS_TO"", ""object"": ""unsafe_skill"", ""evidence"": ""The thrust levers remained in the climb detent (CLB)... The FO held 16 degrees aft stick input... and moved the thrust levers to idle during the bounce.""}, {""subject"": ""unsafe_skill"", ""relation"": ""LEADS_TO"", ""object"": ""operator_limits"", ""evidence"": ""The airplane touched down on both main landing gear with a vertical load of about 1.56 G... the aircraft then bounced.""}, {""subject"": ""unsafe_decision"", ""relation"": ""LEADS_TO"", ""object"": ""operator_limits"", ""evidence"": ""During the second touchdown, the FO began pitching the airplane nose up to about 12.5 degrees, which is greater than the specified maximum pitch angle and which resulted in the tailstrike.""}]",success
20090507X00926,[],"{""operator_mental"": [""Loss of Situational Awareness - Captain""], ""operator_physical"": [""Physical Fatigue - Captain"", ""Medical Illness - Captain""], ""operator_limits"": [""Insufficient Reaction Time - Captain"", ""Inexperience with Type Rating - Captain""], ""unsafe_skill"": [""Over-controlled Aircraft: The captain's inappropriate control inputs following a firm landing, resulting in two hard nose-gear impacts before executing a go-around.""]}","[{""subject"": ""operator_physical"", ""relation"": ""LEADS_TO"", ""object"": ""unsafe_decision"", ""evidence"": ""It is likely that the captain\u2019s performance was degraded by fatigue and some degree of physical discomfort brought on by a short-term illness.""}, {""subject"": ""personnel_readiness"", ""relation"": ""LEADS_TO"", ""object"": ""unsafe_decision"", ""evidence"": ""a possible lack of practical consolidation of skills and experience due to a protracted and fragmented training period""}]",success
20090513X31333,[],"{""operator_mental"": [""Loss of Situational Awareness (Captain)"", ""Complacency (Captain)""], ""situational_tech"": [""Equipment Design/Configuration (Inoperative Anti-skid System)""], ""unsafe_skill"": [""Pilot - Inadvertent Flight Control Use (inadvertent application of excessive braking after touchdown)""]}","[{""subject"": ""unsafe_decision"", ""relation"": ""LEADS_TO"", ""object"": ""unsafe_skill"", ""evidence"": ""The pilot's inadvertent application of excessive braking after touchdown, which caused the right wheels to lock and several tires to blow""}]",success
20090522X80352,[],"{""operator_mental"": [""Loss of Situational Awareness - Captain"", ""Channelized Attention - Captain""], ""personnel_crm"": [""Failed to Coordinate - Ramp Personnel""], ""unsafe_skill"": [""Flight crew's failure to adequately monitor and maintain clearance from a parked aircraft while taxiing""]}","[{""subject"": ""unsafe_perception"", ""relation"": ""LEADS_TO"", ""object"": ""unsafe_decision"", ""evidence"": ""The flight crew's failure to adequately monitor and maintain clearance from a parked aircraft while taxiing.""}, {""subject"": ""unsafe_decision"", ""relation"": ""CO_OCCURS_WITH"", ""object"": ""unsafe_violation"", ""evidence"": ""the parked airplane had been improperly parked with the right wing tip and horizontal stabilizer well outside the safety lines.""}]",success
20090527X25328,[],"{""operator_mental"": [""Complacency (Captain)""], ""personnel_crm"": [""Failed to Coordinate (Captain and Flight Attendants)""], ""unsafe_decision"": [""Captain communicated preflight information indicating only light chop to flight attendants, leading them to be unprepared for severe turbulence""]}",[],success
20090610X65600,[],"{""situational_tech"": [""Equipment Design (EEC Pb sensor malfunction causing erroneous fuel scheduling)"", ""Automation (Electronic Engine Control failed to provide accurate feedback/warning)""], ""unsafe_decision"": [""Pilots continued to motor the engine after noting significantly higher than normal starting fuel flow and EGT, rather than immediately aborting or securing the engine before the fire became visible to ground crew.""]}",[],success
20090611X13753,"[{""text"": ""Maintenance crew"", ""role"": ""maintenance"", ""tier"": ""unsafe_decision""}]","{""personnel_readiness"": [""Maintenance crew failed to monitor hydraulic fluid contamination levels (maintenance program deficiency)""], ""unsafe_decision"": [""Maintenance crew: The narrative states that 'ASA Technical Operations implemented a formal program of hydraulic fluid acidity and contamination analysis... Previously, only acidity was tested, not contamination.' This indicates the maintenance organization failed to perform required or best-practice checks for hydraulic fluid condition (contamination), which led to the failure. While often an organizational issue, in HFACS Tier 1, this is classified as a decision by the maintenance personnel/organization to omit a critical check step (Omitted Checklist Step / Improper Procedure) rather than a knowing violation of a specific regulation if no explicit rule was cited as broken knowingly.""]}","[{""subject"": ""unsafe_decision"", ""relation"": ""LEADS_TO"", ""object"": ""situational_tech"", ""evidence"": ""The failure of the left main landing gear to extend due to high levels of particulate contamination in the hydraulic fluid.""}]",success
20090712X94532,[],"{""operator_mental"": [""Complacency (Passenger)"", ""Misplaced Motivation (Passenger)""], ""unsafe_decision"": [""Passenger in seat 24C failed to fasten seatbelt despite illuminated sign and announcements"", ""Passenger in aft lavatory remained standing/unsecured during turbulence""]}",[],success
20090714X83900,[],"{""situational_tech"": [""Equipment Design (Boeing/Manufacturer)""], ""unsafe_decision"": [""Boeing (Manufacturer) - Failure to identify stress concentrations at chemically milled steps during design/manufacturing, leading to fatigue cracking""]}",[],success
20090724X12005,[],"{""personnel_crm"": [""Failed to Communicate (First Officer)""], ""unsafe_decision"": [""The captain stated that the event probably lasted about a minute, or slightly longer. The first officer called the cabin to assess any injuries; he was informed by a flight attendant that at least two, and perhaps three passengers appeared to be injured... The captain contacted the destination controller and requested that medical personnel meet the flight.""]}",[],success
20090724X34459,[],"{""personnel_crm"": [""Failed to Enforce Compliance (Cabin Attendant)""], ""unsafe_decision"": [""Passenger - C: 'The passenger did not comply and entered the lavatory.'"", ""Passenger - C: 'a passenger elected to leave his seat to use the lavatory.'""]}",[],success
20090728X71721,[],"{""personnel_crm"": [""Failed to Coordinate (Captain/Flight Attendants)""], ""unsafe_decision"": [""Captain: 'turned off the sterile cockpit' and initiated beverage service while deviating around a convective cell in moderate turbulence conditions""]}",[],success
20090730X12915,[],"{""operator_mental"": [""Complacency (AAR maintenance technician)""], ""personnel_readiness"": [""Inadequate Preparation/Training (AAR maintenance technician)""], ""unsafe_skill"": [""AAR performed the last overhaul... The oversized I.D. surface was then chrome plated and ground to the design diameter per standard operating procedures manual (SOPM) 20-42-03... abusive grinding/polishing of the chrome plate (Maintenance Personnel)""]}","[{""subject"": ""unsafe_skill"", ""relation"": ""LEADS_TO"", ""object"": ""situational_tech"", ""evidence"": ""The failure of the left hand main landing gear was caused by heat induced cracks resulting from abusive grinding/polishing of the chrome plate that was applied during the last overhaul.""}]",success
20090805X42956,[],"{""operator_mental"": [""Loss of Situational Awareness (Flight Crew)""], ""personnel_crm"": [""Failed to Coordinate (Flight Attendant)""], ""unsafe_decision"": [""Flight crew continued flight into cloud formation despite IMC conditions and lack of radar indications, resulting in inadvertent encounter with convective turbulence""]}",[],success
20090806X21108,[],"{""operator_mental"": [""Complacency (Captain)"", ""Loss of Situational Awareness (First Officer)""], ""personnel_crm"": [""Failed to Coordinate (Captain and First Officer)""], ""unsafe_decision"": [""The flightcrew stated that after leveling off at 14,000 feet mean sea level (msl), both conferred and it was decided to let the flight attendant begin beverage service. ... shortly afterwards they noticed a layer of clouds 10 miles ahead""]}",[],success
20090810X21314,[],"{""operator_mental"": [""Complacency (Pilot Flying)"", ""Loss of Situational Awareness (Pilot Flying)""], ""personnel_crm"": [""Failed to Coordinate (Crew)""], ""unsafe_decision"": [""The relief first officer, who was the pilot flying at the time, stated that he has requested the climb... and after entering the desired altitude in the autopilot system the airplane initiated the climb and then severe turbulence was encountered""]}",[],success
20090828X61756,[],"{""operator_mental"": [""Loss of Situational Awareness (Flight Crew)"", ""Complacency (Dispatch)""], ""personnel_crm"": [""Failed to Communicate (Dispatch)"", ""Failed to Coordinate (Flight Crew)"", ""Failed to Communicate (ATC Personnel)""], ""unsafe_decision"": [""Dispatch department failed to provide current adverse weather information (SIGMETs) contrary to regulatory requirements"", ""Flight crew did not check with dispatch for updated SIGMETs or detect/avoid existing convective conditions despite available data""], ""unsafe_violation"": [""ATC controllers failed to relay hazardous weather information/SIGMETs as required by FAA Order 7110.65R"", ""Flight crew failed to provide relevant forecast information to the cabin crew, violating operator FOM requirements for preflight briefings""]}","[{""subject"": ""unsafe_decision"", ""relation"": ""LEADS_TO"", ""object"": ""personnel_readiness"", ""evidence"": ""the flight crew did not check with dispatch to determine whether any SIGMETS were current for the planned departure time""}, {""subject"": ""unsafe_decision"", ""relation"": ""LEADS_TO"", ""object"": ""personnel_crm"", ""evidence"": ""the flight crew did not advise or instruct the cabin crew to remain seated, nor did they advise the cabin crew of any anticipated turbulence""}, {""subject"": ""unsafe_perception"", ""relation"": ""LEADS_TO"", ""object"": ""personnel_readiness"", ""evidence"": ""the flightcrew could have anticipated the turbulence... and the flight attendants could have either been instructed to remain seated""}]",success
20090909X82446,[],"{""personnel_readiness"": [""Maintenance crew failed to verify brake mounting bolt torque after installation""], ""unsafe_decision"": [""Failure to verify brake mounting bolt torque after installation (no requirement or guidance to check the bolt torque after installation) - Maintenance Crew""]}",[],success
20090910X95942,[],"{""situational_tech"": [""Equipment Design (wire routing/installation error leading to chafing)""], ""unsafe_decision"": [""Maintenance/Manufacturing personnel routed the wire bundle incorrectly and failed to secure it properly, deviating from Boeing installation drawings""]}",[],success
20090910X53412,[],"{""personnel_readiness"": [""Inadequate installation procedure documentation (Omission of O-ring installation steps in CF34-10E EM) - Manufacturer/Engineer"", ""Failure to track document revisions and update maintenance manuals promptly - Manufacturer/Oversight""], ""unsafe_skill"": [""Engine manufacturer assembly personnel: Cross-threaded the B-nut on the HPTACC valve fitting during final engine assembly, resulting in a gap at the primary seal location and reliance on the secondary O-ring seal.""]}",[],success
20090921X73211,[],"{""situational_tech"": [""Equipment Design (Maintenance/Manufacturing): Inadequate corrosion protection system design or maintenance procedures allowing hydraulic/deicing fluid contamination to compromise the truck beam interior coating, leading to stress corrosion cracking.""], ""unsafe_decision"": [""Maintenance personnel failed to detect the deterioration of protective finishes and corrosion during inspection, leading to continued operation with a compromised structural component""]}",[],success
20090921X05830,[],"{""operator_mental"": [""Complacency (Maintenance Personnel)"", ""Channelized Attention (Maintenance Personnel)""], ""unsafe_skill"": [""maintenance personnel likely missed the damage during these inspections (Maintenance Personnel)"", ""pilots performing preflight checks of the airplane would be just as likely to miss the damage (Pilots)""]}",[],success
20091020X14635,[],"{""operator_mental"": [""Loss of Situational Awareness (Flight Attendant)""], ""personnel_crm"": [""Failed to Communicate (Cockpit Crew)"", ""Failed to Coordinate (Cabin Crew)""], ""unsafe_decision"": [""Flight attendant continued with her duties for the remainder of the flight despite sustaining two fractured ribs and a whiplash injury, failing to recognize or report the severity of the medical emergency.""]}",[],success
20091029X02444,[],"{""personnel_crm"": [""Failed to Coordinate (Flight Attendants)""], ""unsafe_decision"": [""Flight attendants were securing the galley (unrestrained) during descent in IMC without anticipating turbulence risk, leading to injury""]}",[],success
20091030X64143,[],"{""operator_mental"": [""Distraction (Captain)"", ""Loss of Situational Awareness (Captain)""], ""personnel_crm"": [""Failed to Coordinate (Captain and First Officer)""], ""unsafe_skill"": [""Over-controlled Aircraft (Captain): The captain initiated a series of excessive control inputs which resulted in a positive vertical acceleration of approximately 1.6g, significantly exceeding the typical \u00b10.25G required for TCAS RAs.""], ""unsafe_decision"": [""Inappropriate Maneuver (Captain): The captain's response to the TCAS Resolution Advisory was not 'promptly but smoothly' as per manufacturer guidance, leading to excessive g-forces and injuries."", ""Poor Decision (Operator/Training Dept): The operator failed to include specific TCAS RA response guidance in the Boeing 717 training program, unlike their Boeing 737 program, leaving pilots without proper procedural instruction.""]}","[{""subject"": ""personnel_readiness"", ""relation"": ""LEADS_TO"", ""object"": ""unsafe_decision"", ""evidence"": ""Review of the airline's training and guidance materials... revealed that this information was included in the training and guidance material for one of the airplane types in their fleet but was not included in the training and guidance materials for the accident airplane type.""}, {""subject"": ""unsafe_decision"", ""relation"": ""LEADS_TO"", ""object"": ""operator_limits"", ""evidence"": ""the captain initiated a series of excessive control inputs which resulted in a positive vertical acceleration of approximately 1.6g.""}]",success
20091102X82140,"[{""text"": ""First Officer"", ""role"": ""Pilot"", ""tier"": ""unsafe_decision""}]","{""operator_mental"": [""Loss of Situational Awareness (First Officer)""], ""unsafe_decision"": [""Flight crew: 'decided it was a bird strike' (Misdiagnosed Emergency/Improper Procedure - The narrative implies the initial assessment and subsequent handling were based on an assumption rather than full verification, though they did declare an emergency. However, looking closer at the few-shot example, the classification often targets the operator's failure to manage hazards or the crew's specific error. In this case, the primary human factor is often the lack of avoidance due to environmental factors, but since we must classify an unsafe act: The First Officer saw 'several black dots' but did not take immediate evasive action before impact, suggesting a breakdown in threat recognition/response time (unsafe_skill) or a decision not to deviate. However, given the speed and proximity, this is often classified under unsafe_decision as 'Poor Decision' regarding avoidance or unsafe_skill as 'Breakdown in Visual Scan'. Let's look at the few-shot: it classifies operator failure. Here, the crew saw the birds ('black dots') but collided. This suggests a failure to avoid. Is that a skill issue (didn't see them clearly enough) or decision (saw them but didn't act)? The First Officer reported seeing them 'prior to the loud bang'. This implies they were visible. Failure to avoid is typically unsafe_decision (Inappropriate Maneuver/Poor Decision) or unsafe_skill (Breakdown in Visual Scan). Given the few-shot example classifies a similar bird strike with an operator factor, and here we have crew factors: The crew failed to avoid the birds despite visual contact. This fits 'unsafe_decision' as a failure to take appropriate action (avoidance) or 'unsafe_skill' if they didn't process the threat. Let's stick to the most direct interpretation of human error in bird strikes where avoidance is possible but not executed: unsafe_decision.""]}",[],success
20091117X55556,[],"{""operator_mental"": [""Loss of Situational Awareness (Pilot in Command)""], ""unsafe_decision"": [""Frontier Airlines: 'does not have an FAA approved Wildlife Management Plan' (Failure to implement required hazard management despite presence of hazardous wildlife in flight path)""]}",[],success
20091124X94107,[],"{""operator_mental"": [""Complacency (Captain)"", ""Loss of Situational Awareness (First Officer)""], ""personnel_crm"": [""Failed to Coordinate (Flight Crew)""], ""unsafe_decision"": [""Captain: 'seat belt sign in the cabin, which had previously been off because conditions had been smooth' (Failure to maintain seatbelt sign during cruise where turbulence risk exists)""]}",[],success
20091214X41802,[],"{""operator_mental"": [""Loss of Situational Awareness - Captain"", ""Complacency - First Officer""], ""personnel_crm"": [""Failed to Communicate - First Officer"", ""Failure of Leadership - Captain""], ""unsafe_decision"": [""Captain's decision to execute a Category III autoland approach on a runway without rollout guidance contrary to company Flight Manual guidance"", ""Captain's decision to deviate from the Category III approach and continue it manually contrary to the company Operating Manual"", ""First Officer's failure to call for a go-around when the approach became unstable""]}","[{""subject"": ""unsafe_decision"", ""relation"": ""LEADS_TO"", ""object"": ""unsafe_skill"", ""evidence"": ""The Captain's decision to deviate from the Category III approach and continue it manually contrary to the company Operating Manual... resulting in excessive bank angle maneuvers at low altitude.""}, {""subject"": ""personnel_readiness"", ""relation"": ""LEADS_TO"", ""object"": ""unsafe_decision"", ""evidence"": ""The captain stated that 'he hadn't flown an autoland in 10-12 years... and he didn't feel comfortable with it'... The Captain's decision to execute a Category III autoland approach on a runway without rollout guidance contrary to company Flight Manual guidance.""}, {""subject"": ""unsafe_perception"", ""relation"": ""LEADS_TO"", ""object"": ""unsafe_decision"", ""evidence"": ""The first officer noticed a 'momentary vibration' of the localizer needle... but he did not mention the needle movement to the captain... The First Officer's failure to call for a go-around when the approach became unstable.""}, {""subject"": ""unsafe_decision"", ""relation"": ""LEADS_TO"", ""object"": ""unsafe_violation"", ""evidence"": ""The Captain's decision to execute a Category III autoland approach on a runway without rollout guidance contrary to company Flight Manual guidance.""}]",success
20091223X50505,[],"{""operator_physical"": [""Physical Fatigue (Fuel Truck Driver)""], ""personnel_readiness"": [""Crew Rest Violation (Fuel Truck Driver)""], ""unsafe_decision"": [""Fuel truck driver left vehicle in neutral without setting emergency brake""]}",[],success
20091228X15816,[],"{""operator_mental"": [""Complacency (Maintenance personnel)"", ""Loss of Situational Awareness (Flight crew)""], ""personnel_crm"": [""Failed to Coordinate (Maintenance personnel and Flight crew)""], ""unsafe_decision"": [""Maintenance personnel improperly installed shim stacks (exceeding maximum allowed thickness) and misaligned L-brackets, leading to fatigue failure"", ""Flight crew failed to properly engage the gust lock before takeoff and after landing on approximately 9 of 92 recorded flights, generating cyclic stresses""]}",[],success
20100112X10853,"[{""text"": ""Captain"", ""role"": ""Pilot"", ""tier"": ""unsafe_decision""}, {""text"": ""First Officer"", ""role"": ""Pilot"", ""tier"": ""unsafe_decision""}]","{""operator_mental"": [""Task Saturation (Captain and First Officer)"", ""Loss of Situational Awareness regarding checklist flow (First Officer)""], ""personnel_crm"": [""Failed to Coordinate with Maintenance Control due to communication difficulties (First Officer)"", ""Failure to Adhere to Checklist Timing for Engine Shutdown (Captain)""], ""personnel_readiness"": [""Inadequate Procedural Documentation/Training on Circular References (United Airlines Organization)""], ""unsafe_decision"": [""Captain: 'The Captain acknowledged but said \""get \u2018em now, we don't need \u2018em\""' (deviating from the checklist instruction to shut down engines at touchdown for a single main gear abnormality)"", ""First Officer: 'the crew reported that the checklists were confusing with circular references' (leading to procedural confusion and delay in identifying the correct partial gear landing procedure)""]}","[{""subject"": ""unsafe_decision"", ""relation"": ""CO_OCCURS_WITH"", ""object"": ""unsafe_decision"", ""evidence"": ""The Captain elected to execute a 360 degree turn... the FO read the checklist item 'engine master switch is off at touchdown,' but just prior to landing... the Captain said, 'you wanna get those engines, ya think, now?'""}]",success
20100114X11754,[],"{""situational_tech"": [""Equipment Design (Manufacturer quality control failure leading to defective fuel manifold adapter and transfer tubes)""], ""unsafe_violation"": [""EA maintenance staff repaired a fuel leak... The No. 2 fuel manifold adapter was removed and re-assembled at this time... PWCs\u2019 quality control system failed to capture this quality escape""]}",[],success
20100121X82958,[],"{""operator_mental"": [""Distraction (Captain)"", ""Complacency (First Officer)"", ""Loss of Situational Awareness (Captain)""], ""personnel_crm"": [""Failed to Coordinate (Flight Crew)"", ""Failure of Leadership (Captain)"", ""Failed to Back-up (First Officer)""], ""unsafe_skill"": [""The rapid and perfunctory manner in which the flight crew conducted the Taxi checklist resulted in the captain not visually comparing the airplane\u2019s flap position with the aircraft communications addressing and reporting system data (Captain)"", ""the first officer stated, \u201cflaps 8\u201d ... indicating that he had selected the flap handle to the flaps 8 position, not to the flaps 20 position as called for by the captain (First Officer)""], ""unsafe_decision"": [""the captain\u2019s decision to attempt to reconfigure the flaps and delay the RTO ... resulted in the rejected takeoff beginning when the airplane was about 13 knots above the takeoff decision speed (Captain)"", ""the flight crewmembers\u2019 lack of checklist discipline, which contributed to their failure to detect the incorrect flap setting before initiating the takeoff roll (Flight Crew)""], ""unsafe_violation"": [""The flight crewmembers' unprofessional behavior, including their nonadherence to sterile cockpit procedures by engaging in nonpertinent conversation ... throughout the entire taxi (Flight Crew)""]}","[{""subject"": ""unsafe_violation"", ""relation"": ""LEADS_TO"", ""object"": ""unsafe_perception"", ""evidence"": ""The flight crewmembers' unprofessional behavior, including their nonadherence to sterile cockpit procedures by engaging in nonpertinent conversation... led to their failure to correctly set and verify the flaps""}, {""subject"": ""unsafe_violation"", ""relation"": ""LEADS_TO"", ""object"": ""unsafe_skill"", ""evidence"": ""The rapid and perfunctory manner in which the flight crew conducted the Taxi checklist resulted in the captain not visually comparing the airplane\u2019s flap position with the aircraft communications addressing and reporting system data""}, {""subject"": ""unsafe_perception"", ""relation"": ""LEADS_TO"", ""object"": ""unsafe_decision"", ""evidence"": ""The captain's decision to reconfigure the flaps during the takeoff roll instead of rejecting the takeoff when he first identified the misconfiguration""}, {""subject"": ""unsafe_skill"", ""relation"": ""LEADS_TO"", ""object"": ""unsafe_decision"", ""evidence"": ""The flight crewmembers' lack of checklist discipline, which contributed to their failure to detect the incorrect flap setting before initiating the takeoff roll""}]",success
20100216X20235,[],"{""operator_mental"": [""Loss of Situational Awareness (Captain)"", ""Distraction (Captain)""], ""personnel_crm"": [""Failed to Coordinate (First Officer)""], ""unsafe_skill"": [""Breakdown in Visual Scan (Captain failed to monitor heading during descent, allowing aircraft to drift 27 degrees off assigned course)"", ""Inadvertent Flight Control Use (Captain inadvertently allowed the airplane to turn to a 163-degree heading while managing traffic avoidance)""]}","[{""subject"": ""unsafe_perception"", ""relation"": ""LEADS_TO"", ""object"": ""unsafe_decision"", ""evidence"": ""The captain stated that he noticed that he had inadvertently allowed the airplane to turn to a 163-degree heading and immediately initiated a turn back to the assigned heading of 190 degrees.""}, {""subject"": ""unsafe_decision"", ""relation"": ""LEADS_TO"", ""object"": ""operator_mental"", ""evidence"": ""The captain stated that he began to shallow the airplane's rate of descent to its assigned altitude of 6,000 feet to avoid the traffic.""}, {""subject"": ""unsafe_perception"", ""relation"": ""LEADS_TO"", ""object"": ""operator_mental"", ""evidence"": ""The captain stated that he responded by making a shallow turn to the right to avoid the traffic.""}]",success
20100216X34257,"[{""text"": ""Captain"", ""role"": ""Flight crew"", ""tier"": ""unsafe_skill""}, {""text"": ""First Officer"", ""role"": ""Flight crew"", ""tier"": ""unsafe_skill""}, {""text"": ""Marshaller"", ""role"": ""Ground crew"", ""tier"": ""unsafe_perception""}]","{""operator_mental"": [""Channelized Attention (Captain)"", ""Loss of Situational Awareness (First Officer)"", ""Distraction (Marshaller)""], ""personnel_crm"": [""Failed to Coordinate (Flight Crew and Marshaller)""], ""unsafe_skill"": [""Flight crew: 'chose to maintain visual attention on the marshaller' and 'never saw the jet bridge on the left side', indicating a breakdown in visual scan/monitoring of the environment"", ""Ground crew (Marshaller): 'concentrating on his left side view... due to the fuel truck being parked... he did not want to hit the wing tip', indicating failure to prioritize attention and monitor the correct stop line""], ""unsafe_perception"": [""Ground crew (Marshaller): 'misjudged the EMB line because he had been looking at the fuel truck', indicating a misjudgment of distance/position relative to the gate markings""]}","[{""subject"": ""unsafe_perception"", ""relation"": ""LEADS_TO"", ""object"": ""unsafe_skill"", ""evidence"": ""The marshaller reported that he was concentrating on the airplane\u2019s right side... and misjudged the stop line marked for EMB airplanes... The captain... chose to maintain visual attention on the marshaller. Just as the marshaller raised his hands to perform the stop signal, the left propeller struck the jet bridge.""}]",success
20100219X11249,[],"{""operator_mental"": [""Complacency (Maintenance Technician)"", ""Haste (Maintenance Technician)""], ""personnel_readiness"": [""Inadequate Preparation/Inspection (Maintenance Technician)""], ""unsafe_skill"": [""AAR LGS maintenance personnel performed abusive grinding/polishing of the chrome plating to size, resulting in circumferential grinding burns and intergranular cracking (Maintenance Personnel)""]}",[],success
20100222X84927,[],"{""operator_mental"": [""Complacency (Flight Crew)"", ""Loss of Situational Awareness (Flight Crew)""], ""personnel_crm"": [""Failed to Coordinate (Flight Crew and Flight Attendants)""], ""unsafe_decision"": [""The flight crew requested a descent to FL300 and began to encounter moderate turbulence after starting the descent (Flight Crew)""]}",[],success
20100312X84023,[],"{""operator_mental"": [""Complacency (Flight Attendants)"", ""Loss of Situational Awareness (Flight Attendants)""], ""personnel_crm"": [""Failed to Coordinate (Captain/Flight Attendants)""], ""unsafe_decision"": [""Flight attendants began the final preparation for landing... All three flight attendants were standing at the time, preparing the cabin""]}",[],success
20100315X12046,[],"{""situational_tech"": [""Equipment Design (Tailcone lightning protection inadequacy leading to bulkhead displacement and elevator binding) - Aircraft Manufacturer/Design""], ""unsafe_decision"": [""Dispatch: The dispatch did not forecast lightning in the area of the lightning strike about the time of the strike, despite available meteorological data indicating thunderstorms and lightning potential.""]}",[],success
20100405X40816,[],"{""personnel_crm"": [""Failed to Coordinate (Captain/Flight Attendants)""], ""unsafe_decision"": [""Captain: 'asked the cabin flight attendants to be seated' shortly before encountering moderate turbulence, failing to ensure compliance or delay departure from sterile cockpit procedures until secured""]}",[],success
20100410X34740,[],"{""operator_mental"": [""Distraction (Ground Service Employee)"", ""Complacency (Ground Service Employee)""], ""situational_tech"": [""Equipment Design/Defect: Inoperative seat switch failed to disengage motor (Tug Manufacturer/Maintenance)""], ""unsafe_decision"": [""The tug operator exited the vehicle without setting its parking brake, turning off its engine, or placing the gear selector in neutral or park (Ground Service Employee)""], ""unsafe_violation"": [""The company ground equipment general driving rules require unoccupied vehicles on the ramp to be placed in park or neutral, with the parking brake set and the engine turned off; The tug operator reported that he stopped on the ramp to pick up two bags. He exited the tug without setting its parking brake... which was not in accordance with the tug company's ground equipment general driving rules (Ground Service Employee)"", ""The company ground equipment general driving rules has a caution which states never to transport any items (e.g., baggage, freight) on top of or in the passenger seating area of a vehicle; The tug operator then placed the first bag on the passenger seat, which company procedures caution against doing (Ground Service Employee)""]}","[{""subject"": ""unsafe_violation"", ""relation"": ""CO_OCCURS_WITH"", ""object"": ""situational_tech"", ""evidence"": ""The tug operator's failure to comply with company procedures when parking an unoccupied baggage tug, and the failure of the tug's seat switch to disengage the electric motor""}]",success
20100423X01145,[],"{""operator_mental"": [""Loss of Situational Awareness (Pilot)"", ""Distraction (Flight Attendant)""], ""personnel_crm"": [""Failed to Coordinate (Crew)""], ""unsafe_decision"": [""Flight crew deviated around clouds and entered a buildup of clouds that was 'unavoidable' due to their course correction decision, resulting in moderate to severe turbulence""]}",[],success
20100423X02633,[],"{""operator_mental"": [""Distraction - Flight Attendant""], ""unsafe_skill"": [""Flight attendant tripped and fell""]}",[],success
20100503X82523,[],"{""operator_mental"": [""Complacency (Maintenance Mechanic)"", ""Channelized Attention (Maintenance Inspector)""], ""situational_tech"": [""Equipment Design (False Latch Condition)""], ""unsafe_skill"": [""Mechanic - C: 'failure of the mechanic to unstow and properly latch and lock the fan cowl latches after the engine maintenance had been completed'"", ""Maintenance inspector - C: 'failure of the maintenance inspector to detect and identify the unlatched condition'""]}","[{""subject"": ""unsafe_skill"", ""relation"": ""LEADS_TO"", ""object"": ""unsafe_violation"", ""evidence"": ""failure of the mechanic to unstow and properly latch and lock the fan cowl latches""}, {""subject"": ""unsafe_perception"", ""relation"": ""LEADS_TO"", ""object"": ""unsafe_violation"", ""evidence"": ""failure of the maintenance inspector to detect and identify the unlatched condition""}]",success
20100507X94749,[],"{""operator_mental"": [""Loss of Situational Awareness (Flight Crew)"", ""Complacency (Flight Crew)""], ""personnel_crm"": [""Failed to Coordinate (Cabin Crew)""], ""unsafe_decision"": [""The flight crew's inadequate separation from convective activity that resulted in serious injury to an unrestrained flight attendant""]}",[],success
20100517X92932,[],"{""operator_mental"": [""Complacency (Maintenance Technician)"", ""Loss of Situational Awareness (Maintenance Technician)""], ""personnel_crm"": [""Failed to Coordinate (Maintenance Lead and Mechanic)""], ""unsafe_decision"": [""JFK maintenance technician decided to defer the maintenance write-up for 50 flight hours based on a customized AMM limitation, despite the captain reporting the connector was 'hot to the touch' and 'charred', leading to inadequate troubleshooting of a failing component.""]}",[],success
20100520X02527,[],"{""personnel_readiness"": [""Maintenance crew failed to perform adequate lubrication and inspection of the fore flap carriage assembly, allowing corrosion and grease buildup to block lubrication passages""], ""unsafe_skill"": [""Maintenance personnel failed to detect extensive corrosion and grease buildup during inspection, resulting in 'Poor Technique' or inadequate maintenance execution.""]}",[],success
20100523X62317,[],"{""situational_tech"": [""Equipment Design (Nose landing gear system malfunction/undetermined cause)""], ""unsafe_decision"": [""The pilots followed the emergency procedures in the operator's Quick Reference Handbook but were unable to lower the nose landing gear... The pilots then performed a low-level flyby so air traffic control tower (ATCT) and ground personnel could evaluate the condition of the nose landing gear. When ATCT and ground personnel confirmed that the landing gear doors were open and the nose landing gear remained retracted, the pilots decided to make an emergency landing with the nose landing gear retracted.""]}",[],success
20100525X31845,[],"{""operator_mental"": [""Complacency (Flight Crew)""], ""unsafe_decision"": [""Captain decided to keep the seat belt sign off for approximately 30 minutes prior to the turbulence encounter, despite operating in conditions conducive to severe turbulence (icecap wave instability), leading to injuries.""]}",[],success
20100606X02721,[],"{""operator_mental"": [""Loss of Situational Awareness - First Officer"", ""Complacency - Captain""], ""personnel_crm"": [""Failed to Coordinate - Flight Crew (Captain and First Officer)""], ""unsafe_perception"": [""The first officer replied affirmative and continued with preparing for takeoff (First Officer misjudged clearance)""], ""unsafe_violation"": [""The flight crew subsequently felt a jolt as the right wing tip of the A330 contacted the rudder of the A321 (Flight Crew failed to maintain required taxiway clearance)""]}","[{""subject"": ""unsafe_perception"", ""relation"": ""LEADS_TO"", ""object"": ""unsafe_decision"", ""evidence"": ""The first officer replied that there was adequate clearance and continued with preparing for takeoff.""}, {""subject"": ""unsafe_decision"", ""relation"": ""LEADS_TO"", ""object"": ""unsafe_skill"", ""evidence"": ""The flight crew subsequently felt a jolt as the right wing tip of the A330 contacted the rudder of the A321.""}]",success
20100608X35931,[],"{""operator_mental"": [""Complacency (Maintenance Technician)"", ""Loss of Situational Awareness (Quality Control Inspector)""], ""personnel_crm"": [""Failed to Coordinate (Maintenance Crew / Quality Assurance)""], ""unsafe_skill"": [""Maintenance personnel used a chemical cleaning solution that caused hydrogen embrittlement, leading to intergranular cracking (Poor Technique)"", ""AAR performed the last overhaul... The oversized I.D. surface was then chrome plated and ground to the design diameter per standard operating procedures manual (SOPM) 20-42-03... abusive grinding/polishing of the chrome plate (Maintenance Personnel)""], ""unsafe_decision"": [""The cracked condition was not identified during the 2007 shop visit and the cylinder was returned to service in 2008 (Improper Procedure/Inspection Failure by Maintenance Personnel)"", ""Review of overhaul records revealed that the component experienced multiple plating, stripping, and machining/honing/polishing operations during the overhaul in 2004... The evidence collected during this investigation indicates that the observed discrepant pitting and heat damage conditions were created at that time (Poor Decision/Technique by Maintenance Personnel)""]}",[],success
20100617X02311,[],"{""situational_tech"": [""Equipment Design (Fire protection system wiring malfunction/short circuit in squib test panel L3)""], ""unsafe_decision"": [""Ground maintenance personnel: Performed a 'push to test' on the right sidewall accessory panel (P61) which initiated a short circuit and fire, indicating an improper procedure or failure to verify system integrity before testing.""]}",[],success
20100701X93344,"[{""text"": ""Flight crew's failure to detect and avoid the thunderstorm cell earlier in the flight"", ""role"": ""Captain/First Officer"", ""tier"": ""unsafe_decision""}, {""text"": ""Failure of air traffic controllers to provide the convective weather information to the flight crew as required per FAA Order 7110.65"", ""role"": ""ATC Controllers"", ""tier"": ""unsafe_decision""}]","{""operator_mental"": [""Loss of Situational Awareness (Flight Crew)"", ""Complacency (Flight Crew)""], ""personnel_crm"": [""Failed to Communicate (ATC Personnel)"", ""Failure to Coordinate (Flight Crew)""], ""unsafe_decision"": [""Flight crew's failure to detect and avoid the thunderstorm cell earlier in the flight (Captain/First Officer)"", ""Failure of air traffic controllers to provide the convective weather information to the flight crew as required per FAA Order 7110.65 (ATC Controllers)""]}","[{""subject"": ""unsafe_decision"", ""relation"": ""CO_OCCURS_WITH"", ""object"": ""unsafe_decision"", ""evidence"": ""Contributing to the accident was the flight crew's failure to detect and avoid the thunderstorm cell earlier in the flight, and the failure of air traffic controllers to provide the convective weather information to the flight crew.""}]",success
20100714X63624,[],"{""operator_mental"": [""Complacency (Baggage Handler)""], ""personnel_crm"": [""Failed to Coordinate (Ground Crew/ATC)""], ""unsafe_skill"": [""baggage handler 'made sure that it was locked' by giving the cart a 'push' from the left side""]}",[],success
20100719X80209,[],"{""operator_mental"": [""Complacency (Captain)"", ""Loss of Situational Awareness (Flight Attendant)""], ""personnel_crm"": [""Failed to Communicate (Captain/Flight Deck)""], ""unsafe_decision"": [""Captain: 'seatbelt sign was not illuminated' despite navigating around scattered cloud build-ups and encountering turbulence, leading to unsecured cabin crew""]}",[],success
20100720X43639,[],"{""situational_tech"": [""Equipment Design (Switch failure/defect)""], ""unsafe_decision"": [""Maintenance crew: Failed to identify the root cause of the electrical anomaly (broken wire) during the repair on 9/2/2008, leading to continued operation with a latent defect that eventually caused a fire.""]}",[],success
20100806X53016,[],"{""personnel_readiness"": [""Maintenance organization failed to incorporate known service bulletin requirements (Boeing AMM/Honeywell SB) into their maintenance procedures, resulting in inadequate inspection criteria for carbon brake oxidation""], ""unsafe_decision"": [""United AMM767-32-41-08 Main gear wheel brakes inspection/check dated June 6, 2009 did not contain any inspection criteria for carbon brake oxidation (Maintenance/Operator)""]}",[],success
20100809X75512,[],"{""operator_mental"": [""Loss of Situational Awareness - FAST13 Pilot""], ""situational_tech"": [""Radar System Limitation (Failed to Display Altitude Change) - ATC Controller"", ""Lack of TCAS Equipment - FAST13 Pilot""], ""unsafe_decision"": [""FAST13 began a brief climb to FL286 before returning to FL280 (T-38 pilot)""]}",[],success
20100811X20501,[],"{""operator_mental"": [""Channelized Attention (Captain)""], ""unsafe_skill"": [""Breakdown in Visual Scan (Captain/First Officer)""]}",[],success
20100827X20401,[],"{""operator_mental"": [""Loss of Situational Awareness - First Officer"", ""Complacency - First Officer""], ""situational_tech"": [""Interface Design (Proximity of Speed Brake and Parking Brake Controls) - Aircraft System"", ""Automation/Alerting Logic (ECAM Emergency Cancel Functionality) - Aircraft System""], ""unsafe_skill"": [""Inadvertent Flight Control Use: The first officer inadvertently activated the parking brake at the same time as he activated the speed brakes.""], ""unsafe_decision"": [""Improper Procedure: The first officer used a nonstandard procedure to cancel the airplane's monitoring alert system (ECAM emergency cancel) to preempt autopilot disconnect audio, which inhibited warnings for the in-flight parking brake activation.""]}","[{""subject"": ""unsafe_skill"", ""relation"": ""LEADS_TO"", ""object"": ""unsafe_decision"", ""evidence"": ""The first officer stated that he activated the speed brake. It is likely that the first officer inadvertently activated the parking brake at the same time... and his use of a nonstandard procedure to cancel the airplane's monitoring alert system.""}, {""subject"": ""unsafe_decision"", ""relation"": ""LEADS_TO"", ""object"": ""unsafe_perception"", ""evidence"": ""This action also terminated, in part, most of the visual alert indications associated with the in-flight parking brake activation... The flight crew stated that they were unaware of any indications or warnings related to the parking brake system during flight.""}]",success
20100928X12406,[],"{""situational_tech"": [""Equipment Design (Landing gear door seal wear/jamming mechanism)""], ""unsafe_decision"": [""Maintenance personnel failed to identify and correct the improper positioning/rigging of the MLG door or worn seal during previous maintenance, leading to the jammed condition (implied by 'Improper positioning of the door (possibly due to rigging)' and failure to prevent recurrence after similar event)""]}",[],success
20100930X00358,[],"{""operator_mental"": [""Misinterpretation of checklist note by Captain"", ""Failure to recognize incomplete procedure (Step 9) by Flight Crew""], ""personnel_crm"": [""Inadequate crew coordination during emergency troubleshooting by Flight Crew""], ""unsafe_decision"": [""The captain stated that the notes in the checklist implied to him that the landing gear could come back up if he stowed the manual extension handle... After discussing their interpretation of the note, the flight crew decided to leave the landing gear manual release handle in the extended position and proceeded to land."", ""The captain indicated that he may have initially used the 'Gear UP Disagree' procedure but eventually used the 'Gear DN Disagree' procedure for trouble shooting prior to landing.""]}",[],success
20101006X00507,[],"{""operator_limits"": [""Insufficient Reaction Time - Passenger""], ""unsafe_skill"": [""Passenger lost her balance and fell to the ground""]}",[],success
20101019X33258,[],"{""situational_tech"": [""Equipment Design (Power-assist motor cable lodged in door assembly causing jam)"", ""Interface (Door latch mechanism failure requiring excessive force)""], ""personnel_crm"": [""Failed to Coordinate (Captain and ground personnel did not effectively coordinate the opening procedure, leading to conflicting forces or lack of synchronized action)""], ""unsafe_decision"": [""Captain exerted a large force with his shoulder and was able to get the door to open... The door opened and extended beyond its normal limits (Captain)""]}",[],success
20101027X04916,[],"{""situational_tech"": [""Equipment Design (Manufacturer): The Boeing 757 fuselage crown skin panel was manufactured with a single-step chemical milling process that resulted in nonconforming thickness (0.034-0.035 inch vs 0.039 inch minimum), creating a structural weakness susceptible to fatigue cracking.""], ""unsafe_decision"": [""Manufacturer (Boeing) failed to implement adequate quality control or inspection procedures during the single-step chemical milling process, resulting in skin thickness below specified minimums (0.034-0.035 inch vs 0.037/0.039 inch required), which led to fatigue failure.""]}",[],success
20101103X34855,[],"{""operator_mental"": [""Haste (Ground crew worker)""], ""unsafe_decision"": [""attempted to pull the cart away from the airplane without disconnecting the hose (Ground Crew Worker)""]}",[],success
20101103X44221,[],"{""operator_mental"": [""Complacency (United Airlines driver)"", ""Loss of Situational Awareness (United Airlines driver)""], ""personnel_crm"": [""Failure of Leadership (United Airlines Maintenance Management)"", ""Failed to Coordinate (United Airlines Ground Operations)""], ""unsafe_decision"": [""Driver stated that he put the truck in park, and exited the truck with the engine running... He also stated that he did not apply the parking brake (Ground Vehicle Driver)"", ""The driver had not accomplished a complete user check of the truck at the beginning of his shift, as required by airline policy (Ground Vehicle Driver)""]}","[{""subject"": ""unsafe_decision"", ""relation"": ""LEADS_TO"", ""object"": ""unsafe_violation"", ""evidence"": ""The driver stated that he put the truck in park, and exited the truck with the engine running... He also stated that he did not apply the parking brake.""}, {""subject"": ""unsafe_decision"", ""relation"": ""LEADS_TO"", ""object"": ""unsafe_violation"", ""evidence"": ""The driver had not accomplished a complete user check of the truck at the beginning of his shift, as required by airline policy.""}, {""subject"": ""unsafe_violation"", ""relation"": ""LEADS_TO"", ""object"": ""situational_tech"", ""evidence"": ""The pickup truck driver's failure to follow airport and company policies regarding ground vehicle operations, which allowed for the unattended truck to collide with the airplane.""}, {""subject"": ""unsafe_violation"", ""relation"": ""CO_OCCURS_WITH"", ""object"": ""situational_tech"", ""evidence"": ""Contributing to the accident were the truck's misadjusted shift lever and disconnected parking brake.""}]",success
20101108X84714,[],"{""operator_mental"": [""Loss of Situational Awareness (Captain/First Officer)""], ""unsafe_perception"": [""Breakdown in Visual Scan - Flight Crew""]}",[],success
20101116X51712,[],"{""operator_mental"": [""Loss of Situational Awareness (Pilot-in-Command)""], ""unsafe_skill"": [""Breakdown in Visual Scan (Captain/First Officer)""]}",[],success
20101124X20432,[],"{""operator_mental"": [""Haste (Captain)"", ""Misplaced Motivation (Captain)""], ""personnel_crm"": [""Failed to Coordinate (Tug Driver & Captain)"", ""Failed to Communicate (Tug Driver)""], ""unsafe_decision"": [""Captain started both engines due to a concern that, by starting one engine only, he would encounter control problems taxiing in the slippery conditions"", ""Tug driver began the process of pushing the airplane back... with the larger tug attached, he began the pushback""]}","[{""subject"": ""unsafe_decision"", ""relation"": ""LEADS_TO"", ""object"": ""unsafe_skill"", ""evidence"": ""The captain started both engines due to a concern that, by starting one engine only, he would encounter control problems taxiing in the slippery conditions.""}, {""subject"": ""personnel_readiness"", ""relation"": ""LEADS_TO"", ""object"": ""unsafe_decision"", ""evidence"": ""No guidance existed for either the flight or ground crew regarding pushback procedures in low traction ramp conditions with an inoperative APU.""}, {""subject"": ""unsafe_skill"", ""relation"": ""LEADS_TO"", ""object"": ""situational_tech"", ""evidence"": ""The thrust from the airplane's engines, which were running at idle, exceeded the traction available to the tug.""}]",success
20101130X64248,[],"{""operator_mental"": [""Complacency (Flight Attendant)"", ""Loss of Situational Awareness (Flight Attendant)""], ""personnel_crm"": [""Failed to Coordinate (Captain/Dispatcher)""], ""unsafe_decision"": [""Flight attendant was standing by the forward wardrobe closet and was thrown up into the ceiling... She broke her nose and fractured her left wrist (Crew member failed to remain seated during known turbulence conditions despite seat belt sign being illuminated)""]}",[],success
20101203X60119,[],"{""operator_physical"": [""Medical Illness (Passenger)""], ""personnel_crm"": [""Failed to Coordinate (Gate Agent/Flight Attendant)""], ""unsafe_decision"": [""Passenger decided to deplane without assistance despite having a preexisting condition that limited her mobility""]}",[],success
20101203X90900,[],"{""personnel_crm"": [""Flight attendant failed to secure self and equipment during turbulence""], ""unsafe_decision"": [""Flight Attendant: 'preparing a beverage cart' in the aft cabin during climb-out despite known thunderstorm activity and turbulence risk, failing to secure self or equipment""]}",[],success
20101208X40921,[],"{""operator_mental"": [""Loss of Situational Awareness - First Officer"", ""Complacency - Captain""], ""operator_limits"": [""Inexperience in position - First Officer"", ""Visual Limitation (Night conditions) - First Officer""], ""personnel_crm"": [""Failure of Leadership (Captain accepted inadequate clearance check) - Captain"", ""Failed to Coordinate (Insufficient verification of wingtip clearance) - First Officer""], ""unsafe_perception"": [""The first officer indicated that based on the time of the night, conditions of the field, and the lighting, he thought they had enough clearance to taxi by that regional jet (First Officer)""]}","[{""subject"": ""unsafe_perception"", ""relation"": ""LEADS_TO"", ""object"": ""unsafe_decision"", ""evidence"": ""The first officer indicated that based on the time of the night, conditions of the field, and the lighting, he thought they had enough clearance to taxi by that regional jet.""}, {""subject"": ""unsafe_decision"", ""relation"": ""LEADS_TO"", ""object"": ""unsafe_skill"", ""evidence"": ""The Boeing 747 first officer's failure to maintain clearance from another airplane while taxiing due to his inadequate judgment of the distance between the airplanes.""}]",success
20101220X14621,[],"{""operator_mental"": [""Distraction (Tug operator)"", ""Loss of Situational Awareness (Tug operator)""], ""personnel_crm"": [""Failed to Coordinate (Wing walker and Tug operator)""], ""unsafe_skill"": [""Breakdown in Visual Scan - Tug operator""]}",[],success
20110207X84026,[],"{""operator_mental"": [""Loss of Situational Awareness - Pilot in Command"", ""Complacency - First Officer""], ""personnel_crm"": [""Failed to Coordinate - Flight Crew (Captain and First Officer)""], ""unsafe_decision"": [""The pilots' lack of consideration for developing and known weather conditions en route to and at the destination airport, resulting in a runway excursion (Pilot - Captain)""]}",[],success
20110209X55126,[],"{""operator_mental"": [""Distraction (Captain)"", ""Loss of Situational Awareness (First Officer)""], ""personnel_crm"": [""Failed to Coordinate (Maintenance Technician)""], ""unsafe_skill"": [""The AMT who conducted the preflight engine test stated he does not pull the FDR circuit breaker, he did not remember pulling it, and thought it was depressed, but the readout showed no ground operation prior to the incident (Omitted Checklist Step / Failure to secure recorder)""]}",[],success
20110219X32035,[],"{""personnel_crm"": [""Failed to Coordinate (Flight Attendants not secured/briefed for turbulence)""], ""unsafe_decision"": [""Flight attendants were not secured in their jump seats during the approach phase (6,000 ft MSL) despite the risk of turbulence, leading to injury""]}",[],success
20110222X20316,[],"{""operator_mental"": [""Complacency (Tractor Driver)"", ""Haste (Tractor Driver)""], ""personnel_crm"": [""Failed to Coordinate (Tractor Driver and Flight Crew)""], ""unsafe_skill"": [""The tractor driver said that he checked the tow bar and ascertained that the bypass pin was in place... The tractor driver's failure to confirm that the tow bar head/handle was secured correctly to the airplane.""]}",[],success
20110228X54428,[],"{""operator_mental"": [""Complacency (Captain/First Officer)""], ""personnel_crm"": [""Failed to Coordinate (Flight Attendants)""], ""unsafe_decision"": [""Captain advised flight attendants to finish up their duties early... as the initial and final chimes would be given earlier than the normal 20 and 10 minutes out (Captain)""]}",[],success
20110317X14552,[],"{""operator_mental"": [""Loss of Situational Awareness - Flight Crew"", ""Complacency - Flight Crew""], ""situational_tech"": [""Equipment Design (Fire Detection System) - Maintenance/Manufacturer"", ""Equipment Design (Engine Oil Pump/Bearing) - Manufacturer""], ""unsafe_decision"": [""The flight crew did not shut down the engine following an engine oil pressure master warning, which led to a hard rub inside the engine that served as an ignition point for a titanium fire.""]}","[{""subject"": ""unsafe_decision"", ""relation"": ""LEADS_TO"", ""object"": ""situational_tech"", ""evidence"": ""The flight crew did not shut down the engine... The continued operation without oil flow elevated engine operating temperatures, and the No. 5 engine bearing cavity temperature increased beyond the material properties of the No. 5 bearing seal runner.""}]",success
20110318X05118,[],"{""operator_mental"": [""Distraction (Captain)""], ""situational_tech"": [""Interface (Nosewheel Steering System/Tiller)""], ""unsafe_skill"": [""Inadvertent Flight Control Use (Captain: 'the book may have been in the area of the nosewheel tiller control but was not on the tiller', 'it is possible that the weight of a book engaged the tiller')""]}",[],success
20110323X24235,[],"{""operator_mental"": [""Loss of Situational Awareness (Captain)""], ""situational_tech"": [""Equipment Design (Spoiler-induced pitch-up tendency not adequately anticipated by crew due to system behavior)""], ""unsafe_skill"": [""The captain's failure to control the airplane pitch-up induced by ground spoiler deployment during the go-around (Captain)""]}","[{""subject"": ""unsafe_perception"", ""relation"": ""LEADS_TO"", ""object"": ""unsafe_decision"", ""evidence"": ""It is likely that the crew did not anticipate the spoiler-induced pitch-up after touchdown, which resulted in the tailstrike.""}, {""subject"": ""unsafe_decision"", ""relation"": ""LEADS_TO"", ""object"": ""unsafe_skill"", ""evidence"": ""The captain's failure to control the airplane pitch-up induced by ground spoiler deployment during the go-around.""}]",success
20110328X80923,[],"{""personnel_crm"": [""Dispatch failed to communicate latest convective SIGMET information to the flight crew""], ""unsafe_decision"": [""Dispatch failed to include the latest convective significant meteorological information (SIGMET) 22C for an area of severe thunderstorms, which existed in the immediate vicinity of the upset location""]}",[],success
20110329X33129,[],"{""operator_mental"": [""Complacency (Cabin Crew)"", ""Loss of Situational Awareness (Cabin Crew)""], ""unsafe_decision"": [""Improper latching of the aft galley cart prior to landing (Cabin Crew)""]}",[],success
20110401X24330,[],"{""operator_mental"": [""Loss of Situational Awareness - Flight Attendant A""], ""personnel_readiness"": [""Inadequate Training/Preparation - Manufacturing Personnel""], ""unsafe_decision"": [""Flight attendant A's incorrect assessment of his time of useful consciousness, which led to his failure to follow procedures requiring immediate donning of an oxygen mask when cabin pressure is lost (Cabin Crew)""]}","[{""subject"": ""unsafe_perception"", ""relation"": ""LEADS_TO"", ""object"": ""unsafe_decision"", ""evidence"": ""flight attendant A's incorrect assessment of his time of useful consciousness, which led to his failure to follow procedures requiring immediate donning of an oxygen mask""}]",success
20110404X21934,[],"{""operator_mental"": [""Haste (Captain)"", ""Loss of Situational Awareness (First Officer)"", ""Distraction (Captain)""], ""personnel_crm"": [""Failure of Leadership (Captain)"", ""Failed to Communicate (Captain)"", ""Failed to Coordinate (Flight Crew)""], ""unsafe_skill"": [""Omitted Checklist Step (Captain)"", ""Failed to Prioritize Attention (First Officer)""], ""unsafe_decision"": [""Improper Procedure (Captain)"", ""Poor Decision (Captain)""]}","[{""subject"": ""personnel_crm"", ""relation"": ""LEADS_TO"", ""object"": ""unsafe_decision"", ""evidence"": ""The captain's failure to set the tone in the cockpit and ineffective management of the emergency resulted in neither crewmember fully understanding the situation they were faced with""}, {""subject"": ""personnel_crm"", ""relation"": ""LEADS_TO"", ""object"": ""unsafe_skill"", ""evidence"": ""The flight crew did not adequately transfer control of the airplane \u2013 the first officer did not brief the captain on the status of the airplane and the captain did not brief the status of the emergency procedures""}, {""subject"": ""unsafe_decision"", ""relation"": ""LEADS_TO"", ""object"": ""unsafe_skill"", ""evidence"": ""The captain continued with the Avionics Smoke procedure but did not do so with the necessary thoughtfulness and made several missed steps""}, {""subject"": ""personnel_readiness"", ""relation"": ""LEADS_TO"", ""object"": ""unsafe_decision"", ""evidence"": ""The captain said he knew he would be in direct law with no antiskid or nose wheel steering, but he did not recall telling the first officer this""}]",success
20110406X54825,[],"{""operator_limits"": [""Lack of training on jet bridge operation with deactivated brake system - Gate Agent""], ""situational_tech"": [""Inoperable Emergency Stop button due to deactivated brakes - Jet Bridge Equipment"", ""Deactivated brake system creating unsafe condition - Airport Management/Equipment""], ""unsafe_decision"": [""Gate agent selected incorrect action by attempting to maneuver the jet bridge with the brake system deactivated and emergency stop inoperable, despite observing it being blown toward the airplane"", ""Airport management made an unsafe decision to deactivate the jet bridge braking system for two years without providing adequate alternative safety measures or training""]}","[{""subject"": ""unsafe_decision"", ""relation"": ""LEADS_TO"", ""object"": ""situational_tech"", ""evidence"": ""The airport authorities' improper decision to deactivate the jet bridge braking system which created an unsafe condition by the gate agents not being able to stop the bridge from impacting the airplane during a wind gust.""}, {""subject"": ""unsafe_decision"", ""relation"": ""LEADS_TO"", ""object"": ""personnel_readiness"", ""evidence"": ""They did not receive training on the jet bridge when the brake system was deactivated.""}]",success
20110407X95823,[],"{""situational_tech"": [""Equipment Design (Maintenance/Manufacturing): Inadequate clearance between IDG power cables and hydraulic lines violating installation specifications"", ""Equipment Design (Maintenance/Manufacturing): Fractured hydraulic line support brackets leading to chafing""], ""unsafe_decision"": [""Maintenance/Manufacturing: Installed IDG power feeder cable with clearance of 0.0625 inches from hydraulic line, violating Bombardier wiring installation specifications requiring 2.0 inch separation (or minimum 0.5 inch deflection clearance), leading to chafing and arcing.""]}",[],success
20110412X23201,[],"{""operator_mental"": [""Distraction (A380 Captain checking taxi map)"", ""Loss of Situational Awareness (A380 Flight Crew failing to identify wingtip clearance path)""], ""personnel_crm"": [""Failed to Communicate (CRJ701 Flight Crew not advising ATC of deviation/clearance status)"", ""Failed to Coordinate (A380 Jumpseat Pilot misjudging danger despite seeing CRJ)""], ""unsafe_perception"": [""the two A380 pilots stated that they did not notice the CRJ on M taxiway - Pilot of Air France A380"", ""The A380 captain in the right seat may have been momentarily distracted when he checked his taxi map for an intersection shortly before the collision occurred - Captain (A380)"", ""the A380 pilot in the jumpseat said that he saw the CRJ but did not think there was a danger of collision with it - Jumpseat Pilot (A380)""], ""unsafe_violation"": [""Neither the accident flight crew nor the Comair ramp controller advised ATC that a portion of the airplane was extended onto an active taxiway - Pilot of Comair CRJ701""]}","[{""subject"": ""personnel_readiness"", ""relation"": ""LEADS_TO"", ""object"": ""unsafe_perception"", ""evidence"": ""they did not receive any guidance or training on wingtip clearance in the airplane""}, {""subject"": ""situational_tech"", ""relation"": ""LEADS_TO"", ""object"": ""unsafe_perception"", ""evidence"": ""there was nothing in the airplane to provide an indication of wingtip clearance""}, {""subject"": ""personnel_readiness"", ""relation"": ""CO_OCCURS_WITH"", ""object"": ""situational_tech"", ""evidence"": ""they did not receive any guidance or training on wingtip clearance... there was nothing in the airplane to provide an indication of wingtip clearance""}, {""subject"": ""unsafe_perception"", ""relation"": ""LEADS_TO"", ""object"": ""unsafe_decision"", ""evidence"": ""the A380 flight crew's inability to identify that the wingtip path of their airplane would not maintain safe clearance from the CRJ701""}, {""subject"": ""personnel_readiness"", ""relation"": ""LEADS_TO"", ""object"": ""unsafe_violation"", ""evidence"": ""Neither the accident flight crew nor the Comair ramp controller advised ATC that a portion of the airplane was extended onto an active taxiway""}, {""subject"": ""unsafe_perception"", ""relation"": ""CO_OCCURS_WITH"", ""object"": ""unsafe_violation"", ""evidence"": ""the A380 flight crew's inability to identify that the wingtip path... Contributing to the accident was the failure of the CRJ701 flight crew to advise ATC""}]",success
20110417X11718,[],"{""personnel_crm"": [""Flight attendants failed to coordinate with the flight deck regarding cabin status and readiness for turbulence, continuing prelanding tasks instead of securing themselves as instructed""], ""unsafe_decision"": [""Flight attendants were standing and completing the prelanding requirements at the time, when they were unable to maintain their balance (Flight Attendants)""]}",[],success
20110418X12310,[],"{""personnel_crm"": [""Flight attendants failed to coordinate with flight crew regarding cabin status before entering turbulence"", ""ATC delayed clearance for deviation, contributing to the encounter""], ""personnel_readiness"": [""American Airlines dispatch provided a weather package that did not forecast turbulence or include SIGMETs despite known frontal activity""], ""unsafe_decision"": [""Flight Attendants: 'working in the cabin' and 'washing her hands' despite 'seatbelt signs were still illuminated from takeoff', leading to injuries during severe turbulence""]}",[],success
20110426X03427,[],"{""operator_physical"": [""Physiological Incapacitation - Flight Attendant""], ""unsafe_skill"": [""Flight attendant placed her right foot too close to her left foot, she stepped on her right foot and lost her balance""]}",[],success
20110426X53639,"[{""text"": ""Flight Crew"", ""role"": ""Pilot"", ""tier"": ""unsafe_skill""}, {""text"": ""Flight Crew"", ""role"": ""Pilot"", ""tier"": ""unsafe_decision""}]","{""operator_mental"": [""Distraction (Flight Crew)"", ""Task Saturation (Flight Crew)"", ""Loss of Situational Awareness (Flight Crew)""], ""personnel_crm"": [""Failed to Coordinate (Flight Crew)"", ""Failure of Leadership (Captain)""], ""unsafe_skill"": [""Omitted Checklist Step: The narrative states, 'No mention of speedbrakes or the Before Landing checklist is heard on the cockpit voice recording... data from the flight data recorder (FDR) indicate that the speedbrakes were not armed.' This omission was committed by the Flight Crew."", ""Failed to Prioritize Attention: The narrative notes, 'Contributing to the delay in deployment of these stopping devices was the flight crew's inadequate monitoring of the airplane's configuration after touchdown, likely as a result of being distracted by a perceived lack of wheel braking effectiveness.' This failure to monitor critical systems (speedbrakes/reversers) during rollout was committed by the Flight Crew.""], ""unsafe_decision"": [""Improper Procedure: The narrative states, 'The flight crew's omission of the Before Landing checklist... as a result of workload and operational distractions.' Additionally, the crew initially briefed and loaded the wrong approach procedure ('RNAV GPS Z' instead of 'RNP Y'), leading to confusion and extra workload. These procedural deviations were committed by the Flight Crew.""]}","[{""subject"": ""unsafe_decision"", ""relation"": ""LEADS_TO"", ""object"": ""unsafe_skill"", ""evidence"": ""Contributing to the incident was the flight crew's omission of the Before Landing checklist, which includes an item to verify speedbrake arming before touchdown... The automatic speedbrakes were not armed and, therefore, would not deploy upon touchdown without crew action.""}]",success
20110502X93814,[],"{""operator_mental"": [""Expectation/Assumption (Captain assumed V1 callout indicated Vr)"", ""Loss of Situational Awareness (First Officer failed to monitor airspeed against correct rotation speed)""], ""personnel_crm"": [""Failed to Communicate (First Officer did not intervene or correct the Captain's early rotation due to fear of confusion)"", ""Failure of Leadership (Captain accepted erroneous automated callout without cross-checking with First Officer)""], ""unsafe_skill"": [""Keystroke entry error by the FO when manually entering takeoff data (First Officer)""], ""unsafe_decision"": [""Captain began to rotate the airplane upon hearing the V1 callout, assuming it was Vr, despite indicated airspeed being too low (Captain)"", ""FO observed the captain rotate for takeoff at an incorrect speed but said nothing to the captain for fear of causing confusion (First Officer)""]}","[{""subject"": ""unsafe_skill"", ""relation"": ""LEADS_TO"", ""object"": ""unsafe_decision"", ""evidence"": ""The erroneous automated callout was likely due to a keystroke entry error by the FO when manually entering takeoff data... Contributing to early rotation was the Captain's reaction to the erroneous V1 automated callout""}, {""subject"": ""unsafe_decision"", ""relation"": ""LEADS_TO"", ""object"": ""operator_limits"", ""evidence"": ""The airplane pitched up to about 11 degrees just prior to liftoff... The manual also states that 'Early, rapid or over-rotation may result in a tailstrike.'""}]",success
20110510X84704,[],"{""personnel_crm"": [""Failure of Maintenance/Operations to Coordinate Ramp Inspection with Flight Operations (Maintenance Crew)""], ""unsafe_decision"": [""The failure of the airport maintenance/operations personnel to detect and repair the large void (6 feet deep, 20 feet across) beneath the ramp surface before allowing aircraft operations in that area.""]}",[],success
20110510X01046,[],"{""operator_mental"": [""Complacency (Flight Crew)"", ""Channelized Attention (First Officer)""], ""situational_tech"": [""Equipment Design/Interface Limitations (Weather Radar) (Flight Crew)""], ""unsafe_decision"": [""The seatbelt sign was turned off at FL320... The flight crew received no weather updates from Air Traffic Control, no pilot reports (PIREPS)... the flight crew was not actively manipulating the aircraft radar at the time of the event given the lack of severe weather indications (Flight Crew)""]}",[],success
20110513X41407,[],"{""operator_mental"": [""Loss of Situational Awareness - Captain (B737-700)"", ""Channelized Attention - Captain (B737-700)""], ""personnel_crm"": [""Failed to Coordinate - Captain (B737-800) and Ramp Tower"", ""Misinterpretation of Traffic Calls - Captain (B737-700)""], ""unsafe_skill"": [""The captain of the B737-700 was concerned with the clearance between his left wingtip and the tail and the right wingtip of the B737-800. While shifting his attention between his wingtip and the B-737-800, he felt the shudder as the upper part of B737-700 left winglet contacted the outer part of the B737-800 right elevator.""]}",[],success
